stage_id,group_id,spot_mod,ui_theme,battle_time,mod_value,monster_count,use_intro_scene,wave_repeat,point_data,point_data_fly,background_name,theme,theme_time,stage_info_bg,close_monster_count,mid_monster_count,far_monster_count,target_list/0/name,target_list/0/value,wave_data/0/wave_path,wave_data/0/private_monster_count,wave_data/1/wave_path,wave_data/1/private_monster_count,wave_data/2/wave_path,wave_data/2/private_monster_count,wave_data/3/wave_path,wave_data/3/private_monster_count,wave_data/4/wave_path,wave_data/4/private_monster_count,wave_data/5/wave_path,wave_data/5/private_monster_count,wave_data/6/wave_path,wave_data/6/private_monster_count,wave_data/7/wave_path,wave_data/7/private_monster_count,wave_data/8/wave_path,wave_data/8/private_monster_count,wave_data/9/wave_path,wave_data/9/private_monster_count,wave_data/0/wave_monster_list/0/wave_monster_id,wave_data/0/wave_monster_list/0/spawn_type,wave_data/0/wave_monster_list/1/wave_monster_id,wave_data/0/wave_monster_list/1/spawn_type,wave_data/0/wave_monster_list/2/wave_monster_id,wave_data/0/wave_monster_list/2/spawn_type,wave_data/0/wave_monster_list/3/wave_monster_id,wave_data/0/wave_monster_list/3/spawn_type,wave_data/1/wave_monster_list/0/wave_monster_id,wave_data/1/wave_monster_list/0/spawn_type,wave_data/1/wave_monster_list/1/wave_monster_id,wave_data/1/wave_monster_list/1/spawn_type,wave_data/1/wave_monster_list/2/wave_monster_id,wave_data/1/wave_monster_list/2/spawn_type,wave_data/1/wave_monster_list/3/wave_monster_id,wave_data/1/wave_monster_list/3/spawn_type,wave_data/2/wave_monster_list/0/wave_monster_id,wave_data/2/wave_monster_list/0/spawn_type,wave_data/2/wave_monster_list/1/wave_monster_id,wave_data/2/wave_monster_list/1/spawn_type,wave_data/2/wave_monster_list/2/wave_monster_id,wave_data/2/wave_monster_list/2/spawn_type,wave_data/2/wave_monster_list/3/wave_monster_id,wave_data/2/wave_monster_list/3/spawn_type,wave_data/3/wave_monster_list/0/wave_monster_id,wave_data/3/wave_monster_list/0/spawn_type,wave_data/3/wave_monster_list/1/wave_monster_id,wave_data/3/wave_monster_list/1/spawn_type,wave_data/3/wave_monster_list/2/wave_monster_id,wave_data/3/wave_monster_list/2/spawn_type,wave_data/3/wave_monster_list/3/wave_monster_id,wave_data/3/wave_monster_list/3/spawn_type,wave_data/4/wave_monster_list/0/wave_monster_id,wave_data/4/wave_monster_list/0/spawn_type,wave_data/4/wave_monster_list/1/wave_monster_id,wave_data/4/wave_monster_list/1/spawn_type,wave_data/4/wave_monster_list/2/wave_monster_id,wave_data/4/wave_monster_list/2/spawn_type,wave_data/4/wave_monster_list/3/wave_monster_id,wave_data/4/wave_monster_list/3/spawn_type,wave_data/5/wave_monster_list/0/wave_monster_id,wave_data/5/wave_monster_list/0/spawn_type,wave_data/5/wave_monster_list/1/wave_monster_id,wave_data/5/wave_monster_list/1/spawn_type,wave_data/5/wave_monster_list/2/wave_monster_id,wave_data/5/wave_monster_list/2/spawn_type,wave_data/5/wave_monster_list/3/wave_monster_id,wave_data/5/wave_monster_list/3/spawn_type,wave_data/6/wave_monster_list/0/wave_monster_id,wave_data/6/wave_monster_list/0/spawn_type,wave_data/6/wave_monster_list/1/wave_monster_id,wave_data/6/wave_monster_list/1/spawn_type,wave_data/6/wave_monster_list/2/wave_monster_id,wave_data/6/wave_monster_list/2/spawn_type,wave_data/6/wave_monster_list/3/wave_monster_id,wave_data/6/wave_monster_list/3/spawn_type,wave_data/7/wave_monster_list/0/wave_monster_id,wave_data/7/wave_monster_list/0/spawn_type,wave_data/7/wave_monster_list/1/wave_monster_id,wave_data/7/wave_monster_list/1/spawn_type,wave_data/7/wave_monster_list/2/wave_monster_id,wave_data/7/wave_monster_list/2/spawn_type,wave_data/7/wave_monster_list/3/wave_monster_id,wave_data/7/wave_monster_list/3/spawn_type,wave_data/8/wave_monster_list/0/wave_monster_id,wave_data/8/wave_monster_list/0/spawn_type,wave_data/8/wave_monster_list/1/wave_monster_id,wave_data/8/wave_monster_list/1/spawn_type,wave_data/8/wave_monster_list/2/wave_monster_id,wave_data/8/wave_monster_list/2/spawn_type,wave_data/8/wave_monster_list/3/wave_monster_id,wave_data/8/wave_monster_list/3/spawn_type,wave_data/9/wave_monster_list/0/wave_monster_id,wave_data/9/wave_monster_list/0/spawn_type,wave_data/9/wave_monster_list/1/wave_monster_id,wave_data/9/wave_monster_list/1/spawn_type,wave_data/9/wave_monster_list/2/wave_monster_id,wave_data/9/wave_monster_list/2/spawn_type,wave_data/9/wave_monster_list/3/wave_monster_id,wave_data/9/wave_monster_list/3/spawn_type
6220501,wave_tower_elysion_007,Campaign,None,90,0,5,True,False,point_grd_tower_002,point_fly_tower_002,sbg_tower_002,Tower,Elysion,ibg_tower_001,30,12,0,target_list,-974957185.0,path_grd_close_small_001,-1,path_grd_close_special_024,4,path_fly_mid_small_050,6,path_grd_close_elite1_801,0,path_grd_mid_small_043,-1,,-1,,-1,,-1,,-1,,-1,-2074947185,Drop,-2074947185,Drop,-2074947185,Dash,-2074947185,Dash,1220040111,Drop,1120010111,Drop,1120010111,Drop,1320040211,Drop,-2084947185,Dash,-2084947185,Dash,-2084947185,Dash,-1084937185,Dash,-1074927185,Dash,-1074927185,Dash,-1074927185,Drop,-974957185,Drop,-1074917185,Dash,-1074917185,Dash,-1074917185,Dash,-1074917185,Dash,0,None,0,None,0,None,0,None,0,None,0,None,0,None,0,None,0,None,0,None,0,None,0,None,0,None,0,None,0,None,0,None,0,None,0,None,0,None,0,None
6220502,wave_tower_elysion_007,Campaign,None,90,0,7,True,False,point_grd_tower_004,point_fly_tower_004,sbg_tower_004,Tower,Elysion,ibg_tower_001,18,30,0,target_list,-974887185.0,path_fly_mid_small_030,-1,path_grd_mid_small_043,-1,path_grd_mid_elite1_802,6,path_grd_close_small_042,12,path_grd_close_small_013,0,path_grd_mid_elite1_802,7,path_fly_close_small_029,9,,-1,,-1,,-1,-2084957185,Drop,-2084957185,Drop,-2084957185,Drop,-1084927185,Drop,-2074947185,Dash,1220050111,Dash,-1074937185,Dash,1220050111,Dash,-2074947185,Jump,-2074947185,Jump,-1074937185,Drop,-974887085,Drop,-2074947185,Dash,1220050111,Dash,-1074937185,Dash,1220050111,Dash,-2074947185,Dash,-2074947185,Dash,-2074947185,Dash,-1974957085,Dash,-1074937185,Dash,-1074937185,Dash,1220050111,Drop,-974887185,Drop,-2084957185,Dash,-2084957185,Dash,-2084957185,Dash,-1084927185,Dash,0,None,0,None,0,None,0,None,0,None,0,None,0,None,0,None,0,None,0,None,0,None,0,None
6220503,wave_tower_elysion_007,Campaign,None,90,0,7,True,False,point_grd_tower_001,point_fly_tower_001,sbg_tower_001,Tower,Elysion,ibg_tower_001,0,21,21,target_list,-974947185.0,path_grd_mid_small_002,-1,path_grd_mid_elite1_802,5,path_grd_far_small_044,8,path_grd_far_elite2_809,0,path_grd_mid_small_043,8,path_grd_far_small_044,8,,-1,,-1,,-1,,-1,-1074917185,Dash,-1074917185,Dash,-1074917185,Dash,-1074917185,Dash,-1074917185,Dash,-1074917185,Dash,-1074897185,Drop,-974917085,Drop,-1074897185,Drop,-1074897185,Drop,-1074897185,Drop,-1074897185,Drop,1120010111,Drop,-1074917185,Drop,-974917085,Drop,-974947185,Drop,-1074917185,Drop,-1074897185,Drop,-1074917185,Drop,-1074897185,Drop,-1074897185,Drop,-1074917185,Drop,-1074897185,Drop,-1074917185,Drop,0,None,0,None,0,None,0,None,0,None,0,None,0,None,0,None,0,None,0,None,0,None,0,None,0,None,0,None,0,None,0,None
6220504,wave_tower_elysion_007,Defense,None,90,20,7,True,True,point_grd_tower_002_rightclear,point_fly_tower_002_rightclear,sbg_tower_002_rightclear,Tower,Elysion,ibg_tower_defense_001,15,36,21,,,path_grd_close_elite1_801,-1,path_fly_mid_small_005,12,path_grd_close_small_048,-1,path_grd_far_small_033,-1,path_grd_mid_elite2_805,3,path_fly_mid_small_005,-1,path_grd_far_special_063,-1,path_grd_mid_small_075,10,path_grd_mid_elite2_805,-1,,-1,-1074917185,Dash,1120010111,Dash,-2074917185,Drop,-1974917085,Drop,-2084947185,Drop,-2084947185,Drop,-2084947185,Drop,-2084947185,Drop,-1074917185,Dash,-1074947185,Jump,1120010111,Dash,-1074947185,Jump,-1074917185,Jump,1120010111,Jump,-1074917185,Jump,-1074947185,Dash,-1074917185,Jump,1120010111,Dash,-974957085,Jump,-974957185,Normal,-2084947185,Dash,-2084947185,Dash,-2084947185,Dash,-1984937085,Drop,1120010111,Jump,1120010111,Jump,-1074917185,Dash,-2074927185,Dash,-1074917185,Dash,-1074917185,Dash,1120010111,Dash,1120010111,Dash,-1074917185,Dash,-1074947185,Drop,-1974957085,Dash,-1974957085,Jump,0,None,0,None,0,None,0,None
6220505,wave_tower_elysion_007,Campaign,None,90,0,5,True,False,point_grd_tower_003,point_fly_tower_003,sbg_tower_003,Tower,Elysion,ibg_tower_001,0,30,12,target_list,-1984947185.0,path_fly_mid_small_039,-1,path_grd_mid_special_025,7,path_grd_far_small_044,7,path_fly_mid_elite1_802,0,path_grd_far_small_071,7,,-1,,-1,,-1,,-1,,-1,1210020111,Dash,1210020111,Dash,1210020111,Dash,1210020111,Dash,-1174957185,Jump,-1174957185,Jump,1220030111,Drop,1320010211,Drop,1220030111,Dash,1220030111,Dash,-1074897185,Dash,-1074897185,Dash,1210020111,Dash,1210020111,Dash,-1084937185,Drop,-1984947185,Drop,1220030111,Jump,1220030111,Jump,1220030111,Jump,-2074927185,Jump,0,None,0,None,0,None,0,None,0,None,0,None,0,None,0,None,0,None,0,None,0,None,0,None,0,None,0,None,0,None,0,None,0,None,0,None,0,None,0,None
6220506,wave_tower_elysion_007,Campaign,None,90,0,5,True,False,point_grd_tower_004,point_fly_tower_004,sbg_tower_004,Tower,Elysion,ibg_tower_001,0,39,6,target_list,-974927185.0,path_grd_far_small_053,-1,path_grd_mid_elite1_802,6,path_fly_mid_small_050,-1,path_grd_mid_elite2_808,0,path_fly_mid_special_016,6,,-1,,-1,,-1,,-1,,-1,1220060111,Dash,1220060111,Dash,1220060111,Dash,-1074947185,Dash,-1074917185,Jump,-1074917185,Jump,-2074917185,Drop,-974927085,Drop,-2084957185,Drop,-2084957185,Drop,-2084957185,Drop,1210040111,Drop,-1074917185,Jump,-1074917185,Jump,-974927085,Drop,-974927185,Drop,-2084957185,Drop,2110010111,Drop,-2084957185,Drop,1210040111,Drop,0,None,0,None,0,None,0,None,0,None,0,None,0,None,0,None,0,None,0,None,0,None,0,None,0,None,0,None,0,None,0,None,0,None,0,None,0,None,0,None
6220507,wave_tower_elysion_007,Campaign,None,90,0,7,True,False,point_grd_tower_003,point_fly_tower_003,sbg_tower_003,Tower,Elysion,ibg_tower_001,0,48,0,target_list,1320060111.0,path_fly_mid_small_036,-1,path_grd_mid_elite1_802,7,path_grd_mid_small_058,7,path_fly_mid_small_030,8,path_fly_mid_small_050,0,path_grd_mid_elite1_802,-1,path_grd_mid_small_012,5,,-1,,-1,,-1,-2084957185,Dash,-2084957185,Dash,-2084957185,Jump,-1084937185,Jump,-2074937185,Dash,-2074937185,Dash,-1074947185,Dash,-1974917085,Jump,-2074957185,Dash,-1074917185,Dash,-1074917185,Dash,-2074927185,Dash,1210010111,Dash,1210010111,Dash,-1084937185,Drop,1210010111,Dash,1210030111,Jump,1210030111,Jump,1210030111,Jump,-1984917085,Jump,-2074937185,Jump,-2074937185,Jump,-2074927185,Drop,1320060111,Drop,1220060111,Dash,1220060111,Dash,1220060111,Dash,1220060111,Dash,0,None,0,None,0,None,0,None,0,None,0,None,0,None,0,None,0,None,0,None,0,None,0,None
6220508,wave_tower_elysion_007,Campaign,None,90,0,7,True,False,point_grd_tower_001,point_fly_tower_001,sbg_tower_001,Tower,Elysion,ibg_tower_001,0,39,0,target_list,-1974957185.0,path_grd_mid_small_002,-1,path_grd_mid_small_012,5,path_grd_mid_small_034,10,path_grd_mid_elite2_805,0,path_fly_mid_small_008,8,path_grd_mid_small_037,-1,,-1,,-1,,-1,,-1,-1074927185,Jump,-1074927185,Jump,-1074927185,Jump,-1074927185,Jump,-1074927185,Dash,-2074957185,Dash,-1074927185,Dash,-1974957085,Dash,-974887085,Drop,-2074957185,Drop,-1074927185,Drop,-1074927185,Drop,-1074927185,Drop,-2074957185,Drop,-974887085,Drop,-1974957185,Drop,-1074927185,Jump,-1074927185,Jump,-2074957185,Jump,-2074957185,Jump,-1074927185,Jump,-2074957185,Jump,-1074927185,Jump,-2074957185,Jump,0,None,0,None,0,None,0,None,0,None,0,None,0,None,0,None,0,None,0,None,0,None,0,None,0,None,0,None,0,None,0,None
6220509,wave_tower_elysion_007,Defense,None,90,20,8,True,True,point_grd_tower_002_rightclear,point_fly_tower_002_rightclear,sbg_tower_002_rightclear,Tower,Elysion,ibg_tower_defense_001,12,60,0,,,path_grd_mid_elite1_802,-1,path_grd_close_small_067,12,path_grd_mid_special_025,10,path_fly_close_small_004,-1,path_grd_mid_elite2_805,3,path_fly_mid_small_030,12,path_fly_mid_small_005,-1,path_grd_mid_small_076,10,path_fly_mid_elite2_808,-1,,-1,1220060111,Normal,1220060111,Normal,-2074927185,Drop,1320060211,Drop,-1074917185,Dash,-1074917185,Dash,-1074947185,Normal,-1074947185,Normal,2120010111,Jump,2120010111,Jump,1220060111,Dash,-2074927185,Dash,-2084947185,Drop,-2084947185,Drop,-2084947185,Drop,-2084947185,Drop,-1074917185,Drop,-1074917185,Drop,1320060211,Drop,1320060111,Normal,-2084947185,Drop,-2084947185,Drop,-2084947185,Drop,-1984937085,Dash,-2084947185,Dash,-2084947185,Dash,-2084947185,Dash,-2084947185,Dash,-1074917185,Jump,-1074917185,Jump,-2074927185,Jump,-2074927185,Jump,1210020111,Drop,1210020111,Drop,-984917085,Drop,-984917085,Drop,0,None,0,None,0,None,0,None
6220510,wave_tower_elysion_007,Campaign,None,180,0,6,False,False,point_grd_tower_003,point_fly_tower_003,sbg_tower_003_midclear,Tower,Elysion,ibg_tower_001,12,37,0,target_list,1420010211.0,path_grd_mid_centurion_901,-1,path_grd_close_small_060,-1,path_grd_mid_special_065,4,path_fly_mid_elite3_814,3,path_grd_mid_small_075,-1,path_grd_mid_small_002,-1,path_fly_close_small_023,4,,-1,,-1,,-1,1420010211,Normal,0,None,0,None,0,None,1220040111,Dash,1220040111,Dash,1220040111,Dash,1220040111,Dash,-1174957185,Jump,-1174957185,Jump,-1174957185,Jump,-2074937185,Jump,1110010111,Drop,1110010111,Dash,1110010111,Dash,1310010211,Drop,-1074957185,Jump,-1074957185,Jump,-1074957185,Jump,-1074957185,Jump,-1074937185,Normal,-1074937185,Normal,-1074937185,Normal,-1074937185,Normal,-2084947185,Dash,-2084947185,Dash,-2084947185,Dash,1310040211,Dash,0,None,0,None,0,None,0,None,0,None,0,None,0,None,0,None,0,None,0,None,0,None,0,None
6220511,wave_tower_elysion_007,Campaign,None,90,0,5,True,False,point_grd_tower_005,point_fly_tower_005,sbg_tower_005,Tower,Elysion,ibg_tower_001,6,36,0,target_list,-974957155.0,path_grd_mid_small_002,-1,path_grd_mid_special_025,6,path_fly_mid_small_024,6,path_grd_mid_elite1_802,0,path_grd_close_small_072,8,,-1,,-1,,-1,,-1,,-1,-1074917155,Dash,-1074917155,Dash,-1074917155,Drop,-1074917155,Drop,-1074927155,Drop,2120010141,Drop,2120010141,Drop,-974957055,Drop,-1084957155,Drop,-1084957155,Drop,-1084957155,Drop,-1084937155,Drop,-1074917155,Dash,-1074917155,Dash,-1074917155,Drop,-974957155,Drop,-2074947155,Dash,-2074947155,Dash,-2074947155,Dash,-2074927155,Dash,0,None,0,None,0,None,0,None,0,None,0,None,0,None,0,None,0,None,0,None,0,None,0,None,0,None,0,None,0,None,0,None,0,None,0,None,0,None,0,None
6220512,wave_tower_elysion_007,Campaign,None,90,0,5,True,False,point_grd_tower_005,point_fly_tower_005,sbg_tower_005,Tower,Elysion,ibg_tower_001,0,24,12,target_list,1320060141.0,path_grd_far_small_059,-1,path_grd_mid_elite1_802,7,path_fly_mid_small_005,-1,path_grd_mid_elite1_802,0,path_grd_far_small_074,10,,-1,,-1,,-1,,-1,,-1,-1074927155,Dash,-1074927155,Dash,-1074927155,Dash,-2074927155,Dash,-1074927155,Drop,-1074927155,Drop,1220050141,Dash,1320060241,Dash,-1084947155,Dash,-1084947155,Dash,-1084937155,Dash,-984917055,Dash,-1074927155,Dash,-1074927155,Dash,-2074927155,Drop,-1974937055,Drop,-1074927155,Dash,-2074927155,Dash,-1074927155,Dash,1320060141,Dash,0,None,0,None,0,None,0,None,0,None,0,None,0,None,0,None,0,None,0,None,0,None,0,None,0,None,0,None,0,None,0,None,0,None,0,None,0,None,0,None
6220513,wave_tower_elysion_007,Campaign,None,90,0,7,True,False,point_grd_tower_001,point_fly_tower_001,sbg_tower_001,Tower,Elysion,ibg_tower_001,0,42,0,target_list,-984947155.0,path_grd_mid_small_002,-1,path_fly_mid_elite2_808,5,path_grd_mid_small_043,10,path_fly_mid_elite3_811,0,path_grd_mid_small_052,10,path_fly_mid_small_002,-1,,-1,,-1,,-1,,-1,1220010141,Dash,1220010141,Dash,1220010141,Dash,1220010141,Dash,-2084947155,Dash,1210010141,Dash,-984947055,Drop,-984947055,Drop,1220010141,Dash,1220010141,Dash,1220010141,Dash,1220010141,Dash,-2084947155,Dash,-984947055,Drop,-984947055,Drop,-984947155,Drop,1220010141,Jump,1220010141,Jump,1220010141,Drop,1220010141,Drop,-2084947155,Dash,-2084947155,Dash,1210010141,Dash,1210010141,Dash,0,None,0,None,0,None,0,None,0,None,0,None,0,None,0,None,0,None,0,None,0,None,0,None,0,None,0,None,0,None,0,None
6220514,wave_tower_elysion_007,Campaign,None,90,0,7,True,False,point_grd_tower_004,point_fly_tower_004,sbg_tower_004,Tower,Elysion,ibg_tower_001,0,45,0,target_list,-1974907155.0,path_grd_mid_small_008,-1,path_grd_mid_elite1_802,6,path_grd_mid_small_058,10,path_grd_mid_elite1_802,0,path_fly_mid_elite1_802,8,path_grd_mid_small_049,8,,-1,,-1,,-1,,-1,-1074937155,Drop,-1074937155,Drop,-1074937155,Drop,-1074937155,Drop,-1074937155,Dash,-1074937155,Dash,-1074907155,Dash,-1974907055,Drop,-1074907155,Drop,-1074947155,Drop,-1074907155,Drop,-1074947155,Drop,-1074937155,Dash,-1074937155,Dash,-1074907155,Dash,-1974907155,Drop,-1084947155,Dash,-1084947155,Dash,-1084947155,Dash,-1984917055,Drop,-1074937155,Drop,-1074907155,Drop,-1074907155,Drop,-1074907155,Drop,0,None,0,None,0,None,0,None,0,None,0,None,0,None,0,None,0,None,0,None,0,None,0,None,0,None,0,None,0,None,0,None
6220515,wave_tower_elysion_007,Defense,None,90,20,8,True,True,point_grd_tower_002_rightclear,point_fly_tower_002_rightclear,sbg_tower_002_rightclear,Tower,Elysion,ibg_tower_defense_001,24,63,0,,,path_grd_mid_elite1_802,-1,path_fly_close_small_041,12,path_grd_mid_special_025,-1,path_grd_close_small_036,-1,path_grd_mid_elite2_805,2,path_grd_close_small_036,-1,path_fly_mid_special_047,10,path_grd_mid_small_075,10,path_fly_close_small_001,-1,path_fly_mid_elite2_805,10,-2074957155,Dash,-2074957155,Dash,-2074957155,Dash,1320030241,Normal,-2084947155,Drop,-2084947155,Drop,-2084947155,Drop,-1084927155,Drop,-2074957155,Jump,1120010141,Jump,1220050141,Drop,-2074927155,Jump,1220050141,Drop,1220050141,Drop,1220050141,Drop,1220050141,Drop,-2074957155,Jump,1120010141,Dash,-1974917055,Drop,-1974917155,Normal,1220050141,Jump,1220050141,Jump,1220050141,Jump,-1974927055,Normal,-1184957155,Dash,-1184957155,Dash,-1084927155,Drop,-1084937155,Drop,-2074957155,Dash,-2074957155,Dash,-2074957155,Dash,-2074927155,Dash,-1084927155,Drop,-1084927155,Drop,-1084927155,Drop,-1084927155,Drop,-2074957155,Drop,-2074957155,Drop,-1974917055,Normal,-974897055,Drop
6220516,wave_tower_elysion_007,Campaign,None,90,0,5,True,False,point_grd_tower_004,point_fly_tower_004,sbg_tower_004,Tower,Elysion,ibg_tower_001,30,12,0,target_list,1310020141.0,path_fly_mid_small_018,-1,path_fly_close_special_046,6,path_grd_close_small_013,6,path_fly_close_elite1_801,0,path_fly_mid_small_050,7,,-1,,-1,,-1,,-1,,-1,-1084957155,Drop,-1084957155,Drop,-1084957155,Dash,-1084957155,Dash,-2084957155,Drop,1110010141,Drop,1110010141,Drop,1310030241,Drop,1220020141,Dash,1220020141,Dash,1220020141,Dash,1220020141,Dash,-1084957155,Dash,-1084957155,Dash,-2084957155,Drop,1310020141,Drop,-2084957155,Dash,-2084957155,Dash,-2084957155,Dash,-1084937155,Dash,0,None,0,None,0,None,0,None,0,None,0,None,0,None,0,None,0,None,0,None,0,None,0,None,0,None,0,None,0,None,0,None,0,None,0,None,0,None,0,None
6220517,wave_tower_elysion_007,Campaign,None,90,0,5,True,False,point_grd_tower_005,point_fly_tower_005,sbg_tower_005,Tower,Elysion,ibg_tower_001,0,33,0,target_list,-974937155.0,path_grd_mid_small_040,-1,path_fly_mid_small_005,7,path_fly_mid_small_050,7,path_fly_mid_elite1_802,0,path_grd_mid_small_043,7,,-1,,-1,,-1,,-1,,-1,1220060141,Dash,1220060141,Dash,1220060141,Dash,1220060141,Dash,1210020141,Dash,1210020141,Dash,1210020141,Dash,1210040141,Dash,1210030141,Dash,1210030141,Dash,1210030141,Dash,1210040141,Dash,-1084957155,Dash,-1084957155,Dash,1210010141,Drop,1310010241,Drop,-2074937155,Jump,-1074947155,Jump,-2074937155,Jump,-974937155,Dash,0,None,0,None,0,None,0,None,0,None,0,None,0,None,0,None,0,None,0,None,0,None,0,None,0,None,0,None,0,None,0,None,0,None,0,None,0,None,0,None
6220518,wave_tower_elysion_007,Campaign,None,90,0,7,True,False,point_grd_tower_005,point_fly_tower_005,sbg_tower_005,Tower,Elysion,ibg_tower_001,0,42,0,target_list,-1984927155.0,path_grd_mid_small_002,-1,path_fly_mid_elite1_802,6,path_fly_mid_small_005,8,path_fly_mid_elite2_805,0,path_grd_mid_small_043,10,path_fly_mid_small_024,-1,,-1,,-1,,-1,,-1,-1074957155,Jump,-1074957155,Jump,-1074957155,Jump,-1074957155,Jump,-1084957155,Dash,-1084957155,Dash,1210040141,Drop,-1984927055,Drop,-1084957155,Dash,-1084957155,Dash,-1084957155,Dash,-1084957155,Dash,-1084957155,Dash,-1084957155,Dash,-1984907055,Drop,-1984927155,Drop,-1074957155,Jump,-1074957155,Jump,-1074957155,Jump,-1074957155,Jump,-1084957155,Dash,-1084957155,Dash,-1084957155,Dash,-1084957155,Dash,0,None,0,None,0,None,0,None,0,None,0,None,0,None,0,None,0,None,0,None,0,None,0,None,0,None,0,None,0,None,0,None
6220519,wave_tower_elysion_007,Defense,None,90,20,8,True,True,point_grd_tower_002_rightclear,point_fly_tower_002_rightclear,sbg_tower_002_rightclear,Tower,Elysion,ibg_tower_defense_001,12,54,6,,,path_grd_mid_elite1_802,-1,path_grd_close_small_014,10,path_fly_mid_small_050,-1,path_grd_mid_elite2_808,4,path_fly_far_small_028,10,path_grd_close_small_051,8,path_fly_mid_small_050,-1,path_grd_mid_small_076,4,path_grd_mid_elite1_802,10,path_fly_mid_elite1_802,-1,-2074957155,Jump,-2074957155,Jump,-2074957155,Jump,1320030241,Jump,-2074957155,Dash,-2074957155,Dash,-2074957155,Dash,-1074887155,Drop,1210020141,Dash,1210020141,Dash,1210020141,Dash,1210040141,Normal,-2074957155,Drop,-2074957155,Drop,1320030241,Drop,-1074887155,Drop,1210020141,Dash,1210020141,Dash,1210020141,Dash,1310020241,Dash,-2074957155,Drop,-2074957155,Drop,-1074887155,Drop,-1074887155,Drop,1210020141,Dash,1210020141,Dash,1210020141,Dash,1210040141,Normal,1220060141,Drop,1220060141,Drop,1220060141,Drop,-1074887155,Drop,-2074957155,Drop,-2074957155,Drop,-1074887155,Drop,1320030241,Drop,1210020141,Dash,1210020141,Dash,1210020141,Dash,1310020241,Dash
6220520,wave_tower_elysion_007,Campaign,None,180,0,5,False,False,point_grd_tower_003,point_fly_tower_003,sbg_tower_003_midclear,Tower,Elysion,ibg_tower_001,0,0,1,target_list,-884937155.0,path_fly_mid_centurion_901,-1,,-1,,-1,,-1,,-1,,-1,,-1,,-1,,-1,,-1,-884937155,Drop,0,None,0,None,0,None,0,None,0,None,0,None,0,None,0,None,0,None,0,None,0,None,0,None,0,None,0,None,0,None,0,None,0,None,0,None,0,None,0,None,0,None,0,None,0,None,0,None,0,None,0,None,0,None,0,None,0,None,0,None,0,None,0,None,0,None,0,None,0,None,0,None,0,None,0,None,0,None
6220521,wave_tower_elysion_007,Campaign,None,90,0,5,True,False,point_grd_tower_001,point_fly_tower_001,sbg_tower_001,Tower,Elysion,ibg_tower_001,6,36,0,target_list,1310030121.0,path_fly_mid_small_018,-1,path_fly_mid_special_047,6,path_grd_close_small_004,6,path_fly_mid_elite1_802,0,path_fly_mid_small_024,7,,-1,,-1,,-1,,-1,,-1,-2084947175,Dash,-2084947175,Dash,-2084947175,Drop,-2084947175,Drop,-1084957175,Dash,2110010121,Dash,2110010121,Dash,1310020221,Dash,-1074927175,Drop,-1074927175,Drop,-1074927175,Drop,-1074927175,Drop,-2084947175,Drop,-2084947175,Drop,-2084947175,Drop,1310030121,Drop,-1084957175,Jump,-1084957175,Jump,-1084957175,Jump,1210040121,Jump,0,None,0,None,0,None,0,None,0,None,0,None,0,None,0,None,0,None,0,None,0,None,0,None,0,None,0,None,0,None,0,None,0,None,0,None,0,None,0,None
6220522,wave_tower_elysion_007,Campaign,None,90,0,5,True,False,point_grd_tower_003,point_fly_tower_003,sbg_tower_003,Tower,Elysion,ibg_tower_001,42,15,0,target_list,-1984947175.0,path_grd_close_small_007,-1,path_fly_mid_small_036,4,path_fly_close_special_044,6,path_grd_mid_elite1_802,0,path_fly_close_special_046,10,path_fly_close_small_035,3,,-1,,-1,,-1,,-1,-2074947175,Drop,-2074947175,Drop,1220050121,Drop,1320030221,Drop,-2084947175,Dash,-2084947175,Dash,-2084947175,Dash,-2084947175,Dash,-1084927175,Drop,-1084927175,Drop,-1084957175,Drop,-1084937175,Drop,2120010121,Dash,2120010121,Dash,1220050121,Drop,-974907075,Drop,2110010121,Dash,2110010121,Dash,-1084927175,Drop,-1984947175,Drop,-1084927175,Dash,-1084927175,Dash,-1084927175,Dash,-1084927175,Dash,0,None,0,None,0,None,0,None,0,None,0,None,0,None,0,None,0,None,0,None,0,None,0,None,0,None,0,None,0,None,0,None
6220523,wave_tower_elysion_007,Campaign,None,90,0,7,True,False,point_grd_tower_002,point_fly_tower_002,sbg_tower_002,Tower,Elysion,ibg_tower_001,0,24,18,target_list,-984927175.0,path_grd_mid_small_043,-1,path_fly_far_elite1_803,5,path_grd_mid_small_034,8,path_fly_far_elite1_803,0,path_grd_mid_small_034,10,path_fly_mid_small_024,-1,,-1,,-1,,-1,,-1,-2074947175,Jump,-2074947175,Jump,-2074947175,Jump,-2074947175,Jump,1210030121,Drop,1210030121,Drop,1210010121,Drop,-984927075,Drop,-2074947175,Dash,-2074947175,Dash,-2074947175,Dash,-1974937075,Dash,1210030121,Drop,1210030121,Drop,1210010121,Drop,-984927175,Drop,-2074947175,Dash,-2074947175,Dash,-2074947175,Dash,-1974937075,Dash,1210030121,Drop,1210030121,Drop,1210010121,Drop,1210010121,Drop,0,None,0,None,0,None,0,None,0,None,0,None,0,None,0,None,0,None,0,None,0,None,0,None,0,None,0,None,0,None,0,None
6220524,wave_tower_elysion_007,Campaign,None,90,0,5,True,False,point_grd_tower_002,point_fly_tower_002,sbg_tower_002,Tower,Elysion,ibg_tower_001,0,30,12,target_list,-1974897175.0,path_grd_mid_special_065,-1,path_grd_far_small_074,12,path_fly_mid_small_005,-1,path_fly_mid_elite1_802,0,path_grd_far_small_071,7,,-1,,-1,,-1,,-1,,-1,-1174957175,Dash,-1174957175,Dash,-2074947175,Drop,-1974897075,Drop,-2074947175,Dash,-2074947175,Dash,-2074947175,Dash,-2074927175,Dash,-1084957175,Dash,-1084957175,Dash,-1084957175,Dash,-1084937175,Dash,-1084957175,Dash,-1084957175,Dash,-1084937175,Drop,-1984957075,Drop,-2074947175,Dash,-2074947175,Dash,-1074907175,Dash,-1974897175,Jump,0,None,0,None,0,None,0,None,0,None,0,None,0,None,0,None,0,None,0,None,0,None,0,None,0,None,0,None,0,None,0,None,0,None,0,None,0,None,0,None
6220525,wave_tower_elysion_007,BaseDefense,None,60,normal,6,True,True,point_grd_tower_003_midclear,point_fly_tower_003,sbg_tower_003_midclear,Tower,Elysion,ibg_tower_basedefense_001,0,69,0,,,path_grd_mid_small_046,-1,path_fly_mid_small_050,-1,path_grd_mid_small_070,-1,path_grd_mid_elite2_808,3,path_fly_mid_small_050,10,path_grd_mid_small_043,10,path_grd_mid_small_075,4,path_grd_mid_elite1_802,-1,path_fly_mid_small_050,8,path_grd_mid_elite2_808,10,-2074947175,Drop,-2074947175,Drop,-2074947175,Drop,-2074947175,Drop,-1084927175,Drop,-1084917175,Drop,-1084927175,Drop,-1084937175,Normal,-2074947175,Dash,-2074947175,Dash,-2074947175,Dash,-2074927175,Dash,-2074947175,Drop,-2074927175,Drop,-974927075,Drop,1320040221,Drop,-1084927175,Drop,-1084917175,Drop,-1084927175,Drop,-1084937175,Normal,-2074957175,Drop,-2074957175,Drop,-2074957175,Drop,-2074957175,Drop,-2074957175,Drop,-2074957175,Drop,-2074927175,Normal,-2074957175,Drop,-2074957175,Drop,1220050121,Drop,-2074927175,Drop,-2074957175,Drop,-1084927175,Drop,-1084917175,Drop,-1084927175,Drop,-1084937175,Normal,-2074957175,Drop,-2074957175,Drop,-2074957175,Drop,1320040221,Drop
6220526,wave_tower_elysion_007,Campaign,None,90,0,7,True,False,point_grd_tower_002,point_fly_tower_002,sbg_tower_002,Tower,Elysion,ibg_tower_001,6,36,0,target_list,-1974947175.0,path_grd_mid_small_002,-1,path_grd_mid_elite1_802,5,path_grd_mid_small_049,10,path_grd_mid_elite2_805,0,path_grd_close_small_004,8,path_grd_mid_small_005,6,,-1,,-1,,-1,,-1,1220040121,Jump,1220040121,Jump,1220040121,Jump,1220040121,Jump,1220040121,Dash,1220040121,Dash,-1074907175,Drop,-1974897075,Drop,1220040121,Drop,-1074907175,Drop,-1074907175,Drop,-1074907175,Drop,1220040121,Drop,-1074907175,Drop,-1974897075,Drop,-1974947175,Drop,1220040121,Dash,-1074907175,Dash,1220040121,Dash,-1074907175,Dash,1220040121,Dash,-1074907175,Dash,1220040121,Dash,-1074907175,Dash,0,None,0,None,0,None,0,None,0,None,0,None,0,None,0,None,0,None,0,None,0,None,0,None,0,None,0,None,0,None,0,None
6220527,wave_tower_elysion_007,Campaign,None,90,0,5,True,False,point_grd_tower_003,point_fly_tower_003,sbg_tower_003,Tower,Elysion,ibg_tower_001,15,54,0,target_list,1320030121.0,path_fly_mid_small_018,-1,path_grd_mid_elite2_805,5,path_fly_mid_special_016,10,path_grd_mid_elite2_808,0,path_fly_close_special_046,10,path_grd_mid_elite2_805,-1,path_fly_mid_small_002,8,,-1,,-1,,-1,1210030121,Dash,1210030121,Dash,1210030121,Dash,1210030121,Dash,-2074957175,Dash,2120010121,Dash,-974957075,Dash,1320030221,Drop,1210030121,Dash,2110010121,Dash,1210030121,Dash,-1084937175,Dash,-2074957175,Dash,-2074957175,Dash,-974957075,Drop,1320030121,Drop,1210030121,Dash,2110010121,Dash,1210030121,Dash,-1084937175,Dash,-2074957175,Dash,2120010121,Dash,-2074957175,Dash,-2074957175,Dash,1210030121,Dash,1210030121,Dash,1210030121,Dash,1210030121,Dash,0,None,0,None,0,None,0,None,0,None,0,None,0,None,0,None,0,None,0,None,0,None,0,None
6220528,wave_tower_elysion_007,Campaign,None,90,0,7,True,False,point_grd_tower_003,point_fly_tower_003,sbg_tower_003,Tower,Elysion,ibg_tower_001,0,51,0,target_list,-1974937175.0,path_grd_mid_small_002,-1,path_grd_mid_elite1_802,-1,path_fly_mid_small_021,-1,path_fly_mid_small_021,0,path_grd_mid_elite1_802,8,path_grd_mid_elite1_802,6,path_grd_mid_small_070,-1,,-1,,-1,,-1,1220040121,Jump,1220040121,Jump,1220040121,Jump,1220040121,Jump,1220050121,Drop,1220040121,Drop,-2074927175,Drop,-1974937075,Drop,-1084917175,Drop,1210030121,Drop,1210030121,Drop,1210030121,Drop,1210030121,Drop,1210030121,Drop,1210030121,Drop,-1084917175,Drop,1220050121,Drop,1220040121,Drop,-2074927175,Drop,-1974937175,Drop,1220050121,Drop,1220040121,Drop,1220040121,Drop,-1974937075,Drop,1220040121,Drop,1220040121,Drop,1220040121,Drop,-2074927175,Drop,0,None,0,None,0,None,0,None,0,None,0,None,0,None,0,None,0,None,0,None,0,None,0,None
6220529,wave_tower_elysion_007,Campaign,None,90,0,7,True,False,point_grd_tower_003,point_fly_tower_003,sbg_tower_003,Tower,Elysion,ibg_tower_001,12,42,9,target_list,-974887175.0,path_fly_mid_special_047,-1,path_grd_mid_elite1_802,6,path_grd_close_small_042,8,path_grd_mid_small_049,7,path_grd_close_small_048,0,path_grd_far_elite1_803,4,path_grd_mid_small_043,9,path_fly_mid_small_030,-1,,-1,,-1,2110010121,Dash,2110010121,Dash,-2084957175,Drop,-1084937175,Drop,-2074937175,Dash,-2074937175,Dash,-1074887175,Drop,-974887075,Drop,-1074917175,Dash,1320060221,Dash,-1074917175,Dash,1320060221,Dash,-1074917175,Drop,-1074917175,Drop,-1074917175,Drop,-1074887175,Drop,-1074917175,Drop,-1074917175,Drop,-1074917175,Drop,1320060221,Drop,-1074917175,Dash,-1074917175,Dash,-1074887175,Drop,-974887175,Drop,-1074917175,Dash,1320060221,Dash,-1074917175,Dash,1320060221,Dash,-2084957175,Drop,-2084957175,Drop,-2084957175,Drop,-2084957175,Drop,0,None,0,None,0,None,0,None,0,None,0,None,0,None,0,None
6220530,wave_tower_elysion_007,Campaign,None,180,0,5,False,False,point_grd_tower_003,point_fly_tower_003,sbg_tower_003_midclear,Tower,Elysion,ibg_tower_001,0,1,0,target_list,-873957185.0,path_grd_mid_centurion_902,-1,,-1,,-1,,-1,,-1,,-1,,-1,,-1,,-1,,-1,-873957185,Normal,0,None,0,None,0,None,0,None,0,None,0,None,0,None,0,None,0,None,0,None,0,None,0,None,0,None,0,None,0,None,0,None,0,None,0,None,0,None,0,None,0,None,0,None,0,None,0,None,0,None,0,None,0,None,0,None,0,None,0,None,0,None,0,None,0,None,0,None,0,None,0,None,0,None,0,None,0,None
6220531,wave_tower_elysion_007,Campaign,None,90,0,5,True,False,point_grd_tower_001,point_fly_tower_001,sbg_tower_001,Tower,Elysion,ibg_tower_001,18,24,0,target_list,-974947165.0,path_grd_close_small_051,-1,path_grd_mid_elite1_802,7,path_grd_mid_small_043,4,path_grd_close_small_069,-1,path_grd_mid_elite1_802,0,path_grd_close_small_069,5,,-1,,-1,,-1,,-1,-2074947165,Dash,-2074947165,Dash,-2074947165,Dash,-2074947165,Dash,-1174957165,Jump,-1174957165,Jump,-1074897165,Drop,-974947065,Drop,-1074957165,Dash,-1074897165,Drop,-1074957165,Dash,-1074897165,Drop,-1074917165,Jump,-1074917165,Jump,-1074917165,Jump,-2074927165,Jump,1220040131,Dash,1220040131,Dash,-1074897165,Drop,-974947165,Drop,-1074917165,Dash,-1074917165,Dash,-1074917165,Dash,-2074927165,Dash,0,None,0,None,0,None,0,None,0,None,0,None,0,None,0,None,0,None,0,None,0,None,0,None,0,None,0,None,0,None,0,None
6220532,wave_tower_elysion_007,Campaign,None,90,0,5,True,False,point_grd_tower_001,point_fly_tower_001,sbg_tower_001,Tower,Elysion,ibg_tower_001,0,42,0,target_list,1310030131.0,path_grd_mid_small_052,-1,path_fly_mid_elite1_802,-1,path_fly_mid_small_050,8,path_fly_mid_elite2_805,0,path_grd_mid_small_052,8,path_fly_mid_small_050,7,,-1,,-1,,-1,,-1,-2074937165,Drop,-2074937165,Drop,-2074937165,Drop,-2074937165,Drop,-1084947165,Dash,-1084947165,Dash,1210040131,Drop,1310030231,Drop,-1084947165,Dash,-1084947165,Dash,-1084947165,Dash,1210040131,Dash,-1084947165,Drop,-1084947165,Drop,1310010231,Drop,1310030131,Drop,-2074937165,Drop,-2074937165,Drop,-2074937165,Drop,-2074937165,Drop,-1084947165,Dash,-1084947165,Dash,-1084947165,Dash,1210040131,Dash,0,None,0,None,0,None,0,None,0,None,0,None,0,None,0,None,0,None,0,None,0,None,0,None,0,None,0,None,0,None,0,None
6220533,wave_tower_elysion_007,Campaign,None,90,0,7,True,False,point_grd_tower_002,point_fly_tower_002,sbg_tower_002,Tower,Elysion,ibg_tower_001,0,54,0,target_list,-1974947165.0,path_grd_mid_special_025,-1,path_fly_mid_small_036,7,path_grd_mid_small_058,7,path_fly_mid_small_042,-1,path_fly_mid_small_030,0,path_grd_mid_elite1_802,-1,path_grd_mid_small_043,-1,,-1,,-1,,-1,1120010131,Jump,1120010131,Jump,-1074947165,Drop,-974917065,Drop,-1084937165,Dash,-2084927165,Dash,-1084957165,Dash,-2084927165,Dash,-1074937165,Dash,-1074937165,Dash,-1074937165,Dash,-2074927165,Dash,-1084957165,Dash,-1084957165,Dash,-1084937165,Drop,-1084957165,Drop,1210010131,Drop,1210010131,Drop,-2084927165,Drop,-1984917065,Drop,-1074937165,Dash,-1074937165,Dash,-2074927165,Drop,-1974947165,Jump,-2074937165,Dash,-2074937165,Dash,-2074937165,Dash,-2074927165,Dash,0,None,0,None,0,None,0,None,0,None,0,None,0,None,0,None,0,None,0,None,0,None,0,None
6220534,wave_tower_elysion_007,Campaign,None,90,0,7,True,False,point_grd_tower_003,point_fly_tower_003,sbg_tower_003,Tower,Elysion,ibg_tower_001,9,30,0,target_list,-1974947165.0,path_grd_mid_small_068,-1,path_grd_mid_small_008,-1,path_grd_mid_small_061,-1,path_grd_close_elite1_801,0,path_grd_mid_small_037,6,path_grd_mid_small_040,5,,-1,,-1,,-1,,-1,1220060131,Dash,1220060131,Dash,1220060131,Dash,-1974947065,Drop,1220050131,Drop,1220060131,Drop,1220060131,Drop,1220050131,Drop,1220060131,Drop,1220050131,Drop,1220060131,Drop,1220050131,Drop,1220060131,Drop,1220050131,Drop,1220060131,Drop,-1974947165,Drop,1220050131,Drop,1220060131,Drop,1220050131,Drop,1220060131,Drop,1220060131,Drop,1220060131,Drop,1220050131,Drop,1220050131,Drop,0,None,0,None,0,None,0,None,0,None,0,None,0,None,0,None,0,None,0,None,0,None,0,None,0,None,0,None,0,None,0,None
6220535,wave_tower_elysion_007,Defense,None,90,20,8,True,True,point_grd_tower_002_rightclear,point_fly_tower_002_rightclear,sbg_tower_002_rightclear,Tower,Elysion,ibg_tower_defense_001,12,54,6,,,path_grd_mid_elite1_802,-1,path_grd_close_small_014,10,path_fly_mid_small_050,-1,path_grd_mid_elite2_808,4,path_fly_far_small_028,10,path_grd_close_small_051,8,path_fly_mid_small_050,-1,path_grd_mid_small_076,4,path_grd_mid_elite1_802,10,path_fly_mid_elite1_802,-1,-2074957165,Jump,-2074957165,Jump,-2074957165,Jump,1320030231,Jump,-2074957165,Dash,-2074957165,Dash,-2074957165,Dash,-1074887165,Drop,1210020131,Dash,1210020131,Dash,1210020131,Dash,1210040131,Normal,-2074957165,Drop,-2074957165,Drop,1320030231,Drop,-1074887165,Drop,1210020131,Dash,1210020131,Dash,1210020131,Dash,1310020231,Dash,-2074957165,Drop,-2074957165,Drop,-1074887165,Drop,-1074887165,Drop,1210020131,Dash,1210020131,Dash,1210020131,Dash,1210040131,Normal,1220060131,Drop,1220060131,Drop,1220060131,Drop,-1074887165,Drop,-2074957165,Drop,-2074957165,Drop,-1074887165,Drop,1320030231,Drop,1210020131,Dash,1210020131,Dash,1210020131,Dash,1310020231,Dash
6220536,wave_tower_elysion_007,Campaign,None,90,0,5,True,False,point_grd_tower_004,point_fly_tower_004,sbg_tower_004,Tower,Elysion,ibg_tower_001,27,18,0,target_list,-1974937165.0,path_grd_close_elite1_801,-1,path_grd_close_small_013,7,path_grd_mid_small_049,6,path_fly_close_small_041,7,path_grd_mid_small_055,0,path_grd_close_small_042,4,path_fly_mid_small_030,-1,,-1,,-1,,-1,1220040131,Jump,1220040131,Jump,1220050131,Drop,-1974937065,Drop,1220040131,Dash,1220050131,Dash,1220040131,Dash,1220050131,Dash,1220040131,Drop,1220050131,Drop,1220040131,Drop,-2074927165,Drop,1110010131,Drop,1110010131,Drop,-1084927165,Drop,-1084927165,Drop,1220040131,Drop,1220040131,Drop,-1074947165,Drop,-1974937165,Drop,1220050131,Dash,1220050131,Dash,1220050131,Dash,1220050131,Dash,-1084927165,Drop,-1084927165,Drop,-1084927165,Drop,-1084927165,Drop,0,None,0,None,0,None,0,None,0,None,0,None,0,None,0,None,0,None,0,None,0,None,0,None
6220537,wave_tower_elysion_007,Campaign,None,90,0,7,True,False,point_grd_tower_005,point_fly_tower_005,sbg_tower_005,Tower,Elysion,ibg_tower_001,0,42,0,target_list,1310020131.0,path_fly_mid_small_018,-1,path_fly_mid_elite1_802,5,path_fly_mid_small_027,8,path_fly_mid_small_036,0,path_fly_mid_elite1_802,7,path_fly_mid_small_024,-1,,-1,,-1,,-1,,-1,-2084957165,Drop,-2084957165,Drop,-2084957165,Drop,-2084957165,Drop,-2084957165,Dash,-2084957165,Dash,-1084927165,Dash,1310020231,Dash,-1084917165,Dash,-2084957165,Dash,-2084957165,Dash,-2084957165,Dash,-2084957165,Drop,-1084927165,Drop,-1084917165,Drop,-2084957165,Drop,-2084957165,Dash,-2084957165,Dash,-1084927165,Drop,1310020131,Drop,-1084927165,Drop,-2084957165,Drop,-1084917165,Drop,-2084957165,Drop,0,None,0,None,0,None,0,None,0,None,0,None,0,None,0,None,0,None,0,None,0,None,0,None,0,None,0,None,0,None,0,None
6220538,wave_tower_elysion_007,Campaign,None,90,0,7,True,False,point_grd_tower_003,point_fly_tower_003,sbg_tower_003,Tower,Elysion,ibg_tower_001,0,45,0,target_list,-1974907165.0,path_grd_mid_small_008,-1,path_grd_mid_elite1_802,6,path_grd_mid_small_058,10,path_grd_mid_elite1_802,0,path_fly_mid_elite1_802,8,path_grd_mid_small_049,8,,-1,,-1,,-1,,-1,-1074937165,Drop,-1074937165,Drop,-1074937165,Drop,-1074937165,Drop,-1074937165,Dash,-1074937165,Dash,-1074907165,Dash,-1974907065,Drop,-1074907165,Drop,-1074947165,Drop,-1074907165,Drop,-1074947165,Drop,-1074937165,Dash,-1074937165,Dash,-1074907165,Dash,-1974907165,Drop,-1084947165,Dash,-1084947165,Dash,-1084947165,Dash,-1984917065,Drop,-1074937165,Drop,-1074907165,Drop,-1074907165,Drop,-1074907165,Drop,0,None,0,None,0,None,0,None,0,None,0,None,0,None,0,None,0,None,0,None,0,None,0,None,0,None,0,None,0,None,0,None
6220539,wave_tower_elysion_007,Campaign,None,90,0,7,True,False,point_grd_tower_005,point_fly_tower_005,sbg_tower_005,Tower,Elysion,ibg_tower_001,0,60,6,target_list,-1974897165.0,path_grd_mid_elite1_802,-1,path_fly_mid_special_047,-1,path_grd_far_small_044,6,path_grd_mid_small_040,9,path_fly_mid_elite2_808,0,path_grd_mid_small_043,10,path_grd_mid_elite2_808,4,path_grd_mid_small_049,8,,-1,,-1,-1074937165,Dash,-1074937165,Dash,-1074897165,Drop,1320020231,Drop,2110010131,Dash,2110010131,Dash,-2084957165,Drop,-1984957065,Drop,-1074897165,Dash,-2074927165,Dash,-1074897165,Dash,-2074927165,Dash,-1074937165,Dash,-1074937165,Dash,-1074897165,Dash,-2074927165,Dash,-2084957165,Dash,-2084957165,Dash,-1984957065,Dash,-1984957065,Dash,-1074897165,Dash,-2074927165,Dash,-1074897165,Dash,-2074927165,Dash,-1074937165,Dash,-1074937165,Dash,1320030231,Drop,-1974897165,Drop,-1074937165,Drop,-1074937165,Drop,-1074937165,Drop,-1074937165,Drop,0,None,0,None,0,None,0,None,0,None,0,None,0,None,0,None
6220540,wave_tower_elysion_007,Campaign,None,180,0,6,False,False,point_grd_tower_003,point_fly_mca001,sbg_tower_003_midclear,Tower,Elysion,ibg_tower_001,9,30,1,target_list,-884957164.0,path_fly_mid_centurion_902,-1,path_fly_mid_small_033,-1,path_fly_mid_small_002,-1,path_fly_mid_small_033,4,path_fly_mid_small_042,-1,path_fly_close_elite2_804,4,path_fly_mid_small_005,4,,-1,,-1,,-1,-884957164,Normal,0,None,0,None,0,None,-2084947165,Normal,-2084947165,Normal,-2084947165,Normal,-2084947165,Normal,-1084957165,Dash,-1084957165,Dash,-1084957165,Dash,-1084957165,Dash,1110010131,Drop,1110010131,Drop,-2084947165,Drop,-1984957065,Drop,-1084927165,Normal,-1084927165,Normal,2110010131,Normal,2110010131,Normal,1210010131,Jump,-1184957165,Jump,-1184957165,Jump,-1084937165,Jump,-2084957165,Normal,-2084957165,Normal,-2084957165,Normal,1310020231,Normal,0,None,0,None,0,None,0,None,0,None,0,None,0,None,0,None,0,None,0,None,0,None,0,None
6220541,wave_tower_elysion_007,Campaign,None,90,0,5,True,False,point_grd_tower_005,point_fly_tower_005,sbg_tower_005,Tower,Elysion,ibg_tower_001,0,30,12,target_list,-1974947145.0,path_grd_mid_small_002,-1,path_grd_mid_elite1_802,7,path_grd_far_small_071,8,path_fly_mid_small_030,-1,path_grd_mid_elite1_802,0,path_grd_far_small_047,6,,-1,,-1,,-1,,-1,-2074947145,Drop,-2074947145,Drop,-2074957145,Dash,-2074957145,Dash,-1074917145,Dash,-1074917145,Dash,-2074917145,Drop,-1974947045,Drop,-1074907145,Dash,-1074907145,Dash,-1074907145,Dash,-2074917145,Drop,-1084947145,Jump,-1084947145,Jump,1210010151,Jump,1210010151,Jump,-2074947145,Dash,-2074947145,Dash,-2074927145,Drop,-1974947145,Drop,-1074907145,Jump,-1074907145,Jump,-1074907145,Jump,-1074907145,Jump,0,None,0,None,0,None,0,None,0,None,0,None,0,None,0,None,0,None,0,None,0,None,0,None,0,None,0,None,0,None,0,None
6220542,wave_tower_elysion_007,Campaign,None,90,0,5,True,False,point_grd_tower_001,point_fly_tower_001,sbg_tower_001,Tower,Elysion,ibg_tower_001,0,42,0,target_list,-1984947145.0,path_grd_mid_small_002,-1,path_fly_mid_elite1_802,-1,path_fly_mid_small_039,7,path_fly_mid_small_039,0,path_fly_mid_elite1_802,8,path_grd_mid_small_043,8,,-1,,-1,,-1,,-1,1220060151,Dash,1220060151,Dash,1220060151,Dash,1220060151,Dash,-2084947145,Dash,-2084947145,Dash,-2084927145,Drop,-1984947045,Drop,-2084947145,Drop,-2084947145,Drop,-2084947145,Drop,-2084947145,Drop,-2084947145,Drop,-2084947145,Drop,-2084927145,Drop,-2084927145,Drop,-2084947145,Dash,-2084947145,Dash,-2084927145,Drop,-1984947145,Drop,1220060151,Dash,1220060151,Dash,1220060151,Dash,1220060151,Dash,0,None,0,None,0,None,0,None,0,None,0,None,0,None,0,None,0,None,0,None,0,None,0,None,0,None,0,None,0,None,0,None
6220543,wave_tower_elysion_007,Campaign,None,90,0,7,True,False,point_grd_tower_005,point_fly_tower_005,sbg_tower_005,Tower,Elysion,ibg_tower_001,36,24,0,target_list,1310020151.0,path_fly_close_special_044,-1,path_grd_mid_elite2_805,10,path_fly_mid_small_053,-1,path_fly_close_small_029,-1,path_grd_close_elite1_801,0,path_fly_mid_elite1_802,10,path_fly_close_small_029,4,,-1,,-1,,-1,2110010151,Drop,2110010151,Drop,-2084947145,Drop,-2084937145,Drop,-2074937145,Dash,-2074937145,Dash,-1974917045,Drop,-1974917045,Drop,-2084947145,Dash,-2084947145,Dash,-2084947145,Dash,1210040151,Dash,-2084947145,Jump,-2084947145,Jump,-2084947145,Jump,-984917045,Jump,-2074937145,Jump,-2074937145,Jump,-2074927145,Drop,-974927045,Drop,-2084947145,Jump,-1084937145,Jump,-984917045,Drop,1310020151,Drop,-2084947145,Drop,-2084947145,Drop,-2084947145,Drop,-984917045,Drop,0,None,0,None,0,None,0,None,0,None,0,None,0,None,0,None,0,None,0,None,0,None,0,None
6220544,wave_tower_elysion_007,Campaign,None,90,0,7,True,False,point_grd_tower_001,point_fly_tower_001,sbg_tower_001,Tower,Elysion,ibg_tower_001,0,42,0,target_list,-1984927145.0,path_grd_mid_small_002,-1,path_fly_mid_elite1_802,6,path_fly_mid_small_005,8,path_fly_mid_elite2_805,0,path_grd_mid_small_043,10,path_fly_mid_small_024,-1,,-1,,-1,,-1,,-1,-1074957145,Jump,-1074957145,Jump,-1074957145,Jump,-1074957145,Jump,-1084957145,Dash,-1084957145,Dash,1210040151,Drop,-1984927045,Drop,-1084957145,Dash,-1084957145,Dash,-1084957145,Dash,-1084957145,Dash,-1084957145,Dash,-1084957145,Dash,-1984907045,Drop,-1984927145,Drop,-1074957145,Jump,-1074957145,Jump,-1074957145,Jump,-1074957145,Jump,-1084957145,Dash,-1084957145,Dash,-1084957145,Dash,-1084957145,Dash,0,None,0,None,0,None,0,None,0,None,0,None,0,None,0,None,0,None,0,None,0,None,0,None,0,None,0,None,0,None,0,None
6220545,wave_tower_elysion_007,Defense,None,90,20,8,True,True,point_grd_tower_002_rightclear,point_fly_tower_002_rightclear,sbg_tower_002_rightclear,Tower,Elysion,ibg_tower_defense_001,12,54,6,,,path_grd_mid_elite1_802,-1,path_grd_close_small_014,10,path_fly_mid_small_050,-1,path_grd_mid_elite2_808,4,path_fly_far_small_028,10,path_grd_close_small_051,8,path_fly_mid_small_050,-1,path_grd_mid_small_076,4,path_grd_mid_elite1_802,10,path_fly_mid_elite1_802,-1,-2074957145,Jump,-2074957145,Jump,-2074957145,Jump,1320030251,Jump,-2074957145,Dash,-2074957145,Dash,-2074957145,Dash,-1074887145,Drop,1210020151,Dash,1210020151,Dash,1210020151,Dash,1210040151,Normal,-2074957145,Drop,-2074957145,Drop,1320030251,Drop,-1074887145,Drop,1210020151,Dash,1210020151,Dash,1210020151,Dash,1310020251,Dash,-2074957145,Drop,-2074957145,Drop,-1074887145,Drop,-1074887145,Drop,1210020151,Dash,1210020151,Dash,1210020151,Dash,1210040151,Normal,1220060151,Drop,1220060151,Drop,1220060151,Drop,-1074887145,Drop,-2074957145,Drop,-2074957145,Drop,-1074887145,Drop,1320030251,Drop,1210020151,Dash,1210020151,Dash,1210020151,Dash,1310020251,Dash
6220546,wave_tower_elysion_007,Campaign,None,90,0,7,True,False,point_grd_tower_003,point_fly_tower_003,sbg_tower_003,Tower,Elysion,ibg_tower_001,12,42,0,target_list,-1984927145.0,path_grd_mid_small_002,-1,path_fly_mid_elite1_802,6,path_grd_close_small_060,-1,path_fly_mid_small_021,6,path_fly_mid_elite2_805,0,path_fly_close_small_049,-1,path_grd_mid_small_043,-1,path_grd_mid_small_005,8,,-1,,-1,1220060151,Dash,1220060151,Dash,1220060151,Dash,1220060151,Dash,1210030151,Drop,-1084917145,Drop,-1084937145,Drop,-1984927045,Drop,1220060151,Drop,1220050151,Drop,1220060151,Drop,1220050151,Drop,1210030151,Drop,1210030151,Drop,1210030151,Drop,-1084917145,Drop,1210030151,Drop,-1084917145,Drop,-1984907045,Drop,-1984927145,Drop,1210030151,Dash,1210030151,Dash,1210030151,Dash,-1084937145,Normal,1220060151,Drop,1220050151,Drop,1220060151,Drop,1220050151,Drop,1220060151,Dash,1220060151,Dash,1220060151,Dash,1220060151,Dash,0,None,0,None,0,None,0,None,0,None,0,None,0,None,0,None
6220547,wave_tower_elysion_007,Campaign,None,90,0,5,True,False,point_grd_tower_001,point_fly_tower_001,sbg_tower_001,Tower,Elysion,ibg_tower_001,0,33,9,target_list,-984927145.0,path_grd_mid_small_049,-1,path_fly_mid_elite1_802,-1,path_grd_mid_small_046,10,path_grd_mid_small_034,0,path_fly_far_elite1_803,7,path_grd_mid_small_008,-1,,-1,,-1,,-1,,-1,1220020151,Dash,1220020151,Dash,1220020151,Dash,1220020151,Dash,1210020151,Drop,1210020151,Drop,-1084937145,Drop,-984927045,Drop,1220020151,Drop,1220020151,Drop,1220020151,Drop,1220020151,Drop,1220020151,Jump,1220020151,Jump,1220020151,Jump,1320030251,Drop,1210020151,Drop,1210020151,Drop,1210010151,Drop,-984927145,Drop,1220020151,Dash,1220020151,Dash,1220020151,Dash,1220020151,Dash,0,None,0,None,0,None,0,None,0,None,0,None,0,None,0,None,0,None,0,None,0,None,0,None,0,None,0,None,0,None,0,None
6220548,wave_tower_elysion_007,Campaign,None,90,0,5,True,False,point_grd_tower_002,point_fly_tower_002,sbg_tower_002,Tower,Elysion,ibg_tower_001,0,42,0,target_list,1310020151.0,path_fly_mid_small_018,-1,path_fly_mid_elite1_802,5,path_fly_mid_small_027,8,path_fly_mid_small_036,0,path_fly_mid_elite1_802,7,path_fly_mid_small_024,-1,,-1,,-1,,-1,,-1,-2084957145,Drop,-2084957145,Drop,-2084957145,Drop,-2084957145,Drop,-2084957145,Dash,-2084957145,Dash,-1084927145,Dash,1310020251,Dash,-1084917145,Dash,-2084957145,Dash,-2084957145,Dash,-2084957145,Dash,-2084957145,Drop,-1084927145,Drop,-1084917145,Drop,-2084957145,Drop,-2084957145,Dash,-2084957145,Dash,-1084927145,Drop,1310020151,Drop,-1084927145,Drop,-2084957145,Drop,-1084917145,Drop,-2084957145,Drop,0,None,0,None,0,None,0,None,0,None,0,None,0,None,0,None,0,None,0,None,0,None,0,None,0,None,0,None,0,None,0,None
6220549,wave_tower_elysion_007,BaseDefense,None,60,normal,7,True,True,point_grd_tower_003_midclear,point_fly_tower_003,sbg_tower_003_midclear,Tower,Elysion,ibg_tower_basedefense_001,12,33,18,,,path_grd_far_elite1_803,-1,path_grd_close_small_069,10,path_grd_mid_small_043,8,path_fly_close_small_049,4,path_grd_mid_elite2_808,10,path_grd_mid_small_070,6,path_grd_mid_small_076,5,path_fly_mid_small_050,6,path_grd_far_elite2_809,-1,,-1,-2074937145,Drop,-2074937145,Drop,-2074927145,Drop,-974947045,Drop,1220060151,Dash,1220060151,Dash,1220060151,Dash,-2074927145,Normal,-2074937145,Drop,-2074937145,Drop,-2074937145,Drop,-2074937145,Drop,1220060151,Drop,1220060151,Drop,1220060151,Drop,-984927045,Drop,-2074937145,Drop,-2074937145,Drop,-974917045,Drop,-974947045,Drop,1220060151,Dash,1220060151,Dash,-1074897145,Dash,-2074927145,Normal,-1074897145,Drop,-2074937145,Drop,-2074937145,Drop,-2074937145,Drop,1220060151,Drop,1220060151,Drop,-2074927145,Drop,-984927045,Drop,-2074937145,Drop,-2074937145,Drop,-974917045,Drop,-974947145,Drop,0,None,0,None,0,None,0,None
6220550,wave_tower_elysion_007,Campaign,None,180,0,6,False,False,point_grd_mordernia_01,point_fly_mordernia_01,sbg_iceland_sky_001,IceLand,Day,ibg_iceland_001,0,1,0,target_list,-774927145.0,b_fly_mordernia_01,-1,,-1,,-1,,-1,,-1,,-1,,-1,,-1,,-1,,-1,-774927145,Normal,0,None,0,None,0,None,0,None,0,None,0,None,0,None,0,None,0,None,0,None,0,None,0,None,0,None,0,None,0,None,0,None,0,None,0,None,0,None,0,None,0,None,0,None,0,None,0,None,0,None,0,None,0,None,0,None,0,None,0,None,0,None,0,None,0,None,0,None,0,None,0,None,0,None,0,None,0,None
6220551,wave_tower_elysion_007,Campaign,None,90,0,5,True,False,point_grd_tower_004,point_fly_tower_004,sbg_tower_004,Tower,Elysion,ibg_tower_001,6,36,0,target_list,-974957185.0,path_grd_mid_small_002,-1,path_grd_mid_special_025,6,path_fly_mid_small_024,6,path_grd_mid_elite1_802,0,path_grd_close_small_072,8,,-1,,-1,,-1,,-1,,-1,-1074917185,Dash,-1074917185,Dash,-1074917185,Drop,-1074917185,Drop,-1074927185,Drop,2120010111,Drop,2120010111,Drop,-974957085,Drop,-1084957185,Drop,-1084957185,Drop,-1084957185,Drop,-1084937185,Drop,-1074917185,Dash,-1074917185,Dash,-1074917185,Drop,-974957185,Drop,-2074947185,Dash,-2074947185,Dash,-2074947185,Dash,-2074927185,Dash,0,None,0,None,0,None,0,None,0,None,0,None,0,None,0,None,0,None,0,None,0,None,0,None,0,None,0,None,0,None,0,None,0,None,0,None,0,None,0,None
6220552,wave_tower_elysion_007,Campaign,None,90,0,5,True,False,point_grd_tower_001,point_fly_tower_001,sbg_tower_001,Tower,Elysion,ibg_tower_001,18,24,0,target_list,-974947185.0,path_grd_close_small_051,-1,path_grd_mid_elite1_802,7,path_grd_mid_small_043,4,path_grd_close_small_069,-1,path_grd_mid_elite1_802,0,path_grd_close_small_069,5,,-1,,-1,,-1,,-1,-2074947185,Dash,-2074947185,Dash,-2074947185,Dash,-2074947185,Dash,-1174957185,Jump,-1174957185,Jump,-1074897185,Drop,-974947085,Drop,-1074957185,Dash,-1074897185,Drop,-1074957185,Dash,-1074897185,Drop,-1074917185,Jump,-1074917185,Jump,-1074917185,Jump,-2074927185,Jump,1220040111,Dash,1220040111,Dash,-1074897185,Drop,-974947185,Drop,-1074917185,Dash,-1074917185,Dash,-1074917185,Dash,-2074927185,Dash,0,None,0,None,0,None,0,None,0,None,0,None,0,None,0,None,0,None,0,None,0,None,0,None,0,None,0,None,0,None,0,None
6220553,wave_tower_elysion_007,Campaign,None,90,0,5,True,False,point_grd_tower_002,point_fly_tower_002,sbg_tower_002,Tower,Elysion,ibg_tower_001,0,42,0,target_list,-1974957185.0,path_grd_mid_small_002,-1,path_fly_mid_small_050,-1,path_grd_mid_elite1_802,8,path_grd_mid_elite2_808,0,path_fly_mid_small_050,10,path_grd_mid_small_043,7,,-1,,-1,,-1,,-1,-1074927185,Dash,-1074927185,Dash,-1074927185,Dash,-1074927185,Dash,-1084957185,Dash,-1084957185,Dash,-1084957185,Dash,-1084937185,Dash,-1074927185,Drop,-1074927185,Drop,-1074907185,Drop,-1974957085,Drop,-1074927185,Dash,-1074907185,Dash,1320030211,Drop,-1974957185,Drop,-1084957185,Dash,-1084957185,Dash,-1084957185,Dash,-1084937185,Dash,-1074927185,Drop,-1074907185,Drop,-1074927185,Drop,-1074907185,Drop,0,None,0,None,0,None,0,None,0,None,0,None,0,None,0,None,0,None,0,None,0,None,0,None,0,None,0,None,0,None,0,None
6220554,wave_tower_elysion_007,Defense,None,90,20,7,True,True,point_grd_tower_002_rightclear,point_fly_tower_002_rightclear,sbg_tower_002_rightclear,Tower,Elysion,ibg_tower_defense_001,27,51,0,,,path_grd_close_small_039,-1,path_fly_mid_small_036,8,path_grd_close_special_064,-1,path_fly_mid_elite1_802,4,path_grd_close_small_048,12,path_fly_mid_special_047,10,path_grd_mid_small_075,10,path_fly_mid_elite1_802,-1,path_fly_mid_small_027,15,,-1,-2074947185,Jump,-2074947185,Jump,-2074947185,Jump,-2074947185,Jump,-2084947185,Dash,-2084947185,Dash,-2084927185,Dash,-2084927185,Dash,-1174957185,Jump,-2074947185,Jump,-2074957185,Normal,-2074957185,Normal,-2084947185,Dash,-2084947185,Dash,-2084927185,Drop,-1984907085,Drop,-2074957185,Normal,-2074957185,Normal,-2074957185,Normal,-2074957185,Normal,-1184957185,Drop,-1184957185,Drop,-2084947185,Normal,-2084927185,Dash,-2074957185,Dash,-2074957185,Dash,-2074957185,Dash,-2074957185,Dash,-2084947185,Normal,-2084947185,Normal,-2084927185,Drop,-1984907085,Dash,-2084947185,Normal,-2084927185,Dash,-2084947185,Normal,-984947085,Normal,0,None,0,None,0,None,0,None
6220555,wave_tower_elysion_007,Campaign,None,90,0,7,True,False,point_grd_tower_005,point_fly_tower_005,sbg_tower_005,Tower,Elysion,ibg_tower_001,0,54,0,target_list,1320030111.0,path_grd_mid_small_049,-1,path_grd_mid_elite2_808,-1,path_fly_mid_small_002,-1,path_grd_mid_small_043,-1,path_grd_mid_elite2_808,0,path_fly_mid_small_005,-1,path_fly_mid_small_008,-1,path_grd_mid_small_043,-1,,-1,,-1,-2074947185,Jump,-2074947185,Jump,-2074947185,Jump,-2074947185,Jump,-2074947185,Drop,1220050111,Drop,-1974957085,Drop,1320030211,Drop,1210020111,Dash,1210020111,Dash,1210020111,Dash,-1084917185,Dash,1220050111,Dash,-2074947185,Dash,1220050111,Dash,-2074947185,Dash,-2074947185,Dash,1220050111,Dash,-1974957085,Drop,1320030111,Drop,1210020111,Dash,1210020111,Dash,1210020111,Dash,-1084917185,Dash,-1084927185,Dash,1210020111,Dash,1210020111,Dash,-1084927185,Dash,-2074947185,Jump,-2074947185,Jump,-2074947185,Jump,-2074947185,Jump,0,None,0,None,0,None,0,None,0,None,0,None,0,None,0,None
6220556,wave_tower_elysion_007,Campaign,None,90,0,5,True,False,point_grd_tower_003,point_fly_tower_003,sbg_tower_003,Tower,Elysion,ibg_tower_001,0,36,0,target_list,1320060111.0,path_grd_mid_small_055,-1,path_grd_mid_elite3_814,-1,path_grd_mid_small_011,8,path_grd_mid_elite3_814,0,path_grd_mid_small_043,8,,-1,,-1,,-1,,-1,,-1,-2074957185,Drop,-2074957185,Drop,-2074957185,Drop,-2074957185,Drop,-2074947185,Dash,-974957085,Dash,-2074927185,Dash,1320060211,Dash,-2074957185,Drop,-2074957185,Drop,-2074957185,Drop,-2074957185,Drop,-2074947185,Dash,-974957085,Dash,-2074927185,Drop,1320060111,Drop,-2074957185,Drop,-2074957185,Drop,-2074957185,Drop,-2074957185,Drop,0,None,0,None,0,None,0,None,0,None,0,None,0,None,0,None,0,None,0,None,0,None,0,None,0,None,0,None,0,None,0,None,0,None,0,None,0,None,0,None
6220557,wave_tower_elysion_007,Campaign,None,90,0,7,True,False,point_grd_tower_002,point_fly_tower_002,sbg_tower_002,Tower,Elysion,ibg_tower_001,0,42,0,target_list,-984917185.0,path_grd_mid_small_002,-1,path_fly_mid_small_033,-1,path_fly_mid_elite1_802,10,path_fly_mid_elite2_805,0,path_grd_mid_small_043,10,path_fly_mid_small_033,8,,-1,,-1,,-1,,-1,1220060111,Dash,1220060111,Dash,1220060111,Dash,1220060111,Dash,-2084957185,Dash,1210010111,Dash,-2084957185,Dash,-1984907085,Drop,-2084957185,Dash,1210010111,Dash,-2084957185,Dash,-984917085,Drop,-2084957185,Drop,-2084957185,Drop,-1984907085,Drop,-984917185,Drop,1220060111,Dash,1220060111,Dash,1220060111,Dash,1220060111,Dash,-2084957185,Dash,-2084957185,Dash,-2084957185,Dash,-1984907085,Drop,0,None,0,None,0,None,0,None,0,None,0,None,0,None,0,None,0,None,0,None,0,None,0,None,0,None,0,None,0,None,0,None
6220558,wave_tower_elysion_007,Defense,None,90,20,8,True,True,point_grd_tower_002_rightclear,point_fly_tower_002_rightclear,sbg_tower_002_rightclear,Tower,Elysion,ibg_tower_defense_001,6,69,0,,,path_grd_mid_elite1_802,-1,path_fly_mid_small_027,12,path_grd_mid_special_025,-1,path_fly_mid_small_008,-1,path_grd_mid_elite2_805,2,path_fly_close_small_026,-1,path_grd_mid_elite1_802,10,path_grd_mid_small_075,10,path_fly_mid_elite3_814,-1,,-1,-1074917185,Normal,-1074917185,Normal,1220050111,Drop,-1974947085,Drop,-2084947185,Normal,-1084927185,Drop,-2084947185,Normal,-1084917185,Drop,-1074917185,Normal,1120010111,Drop,1220050111,Drop,1220050111,Drop,-2084947185,Normal,-2084947185,Normal,-2084947185,Normal,-2084947185,Normal,-1074917185,Dash,1220050111,Dash,-974957085,Normal,-1974947185,Drop,-1084927185,Drop,-1084927185,Drop,-1084927185,Drop,-1084917185,Drop,1220050111,Dash,-1074917185,Normal,-1074917185,Dash,1220050111,Drop,-1074917185,Dash,-1074917185,Dash,1220050111,Dash,1220050111,Dash,-1074917185,Drop,-1084917185,Drop,-974957085,Drop,-1974947085,Drop,0,None,0,None,0,None,0,None
6220559,wave_tower_elysion_007,Campaign,None,90,0,7,True,False,point_grd_tower_004,point_fly_tower_004,sbg_tower_004,Tower,Elysion,ibg_tower_001,6,48,0,target_list,-974887185.0,path_grd_mid_small_043,-1,path_grd_mid_small_070,-1,path_grd_mid_elite2_805,-1,path_grd_mid_small_034,10,path_grd_close_small_069,0,path_grd_mid_elite2_808,8,path_grd_mid_small_043,-1,path_grd_mid_small_052,10,,-1,,-1,-1074937185,Dash,-1074937185,Dash,-1074937185,Dash,-1074937185,Dash,-1074937185,Drop,-1074887185,Drop,-1074937185,Drop,-2074917185,Normal,-1074937185,Dash,-2074957185,Dash,1320040211,Drop,-974887085,Drop,-1074887185,Drop,-1074937185,Drop,-1074937185,Drop,-1074937185,Drop,-2074957185,Drop,-1074887185,Drop,-1074937185,Drop,-2074917185,Normal,-1074937185,Dash,-2074957185,Dash,1320040211,Drop,-974887185,Drop,-2074957185,Drop,-1074937185,Drop,-1074937185,Drop,-1074887185,Drop,-1074937185,Drop,-1074937185,Drop,-1074937185,Drop,-1074937185,Drop,0,None,0,None,0,None,0,None,0,None,0,None,0,None,0,None
6220560,wave_tower_elysion_007,Campaign,None,180,0,6,False,False,point_grd_tower_003,point_fly_tower_003,sbg_tower_003_midclear,Tower,Elysion,ibg_tower_001,0,1,0,target_list,1421010111.0,path_grd_mid_centurion_902,-1,,-1,,-1,,-1,,-1,,-1,,-1,,-1,,-1,,-1,1421010111,Drop,0,None,0,None,0,None,0,None,0,None,0,None,0,None,0,None,0,None,0,None,0,None,0,None,0,None,0,None,0,None,0,None,0,None,0,None,0,None,0,None,0,None,0,None,0,None,0,None,0,None,0,None,0,None,0,None,0,None,0,None,0,None,0,None,0,None,0,None,0,None,0,None,0,None,0,None,0,None
6220561,wave_tower_elysion_007,Campaign,None,90,0,5,True,False,point_grd_tower_001,point_fly_tower_001,sbg_tower_001,Tower,Elysion,ibg_tower_001,0,18,24,target_list,-974947155.0,path_grd_mid_small_043,-1,path_grd_far_elite1_803,7,path_grd_far_small_044,4,path_grd_mid_small_070,-1,path_grd_far_elite1_803,0,path_grd_mid_small_073,5,,-1,,-1,,-1,,-1,-1074917155,Dash,-1074917155,Dash,-1074917155,Dash,-1074917155,Dash,1120010141,Jump,1120010141,Jump,-1074897155,Drop,-974947055,Drop,1220030141,Dash,-1074897155,Drop,1220030141,Dash,-1074897155,Drop,-2074937155,Jump,-2074937155,Jump,-2074937155,Jump,-2074927155,Jump,1220030141,Dash,1220030141,Dash,-1074897155,Drop,-974947155,Drop,-2074937155,Dash,-2074937155,Dash,-2074937155,Dash,-2074927155,Dash,0,None,0,None,0,None,0,None,0,None,0,None,0,None,0,None,0,None,0,None,0,None,0,None,0,None,0,None,0,None,0,None
6220562,wave_tower_elysion_007,Campaign,None,90,0,5,True,False,point_grd_tower_004,point_fly_tower_004,sbg_tower_004,Tower,Elysion,ibg_tower_001,21,27,0,target_list,-1974907155.0,path_grd_mid_small_049,-1,path_fly_mid_special_016,7,path_grd_close_small_051,6,path_fly_mid_small_050,0,path_grd_close_elite1_801,7,path_grd_close_small_001,-1,,-1,,-1,,-1,,-1,-1074917155,Drop,-1074917155,Drop,-1074917155,Drop,-1074917155,Drop,-2084947155,Jump,2110010141,Jump,2110010141,Jump,1310010241,Jump,1220040141,Dash,1220040141,Dash,1220040141,Dash,1220040141,Dash,1210020141,Jump,1210040141,Jump,1210020141,Dash,1210040141,Drop,-1074937155,Jump,-1074937155,Jump,-1074937155,Dash,-1974907155,Drop,-1074927155,Jump,-1074927155,Jump,-1074927155,Jump,-1074927155,Jump,0,None,0,None,0,None,0,None,0,None,0,None,0,None,0,None,0,None,0,None,0,None,0,None,0,None,0,None,0,None,0,None
6220563,wave_tower_elysion_007,Campaign,None,90,0,5,True,False,point_grd_tower_005,point_fly_tower_005,sbg_tower_005,Tower,Elysion,ibg_tower_001,0,0,0,target_list,1320010141.0,path_grd_mid_small_002,-1,path_grd_far_elite1_803,6,path_grd_mid_small_055,10,path_grd_far_elite1_803,0,path_grd_mid_small_070,7,path_grd_mid_small_043,6,,-1,,-1,,-1,,-1,1220040141,Jump,1220040141,Jump,1220040141,Jump,-2074927155,Dash,-2074957155,Drop,-2074957155,Drop,-2074927155,Drop,1320010241,Drop,1220040141,Dash,1220040141,Dash,1220040141,Dash,1220050141,Dash,-2074957155,Drop,-2074957155,Drop,-2074927155,Drop,1320010141,Drop,1220040141,Jump,1220050141,Jump,1220040141,Jump,-2074927155,Dash,-2074957155,Drop,1220050141,Drop,-2074957155,Drop,-2074957155,Drop,0,None,0,None,0,None,0,None,0,None,0,None,0,None,0,None,0,None,0,None,0,None,0,None,0,None,0,None,0,None,0,None
6220564,wave_tower_elysion_007,Defense,None,90,20,7,True,True,point_grd_tower_002_rightclear,point_fly_tower_002_rightclear,sbg_tower_002_rightclear,Tower,Elysion,ibg_tower_defense_001,15,63,0,,,path_grd_mid_small_037,-1,path_fly_mid_small_008,8,path_grd_close_special_024,-1,path_fly_mid_small_033,6,path_fly_mid_special_016,12,path_grd_mid_small_037,10,path_grd_mid_small_076,10,path_fly_mid_elite1_802,-1,path_fly_mid_elite1_802,15,,-1,-1074917155,Normal,-1074917155,Normal,-1074917155,Normal,-1074917155,Normal,-1084957155,Dash,-1084957155,Dash,-1084957155,Dash,-1084957155,Dash,-1074917155,Dash,-1074917155,Normal,2120010141,Drop,-2074927155,Dash,-1084957155,Normal,-1084957155,Normal,-1084957155,Normal,-1984917055,Normal,2110010141,Drop,-1084957155,Dash,-2074927155,Drop,-984917055,Dash,-1074917155,Normal,-1074917155,Normal,-1074917155,Normal,-1074917155,Normal,-1074917155,Dash,-1074917155,Dash,-2074927155,Dash,-2074927155,Dash,-1084957155,Drop,-1084957155,Drop,-2074927155,Dash,-1984917055,Normal,-1084957155,Drop,-1084957155,Drop,-2074927155,Drop,-984917055,Drop,0,None,0,None,0,None,0,None
6220565,wave_tower_elysion_007,Campaign,None,90,0,7,True,False,point_grd_tower_001,point_fly_tower_001,sbg_tower_001,Tower,Elysion,ibg_tower_001,6,48,0,target_list,-1974917155.0,path_grd_mid_small_073,-1,path_grd_mid_elite2_808,5,path_fly_mid_small_027,8,path_grd_mid_small_043,-1,path_grd_mid_elite2_805,0,path_grd_close_small_067,10,path_fly_mid_small_005,-1,path_fly_mid_small_008,-1,,-1,,-1,1220010141,Drop,1220010141,Drop,1220010141,Drop,1220050141,Drop,1220010141,Dash,1220010141,Dash,-1974947055,Drop,-1974917055,Drop,-1084917155,Dash,1210020141,Dash,-1084927155,Dash,1210020141,Dash,1220010141,Drop,1220050141,Drop,1220010141,Drop,1220050141,Drop,1220010141,Dash,1220010141,Dash,-1974917055,Drop,-1974917155,Drop,1220050141,Dash,1220010141,Dash,1220010141,Dash,-1974947055,Drop,-1084927155,Dash,1210020141,Dash,1210020141,Dash,-1084917155,Dash,-1084927155,Dash,1210020141,Dash,1210020141,Dash,-1084917155,Dash,0,None,0,None,0,None,0,None,0,None,0,None,0,None,0,None
6220566,wave_tower_elysion_007,Campaign,None,90,0,5,True,False,point_grd_tower_003,point_fly_tower_003,sbg_tower_003,Tower,Elysion,ibg_tower_001,0,42,0,target_list,1310010141.0,path_grd_mid_small_055,-1,path_fly_mid_elite1_802,-1,path_grd_mid_small_043,8,path_fly_mid_elite1_802,0,path_grd_mid_small_034,10,path_grd_mid_small_046,8,,-1,,-1,,-1,,-1,-1074937155,Drop,-1074937155,Drop,-1074937155,Drop,-1074937155,Drop,1210030141,Dash,1210030141,Dash,1210030141,Dash,1310010241,Dash,-1074937155,Drop,-1074937155,Drop,-1074937155,Drop,-1074887155,Drop,1210030141,Dash,1210030141,Dash,1210030141,Dash,1310010141,Dash,-1074887155,Drop,-1074937155,Drop,-1074937155,Drop,-1074937155,Drop,-1074937155,Drop,-1074937155,Drop,-1074937155,Drop,-1074887155,Drop,0,None,0,None,0,None,0,None,0,None,0,None,0,None,0,None,0,None,0,None,0,None,0,None,0,None,0,None,0,None,0,None
6220567,wave_tower_elysion_007,Campaign,None,90,0,7,True,False,point_grd_tower_005,point_fly_tower_005,sbg_tower_005,Tower,Elysion,ibg_tower_001,0,45,0,target_list,-1974937155.0,path_fly_mid_small_018,-1,path_grd_mid_elite2_805,5,path_fly_mid_small_036,10,path_grd_mid_elite2_805,0,path_grd_mid_elite1_802,10,path_fly_mid_small_005,-1,,-1,,-1,,-1,,-1,1210030141,Dash,1210030141,Dash,1210030141,Dash,1210030141,Dash,-1074957155,Dash,-1074957155,Dash,-974937055,Drop,-1974937055,Drop,1210030141,Dash,1210030141,Dash,1210030141,Dash,1210030141,Dash,-1074957155,Dash,-1074957155,Dash,-974937055,Drop,-974937055,Drop,-1074957155,Dash,-1074957155,Dash,-1074907155,Drop,-1974937155,Drop,1210030141,Dash,1210030141,Dash,1210030141,Dash,1210030141,Dash,0,None,0,None,0,None,0,None,0,None,0,None,0,None,0,None,0,None,0,None,0,None,0,None,0,None,0,None,0,None,0,None
6220568,wave_tower_elysion_007,BaseDefense,None,60,normal,7,True,True,point_grd_tower_003_midclear,point_fly_tower_003,sbg_tower_003_midclear,Tower,Elysion,ibg_tower_basedefense_001,15,24,24,,,path_grd_close_special_024,-1,path_grd_mid_small_070,10,path_grd_far_small_050,5,path_grd_far_elite2_809,2,path_grd_mid_small_070,10,path_grd_mid_small_012,6,path_grd_mid_small_076,7,path_grd_far_elite1_803,-1,,-1,,-1,-1174957155,Jump,-1074917155,Jump,-1074897155,Drop,-1974937055,Drop,-1074917155,Dash,-1074917155,Dash,-1074917155,Dash,-2074927155,Dash,1220010141,Dash,1220010141,Dash,-1074897155,Dash,-1074897155,Drop,-2074947155,Jump,-1074917155,Jump,-1974937055,Drop,-974947055,Drop,1220010141,Drop,1220010141,Drop,-1074897155,Drop,-2074927155,Dash,-1074917155,Dash,-1074917155,Dash,-1074897155,Dash,-1074897155,Dash,1220010141,Dash,1220010141,Dash,-2074927155,Dash,-2074927155,Dash,-1074917155,Dash,-1074897155,Dash,-2074927155,Drop,-974947155,Drop,0,None,0,None,0,None,0,None,0,None,0,None,0,None,0,None
6220569,wave_tower_elysion_007,Campaign,None,90,0,7,True,False,point_grd_tower_001,point_fly_tower_001,sbg_tower_001,Tower,Elysion,ibg_tower_001,0,54,0,target_list,-984927155.0,path_grd_mid_small_011,-1,path_fly_mid_small_050,5,path_grd_mid_elite1_802,12,path_fly_mid_small_024,6,path_grd_mid_small_043,0,path_fly_mid_small_050,-1,path_grd_mid_elite1_802,-1,path_fly_mid_small_030,-1,,-1,,-1,-1074927155,Drop,-1074927155,Drop,1220050141,Drop,1220050141,Drop,-2084947155,Dash,-2084947155,Dash,-1084927155,Drop,-984927055,Drop,-1074927155,Dash,-1074927155,Dash,1220050141,Drop,-1974937055,Drop,-2084947155,Dash,-2084947155,Dash,-1084927155,Dash,-1084927155,Dash,-1074927155,Dash,-1074927155,Dash,1220050141,Dash,-1974937055,Dash,-2084947155,Dash,-2084947155,Dash,-1084927155,Drop,-984927155,Drop,-1074927155,Dash,-1074927155,Dash,1220050141,Drop,-974897055,Drop,-2084947155,Dash,-2084947155,Dash,-1084927155,Dash,-1084927155,Dash,0,None,0,None,0,None,0,None,0,None,0,None,0,None,0,None
6220570,wave_tower_elysion_007,Campaign,None,180,0,6,False,False,point_grd_tower_003,point_fly_tower_003,sbg_tower_003_midclear,Tower,Elysion,ibg_tower_001,0,1,0,target_list,1421030141.0,path_grd_mid_centurion_901,-1,,-1,,-1,,-1,,-1,,-1,,-1,,-1,,-1,,-1,1421030141,Normal,0,None,0,None,0,None,0,None,0,None,0,None,0,None,0,None,0,None,0,None,0,None,0,None,0,None,0,None,0,None,0,None,0,None,0,None,0,None,0,None,0,None,0,None,0,None,0,None,0,None,0,None,0,None,0,None,0,None,0,None,0,None,0,None,0,None,0,None,0,None,0,None,0,None,0,None,0,None
6220571,wave_tower_elysion_007,Campaign,None,90,0,5,True,False,point_grd_tower_005,point_fly_tower_005,sbg_tower_005,Tower,Elysion,ibg_tower_001,0,30,0,target_list,-1974907175.0,path_grd_mid_small_070,-1,path_fly_mid_small_039,-1,path_grd_mid_small_034,7,path_grd_mid_small_068,0,path_grd_mid_small_043,10,,-1,,-1,,-1,,-1,,-1,-1074917175,Dash,-1074917175,Dash,-1074917175,Dash,-2074917175,Dash,1210020121,Dash,1210020121,Dash,1210040121,Dash,1310010221,Dash,-1074907175,Drop,-1074887175,Drop,-1074907175,Drop,-2074917175,Dash,-1074907175,Dash,-1074907175,Dash,-2074917175,Drop,-1974907175,Drop,-1074917175,Dash,-1074907175,Dash,-2074917175,Dash,-1074887175,Normal,0,None,0,None,0,None,0,None,0,None,0,None,0,None,0,None,0,None,0,None,0,None,0,None,0,None,0,None,0,None,0,None,0,None,0,None,0,None,0,None
6220572,wave_tower_elysion_007,Campaign,None,90,0,5,True,False,point_grd_tower_002,point_fly_tower_002,sbg_tower_002,Tower,Elysion,ibg_tower_001,9,12,15,target_list,1320010121.0,path_grd_mid_small_055,-1,path_grd_far_elite1_803,7,path_grd_mid_small_011,-1,path_grd_close_elite1_801,0,path_grd_far_small_074,6,,-1,,-1,,-1,,-1,,-1,1220060121,Drop,1220060121,Drop,1220060121,Drop,-2074927175,Drop,1220030121,Dash,1220030121,Dash,-1074897175,Drop,-974947075,Drop,-1074957175,Dash,-1074957175,Dash,-1074897175,Dash,-2074927175,Dash,1220060121,Dash,1220060121,Dash,-2074927175,Drop,1320010121,Drop,-1074897175,Dash,-1074897175,Dash,-1074897175,Dash,-2074927175,Dash,0,None,0,None,0,None,0,None,0,None,0,None,0,None,0,None,0,None,0,None,0,None,0,None,0,None,0,None,0,None,0,None,0,None,0,None,0,None,0,None
6220573,wave_tower_elysion_007,Campaign,None,90,0,5,True,False,point_grd_tower_001,point_fly_tower_001,sbg_tower_001,Tower,Elysion,ibg_tower_001,0,45,0,target_list,-974907175.0,path_grd_mid_small_002,-1,path_grd_mid_elite2_805,-1,path_grd_mid_small_012,8,path_grd_mid_elite2_805,0,path_grd_mid_special_025,7,,-1,,-1,,-1,,-1,,-1,-2074937175,Jump,-1074907175,Jump,-2074937175,Jump,-1074907175,Jump,-2074937175,Drop,-1074907175,Drop,-974907075,Drop,-974907075,Drop,-2074937175,Drop,-2074937175,Drop,-1074907175,Drop,-1074907175,Drop,-2074937175,Drop,-1074907175,Drop,-974907075,Drop,-974907175,Drop,-2074937175,Drop,-1174957175,Drop,-1074907175,Drop,-1074907175,Drop,0,None,0,None,0,None,0,None,0,None,0,None,0,None,0,None,0,None,0,None,0,None,0,None,0,None,0,None,0,None,0,None,0,None,0,None,0,None,0,None
6220574,wave_tower_elysion_007,BaseDefense,None,60,normal,6,True,True,point_grd_tower_003_midclear,point_fly_tower_003,sbg_tower_003_midclear,Tower,Elysion,ibg_tower_basedefense_001,0,42,15,,,path_grd_mid_small_043,-1,path_fly_mid_small_050,7,path_grd_mid_small_046,5,path_grd_mid_elite1_802,3,path_fly_far_small_051,10,path_grd_mid_elite2_805,6,path_grd_mid_small_076,8,path_grd_far_elite2_809,7,,-1,,-1,1220010121,Dash,1220010121,Dash,1220010121,Dash,-1074897175,Dash,1220010121,Drop,-1074897175,Drop,1220010121,Drop,-1084937175,Dash,1220010121,Jump,1220010121,Jump,1220010121,Jump,1220010121,Jump,1220010121,Jump,-1074897175,Jump,-1074897175,Drop,-974917075,Drop,-1074897175,Drop,1220010121,Drop,-1074897175,Drop,-1084937175,Dash,1120010121,Jump,1220010121,Jump,-1074897175,Drop,-1074897175,Drop,-1074897175,Drop,-1074897175,Drop,1220010121,Drop,1220010121,Drop,1220010121,Jump,-1074897175,Jump,-974917075,Drop,1320030221,Drop,0,None,0,None,0,None,0,None,0,None,0,None,0,None,0,None
6220575,wave_tower_elysion_007,Campaign,None,90,0,7,True,False,point_grd_tower_003,point_fly_tower_003,sbg_tower_003,Tower,Elysion,ibg_tower_001,24,27,0,target_list,1320030121.0,path_grd_mid_small_002,-1,path_grd_close_small_072,4,path_grd_mid_small_034,10,path_grd_close_small_042,3,path_grd_close_small_042,0,path_grd_mid_elite2_805,-1,path_grd_mid_small_043,6,path_grd_close_small_045,9,,-1,,-1,1220060121,Dash,1220060121,Dash,1220060121,Dash,-1074887175,Drop,1220060121,Dash,1220060121,Dash,1220060121,Dash,-1074887175,Drop,1220060121,Dash,1220060121,Dash,1320030221,Drop,1320040221,Drop,-1074887175,Drop,-1074887175,Drop,-1074887175,Drop,-1074887175,Drop,-1074887175,Drop,-1074887175,Drop,-1074887175,Drop,-1074887175,Drop,1220060121,Dash,1220060121,Dash,1320040221,Drop,1320030121,Drop,1220060121,Dash,-1074887175,Drop,1220060121,Dash,1220060121,Dash,1220060121,Dash,1220060121,Dash,1220060121,Dash,-1074887175,Drop,0,None,0,None,0,None,0,None,0,None,0,None,0,None,0,None
6220576,wave_tower_elysion_007,Campaign,None,90,0,5,True,False,point_grd_tower_004,point_fly_tower_004,sbg_tower_004,Tower,Elysion,ibg_tower_001,0,42,0,target_list,-1984947175.0,path_grd_mid_small_002,-1,path_fly_mid_elite1_802,-1,path_fly_mid_small_039,7,path_fly_mid_small_039,0,path_fly_mid_elite1_802,8,path_grd_mid_small_043,8,,-1,,-1,,-1,,-1,1220060121,Dash,1220060121,Dash,1220060121,Dash,1220060121,Dash,-2084947175,Dash,-2084947175,Dash,-2084927175,Drop,-1984947075,Drop,-2084947175,Drop,-2084947175,Drop,-2084947175,Drop,-2084947175,Drop,-2084947175,Drop,-2084947175,Drop,-2084927175,Drop,-2084927175,Drop,-2084947175,Dash,-2084947175,Dash,-2084927175,Drop,-1984947175,Drop,1220060121,Dash,1220060121,Dash,1220060121,Dash,1220060121,Dash,0,None,0,None,0,None,0,None,0,None,0,None,0,None,0,None,0,None,0,None,0,None,0,None,0,None,0,None,0,None,0,None
6220577,wave_tower_elysion_007,Campaign,None,90,0,7,True,False,point_grd_tower_001,point_fly_tower_001,sbg_tower_001,Tower,Elysion,ibg_tower_001,0,45,0,target_list,-1984957175.0,path_grd_mid_small_043,-1,path_fly_mid_small_033,-1,path_fly_mid_elite1_802,10,path_grd_mid_elite1_802,0,path_fly_mid_elite2_805,10,path_fly_mid_small_024,-1,,-1,,-1,,-1,,-1,-1074917175,Dash,-1074917175,Dash,-1074907175,Dash,-1074907175,Dash,-2084947175,Dash,-2084947175,Dash,-2084947175,Dash,-1984907075,Drop,-2084947175,Dash,-2084947175,Dash,-2084947175,Dash,-1984957075,Drop,-1074917175,Dash,-1074917175,Dash,-1074907175,Drop,-1974897075,Drop,-2084947175,Drop,-2084947175,Drop,-1984907075,Drop,-1984957175,Drop,-2084947175,Drop,-2084947175,Dash,1210010121,Dash,1210010121,Dash,0,None,0,None,0,None,0,None,0,None,0,None,0,None,0,None,0,None,0,None,0,None,0,None,0,None,0,None,0,None,0,None
6220578,wave_tower_elysion_007,BaseDefense,None,60,normal,7,True,True,point_grd_tower_003_midclear,point_fly_tower_003,sbg_tower_003_midclear,Tower,Elysion,ibg_tower_basedefense_001,0,66,9,,,path_grd_mid_elite1_802,-1,path_grd_mid_special_025,6,path_grd_mid_small_052,-1,path_grd_far_elite1_803,2,path_fly_mid_elite1_802,10,path_grd_mid_small_070,5,path_grd_mid_small_075,7,path_fly_mid_special_047,-1,,-1,,-1,-1074917175,Dash,-2074957175,Dash,-1074917175,Dash,1320030221,Drop,-1074917175,Dash,-1074907175,Dash,-2074957175,Dash,-2074917175,Dash,-2074957175,Dash,-2074957175,Dash,-1074907175,Dash,-1074907175,Dash,-1074907175,Dash,-2074957175,Dash,-2074917175,Drop,1320030221,Drop,-1074917175,Drop,-1074907175,Drop,-2074957175,Drop,1310010221,Drop,-1074907175,Drop,-1074907175,Drop,-2074957175,Drop,-2074917175,Dash,-2074957175,Drop,-2074957175,Drop,-2074917175,Drop,-2074957175,Drop,-1074917175,Drop,-2074957175,Drop,-2074917175,Drop,1310010121,Drop,0,None,0,None,0,None,0,None,0,None,0,None,0,None,0,None
6220579,wave_tower_elysion_007,Campaign,None,90,0,7,True,False,point_grd_tower_001,point_fly_tower_001,sbg_tower_001,Tower,Elysion,ibg_tower_001,0,54,0,target_list,-1984917175.0,path_fly_mid_small_050,-1,path_fly_mid_elite2_805,5,path_fly_mid_small_008,10,path_fly_mid_small_005,-1,path_fly_mid_elite2_805,0,path_fly_mid_small_036,10,path_fly_mid_small_021,8,path_fly_mid_small_036,-1,,-1,,-1,1210030121,Dash,1210030121,Dash,1210030121,Dash,1210040121,Normal,1210030121,Dash,1210030121,Dash,1310020221,Drop,1310010221,Drop,1210030121,Dash,-2084927175,Dash,1210030121,Dash,-2084927175,Dash,1210030121,Dash,-2084927175,Dash,1210030121,Dash,-2084927175,Dash,1210030121,Dash,1210030121,Dash,1310010221,Drop,-1984917175,Drop,1210030121,Dash,1210030121,Dash,-2084927175,Dash,-2084927175,Dash,-2084927175,Drop,1210030121,Drop,1210030121,Drop,-2084927175,Drop,1210030121,Drop,1210030121,Drop,1210030121,Drop,1210030121,Drop,0,None,0,None,0,None,0,None,0,None,0,None,0,None,0,None
6220580,wave_tower_elysion_007,Campaign,None,180,0,2,False,False,point_grd_motherwhale_001,point_fly_motherwhale_001,sbg_desertbba001_001,Desertmbg001,Day,ibg_desert_001,0,0,1,target_list,1510010121.0,b_fly_motherwhale_01,-1,,-1,,-1,,-1,,-1,,-1,,-1,,-1,,-1,,-1,1510010121,Normal,0,None,0,None,0,None,0,None,0,None,0,None,0,None,0,None,0,None,0,None,0,None,0,None,0,None,0,None,0,None,0,None,0,None,0,None,0,None,0,None,0,None,0,None,0,None,0,None,0,None,0,None,0,None,0,None,0,None,0,None,0,None,0,None,0,None,0,None,0,None,0,None,0,None,0,None,0,None
6220581,wave_tower_elysion_007,Campaign,None,90,0,5,True,False,point_grd_tower_003,point_fly_tower_003,sbg_tower_003,Tower,Elysion,ibg_tower_001,24,12,0,target_list,1320060131.0,path_grd_mid_small_055,-1,path_grd_close_elite1_801,7,path_grd_close_small_010,-1,path_grd_close_elite1_801,0,path_grd_mid_small_073,6,,-1,,-1,,-1,,-1,,-1,-2074957165,Drop,-2074957165,Drop,-2074957165,Drop,-2074927165,Drop,-2074957165,Dash,-2074957165,Dash,1220050131,Drop,1320060231,Drop,-2074957165,Dash,-2074957165,Dash,-2074957165,Dash,-2074927165,Dash,-2074957165,Dash,-2074957165,Dash,-2074927165,Drop,1320060131,Drop,-2074957165,Dash,-2074957165,Dash,-2074957165,Dash,-2074927165,Dash,0,None,0,None,0,None,0,None,0,None,0,None,0,None,0,None,0,None,0,None,0,None,0,None,0,None,0,None,0,None,0,None,0,None,0,None,0,None,0,None
6220582,wave_tower_elysion_007,Campaign,None,90,0,5,True,False,point_grd_tower_004,point_fly_tower_004,sbg_tower_004,Tower,Elysion,ibg_tower_001,0,15,18,target_list,-984957165.0,path_grd_mid_small_037,-1,path_grd_far_small_041,7,path_fly_far_small_031,-1,path_fly_mid_elite2_805,0,path_grd_far_small_044,-1,,-1,,-1,,-1,,-1,,-1,-1074907165,Dash,-2074927165,Dash,-1074907165,Dash,1320040231,Dash,-1074907165,Dash,-1074907165,Dash,-1074907165,Dash,-2074917165,Dash,1210010131,Drop,1210010131,Drop,1210010131,Drop,-1084937165,Drop,1210010131,Jump,1210010131,Jump,-1084937165,Drop,-984957165,Drop,-1074907165,Dash,-2074927165,Dash,-1074907165,Dash,-2074927165,Dash,0,None,0,None,0,None,0,None,0,None,0,None,0,None,0,None,0,None,0,None,0,None,0,None,0,None,0,None,0,None,0,None,0,None,0,None,0,None,0,None
6220583,wave_tower_elysion_007,Campaign,None,90,0,5,True,False,point_grd_tower_001,point_fly_tower_001,sbg_tower_001,Tower,Elysion,ibg_tower_001,0,42,0,target_list,-1974957165.0,path_grd_mid_small_002,-1,path_fly_mid_small_050,-1,path_grd_mid_elite1_802,8,path_grd_mid_elite2_808,0,path_fly_mid_small_050,10,path_grd_mid_small_043,7,,-1,,-1,,-1,,-1,-1074927165,Dash,-1074927165,Dash,-1074927165,Dash,-1074927165,Dash,-1084957165,Dash,-1084957165,Dash,-1084957165,Dash,-1084937165,Dash,-1074927165,Drop,-1074927165,Drop,-1074907165,Drop,-1974957065,Drop,-1074927165,Dash,-1074907165,Dash,1320030231,Drop,-1974957165,Drop,-1084957165,Dash,-1084957165,Dash,-1084957165,Dash,-1084937165,Dash,-1074927165,Drop,-1074907165,Drop,-1074927165,Drop,-1074907165,Drop,0,None,0,None,0,None,0,None,0,None,0,None,0,None,0,None,0,None,0,None,0,None,0,None,0,None,0,None,0,None,0,None
6220584,wave_tower_elysion_007,Defense,None,90,20,7,True,True,point_grd_tower_002_rightclear,point_fly_tower_002_rightclear,sbg_tower_002_rightclear,Tower,Elysion,ibg_tower_defense_001,27,51,0,,,path_grd_close_small_039,-1,path_fly_mid_small_036,8,path_grd_close_special_064,-1,path_fly_mid_elite1_802,4,path_grd_close_small_048,12,path_fly_mid_special_047,10,path_grd_mid_small_075,10,path_fly_mid_elite1_802,-1,path_fly_mid_small_027,15,,-1,-2074947165,Jump,-2074947165,Jump,-2074947165,Jump,-2074947165,Jump,-2084947165,Dash,-2084947165,Dash,-2084927165,Dash,-2084927165,Dash,-1174957165,Jump,-2074947165,Jump,-2074957165,Normal,-2074957165,Normal,-2084947165,Dash,-2084947165,Dash,-2084927165,Drop,-1984907065,Drop,-2074957165,Normal,-2074957165,Normal,-2074957165,Normal,-2074957165,Normal,-1184957165,Drop,-1184957165,Drop,-2084947165,Normal,-2084927165,Dash,-2074957165,Dash,-2074957165,Dash,-2074957165,Dash,-2074957165,Dash,-2084947165,Normal,-2084947165,Normal,-2084927165,Drop,-1984907065,Dash,-2084947165,Normal,-2084927165,Dash,-2084947165,Normal,-984947065,Normal,0,None,0,None,0,None,0,None
6220585,wave_tower_elysion_007,Campaign,None,90,0,7,True,False,point_grd_tower_005,point_fly_tower_005,sbg_tower_005,Tower,Elysion,ibg_tower_001,6,48,0,target_list,-974917165.0,path_grd_mid_small_049,-1,path_grd_mid_elite2_808,5,path_grd_mid_small_008,-1,path_grd_mid_small_043,-1,path_grd_mid_elite2_808,0,path_grd_close_small_067,10,path_grd_mid_small_040,-1,path_grd_mid_small_037,-1,,-1,,-1,1220040131,Dash,1220040131,Dash,1220040131,Dash,1220040131,Dash,1220040131,Dash,1220040131,Dash,-1974947065,Drop,-974927065,Drop,-1074947165,Drop,1220040131,Drop,1220040131,Drop,-1074947165,Drop,-1074947165,Dash,1220040131,Dash,-1074947165,Dash,1220040131,Dash,1220040131,Dash,1220040131,Dash,-974917165,Drop,-974927065,Drop,1220040131,Dash,-1074947165,Dash,1220040131,Dash,-1974947065,Drop,-1074947165,Dash,-1074947165,Dash,1220040131,Dash,1220040131,Dash,-1074947165,Dash,1220040131,Dash,-1074947165,Dash,1220040131,Dash,0,None,0,None,0,None,0,None,0,None,0,None,0,None,0,None
6220586,wave_tower_elysion_007,Campaign,None,90,0,5,True,False,point_grd_tower_001,point_fly_tower_001,sbg_tower_001,Tower,Elysion,ibg_tower_001,0,36,0,target_list,1320060131.0,path_grd_mid_small_055,-1,path_grd_mid_elite3_814,-1,path_grd_mid_small_011,8,path_grd_mid_elite3_814,0,path_grd_mid_small_043,8,,-1,,-1,,-1,,-1,,-1,-2074957165,Drop,-2074957165,Drop,-2074957165,Drop,-2074957165,Drop,-2074947165,Dash,-974957065,Dash,-2074927165,Dash,1320060231,Dash,-2074957165,Drop,-2074957165,Drop,-2074957165,Drop,-2074957165,Drop,-2074947165,Dash,-974957065,Dash,-2074927165,Drop,1320060131,Drop,-2074957165,Drop,-2074957165,Drop,-2074957165,Drop,-2074957165,Drop,0,None,0,None,0,None,0,None,0,None,0,None,0,None,0,None,0,None,0,None,0,None,0,None,0,None,0,None,0,None,0,None,0,None,0,None,0,None,0,None
6220587,wave_tower_elysion_007,Campaign,None,90,0,7,True,False,point_grd_tower_003,point_fly_tower_003,sbg_tower_003,Tower,Elysion,ibg_tower_001,0,42,0,target_list,-1984927165.0,path_grd_mid_small_002,-1,path_fly_mid_elite2_808,5,path_grd_mid_small_043,10,path_fly_mid_elite2_808,0,path_grd_mid_small_037,10,path_grd_mid_small_040,-1,,-1,,-1,,-1,,-1,-2074937165,Dash,-2074937165,Dash,-2074937165,Dash,-2074937165,Dash,-1084947165,Dash,-1084947165,Dash,1310030231,Drop,-1984927065,Drop,-2074937165,Dash,-2074937165,Dash,-2074937165,Dash,-2074937165,Dash,-1084947165,Dash,-1084947165,Dash,-1984927065,Drop,-1984927165,Drop,-2074937165,Dash,-2074937165,Dash,-2074937165,Dash,-2074937165,Dash,-2074937165,Dash,-2074937165,Dash,-2074937165,Dash,-2074937165,Dash,0,None,0,None,0,None,0,None,0,None,0,None,0,None,0,None,0,None,0,None,0,None,0,None,0,None,0,None,0,None,0,None
6220588,wave_tower_elysion_007,Defense,None,90,20,8,True,True,point_grd_tower_002_rightclear,point_fly_tower_002_rightclear,sbg_tower_002_rightclear,Tower,Elysion,ibg_tower_defense_001,6,69,0,,,path_grd_mid_elite1_802,-1,path_fly_mid_small_027,12,path_grd_mid_special_025,-1,path_fly_mid_small_008,-1,path_grd_mid_elite2_805,2,path_fly_close_small_026,-1,path_grd_mid_elite1_802,10,path_grd_mid_small_075,10,path_fly_mid_elite3_814,-1,,-1,-1074917165,Normal,-1074917165,Normal,1220050131,Drop,-1974947065,Drop,-2084947165,Normal,-1084927165,Drop,-2084947165,Normal,-1084917165,Drop,-1074917165,Normal,1120010131,Drop,1220050131,Drop,1220050131,Drop,-2084947165,Normal,-2084947165,Normal,-2084947165,Normal,-2084947165,Normal,-1074917165,Dash,1220050131,Dash,-974957065,Normal,-1974947165,Drop,-1084927165,Drop,-1084927165,Drop,-1084927165,Drop,-1084917165,Drop,1220050131,Dash,-1074917165,Normal,-1074917165,Dash,1220050131,Drop,-1074917165,Dash,-1074917165,Dash,1220050131,Dash,1220050131,Dash,-1074917165,Drop,-1084917165,Drop,-974957065,Drop,-1974947065,Drop,0,None,0,None,0,None,0,None
6220589,wave_tower_elysion_007,Campaign,None,90,0,7,True,False,point_grd_tower_004,point_fly_tower_004,sbg_tower_004,Tower,Elysion,ibg_tower_001,0,42,0,target_list,1320060131.0,path_grd_mid_small_002,-1,path_grd_mid_elite2_805,-1,path_grd_mid_small_070,8,path_grd_mid_elite2_805,0,path_grd_mid_small_070,8,path_grd_mid_small_043,-1,,-1,,-1,,-1,,-1,-1074937165,Dash,-1074937165,Dash,-1074937165,Dash,-1074937165,Dash,-1074937165,Dash,-2074927165,Dash,1320060231,Drop,1320060231,Drop,-1074937165,Drop,-1074937165,Drop,-1074937165,Drop,-2074927165,Dash,-1074937165,Dash,-2074927165,Dash,1320060231,Drop,1320060131,Drop,-1074937165,Drop,1320060231,Drop,-1074937165,Drop,-2074927165,Dash,-1074937165,Dash,-1074937165,Dash,-1074937165,Dash,-1074937165,Dash,0,None,0,None,0,None,0,None,0,None,0,None,0,None,0,None,0,None,0,None,0,None,0,None,0,None,0,None,0,None,0,None
6220590,wave_tower_elysion_007,Campaign,None,180,0,5,False,False,point_grd_alteisen_01,point_fly_alteisen_01,sbg_desertmbg001_001,Desertmbg001,Day,ibg_desert_001,0,0,1,target_list,-774957165.0,b_g_alteisen_01,-1,,-1,,-1,,-1,,-1,,-1,,-1,,-1,,-1,,-1,-774957165,Normal,0,None,0,None,0,None,0,None,0,None,0,None,0,None,0,None,0,None,0,None,0,None,0,None,0,None,0,None,0,None,0,None,0,None,0,None,0,None,0,None,0,None,0,None,0,None,0,None,0,None,0,None,0,None,0,None,0,None,0,None,0,None,0,None,0,None,0,None,0,None,0,None,0,None,0,None,0,None
6220591,wave_tower_elysion_007,Campaign,None,90,0,5,True,False,point_grd_tower_001,point_fly_tower_001,sbg_tower_001,Tower,Elysion,ibg_tower_001,0,18,21,target_list,1320040151.0,path_grd_mid_small_049,-1,path_grd_far_small_071,7,path_grd_mid_small_012,-1,path_grd_mid_small_055,0,path_grd_far_special_066,-1,,-1,,-1,,-1,,-1,,-1,-1074917145,Drop,-1074917145,Drop,-1074917145,Drop,1320040251,Drop,-2074937145,Dash,-2074937145,Dash,-2074937145,Dash,-2074927145,Dash,-1074917145,Dash,-1074917145,Dash,-1074917145,Dash,-1074947145,Dash,-2074937145,Drop,-2074937145,Drop,-2074937145,Drop,1320040151,Drop,-2074937145,Dash,-2074937145,Dash,-1074907145,Drop,-1074907145,Drop,0,None,0,None,0,None,0,None,0,None,0,None,0,None,0,None,0,None,0,None,0,None,0,None,0,None,0,None,0,None,0,None,0,None,0,None,0,None,0,None
6220592,wave_tower_elysion_007,Campaign,None,90,0,5,True,False,point_grd_tower_004,point_fly_tower_004,sbg_tower_004,Tower,Elysion,ibg_tower_001,0,30,15,target_list,1310020151.0,path_grd_far_small_053,-1,path_grd_mid_elite1_802,6,path_fly_mid_small_050,-1,path_fly_far_elite1_803,0,path_grd_mid_special_065,6,,-1,,-1,,-1,,-1,,-1,1220060151,Dash,1220060151,Dash,1220060151,Dash,1220060151,Dash,1220020151,Jump,1220020151,Jump,1220020151,Jump,-1974957045,Jump,-2084957145,Drop,-2084957145,Drop,-2084957145,Drop,-1084937145,Drop,1210030151,Jump,1210030151,Jump,1210040151,Drop,1310020151,Drop,1220060151,Dash,1220060151,Dash,-1074927145,Drop,-1074927145,Drop,0,None,0,None,0,None,0,None,0,None,0,None,0,None,0,None,0,None,0,None,0,None,0,None,0,None,0,None,0,None,0,None,0,None,0,None,0,None,0,None
6220593,wave_tower_elysion_007,Campaign,None,90,0,7,True,False,point_grd_tower_005,point_fly_tower_005,sbg_tower_005,Tower,Elysion,ibg_tower_001,0,42,0,target_list,-1974907145.0,path_grd_mid_small_070,-1,path_grd_mid_elite1_802,-1,path_grd_mid_small_012,-1,path_grd_mid_elite1_802,0,path_grd_mid_small_070,-1,path_grd_mid_small_070,-1,,-1,,-1,,-1,,-1,1220010151,Jump,1220010151,Jump,1220010151,Jump,-2074917145,Dash,1220010151,Dash,-1074947145,Dash,-2074917145,Drop,-1974907045,Drop,1220010151,Dash,-1074947145,Dash,1220010151,Dash,-1074947145,Dash,1220010151,Dash,-1074947145,Dash,-2074917145,Drop,-1974907145,Drop,1220010151,Drop,1220010151,Drop,-1074947145,Drop,-2074917145,Dash,1220010151,Drop,1220010151,Drop,-1074947145,Drop,-2074917145,Dash,0,None,0,None,0,None,0,None,0,None,0,None,0,None,0,None,0,None,0,None,0,None,0,None,0,None,0,None,0,None,0,None
6220594,wave_tower_elysion_007,Defense,None,90,20,7,True,True,point_grd_tower_002_rightclear,point_fly_tower_002_rightclear,sbg_tower_002_rightclear,Tower,Elysion,ibg_tower_defense_001,0,63,0,,,path_fly_mid_small_005,-1,path_grd_mid_small_043,8,path_fly_mid_small_024,10,path_grd_mid_elite1_802,2,path_fly_mid_small_027,12,path_grd_mid_small_040,10,path_grd_mid_small_076,10,path_fly_mid_elite2_805,-1,path_fly_mid_elite1_802,15,,-1,1210020151,Normal,1210020151,Normal,1210020151,Normal,1210020151,Normal,-1074937145,Dash,-1074937145,Dash,-1074937145,Dash,-1074937145,Dash,-2084957145,Drop,-2084957145,Drop,-1084927145,Drop,-1084927145,Drop,-1074937145,Dash,-1074937145,Dash,1220060151,Normal,-1974937045,Drop,-2084957145,Drop,-2084957145,Drop,-1084927145,Drop,-1084917145,Drop,1220060151,Normal,1220060151,Normal,1220060151,Normal,1220060151,Normal,1220060151,Normal,1220060151,Normal,1220050151,Dash,1220050151,Dash,1210020151,Normal,1210020151,Normal,-1084917145,Drop,-1974937045,Drop,-2084957145,Dash,-2084957145,Dash,-1084927145,Drop,1310020251,Normal,0,None,0,None,0,None,0,None
6220595,wave_tower_elysion_007,Campaign,None,90,0,7,True,False,point_grd_tower_005,point_fly_tower_005,sbg_tower_005,Tower,Elysion,ibg_tower_001,6,48,0,target_list,-974917145.0,path_grd_mid_small_049,-1,path_grd_mid_elite2_808,5,path_grd_mid_small_008,-1,path_grd_mid_small_043,-1,path_grd_mid_elite2_808,0,path_grd_close_small_067,10,path_grd_mid_small_040,-1,path_grd_mid_small_037,-1,,-1,,-1,1220040151,Dash,1220040151,Dash,1220040151,Dash,1220040151,Dash,1220040151,Dash,1220040151,Dash,-1974947045,Drop,-974927045,Drop,-1074947145,Drop,1220040151,Drop,1220040151,Drop,-1074947145,Drop,-1074947145,Dash,1220040151,Dash,-1074947145,Dash,1220040151,Dash,1220040151,Dash,1220040151,Dash,-974917145,Drop,-974927045,Drop,1220040151,Dash,-1074947145,Dash,1220040151,Dash,-1974947045,Drop,-1074947145,Dash,-1074947145,Dash,1220040151,Dash,1220040151,Dash,-1074947145,Dash,1220040151,Dash,-1074947145,Dash,1220040151,Dash,0,None,0,None,0,None,0,None,0,None,0,None,0,None,0,None
6220596,wave_tower_elysion_007,Campaign,None,90,0,5,True,False,point_grd_tower_003,point_fly_tower_003,sbg_tower_003,Tower,Elysion,ibg_tower_001,0,24,18,target_list,1320010151.0,path_grd_mid_small_002,-1,path_grd_far_elite1_803,6,path_grd_mid_small_055,10,path_grd_far_elite1_803,0,path_grd_mid_small_070,7,path_grd_mid_small_043,6,,-1,,-1,,-1,,-1,1220040151,Jump,1220040151,Jump,1220040151,Jump,-2074927145,Dash,-2074957145,Drop,-2074957145,Drop,-2074927145,Drop,1320010251,Drop,1220040151,Dash,1220040151,Dash,1220040151,Dash,1220050151,Dash,-2074957145,Drop,-2074957145,Drop,-2074927145,Drop,1320010151,Drop,1220040151,Jump,1220050151,Jump,1220040151,Jump,-2074927145,Dash,-2074957145,Drop,1220050151,Drop,-2074957145,Drop,-2074957145,Drop,0,None,0,None,0,None,0,None,0,None,0,None,0,None,0,None,0,None,0,None,0,None,0,None,0,None,0,None,0,None,0,None
6220597,wave_tower_elysion_007,Campaign,None,90,0,7,True,False,point_grd_tower_002,point_fly_tower_002,sbg_tower_002,Tower,Elysion,ibg_tower_001,0,42,6,target_list,-984927145.0,path_fly_mid_small_021,-1,path_fly_mid_small_050,-1,path_fly_mid_elite1_802,10,path_fly_mid_small_036,-1,path_fly_far_small_034,0,path_fly_mid_elite2_808,8,path_fly_mid_small_036,-1,,-1,,-1,,-1,-2084947145,Drop,-2084947145,Drop,-2084947145,Drop,-2084947145,Drop,-2084947145,Dash,-2084947145,Dash,1210010151,Dash,-984927045,Drop,-2084947145,Dash,-2084947145,Dash,1210010151,Drop,1310020251,Drop,-2084947145,Dash,-2084947145,Dash,-2084947145,Dash,-2084947145,Dash,-2084947145,Drop,-2084947145,Drop,-2084947145,Drop,-984927145,Drop,-2084947145,Dash,-2084947145,Dash,1310020251,Drop,1310020251,Drop,1210010151,Drop,1210010151,Drop,-2084947145,Dash,-2084947145,Dash,0,None,0,None,0,None,0,None,0,None,0,None,0,None,0,None,0,None,0,None,0,None,0,None
6220598,wave_tower_elysion_007,BaseDefense,None,60,normal,7,True,True,point_grd_tower_003_midclear,point_fly_tower_003,sbg_tower_003_midclear,Tower,Elysion,ibg_tower_basedefense_001,6,51,0,,,path_grd_close_small_001,-1,path_fly_mid_elite1_802,3,path_fly_mid_small_030,4,path_grd_mid_elite1_802,2,path_fly_mid_small_039,-1,path_grd_mid_small_012,5,path_grd_mid_small_075,6,path_fly_mid_elite1_802,-1,,-1,,-1,-1074917145,Drop,-1074917145,Drop,-2074927145,Dash,1320030251,Dash,-1074957145,Drop,-1074957145,Drop,-2084927145,Dash,-1974917045,Drop,-1074917145,Drop,-1074917145,Drop,-2084927145,Jump,-2084927145,Jump,-1074957145,Jump,-1074957145,Jump,-1974917045,Drop,-2074927145,Drop,-1074917145,Drop,-1074917145,Drop,-2084927145,Dash,-2084927145,Dash,-1074917145,Dash,-1074917145,Dash,-1074917145,Dash,-2074927145,Dash,-1074957145,Jump,-1074957145,Jump,-1074957145,Jump,-2074927145,Jump,-1074917145,Drop,-1074917145,Drop,-2084927145,Jump,-1974917145,Drop,0,None,0,None,0,None,0,None,0,None,0,None,0,None,0,None
6220599,wave_tower_elysion_007,Campaign,None,90,0,7,True,False,point_grd_tower_004,point_fly_tower_004,sbg_tower_004,Tower,Elysion,ibg_tower_001,6,39,9,target_list,-984927145.0,path_grd_mid_small_011,-1,path_fly_mid_small_050,5,path_fly_mid_elite1_802,12,path_grd_mid_small_011,6,path_fly_far_elite2_809,0,path_grd_close_small_042,10,path_fly_mid_small_027,-1,path_fly_mid_small_036,8,,-1,,-1,-1074917145,Drop,-1074917145,Drop,-1074917145,Drop,-1074917145,Drop,-2084957145,Dash,-2084957145,Dash,-2084917145,Drop,-984927045,Drop,-2084957145,Dash,-2084957145,Dash,-2084917145,Drop,-1984927045,Drop,-1074917145,Dash,-1074917145,Dash,-2074897145,Dash,-2074897145,Dash,-2084957145,Dash,-2084957145,Dash,-1984927045,Drop,-984927145,Drop,-2074897145,Dash,-1074917145,Dash,-2074897145,Dash,-1074917145,Dash,-1984927045,Drop,-2084957145,Dash,-2084917145,Dash,-2084957145,Dash,-2084917145,Drop,-2084917145,Drop,-2084957145,Drop,-2084957145,Drop,0,None,0,None,0,None,0,None,0,None,0,None,0,None,0,None
6220600,wave_tower_elysion_007,Campaign,None,180,0,6,False,False,point_grd_tower_003_midclear,point_fly_tower_003,sbg_tower_003_midclear,Tower,Elysion,ibg_tower_basedefense_001,25,30,0,target_list,-874907145.0,path_grd_mid_centurion_901,-1,path_grd_mid_small_012,-1,path_fly_close_elite1_801,4,path_grd_mid_small_049,4,path_grd_mid_small_049,10,path_fly_mid_small_036,3,path_grd_mid_small_075,9,path_grd_close_special_024,10,,-1,,-1,-874907145,Normal,0,None,0,None,0,None,-1074917145,Dash,-1074917145,Dash,-1074917145,Dash,-2074927145,Dash,1110010151,Drop,1210010151,Drop,1210010151,Drop,-1984927045,Drop,-2074937145,Drop,-2074937145,Drop,-2074937145,Drop,-1074887145,Drop,-1074937145,Jump,1120010151,Jump,1120010151,Jump,-1074937145,Jump,-1084947145,Dash,-1184957145,Dash,-1084937145,Dash,-1184957145,Dash,-2074947145,Jump,-1074947145,Jump,-1074947145,Jump,-1974947045,Jump,-1174957145,Drop,-1174957145,Drop,-2074927145,Drop,-2074927145,Drop,0,None,0,None,0,None,0,None,0,None,0,None,0,None,0,None
6220601,wave_tower_elysion_007,Campaign,None,90,0,5,True,False,point_grd_tower_001,point_fly_tower_001,sbg_tower_001,Tower,Elysion,ibg_tower_001,9,15,12,target_list,1310030111.0,path_grd_close_elite1_801,-1,path_grd_far_small_033,7,path_grd_mid_small_058,7,path_fly_mid_elite1_802,0,path_grd_far_small_044,6,,-1,,-1,,-1,,-1,,-1,-1074937185,Dash,-1074937185,Dash,-2074927185,Jump,-1974917085,Jump,-2074937185,Dash,-2074937185,Dash,-2074937185,Dash,-2074927185,Dash,-1074937185,Dash,-1074937185,Dash,-1074937185,Dash,-2074927185,Dash,-1084957185,Dash,-1084957185,Dash,-1084937185,Drop,1310030111,Drop,-2074937185,Jump,-2074937185,Jump,-2074937185,Jump,-2074927185,Dash,0,None,0,None,0,None,0,None,0,None,0,None,0,None,0,None,0,None,0,None,0,None,0,None,0,None,0,None,0,None,0,None,0,None,0,None,0,None,0,None
6220602,wave_tower_elysion_007,Campaign,None,90,0,5,True,False,point_grd_tower_004,point_fly_tower_004,sbg_tower_004,Tower,Elysion,ibg_tower_001,6,30,0,target_list,-974897185.0,path_grd_mid_small_049,-1,path_fly_mid_elite1_802,7,path_grd_mid_small_058,-1,path_grd_mid_elite1_802,0,path_fly_close_small_023,6,,-1,,-1,,-1,,-1,,-1,1220060111,Dash,1220060111,Dash,1220060111,Dash,-2074927185,Dash,1210020111,Drop,1210020111,Drop,1210020111,Drop,1310030211,Drop,-2074937185,Dash,-2074937185,Dash,-2074937185,Dash,-2074927185,Dash,1220060111,Dash,1220060111,Dash,-2074937185,Drop,-974897185,Drop,-1084947185,Jump,-1084947185,Jump,-1084947185,Jump,-1084937185,Dash,0,None,0,None,0,None,0,None,0,None,0,None,0,None,0,None,0,None,0,None,0,None,0,None,0,None,0,None,0,None,0,None,0,None,0,None,0,None,0,None
6220603,wave_tower_elysion_007,Campaign,None,90,0,5,True,False,point_grd_tower_005,point_fly_tower_005,sbg_tower_005,Tower,Elysion,ibg_tower_001,6,27,0,target_list,-1984957185.0,path_grd_mid_small_070,-1,path_fly_mid_small_008,7,path_grd_close_small_036,7,path_grd_mid_elite1_802,0,path_fly_mid_small_030,7,,-1,,-1,,-1,,-1,,-1,-2074957185,Drop,-2074957185,Drop,-2074957185,Drop,-2074927185,Jump,-1084957185,Dash,-1084937185,Dash,-1084957185,Dash,-1984957085,Dash,-2074957185,Dash,-2074957185,Dash,-2074957185,Dash,-2074927185,Dash,-2074957185,Jump,-2074957185,Jump,-2074927185,Drop,1320020211,Drop,-1084957185,Drop,-1084937185,Drop,-1084957185,Drop,-1984957185,Dash,0,None,0,None,0,None,0,None,0,None,0,None,0,None,0,None,0,None,0,None,0,None,0,None,0,None,0,None,0,None,0,None,0,None,0,None,0,None,0,None
6220604,wave_tower_elysion_007,BaseDefense,None,60,normal,6,True,True,point_grd_tower_003_midclear,point_fly_tower_003,sbg_tower_003_midclear,Tower,Elysion,ibg_tower_basedefense_001,0,69,0,,,path_grd_mid_small_046,-1,path_fly_mid_small_050,-1,path_grd_mid_small_070,-1,path_grd_mid_elite2_808,3,path_fly_mid_small_050,10,path_grd_mid_small_043,10,path_grd_mid_small_075,4,path_grd_mid_elite1_802,-1,path_fly_mid_small_050,8,path_grd_mid_elite2_808,10,-2074947185,Drop,-2074947185,Drop,-2074947185,Drop,-2074947185,Drop,-1084927185,Drop,-1084917185,Drop,-1084927185,Drop,-1084937185,Normal,-2074947185,Dash,-2074947185,Dash,-2074947185,Dash,-2074927185,Dash,-2074947185,Drop,-2074927185,Drop,-974927085,Drop,1320040211,Drop,-1084927185,Drop,-1084917185,Drop,-1084927185,Drop,-1084937185,Normal,-2074957185,Drop,-2074957185,Drop,-2074957185,Drop,-2074957185,Drop,-2074957185,Drop,-2074957185,Drop,-2074927185,Normal,-2074957185,Drop,-2074957185,Drop,1220050111,Drop,-2074927185,Drop,-2074957185,Drop,-1084927185,Drop,-1084917185,Drop,-1084927185,Drop,-1084937185,Normal,-2074957185,Drop,-2074957185,Drop,-2074957185,Drop,1320040211,Drop
6220605,wave_tower_elysion_007,Campaign,None,90,0,7,True,False,point_grd_tower_003,point_fly_tower_003,sbg_tower_003,Tower,Elysion,ibg_tower_001,6,51,0,target_list,1320020111.0,path_grd_mid_small_043,-1,path_grd_mid_elite2_808,-1,path_grd_close_small_042,8,path_grd_mid_small_011,-1,path_grd_mid_elite2_808,0,path_grd_mid_small_043,10,path_grd_mid_elite1_802,-1,path_grd_mid_small_012,-1,,-1,,-1,-1074937185,Dash,-1074937185,Dash,-1074937185,Dash,-1074937185,Dash,-1074937185,Dash,-1074937185,Dash,-974917085,Drop,1320020211,Drop,-2074957185,Dash,-1074937185,Dash,-2074957185,Dash,1220050111,Dash,-1074937185,Drop,-1074937185,Drop,1220050111,Drop,-1074937185,Drop,-1074937185,Dash,-1074937185,Dash,-974917085,Drop,1320020111,Drop,-2074957185,Dash,-1074937185,Dash,-2074957185,Dash,1220050111,Dash,-2074957185,Dash,-1074937185,Dash,-1074937185,Dash,-1974947085,Drop,-1074937185,Drop,-1074937185,Drop,-1074937185,Drop,1220050111,Drop,0,None,0,None,0,None,0,None,0,None,0,None,0,None,0,None
6220606,wave_tower_elysion_007,Campaign,None,90,0,5,True,False,point_grd_tower_001,point_fly_tower_001,sbg_tower_001,Tower,Elysion,ibg_tower_001,30,18,0,target_list,-1974937185.0,path_grd_close_small_067,-1,path_grd_mid_small_012,-1,path_grd_mid_small_046,4,path_grd_close_elite1_801,0,path_grd_mid_small_043,6,path_grd_close_special_064,3,,-1,,-1,,-1,,-1,-1074937185,Dash,-1074937185,Dash,-1074937185,Drop,-1974947085,Drop,-1074937185,Dash,-1074937185,Dash,1220050111,Dash,1220050111,Dash,1220050111,Drop,1220050111,Drop,1220050111,Drop,1220050111,Drop,2120010111,Jump,2120010111,Jump,-2074927185,Drop,-974917085,Drop,1220050111,Dash,1220050111,Dash,1220050111,Dash,-1974937185,Dash,2120010111,Dash,2120010111,Dash,1220050111,Drop,1220050111,Drop,0,None,0,None,0,None,0,None,0,None,0,None,0,None,0,None,0,None,0,None,0,None,0,None,0,None,0,None,0,None,0,None
6220607,wave_tower_elysion_007,Campaign,None,90,0,7,True,False,point_grd_tower_002,point_fly_tower_002,sbg_tower_002,Tower,Elysion,ibg_tower_001,6,42,0,target_list,1320060111.0,path_grd_mid_small_005,-1,path_grd_mid_small_068,5,path_grd_mid_elite1_802,10,path_grd_mid_small_043,-1,path_grd_mid_elite2_805,0,path_grd_mid_small_043,-1,path_grd_close_small_067,6,,-1,,-1,,-1,1220010111,Dash,1220010111,Dash,1220010111,Dash,1220010111,Dash,1220010111,Drop,1220010111,Drop,1220010111,Drop,-1974947085,Drop,1220010111,Drop,1220010111,Drop,1220010111,Drop,1320060211,Drop,1220010111,Drop,1220010111,Drop,1220010111,Drop,1220010111,Drop,1220010111,Dash,1220010111,Dash,-1974947085,Drop,1320060111,Drop,1220010111,Dash,1220010111,Dash,1220010111,Dash,1220010111,Dash,1220010111,Dash,1220010111,Dash,1220010111,Dash,-1974947085,Drop,0,None,0,None,0,None,0,None,0,None,0,None,0,None,0,None,0,None,0,None,0,None,0,None
6220608,wave_tower_elysion_007,BaseDefense,None,60,normal,7,True,True,point_grd_tower_003_midclear,point_fly_tower_003,sbg_tower_003_midclear,Tower,Elysion,ibg_tower_basedefense_001,12,39,0,,,path_grd_mid_small_002,-1,path_grd_close_small_036,-1,path_grd_mid_small_040,8,path_grd_mid_small_070,3,path_grd_close_small_039,10,path_grd_mid_small_037,8,path_grd_mid_small_075,6,path_grd_mid_elite2_808,-1,,-1,,-1,1220020111,Drop,1220020111,Drop,1220020111,Drop,-1974947085,Drop,-2074957185,Drop,-2074957185,Drop,1220020111,Drop,-1074887185,Drop,-2074957185,Drop,1220020111,Drop,-1074887185,Drop,-2074957185,Drop,-2074957185,Drop,-1074887185,Drop,1220020111,Drop,-2074917185,Normal,-2074957185,Drop,-2074957185,Drop,1220020111,Drop,-1974947085,Drop,1220020111,Drop,-2074957185,Drop,-2074957185,Drop,-2074957185,Drop,1220020111,Drop,1220020111,Drop,-1074887185,Drop,-1074887185,Drop,1220020111,Drop,-2074957185,Drop,-1974947185,Drop,-974897085,Drop,0,None,0,None,0,None,0,None,0,None,0,None,0,None,0,None
6220609,wave_tower_elysion_007,Campaign,None,90,0,7,True,False,point_grd_tower_004,point_fly_tower_004,sbg_tower_004,Tower,Elysion,ibg_tower_001,6,42,0,target_list,-1974937185.0,path_fly_mid_small_050,-1,path_grd_mid_elite2_805,-1,path_grd_mid_small_043,-1,path_fly_mid_elite1_802,0,path_grd_mid_small_008,10,path_fly_close_small_035,8,path_grd_mid_small_043,-1,,-1,,-1,,-1,1210020111,Dash,1210020111,Dash,1210020111,Dash,1210020111,Dash,1220040111,Drop,1220040111,Drop,-1974937085,Drop,-1974937085,Drop,1220040111,Dash,-1074907185,Dash,1220040111,Dash,-1074907185,Dash,1210020111,Dash,1210020111,Dash,1210020111,Dash,-1984917085,Drop,-1974937085,Drop,1220040111,Dash,-1074907185,Dash,-1974937185,Drop,1210020111,Drop,1210020111,Drop,1210020111,Drop,1210020111,Drop,1220040111,Dash,-1074907185,Dash,1220040111,Dash,-1074907185,Dash,0,None,0,None,0,None,0,None,0,None,0,None,0,None,0,None,0,None,0,None,0,None,0,None
6220610,wave_tower_elysion_007,Campaign,None,180,0,6,False,False,point_grd_tower_003,point_fly_tower_003,sbg_tower_003_midclear,Tower,Elysion,ibg_tower_001,6,43,0,target_list,-874937045.0,path_grd_mid_centurion_902,-1,path_grd_mid_small_005,-1,path_grd_mid_elite2_805,-1,path_grd_mid_special_065,3,path_fly_mid_small_039,4,path_grd_close_small_004,8,path_fly_mid_small_036,-1,,-1,,-1,,-1,-874937045,Normal,0,None,0,None,0,None,1220040111,Normal,1220040111,Normal,-1074907185,Normal,-2074917185,Normal,1120010111,Jump,-1074957185,Jump,1120010111,Jump,-1074957185,Drop,-2074957185,Dash,2120010111,Dash,2120010111,Dash,-974917085,Drop,1210030111,Dash,-2084947185,Dash,-2084947185,Dash,-2084947185,Dash,-2074957185,Dash,-1174957185,Dash,-1174957185,Dash,-2074957185,Dash,1210030111,Dash,1210030111,Dash,-1184957185,Dash,1310010211,Dash,0,None,0,None,0,None,0,None,0,None,0,None,0,None,0,None,0,None,0,None,0,None,0,None
6220611,wave_tower_elysion_007,Campaign,None,90,0,5,True,False,point_grd_tower_005,point_fly_tower_005,sbg_tower_005,Tower,Elysion,ibg_tower_001,0,18,24,target_list,-974947155.0,path_grd_mid_small_043,-1,path_grd_far_elite1_803,7,path_grd_far_small_044,4,path_grd_mid_small_070,11,path_grd_far_elite1_803,0,path_grd_mid_small_073,5,,-1,,-1,,-1,,-1,-2074937155,Dash,-2074937155,Dash,-2074937155,Dash,-2074937155,Dash,1120010141,Dash,1120010141,Dash,-1074897155,Drop,-974947055,Drop,-2074937155,Dash,-1074897155,Dash,-2074937155,Dash,-1074897155,Dash,1120010141,Jump,1120010141,Jump,1120010141,Jump,-2074927155,Jump,-2074937155,Dash,-2074937155,Dash,-1074897155,Drop,-974947155,Drop,-2074937155,Dash,-2074937155,Dash,-2074937155,Dash,-2074927155,Dash,0,None,0,None,0,None,0,None,0,None,0,None,0,None,0,None,0,None,0,None,0,None,0,None,0,None,0,None,0,None,0,None
6220612,wave_tower_elysion_007,Campaign,None,90,0,5,True,False,point_grd_tower_002,point_fly_tower_002,sbg_tower_002,Tower,Elysion,ibg_tower_001,15,18,0,target_list,1320040141.0,path_grd_mid_small_049,-1,path_grd_close_small_054,7,path_fly_mid_small_039,4,path_grd_close_elite1_801,0,path_grd_mid_small_070,7,,-1,,-1,,-1,,-1,,-1,-1174957155,Drop,-1174957155,Drop,-1174957155,Drop,-2074927155,Dash,1220040141,Drop,1220040141,Drop,1220040141,Drop,-1974917055,Drop,-1084947155,Dash,-1084947155,Dash,-1084947155,Dash,-1084947155,Dash,1220040141,Jump,1220040141,Jump,-2074927155,Dash,1320040141,Drop,1220040141,Dash,1220040141,Dash,1220040141,Dash,-1074947155,Dash,0,None,0,None,0,None,0,None,0,None,0,None,0,None,0,None,0,None,0,None,0,None,0,None,0,None,0,None,0,None,0,None,0,None,0,None,0,None,0,None
6220613,wave_tower_elysion_007,Campaign,None,90,0,7,True,False,point_grd_tower_001,point_fly_tower_001,sbg_tower_001,Tower,Elysion,ibg_tower_001,21,27,0,target_list,-974937155.0,path_grd_mid_small_002,-1,path_fly_close_small_017,5,path_fly_mid_small_027,10,path_grd_close_elite3_813,-1,path_grd_mid_elite1_802,0,path_fly_mid_small_036,10,path_grd_close_small_042,-1,,-1,,-1,,-1,-1074917155,Dash,-1074917155,Dash,-1074927155,Dash,-1074927155,Dash,-1084927155,Drop,-1084927155,Drop,-1084927155,Drop,-1084927155,Drop,-1084957155,Drop,-1084957155,Drop,-1084937155,Drop,-984937055,Drop,1220050141,Drop,1220050141,Drop,1220050141,Drop,1220050141,Drop,1220050141,Dash,-1074917155,Dash,-1074927155,Dash,-974937155,Drop,-1084927155,Dash,-1084927155,Dash,-1084927155,Dash,-1084927155,Dash,-1074917155,Dash,-1074917155,Dash,-1074927155,Dash,-1074927155,Dash,0,None,0,None,0,None,0,None,0,None,0,None,0,None,0,None,0,None,0,None,0,None,0,None
6220614,wave_tower_elysion_007,Defense,None,90,20,7,True,True,point_grd_tower_002_rightclear,point_fly_tower_002_rightclear,sbg_tower_002_rightclear,Tower,Elysion,ibg_tower_defense_001,0,63,0,,,path_grd_mid_small_037,-1,path_grd_mid_small_070,8,path_fly_mid_small_050,8,path_fly_mid_elite2_805,4,path_grd_mid_small_070,12,path_fly_mid_small_024,8,path_grd_mid_small_075,5,path_fly_mid_elite1_802,10,path_fly_mid_elite2_805,10,,-1,-1074917155,Dash,-1074917155,Dash,-1174957155,Dash,-1074917155,Dash,-1074917155,Dash,-1174957155,Dash,-1074917155,Dash,-2074917155,Normal,-2084947155,Drop,-1184957155,Drop,-2084947155,Drop,-1084937155,Dash,-2084947155,Dash,-2084947155,Dash,-1984907055,Dash,-984917055,Dash,-1074947155,Drop,-1074947155,Drop,-1074917155,Drop,-2074927155,Dash,-1184957155,Drop,-2084947155,Drop,-1084937155,Drop,-1084937155,Drop,-1074947155,Drop,-2074917155,Drop,-1074947155,Drop,-2074917155,Drop,-2084947155,Dash,-1184957155,Dash,-1084937155,Dash,-984917055,Dash,-2084947155,Dash,-2084947155,Dash,-1984907055,Dash,-984917055,Dash,0,None,0,None,0,None,0,None
6220615,wave_tower_elysion_007,Campaign,None,90,0,7,True,False,point_grd_tower_004,point_fly_tower_004,sbg_tower_004,Tower,Elysion,ibg_tower_001,15,36,0,target_list,-1974907155.0,path_grd_mid_small_068,-1,path_grd_mid_elite2_808,-1,path_grd_close_small_007,8,path_grd_mid_small_008,-1,path_grd_mid_elite3_814,0,path_grd_close_elite1_801,10,path_grd_mid_small_070,-1,,-1,,-1,,-1,1220020141,Drop,1220020141,Drop,1220020141,Drop,1220020141,Drop,1220020141,Dash,1220020141,Dash,-1974907055,Drop,-974927055,Drop,1220020141,Dash,-1074947155,Dash,1220020141,Dash,-1074947155,Dash,-1074947155,Dash,1220020141,Dash,1220020141,Dash,-1074947155,Dash,1220020141,Dash,-974927055,Dash,-974927055,Drop,-974927055,Drop,1220020141,Drop,-1074947155,Drop,1220020141,Drop,-1974907155,Drop,-1074947155,Dash,1220020141,Dash,1220020141,Dash,-2074917155,Dash,0,None,0,None,0,None,0,None,0,None,0,None,0,None,0,None,0,None,0,None,0,None,0,None
6220616,wave_tower_elysion_007,Campaign,None,90,0,5,True,False,point_grd_tower_005,point_fly_tower_005,sbg_tower_005,Tower,Elysion,ibg_tower_001,0,33,0,target_list,-974937155.0,path_grd_mid_small_040,-1,path_fly_mid_small_005,7,path_fly_mid_small_050,7,path_fly_mid_elite1_802,0,path_grd_mid_small_043,7,,-1,,-1,,-1,,-1,,-1,1220060141,Dash,1220060141,Dash,1220060141,Dash,1220060141,Dash,1210020141,Dash,1210020141,Dash,1210020141,Dash,1210040141,Dash,1210030141,Dash,1210030141,Dash,1210030141,Dash,1210040141,Dash,-1084957155,Dash,-1084957155,Dash,1210010141,Drop,1310010241,Drop,-2074937155,Jump,-1074947155,Jump,-2074937155,Jump,-974937155,Dash,0,None,0,None,0,None,0,None,0,None,0,None,0,None,0,None,0,None,0,None,0,None,0,None,0,None,0,None,0,None,0,None,0,None,0,None,0,None,0,None
6220617,wave_tower_elysion_007,Campaign,None,90,0,7,True,False,point_grd_tower_001,point_fly_tower_001,sbg_tower_001,Tower,Elysion,ibg_tower_001,6,39,9,target_list,-1984957155.0,path_grd_mid_small_070,-1,path_fly_mid_elite2_808,5,path_fly_mid_small_005,10,path_grd_mid_small_040,-1,path_fly_far_elite2_806,0,path_grd_close_small_069,8,path_fly_mid_small_033,8,path_fly_mid_small_024,-1,,-1,,-1,-2074957155,Drop,-1074917155,Drop,-1074917155,Drop,-2074927155,Normal,-1084947155,Dash,-1084947155,Dash,-1984907055,Drop,-1984957055,Drop,-1084947155,Dash,1210030141,Dash,-1084947155,Dash,1210030141,Dash,-1074917155,Drop,-2074957155,Drop,-1074917155,Drop,-2074957155,Drop,-1084947155,Dash,1210030141,Dash,-1984907055,Drop,-1984957155,Drop,-2074957155,Drop,-1074917155,Drop,-1074917155,Drop,-2074927155,Dash,-1084947155,Dash,1210030141,Dash,-1084947155,Dash,-1984907055,Dash,1210030141,Dash,1210030141,Dash,-1084947155,Dash,-1084947155,Dash,0,None,0,None,0,None,0,None,0,None,0,None,0,None,0,None
6220618,wave_tower_elysion_007,Defense,None,90,20,8,True,True,point_grd_tower_002_rightclear,point_fly_tower_002_rightclear,sbg_tower_002_rightclear,Tower,Elysion,ibg_tower_defense_001,0,48,6,,,path_grd_mid_elite2_808,-1,path_grd_mid_small_040,9,path_grd_far_small_044,-1,path_fly_mid_special_016,-1,path_grd_mid_elite2_808,3,path_fly_mid_elite1_802,-1,,-1,,-1,,-1,,-1,-2074957155,Dash,-2074957155,Dash,-1974947055,Drop,-974937055,Normal,-2074957155,Jump,-2074957155,Jump,-2074957155,Normal,-1074947155,Jump,-2074957155,Dash,-1074907155,Dash,-2074957155,Dash,-1074907155,Dash,-2084947155,Drop,-1184957155,Drop,-2084947155,Dash,-1984937055,Dash,-2074957155,Dash,-1074907155,Dash,-1974947155,Drop,-974937055,Dash,-2084947155,Jump,-2084947155,Jump,1210010141,Drop,-1984937055,Drop,0,None,0,None,0,None,0,None,0,None,0,None,0,None,0,None,0,None,0,None,0,None,0,None,0,None,0,None,0,None,0,None
6220619,wave_tower_elysion_007,Campaign,None,90,0,7,True,False,point_grd_tower_003,point_fly_tower_003,sbg_tower_003,Tower,Elysion,ibg_tower_001,6,48,0,target_list,-1984927155.0,path_fly_mid_small_050,-1,path_fly_mid_elite2_808,5,path_fly_mid_small_036,10,path_fly_mid_small_036,8,path_fly_mid_elite2_805,0,path_fly_mid_small_050,8,path_fly_close_small_035,-1,path_fly_mid_small_027,-1,,-1,,-1,-1084957155,Jump,-1084957155,Jump,-1084957155,Jump,-1084937155,Normal,-1084957155,Dash,-1084957155,Dash,-1984907055,Drop,-1984927055,Drop,1210030141,Drop,1210030141,Drop,-2084917155,Drop,-2084917155,Drop,1210030141,Drop,1210030141,Drop,-2084917155,Drop,-2084917155,Drop,-1084957155,Dash,1210030141,Dash,-1984907055,Drop,-1984927155,Drop,-1084957155,Drop,1210030141,Drop,-2084917155,Drop,-1084937155,Dash,-2084917155,Drop,-1084957155,Drop,-1084957155,Drop,-2084917155,Drop,-1984907055,Drop,1210030141,Dash,-2084917155,Dash,1210030141,Dash,0,None,0,None,0,None,0,None,0,None,0,None,0,None,0,None
6220620,wave_tower_elysion_007,Campaign,None,180,0,7,False,False,point_grd_cityforestunder_004,point_fly_cityforestunder_004,sbg_cityforestunder_004_midclear,CityForestUnder,Day,ibg_cityforestunder_001,0,0,1,target_list,-1874897155.0,path_grd_mid_centurion_902,-1,,-1,,-1,,-1,,-1,,-1,,-1,,-1,,-1,,-1,-1874897155,Normal,0,None,0,None,0,None,0,None,0,None,0,None,0,None,0,None,0,None,0,None,0,None,0,None,0,None,0,None,0,None,0,None,0,None,0,None,0,None,0,None,0,None,0,None,0,None,0,None,0,None,0,None,0,None,0,None,0,None,0,None,0,None,0,None,0,None,0,None,0,None,0,None,0,None,0,None,0,None
6220621,wave_tower_elysion_007,Campaign,None,90,0,5,True,False,point_grd_tower_001,point_fly_tower_001,sbg_tower_001,Tower,Elysion,ibg_tower_001,12,21,0,target_list,-1974937175.0,path_grd_mid_small_002,-1,path_grd_close_small_067,6,path_grd_mid_small_011,6,path_grd_mid_elite1_802,0,path_grd_close_small_048,-1,,-1,,-1,,-1,,-1,,-1,-1074917175,Drop,-1074917175,Drop,-1074907175,Dash,-1074907175,Dash,-1074907175,Dash,-1074907175,Dash,-2074917175,Drop,1320030221,Drop,-1074907175,Jump,-1074907175,Jump,-1074907175,Jump,-1074907175,Jump,-1074907175,Jump,-1074907175,Jump,-1074947175,Drop,-1974937175,Drop,-1074917175,Drop,-1074917175,Drop,-1074917175,Drop,-1074917175,Drop,0,None,0,None,0,None,0,None,0,None,0,None,0,None,0,None,0,None,0,None,0,None,0,None,0,None,0,None,0,None,0,None,0,None,0,None,0,None,0,None
6220622,wave_tower_elysion_007,Campaign,None,90,0,5,True,False,point_grd_tower_002,point_fly_tower_002,sbg_tower_002,Tower,Elysion,ibg_tower_001,0,30,12,target_list,-1984947175.0,path_fly_mid_small_039,-1,path_grd_mid_special_025,7,path_grd_far_small_044,7,path_fly_mid_elite1_802,0,path_grd_far_small_071,7,,-1,,-1,,-1,,-1,,-1,1210020121,Dash,1210020121,Dash,1210020121,Dash,1210020121,Dash,-1174957175,Jump,-1174957175,Jump,1220030121,Drop,1320010221,Drop,1220030121,Dash,1220030121,Dash,-1074897175,Dash,-1074897175,Dash,1210020121,Dash,1210020121,Dash,-1084937175,Drop,-1984947175,Drop,1220030121,Jump,1220030121,Jump,1220030121,Jump,-2074927175,Jump,0,None,0,None,0,None,0,None,0,None,0,None,0,None,0,None,0,None,0,None,0,None,0,None,0,None,0,None,0,None,0,None,0,None,0,None,0,None,0,None
6220623,wave_tower_elysion_007,Campaign,None,90,0,7,True,False,point_grd_tower_004,point_fly_tower_004,sbg_tower_004,Tower,Elysion,ibg_tower_001,18,30,0,target_list,-974887175.0,path_fly_mid_small_030,-1,path_grd_mid_small_043,-1,path_grd_mid_elite1_802,6,path_grd_close_small_042,12,path_grd_close_small_013,0,path_grd_mid_elite1_802,7,path_fly_close_small_029,9,,-1,,-1,,-1,-2084957175,Drop,-2084957175,Drop,-2084957175,Drop,-1084927175,Drop,-2074947175,Dash,1220050121,Dash,-1074937175,Dash,1220050121,Dash,-2074947175,Jump,-2074947175,Jump,-1074937175,Drop,-974887075,Drop,-2074947175,Dash,1220050121,Dash,-1074937175,Dash,1220050121,Dash,-2074947175,Dash,-2074947175,Dash,-2074947175,Dash,-1974957075,Dash,-1074937175,Dash,-1074937175,Dash,1220050121,Drop,-974887175,Drop,-2084957175,Dash,-2084957175,Dash,-2084957175,Dash,-1084927175,Dash,0,None,0,None,0,None,0,None,0,None,0,None,0,None,0,None,0,None,0,None,0,None,0,None
6220624,wave_tower_elysion_007,Defense,None,90,20,7,True,True,point_grd_tower_002_rightclear,point_fly_tower_002_rightclear,sbg_tower_002_rightclear,Tower,Elysion,ibg_tower_defense_001,0,48,12,,,path_fly_mid_small_005,-1,path_fly_mid_small_050,8,path_grd_far_small_038,10,path_fly_mid_elite1_802,2,path_grd_far_small_062,12,path_fly_mid_small_053,10,path_grd_mid_small_076,10,path_fly_mid_elite1_802,-1,path_fly_mid_small_039,15,,-1,1210020121,Normal,1210020121,Normal,1210020121,Normal,1210020121,Normal,1210030121,Dash,1210030121,Dash,1210030121,Dash,1210040121,Drop,-2074957175,Jump,-2074957175,Jump,-2074957175,Jump,-2074957175,Jump,1210020121,Normal,1210020121,Normal,1210020121,Normal,-984917075,Drop,-2074957175,Jump,-2074957175,Jump,-2074957175,Jump,-1074947175,Dash,1210030121,Dash,1210030121,Dash,1210030121,Dash,1210040121,Dash,-2074957175,Dash,-2074957175,Dash,-2074957175,Dash,-2074957175,Dash,1210020121,Normal,1210020121,Normal,1210040121,Normal,-984917075,Dash,1210020121,Normal,1210020121,Normal,1210020121,Normal,-984917075,Normal,0,None,0,None,0,None,0,None
6220625,wave_tower_elysion_007,Campaign,None,90,0,7,True,False,point_grd_tower_002,point_fly_tower_002,sbg_tower_002,Tower,Elysion,ibg_tower_001,0,42,12,target_list,-974937175.0,path_fly_far_small_022,-1,path_fly_mid_small_033,-1,path_fly_mid_elite2_808,10,path_fly_mid_small_036,-1,path_grd_mid_elite3_811,0,path_grd_far_small_038,8,path_grd_mid_small_043,8,path_grd_mid_small_040,-1,,-1,,-1,1210030121,Dash,-2084947175,Dash,-2084947175,Dash,1210030121,Dash,-2084947175,Dash,1210030121,Dash,-2084947175,Dash,-1984907075,Drop,-2084947175,Dash,1210030121,Dash,-984937075,Drop,-984937075,Drop,1210030121,Drop,1210030121,Drop,-2084947175,Drop,-2084947175,Drop,-2074937175,Dash,-1974947075,Drop,-974937075,Drop,-974937175,Drop,-1074907175,Dash,-1074897175,Dash,-1074907175,Dash,-1074897175,Dash,-1074897175,Dash,-2074937175,Dash,-1074897175,Dash,-2074937175,Dash,-1074907175,Dash,-1074907175,Dash,-2074937175,Dash,-2074937175,Dash,0,None,0,None,0,None,0,None,0,None,0,None,0,None,0,None
6220626,wave_tower_elysion_007,Campaign,None,90,0,7,True,False,point_grd_tower_003,point_fly_tower_003,sbg_tower_003,Tower,Elysion,ibg_tower_001,12,45,15,target_list,-984927175.0,path_grd_close_small_004,-1,path_fly_mid_special_016,-1,path_grd_mid_special_025,10,path_fly_far_special_045,0,path_grd_close_small_048,9,path_grd_mid_special_065,8,,-1,,-1,,-1,,-1,-2074957175,Jump,1120010121,Jump,-2074957175,Jump,1120010121,Jump,-1184957175,Drop,-1084947175,Drop,-1084937175,Drop,-984927075,Drop,-2074957175,Jump,1120010121,Jump,-2074937175,Jump,-2074927175,Jump,-1184957175,Drop,-1084947175,Drop,-1084937175,Drop,-984927175,Drop,-1074947175,Dash,-2074957175,Dash,-2074957175,Dash,-2074957175,Dash,-2074957175,Drop,-2074937175,Drop,1120010121,Drop,-1074947175,Drop,0,None,0,None,0,None,0,None,0,None,0,None,0,None,0,None,0,None,0,None,0,None,0,None,0,None,0,None,0,None,0,None
6220627,wave_tower_elysion_007,Campaign,None,90,0,7,True,False,point_grd_tower_001,point_fly_tower_001,sbg_tower_001,Tower,Elysion,ibg_tower_001,0,39,9,target_list,1320010121.0,path_grd_mid_small_043,-1,path_grd_mid_small_055,5,path_grd_mid_elite2_805,10,path_grd_mid_small_034,-1,path_grd_mid_small_055,0,path_grd_far_elite2_809,8,path_grd_mid_small_043,-1,,-1,,-1,,-1,1220060121,Jump,1220060121,Jump,1220060121,Jump,1220060121,Jump,1220060121,Dash,1220060121,Dash,1220060121,Dash,-1074887175,Drop,1220060121,Dash,-1074907175,Dash,-974897075,Drop,1320010221,Drop,-1074887175,Drop,1220060121,Dash,1220060121,Dash,1220060121,Dash,1220060121,Dash,-1074907175,Dash,1220060121,Drop,-1074887175,Drop,1220060121,Dash,-1074907175,Dash,-974897075,Drop,1320010121,Drop,1220060121,Dash,1220060121,Dash,1220060121,Dash,-1074887175,Drop,0,None,0,None,0,None,0,None,0,None,0,None,0,None,0,None,0,None,0,None,0,None,0,None
6220628,wave_tower_elysion_007,BaseDefense,None,60,normal,7,True,True,point_grd_tower_003_midclear,point_fly_tower_003,sbg_tower_003_midclear,Tower,Elysion,ibg_tower_basedefense_001,12,39,0,,,path_grd_mid_small_002,-1,path_grd_close_small_036,-1,path_grd_mid_small_040,8,path_grd_mid_small_070,3,path_grd_close_small_039,10,path_grd_mid_small_037,8,path_grd_mid_small_075,6,path_grd_mid_elite2_808,-1,,-1,,-1,1220020121,Drop,1220020121,Drop,1220020121,Drop,-1974947075,Drop,-2074957175,Drop,-2074957175,Drop,1220020121,Drop,-1074887175,Drop,-2074957175,Drop,1220020121,Drop,-1074887175,Drop,-2074957175,Drop,-2074957175,Drop,-1074887175,Drop,1220020121,Drop,-2074917175,Normal,-2074957175,Drop,-2074957175,Drop,1220020121,Drop,-1974947075,Drop,1220020121,Drop,-2074957175,Drop,-2074957175,Drop,-2074957175,Drop,1220020121,Drop,1220020121,Drop,-1074887175,Drop,-1074887175,Drop,1220020121,Drop,-2074957175,Drop,-1974947175,Drop,-974897075,Drop,0,None,0,None,0,None,0,None,0,None,0,None,0,None,0,None
6220629,wave_tower_elysion_007,Campaign,None,90,0,7,True,False,point_grd_tower_005,point_fly_tower_005,sbg_tower_005,Tower,Elysion,ibg_tower_001,0,54,0,target_list,-1984917175.0,path_fly_mid_small_050,-1,path_fly_mid_elite2_805,5,path_fly_mid_small_008,10,path_fly_mid_small_005,-1,path_fly_mid_elite2_805,0,path_fly_mid_small_036,10,path_fly_mid_small_021,8,path_fly_mid_small_036,-1,,-1,,-1,1210030121,Dash,1210030121,Dash,1210030121,Dash,1210040121,Normal,1210030121,Dash,1210030121,Dash,1310020221,Drop,1310010221,Drop,1210030121,Dash,-2084927175,Dash,1210030121,Dash,-2084927175,Dash,1210030121,Dash,-2084927175,Dash,1210030121,Dash,-2084927175,Dash,1210030121,Dash,1210030121,Dash,1310010221,Drop,-1984917175,Drop,1210030121,Dash,1210030121,Dash,-2084927175,Dash,-2084927175,Dash,-2084927175,Drop,1210030121,Drop,1210030121,Drop,-2084927175,Drop,1210030121,Drop,1210030121,Drop,1210030121,Drop,1210030121,Drop,0,None,0,None,0,None,0,None,0,None,0,None,0,None,0,None
6220630,wave_tower_elysion_007,Campaign,None,180,0,6,False,False,point_grd_landeater_01,point_fly_landeater_01,sbg_iceland_b_001,IceLand,Day,ibg_iceland_001,1,0,0,target_list,-1774957170.0,b_g_landeater_01,-1,,-1,,-1,,-1,,-1,,-1,,-1,,-1,,-1,,-1,-1774957170,Normal,0,None,0,None,0,None,0,None,0,None,0,None,0,None,0,None,0,None,0,None,0,None,0,None,0,None,0,None,0,None,0,None,0,None,0,None,0,None,0,None,0,None,0,None,0,None,0,None,0,None,0,None,0,None,0,None,0,None,0,None,0,None,0,None,0,None,0,None,0,None,0,None,0,None,0,None,0,None
6220631,wave_tower_elysion_007,Campaign,None,90,0,5,True,False,point_grd_tower_001,point_fly_tower_001,sbg_tower_001,Tower,Elysion,ibg_tower_001,18,15,9,target_list,-1984947165.0,path_grd_close_small_048,-1,path_fly_mid_elite1_802,-1,path_fly_mid_small_050,-1,path_grd_close_small_054,7,path_fly_far_elite1_803,0,path_fly_close_small_029,6,,-1,,-1,,-1,,-1,1220040131,Jump,1220040131,Jump,1220040131,Jump,1220040131,Jump,-1084927165,Dash,-1084927165,Dash,-1084937165,Drop,-1984947065,Drop,-2084957165,Drop,-2084957165,Drop,-2084957165,Drop,-1084937165,Drop,1220050131,Drop,1220050131,Drop,1220050131,Drop,1220050131,Drop,-2084957165,Dash,-2084957165,Dash,-1084937165,Drop,-1984947165,Drop,-1084927165,Drop,-1084927165,Drop,-1084927165,Drop,-1084927165,Drop,0,None,0,None,0,None,0,None,0,None,0,None,0,None,0,None,0,None,0,None,0,None,0,None,0,None,0,None,0,None,0,None
6220632,wave_tower_elysion_007,Campaign,None,90,0,5,True,False,point_grd_tower_002,point_fly_tower_002,sbg_tower_002,Tower,Elysion,ibg_tower_001,0,24,12,target_list,-974897165.0,path_grd_mid_small_002,-1,path_grd_mid_elite1_802,7,path_grd_far_small_053,-1,path_grd_mid_elite1_802,0,path_grd_far_small_044,-1,,-1,,-1,,-1,,-1,,-1,-2074937165,Jump,-2074937165,Jump,-2074937165,Dash,-2074927165,Dash,-2074937165,Dash,-2074937165,Dash,-2074937165,Dash,-974897065,Dash,-2074937165,Dash,-2074937165,Dash,-2074937165,Dash,-2074937165,Dash,-2074937165,Dash,-2074937165,Dash,-2074927165,Drop,-974897165,Drop,-2074937165,Dash,-2074937165,Dash,-2074937165,Dash,-2074937165,Dash,0,None,0,None,0,None,0,None,0,None,0,None,0,None,0,None,0,None,0,None,0,None,0,None,0,None,0,None,0,None,0,None,0,None,0,None,0,None,0,None
6220633,wave_tower_elysion_007,Campaign,None,90,0,7,True,False,point_grd_tower_005,point_fly_tower_005,sbg_tower_005,Tower,Elysion,ibg_tower_001,12,42,0,target_list,-1984927165.0,path_grd_mid_small_002,-1,path_fly_mid_elite1_802,6,path_grd_close_small_060,-1,path_fly_mid_small_021,6,path_fly_mid_elite2_805,0,path_fly_close_small_049,-1,path_grd_mid_small_043,-1,path_grd_mid_small_005,8,,-1,,-1,1220060131,Dash,1220060131,Dash,1220060131,Dash,1220060131,Dash,1210030131,Drop,-1084927165,Drop,-1084937165,Drop,-1984927065,Drop,1220060131,Drop,1220050131,Drop,1220060131,Drop,1220050131,Drop,-1084927165,Drop,1210030131,Drop,1210030131,Drop,-1084927165,Drop,1210030131,Drop,-1084927165,Drop,1310010231,Drop,-1984927165,Drop,1210030131,Dash,1210030131,Dash,1210030131,Dash,-1084937165,Normal,1220060131,Drop,1220050131,Drop,1220060131,Drop,1220050131,Drop,1220060131,Dash,1220060131,Dash,1220060131,Dash,1220060131,Dash,0,None,0,None,0,None,0,None,0,None,0,None,0,None,0,None
6220634,wave_tower_elysion_007,BaseDefense,None,60,normal,6,True,True,point_grd_tower_003_midclear,point_fly_tower_003,sbg_tower_003_midclear,Tower,Elysion,ibg_tower_basedefense_001,6,57,0,,,path_grd_close_small_051,-1,path_grd_mid_small_070,-1,path_grd_mid_small_011,-1,path_grd_mid_elite1_802,2,path_grd_mid_small_043,10,path_grd_mid_special_065,-1,path_grd_mid_small_075,4,path_grd_mid_elite1_802,7,,-1,,-1,-1074927165,Dash,-1074927165,Dash,-1074927165,Dash,-1074927165,Dash,-2074947165,Jump,-2074947165,Jump,-2074947165,Jump,-2074917165,Drop,-2074947165,Jump,-2074947165,Jump,-2074947165,Jump,-2074947165,Jump,-2074947165,Dash,-2074947165,Dash,-1074927165,Drop,-1974947065,Drop,-1074927165,Jump,-1074927165,Jump,1120010131,Jump,-974957065,Jump,1120010131,Jump,1120010131,Jump,-1074927165,Drop,-1074947165,Drop,-2074947165,Dash,-2074947165,Dash,-2074947165,Dash,-2074947165,Dash,-1074927165,Jump,-1074927165,Jump,-1074947165,Drop,-1974947065,Drop,0,None,0,None,0,None,0,None,0,None,0,None,0,None,0,None
6220635,wave_tower_elysion_007,Campaign,None,90,0,7,True,False,point_grd_tower_005,point_fly_tower_005,sbg_tower_005,Tower,Elysion,ibg_tower_001,51,36,0,target_list,1310010131.0,path_fly_mid_small_018,-1,path_fly_close_special_044,-1,path_fly_mid_small_030,-1,path_fly_close_special_046,10,path_fly_mid_elite2_808,0,path_fly_close_special_046,6,path_fly_close_small_041,9,path_fly_mid_special_016,10,,-1,,-1,1210030131,Drop,1210030131,Drop,1210010131,Dash,1210010131,Dash,-1084957165,Drop,-1084957165,Drop,-1084927165,Drop,1310010231,Drop,1210030131,Drop,1210030131,Drop,1210030131,Drop,-1084937165,Drop,-2084947165,Dash,-2084947165,Dash,-1084927165,Drop,-1084927165,Drop,1210030131,Dash,1210030131,Dash,-984937065,Dash,-984937065,Dash,1210030131,Dash,1210030131,Dash,1210030131,Drop,1310010131,Drop,-1084927165,Drop,-1084927165,Drop,-1084927165,Drop,-1084927165,Drop,-2084947165,Drop,-2084947165,Drop,-1084957165,Drop,-1084937165,Drop,0,None,0,None,0,None,0,None,0,None,0,None,0,None,0,None
6220636,wave_tower_elysion_007,Campaign,None,90,0,5,True,False,point_grd_tower_003,point_fly_tower_003,sbg_tower_003,Tower,Elysion,ibg_tower_001,6,51,0,target_list,-1974917165.0,path_grd_mid_special_025,-1,path_fly_mid_small_030,10,path_grd_close_small_013,4,path_grd_mid_elite1_802,0,path_grd_mid_special_025,6,path_grd_mid_small_043,3,,-1,,-1,,-1,,-1,1120010131,Jump,1120010131,Jump,-1074917165,Drop,-1974917065,Drop,1210020131,Drop,1210020131,Drop,1210020131,Drop,-1084927165,Drop,1220050131,Dash,1220050131,Dash,1220050131,Dash,1220050131,Dash,-1074917165,Dash,-1074917165,Dash,1220050131,Drop,1320030231,Drop,-1174957165,Dash,-1174957165,Dash,1220050131,Drop,-1974917165,Dash,1220050131,Dash,1220050131,Dash,1220050131,Dash,-2074927165,Dash,0,None,0,None,0,None,0,None,0,None,0,None,0,None,0,None,0,None,0,None,0,None,0,None,0,None,0,None,0,None,0,None
6220637,wave_tower_elysion_007,Campaign,None,90,0,7,True,False,point_grd_tower_004,point_fly_tower_004,sbg_tower_004,Tower,Elysion,ibg_tower_001,0,42,6,target_list,1320030131.0,path_fly_mid_small_024,-1,path_grd_mid_elite2_805,-1,path_grd_far_small_071,-1,path_grd_mid_small_043,11,path_grd_mid_elite3_814,0,path_fly_mid_small_053,10,path_grd_mid_small_049,-1,,-1,,-1,,-1,1210030131,Drop,1210030131,Drop,1210030131,Drop,-1084937165,Drop,-1074927165,Jump,-1074927165,Jump,-1974917065,Jump,-1974917065,Jump,-1074927165,Dash,-1074927165,Dash,-1074927165,Dash,-1074897165,Dash,-1074927165,Dash,-2074927165,Dash,-1074927165,Dash,-2074927165,Dash,-1074927165,Dash,-1974957065,Dash,-1974957065,Dash,1320030131,Drop,1210030131,Drop,1210030131,Drop,1210030131,Drop,-1084937165,Dash,-1074927165,Drop,-1074927165,Drop,-1074927165,Drop,-1074897165,Drop,0,None,0,None,0,None,0,None,0,None,0,None,0,None,0,None,0,None,0,None,0,None,0,None
6220638,wave_tower_elysion_007,BaseDefense,None,60,normal,7,True,True,point_grd_tower_003_midclear,point_fly_tower_003,sbg_tower_003_midclear,Tower,Elysion,ibg_tower_basedefense_001,0,45,21,,,path_grd_mid_elite1_802,-1,path_grd_far_small_044,6,path_grd_mid_special_025,4,path_fly_mid_elite1_802,2,path_fly_far_small_031,10,path_grd_mid_small_012,5,path_grd_mid_small_075,6,path_grd_far_elite1_803,-1,,-1,,-1,1220060131,Jump,1220060131,Jump,-1974897065,Drop,-2074927165,Drop,-1074897165,Dash,-2074927165,Dash,-1074897165,Dash,-2074927165,Dash,1220060131,Jump,1220060131,Jump,-1074897165,Drop,-2074927165,Drop,1220060131,Drop,1220060131,Drop,-1974897065,Drop,1310040231,Drop,-1074897165,Drop,-1074897165,Drop,-1074897165,Drop,-2084937165,Drop,1220060131,Dash,1220060131,Dash,1220060131,Dash,-2074927165,Dash,1220060131,Dash,1220060131,Dash,1220060131,Dash,1220060131,Dash,-1074897165,Jump,-1074897165,Jump,-2074927165,Drop,-1974897165,Drop,0,None,0,None,0,None,0,None,0,None,0,None,0,None,0,None
6220639,wave_tower_elysion_007,Campaign,None,90,0,7,True,False,point_grd_tower_002,point_fly_tower_002,sbg_tower_002,Tower,Elysion,ibg_tower_001,42,30,0,target_list,1320060131.0,path_grd_close_elite1_801,-1,path_fly_mid_elite1_802,10,path_fly_mid_small_039,4,path_grd_close_special_024,9,path_fly_mid_elite1_802,0,path_grd_close_elite1_801,10,path_fly_mid_small_030,4,path_grd_close_elite1_801,10,,-1,,-1,-2074957165,Dash,-2074957165,Dash,-2074927165,Jump,1320060231,Jump,1110010131,Dash,1110010131,Dash,-2084927165,Drop,1310040231,Drop,-2084947165,Jump,-2084947165,Jump,-2084947165,Jump,-2084947165,Jump,2120010131,Jump,2120010131,Jump,-2074957165,Drop,-2074927165,Drop,-2084947165,Dash,-2084947165,Dash,-2084927165,Drop,1310040231,Drop,-2074957165,Jump,-2074957165,Jump,-2074927165,Drop,1320060131,Drop,-2084947165,Jump,-2084947165,Jump,-2084947165,Jump,-2084927165,Jump,2120010131,Dash,2120010131,Dash,-2074957165,Jump,-2074927165,Jump,0,None,0,None,0,None,0,None,0,None,0,None,0,None,0,None
6220640,wave_tower_elysion_007,Campaign,None,180,0,6,False,False,point_grd_tower_003,point_fly_tower_003,sbg_tower_003_midclear,Tower,Elysion,ibg_tower_001,0,42,1,target_list,-1884957065.0,path_fly_far_centurion_903,-1,path_fly_mid_small_018,-1,path_grd_mid_elite1_802,3,path_grd_mid_elite2_805,4,path_grd_mid_small_049,-1,path_grd_mid_small_052,8,path_fly_mid_small_050,-1,,-1,,-1,,-1,-1884957065,Normal,0,None,0,None,0,None,1210010131,Dash,1210020131,Dash,2110010131,Dash,2110010131,Dash,1220010131,Drop,1220010131,Drop,1220010131,Drop,-2074927165,Drop,-1074927165,Jump,-1074927165,Jump,-1074927165,Dash,-974907065,Drop,-1174957165,Jump,-1174957165,Jump,-2074957165,Jump,-2074927165,Drop,-2074937165,Drop,-1067916965,Drop,-1074897165,Drop,-1074897165,Drop,-1184957165,Dash,-1184957165,Dash,1210010131,Dash,1310010231,Dash,0,None,0,None,0,None,0,None,0,None,0,None,0,None,0,None,0,None,0,None,0,None,0,None
6220641,wave_tower_elysion_007,Campaign,None,90,0,5,True,False,point_grd_tower_004,point_fly_tower_004,sbg_tower_004,Tower,Elysion,ibg_tower_001,0,18,21,target_list,1320040151.0,path_grd_mid_small_049,-1,path_grd_far_small_071,7,path_grd_mid_small_012,-1,path_grd_mid_small_055,0,path_grd_far_special_066,-1,,-1,,-1,,-1,,-1,,-1,-1074917145,Drop,-1074917145,Drop,-1074917145,Drop,1320040251,Drop,-2074937145,Dash,-2074937145,Dash,-2074937145,Dash,-2074927145,Dash,-1074917145,Dash,-1074917145,Dash,-1074917145,Dash,-1074947145,Dash,-2074937145,Drop,-2074937145,Drop,-2074937145,Drop,1320040151,Drop,-2074937145,Dash,-2074937145,Dash,-1074907145,Drop,-1074907145,Drop,0,None,0,None,0,None,0,None,0,None,0,None,0,None,0,None,0,None,0,None,0,None,0,None,0,None,0,None,0,None,0,None,0,None,0,None,0,None,0,None
6220642,wave_tower_elysion_007,Campaign,None,90,0,5,True,False,point_grd_tower_005,point_fly_tower_005,sbg_tower_005,Tower,Elysion,ibg_tower_001,0,30,15,target_list,1310020151.0,path_grd_far_small_053,-1,path_grd_mid_elite1_802,6,path_fly_mid_small_050,-1,path_fly_far_elite1_803,0,path_grd_mid_special_065,6,,-1,,-1,,-1,,-1,,-1,1220060151,Dash,1220060151,Dash,1220060151,Dash,1220060151,Dash,1220020151,Jump,1220020151,Jump,1220020151,Jump,-1974957045,Jump,-2084957145,Drop,-2084957145,Drop,-2084957145,Drop,-1084937145,Drop,1210030151,Jump,1210030151,Jump,1210040151,Drop,1310020151,Drop,1220060151,Dash,1220060151,Dash,-1074927145,Drop,-1074927145,Drop,0,None,0,None,0,None,0,None,0,None,0,None,0,None,0,None,0,None,0,None,0,None,0,None,0,None,0,None,0,None,0,None,0,None,0,None,0,None,0,None
6220643,wave_tower_elysion_007,Campaign,None,90,0,5,True,False,point_grd_tower_001,point_fly_tower_001,sbg_tower_001,Tower,Elysion,ibg_tower_001,0,24,12,target_list,1320060151.0,path_grd_far_small_059,-1,path_grd_mid_elite1_802,7,path_fly_mid_small_005,-1,path_grd_mid_elite1_802,0,path_grd_far_small_074,10,,-1,,-1,,-1,,-1,,-1,-1074927145,Dash,-1074927145,Dash,-1074927145,Dash,-2074927145,Dash,-1074927145,Drop,-1074927145,Drop,1220050151,Dash,1320060251,Dash,-1084947145,Dash,-1084947145,Dash,-1084947145,Dash,-1084937145,Dash,-1074927145,Dash,-1074927145,Dash,-2074927145,Drop,-1974937045,Drop,-1074927145,Dash,-2074927145,Dash,-1074927145,Dash,1320060151,Dash,0,None,0,None,0,None,0,None,0,None,0,None,0,None,0,None,0,None,0,None,0,None,0,None,0,None,0,None,0,None,0,None,0,None,0,None,0,None,0,None
6220644,wave_tower_elysion_007,Defense,None,90,20,7,True,True,point_grd_tower_002_rightclear,point_fly_tower_002_rightclear,sbg_tower_002_rightclear,Tower,Elysion,ibg_tower_defense_001,0,48,12,,,path_fly_mid_small_005,-1,path_fly_mid_small_050,8,path_grd_far_small_038,10,path_fly_mid_elite1_802,2,path_grd_far_small_062,12,path_fly_mid_small_053,10,path_grd_mid_small_076,10,path_fly_mid_elite1_802,-1,path_fly_mid_small_039,15,,-1,1210020151,Normal,1210020151,Normal,1210020151,Normal,1210020151,Normal,1210030151,Dash,1210030151,Dash,1210030151,Dash,1210040151,Drop,-2074957145,Jump,-2074957145,Jump,-2074957145,Jump,-2074957145,Jump,1210020151,Normal,1210020151,Normal,1210020151,Normal,1310020251,Drop,-2074957145,Jump,-2074957145,Jump,-2074957145,Jump,-1074947145,Dash,1210030151,Dash,1210030151,Dash,1210030151,Dash,1210040151,Dash,-2074957145,Dash,-2074957145,Dash,-2074957145,Dash,-2074957145,Dash,1210020151,Normal,1210020151,Normal,1210040151,Normal,1310020251,Dash,1210020151,Normal,1210020151,Normal,1210020151,Normal,1310020251,Normal,0,None,0,None,0,None,0,None
6220645,wave_tower_elysion_007,Campaign,None,90,0,7,True,False,point_grd_tower_002,point_fly_tower_002,sbg_tower_002,Tower,Elysion,ibg_tower_001,36,9,21,target_list,1320030151.0,path_grd_far_small_056,-1,path_grd_mid_elite1_802,-1,path_grd_close_small_048,-1,path_fly_close_small_029,10,path_grd_far_elite1_803,0,path_grd_close_elite2_807,10,path_grd_far_small_044,6,path_grd_close_special_024,14,,-1,,-1,-1074897145,Dash,-1074897145,Dash,-1074897145,Dash,-974947045,Drop,1220060151,Dash,1220060151,Dash,-1074917145,Drop,-1974957045,Drop,-1074917145,Drop,-1074917145,Drop,-1074917145,Drop,-1074947145,Drop,-1084947145,Jump,-1084947145,Jump,-1084947145,Jump,-1084947145,Jump,-1074917145,Dash,-1074917145,Dash,-1074897145,Drop,-974947045,Drop,1220060151,Jump,-1074917145,Dash,1320030151,Drop,-1974957045,Drop,-1074897145,Dash,-1074897145,Dash,-1074897145,Dash,-1074897145,Dash,-1174957145,Jump,-1174957145,Jump,1220060151,Drop,1220060151,Drop,0,None,0,None,0,None,0,None,0,None,0,None,0,None,0,None
6220646,wave_tower_elysion_007,Campaign,None,90,0,7,True,False,point_grd_tower_003,point_fly_tower_003,sbg_tower_003,Tower,Elysion,ibg_tower_001,12,45,15,target_list,-984927145.0,path_grd_close_small_004,-1,path_fly_mid_special_016,-1,path_grd_mid_special_025,10,path_fly_far_special_045,0,path_grd_close_small_048,9,path_grd_mid_special_065,8,,-1,,-1,,-1,,-1,-2074957145,Jump,1120010151,Jump,-2074957145,Jump,1120010151,Jump,-1184957145,Drop,-1084947145,Drop,-1084937145,Drop,-984927045,Drop,-2074957145,Jump,1120010151,Jump,-2074937145,Jump,-2074927145,Jump,-1184957145,Drop,-1084947145,Drop,-1084937145,Drop,-984927145,Drop,-1074947145,Dash,-2074957145,Dash,-2074957145,Dash,-2074957145,Dash,-2074957145,Drop,-2074937145,Drop,1120010151,Drop,-1074947145,Drop,0,None,0,None,0,None,0,None,0,None,0,None,0,None,0,None,0,None,0,None,0,None,0,None,0,None,0,None,0,None,0,None
6220647,wave_tower_elysion_007,Campaign,None,90,0,7,True,False,point_grd_tower_002,point_fly_tower_002,sbg_tower_002,Tower,Elysion,ibg_tower_001,27,60,0,target_list,1320030151.0,path_grd_close_small_001,-1,path_grd_mid_special_065,-1,path_grd_close_small_042,-1,path_grd_mid_special_025,12,path_grd_close_elite2_807,0,path_grd_mid_special_065,9,path_grd_close_small_048,9,path_grd_mid_special_065,10,,-1,,-1,1220060151,Dash,1220060151,Dash,1220060151,Drop,-2074927145,Drop,-1074907145,Dash,-1074907145,Dash,1220060151,Drop,1320030251,Drop,-2074957145,Dash,-2074957145,Dash,-2074957145,Dash,-2074957145,Dash,1220060151,Jump,1220060151,Jump,-2074957145,Drop,-2074927145,Drop,-2074957145,Jump,-2074957145,Jump,-1974947045,Drop,1320030151,Drop,-1074907145,Dash,-1074907145,Dash,-2074957145,Drop,-2074927145,Drop,1220060151,Drop,1220060151,Drop,1220060151,Drop,1220060151,Drop,-1074907145,Jump,-1074907145,Jump,-2074957145,Drop,-2074927145,Drop,0,None,0,None,0,None,0,None,0,None,0,None,0,None,0,None
6220648,wave_tower_elysion_007,Defense,None,90,20,6,True,True,point_grd_tower_002_rightclear,point_fly_tower_002_rightclear,sbg_tower_002_rightclear,Tower,Elysion,ibg_tower_defense_001,0,51,0,,,path_grd_mid_elite2_808,-1,path_fly_mid_small_008,9,path_grd_mid_small_037,-1,path_fly_mid_elite1_802,-1,path_grd_mid_elite2_808,6,path_fly_mid_small_030,-1,path_grd_mid_small_043,-1,,-1,,-1,,-1,-1074917145,Dash,-1074917145,Dash,-1974907045,Normal,-1974907045,Normal,1210030151,Dash,1210030151,Dash,1210040151,Drop,-1984937045,Drop,-1074917145,Jump,-1074917145,Jump,-1074947145,Jump,-1074947145,Jump,1210030151,Dash,1210030151,Dash,1210040151,Drop,-1984937045,Drop,-1074917145,Jump,-1074917145,Jump,1320040251,Drop,-1974907145,Drop,1210030151,Jump,1210030151,Jump,1210030151,Jump,-1984937045,Drop,-1074917145,Jump,-1074917145,Jump,-1074917145,Jump,-1074917145,Jump,0,None,0,None,0,None,0,None,0,None,0,None,0,None,0,None,0,None,0,None,0,None,0,None
6220649,wave_tower_elysion_007,Campaign,None,90,0,7,True,False,point_grd_tower_002,point_fly_tower_002,sbg_tower_002,Tower,Elysion,ibg_tower_001,0,60,6,target_list,-1974897145.0,path_grd_mid_elite1_802,-1,path_fly_mid_special_047,-1,path_grd_far_small_044,6,path_grd_mid_small_040,9,path_fly_mid_elite2_808,0,path_grd_mid_small_043,10,path_grd_mid_elite2_808,4,path_grd_mid_small_049,8,,-1,,-1,-1074937145,Dash,-1074937145,Dash,-1074897145,Drop,1320020251,Drop,2110010151,Dash,2110010151,Dash,-2084957145,Drop,-1984957045,Drop,-1074897145,Dash,-2074927145,Dash,-1074897145,Dash,-2074927145,Dash,-1074937145,Dash,-1074937145,Dash,-1074897145,Dash,-2074927145,Dash,-2084957145,Dash,-2084957145,Dash,-1984957045,Dash,-1984957045,Dash,-1074897145,Dash,-2074927145,Dash,-1074897145,Dash,-2074927145,Dash,-1074937145,Dash,-1074937145,Dash,1320030251,Drop,-1974897145,Drop,-1074937145,Drop,-1074937145,Drop,-1074937145,Drop,-1074937145,Drop,0,None,0,None,0,None,0,None,0,None,0,None,0,None,0,None
6220650,wave_tower_elysion_007,Campaign,None,180,0,5,False,False,point_grd_gravedigger_01,point_fly_gravedigger_01,sbg_gravedigger_001,Gravedigger,Day,ibg_cityforestunder_001,0,0,1,target_list,-774947145.0,b_grd_gravedigger_01,-1,,-1,,-1,,-1,,-1,,-1,,-1,,-1,,-1,,-1,-774947145,Normal,0,None,0,None,0,None,0,None,0,None,0,None,0,None,0,None,0,None,0,None,0,None,0,None,0,None,0,None,0,None,0,None,0,None,0,None,0,None,0,None,0,None,0,None,0,None,0,None,0,None,0,None,0,None,0,None,0,None,0,None,0,None,0,None,0,None,0,None,0,None,0,None,0,None,0,None,0,None
