stage_id,group_id,spot_mod,ui_theme,battle_time,mod_value,monster_count,use_intro_scene,wave_repeat,point_data,point_data_fly,background_name,theme,theme_time,stage_info_bg,close_monster_count,mid_monster_count,far_monster_count,target_list/0/name,target_list/0/value,wave_data/0/wave_path,wave_data/0/private_monster_count,wave_data/1/wave_path,wave_data/1/private_monster_count,wave_data/2/wave_path,wave_data/2/private_monster_count,wave_data/3/wave_path,wave_data/3/private_monster_count,wave_data/4/wave_path,wave_data/4/private_monster_count,wave_data/5/wave_path,wave_data/5/private_monster_count,wave_data/6/wave_path,wave_data/6/private_monster_count,wave_data/7/wave_path,wave_data/7/private_monster_count,wave_data/8/wave_path,wave_data/8/private_monster_count,wave_data/9/wave_path,wave_data/9/private_monster_count,wave_data/0/wave_monster_list/0/wave_monster_id,wave_data/0/wave_monster_list/0/spawn_type,wave_data/0/wave_monster_list/1/wave_monster_id,wave_data/0/wave_monster_list/1/spawn_type,wave_data/0/wave_monster_list/2/wave_monster_id,wave_data/0/wave_monster_list/2/spawn_type,wave_data/0/wave_monster_list/3/wave_monster_id,wave_data/0/wave_monster_list/3/spawn_type,wave_data/1/wave_monster_list/0/wave_monster_id,wave_data/1/wave_monster_list/0/spawn_type,wave_data/1/wave_monster_list/1/wave_monster_id,wave_data/1/wave_monster_list/1/spawn_type,wave_data/1/wave_monster_list/2/wave_monster_id,wave_data/1/wave_monster_list/2/spawn_type,wave_data/1/wave_monster_list/3/wave_monster_id,wave_data/1/wave_monster_list/3/spawn_type,wave_data/2/wave_monster_list/0/wave_monster_id,wave_data/2/wave_monster_list/0/spawn_type,wave_data/2/wave_monster_list/1/wave_monster_id,wave_data/2/wave_monster_list/1/spawn_type,wave_data/2/wave_monster_list/2/wave_monster_id,wave_data/2/wave_monster_list/2/spawn_type,wave_data/2/wave_monster_list/3/wave_monster_id,wave_data/2/wave_monster_list/3/spawn_type,wave_data/3/wave_monster_list/0/wave_monster_id,wave_data/3/wave_monster_list/0/spawn_type,wave_data/3/wave_monster_list/1/wave_monster_id,wave_data/3/wave_monster_list/1/spawn_type,wave_data/3/wave_monster_list/2/wave_monster_id,wave_data/3/wave_monster_list/2/spawn_type,wave_data/3/wave_monster_list/3/wave_monster_id,wave_data/3/wave_monster_list/3/spawn_type,wave_data/4/wave_monster_list/0/wave_monster_id,wave_data/4/wave_monster_list/0/spawn_type,wave_data/4/wave_monster_list/1/wave_monster_id,wave_data/4/wave_monster_list/1/spawn_type,wave_data/4/wave_monster_list/2/wave_monster_id,wave_data/4/wave_monster_list/2/spawn_type,wave_data/4/wave_monster_list/3/wave_monster_id,wave_data/4/wave_monster_list/3/spawn_type,wave_data/5/wave_monster_list/0/wave_monster_id,wave_data/5/wave_monster_list/0/spawn_type,wave_data/5/wave_monster_list/1/wave_monster_id,wave_data/5/wave_monster_list/1/spawn_type,wave_data/5/wave_monster_list/2/wave_monster_id,wave_data/5/wave_monster_list/2/spawn_type,wave_data/5/wave_monster_list/3/wave_monster_id,wave_data/5/wave_monster_list/3/spawn_type,wave_data/6/wave_monster_list/0/wave_monster_id,wave_data/6/wave_monster_list/0/spawn_type,wave_data/6/wave_monster_list/1/wave_monster_id,wave_data/6/wave_monster_list/1/spawn_type,wave_data/6/wave_monster_list/2/wave_monster_id,wave_data/6/wave_monster_list/2/spawn_type,wave_data/6/wave_monster_list/3/wave_monster_id,wave_data/6/wave_monster_list/3/spawn_type,wave_data/7/wave_monster_list/0/wave_monster_id,wave_data/7/wave_monster_list/0/spawn_type,wave_data/7/wave_monster_list/1/wave_monster_id,wave_data/7/wave_monster_list/1/spawn_type,wave_data/7/wave_monster_list/2/wave_monster_id,wave_data/7/wave_monster_list/2/spawn_type,wave_data/7/wave_monster_list/3/wave_monster_id,wave_data/7/wave_monster_list/3/spawn_type,wave_data/8/wave_monster_list/0/wave_monster_id,wave_data/8/wave_monster_list/0/spawn_type,wave_data/8/wave_monster_list/1/wave_monster_id,wave_data/8/wave_monster_list/1/spawn_type,wave_data/8/wave_monster_list/2/wave_monster_id,wave_data/8/wave_monster_list/2/spawn_type,wave_data/8/wave_monster_list/3/wave_monster_id,wave_data/8/wave_monster_list/3/spawn_type,wave_data/9/wave_monster_list/0/wave_monster_id,wave_data/9/wave_monster_list/0/spawn_type,wave_data/9/wave_monster_list/1/wave_monster_id,wave_data/9/wave_monster_list/1/spawn_type,wave_data/9/wave_monster_list/2/wave_monster_id,wave_data/9/wave_monster_list/2/spawn_type,wave_data/9/wave_monster_list/3/wave_monster_id,wave_data/9/wave_monster_list/3/spawn_type
6038001,wave_campaign_normal_017,Campaign,None,90,0,5,True,False,point_grd_swamplandjungle_004,point_fly_swamplandjungle_004,sbg_swamplandjungle_004,SwamplandJungle,Day,ibg_swamplandjungle_001,7,35,0,target_list,-1984897175.0,path_grd_mid_small_046,-1,path_fly_mid_elite1_802,-1,path_fly_close_small_020,7,path_fly_mid_elite1_802,0,path_grd_close_small_039,7,path_fly_mid_small_005,-1,,-1,,-1,,-1,,-1,-1074927175,Dash,-1074927175,Dash,-1074927175,Dash,-1074927175,Dash,1210020121,Dash,-1084947175,Dash,-1084937175,Drop,-1984897075,Drop,1210020121,Drop,1210020121,Drop,-1084947175,Drop,-1084947175,Drop,1210020121,Dash,-1084947175,Dash,-1084937175,Drop,-1984897175,Drop,-1074927175,Jump,-1074927175,Jump,-1074927175,Jump,-1074927175,Jump,1210020121,Dash,1210020121,Dash,1210020121,Dash,1210020121,Dash,0,None,0,None,0,None,0,None,0,None,0,None,0,None,0,None,0,None,0,None,0,None,0,None,0,None,0,None,0,None,0,None
6038002,wave_campaign_normal_017,Campaign,None,90,0,5,True,False,point_grd_swamplandjungle_002,point_fly_swamplandjungle_002,sbg_swamplandjungle_002,SwamplandJungle,Day,ibg_swamplandjungle_001,21,27,0,target_list,-1974907175.0,path_grd_mid_small_049,-1,path_fly_mid_special_016,7,path_grd_close_small_051,6,path_fly_mid_small_050,0,path_grd_close_elite1_801,7,path_grd_close_small_001,-1,,-1,,-1,,-1,,-1,-1074917175,Drop,-1074917175,Drop,-1074917175,Drop,-1074917175,Drop,-2084947175,Jump,2110010121,Jump,2110010121,Jump,1310010221,Jump,1220040121,Dash,1220040121,Dash,1220040121,Dash,1220040121,Dash,1210020121,Jump,1210040121,Jump,1210020121,Dash,1210040121,Drop,-1074937175,Jump,-1074937175,Jump,-1074937175,Dash,-1974907175,Drop,-1074927175,Jump,-1074927175,Jump,-1074927175,Jump,-1074927175,Jump,0,None,0,None,0,None,0,None,0,None,0,None,0,None,0,None,0,None,0,None,0,None,0,None,0,None,0,None,0,None,0,None
6038003,wave_campaign_normal_017,Campaign,None,90,0,7,True,False,point_grd_swamplandjungle_001,point_fly_swamplandjungle_001,sbg_swamplandjungle_001,SwamplandJungle,Day,ibg_swamplandjungle_001,0,41,7,target_list,-984947175.0,path_grd_mid_small_012,-1,path_fly_mid_elite1_802,5,path_fly_mid_small_036,9,path_fly_mid_elite2_808,0,path_fly_mid_small_050,10,path_fly_mid_small_053,-1,path_fly_mid_small_024,8,,-1,,-1,,-1,-2074947175,Dash,-2074947175,Dash,-2074947175,Dash,-2074947175,Dash,-2084957175,Dash,-2084957175,Dash,-984947075,Drop,1210060121,Dash,-2084957175,Dash,-2084927175,Dash,-2084957175,Dash,-2084927175,Dash,-2084927175,Dash,-2084957175,Dash,-984947075,Drop,-984947175,Drop,-2084927175,Drop,-2084957175,Drop,-2084957175,Drop,1210060121,Dash,-2084957175,Drop,-2084927175,Drop,-2084957175,Drop,1210060121,Dash,-2084957175,Dash,-2084957175,Dash,-2084957175,Dash,-2084957175,Dash,0,None,0,None,0,None,0,None,0,None,0,None,0,None,0,None,0,None,0,None,0,None,0,None
6038004,wave_campaign_normal_017,Campaign,None,90,0,5,True,False,point_grd_swamplandjungle_005,point_fly_swamplandjungle_005,sbg_swamplandjungle_005,SwamplandJungle,Day,ibg_swamplandjungle_001,0,30,27,target_list,-1984907175.0,path_grd_mid_small_005,-1,path_fly_mid_special_016,7,path_fly_far_small_031,-1,path_fly_mid_elite2_805,0,path_grd_far_small_044,-1,path_fly_far_special_048,8,,-1,,-1,,-1,,-1,1220040121,Dash,1220040121,Dash,1220040121,Dash,1220040121,Dash,1110010121,Drop,1110010121,Drop,-2084957175,Drop,-1984907075,Drop,1210010121,Drop,1210010121,Drop,1210010121,Drop,1210040121,Drop,1210010121,Jump,1210010121,Jump,1210010121,Drop,-1984907175,Drop,-1074907175,Dash,-2074927175,Dash,-1074907175,Dash,-2074927175,Dash,-1184957175,Jump,-1184957175,Jump,-1184957175,Jump,1210010121,Jump,0,None,0,None,0,None,0,None,0,None,0,None,0,None,0,None,0,None,0,None,0,None,0,None,0,None,0,None,0,None,0,None
6038005,wave_campaign_normal_017,Campaign,None,90,0,5,True,False,point_grd_swamplandjungle_003,point_fly_swamplandjungle_003,sbg_swamplandjungle_003,SwamplandJungle,Day,ibg_swamplandjungle_001,0,45,0,target_list,-1984927175.0,path_fly_mid_small_018,-1,path_grd_mid_elite2_808,-1,path_grd_mid_small_070,-1,path_fly_mid_small_033,7,path_grd_mid_elite2_808,0,path_fly_mid_elite1_802,8,,-1,,-1,,-1,,-1,-1084947175,Jump,-1084947175,Jump,-1084947175,Jump,-1084947175,Jump,-1074917175,Drop,2120010121,Drop,-1074877175,Drop,-1974937075,Drop,-2074957175,Drop,-2074957175,Drop,-1074947175,Drop,-2074917175,Drop,-1084947175,Drop,1110010121,Drop,-1084947175,Drop,-1084927175,Drop,2120010121,Drop,-2074957175,Drop,-1074877175,Drop,-2074917175,Drop,-2084957175,Dash,1110010121,Dash,1210040121,Drop,-1984927175,Drop,0,None,0,None,0,None,0,None,0,None,0,None,0,None,0,None,0,None,0,None,0,None,0,None,0,None,0,None,0,None,0,None
6038006,wave_campaign_normal_017,Campaign,None,90,0,7,True,False,point_grd_swamplandjungle_002,point_fly_swamplandjungle_002,sbg_swamplandjungle_002,SwamplandJungle,Day,ibg_swamplandjungle_001,0,27,21,target_list,1320010121.0,path_grd_mid_small_002,-1,path_grd_mid_elite2_805,5,path_grd_far_small_009,9,path_grd_far_small_071,0,path_grd_far_elite2_809,-1,path_grd_mid_small_043,10,path_grd_mid_small_073,-1,,-1,,-1,,-1,1220010121,Dash,1220010121,Dash,1220010121,Dash,-2074887175,Dash,1220010121,Dash,-1074897175,Dash,-1974917075,Drop,-1974917075,Drop,1220010121,Drop,-2074887175,Drop,1220010121,Drop,-2074887175,Drop,1220010121,Drop,1220010121,Drop,1220010121,Drop,-2074887175,Dash,1220010121,Dash,-1074897175,Dash,-1974917075,Drop,1320010121,Drop,1220010121,Drop,-2074887175,Drop,1220010121,Drop,-2074887175,Drop,-1074897175,Dash,1220010121,Dash,1220010121,Dash,-2074887175,Drop,0,None,0,None,0,None,0,None,0,None,0,None,0,None,0,None,0,None,0,None,0,None,0,None
6038007,wave_campaign_normal_017,BaseDefense,None,60,normal,6,True,True,point_grd_swamplandjungle_002_midclear,point_fly_swamplandjungle_002,sbg_swamplandjungle_002_midclear,SwamplandJungle,Day,ibg_swamplandjungle_basedefense_001,0,60,0,,,path_grd_mid_small_002,-1,path_grd_mid_small_061,-1,path_grd_mid_small_052,-1,path_grd_mid_special_025,3,path_grd_mid_small_061,10,path_grd_mid_small_040,9,path_grd_mid_small_076,5,path_grd_mid_elite1_802,7,,-1,,-1,1220020121,Drop,1220020121,Drop,-2074957175,Dash,-2074957175,Dash,-2074957175,Dash,-2074957175,Dash,1220020121,Dash,1220020121,Dash,-1074947175,Jump,-2074957175,Jump,-1074947175,Jump,-2074957175,Jump,1120010121,Jump,1220020121,Jump,-1074947175,Drop,-1974947075,Drop,-2074957175,Drop,1220020121,Drop,-2074957175,Drop,1220020121,Drop,1220020121,Dash,1220020121,Dash,1220020121,Dash,1220020121,Dash,1220020121,Dash,-2074957175,Dash,1220020121,Dash,-2074957175,Dash,1220020121,Dash,-1074947175,Dash,1220020121,Drop,-1974947075,Drop,0,None,0,None,0,None,0,None,0,None,0,None,0,None,0,None
6038008,wave_campaign_normal_017,BaseDefense,None,60,normal,6,True,True,point_grd_swamplandjungle_002_midclear,point_fly_swamplandjungle_002,sbg_swamplandjungle_002_midclear,SwamplandJungle,Day,ibg_swamplandjungle_basedefense_001,4,47,0,,,path_grd_mid_small_043,-1,path_grd_close_small_051,-1,path_grd_mid_small_012,-1,path_grd_mid_elite1_802,3,path_grd_mid_small_046,10,path_grd_mid_small_005,8,path_grd_mid_small_075,-1,path_grd_mid_small_075,5,,-1,,-1,1220030121,Jump,1220030121,Jump,1220030121,Jump,1220030121,Jump,-1074937175,Dash,-1074937175,Dash,-1074937175,Dash,-1074937175,Dash,1220030121,Dash,-1074947175,Dash,1220030121,Dash,1220030121,Dash,1220030121,Dash,-1074937175,Dash,-1074947175,Drop,-1974937075,Drop,1220030121,Jump,1220030121,Jump,-1074947175,Jump,-1074947175,Jump,-1074937175,Dash,-1074947175,Dash,-1074937175,Dash,-1074947175,Dash,-1074947175,Drop,-1074947175,Drop,1220030121,Drop,1220030121,Drop,1220030121,Dash,-1074937175,Dash,-974927075,Drop,-1974937075,Drop,0,None,0,None,0,None,0,None,0,None,0,None,0,None,0,None
6038009,wave_campaign_normal_017,Defense,None,90,20,7,True,True,point_grd_swamplandjungle_004_rightclear,point_fly_swamplandjungle_004_rightclear,sbg_swamplandjungle_004_rightclear,SwamplandJungle,Day,ibg_swamplandjungle_defense_001,26,58,0,,,path_grd_close_small_036,-1,path_fly_mid_small_024,8,path_grd_close_special_064,-1,path_grd_mid_special_025,4,path_grd_mid_small_075,16,path_fly_mid_small_008,10,path_grd_mid_special_025,10,path_grd_close_elite1_801,12,path_grd_close_small_013,15,,-1,-1074917175,Normal,-1074917175,Normal,-2074957175,Normal,-2074957175,Normal,-2084947175,Drop,1210010121,Drop,-2084947175,Drop,1210010121,Drop,1120010121,Dash,-2074957175,Dash,-1074907175,Dash,1120010121,Dash,1120010121,Jump,-1074917175,Normal,-1074907175,Drop,-974907075,Normal,-1074917175,Dash,-1074917175,Dash,-2074957175,Dash,-2074957175,Dash,-2084947175,Drop,1210010121,Drop,-2084947175,Drop,1210010121,Drop,1120010121,Dash,-1074907175,Dash,-2074957175,Drop,-2074957175,Drop,-1074917175,Jump,-1074907175,Jump,-2074957175,Normal,-974907075,Normal,-2074957175,Jump,-2074957175,Jump,-1074947175,Normal,-974907075,Dash,0,None,0,None,0,None,0,None
6038010,wave_campaign_normal_017,Defense,None,90,20,7,True,True,point_grd_swamplandjungle_004_rightclear,point_fly_swamplandjungle_004_rightclear,sbg_swamplandjungle_004_rightclear,SwamplandJungle,Day,ibg_swamplandjungle_defense_001,5,58,0,,,path_grd_close_small_036,-1,path_grd_mid_small_005,8,path_fly_mid_elite1_802,-1,path_fly_close_small_026,4,path_grd_mid_elite1_802,12,path_grd_mid_small_037,10,path_grd_mid_small_076,10,path_fly_mid_elite2_805,-1,path_grd_mid_small_043,15,,-1,1220060121,Normal,1220060121,Normal,1220060121,Normal,1220060121,Normal,-1074917175,Jump,-1074917175,Jump,-1074917175,Jump,-1074947175,Jump,2110010121,Drop,2110010121,Drop,1210060121,Dash,-1084937175,Dash,-1984907075,Drop,-2084947175,Drop,-2084947175,Drop,-1084937175,Drop,2110010121,Drop,2110010121,Drop,1210060121,Dash,-1084937175,Dash,-1074917175,Dash,-1074917175,Dash,-1074917175,Dash,-1074947175,Dash,1220060121,Normal,-1074947175,Dash,1220060121,Normal,-2074917175,Dash,-2084947175,Dash,-2084947175,Dash,-1984907075,Drop,1210060121,Drop,1220060121,Normal,1220060121,Normal,1220060121,Normal,-1974957075,Drop,0,None,0,None,0,None,0,None
6038011,wave_campaign_normal_017,Campaign,None,90,0,5,True,False,point_grd_swamplandjungle_004,point_fly_swamplandjungle_004,sbg_swamplandjungle_004,SwamplandJungle,Day,ibg_swamplandjungle_001,0,27,15,target_list,-1974957175.0,path_grd_mid_small_002,-1,path_grd_far_elite2_809,-1,path_grd_mid_small_043,7,path_grd_far_small_056,0,path_grd_mid_elite1_802,7,path_grd_mid_small_011,-1,,-1,,-1,,-1,,-1,1220010121,Dash,1220010121,Dash,1220010121,Dash,1220010121,Dash,1220010121,Dash,1120010121,Dash,-2074887175,Drop,-1974957075,Drop,1220010121,Dash,-1074897175,Dash,1220010121,Dash,-1074897175,Dash,1220010121,Dash,1220010121,Dash,1220010121,Dash,-2074887175,Drop,1220010121,Dash,1220010121,Dash,-1074897175,Drop,-1974957175,Drop,1220010121,Dash,1220010121,Dash,1220010121,Dash,1220010121,Dash,0,None,0,None,0,None,0,None,0,None,0,None,0,None,0,None,0,None,0,None,0,None,0,None,0,None,0,None,0,None,0,None
6038012,wave_campaign_normal_017,Campaign,None,90,0,5,True,False,point_grd_swamplandjungle_001,point_fly_swamplandjungle_001,sbg_swamplandjungle_001,SwamplandJungle,Day,ibg_swamplandjungle_001,0,42,0,target_list,-1984947175.0,path_grd_mid_small_002,-1,path_fly_mid_elite1_802,-1,path_fly_mid_small_039,7,path_fly_mid_small_039,0,path_fly_mid_elite1_802,8,path_grd_mid_small_043,8,,-1,,-1,,-1,,-1,1220060121,Dash,1220060121,Dash,1220060121,Dash,1220060121,Dash,-2084947175,Dash,-2084947175,Dash,-2084927175,Drop,-1984947075,Drop,-2084947175,Drop,-2084947175,Drop,-2084947175,Drop,-2084947175,Drop,-2084947175,Drop,-2084947175,Drop,-2084927175,Drop,-2084927175,Drop,-2084947175,Dash,-2084947175,Dash,-2084927175,Drop,-1984947175,Drop,1220060121,Dash,1220060121,Dash,1220060121,Dash,1220060121,Dash,0,None,0,None,0,None,0,None,0,None,0,None,0,None,0,None,0,None,0,None,0,None,0,None,0,None,0,None,0,None,0,None
6038013,wave_campaign_normal_017,Campaign,None,90,0,7,True,False,point_grd_swamplandjungle_005,point_fly_swamplandjungle_005,sbg_swamplandjungle_005,SwamplandJungle,Day,ibg_swamplandjungle_001,21,42,0,target_list,-1984907175.0,path_fly_mid_small_042,-1,path_grd_mid_small_049,4,path_fly_mid_small_027,10,path_grd_close_elite2_804,-1,path_grd_mid_elite1_802,0,path_fly_mid_elite1_802,-1,path_grd_close_small_014,8,path_fly_mid_small_027,10,path_fly_close_small_038,-1,,-1,1210020121,Dash,1210020121,Dash,-1084937175,Dash,1210020121,Dash,1220050121,Drop,1220050121,Drop,1220050121,Drop,1220050121,Drop,1210050121,Jump,-1084937175,Jump,1210050121,Jump,-1984907075,Drop,-1074917175,Jump,-1074917175,Jump,-1074927175,Drop,1220050121,Drop,-1074917175,Dash,-1074917175,Dash,1220050121,Drop,-1974947075,Drop,1210050121,Drop,-1084927175,Drop,-1084937175,Drop,-1984907175,Drop,1220050121,Drop,-1074917175,Drop,1220050121,Drop,-1974947075,Drop,1210020121,Dash,1210050121,Drop,1210020121,Dash,1210050121,Drop,-1084927175,Drop,-1084937175,Dash,-1084927175,Drop,-1084937175,Dash,0,None,0,None,0,None,0,None
6038014,wave_campaign_normal_017,Campaign,None,90,0,5,True,False,point_grd_swamplandjungle_003,point_fly_swamplandjungle_003,sbg_swamplandjungle_003,SwamplandJungle,Day,ibg_swamplandjungle_001,0,30,12,target_list,-1974947175.0,path_grd_mid_small_002,-1,path_grd_mid_elite1_802,7,path_grd_far_small_071,8,path_fly_mid_small_030,-1,path_grd_mid_elite1_802,0,path_grd_far_small_047,6,,-1,,-1,,-1,,-1,-2074947175,Drop,-2074947175,Drop,-2074957175,Dash,-2074957175,Dash,-1074917175,Dash,-1074917175,Dash,-2074917175,Drop,-1974947075,Drop,-1074907175,Dash,-1074907175,Dash,-1074907175,Dash,-2074917175,Drop,-1084947175,Jump,-1084947175,Jump,1210010121,Jump,1210010121,Jump,-2074947175,Dash,-2074947175,Dash,-2074927175,Drop,-1974947175,Drop,-1074907175,Jump,-1074907175,Jump,-1074907175,Jump,-1074907175,Jump,0,None,0,None,0,None,0,None,0,None,0,None,0,None,0,None,0,None,0,None,0,None,0,None,0,None,0,None,0,None,0,None
6038015,wave_campaign_normal_017,Campaign,None,90,0,5,True,False,point_grd_swamplandjungle_002,point_fly_swamplandjungle_002,sbg_swamplandjungle_002,SwamplandJungle,Day,ibg_swamplandjungle_001,0,30,0,target_list,-1974907175.0,path_grd_mid_small_070,-1,path_fly_mid_small_039,-1,path_grd_mid_small_034,7,path_grd_mid_small_068,0,path_grd_mid_small_043,10,,-1,,-1,,-1,,-1,,-1,-1074917175,Dash,-1074917175,Dash,-1074917175,Dash,-2074917175,Dash,1210020121,Dash,1210020121,Dash,1210040121,Dash,1310010221,Dash,-1074907175,Drop,-1074887175,Drop,-1074907175,Drop,-2074917175,Dash,-1074907175,Dash,-1074907175,Dash,-2074917175,Drop,-1974907175,Drop,-1074917175,Dash,-1074907175,Dash,-2074917175,Dash,-1074887175,Normal,0,None,0,None,0,None,0,None,0,None,0,None,0,None,0,None,0,None,0,None,0,None,0,None,0,None,0,None,0,None,0,None,0,None,0,None,0,None,0,None
6038016,wave_campaign_normal_017,Campaign,None,90,0,5,True,False,point_grd_swamplandjungle_004,point_fly_swamplandjungle_004,sbg_swamplandjungle_004,SwamplandJungle,Day,ibg_swamplandjungle_001,4,38,0,target_list,-974897175.0,path_grd_mid_small_073,-1,path_fly_mid_elite1_802,-1,path_fly_mid_small_050,8,path_fly_mid_small_050,0,path_grd_mid_elite2_808,-1,path_grd_close_small_014,7,,-1,,-1,,-1,,-1,-2074937175,Drop,-2074937175,Drop,-2074937175,Drop,-1074877175,Drop,-1084947175,Dash,1110010121,Dash,1210040121,Drop,1310030221,Drop,-1084947175,Dash,-1084947175,Dash,-1084947175,Dash,1210040121,Dash,-1084947175,Drop,-1084947175,Drop,-1084947175,Drop,1310010221,Drop,-2074937175,Drop,2120010121,Drop,-1074877175,Drop,-974897175,Drop,-1074877175,Drop,-2074937175,Drop,-2074937175,Drop,-2074937175,Drop,0,None,0,None,0,None,0,None,0,None,0,None,0,None,0,None,0,None,0,None,0,None,0,None,0,None,0,None,0,None,0,None
6038017,wave_campaign_normal_017,Campaign,None,90,0,5,True,False,point_grd_swamplandjungle_005,point_fly_swamplandjungle_005,sbg_swamplandjungle_005,SwamplandJungle,Day,ibg_swamplandjungle_001,0,36,0,target_list,1320060121.0,path_grd_mid_small_055,-1,path_grd_mid_elite3_814,-1,path_grd_mid_small_011,8,path_grd_mid_elite3_814,0,path_grd_mid_small_043,8,,-1,,-1,,-1,,-1,,-1,-2074957175,Drop,-2074957175,Drop,-2074957175,Drop,-2074957175,Drop,-2074947175,Dash,-974957075,Dash,-2074927175,Dash,1320060221,Dash,-2074957175,Drop,-2074957175,Drop,-2074957175,Drop,-2074957175,Drop,-2074947175,Dash,-974957075,Dash,-2074927175,Drop,1320060121,Drop,-2074957175,Drop,-2074957175,Drop,-2074957175,Drop,-2074957175,Drop,0,None,0,None,0,None,0,None,0,None,0,None,0,None,0,None,0,None,0,None,0,None,0,None,0,None,0,None,0,None,0,None,0,None,0,None,0,None,0,None
6038018,wave_campaign_normal_017,Campaign,None,90,0,7,True,False,point_grd_swamplandjungle_001,point_fly_swamplandjungle_001,sbg_swamplandjungle_001,SwamplandJungle,Day,ibg_swamplandjungle_001,5,46,6,target_list,-1984897175.0,path_grd_mid_small_070,-1,path_fly_mid_elite2_805,-1,path_fly_mid_small_024,10,path_grd_mid_small_011,-1,path_fly_mid_elite2_808,0,path_fly_mid_elite1_802,10,path_grd_close_small_069,-1,path_fly_mid_small_024,-1,,-1,,-1,-1074917175,Dash,-1074917175,Dash,-1074917175,Dash,-2074927175,Dash,1210030121,Dash,-2084947175,Dash,-1984907075,Drop,-1984897075,Drop,1210030121,Dash,-2084947175,Dash,1210030121,Dash,-2084947175,Dash,-1074917175,Dash,-1074917175,Dash,1220050121,Dash,1220050121,Dash,1210030121,Dash,-2084947175,Dash,-1984907075,Drop,-1984897075,Drop,1210030121,Dash,-2084947175,Dash,-1084937175,Dash,-1984897175,Drop,-1074917175,Drop,-1074917175,Drop,-1074917175,Drop,1220050121,Dash,1210030121,Dash,-2084947175,Dash,1210030121,Dash,-2084947175,Dash,0,None,0,None,0,None,0,None,0,None,0,None,0,None,0,None
6038019,wave_campaign_normal_017,Campaign,None,90,0,5,True,False,point_grd_swamplandjungle_003,point_fly_swamplandjungle_003,sbg_swamplandjungle_003,SwamplandJungle,Day,ibg_swamplandjungle_001,0,18,18,target_list,1320010121.0,path_fly_mid_small_042,-1,path_grd_far_elite1_803,-1,path_grd_mid_small_008,8,path_grd_far_elite1_803,0,path_fly_mid_small_036,10,,-1,,-1,,-1,,-1,,-1,-1084947175,Drop,-1084947175,Drop,-1084947175,Drop,1210050121,Drop,1220030121,Dash,1220030121,Dash,-2074927175,Drop,-974947075,Drop,-1074897175,Drop,1220060121,Drop,1220060121,Drop,-1074897175,Drop,1220060121,Dash,1220060121,Dash,-2074927175,Drop,1320010121,Drop,-1084947175,Drop,-1084947175,Drop,1210050121,Drop,1210050121,Drop,0,None,0,None,0,None,0,None,0,None,0,None,0,None,0,None,0,None,0,None,0,None,0,None,0,None,0,None,0,None,0,None,0,None,0,None,0,None,0,None
6038020,wave_campaign_normal_017,Campaign,None,90,0,5,True,False,point_grd_swamplandjungle_002,point_fly_swamplandjungle_002,sbg_swamplandjungle_002,SwamplandJungle,Day,ibg_swamplandjungle_001,0,42,0,target_list,-974897175.0,path_grd_mid_small_055,-1,path_grd_mid_elite2_805,-1,path_fly_mid_small_027,10,path_grd_mid_elite3_814,0,path_fly_mid_small_027,8,path_grd_mid_small_061,10,,-1,,-1,,-1,,-1,-1074917175,Drop,-1074917175,Drop,-1074917175,Drop,-1074917175,Drop,-1074917175,Drop,-1074917175,Drop,-974897075,Dash,-974897075,Dash,-2084937175,Drop,1210020121,Dash,1210020121,Dash,1210020121,Dash,-1074917175,Drop,-974897075,Jump,-974897075,Jump,-974897175,Jump,-2084937175,Drop,1210020121,Dash,1210020121,Dash,1210020121,Dash,-1074917175,Dash,-1074917175,Dash,-1074917175,Dash,-1074917175,Dash,0,None,0,None,0,None,0,None,0,None,0,None,0,None,0,None,0,None,0,None,0,None,0,None,0,None,0,None,0,None,0,None
6038021,wave_campaign_normal_017,Campaign,None,90,0,5,True,False,point_grd_swamplandjungle_004,point_fly_swamplandjungle_004,sbg_swamplandjungle_004,SwamplandJungle,Day,ibg_swamplandjungle_001,0,39,6,target_list,-974927175.0,path_grd_far_small_053,-1,path_grd_mid_elite1_802,6,path_fly_mid_small_050,-1,path_grd_mid_elite2_808,0,path_fly_mid_special_016,6,,-1,,-1,,-1,,-1,,-1,1220060121,Dash,1220060121,Dash,1220060121,Dash,-1074947175,Dash,-1074917175,Jump,-1074917175,Jump,-2074917175,Drop,-974927075,Drop,-2084957175,Drop,-2084957175,Drop,-2084957175,Drop,1210040121,Drop,-1074917175,Jump,-1074917175,Jump,-974927075,Drop,-974927175,Drop,-2084957175,Drop,2110010121,Drop,-2084957175,Drop,1210040121,Drop,0,None,0,None,0,None,0,None,0,None,0,None,0,None,0,None,0,None,0,None,0,None,0,None,0,None,0,None,0,None,0,None,0,None,0,None,0,None,0,None
6038022,wave_campaign_normal_017,Campaign,None,90,0,5,True,False,point_grd_swamplandjungle_005,point_fly_swamplandjungle_005,sbg_swamplandjungle_005,SwamplandJungle,Day,ibg_swamplandjungle_001,0,42,0,target_list,-1984947175.0,path_grd_mid_small_002,-1,path_fly_mid_elite1_802,-1,path_fly_mid_small_039,7,path_fly_mid_small_039,0,path_fly_mid_elite1_802,8,path_grd_mid_small_043,8,,-1,,-1,,-1,,-1,1220060121,Dash,1220060121,Dash,1220060121,Dash,1220060121,Dash,-2084947175,Dash,-2084947175,Dash,1210050121,Drop,-1984947075,Drop,-2084947175,Drop,-2084947175,Drop,-2084947175,Drop,-2084947175,Drop,-2084947175,Drop,-2084947175,Drop,1210050121,Drop,1210050121,Drop,-2084947175,Dash,-2084947175,Dash,1210050121,Drop,-1984947175,Drop,1220060121,Dash,1220060121,Dash,1220060121,Dash,1220060121,Dash,0,None,0,None,0,None,0,None,0,None,0,None,0,None,0,None,0,None,0,None,0,None,0,None,0,None,0,None,0,None,0,None
6038023,wave_campaign_normal_017,Campaign,None,90,0,7,True,False,point_grd_swamplandjungle_001,point_fly_swamplandjungle_001,sbg_swamplandjungle_001,SwamplandJungle,Day,ibg_swamplandjungle_001,0,22,29,target_list,-1974937175.0,path_grd_mid_small_034,-1,path_grd_far_small_062,-1,path_grd_mid_elite3_811,-1,path_grd_far_small_044,10,path_grd_far_elite3_815,0,path_grd_mid_small_073,10,path_grd_mid_elite2_805,-1,,-1,,-1,,-1,-1974937075,Drop,1220020121,Dash,1220020121,Dash,1220020121,Dash,1220020121,Drop,-2074887175,Drop,1220020121,Drop,-2074887175,Drop,1220020121,Drop,-2074887175,Drop,-2074887175,Drop,-1974937075,Drop,-1074897175,Dash,-1074897175,Dash,-1074897175,Dash,-1074897175,Dash,1220020121,Drop,1320030221,Drop,-1974937075,Drop,-1974937175,Drop,1220020121,Dash,-2074887175,Dash,1220020121,Dash,-2074887175,Dash,1220020121,Dash,-1074897175,Dash,-2074887175,Drop,-2074887175,Drop,0,None,0,None,0,None,0,None,0,None,0,None,0,None,0,None,0,None,0,None,0,None,0,None
6038024,wave_campaign_normal_017,Campaign,None,90,0,5,True,False,point_grd_swamplandjungle_003,point_fly_swamplandjungle_003,sbg_swamplandjungle_003,SwamplandJungle,Day,ibg_swamplandjungle_001,0,45,0,target_list,-974907175.0,path_grd_mid_small_002,-1,path_grd_mid_elite2_805,-1,path_grd_mid_small_012,8,path_grd_mid_elite2_805,0,path_grd_mid_special_025,7,,-1,,-1,,-1,,-1,,-1,-2074937175,Jump,-1074907175,Jump,-2074937175,Jump,-1074907175,Jump,-2074937175,Drop,-1074907175,Drop,-974907075,Drop,-974907075,Drop,-2074937175,Drop,-2074937175,Drop,-1074907175,Drop,-1074907175,Drop,-2074937175,Drop,-1074907175,Drop,-974907075,Drop,-974907175,Drop,-2074937175,Drop,-1174957175,Drop,-1074907175,Drop,-1074907175,Drop,0,None,0,None,0,None,0,None,0,None,0,None,0,None,0,None,0,None,0,None,0,None,0,None,0,None,0,None,0,None,0,None,0,None,0,None,0,None,0,None
6038025,wave_campaign_normal_017,Campaign,None,90,0,5,True,False,point_grd_swamplandjungle_002,point_fly_swamplandjungle_002,sbg_swamplandjungle_002,SwamplandJungle,Day,ibg_swamplandjungle_001,6,36,0,target_list,-1974947175.0,path_grd_mid_small_002,-1,path_grd_mid_elite1_802,5,path_grd_mid_small_049,10,path_grd_mid_elite2_805,0,path_grd_close_small_004,8,path_grd_mid_small_005,6,,-1,,-1,,-1,,-1,1220040121,Jump,1220040121,Jump,1220040121,Jump,1220040121,Jump,1220040121,Dash,1220040121,Dash,-1074907175,Drop,-1974897075,Drop,1220040121,Drop,-1074907175,Drop,-1074907175,Drop,-1074907175,Drop,1220040121,Drop,-1074907175,Drop,-1974897075,Drop,-1974947175,Drop,1220040121,Dash,-1074907175,Dash,1220040121,Dash,-1074907175,Dash,1220040121,Dash,-1074907175,Dash,1220040121,Dash,-1074907175,Dash,0,None,0,None,0,None,0,None,0,None,0,None,0,None,0,None,0,None,0,None,0,None,0,None,0,None,0,None,0,None,0,None
6038026,wave_campaign_normal_017,Campaign,None,90,0,7,True,False,point_grd_swamplandjungle_004,point_fly_swamplandjungle_004,sbg_swamplandjungle_004,SwamplandJungle,Day,ibg_swamplandjungle_001,0,42,0,target_list,-1984917175.0,path_grd_mid_small_034,-1,path_fly_mid_elite1_802,6,path_grd_mid_small_058,10,path_grd_mid_small_070,0,path_fly_mid_elite1_802,-1,path_grd_mid_small_055,8,,-1,,-1,,-1,,-1,-1074877175,Drop,-1074937175,Drop,-1074937175,Drop,-1074937175,Drop,-1084947175,Dash,-1084947175,Dash,1210040121,Dash,1310040221,Drop,-1074937175,Drop,-1074937175,Drop,-1074937175,Drop,-1074877175,Drop,-1074937175,Dash,-1074937175,Dash,-1074937175,Dash,-1074877175,Dash,-1084947175,Dash,-1084947175,Dash,1210040121,Dash,-1984917175,Drop,-1074937175,Drop,-1074937175,Drop,-1074937175,Drop,-1074877175,Drop,0,None,0,None,0,None,0,None,0,None,0,None,0,None,0,None,0,None,0,None,0,None,0,None,0,None,0,None,0,None,0,None
6038027,wave_campaign_normal_017,Campaign,None,90,0,7,True,False,point_grd_swamplandjungle_001,point_fly_swamplandjungle_001,sbg_swamplandjungle_001,SwamplandJungle,Day,ibg_swamplandjungle_001,0,41,4,target_list,-1974907175.0,path_grd_mid_small_008,-1,path_grd_mid_elite1_802,6,path_grd_mid_small_058,10,path_grd_mid_elite1_802,0,path_fly_mid_elite1_802,8,path_grd_mid_small_049,8,,-1,,-1,,-1,,-1,-1074937175,Drop,-1074937175,Drop,-1074937175,Drop,-1074937175,Drop,-1074937175,Dash,-1074937175,Dash,-1074907175,Dash,-1974907075,Drop,-1074907175,Drop,-1074947175,Drop,-1074907175,Drop,-1074947175,Drop,-1074937175,Dash,-1074937175,Dash,-1074907175,Dash,-1974907175,Drop,-1084947175,Dash,-1084947175,Dash,-1084947175,Dash,-1984917075,Drop,-1074937175,Drop,-1074907175,Drop,-1074907175,Drop,-1074907175,Drop,0,None,0,None,0,None,0,None,0,None,0,None,0,None,0,None,0,None,0,None,0,None,0,None,0,None,0,None,0,None,0,None
6038028,wave_campaign_normal_017,Campaign,None,90,0,7,True,False,point_grd_swamplandjungle_002,point_fly_swamplandjungle_002,sbg_swamplandjungle_002,SwamplandJungle,Day,ibg_swamplandjungle_001,6,42,9,target_list,-1984917175.0,path_grd_mid_small_055,-1,path_fly_mid_elite2_805,5,path_grd_mid_small_037,8,path_fly_mid_small_008,9,path_fly_mid_elite2_808,0,path_fly_far_elite1_803,8,path_grd_close_small_069,-1,path_fly_mid_small_036,-1,,-1,,-1,-2074957175,Dash,-2074957175,Dash,-2074957175,Dash,-1074887175,Drop,-2084947175,Dash,-2084947175,Dash,-1984917075,Drop,-1984897075,Drop,-2074957175,Drop,-2074957175,Drop,-2074957175,Drop,-1074887175,Drop,-2084947175,Drop,-2084947175,Drop,-2084947175,Drop,1210050121,Drop,-2084947175,Dash,-2084947175,Dash,-1984897075,Drop,-1984897075,Drop,-2084947175,Dash,-2084947175,Dash,1210050121,Drop,-1984917175,Drop,-2074957175,Drop,-2074957175,Drop,-2074957175,Drop,-1074887175,Drop,-2084947175,Dash,-2084947175,Dash,-2084947175,Dash,-2084947175,Dash,0,None,0,None,0,None,0,None,0,None,0,None,0,None,0,None
6038029,wave_campaign_normal_017,Campaign,None,90,0,5,True,False,point_grd_swamplandjungle_003,point_fly_swamplandjungle_003,sbg_swamplandjungle_003,SwamplandJungle,Day,ibg_swamplandjungle_001,0,42,0,target_list,-1974957175.0,path_grd_mid_small_002,-1,path_fly_mid_small_050,-1,path_grd_mid_elite1_802,8,path_grd_mid_elite2_808,0,path_fly_mid_small_050,10,path_grd_mid_small_043,7,,-1,,-1,,-1,,-1,-1074927175,Dash,-1074927175,Dash,-1074927175,Dash,-1074927175,Dash,-1084957175,Dash,-1084957175,Dash,-1084957175,Dash,-1084937175,Dash,-1074927175,Drop,-1074927175,Drop,-1074907175,Drop,-1974957075,Drop,-1074927175,Dash,-1074907175,Dash,1320030221,Drop,-1974957175,Drop,-1084957175,Dash,-1084957175,Dash,-1084957175,Dash,-1084937175,Dash,-1074927175,Drop,-1074907175,Drop,-1074927175,Drop,-1074907175,Drop,0,None,0,None,0,None,0,None,0,None,0,None,0,None,0,None,0,None,0,None,0,None,0,None,0,None,0,None,0,None,0,None
6038030,wave_campaign_normal_017,Campaign,None,90,0,5,True,False,point_grd_swamplandjungle_005,point_fly_swamplandjungle_005,sbg_swamplandjungle_005,SwamplandJungle,Day,ibg_swamplandjungle_001,0,42,0,target_list,1310010121.0,path_grd_mid_small_055,-1,path_fly_mid_elite1_802,-1,path_grd_mid_small_043,8,path_fly_mid_elite1_802,0,path_grd_mid_small_034,10,path_grd_mid_small_046,8,,-1,,-1,,-1,,-1,-1074937175,Drop,-1074937175,Drop,-1074937175,Drop,-1074937175,Drop,1210030121,Dash,1210030121,Dash,1210030121,Dash,1310010221,Dash,-1074937175,Drop,-1074937175,Drop,-1074937175,Drop,-1074887175,Drop,1210030121,Dash,1210030121,Dash,1210030121,Dash,1310010121,Dash,-1074887175,Drop,-1074937175,Drop,-1074937175,Drop,-1074937175,Drop,-1074937175,Drop,-1074937175,Drop,-1074937175,Drop,-1074887175,Drop,0,None,0,None,0,None,0,None,0,None,0,None,0,None,0,None,0,None,0,None,0,None,0,None,0,None,0,None,0,None,0,None
6038031,wave_campaign_normal_017,Campaign,None,90,0,7,True,False,point_grd_swamplandjungle_004,point_fly_swamplandjungle_004,sbg_swamplandjungle_004,SwamplandJungle,Day,ibg_swamplandjungle_001,0,69,0,target_list,1310020121.0,path_grd_mid_small_002,-1,path_fly_mid_elite2_805,5,path_fly_mid_special_047,12,path_fly_mid_elite1_802,0,path_fly_mid_special_047,10,path_grd_mid_elite2_805,-1,path_fly_mid_small_002,8,,-1,,-1,,-1,-2074957175,Dash,-2074957175,Dash,-2074957175,Dash,-2074957175,Dash,1210030121,Dash,1110010121,Dash,1310020221,Drop,1310010221,Drop,1210030121,Dash,2110010121,Dash,1210050121,Drop,1210050121,Drop,1210030121,Dash,1210030121,Dash,1210050121,Drop,1310010221,Drop,1210030121,Dash,2110010121,Dash,1210050121,Dash,1310020121,Dash,-2074957175,Dash,2120010121,Dash,-2074957175,Dash,-2074957175,Dash,1210030121,Dash,1210030121,Dash,1210030121,Dash,1210030121,Dash,0,None,0,None,0,None,0,None,0,None,0,None,0,None,0,None,0,None,0,None,0,None,0,None
6038032,wave_campaign_normal_017,Campaign,None,90,0,7,True,False,point_grd_swamplandjungle_002,point_fly_swamplandjungle_002,sbg_swamplandjungle_002,SwamplandJungle,Day,ibg_swamplandjungle_001,0,39,0,target_list,-1974957175.0,path_grd_mid_small_002,-1,path_grd_mid_small_012,5,path_grd_mid_small_034,10,path_grd_mid_elite2_805,0,path_fly_mid_small_008,8,path_grd_mid_small_037,-1,,-1,,-1,,-1,,-1,-1074927175,Jump,-1074927175,Jump,-1074927175,Jump,-1074927175,Jump,-1074927175,Dash,-2074957175,Dash,-1074927175,Dash,-1974957075,Dash,-974887075,Drop,-2074957175,Drop,-1074927175,Drop,-1074927175,Drop,-1074927175,Drop,-2074957175,Drop,-974887075,Drop,-1974957175,Drop,-1074927175,Jump,-1074927175,Jump,-2074957175,Jump,-2074957175,Jump,-1074927175,Jump,-2074957175,Jump,-1074927175,Jump,-2074957175,Jump,0,None,0,None,0,None,0,None,0,None,0,None,0,None,0,None,0,None,0,None,0,None,0,None,0,None,0,None,0,None,0,None
6038033,wave_campaign_normal_017,Campaign,None,90,0,7,True,False,point_grd_swamplandjungle_001,point_fly_swamplandjungle_001,sbg_swamplandjungle_001,SwamplandJungle,Day,ibg_swamplandjungle_001,0,49,5,target_list,-984927175.0,path_grd_mid_small_011,-1,path_fly_mid_small_050,5,path_grd_mid_elite1_802,12,path_fly_mid_small_024,6,path_grd_mid_small_043,0,path_fly_mid_small_050,-1,path_grd_mid_elite1_802,-1,path_fly_mid_small_030,-1,,-1,,-1,-1074927175,Drop,-1074927175,Drop,-2074897175,Drop,-2074897175,Drop,-2084947175,Dash,-2084947175,Dash,-2084917175,Drop,-984927075,Drop,-1074927175,Dash,-1074927175,Dash,-2074897175,Drop,-1974937075,Drop,-2084947175,Dash,-2084947175,Dash,-2084917175,Dash,-2084917175,Dash,-1074927175,Dash,-1074927175,Dash,-2074897175,Dash,-1974937075,Dash,-2084947175,Dash,-2084917175,Dash,-2084917175,Drop,-984927175,Drop,-1074927175,Dash,-1074927175,Dash,-2074897175,Drop,-974897075,Drop,-2084917175,Dash,-2084947175,Dash,-2084947175,Dash,-2084947175,Dash,0,None,0,None,0,None,0,None,0,None,0,None,0,None,0,None
6038034,wave_campaign_normal_017,BaseDefense,None,60,normal,6,True,True,point_grd_swamplandjungle_002_midclear,point_fly_swamplandjungle_002,sbg_swamplandjungle_002_midclear,SwamplandJungle,Day,ibg_swamplandjungle_basedefense_001,0,63,0,,,path_grd_mid_small_052,-1,path_grd_mid_small_043,-1,path_grd_mid_small_008,-1,path_grd_mid_elite2_808,2,path_grd_mid_small_043,10,path_grd_mid_special_065,-1,path_grd_mid_small_075,4,path_grd_mid_elite2_808,7,,-1,,-1,-2074947175,Dash,-2074947175,Dash,-2074947175,Dash,-2074947175,Dash,-2074957175,Jump,-2074957175,Jump,-2074957175,Jump,-2074957175,Jump,-2074957175,Dash,-2074957175,Dash,-2074947175,Dash,-2074947175,Dash,-2074947175,Dash,-2074957175,Dash,-2074957175,Drop,-974887075,Drop,-2074957175,Jump,-2074947175,Jump,-2074957175,Jump,-2074947175,Jump,1120010121,Jump,-2074947175,Jump,-2074957175,Drop,-2074947175,Drop,-2074957175,Dash,-2074957175,Dash,-2074957175,Dash,-2074957175,Dash,-2074947175,Dash,-2074957175,Dash,-974897075,Drop,-974887075,Drop,0,None,0,None,0,None,0,None,0,None,0,None,0,None,0,None
6038035,wave_campaign_normal_017,BaseDefense,None,60,normal,7,True,True,point_grd_swamplandjungle_002_midclear,point_fly_swamplandjungle_002,sbg_swamplandjungle_002_midclear,SwamplandJungle,Day,ibg_swamplandjungle_basedefense_001,0,63,0,,,path_grd_mid_small_068,-1,path_grd_mid_small_043,-1,path_grd_mid_small_061,5,path_grd_mid_elite2_808,4,path_grd_mid_small_070,10,path_grd_mid_special_025,7,path_grd_mid_small_075,3,path_grd_mid_elite2_808,8,,-1,,-1,1220020121,Drop,1220020121,Drop,1220020121,Drop,-1974947075,Drop,1220020121,Dash,-2074957175,Dash,-2074927175,Drop,-1974897075,Drop,1220020121,Dash,1220020121,Dash,-2074957175,Dash,-2074957175,Dash,1220020121,Dash,-2074957175,Dash,-1974947075,Drop,-1974897075,Drop,-2074957175,Dash,-2074957175,Dash,-2074957175,Dash,-2074927175,Drop,1220020121,Jump,2120010121,Jump,-2074957175,Jump,-2074927175,Jump,-2074957175,Dash,-2074927175,Dash,-2074957175,Dash,-2074927175,Dash,1220020121,Drop,-2074957175,Drop,-1974947075,Drop,-1974897175,Drop,0,None,0,None,0,None,0,None,0,None,0,None,0,None,0,None
6038036,wave_campaign_normal_017,Defense,None,90,20,7,True,True,point_grd_swamplandjungle_004_rightclear,point_fly_swamplandjungle_004_rightclear,sbg_swamplandjungle_004_rightclear,SwamplandJungle,Day,ibg_swamplandjungle_defense_001,19,59,0,,,path_grd_close_small_039,-1,path_fly_mid_small_036,8,path_grd_close_special_064,-1,path_fly_mid_elite1_802,4,path_grd_close_small_048,12,path_fly_mid_special_047,10,path_grd_mid_small_075,10,path_fly_mid_elite1_802,-1,path_fly_mid_small_027,15,,-1,-2074947175,Jump,-2074947175,Jump,-2074947175,Jump,-2074947175,Jump,-2084947175,Dash,-2084947175,Dash,-2084927175,Dash,-2084927175,Dash,-1174957175,Jump,-2074947175,Jump,-2074957175,Normal,-2074957175,Normal,-2084947175,Dash,-2084947175,Dash,-2084927175,Drop,-1984907075,Drop,-2074957175,Normal,-2074957175,Normal,-2074957175,Normal,-2074957175,Normal,-1184957175,Drop,-1184957175,Drop,-2084947175,Normal,-2084927175,Dash,-2074957175,Dash,-2074957175,Dash,-2074957175,Dash,-2074957175,Dash,-2084947175,Normal,-2084947175,Normal,-2084927175,Drop,-1984907075,Dash,-2084947175,Normal,-2084927175,Dash,-2084947175,Normal,-984947075,Normal,0,None,0,None,0,None,0,None
6038037,wave_campaign_normal_017,Defense,None,90,20,8,True,True,point_grd_swamplandjungle_004_rightclear,point_fly_swamplandjungle_004_rightclear,sbg_swamplandjungle_004_rightclear,SwamplandJungle,Day,ibg_swamplandjungle_defense_001,0,57,0,,,path_grd_mid_elite2_808,-1,path_fly_mid_elite1_802,9,path_grd_mid_small_058,-1,path_fly_mid_elite1_802,-1,path_grd_mid_elite2_808,6,path_grd_mid_small_076,-1,path_fly_mid_elite1_802,-1,,-1,,-1,,-1,-1074917175,Normal,-1074917175,Normal,-974927175,Normal,-974927175,Normal,1210030121,Dash,1210030121,Dash,1210040121,Dash,-1984937075,Normal,-1074917175,Normal,-1074947175,Normal,-1074917175,Normal,-1974927075,Normal,1210030121,Dash,1210030121,Dash,1210040121,Drop,-1984937075,Drop,-1074917175,Normal,-1074917175,Normal,-974927175,Normal,-974927175,Normal,-1074917175,Jump,-1074947175,Jump,-1074947175,Jump,-1974927075,Normal,-1074917175,Normal,1210040121,Dash,-974927175,Dash,-1984937075,Normal,0,None,0,None,0,None,0,None,0,None,0,None,0,None,0,None,0,None,0,None,0,None,0,None
6038038,wave_campaign_normal_017,Campaign,None,90,0,5,True,False,point_grd_swamplandjungle_005,point_fly_swamplandjungle_005,sbg_swamplandjungle_005,SwamplandJungle,Day,ibg_swamplandjungle_001,0,42,0,target_list,1310030121.0,path_grd_mid_small_052,-1,path_fly_mid_elite1_802,-1,path_fly_mid_small_050,8,path_fly_mid_elite2_805,0,path_grd_mid_small_052,8,path_fly_mid_small_050,7,,-1,,-1,,-1,,-1,-2074937175,Drop,-2074937175,Drop,-2074937175,Drop,-2074937175,Drop,-1084947175,Dash,-1084947175,Dash,1210040121,Drop,1310030221,Drop,-1084947175,Dash,-1084947175,Dash,-1084947175,Dash,1210040121,Dash,-1084947175,Drop,-1084947175,Drop,1310010221,Drop,1310030121,Drop,-2074937175,Drop,-2074937175,Drop,-2074937175,Drop,-2074937175,Drop,-1084947175,Dash,-1084947175,Dash,-1084947175,Dash,1210040121,Dash,0,None,0,None,0,None,0,None,0,None,0,None,0,None,0,None,0,None,0,None,0,None,0,None,0,None,0,None,0,None,0,None
6038039,wave_campaign_normal_017,Campaign,None,90,0,7,True,False,point_grd_swamplandjungle_003,point_fly_swamplandjungle_003,sbg_swamplandjungle_003,SwamplandJungle,Day,ibg_swamplandjungle_001,0,42,0,target_list,-1974907175.0,path_grd_mid_small_070,-1,path_grd_mid_elite1_802,-1,path_grd_mid_small_012,-1,path_grd_mid_elite1_802,0,path_grd_mid_small_070,-1,path_grd_mid_small_070,-1,,-1,,-1,,-1,,-1,1220010121,Jump,1220010121,Jump,1220010121,Jump,-2074917175,Dash,1220010121,Dash,-1074947175,Dash,-2074917175,Drop,-1974907075,Drop,1220010121,Dash,-1074947175,Dash,1220010121,Dash,-1074947175,Dash,1220010121,Dash,-1074947175,Dash,-2074917175,Drop,-1974907175,Drop,1220010121,Drop,1220010121,Drop,-1074947175,Drop,-2074917175,Dash,1220010121,Drop,1220010121,Drop,-1074947175,Drop,-2074917175,Dash,0,None,0,None,0,None,0,None,0,None,0,None,0,None,0,None,0,None,0,None,0,None,0,None,0,None,0,None,0,None,0,None
6038040,wave_campaign_normal_017,Campaign,None,90,0,7,True,False,point_grd_swamplandjungle_002,point_fly_swamplandjungle_002,sbg_swamplandjungle_002,SwamplandJungle,Day,ibg_swamplandjungle_001,0,51,0,target_list,-1984927175.0,path_fly_mid_small_027,-1,path_fly_mid_elite3_814,-1,path_fly_mid_elite3_814,10,path_fly_mid_small_053,0,path_fly_mid_elite3_811,-1,path_fly_mid_small_027,8,path_fly_mid_small_050,-1,,-1,,-1,,-1,1210050121,Drop,1210030121,Dash,1210030121,Dash,1210060121,Dash,1210030121,Dash,1210060121,Dash,1210050121,Dash,-1984927075,Drop,1210030121,Dash,1210050121,Dash,-1984927075,Drop,1210060121,Dash,1210030121,Dash,1210030121,Dash,1210050121,Dash,1210050121,Dash,1210030121,Dash,1210060121,Dash,-1984927075,Drop,-1984927175,Drop,1210050121,Drop,1210030121,Dash,1210030121,Dash,1210060121,Dash,1210050121,Drop,1210030121,Dash,1210030121,Dash,1210060121,Dash,0,None,0,None,0,None,0,None,0,None,0,None,0,None,0,None,0,None,0,None,0,None,0,None
6038041,wave_campaign_normal_017,Campaign,None,90,0,7,True,False,point_grd_swamplandjungle_004,point_fly_swamplandjungle_004,sbg_swamplandjungle_004,SwamplandJungle,Day,ibg_swamplandjungle_001,0,24,18,target_list,-984927175.0,path_grd_mid_small_043,-1,path_fly_far_elite1_803,5,path_grd_mid_small_034,8,path_fly_far_elite1_803,0,path_grd_mid_small_034,10,path_fly_mid_small_024,-1,,-1,,-1,,-1,,-1,-2074947175,Jump,-2074947175,Jump,-2074947175,Jump,-2074947175,Jump,1210030121,Drop,1210030121,Drop,1210010121,Drop,-984927075,Drop,-2074947175,Dash,-2074947175,Dash,-2074947175,Dash,-1974937075,Dash,1210030121,Drop,1210030121,Drop,1210010121,Drop,-984927175,Drop,-2074947175,Dash,-2074947175,Dash,-2074947175,Dash,-1974937075,Dash,1210030121,Drop,1210030121,Drop,1210010121,Drop,1210010121,Drop,0,None,0,None,0,None,0,None,0,None,0,None,0,None,0,None,0,None,0,None,0,None,0,None,0,None,0,None,0,None,0,None
6038042,wave_campaign_normal_017,Campaign,None,90,0,7,True,False,point_grd_swamplandjungle_001,point_fly_swamplandjungle_001,sbg_swamplandjungle_001,SwamplandJungle,Day,ibg_swamplandjungle_001,0,41,1,target_list,-1984927175.0,path_grd_mid_small_002,-1,path_fly_mid_elite1_802,6,path_fly_mid_small_005,8,path_fly_mid_elite2_805,0,path_grd_mid_small_043,10,path_fly_mid_small_024,-1,,-1,,-1,,-1,,-1,-1074957175,Jump,-1074957175,Jump,-1074957175,Jump,-1074957175,Jump,-1084957175,Dash,-1084957175,Dash,1210040121,Drop,-1984927075,Drop,-1084957175,Dash,-1084957175,Dash,-1084957175,Dash,-1084957175,Dash,-1084957175,Dash,-1084957175,Dash,-1984907075,Drop,-1984927175,Drop,-1074957175,Jump,-1074957175,Jump,-1074957175,Jump,-1074957175,Jump,-1084957175,Dash,-1084957175,Dash,-1084957175,Dash,-1084957175,Dash,0,None,0,None,0,None,0,None,0,None,0,None,0,None,0,None,0,None,0,None,0,None,0,None,0,None,0,None,0,None,0,None
6038043,wave_campaign_normal_017,Campaign,None,90,0,7,True,False,point_grd_swamplandjungle_003,point_fly_swamplandjungle_003,sbg_swamplandjungle_003,SwamplandJungle,Day,ibg_swamplandjungle_001,0,33,9,target_list,-984927175.0,path_grd_mid_small_049,-1,path_fly_mid_elite1_802,-1,path_grd_mid_small_046,10,path_grd_mid_small_034,0,path_fly_far_elite1_803,7,path_grd_mid_small_008,-1,,-1,,-1,,-1,,-1,1220020121,Dash,1220020121,Dash,1220020121,Dash,1220020121,Dash,1210020121,Drop,1210020121,Drop,-1084937175,Drop,-984927075,Drop,1220020121,Drop,1220020121,Drop,1220020121,Drop,1220020121,Drop,1220020121,Jump,1220020121,Jump,1220020121,Jump,1320030221,Drop,1210020121,Drop,1210020121,Drop,1210010121,Drop,-984927175,Drop,1220020121,Dash,1220020121,Dash,1220020121,Dash,1220020121,Dash,0,None,0,None,0,None,0,None,0,None,0,None,0,None,0,None,0,None,0,None,0,None,0,None,0,None,0,None,0,None,0,None
6038044,wave_campaign_normal_017,Campaign,None,90,0,7,True,False,point_grd_swamplandjungle_002,point_fly_swamplandjungle_002,sbg_swamplandjungle_002,SwamplandJungle,Day,ibg_swamplandjungle_001,18,21,9,target_list,1320010121.0,path_fly_mid_small_027,-1,path_grd_mid_elite1_802,5,path_fly_close_small_041,-1,path_grd_far_elite3_815,0,path_fly_close_small_004,8,path_grd_mid_small_043,6,path_fly_close_small_007,-1,,-1,,-1,,-1,-1084917175,Drop,-2084957175,Drop,-2084957175,Drop,-1084937175,Drop,1220040121,Dash,1220040121,Dash,-2074887175,Drop,1320010221,Drop,-2084957175,Drop,-2084957175,Drop,-1084917175,Drop,-2084957175,Drop,1220040121,Drop,-2074887175,Drop,1320030221,Drop,1320010121,Drop,-2084957175,Drop,-1084917175,Drop,-2084957175,Drop,-2084957175,Drop,1220040121,Jump,-2074887175,Jump,1220040121,Jump,-2074887175,Jump,-2084957175,Drop,-2084957175,Drop,-2084957175,Drop,-1084917175,Drop,0,None,0,None,0,None,0,None,0,None,0,None,0,None,0,None,0,None,0,None,0,None,0,None
6038045,wave_campaign_normal_017,Campaign,None,180,0,5,False,False,point_grd_gluttony_01,point_fly_gluttony_01,sbg_swamplandjunglebbg009,SwamplandJungle,Day,ibg_swamplandjungle_001,0,0,1,target_list,1510090131.0,b_fly_gluttony_01,-1,,-1,,-1,,-1,,-1,,-1,,-1,,-1,,-1,,-1,1510090131,Normal,0,None,0,None,0,None,0,None,0,None,0,None,0,None,0,None,0,None,0,None,0,None,0,None,0,None,0,None,0,None,0,None,0,None,0,None,0,None,0,None,0,None,0,None,0,None,0,None,0,None,0,None,0,None,0,None,0,None,0,None,0,None,0,None,0,None,0,None,0,None,0,None,0,None,0,None,0,None
6038046,wave_campaign_normal_017,Campaign,None,90,0,7,True,False,point_grd_swamplandjungle_005,point_fly_swamplandjungle_005,sbg_swamplandjungle_005,SwamplandJungle,Day,ibg_swamplandjungle_001,15,39,0,target_list,-1974907175.0,path_grd_mid_small_070,-1,path_fly_mid_elite1_802,5,path_grd_mid_small_068,10,path_grd_mid_small_043,8,path_fly_close_elite3_810,0,path_grd_mid_small_034,10,path_fly_mid_small_036,8,path_grd_close_small_042,8,,-1,,-1,-2074937175,Dash,-2074937175,Dash,-1074947175,Dash,-2074917175,Normal,-2084947175,Dash,1210010121,Dash,1210040121,Drop,-1984917075,Drop,-2074937175,Dash,-1074947175,Dash,-2074937175,Dash,-1974907075,Drop,-2074937175,Drop,-1074947175,Drop,-2074937175,Drop,-1074947175,Drop,-2084947175,Dash,-1984917075,Drop,-1984917075,Drop,-1984917075,Drop,-1974907175,Drop,-2074937175,Drop,-1074947175,Drop,-2074917175,Drop,-2084947175,Dash,1210010121,Dash,-2084947175,Dash,1210010121,Dash,-1074947175,Dash,-1074947175,Dash,-1074947175,Dash,-1074947175,Dash,0,None,0,None,0,None,0,None,0,None,0,None,0,None,0,None
6038047,wave_campaign_normal_017,Campaign,None,180,0,5,False,False,point_grd_blacksnake_01,point_fly_blacksnake_01,sbg_swamplandjunglebbg008,SwamplandJungle,Day,ibg_swamplandjungle_001,1,0,0,target_list,1520080111.0,b_g_blacksnake_01,-1,,-1,,-1,,-1,,-1,,-1,,-1,,-1,,-1,,-1,1520080111,Normal,0,None,0,None,0,None,0,None,0,None,0,None,0,None,0,None,0,None,0,None,0,None,0,None,0,None,0,None,0,None,0,None,0,None,0,None,0,None,0,None,0,None,0,None,0,None,0,None,0,None,0,None,0,None,0,None,0,None,0,None,0,None,0,None,0,None,0,None,0,None,0,None,0,None,0,None,0,None
6039001,wave_campaign_normal_017,Campaign,None,90,0,5,True,False,point_grd_motherwhalefield_001,point_fly_motherwhalefield_001,sbg_motherwhalefield_001,MotherwhaleField,Day,ibg_motherwhalefield_001,0,42,0,target_list,-974947185.0,path_grd_mid_small_043,-1,path_grd_far_elite1_803,7,path_grd_far_small_044,4,path_grd_mid_small_070,-1,path_grd_far_elite1_803,0,path_grd_mid_small_073,5,,-1,,-1,,-1,,-1,-1074917185,Dash,-1074917185,Dash,-1074917185,Dash,-1074917185,Dash,1120010111,Jump,1120010111,Jump,-1074897185,Drop,-974947085,Drop,1220030111,Dash,-1074897185,Drop,1220030111,Dash,-1074897185,Drop,-2074937185,Jump,-2074937185,Jump,-2074937185,Jump,-2074927185,Jump,1220030111,Dash,1220030111,Dash,-1074897185,Drop,-974947185,Drop,-2074937185,Dash,-2074937185,Dash,-2074937185,Dash,-2074927185,Dash,0,None,0,None,0,None,0,None,0,None,0,None,0,None,0,None,0,None,0,None,0,None,0,None,0,None,0,None,0,None,0,None
6039002,wave_campaign_normal_017,Campaign,None,90,0,5,True,False,point_grd_motherwhalefield_002,point_fly_motherwhalefield_002,sbg_motherwhalefield_002,MotherwhaleField,Day,ibg_motherwhalefield_001,0,30,12,target_list,-1974947185.0,path_grd_mid_small_002,-1,path_grd_mid_elite1_802,7,path_grd_far_small_071,8,path_fly_mid_small_030,-1,path_grd_mid_elite1_802,0,path_grd_far_small_047,6,,-1,,-1,,-1,,-1,-2074947185,Drop,-2074947185,Drop,-2074957185,Dash,-2074957185,Dash,-1074917185,Dash,-1074917185,Dash,-2074917185,Drop,-1974947085,Drop,-1074907185,Dash,-1074907185,Dash,-1074907185,Dash,-2074917185,Drop,-1084947185,Jump,-1084947185,Jump,1210010111,Jump,1210010111,Jump,-2074947185,Dash,-2074947185,Dash,-2074927185,Drop,-1974947185,Drop,-1074907185,Jump,-1074907185,Jump,-1074907185,Jump,-1074907185,Jump,0,None,0,None,0,None,0,None,0,None,0,None,0,None,0,None,0,None,0,None,0,None,0,None,0,None,0,None,0,None,0,None
6039003,wave_campaign_normal_017,Campaign,None,90,0,7,True,False,point_grd_motherwhalefield_003,point_fly_motherwhalefield_003,sbg_motherwhalefield_003,MotherwhaleField,Day,ibg_motherwhalefield_001,0,45,0,target_list,-1974937185.0,path_fly_mid_small_018,-1,path_grd_mid_elite2_805,5,path_fly_mid_small_036,10,path_grd_mid_elite2_805,0,path_grd_mid_elite1_802,10,path_fly_mid_small_005,-1,,-1,,-1,,-1,,-1,1210030111,Dash,1210030111,Dash,1210030111,Dash,1210030111,Dash,-1074957185,Dash,-1074957185,Dash,-974937085,Drop,-1974937085,Drop,1210030111,Dash,1210030111,Dash,1210030111,Dash,1210030111,Dash,-1074957185,Dash,-1074957185,Dash,-974937085,Drop,-974937085,Drop,-1074957185,Dash,-1074957185,Dash,-1074907185,Drop,-1974937185,Drop,1210030111,Dash,1210030111,Dash,1210030111,Dash,1210030111,Dash,0,None,0,None,0,None,0,None,0,None,0,None,0,None,0,None,0,None,0,None,0,None,0,None,0,None,0,None,0,None,0,None
6039004,wave_campaign_normal_017,Campaign,None,90,0,5,True,False,point_grd_motherwhalefield_002,point_fly_motherwhalefield_002,sbg_motherwhalefield_002,MotherwhaleField,Day,ibg_motherwhalefield_001,0,26,16,target_list,-1974917185.0,path_grd_mid_small_002,-1,path_grd_mid_special_065,6,path_grd_far_small_009,8,path_grd_mid_elite1_802,0,path_grd_far_small_050,-1,,-1,,-1,,-1,,-1,,-1,-1074917185,Drop,-1074917185,Drop,-1074917185,Dash,-2074927185,Dash,-1174957185,Drop,-1174957185,Drop,-1074917185,Drop,-1974917085,Drop,-1074897185,Jump,-1074897185,Jump,1220030111,Jump,-2074927185,Jump,-1074927185,Jump,-1074927185,Jump,-2074927185,Drop,-1974917185,Drop,-1074897185,Drop,1220030111,Drop,-1074897185,Drop,1220030111,Drop,0,None,0,None,0,None,0,None,0,None,0,None,0,None,0,None,0,None,0,None,0,None,0,None,0,None,0,None,0,None,0,None,0,None,0,None,0,None,0,None
6039005,wave_campaign_normal_017,Campaign,None,90,0,5,True,False,point_grd_motherwhalefield_001,point_fly_motherwhalefield_001,sbg_motherwhalefield_001,MotherwhaleField,Day,ibg_motherwhalefield_001,30,12,0,target_list,1310020111.0,path_fly_mid_small_018,-1,path_fly_close_special_046,6,path_grd_close_small_013,6,path_fly_close_elite1_801,0,path_fly_mid_small_050,7,,-1,,-1,,-1,,-1,,-1,-1084957185,Drop,-1084957185,Drop,-1084957185,Dash,-1084957185,Dash,-2084957185,Drop,1110010111,Drop,1110010111,Drop,1310030211,Drop,1220020111,Dash,1220020111,Dash,1220020111,Dash,1220020111,Dash,-1084957185,Dash,-1084957185,Dash,-2084957185,Drop,1310020111,Drop,-2084957185,Dash,-2084957185,Dash,-2084957185,Dash,-1084937185,Dash,0,None,0,None,0,None,0,None,0,None,0,None,0,None,0,None,0,None,0,None,0,None,0,None,0,None,0,None,0,None,0,None,0,None,0,None,0,None,0,None
6039006,wave_campaign_normal_017,Campaign,None,90,0,5,True,False,point_grd_motherwhalefield_002,point_fly_motherwhalefield_002,sbg_motherwhalefield_002,MotherwhaleField,Day,ibg_motherwhalefield_001,0,34,2,target_list,1320060111.0,path_grd_mid_small_055,-1,path_grd_mid_elite3_814,-1,path_grd_mid_small_011,8,path_grd_mid_elite3_814,0,path_grd_mid_small_043,8,,-1,,-1,,-1,,-1,,-1,-2074957185,Drop,-2074957185,Drop,-2074957185,Drop,-2074957185,Drop,-2074947185,Dash,-974957085,Dash,-2074927185,Dash,1320060211,Dash,-2074957185,Drop,-2074957185,Drop,-2074957185,Drop,-2074957185,Drop,-2074947185,Dash,-974957085,Dash,-2074927185,Drop,1320060111,Drop,-2074957185,Drop,-2074957185,Drop,-2074957185,Drop,-2074957185,Drop,0,None,0,None,0,None,0,None,0,None,0,None,0,None,0,None,0,None,0,None,0,None,0,None,0,None,0,None,0,None,0,None,0,None,0,None,0,None,0,None
6039007,wave_campaign_normal_017,Campaign,None,90,0,5,True,False,point_grd_motherwhalefield_003,point_fly_motherwhalefield_003,sbg_motherwhalefield_003,MotherwhaleField,Day,ibg_motherwhalefield_001,0,42,0,target_list,-1984947185.0,path_grd_mid_small_002,-1,path_fly_mid_elite1_802,-1,path_fly_mid_small_039,7,path_fly_mid_small_039,0,path_fly_mid_elite1_802,8,path_grd_mid_small_043,8,,-1,,-1,,-1,,-1,1220060111,Dash,1220060111,Dash,1220060111,Dash,1220060111,Dash,-2084947185,Dash,-2084947185,Dash,-2084927185,Drop,-1984947085,Drop,-2084947185,Drop,-2084947185,Drop,-2084947185,Drop,-2084947185,Drop,-2084947185,Drop,-2084947185,Drop,-2084927185,Drop,-2084927185,Drop,-2084947185,Dash,-2084947185,Dash,-2084927185,Drop,-1984947185,Drop,1220060111,Dash,1220060111,Dash,1220060111,Dash,1220060111,Dash,0,None,0,None,0,None,0,None,0,None,0,None,0,None,0,None,0,None,0,None,0,None,0,None,0,None,0,None,0,None,0,None
6039008,wave_campaign_normal_017,Campaign,None,90,0,7,True,False,point_grd_motherwhalefield_002,point_fly_motherwhalefield_002,sbg_motherwhalefield_002,MotherwhaleField,Day,ibg_motherwhalefield_001,0,46,2,target_list,-974897185.0,path_grd_mid_small_005,-1,path_grd_mid_small_068,5,path_fly_mid_elite2_805,10,path_grd_mid_small_043,-1,path_fly_mid_elite1_802,0,path_grd_mid_small_034,10,path_grd_mid_small_043,6,,-1,,-1,,-1,-2074937185,Dash,-2074937185,Dash,-2074937185,Dash,-2074937185,Dash,-1074877185,Drop,-1074877185,Drop,-2074927185,Drop,-1974947085,Drop,-2084927185,Drop,1210040111,Drop,-1984907085,Drop,-1984907085,Drop,-2074937185,Drop,-2074937185,Drop,-2074937185,Drop,-2074937185,Drop,-1084927185,Dash,-1084927185,Dash,-1084927185,Drop,-1984907085,Drop,-2074937185,Dash,-1974947085,Drop,-1074877185,Drop,-974897185,Drop,-2074937185,Dash,-1074877185,Dash,-2074927185,Dash,-1074877185,Dash,0,None,0,None,0,None,0,None,0,None,0,None,0,None,0,None,0,None,0,None,0,None,0,None
6039009,wave_campaign_normal_017,Campaign,None,90,0,5,True,False,point_grd_motherwhalefield_003,point_fly_motherwhalefield_003,sbg_motherwhalefield_003,MotherwhaleField,Day,ibg_motherwhalefield_001,6,36,0,target_list,1320040111.0,path_grd_close_small_001,-1,path_grd_mid_elite1_802,7,path_fly_mid_small_053,6,path_grd_mid_special_065,0,path_grd_far_small_071,11,,-1,,-1,,-1,,-1,,-1,1220020111,Drop,1220020111,Drop,1220030111,Dash,1220030111,Dash,1120010111,Jump,1120010111,Jump,1220020111,Drop,-1974917085,Drop,1210020111,Dash,1210020111,Dash,1210020111,Dash,1210040111,Dash,1120010111,Dash,1120010111,Dash,1220030111,Drop,1320040111,Drop,1220040111,Dash,1220040111,Dash,1220040111,Dash,-1074947185,Dash,0,None,0,None,0,None,0,None,0,None,0,None,0,None,0,None,0,None,0,None,0,None,0,None,0,None,0,None,0,None,0,None,0,None,0,None,0,None,0,None
6039010,wave_campaign_normal_017,Campaign,None,90,0,7,True,False,point_grd_motherwhalefield_002,point_fly_motherwhalefield_002,sbg_motherwhalefield_002,MotherwhaleField,Day,ibg_motherwhalefield_001,24,24,0,target_list,-974887185.0,path_fly_mid_small_030,-1,path_fly_close_small_029,-1,path_grd_mid_elite1_802,5,path_fly_close_small_023,12,path_grd_close_small_013,0,path_grd_mid_elite1_802,7,path_fly_close_small_029,9,,-1,,-1,,-1,-2084957185,Drop,-2084957185,Drop,-2084957185,Drop,-1084917185,Drop,-2084957185,Drop,-2084957185,Drop,-2084957185,Drop,-1084917185,Drop,-2074947185,Jump,-2074947185,Jump,-1074937185,Drop,-974887085,Drop,1210030111,Dash,-1084917185,Dash,1210030111,Dash,-1084917185,Dash,-2074947185,Dash,-2074947185,Dash,-2074947185,Dash,-1974957085,Dash,-1074937185,Dash,-1074937185,Dash,1220050111,Drop,-974887185,Drop,-2084957185,Dash,-2084957185,Dash,-1084917185,Dash,-1084917185,Dash,0,None,0,None,0,None,0,None,0,None,0,None,0,None,0,None,0,None,0,None,0,None,0,None
6039011,wave_campaign_normal_017,Campaign,None,90,0,5,True,False,point_grd_motherwhalefield_003,point_fly_motherwhalefield_003,sbg_motherwhalefield_003,MotherwhaleField,Day,ibg_motherwhalefield_001,0,36,0,target_list,-1984917185.0,path_grd_mid_small_070,-1,path_fly_mid_elite2_808,7,path_grd_mid_small_058,7,path_fly_mid_elite1_802,0,path_grd_mid_small_040,6,,-1,,-1,,-1,,-1,,-1,1220010111,Dash,1220010111,Dash,1220010111,Jump,-2074917185,Jump,1210010111,Dash,-2084927185,Dash,1210010111,Dash,-1084937185,Dash,-1074937185,Dash,-1074937185,Dash,-1074937185,Dash,-2074927185,Dash,-2084947185,Dash,-2084947185,Dash,1210010111,Drop,-1984917185,Drop,-2074947185,Dash,-1074907185,Jump,-2074947185,Dash,-1074907185,Jump,0,None,0,None,0,None,0,None,0,None,0,None,0,None,0,None,0,None,0,None,0,None,0,None,0,None,0,None,0,None,0,None,0,None,0,None,0,None,0,None
6039012,wave_campaign_normal_017,Campaign,None,90,0,7,True,False,point_grd_motherwhalefield_001,point_fly_motherwhalefield_001,sbg_motherwhalefield_001,MotherwhaleField,Day,ibg_motherwhalefield_001,6,42,0,target_list,1310010111.0,path_grd_mid_small_002,-1,path_fly_mid_elite1_802,5,path_fly_mid_small_024,8,path_fly_mid_elite2_805,0,path_fly_close_small_020,9,path_grd_mid_small_043,5,path_fly_mid_small_042,8,,-1,,-1,,-1,-1074927185,Dash,-1074927185,Dash,-1074927185,Dash,-1074927185,Dash,-1084957185,Drop,-1084957185,Drop,-1084917185,Drop,-1984907085,Drop,-1084957185,Dash,-1084957185,Dash,-1084957185,Dash,-1084957185,Dash,-1084957185,Drop,-1084957185,Drop,-1984907085,Drop,1310010111,Drop,-1084917185,Drop,-1084957185,Drop,-1084957185,Drop,-1084957185,Drop,-1074927185,Dash,-1074927185,Dash,-1074927185,Dash,-1074927185,Dash,-1084917185,Drop,-1074927185,Drop,-1074927185,Drop,-1074927185,Drop,0,None,0,None,0,None,0,None,0,None,0,None,0,None,0,None,0,None,0,None,0,None,0,None
6039013,wave_campaign_normal_017,Campaign,None,90,0,5,True,False,point_grd_motherwhalefield_002,point_fly_motherwhalefield_002,sbg_motherwhalefield_002,MotherwhaleField,Day,ibg_motherwhalefield_001,0,38,4,target_list,1310030111.0,path_grd_mid_small_052,-1,path_fly_mid_elite1_802,-1,path_fly_mid_small_050,8,path_fly_mid_elite2_805,0,path_grd_mid_small_052,8,path_fly_mid_small_050,7,,-1,,-1,,-1,,-1,-2074937185,Drop,-2074937185,Drop,-2074937185,Drop,-2074937185,Drop,-1084947185,Dash,-1084947185,Dash,1210040111,Drop,1310030211,Drop,-1084947185,Dash,-1084947185,Dash,-1084947185,Dash,1210040111,Dash,-1084947185,Drop,-1084947185,Drop,1310010211,Drop,1310030111,Drop,-2074937185,Drop,-2074937185,Drop,-2074937185,Drop,-2074937185,Drop,-1084947185,Dash,-1084947185,Dash,-1084947185,Dash,1210040111,Dash,0,None,0,None,0,None,0,None,0,None,0,None,0,None,0,None,0,None,0,None,0,None,0,None,0,None,0,None,0,None,0,None
6039014,wave_campaign_normal_017,Campaign,None,90,0,7,True,False,point_grd_motherwhalefield_003,point_fly_motherwhalefield_003,sbg_motherwhalefield_003,MotherwhaleField,Day,ibg_motherwhalefield_001,15,36,0,target_list,-1974907185.0,path_grd_mid_small_068,-1,path_grd_mid_elite2_808,-1,path_grd_close_small_007,8,path_grd_mid_small_008,-1,path_grd_mid_elite3_814,0,path_grd_close_elite1_801,10,path_grd_mid_small_070,-1,,-1,,-1,,-1,1220020111,Drop,1220020111,Drop,1220020111,Drop,1220020111,Drop,1220020111,Dash,1220020111,Dash,-1974907085,Drop,-974927085,Drop,1220020111,Dash,-1074947185,Dash,1220020111,Dash,-1074947185,Dash,-1074947185,Dash,1220020111,Dash,1220020111,Dash,-1074947185,Dash,1220020111,Dash,-974927085,Dash,-974927085,Drop,-974927085,Drop,1220020111,Drop,-1074947185,Drop,1220020111,Drop,-1974907185,Drop,-1074947185,Dash,1220020111,Dash,1220020111,Dash,-2074917185,Dash,0,None,0,None,0,None,0,None,0,None,0,None,0,None,0,None,0,None,0,None,0,None,0,None
6039015,wave_campaign_normal_017,Campaign,None,90,0,5,True,False,point_grd_motherwhalefield_001,point_fly_motherwhalefield_001,sbg_motherwhalefield_001,MotherwhaleField,Day,ibg_motherwhalefield_001,12,30,0,target_list,-1984897185.0,path_grd_mid_small_046,-1,path_fly_mid_elite1_802,-1,path_fly_close_small_020,7,path_fly_mid_elite1_802,0,path_grd_close_small_039,7,path_fly_mid_small_005,-1,,-1,,-1,,-1,,-1,-1074927185,Dash,-1074927185,Dash,-1074927185,Dash,-1074927185,Dash,1210020111,Dash,-1084947185,Dash,-1084937185,Drop,-1984897085,Drop,1210020111,Drop,1210020111,Drop,-1084947185,Drop,-1084947185,Drop,1210020111,Dash,-1084947185,Dash,-1084937185,Drop,-1984897185,Drop,-1074927185,Jump,-1074927185,Jump,-1074927185,Jump,-1074927185,Jump,1210020111,Dash,1210020111,Dash,1210020111,Dash,1210020111,Dash,0,None,0,None,0,None,0,None,0,None,0,None,0,None,0,None,0,None,0,None,0,None,0,None,0,None,0,None,0,None,0,None
6039016,wave_campaign_normal_017,Campaign,None,90,0,5,True,False,point_grd_motherwhalefield_002,point_fly_motherwhalefield_002,sbg_motherwhalefield_002,MotherwhaleField,Day,ibg_motherwhalefield_001,0,36,9,target_list,-974907185.0,path_grd_mid_small_002,-1,path_grd_mid_elite2_805,-1,path_grd_mid_small_012,8,path_grd_mid_elite2_805,0,path_grd_mid_special_025,7,,-1,,-1,,-1,,-1,,-1,-2074937185,Jump,-1074907185,Jump,-2074937185,Jump,-1074907185,Jump,-2074937185,Drop,-1074907185,Drop,-974907085,Drop,-974907085,Drop,-2074937185,Drop,-2074937185,Drop,-1074907185,Drop,-1074907185,Drop,-2074937185,Drop,-1074907185,Drop,-974907085,Drop,-974907185,Drop,-2074937185,Drop,-1174957185,Drop,-1074907185,Drop,-1074907185,Drop,0,None,0,None,0,None,0,None,0,None,0,None,0,None,0,None,0,None,0,None,0,None,0,None,0,None,0,None,0,None,0,None,0,None,0,None,0,None,0,None
6039017,wave_campaign_normal_017,Campaign,None,90,0,7,True,False,point_grd_motherwhalefield_003,point_fly_motherwhalefield_003,sbg_motherwhalefield_003,MotherwhaleField,Day,ibg_motherwhalefield_001,0,48,0,target_list,-984947185.0,path_grd_mid_small_012,-1,path_fly_mid_elite1_802,5,path_fly_mid_small_036,9,path_fly_mid_elite2_808,0,path_fly_mid_small_050,10,path_fly_mid_small_053,-1,path_fly_mid_small_024,8,,-1,,-1,,-1,-2074947185,Dash,-2074947185,Dash,-2074947185,Dash,-2074947185,Dash,-2084957185,Dash,-2084957185,Dash,-984947085,Drop,1210060111,Dash,-2084957185,Dash,-2084927185,Dash,-2084957185,Dash,-2084927185,Dash,-2084927185,Dash,-2084957185,Dash,-984947085,Drop,-984947185,Drop,-2084927185,Drop,-2084957185,Drop,-2084957185,Drop,1210060111,Dash,-2084957185,Drop,-2084927185,Drop,-2084957185,Drop,1210060111,Dash,-2084957185,Dash,-2084957185,Dash,-2084957185,Dash,-2084957185,Dash,0,None,0,None,0,None,0,None,0,None,0,None,0,None,0,None,0,None,0,None,0,None,0,None
6039018,wave_campaign_normal_017,Campaign,None,90,0,5,True,False,point_grd_motherwhalefield_002,point_fly_motherwhalefield_002,sbg_motherwhalefield_002,MotherwhaleField,Day,ibg_motherwhalefield_001,0,38,7,target_list,-1984927185.0,path_fly_mid_small_018,-1,path_grd_mid_elite2_808,-1,path_grd_mid_small_070,-1,path_fly_mid_small_033,7,path_grd_mid_elite2_808,0,path_fly_mid_elite1_802,8,,-1,,-1,,-1,,-1,-1084947185,Jump,-1084947185,Jump,-1084947185,Jump,-1084947185,Jump,-1074917185,Drop,2120010111,Drop,-1074877185,Drop,-1974937085,Drop,-2074957185,Drop,-2074957185,Drop,-1074947185,Drop,-2074917185,Drop,-1084947185,Drop,1110010111,Drop,-1084947185,Drop,-1084927185,Drop,2120010111,Drop,-2074957185,Drop,-1074877185,Drop,-2074917185,Drop,-2084957185,Dash,1110010111,Dash,1210040111,Drop,-1984927185,Drop,0,None,0,None,0,None,0,None,0,None,0,None,0,None,0,None,0,None,0,None,0,None,0,None,0,None,0,None,0,None,0,None
6039019,wave_campaign_normal_017,Campaign,None,90,0,5,True,False,point_grd_motherwhalefield_001,point_fly_motherwhalefield_001,sbg_motherwhalefield_001,MotherwhaleField,Day,ibg_motherwhalefield_001,0,42,0,target_list,1310010111.0,path_grd_mid_small_055,-1,path_fly_mid_elite1_802,-1,path_grd_mid_small_043,8,path_fly_mid_elite1_802,0,path_grd_mid_small_034,10,path_grd_mid_small_046,8,,-1,,-1,,-1,,-1,-1074937185,Drop,-1074937185,Drop,-1074937185,Drop,-1074937185,Drop,1210030111,Dash,1210030111,Dash,1210030111,Dash,1310010211,Dash,-1074937185,Drop,-1074937185,Drop,-1074937185,Drop,-1074887185,Drop,1210030111,Dash,1210030111,Dash,1210030111,Dash,1310010111,Dash,-1074887185,Drop,-1074937185,Drop,-1074937185,Drop,-1074937185,Drop,-1074937185,Drop,-1074937185,Drop,-1074937185,Drop,-1074887185,Drop,0,None,0,None,0,None,0,None,0,None,0,None,0,None,0,None,0,None,0,None,0,None,0,None,0,None,0,None,0,None,0,None
6039020,wave_campaign_normal_017,Campaign,None,90,0,7,True,False,point_grd_motherwhalefield_002,point_fly_motherwhalefield_002,sbg_motherwhalefield_002,MotherwhaleField,Day,ibg_motherwhalefield_001,0,29,13,target_list,-984927185.0,path_grd_mid_small_049,-1,path_fly_mid_elite1_802,-1,path_grd_mid_small_046,10,path_grd_mid_small_034,0,path_fly_far_elite1_803,7,path_grd_mid_small_008,-1,,-1,,-1,,-1,,-1,1220020111,Dash,1220020111,Dash,1220020111,Dash,1220020111,Dash,1210020111,Drop,1210020111,Drop,-1084937185,Drop,-984927085,Drop,1220020111,Drop,1220020111,Drop,1220020111,Drop,1220020111,Drop,1220020111,Jump,1220020111,Jump,1220020111,Jump,1320030211,Drop,1210020111,Drop,1210020111,Drop,1210010111,Drop,-984927185,Drop,1220020111,Dash,1220020111,Dash,1220020111,Dash,1220020111,Dash,0,None,0,None,0,None,0,None,0,None,0,None,0,None,0,None,0,None,0,None,0,None,0,None,0,None,0,None,0,None,0,None
6039021,wave_campaign_normal_017,Campaign,None,90,0,7,True,False,point_grd_motherwhalefield_001,point_fly_motherwhalefield_001,sbg_motherwhalefield_001,MotherwhaleField,Day,ibg_motherwhalefield_001,6,51,0,target_list,-1984897185.0,path_grd_mid_small_070,-1,path_fly_mid_elite2_805,-1,path_fly_mid_small_024,10,path_grd_mid_small_011,-1,path_fly_mid_elite2_808,0,path_fly_mid_elite1_802,10,path_grd_close_small_069,-1,path_fly_mid_small_024,-1,,-1,,-1,-1074917185,Dash,-1074917185,Dash,-1074917185,Dash,-2074927185,Dash,1210030111,Dash,-2084947185,Dash,-1984907085,Drop,-1984897085,Drop,1210030111,Dash,-2084947185,Dash,1210030111,Dash,-2084947185,Dash,-1074917185,Dash,-1074917185,Dash,1220050111,Dash,1220050111,Dash,1210030111,Dash,-2084947185,Dash,-1984907085,Drop,-1984897085,Drop,1210030111,Dash,-2084947185,Dash,-1084937185,Dash,-1984897185,Drop,-1074917185,Drop,-1074917185,Drop,-1074917185,Drop,1220050111,Dash,1210030111,Dash,-2084947185,Dash,1210030111,Dash,-2084947185,Dash,0,None,0,None,0,None,0,None,0,None,0,None,0,None,0,None
6039022,wave_campaign_normal_017,Campaign,None,90,0,5,True,False,point_grd_motherwhalefield_003,point_fly_motherwhalefield_003,sbg_motherwhalefield_003,MotherwhaleField,Day,ibg_motherwhalefield_001,0,33,0,target_list,-974937185.0,path_grd_mid_small_040,-1,path_fly_mid_small_005,7,path_fly_mid_small_050,7,path_fly_mid_elite1_802,0,path_grd_mid_small_043,7,,-1,,-1,,-1,,-1,,-1,1220060111,Dash,1220060111,Dash,1220060111,Dash,1220060111,Dash,1210020111,Dash,1210020111,Dash,1210020111,Dash,1210040111,Dash,1210030111,Dash,1210030111,Dash,1210030111,Dash,1210040111,Dash,-1084957185,Dash,-1084957185,Dash,1210010111,Drop,1310010211,Drop,-2074937185,Jump,-1074947185,Jump,-2074937185,Jump,-974937185,Dash,0,None,0,None,0,None,0,None,0,None,0,None,0,None,0,None,0,None,0,None,0,None,0,None,0,None,0,None,0,None,0,None,0,None,0,None,0,None,0,None
6039023,wave_campaign_normal_017,Campaign,None,90,0,7,True,False,point_grd_motherwhalefield_002,point_fly_motherwhalefield_002,sbg_motherwhalefield_002,MotherwhaleField,Day,ibg_motherwhalefield_001,0,23,34,target_list,1320010111.0,path_grd_mid_small_073,-1,path_grd_far_elite1_803,3,path_grd_mid_small_070,6,path_grd_far_small_044,5,path_grd_far_elite1_803,0,path_fly_mid_small_030,10,path_grd_mid_elite1_802,5,path_grd_far_small_044,9,,-1,,-1,-1074897185,Drop,-1074897185,Drop,-1074897185,Drop,-2074927185,Dash,-1074957185,Jump,-1074957185,Jump,-1074897185,Drop,-974947085,Drop,-1074957185,Dash,-1074957185,Dash,-1074957185,Dash,1320010211,Drop,-1074897185,Jump,-2074927185,Jump,-1074897185,Jump,-2074927185,Jump,-1074897185,Dash,-1074897185,Dash,-2074927185,Drop,-974947085,Drop,-1084957185,Drop,-1084957185,Drop,-1084957185,Drop,-984937085,Drop,-1074957185,Dash,-1074957185,Dash,-1074897185,Drop,1320010111,Drop,-1074897185,Dash,-2074927185,Dash,-1074897185,Dash,-2074927185,Dash,0,None,0,None,0,None,0,None,0,None,0,None,0,None,0,None
6039024,wave_campaign_normal_017,Campaign,None,90,0,5,True,False,point_grd_motherwhalefield_001,point_fly_motherwhalefield_001,sbg_motherwhalefield_001,MotherwhaleField,Day,ibg_motherwhalefield_001,6,27,0,target_list,-1984957185.0,path_grd_mid_small_070,-1,path_fly_mid_small_008,7,path_grd_close_small_036,7,path_grd_mid_elite1_802,0,path_fly_mid_small_030,7,,-1,,-1,,-1,,-1,,-1,-2074957185,Drop,-2074957185,Drop,-2074957185,Drop,-2074927185,Jump,-1084957185,Dash,-1984907085,Dash,-1084937185,Dash,-1984957085,Dash,-2074957185,Dash,-2074957185,Dash,-2074957185,Dash,-2074927185,Dash,-2074957185,Jump,-2074957185,Jump,-2074927185,Drop,1320020211,Drop,-1084957185,Drop,-1984907085,Drop,-1084937185,Drop,-1984957185,Dash,0,None,0,None,0,None,0,None,0,None,0,None,0,None,0,None,0,None,0,None,0,None,0,None,0,None,0,None,0,None,0,None,0,None,0,None,0,None,0,None
6039025,wave_campaign_normal_017,Campaign,None,90,0,7,True,False,point_grd_motherwhalefield_002,point_fly_motherwhalefield_002,sbg_motherwhalefield_002,MotherwhaleField,Day,ibg_motherwhalefield_001,9,33,6,target_list,-1974907185.0,path_grd_mid_small_052,-1,path_grd_close_elite2_807,-1,path_grd_mid_small_049,8,path_fly_mid_small_030,-1,path_grd_mid_elite1_802,0,path_fly_mid_small_053,5,path_grd_mid_small_052,10,,-1,,-1,,-1,1220020111,Dash,1220020111,Dash,1220020111,Dash,1220020111,Dash,1220020111,Dash,-1074947185,Dash,-1974907085,Drop,-1974907085,Drop,1220020111,Drop,1220020111,Drop,1220020111,Drop,-2074917185,Drop,-2084947185,Drop,-2084947185,Drop,-2084947185,Drop,1210040111,Drop,1220020111,Dash,-1074947185,Dash,-974927085,Drop,-1974907185,Drop,-2084947185,Drop,-2084947185,Drop,-2084947185,Drop,1210040111,Drop,-2074947185,Dash,-2074947185,Dash,-2074947185,Dash,-1074947185,Dash,0,None,0,None,0,None,0,None,0,None,0,None,0,None,0,None,0,None,0,None,0,None,0,None
6039026,wave_campaign_normal_017,Campaign,None,90,0,7,True,False,point_grd_motherwhalefield_003,point_fly_motherwhalefield_003,sbg_motherwhalefield_003,MotherwhaleField,Day,ibg_motherwhalefield_001,0,69,0,target_list,1310020111.0,path_grd_mid_small_002,-1,path_fly_mid_elite2_805,5,path_fly_mid_special_047,12,path_fly_mid_elite1_802,0,path_fly_mid_special_047,10,path_grd_mid_elite2_805,-1,path_fly_mid_small_002,8,,-1,,-1,,-1,-2074957185,Dash,-2074957185,Dash,-2074957185,Dash,-2074957185,Dash,1210030111,Dash,1110010111,Dash,1310020211,Drop,1310010211,Drop,1210030111,Dash,2110010111,Dash,1210050111,Drop,1210050111,Drop,1210030111,Dash,1210030111,Dash,1210050111,Drop,1310010211,Drop,1210030111,Dash,2110010111,Dash,1210050111,Dash,1310020111,Dash,-2074957185,Dash,2120010111,Dash,-2074957185,Dash,-2074957185,Dash,1210030111,Dash,1210030111,Dash,1210030111,Dash,1210030111,Dash,0,None,0,None,0,None,0,None,0,None,0,None,0,None,0,None,0,None,0,None,0,None,0,None
6039027,wave_campaign_normal_017,Campaign,None,90,0,7,True,False,point_grd_motherwhalefield_001,point_fly_motherwhalefield_001,sbg_motherwhalefield_001,MotherwhaleField,Day,ibg_motherwhalefield_001,0,66,0,target_list,-1984917185.0,path_fly_mid_small_018,-1,path_grd_mid_elite2_805,5,path_fly_mid_small_002,10,path_grd_mid_small_043,-1,path_grd_mid_small_068,0,path_fly_mid_elite2_808,-1,path_grd_mid_small_076,8,path_fly_mid_small_039,-1,path_grd_mid_small_012,-1,path_fly_mid_small_024,8,1210020111,Drop,-2084927185,Drop,1210020111,Drop,-2084927185,Drop,-2074937185,Dash,-1074877185,Dash,-1974947085,Drop,1320030211,Drop,-2084927185,Drop,1210040111,Drop,-2084927185,Drop,1210040111,Drop,-1074917185,Drop,-1074877185,Drop,-1074917185,Drop,-1074877185,Drop,-1074877185,Dash,-1074877185,Dash,-2074927185,Dash,-1974947085,Dash,1210030111,Dash,-2084927185,Dash,-1984907085,Drop,-1984917185,Drop,-2074937185,Dash,-2074937185,Dash,-1074877185,Dash,-2074927185,Dash,-1084927185,Dash,-2084927185,Dash,-1084927185,Dash,-2084927185,Dash,-1074877185,Drop,-1074877185,Drop,-2074957185,Drop,-1974947085,Drop,-2084927185,Dash,-2084927185,Dash,1210040111,Dash,-2084927185,Dash
6039028,wave_campaign_normal_017,Campaign,None,90,0,5,True,False,point_grd_motherwhalefield_002,point_fly_motherwhalefield_002,sbg_motherwhalefield_002,MotherwhaleField,Day,ibg_motherwhalefield_001,6,26,7,target_list,-1974947185.0,path_grd_close_small_001,-1,path_grd_mid_small_068,-1,path_grd_mid_small_061,7,path_grd_far_small_044,0,path_grd_mid_elite1_802,7,path_grd_mid_small_043,-1,,-1,,-1,,-1,,-1,1220020111,Jump,-1074907185,Jump,1220020111,Jump,-1074907185,Jump,1220020111,Dash,1220020111,Dash,-2074887185,Dash,-1974947085,Dash,1220020111,Drop,-2074887185,Drop,1220020111,Drop,1220020111,Drop,1220020111,Dash,-2074887185,Dash,1220020111,Dash,-2074887185,Dash,1220020111,Dash,1220020111,Dash,-1074907185,Drop,-1974947185,Drop,1220020111,Dash,-2074887185,Dash,1220020111,Dash,1220020111,Dash,0,None,0,None,0,None,0,None,0,None,0,None,0,None,0,None,0,None,0,None,0,None,0,None,0,None,0,None,0,None,0,None
6039029,wave_campaign_normal_017,Campaign,None,90,0,5,True,False,point_grd_motherwhalefield_003,point_fly_motherwhalefield_003,sbg_motherwhalefield_003,MotherwhaleField,Day,ibg_motherwhalefield_001,0,42,0,target_list,-1974957185.0,path_fly_mid_small_018,-1,path_grd_mid_elite1_802,-1,path_fly_mid_small_036,7,path_grd_mid_elite1_802,0,path_fly_mid_small_027,8,path_grd_mid_small_043,-1,,-1,,-1,,-1,,-1,-2084957185,Drop,-2084957185,Drop,-2084957185,Drop,-2084957185,Drop,-2074937185,Dash,-1174957185,Dash,-1074887185,Drop,-1974957085,Drop,-2084957185,Drop,-2084957185,Drop,-1084927185,Drop,-1084927185,Drop,-2074937185,Dash,-2074937185,Dash,-1074887185,Drop,-1974957185,Drop,-1084927185,Drop,-2084957185,Drop,-2084957185,Drop,-2084957185,Drop,-2074937185,Dash,1220050111,Dash,-2074937185,Dash,1220050111,Dash,0,None,0,None,0,None,0,None,0,None,0,None,0,None,0,None,0,None,0,None,0,None,0,None,0,None,0,None,0,None,0,None
6039030,wave_campaign_normal_017,Campaign,None,90,0,7,True,False,point_grd_motherwhalefield_001,point_fly_motherwhalefield_001,sbg_motherwhalefield_001,MotherwhaleField,Day,ibg_motherwhalefield_001,6,39,9,target_list,-1984957185.0,path_grd_mid_small_070,-1,path_fly_mid_elite2_808,5,path_fly_mid_small_005,10,path_grd_mid_small_040,-1,path_fly_far_elite2_806,0,path_grd_close_small_069,8,path_fly_mid_small_033,8,path_fly_mid_small_024,-1,,-1,,-1,-2074957185,Drop,-1074917185,Drop,-1074917185,Drop,-2074927185,Normal,-1084947185,Dash,-1084947185,Dash,-1984907085,Drop,-1984957085,Drop,-1084947185,Dash,1210030111,Dash,-1084947185,Dash,1210030111,Dash,-1074917185,Drop,-2074957185,Drop,-1074917185,Drop,-2074957185,Drop,-1084947185,Dash,1210030111,Dash,-1984907085,Drop,-1984957185,Drop,-2074957185,Drop,-1074917185,Drop,-1074917185,Drop,-2074927185,Dash,-1084947185,Dash,1210030111,Dash,-1084947185,Dash,-1984907085,Dash,1210030111,Dash,1210030111,Dash,-1084947185,Dash,-1084947185,Dash,0,None,0,None,0,None,0,None,0,None,0,None,0,None,0,None
6039031,wave_campaign_normal_017,Campaign,None,90,0,5,True,False,point_grd_motherwhalefield_003,point_fly_motherwhalefield_003,sbg_motherwhalefield_003,MotherwhaleField,Day,ibg_motherwhalefield_001,0,42,0,target_list,-1984907185.0,path_fly_mid_small_018,-1,path_fly_mid_elite2_808,-1,path_fly_mid_small_050,8,path_fly_mid_small_050,0,path_fly_mid_elite2_808,-1,path_fly_mid_small_002,8,,-1,,-1,,-1,,-1,-2084947185,Dash,1210010111,Dash,-2084947185,Dash,1210010111,Dash,-2084947185,Dash,1210010111,Dash,1210060111,Dash,-1984907085,Drop,-2084947185,Dash,-2084947185,Dash,-2084947185,Dash,1210060111,Dash,-2084947185,Dash,-2084947185,Dash,-2084947185,Dash,1210060111,Dash,-2084947185,Dash,1210010111,Dash,-1984907185,Dash,1210060111,Drop,-2084947185,Dash,1210010111,Dash,-2084947185,Dash,1210010111,Dash,0,None,0,None,0,None,0,None,0,None,0,None,0,None,0,None,0,None,0,None,0,None,0,None,0,None,0,None,0,None,0,None
6039032,wave_campaign_normal_017,Campaign,None,90,0,7,True,False,point_grd_motherwhalefield_002,point_fly_motherwhalefield_002,sbg_motherwhalefield_002,MotherwhaleField,Day,ibg_motherwhalefield_001,0,40,2,target_list,-984947185.0,path_grd_mid_small_002,-1,path_fly_mid_elite2_808,5,path_grd_mid_small_043,10,path_fly_mid_elite3_811,0,path_grd_mid_small_052,10,path_fly_mid_small_002,-1,,-1,,-1,,-1,,-1,1220010111,Dash,1220010111,Dash,1220010111,Dash,1220010111,Dash,-2084947185,Dash,1210010111,Dash,-984947085,Drop,-984947085,Drop,1220010111,Dash,1220010111,Dash,1220010111,Dash,1220010111,Dash,-2084947185,Dash,-984947085,Drop,-984947085,Drop,-984947185,Drop,1220010111,Jump,1220010111,Jump,1220010111,Drop,1220010111,Drop,-2084947185,Dash,-2084947185,Dash,1210010111,Dash,1210010111,Dash,0,None,0,None,0,None,0,None,0,None,0,None,0,None,0,None,0,None,0,None,0,None,0,None,0,None,0,None,0,None,0,None
6039033,wave_campaign_normal_017,Campaign,None,90,0,7,True,False,point_grd_motherwhalefield_001,point_fly_motherwhalefield_001,sbg_motherwhalefield_001,MotherwhaleField,Day,ibg_motherwhalefield_001,15,39,0,target_list,-1974907185.0,path_grd_mid_small_070,-1,path_fly_mid_elite1_802,5,path_grd_mid_small_068,10,path_grd_mid_small_043,8,path_fly_close_elite3_810,0,path_grd_mid_small_034,10,path_fly_mid_small_036,8,path_grd_close_small_042,8,,-1,,-1,-2074937185,Dash,-2074937185,Dash,-1074947185,Dash,-2074917185,Normal,-2084947185,Dash,1210010111,Dash,1210040111,Drop,-1984917085,Drop,-2074937185,Dash,-1074947185,Dash,-2074937185,Dash,-1974907085,Drop,-2074937185,Drop,-1074947185,Drop,-2074937185,Drop,-1074947185,Drop,-2084947185,Dash,-1984917085,Drop,-1984917085,Drop,-1984917085,Drop,-1974907185,Drop,-2074937185,Drop,-1074947185,Drop,-2074917185,Drop,-2084947185,Dash,1210010111,Dash,-2084947185,Dash,1210010111,Dash,-1074947185,Dash,-1074947185,Dash,-1074947185,Dash,-1074947185,Dash,0,None,0,None,0,None,0,None,0,None,0,None,0,None,0,None
6039034,wave_campaign_normal_017,Campaign,None,90,0,5,True,False,point_grd_motherwhalefield_003,point_fly_motherwhalefield_003,sbg_motherwhalefield_003,MotherwhaleField,Day,ibg_motherwhalefield_001,0,42,0,target_list,-1974957185.0,path_grd_mid_small_002,-1,path_fly_mid_small_050,-1,path_grd_mid_elite1_802,8,path_grd_mid_elite2_808,0,path_fly_mid_small_050,10,path_grd_mid_small_043,7,,-1,,-1,,-1,,-1,-1074927185,Dash,-1074927185,Dash,-1074927185,Dash,-1074927185,Dash,-1084957185,Dash,-1084957185,Dash,-1084957185,Dash,-1084937185,Dash,-1074927185,Drop,-1074927185,Drop,-1074907185,Drop,-1974957085,Drop,-1074927185,Dash,-1074907185,Dash,1320030211,Drop,-1974957185,Drop,-1084957185,Dash,-1084957185,Dash,-1084957185,Dash,-1084937185,Dash,-1074927185,Drop,-1074907185,Drop,-1074927185,Drop,-1074907185,Drop,0,None,0,None,0,None,0,None,0,None,0,None,0,None,0,None,0,None,0,None,0,None,0,None,0,None,0,None,0,None,0,None
6039035,wave_campaign_normal_017,Campaign,None,90,0,5,True,False,point_grd_motherwhalefield_002,point_fly_motherwhalefield_002,sbg_motherwhalefield_002,MotherwhaleField,Day,ibg_motherwhalefield_001,0,38,4,target_list,-974897185.0,path_grd_mid_small_055,-1,path_grd_mid_elite2_805,-1,path_fly_mid_small_027,10,path_grd_mid_elite3_814,0,path_fly_mid_small_027,8,path_grd_mid_small_061,10,,-1,,-1,,-1,,-1,-1074917185,Drop,-1074917185,Drop,-1074917185,Drop,-1074917185,Drop,-1074917185,Drop,-1074917185,Drop,-974897085,Dash,-974897085,Dash,-2084937185,Drop,1210020111,Dash,1210020111,Dash,1210020111,Dash,-1074917185,Drop,-974897085,Jump,-974897085,Jump,-974897185,Jump,-2084937185,Drop,1210020111,Dash,1210020111,Dash,1210020111,Dash,-1074917185,Dash,-1074917185,Dash,-1074917185,Dash,-1074917185,Dash,0,None,0,None,0,None,0,None,0,None,0,None,0,None,0,None,0,None,0,None,0,None,0,None,0,None,0,None,0,None,0,None
6039036,wave_campaign_normal_017,Campaign,None,90,0,7,True,False,point_grd_motherwhalefield_001,point_fly_motherwhalefield_001,sbg_motherwhalefield_001,MotherwhaleField,Day,ibg_motherwhalefield_001,0,42,0,target_list,-1984927185.0,path_grd_mid_small_002,-1,path_fly_mid_elite1_802,6,path_fly_mid_small_005,8,path_fly_mid_elite2_805,0,path_grd_mid_small_043,10,path_fly_mid_small_024,-1,,-1,,-1,,-1,,-1,-1074957185,Jump,-1074957185,Jump,-1074957185,Jump,-1074957185,Jump,-1084957185,Dash,-1084957185,Dash,1210040111,Drop,-1984927085,Drop,-1084957185,Dash,-1084957185,Dash,-1084957185,Dash,-1084957185,Dash,-1084957185,Dash,-1084957185,Dash,-1984907085,Drop,-1984927185,Drop,-1074957185,Jump,-1074957185,Jump,-1074957185,Jump,-1074957185,Jump,-1084957185,Dash,-1084957185,Dash,-1084957185,Dash,-1084957185,Dash,0,None,0,None,0,None,0,None,0,None,0,None,0,None,0,None,0,None,0,None,0,None,0,None,0,None,0,None,0,None,0,None
6039037,wave_campaign_normal_017,Campaign,None,90,0,7,True,False,point_grd_motherwhalefield_002,point_fly_motherwhalefield_002,sbg_motherwhalefield_002,MotherwhaleField,Day,ibg_motherwhalefield_001,0,46,2,target_list,-1984897185.0,path_grd_mid_small_070,-1,path_fly_mid_small_050,5,path_fly_mid_elite1_802,8,path_grd_mid_small_070,0,path_fly_mid_elite2_808,-1,path_grd_mid_small_043,9,path_fly_mid_small_036,-1,,-1,,-1,,-1,-1074917185,Drop,-1074917185,Drop,-1074917185,Drop,-2074927185,Dash,-2084947185,Dash,-2084947185,Dash,1210010111,Dash,-1984897085,Dash,-2084947185,Dash,-2084947185,Dash,1210010111,Drop,-1984897085,Drop,-1074917185,Drop,-1074917185,Drop,-1074917185,Drop,-2074927185,Dash,-2084947185,Dash,1210010111,Drop,-1984897085,Drop,-1984897185,Drop,-1074917185,Dash,-2074927185,Dash,-1074917185,Dash,-2074927185,Dash,-2084947185,Drop,-2084947185,Drop,1210010111,Drop,1210010111,Drop,0,None,0,None,0,None,0,None,0,None,0,None,0,None,0,None,0,None,0,None,0,None,0,None
6039038,wave_campaign_normal_017,Campaign,None,90,0,7,True,False,point_grd_motherwhalefield_001,point_fly_motherwhalefield_001,sbg_motherwhalefield_001,MotherwhaleField,Day,ibg_motherwhalefield_001,0,57,0,target_list,-974947185.0,path_grd_mid_small_002,-1,path_grd_mid_elite2_808,5,path_grd_mid_small_037,9,path_grd_mid_small_040,-1,path_grd_mid_elite1_802,0,path_grd_far_elite2_806,10,path_grd_mid_small_005,-1,path_grd_mid_small_043,-1,,-1,,-1,1220040111,Jump,-1074907185,Jump,1220040111,Jump,-1074907185,Jump,1220040111,Dash,-1074907185,Dash,-1974947085,Drop,-974947085,Drop,1220040111,Dash,-2074887185,Dash,1220040111,Dash,-2074887185,Dash,1220040111,Dash,-2074887185,Dash,1220040111,Dash,-2074887185,Dash,1220040111,Dash,-1074907185,Dash,-2074887185,Drop,-1974947085,Drop,1220040111,Dash,-1074907185,Dash,-974947085,Drop,-974947185,Drop,1220040111,Dash,-2074887185,Dash,1220040111,Dash,-2074887185,Dash,1220040111,Drop,-1074907185,Drop,1220040111,Drop,-1074907185,Drop,0,None,0,None,0,None,0,None,0,None,0,None,0,None,0,None
6039039,wave_campaign_normal_017,Campaign,None,90,0,7,True,False,point_grd_motherwhalefield_003,point_fly_motherwhalefield_003,sbg_motherwhalefield_003,MotherwhaleField,Day,ibg_motherwhalefield_001,0,48,0,target_list,-974887185.0,path_grd_mid_small_070,-1,path_fly_mid_small_033,-1,path_grd_mid_elite1_802,9,path_grd_far_small_044,-1,path_grd_far_small_071,0,path_grd_mid_elite2_808,-1,path_fly_mid_small_030,8,,-1,,-1,,-1,1220010111,Drop,1220010111,Drop,1220010111,Drop,-2074927185,Dash,1210020111,Dash,1210020111,Dash,1210020111,Dash,1310020211,Drop,1220010111,Drop,1220010111,Drop,-1074897185,Drop,-974887085,Drop,1220010111,Drop,-1074897185,Drop,1220010111,Drop,-1074897185,Drop,-1074897185,Drop,1220010111,Drop,-1074897185,Drop,-2074927185,Dash,1220010111,Dash,-1074897185,Dash,-1974957085,Drop,-974887185,Drop,1210020111,Dash,1210020111,Dash,1210020111,Dash,1210020111,Dash,0,None,0,None,0,None,0,None,0,None,0,None,0,None,0,None,0,None,0,None,0,None,0,None
6039040,wave_campaign_normal_017,Campaign,None,90,0,7,True,False,point_grd_motherwhalefield_002,point_fly_motherwhalefield_002,sbg_motherwhalefield_002,MotherwhaleField,Day,ibg_motherwhalefield_001,0,42,0,target_list,1310020111.0,path_fly_mid_small_018,-1,path_fly_mid_elite1_802,5,path_fly_mid_small_027,8,path_fly_mid_small_036,0,path_fly_mid_elite1_802,7,path_fly_mid_small_024,-1,,-1,,-1,,-1,,-1,-2084957185,Drop,-2084957185,Drop,-2084957185,Drop,-2084957185,Drop,-2084957185,Dash,-2084957185,Dash,-1084927185,Dash,1310020211,Dash,-1084917185,Dash,-2084957185,Dash,-2084957185,Dash,-2084957185,Dash,-2084957185,Drop,-1084927185,Drop,-1084917185,Drop,-2084957185,Drop,-2084957185,Dash,-2084957185,Dash,-1084927185,Drop,1310020111,Drop,-1084927185,Drop,-2084957185,Drop,-1084917185,Drop,-2084957185,Drop,0,None,0,None,0,None,0,None,0,None,0,None,0,None,0,None,0,None,0,None,0,None,0,None,0,None,0,None,0,None,0,None
6039041,wave_campaign_normal_017,Campaign,None,90,0,7,True,False,point_grd_motherwhalefield_001,point_fly_motherwhalefield_001,sbg_motherwhalefield_001,MotherwhaleField,Day,ibg_motherwhalefield_001,0,60,0,target_list,-1984917185.0,path_fly_mid_small_018,-1,path_fly_mid_elite2_805,5,path_grd_mid_small_058,10,path_grd_mid_small_052,-1,path_fly_mid_small_030,0,path_fly_mid_elite2_805,-1,path_grd_mid_small_073,8,path_grd_mid_small_037,10,path_fly_mid_small_002,-1,,-1,1210010111,Drop,1210050111,Drop,1210010111,Drop,1210050111,Drop,1210050111,Dash,1210020111,Dash,-984937085,Drop,-1984927085,Drop,-1074907185,Dash,-1074947185,Dash,-1074907185,Dash,-1074947185,Dash,-1074917185,Drop,-1074917185,Drop,-2074917185,Drop,-1074947185,Drop,1210010111,Dash,1210010111,Dash,1210050111,Dash,1210050111,Dash,1210050111,Dash,1210020111,Dash,-984937085,Drop,-1984917185,Drop,-1074907185,Dash,-1074947185,Dash,-1074907185,Dash,-1074947185,Dash,-2074957185,Dash,-2074957185,Dash,-2074927185,Dash,-1074947185,Dash,1210010111,Drop,1210050111,Drop,1210010111,Drop,1210050111,Drop,0,None,0,None,0,None,0,None
6039042,wave_campaign_normal_017,Campaign,None,90,0,7,True,False,point_grd_motherwhalefield_003,point_fly_motherwhalefield_003,sbg_motherwhalefield_003,MotherwhaleField,Day,ibg_motherwhalefield_001,0,48,0,target_list,-1984947185.0,path_fly_mid_small_021,-1,path_grd_mid_small_043,-1,path_fly_mid_elite2_808,5,path_fly_mid_small_036,10,path_fly_mid_elite2_805,0,path_fly_mid_small_005,8,path_grd_mid_small_040,6,,-1,,-1,,-1,-2084957185,Drop,-2084957185,Drop,-2084957185,Drop,-2084957185,Drop,-2074937185,Dash,-2074937185,Dash,-2074937185,Dash,-2074937185,Dash,-2084957185,Dash,-2084957185,Dash,-984947085,Drop,-984947085,Drop,-2084957185,Dash,-2084957185,Dash,-2084927185,Dash,-2084927185,Dash,-2084957185,Dash,-2084957185,Dash,-984947085,Drop,-1984947185,Drop,-2084927185,Dash,-2084957185,Dash,-2084957185,Dash,-2084927185,Dash,-2074937185,Dash,-2074937185,Dash,-2074937185,Dash,-2074937185,Dash,0,None,0,None,0,None,0,None,0,None,0,None,0,None,0,None,0,None,0,None,0,None,0,None
6039043,wave_campaign_normal_017,Campaign,None,90,0,7,True,False,point_grd_motherwhalefield_002,point_fly_motherwhalefield_002,sbg_motherwhalefield_002,MotherwhaleField,Day,ibg_motherwhalefield_001,0,30,30,target_list,1320010111.0,path_grd_mid_small_052,-1,path_fly_mid_elite2_805,5,path_grd_far_small_050,10,path_grd_mid_small_012,-1,path_fly_far_elite1_803,0,path_grd_far_small_056,-1,path_fly_mid_small_018,8,path_grd_mid_small_034,-1,path_grd_far_small_044,-1,,-1,1220040111,Drop,-1074877185,Drop,1220040111,Drop,-1074877185,Drop,-2084947185,Dash,1210030111,Dash,-1984957085,Drop,-984927085,Drop,-1074897185,Drop,-1074897185,Drop,-1074897185,Drop,-2074927185,Drop,-2074937185,Drop,-2074937185,Drop,-2074937185,Drop,-2074937185,Drop,-1084957185,Dash,-1084957185,Dash,1210040111,Dash,-984927085,Dash,-2074927185,Dash,-1074897185,Dash,1320030211,Drop,1320010111,Drop,1210030111,Dash,1210030111,Dash,1210030111,Dash,-984927085,Dash,-2074937185,Dash,-1074877185,Dash,-2074937185,Dash,-1074877185,Dash,-1074897185,Drop,-1074897185,Drop,-1074897185,Drop,-1074897185,Drop,0,None,0,None,0,None,0,None
6039044,wave_campaign_normal_017,Campaign,None,180,0,6,False,False,point_grd_motherwhalefield_001,point_fly_motherwhalefield_001,sbg_motherwhalefield_001,MotherwhaleField,Day,ibg_motherwhalefield_001,0,0,1,target_list,-1883957165.0,path_fly_far_centurion_903,-1,,-1,,-1,,-1,,-1,,-1,,-1,,-1,,-1,,-1,-1883957165,Normal,0,None,0,None,0,None,0,None,0,None,0,None,0,None,0,None,0,None,0,None,0,None,0,None,0,None,0,None,0,None,0,None,0,None,0,None,0,None,0,None,0,None,0,None,0,None,0,None,0,None,0,None,0,None,0,None,0,None,0,None,0,None,0,None,0,None,0,None,0,None,0,None,0,None,0,None,0,None
6039045,wave_campaign_normal_017,Campaign,None,180,0,6,False,False,point_grd_motherwhalefield_002,point_fly_motherwhalefield_002,sbg_motherwhalefield_002,MotherwhaleField,Day,ibg_motherwhalefield_001,9,30,1,target_list,-884957164.0,path_fly_mid_centurion_902,-1,path_fly_mid_small_033,-1,path_fly_mid_small_002,-1,path_fly_mid_small_033,4,path_fly_mid_small_042,-1,path_fly_close_elite2_804,4,path_fly_mid_small_005,4,,-1,,-1,,-1,-884957164,Normal,0,None,0,None,0,None,-2084947165,Normal,-2084947165,Normal,-2084947165,Normal,-2084947165,Normal,-1084957165,Dash,-1084957165,Dash,-1084957165,Dash,-1084957165,Dash,1110010131,Drop,1110010131,Drop,-2084947165,Drop,-1984957065,Drop,-1084927165,Normal,-1084927165,Normal,2110010131,Normal,2110010131,Normal,1210010131,Jump,-1184957165,Jump,-1184957165,Jump,-1084937165,Jump,-2084957165,Normal,-2084957165,Normal,-2084957165,Normal,1310020231,Normal,0,None,0,None,0,None,0,None,0,None,0,None,0,None,0,None,0,None,0,None,0,None,0,None
6039046,wave_campaign_normal_017,Campaign,None,90,0,7,True,False,point_grd_motherwhalefield_003,point_fly_motherwhalefield_003,sbg_motherwhalefield_003,MotherwhaleField,Day,ibg_motherwhalefield_001,0,51,0,target_list,-1984927165.0,path_fly_mid_small_027,-1,path_fly_mid_elite3_814,-1,path_fly_mid_elite3_814,10,path_fly_mid_small_053,0,path_fly_mid_elite3_811,-1,path_fly_mid_small_027,8,path_fly_mid_small_050,-1,,-1,,-1,,-1,1210050131,Drop,1210030131,Dash,1210030131,Dash,1210060131,Dash,1210030131,Dash,1210060131,Dash,1210050131,Dash,-1984927065,Drop,1210030131,Dash,1210050131,Dash,-1984927065,Drop,1210060131,Dash,1210030131,Dash,1210030131,Dash,1210050131,Dash,1210050131,Dash,1210030131,Dash,1210060131,Dash,-1984927065,Drop,-1984927165,Drop,1210050131,Drop,1210030131,Dash,1210030131,Dash,1210060131,Dash,1210050131,Drop,1210030131,Dash,1210030131,Dash,1210060131,Dash,0,None,0,None,0,None,0,None,0,None,0,None,0,None,0,None,0,None,0,None,0,None,0,None
6040001,wave_campaign_normal_017,Campaign,None,90,0,5,True,False,point_grd_motherwhalefield_001,point_fly_motherwhalefield_001,sbg_motherwhalefield_001,MotherwhaleField,Day,ibg_motherwhalefield_001,0,48,15,target_list,-1974947185.0,path_grd_mid_small_049,-1,path_grd_mid_special_065,7,path_grd_far_small_044,-1,path_fly_far_special_045,0,path_grd_mid_special_065,10,path_grd_far_small_006,8,,-1,,-1,,-1,,-1,-1074917185,Drop,-1074917185,Drop,-1074917185,Drop,-2074927185,Drop,1120010111,Dash,1120010111,Dash,-2074937185,Dash,-1974947085,Dash,-2074937185,Dash,-2074937185,Dash,-2074937185,Dash,-2074927185,Dash,1110010111,Drop,1110010111,Drop,1110010111,Drop,1210040111,Drop,1120010111,Drop,1120010111,Drop,-2074937185,Drop,-1974947185,Drop,-2074937185,Jump,-2074937185,Jump,-2074937185,Jump,-2074927185,Jump,0,None,0,None,0,None,0,None,0,None,0,None,0,None,0,None,0,None,0,None,0,None,0,None,0,None,0,None,0,None,0,None
6040002,wave_campaign_normal_017,Campaign,None,90,0,5,True,False,point_grd_motherwhalefield_003,point_fly_motherwhalefield_003,sbg_motherwhalefield_003,MotherwhaleField,Day,ibg_motherwhalefield_001,0,36,21,target_list,-1984907185.0,path_grd_mid_small_005,-1,path_fly_mid_special_016,7,path_fly_far_small_031,-1,path_fly_mid_elite2_805,0,path_grd_far_small_044,-1,path_fly_far_special_048,8,,-1,,-1,,-1,,-1,1220040111,Dash,1220040111,Dash,1220040111,Dash,1220040111,Dash,1110010111,Drop,1110010111,Drop,-2084957185,Drop,-1984907085,Drop,1210010111,Drop,1210010111,Drop,1210010111,Drop,1210040111,Drop,1210010111,Jump,1210010111,Jump,1210010111,Drop,-1984907185,Drop,-1074907185,Dash,-2074927185,Dash,-1074907185,Dash,-2074927185,Dash,-1184957185,Jump,-1184957185,Jump,-1184957185,Jump,1210010111,Jump,0,None,0,None,0,None,0,None,0,None,0,None,0,None,0,None,0,None,0,None,0,None,0,None,0,None,0,None,0,None,0,None
6040003,wave_campaign_normal_017,Campaign,None,90,0,7,True,False,point_grd_motherwhalefield_002,point_fly_motherwhalefield_002,sbg_motherwhalefield_002,MotherwhaleField,Day,ibg_motherwhalefield_001,0,45,0,target_list,-1984957185.0,path_grd_mid_small_043,-1,path_fly_mid_small_033,-1,path_fly_mid_elite1_802,10,path_grd_mid_elite1_802,0,path_fly_mid_elite2_805,10,path_fly_mid_small_024,-1,,-1,,-1,,-1,,-1,-1074917185,Dash,-1074917185,Dash,-1074907185,Dash,-1074907185,Dash,-2084947185,Dash,-2084947185,Dash,-2084947185,Dash,-1984907085,Drop,-2084947185,Dash,-2084947185,Dash,-2084947185,Dash,-1984957085,Drop,-1074917185,Dash,-1074917185,Dash,-1074907185,Drop,-1974897085,Drop,-2084947185,Drop,-2084947185,Drop,-1984907085,Drop,-1984957185,Drop,-2084947185,Drop,-2084947185,Dash,1210010111,Dash,1210010111,Dash,0,None,0,None,0,None,0,None,0,None,0,None,0,None,0,None,0,None,0,None,0,None,0,None,0,None,0,None,0,None,0,None
6040004,wave_campaign_normal_017,Campaign,None,90,0,5,True,False,point_grd_motherwhalefield_001,point_fly_motherwhalefield_001,sbg_motherwhalefield_001,MotherwhaleField,Day,ibg_motherwhalefield_001,0,42,0,target_list,-1974957185.0,path_grd_mid_small_002,-1,path_grd_far_elite2_809,-1,path_grd_mid_small_043,7,path_grd_far_small_056,0,path_grd_mid_elite1_802,7,path_grd_mid_small_011,-1,,-1,,-1,,-1,,-1,1220010111,Dash,1220010111,Dash,1220010111,Dash,1220010111,Dash,1220010111,Dash,1120010111,Dash,-2074887185,Drop,-1974957085,Drop,1220010111,Dash,-1074897185,Dash,1220010111,Dash,-1074897185,Dash,1220010111,Dash,1220010111,Dash,1220010111,Dash,-2074887185,Drop,1220010111,Dash,1220010111,Dash,-1074897185,Drop,-1974957185,Drop,1220010111,Dash,1220010111,Dash,1220010111,Dash,1220010111,Dash,0,None,0,None,0,None,0,None,0,None,0,None,0,None,0,None,0,None,0,None,0,None,0,None,0,None,0,None,0,None,0,None
6040005,wave_campaign_normal_017,Campaign,None,90,0,5,True,False,point_grd_motherwhalefield_002,point_fly_motherwhalefield_002,sbg_motherwhalefield_002,MotherwhaleField,Day,ibg_motherwhalefield_001,0,26,16,target_list,-1974917185.0,path_grd_mid_small_002,-1,path_grd_mid_special_065,6,path_grd_far_small_009,8,path_grd_mid_elite1_802,0,path_grd_far_small_050,-1,,-1,,-1,,-1,,-1,,-1,-1074917185,Drop,-1074917185,Drop,-1074917185,Dash,-2074927185,Dash,-1174957185,Drop,-1174957185,Drop,-1074917185,Drop,-1974917085,Drop,-1074897185,Jump,-1074897185,Jump,1220030111,Jump,-2074927185,Jump,-1074927185,Jump,-1074927185,Jump,-2074927185,Drop,-1974917185,Drop,-1074897185,Drop,1220030111,Drop,-1074897185,Drop,1220030111,Drop,0,None,0,None,0,None,0,None,0,None,0,None,0,None,0,None,0,None,0,None,0,None,0,None,0,None,0,None,0,None,0,None,0,None,0,None,0,None,0,None
6040006,wave_campaign_normal_017,Campaign,None,90,0,7,True,False,point_grd_motherwhalefield_003,point_fly_motherwhalefield_003,sbg_motherwhalefield_003,MotherwhaleField,Day,ibg_motherwhalefield_001,6,42,0,target_list,1320060111.0,path_grd_mid_small_005,-1,path_grd_mid_small_068,5,path_grd_mid_elite1_802,10,path_grd_mid_small_043,-1,path_grd_mid_elite2_805,0,path_grd_mid_small_043,-1,path_grd_close_small_067,6,,-1,,-1,,-1,1220010111,Dash,1220010111,Dash,1220010111,Dash,1220010111,Dash,1220010111,Drop,1220010111,Drop,1220010111,Drop,-1974947085,Drop,1220010111,Drop,1220010111,Drop,1220010111,Drop,1320060211,Drop,1220010111,Drop,1220010111,Drop,1220010111,Drop,1220010111,Drop,1220010111,Dash,1220010111,Dash,-1974947085,Drop,1320060111,Drop,1220010111,Dash,1220010111,Dash,1220010111,Dash,1220010111,Dash,1220010111,Dash,1220010111,Dash,1220010111,Dash,-1974947085,Drop,0,None,0,None,0,None,0,None,0,None,0,None,0,None,0,None,0,None,0,None,0,None,0,None
6040007,wave_campaign_normal_017,Campaign,None,90,0,5,True,False,point_grd_motherwhalefield_001,point_fly_motherwhalefield_001,sbg_motherwhalefield_001,MotherwhaleField,Day,ibg_motherwhalefield_001,21,27,0,target_list,-1974907185.0,path_grd_mid_small_049,-1,path_fly_mid_special_016,7,path_grd_close_small_051,6,path_fly_mid_small_050,0,path_grd_close_elite1_801,7,path_grd_close_small_001,-1,,-1,,-1,,-1,,-1,-1074917185,Drop,-1074917185,Drop,-1074917185,Drop,-1074917185,Drop,-2084947185,Jump,2110010111,Jump,2110010111,Jump,1310010211,Jump,1220040111,Dash,1220040111,Dash,1220040111,Dash,1220040111,Dash,1210020111,Jump,1210040111,Jump,1210020111,Dash,1210040111,Drop,-1074937185,Jump,-1074937185,Jump,-1074937185,Dash,-1974907185,Drop,-1074927185,Jump,-1074927185,Jump,-1074927185,Jump,-1074927185,Jump,0,None,0,None,0,None,0,None,0,None,0,None,0,None,0,None,0,None,0,None,0,None,0,None,0,None,0,None,0,None,0,None
6040008,wave_campaign_normal_017,Campaign,None,90,0,5,True,False,point_grd_motherwhalefield_002,point_fly_motherwhalefield_002,sbg_motherwhalefield_002,MotherwhaleField,Day,ibg_motherwhalefield_001,0,38,4,target_list,-974897185.0,path_grd_mid_small_055,-1,path_grd_mid_elite2_805,-1,path_fly_mid_small_027,10,path_grd_mid_elite3_814,0,path_fly_mid_small_027,8,path_grd_mid_small_061,10,,-1,,-1,,-1,,-1,-1074917185,Drop,-1074917185,Drop,-1074917185,Drop,-1074917185,Drop,-1074917185,Drop,-1074917185,Drop,-974897085,Dash,-974897085,Dash,-2084937185,Drop,1210020111,Dash,1210020111,Dash,1210020111,Dash,-1074917185,Drop,-974897085,Jump,-974897085,Jump,-974897185,Jump,-2084937185,Drop,1210020111,Dash,1210020111,Dash,1210020111,Dash,-1074917185,Dash,-1074917185,Dash,-1074917185,Dash,-1074917185,Dash,0,None,0,None,0,None,0,None,0,None,0,None,0,None,0,None,0,None,0,None,0,None,0,None,0,None,0,None,0,None,0,None
6040009,wave_campaign_normal_017,Campaign,None,90,0,7,True,False,point_grd_motherwhalefield_003,point_fly_motherwhalefield_003,sbg_motherwhalefield_003,MotherwhaleField,Day,ibg_motherwhalefield_001,6,42,0,target_list,1320040111.0,path_grd_mid_small_070,-1,path_grd_mid_elite2_805,-1,path_grd_close_small_069,10,path_grd_mid_small_043,-1,path_grd_mid_elite2_805,0,path_grd_mid_small_070,10,path_grd_mid_small_068,6,,-1,,-1,,-1,1220040111,Drop,1220040111,Drop,1220040111,Drop,-2074927185,Dash,1220040111,Dash,1220040111,Dash,-1974947085,Dash,1320040211,Dash,1220040111,Drop,1220040111,Drop,1220040111,Drop,-2074927185,Dash,1220040111,Dash,1220040111,Dash,1220040111,Dash,1220040111,Dash,1220040111,Dash,1220040111,Dash,-1974947085,Drop,1320040111,Drop,1220040111,Drop,1220040111,Drop,1220040111,Drop,-2074927185,Dash,1220040111,Dash,1220040111,Dash,1220040111,Dash,-1974947085,Drop,0,None,0,None,0,None,0,None,0,None,0,None,0,None,0,None,0,None,0,None,0,None,0,None
6040010,wave_campaign_normal_017,Campaign,None,90,0,5,True,False,point_grd_motherwhalefield_001,point_fly_motherwhalefield_001,sbg_motherwhalefield_001,MotherwhaleField,Day,ibg_motherwhalefield_001,9,27,0,target_list,1320010111.0,path_grd_mid_small_055,-1,path_grd_far_elite1_803,7,path_grd_mid_small_011,-1,path_grd_close_elite1_801,0,path_grd_far_small_074,6,,-1,,-1,,-1,,-1,,-1,1220060111,Drop,1220060111,Drop,1220060111,Drop,-2074927185,Drop,1220030111,Dash,1220030111,Dash,-1074897185,Drop,-974947085,Drop,-1074957185,Dash,-1074957185,Dash,-1074897185,Dash,-2074927185,Dash,1220060111,Dash,1220060111,Dash,-2074927185,Drop,1320010111,Drop,-1074897185,Dash,-1074897185,Dash,-1074897185,Dash,-2074927185,Dash,0,None,0,None,0,None,0,None,0,None,0,None,0,None,0,None,0,None,0,None,0,None,0,None,0,None,0,None,0,None,0,None,0,None,0,None,0,None,0,None
6040011,wave_campaign_normal_017,Campaign,None,90,0,5,True,False,point_grd_motherwhalefield_003,point_fly_motherwhalefield_003,sbg_motherwhalefield_003,MotherwhaleField,Day,ibg_motherwhalefield_001,6,36,0,target_list,-1974947185.0,path_grd_mid_small_002,-1,path_grd_mid_elite1_802,5,path_grd_mid_small_049,10,path_grd_mid_elite2_805,0,path_grd_close_small_004,8,path_grd_mid_small_005,6,,-1,,-1,,-1,,-1,1220040111,Jump,1220040111,Jump,1220040111,Jump,1220040111,Jump,1220040111,Dash,1220040111,Dash,-1074907185,Drop,-1974897085,Drop,1220040111,Drop,-1074907185,Drop,-1074907185,Drop,-1074907185,Drop,1220040111,Drop,-1074907185,Drop,-1974897085,Drop,-1974947185,Drop,1220040111,Dash,-1074907185,Dash,1220040111,Dash,-1074907185,Dash,1220040111,Dash,-1074907185,Dash,1220040111,Dash,-1074907185,Dash,0,None,0,None,0,None,0,None,0,None,0,None,0,None,0,None,0,None,0,None,0,None,0,None,0,None,0,None,0,None,0,None
6040012,wave_campaign_normal_017,Campaign,None,90,0,5,True,False,point_grd_motherwhalefield_002,point_fly_motherwhalefield_002,sbg_motherwhalefield_002,MotherwhaleField,Day,ibg_motherwhalefield_001,0,42,0,target_list,-1984907185.0,path_fly_mid_small_018,-1,path_fly_mid_elite2_808,-1,path_fly_mid_small_050,8,path_fly_mid_small_050,0,path_fly_mid_elite2_808,-1,path_fly_mid_small_002,8,,-1,,-1,,-1,,-1,-2084947185,Dash,1210010111,Dash,-2084947185,Dash,1210010111,Dash,-2084947185,Dash,1210010111,Dash,1210060111,Dash,-1984907085,Drop,-2084947185,Dash,-2084947185,Dash,-2084947185,Dash,1210060111,Dash,-2084947185,Dash,-2084947185,Dash,-2084947185,Dash,1210060111,Dash,-2084947185,Dash,1210010111,Dash,-1984907185,Dash,1210060111,Drop,-2084947185,Dash,1210010111,Dash,-2084947185,Dash,1210010111,Dash,0,None,0,None,0,None,0,None,0,None,0,None,0,None,0,None,0,None,0,None,0,None,0,None,0,None,0,None,0,None,0,None
6040013,wave_campaign_normal_017,Campaign,None,90,0,5,True,False,point_grd_motherwhalefield_001,point_fly_motherwhalefield_001,sbg_motherwhalefield_001,MotherwhaleField,Day,ibg_motherwhalefield_001,0,45,0,target_list,1310040111.0,path_fly_mid_small_030,-1,path_fly_mid_elite1_802,-1,path_fly_mid_small_036,-1,path_fly_mid_elite2_808,0,path_fly_mid_special_016,7,,-1,,-1,,-1,,-1,,-1,-2084957185,Dash,-2084957185,Dash,-2084957185,Dash,-2084957185,Dash,1210010111,Dash,-2084957185,Dash,-2084957185,Dash,-1984897085,Drop,-2084957185,Drop,-2084957185,Drop,1210010111,Drop,1210010111,Drop,-2084957185,Dash,1210010111,Dash,-1984897085,Drop,1310040111,Drop,-2084957185,Dash,1210010111,Dash,2110010111,Dash,-1084937185,Dash,0,None,0,None,0,None,0,None,0,None,0,None,0,None,0,None,0,None,0,None,0,None,0,None,0,None,0,None,0,None,0,None,0,None,0,None,0,None,0,None
6040014,wave_campaign_normal_017,Campaign,None,90,0,7,True,False,point_grd_motherwhalefield_003,point_fly_motherwhalefield_003,sbg_motherwhalefield_003,MotherwhaleField,Day,ibg_motherwhalefield_001,0,57,0,target_list,-974947185.0,path_grd_mid_small_002,-1,path_grd_mid_elite2_808,5,path_grd_mid_small_037,9,path_grd_mid_small_040,-1,path_grd_mid_elite1_802,0,path_grd_far_elite2_806,10,path_grd_mid_small_005,-1,path_grd_mid_small_043,-1,,-1,,-1,1220040111,Jump,-1074907185,Jump,1220040111,Jump,-1074907185,Jump,1220040111,Dash,-1074907185,Dash,-1974947085,Drop,-974947085,Drop,1220040111,Dash,-2074887185,Dash,1220040111,Dash,-2074887185,Dash,1220040111,Dash,-2074887185,Dash,1220040111,Dash,-2074887185,Dash,1220040111,Dash,-1074907185,Dash,-2074887185,Drop,-1974947085,Drop,1220040111,Dash,-1074907185,Dash,-974947085,Drop,-974947185,Drop,1220040111,Dash,-2074887185,Dash,1220040111,Dash,-2074887185,Dash,1220040111,Drop,-1074907185,Drop,1220040111,Drop,-1074907185,Drop,0,None,0,None,0,None,0,None,0,None,0,None,0,None,0,None
6040015,wave_campaign_normal_017,Campaign,None,90,0,5,True,False,point_grd_motherwhalefield_002,point_fly_motherwhalefield_002,sbg_motherwhalefield_002,MotherwhaleField,Day,ibg_motherwhalefield_001,0,42,0,target_list,1310010111.0,path_grd_mid_small_055,-1,path_fly_mid_elite1_802,-1,path_grd_mid_small_043,8,path_fly_mid_elite1_802,0,path_grd_mid_small_034,10,path_grd_mid_small_046,8,,-1,,-1,,-1,,-1,-1074937185,Drop,-1074937185,Drop,-1074937185,Drop,-1074937185,Drop,1210030111,Dash,1210030111,Dash,1210030111,Dash,1310010211,Dash,-1074937185,Drop,-1074937185,Drop,-1074937185,Drop,-1074887185,Drop,1210030111,Dash,1210030111,Dash,1210030111,Dash,1310010111,Dash,-1074887185,Drop,-1074937185,Drop,-1074937185,Drop,-1074937185,Drop,-1074937185,Drop,-1074937185,Drop,-1074937185,Drop,-1074887185,Drop,0,None,0,None,0,None,0,None,0,None,0,None,0,None,0,None,0,None,0,None,0,None,0,None,0,None,0,None,0,None,0,None
6040016,wave_campaign_normal_017,Campaign,None,90,0,5,True,False,point_grd_motherwhalefield_001,point_fly_motherwhalefield_001,sbg_motherwhalefield_001,MotherwhaleField,Day,ibg_motherwhalefield_001,0,42,0,target_list,-1984947185.0,path_grd_mid_small_002,-1,path_fly_mid_elite1_802,-1,path_fly_mid_small_039,7,path_fly_mid_small_039,0,path_fly_mid_elite1_802,8,path_grd_mid_small_043,8,,-1,,-1,,-1,,-1,1220060111,Dash,1220060111,Dash,1220060111,Dash,1220060111,Dash,-2084947185,Dash,-2084947185,Dash,1210050111,Drop,-1984947085,Drop,-2084947185,Drop,-2084947185,Drop,-2084947185,Drop,-2084947185,Drop,-2084947185,Drop,-2084947185,Drop,1210050111,Drop,1210050111,Drop,-2084947185,Dash,-2084947185,Dash,1210050111,Drop,-1984947185,Drop,1220060111,Dash,1220060111,Dash,1220060111,Dash,1220060111,Dash,0,None,0,None,0,None,0,None,0,None,0,None,0,None,0,None,0,None,0,None,0,None,0,None,0,None,0,None,0,None,0,None
6040017,wave_campaign_normal_017,Campaign,None,90,0,5,True,False,point_grd_motherwhalefield_003,point_fly_motherwhalefield_003,sbg_motherwhalefield_003,MotherwhaleField,Day,ibg_motherwhalefield_001,0,45,0,target_list,-974927185.0,path_grd_far_small_053,-1,path_grd_mid_elite1_802,6,path_fly_mid_small_050,-1,path_grd_mid_elite2_808,0,path_fly_mid_special_016,6,,-1,,-1,,-1,,-1,,-1,1220060111,Dash,1220060111,Dash,1220060111,Dash,-1074947185,Dash,-1074917185,Jump,-1074917185,Jump,-2074917185,Drop,-974927085,Drop,-2084957185,Drop,-2084957185,Drop,-2084957185,Drop,1210040111,Drop,-1074917185,Jump,-1074917185,Jump,-974927085,Drop,-974927185,Drop,-2084957185,Drop,2110010111,Drop,-2084957185,Drop,1210040111,Drop,0,None,0,None,0,None,0,None,0,None,0,None,0,None,0,None,0,None,0,None,0,None,0,None,0,None,0,None,0,None,0,None,0,None,0,None,0,None,0,None
6040018,wave_campaign_normal_017,Campaign,None,90,0,7,True,False,point_grd_motherwhalefield_002,point_fly_motherwhalefield_002,sbg_motherwhalefield_002,MotherwhaleField,Day,ibg_motherwhalefield_001,0,42,0,target_list,1310020111.0,path_fly_mid_small_018,-1,path_fly_mid_elite1_802,5,path_fly_mid_small_027,8,path_fly_mid_small_036,0,path_fly_mid_elite1_802,7,path_fly_mid_small_024,-1,,-1,,-1,,-1,,-1,-2084957185,Drop,-2084957185,Drop,-2084957185,Drop,-2084957185,Drop,-2084957185,Dash,-2084957185,Dash,-1084927185,Dash,1310020211,Dash,-1084917185,Dash,-2084957185,Dash,-2084957185,Dash,-2084957185,Dash,-2084957185,Drop,-1084927185,Drop,-1084917185,Drop,-2084957185,Drop,-2084957185,Dash,-2084957185,Dash,-1084927185,Drop,1310020111,Drop,-1084927185,Drop,-2084957185,Drop,-1084917185,Drop,-2084957185,Drop,0,None,0,None,0,None,0,None,0,None,0,None,0,None,0,None,0,None,0,None,0,None,0,None,0,None,0,None,0,None,0,None
6040019,wave_campaign_normal_017,Campaign,None,90,0,7,True,False,point_grd_motherwhalefield_001,point_fly_motherwhalefield_001,sbg_motherwhalefield_001,MotherwhaleField,Day,ibg_motherwhalefield_001,0,48,6,target_list,-984927185.0,path_grd_mid_small_008,-1,path_fly_mid_elite3_814,-1,path_fly_mid_small_050,8,path_grd_mid_small_043,8,path_fly_mid_elite1_802,0,path_fly_far_small_028,10,path_fly_mid_small_050,-1,path_fly_mid_small_027,-1,,-1,,-1,-2074937185,Jump,-2074937185,Jump,-2074937185,Jump,-2074937185,Jump,-2084947185,Dash,-1984907085,Dash,-984927085,Dash,1210060111,Dash,-2084947185,Drop,1210060111,Drop,-2084947185,Drop,-1084937185,Dash,-2074937185,Dash,-2074937185,Dash,-2074937185,Dash,-2074937185,Dash,-2084947185,Dash,-2084947185,Dash,-1084937185,Drop,-1984907085,Drop,-984927185,Drop,-2084947185,Drop,-2084947185,Drop,1210060111,Drop,-2084947185,Drop,-2084947185,Drop,-2084947185,Drop,1210060111,Dash,-1984907085,Drop,-2084947185,Drop,-2084947185,Drop,1210060111,Drop,0,None,0,None,0,None,0,None,0,None,0,None,0,None,0,None
6040020,wave_campaign_normal_017,Campaign,None,90,0,5,True,False,point_grd_motherwhalefield_002,point_fly_motherwhalefield_002,sbg_motherwhalefield_002,MotherwhaleField,Day,ibg_motherwhalefield_001,0,23,19,target_list,1320010111.0,path_grd_mid_small_002,-1,path_grd_far_elite1_803,6,path_grd_mid_small_055,10,path_grd_far_elite1_803,0,path_grd_mid_small_070,7,path_grd_mid_small_043,6,,-1,,-1,,-1,,-1,1220040111,Jump,1220040111,Jump,1220040111,Jump,-2074927185,Dash,-2074957185,Drop,-2074957185,Drop,-2074927185,Drop,1320010211,Drop,1220040111,Dash,1220040111,Dash,1220040111,Dash,1220050111,Dash,-2074957185,Drop,-2074957185,Drop,-2074927185,Drop,1320010111,Drop,1220040111,Jump,1220050111,Jump,1220040111,Jump,-2074927185,Dash,-2074957185,Drop,1220050111,Drop,-2074957185,Drop,-2074957185,Drop,0,None,0,None,0,None,0,None,0,None,0,None,0,None,0,None,0,None,0,None,0,None,0,None,0,None,0,None,0,None,0,None
6040021,wave_campaign_normal_017,Campaign,None,90,0,5,True,False,point_grd_motherwhalefield_003,point_fly_motherwhalefield_003,sbg_motherwhalefield_003,MotherwhaleField,Day,ibg_motherwhalefield_001,0,36,0,target_list,1320060111.0,path_grd_mid_small_055,-1,path_grd_mid_elite3_814,-1,path_grd_mid_small_011,8,path_grd_mid_elite3_814,0,path_grd_mid_small_043,8,,-1,,-1,,-1,,-1,,-1,-2074957185,Drop,-2074957185,Drop,-2074957185,Drop,-2074957185,Drop,-2074947185,Dash,-974957085,Dash,-2074927185,Dash,1320060211,Dash,-2074957185,Drop,-2074957185,Drop,-2074957185,Drop,-2074957185,Drop,-2074947185,Dash,-974957085,Dash,-2074927185,Drop,1320060111,Drop,-2074957185,Drop,-2074957185,Drop,-2074957185,Drop,-2074957185,Drop,0,None,0,None,0,None,0,None,0,None,0,None,0,None,0,None,0,None,0,None,0,None,0,None,0,None,0,None,0,None,0,None,0,None,0,None,0,None,0,None
6040022,wave_campaign_normal_017,Campaign,None,90,0,7,True,False,point_grd_motherwhalefield_001,point_fly_motherwhalefield_001,sbg_motherwhalefield_001,MotherwhaleField,Day,ibg_motherwhalefield_001,0,39,0,target_list,-1974957185.0,path_grd_mid_small_002,-1,path_grd_mid_small_012,5,path_grd_mid_small_034,10,path_grd_mid_elite2_805,0,path_fly_mid_small_008,8,path_grd_mid_small_037,-1,,-1,,-1,,-1,,-1,-1074927185,Jump,-1074927185,Jump,-1074927185,Jump,-1074927185,Jump,-1074927185,Dash,-2074957185,Dash,-1074927185,Dash,-1974957085,Dash,-974887085,Drop,-2074957185,Drop,-1074927185,Drop,-1074927185,Drop,-1074927185,Drop,-2074957185,Drop,-974887085,Drop,-1974957185,Drop,-1074927185,Jump,-1074927185,Jump,-2074957185,Jump,-2074957185,Jump,-1074927185,Jump,-2074957185,Jump,-1074927185,Jump,-2074957185,Jump,0,None,0,None,0,None,0,None,0,None,0,None,0,None,0,None,0,None,0,None,0,None,0,None,0,None,0,None,0,None,0,None
6040023,wave_campaign_normal_017,Campaign,None,90,0,7,True,False,point_grd_motherwhalefield_002,point_fly_motherwhalefield_002,sbg_motherwhalefield_002,MotherwhaleField,Day,ibg_motherwhalefield_001,21,40,2,target_list,-1984907185.0,path_fly_mid_small_042,-1,path_grd_mid_small_049,4,path_fly_mid_small_027,10,path_grd_close_elite2_804,-1,path_grd_mid_elite1_802,0,path_fly_mid_elite1_802,-1,path_grd_close_small_014,8,path_fly_mid_small_027,10,path_fly_close_small_038,-1,,-1,1210020111,Dash,1210020111,Dash,-1084937185,Dash,1210020111,Dash,1220050111,Drop,1220050111,Drop,1220050111,Drop,1220050111,Drop,1210050111,Jump,-1084937185,Jump,1210050111,Jump,-1984907085,Drop,-1074917185,Jump,-1074917185,Jump,-1074927185,Drop,1220050111,Drop,-1074917185,Dash,-1074917185,Dash,1220050111,Drop,-1974947085,Drop,1210050111,Drop,-1084927185,Drop,-1084937185,Drop,-1984907185,Drop,1220050111,Drop,-1074917185,Drop,1220050111,Drop,-1974947085,Drop,1210020111,Dash,1210050111,Drop,1210020111,Dash,1210050111,Drop,-1084927185,Drop,-1084937185,Dash,-1084927185,Drop,-1084937185,Dash,0,None,0,None,0,None,0,None
6040024,wave_campaign_normal_017,Campaign,None,90,0,7,True,False,point_grd_motherwhalefield_003,point_fly_motherwhalefield_003,sbg_motherwhalefield_003,MotherwhaleField,Day,ibg_motherwhalefield_001,0,42,0,target_list,-974947185.0,path_grd_mid_small_002,-1,path_grd_mid_elite1_802,5,path_grd_far_small_044,8,path_grd_far_elite2_809,0,path_grd_mid_small_043,8,path_grd_far_small_044,8,,-1,,-1,,-1,,-1,-1074917185,Dash,-1074917185,Dash,-1074917185,Dash,-1074917185,Dash,-1074917185,Dash,-1074917185,Dash,-1074897185,Drop,-974917085,Drop,-1074897185,Drop,-1074897185,Drop,-1074897185,Drop,-1074897185,Drop,1120010111,Drop,-1074917185,Drop,-974917085,Drop,-974947185,Drop,-1074917185,Drop,-1074897185,Drop,-1074917185,Drop,-1074897185,Drop,-1074897185,Drop,-1074917185,Drop,-1074897185,Drop,-1074917185,Drop,0,None,0,None,0,None,0,None,0,None,0,None,0,None,0,None,0,None,0,None,0,None,0,None,0,None,0,None,0,None,0,None
6040025,wave_campaign_normal_017,Campaign,None,90,0,7,True,False,point_grd_motherwhalefield_002,point_fly_motherwhalefield_002,sbg_motherwhalefield_002,MotherwhaleField,Day,ibg_motherwhalefield_001,6,48,3,target_list,-1984897185.0,path_grd_mid_small_070,-1,path_fly_mid_elite2_805,-1,path_fly_mid_small_024,10,path_grd_mid_small_011,-1,path_fly_mid_elite2_808,0,path_fly_mid_elite1_802,10,path_grd_close_small_069,-1,path_fly_mid_small_024,-1,,-1,,-1,-1074917185,Dash,-1074917185,Dash,-1074917185,Dash,-2074927185,Dash,1210030111,Dash,-2084947185,Dash,-1984907085,Drop,-1984897085,Drop,1210030111,Dash,-2084947185,Dash,1210030111,Dash,-2084947185,Dash,-1074917185,Dash,-1074917185,Dash,1220050111,Dash,1220050111,Dash,1210030111,Dash,-2084947185,Dash,-1984907085,Drop,-1984897085,Drop,1210030111,Dash,-2084947185,Dash,-1084937185,Dash,-1984897185,Drop,-1074917185,Drop,-1074917185,Drop,-1074917185,Drop,1220050111,Dash,1210030111,Dash,-2084947185,Dash,1210030111,Dash,-2084947185,Dash,0,None,0,None,0,None,0,None,0,None,0,None,0,None,0,None
6040026,wave_campaign_normal_017,Campaign,None,90,0,7,True,False,point_grd_motherwhalefield_001,point_fly_motherwhalefield_001,sbg_motherwhalefield_001,MotherwhaleField,Day,ibg_motherwhalefield_001,0,42,0,target_list,-1984927185.0,path_grd_mid_small_002,-1,path_fly_mid_elite1_802,6,path_fly_mid_small_005,8,path_fly_mid_elite2_805,0,path_grd_mid_small_043,10,path_fly_mid_small_024,-1,,-1,,-1,,-1,,-1,-1074957185,Jump,-1074957185,Jump,-1074957185,Jump,-1074957185,Jump,-1084957185,Dash,-1084957185,Dash,1210040111,Drop,-1984927085,Drop,-1084957185,Dash,-1084957185,Dash,-1084957185,Dash,-1084957185,Dash,-1084957185,Dash,-1084957185,Dash,-1984907085,Drop,-1984927185,Drop,-1074957185,Jump,-1074957185,Jump,-1074957185,Jump,-1074957185,Jump,-1084957185,Dash,-1084957185,Dash,-1084957185,Dash,-1084957185,Dash,0,None,0,None,0,None,0,None,0,None,0,None,0,None,0,None,0,None,0,None,0,None,0,None,0,None,0,None,0,None,0,None
6040027,wave_campaign_normal_017,Campaign,None,90,0,5,True,False,point_grd_motherwhalefield_003,point_fly_motherwhalefield_003,sbg_motherwhalefield_003,MotherwhaleField,Day,ibg_motherwhalefield_001,6,33,0,target_list,-1974947185.0,path_grd_close_small_001,-1,path_grd_mid_small_068,-1,path_grd_mid_small_061,7,path_grd_far_small_044,0,path_grd_mid_elite1_802,7,path_grd_mid_small_043,-1,,-1,,-1,,-1,,-1,1220020111,Jump,-1074907185,Jump,1220020111,Jump,-1074907185,Jump,1220020111,Dash,1220020111,Dash,-2074887185,Dash,-1974947085,Dash,1220020111,Drop,-2074887185,Drop,1220020111,Drop,1220020111,Drop,1220020111,Dash,-2074887185,Dash,1220020111,Dash,-2074887185,Dash,1220020111,Dash,1220020111,Dash,-1074907185,Drop,-1974947185,Drop,1220020111,Dash,-2074887185,Dash,1220020111,Dash,1220020111,Dash,0,None,0,None,0,None,0,None,0,None,0,None,0,None,0,None,0,None,0,None,0,None,0,None,0,None,0,None,0,None,0,None
6040028,wave_campaign_normal_017,Campaign,None,90,0,7,True,False,point_grd_motherwhalefield_002,point_fly_motherwhalefield_002,sbg_motherwhalefield_002,MotherwhaleField,Day,ibg_motherwhalefield_001,0,38,4,target_list,-1974907185.0,path_grd_mid_small_070,-1,path_grd_mid_elite1_802,-1,path_grd_mid_small_012,-1,path_grd_mid_elite1_802,0,path_grd_mid_small_070,-1,path_grd_mid_small_070,-1,,-1,,-1,,-1,,-1,1220010111,Jump,1220010111,Jump,1220010111,Jump,-2074917185,Dash,1220010111,Dash,-1074947185,Dash,-2074917185,Drop,-1974907085,Drop,1220010111,Dash,-1074947185,Dash,1220010111,Dash,-1074947185,Dash,1220010111,Dash,-1074947185,Dash,-2074917185,Drop,-1974907185,Drop,1220010111,Drop,1220010111,Drop,-1074947185,Drop,-2074917185,Dash,1220010111,Drop,1220010111,Drop,-1074947185,Drop,-2074917185,Dash,0,None,0,None,0,None,0,None,0,None,0,None,0,None,0,None,0,None,0,None,0,None,0,None,0,None,0,None,0,None,0,None
6040029,wave_campaign_normal_017,Campaign,None,90,0,7,True,False,point_grd_motherwhalefield_001,point_fly_motherwhalefield_001,sbg_motherwhalefield_001,MotherwhaleField,Day,ibg_motherwhalefield_001,0,33,9,target_list,-1984927185.0,path_grd_mid_small_049,-1,path_fly_far_elite3_815,5,path_grd_mid_small_073,10,path_grd_mid_elite1_802,0,path_fly_mid_small_042,9,path_fly_mid_small_050,-1,,-1,,-1,,-1,,-1,-1074937185,Drop,-1074887185,Drop,-1074937185,Drop,1320030211,Drop,-1084957185,Drop,-1084937185,Drop,1210060111,Drop,-1984927085,Drop,-1074937185,Drop,-1074937185,Drop,-1074937185,Drop,-1074887185,Drop,-1074937185,Dash,-1074937185,Drop,-1074887185,Drop,1320030211,Drop,1210060111,Dash,-1084957185,Drop,-1084957185,Drop,-1984927185,Drop,-1084957185,Drop,-1084957185,Drop,-1084957185,Drop,1210060111,Drop,0,None,0,None,0,None,0,None,0,None,0,None,0,None,0,None,0,None,0,None,0,None,0,None,0,None,0,None,0,None,0,None
6040030,wave_campaign_normal_017,Campaign,None,90,0,5,True,False,point_grd_motherwhalefield_003,point_fly_motherwhalefield_003,sbg_motherwhalefield_003,MotherwhaleField,Day,ibg_motherwhalefield_001,0,42,0,target_list,1310030111.0,path_grd_mid_small_052,-1,path_fly_mid_elite1_802,-1,path_fly_mid_small_050,8,path_fly_mid_elite2_805,0,path_grd_mid_small_052,8,path_fly_mid_small_050,7,,-1,,-1,,-1,,-1,-2074937185,Drop,-2074937185,Drop,-2074937185,Drop,-2074937185,Drop,-1084947185,Dash,-1084947185,Dash,1210040111,Drop,1310030211,Drop,-1084947185,Dash,-1084947185,Dash,-1084947185,Dash,1210040111,Dash,-1084947185,Drop,-1084947185,Drop,1310010211,Drop,1310030111,Drop,-2074937185,Drop,-2074937185,Drop,-2074937185,Drop,-2074937185,Drop,-1084947185,Dash,-1084947185,Dash,-1084947185,Dash,1210040111,Dash,0,None,0,None,0,None,0,None,0,None,0,None,0,None,0,None,0,None,0,None,0,None,0,None,0,None,0,None,0,None,0,None
6040031,wave_campaign_normal_017,Campaign,None,90,0,5,True,False,point_grd_motherwhalefield_001,point_fly_motherwhalefield_001,sbg_motherwhalefield_001,MotherwhaleField,Day,ibg_motherwhalefield_001,0,42,0,target_list,-1974957185.0,path_grd_mid_small_002,-1,path_fly_mid_small_050,-1,path_grd_mid_elite1_802,8,path_grd_mid_elite2_808,0,path_fly_mid_small_050,10,path_grd_mid_small_043,7,,-1,,-1,,-1,,-1,-1074927185,Dash,-1074927185,Dash,-1074927185,Dash,-1074927185,Dash,-1084957185,Dash,-1084957185,Dash,-1084957185,Dash,-1084937185,Dash,-1074927185,Drop,-1074927185,Drop,-1074907185,Drop,-1974957085,Drop,-1074927185,Dash,-1074907185,Dash,1320030211,Drop,-1974957185,Drop,-1084957185,Dash,-1084957185,Dash,-1084957185,Dash,-1084937185,Dash,-1074927185,Drop,-1074907185,Drop,-1074927185,Drop,-1074907185,Drop,0,None,0,None,0,None,0,None,0,None,0,None,0,None,0,None,0,None,0,None,0,None,0,None,0,None,0,None,0,None,0,None
6040032,wave_campaign_normal_017,Campaign,None,90,0,7,True,False,point_grd_motherwhalefield_002,point_fly_motherwhalefield_002,sbg_motherwhalefield_002,MotherwhaleField,Day,ibg_motherwhalefield_001,0,53,7,target_list,-1984917185.0,path_fly_mid_small_018,-1,path_fly_mid_elite2_805,5,path_grd_mid_small_058,10,path_grd_mid_small_052,-1,path_fly_mid_small_030,0,path_fly_mid_elite2_805,-1,path_grd_mid_small_073,8,path_grd_mid_small_037,10,path_fly_mid_small_002,-1,,-1,1210010111,Drop,1210050111,Drop,1210010111,Drop,1210050111,Drop,1210050111,Dash,1210020111,Dash,-984937085,Drop,-1984927085,Drop,-1074907185,Dash,-1074947185,Dash,-1074907185,Dash,-1074947185,Dash,-1074917185,Drop,-1074917185,Drop,-2074917185,Drop,-1074947185,Drop,1210010111,Dash,1210010111,Dash,1210050111,Dash,1210050111,Dash,1210050111,Dash,1210020111,Dash,-984937085,Drop,-1984917185,Drop,-1074907185,Dash,-1074947185,Dash,-1074907185,Dash,-1074947185,Dash,-2074957185,Dash,-2074957185,Dash,-2074927185,Dash,-1074947185,Dash,1210010111,Drop,1210050111,Drop,1210010111,Drop,1210050111,Drop,0,None,0,None,0,None,0,None
6040033,wave_campaign_normal_017,Campaign,None,90,0,5,True,False,point_grd_motherwhalefield_001,point_fly_motherwhalefield_001,sbg_motherwhalefield_001,MotherwhaleField,Day,ibg_motherwhalefield_001,0,42,0,target_list,-1984947185.0,path_grd_mid_small_002,-1,path_fly_mid_elite1_802,-1,path_fly_mid_small_039,7,path_fly_mid_small_039,0,path_fly_mid_elite1_802,8,path_grd_mid_small_043,8,,-1,,-1,,-1,,-1,1220060111,Dash,1220060111,Dash,1220060111,Dash,1220060111,Dash,-2084947185,Dash,-2084947185,Dash,-2084927185,Drop,-1984947085,Drop,-2084947185,Drop,-2084947185,Drop,-2084947185,Drop,-2084947185,Drop,-2084947185,Drop,-2084947185,Drop,-2084927185,Drop,-2084927185,Drop,-2084947185,Dash,-2084947185,Dash,-2084927185,Drop,-1984947185,Drop,1220060111,Dash,1220060111,Dash,1220060111,Dash,1220060111,Dash,0,None,0,None,0,None,0,None,0,None,0,None,0,None,0,None,0,None,0,None,0,None,0,None,0,None,0,None,0,None,0,None
6040034,wave_campaign_normal_017,Campaign,None,90,0,7,True,False,point_grd_motherwhalefield_003,point_fly_motherwhalefield_003,sbg_motherwhalefield_003,MotherwhaleField,Day,ibg_motherwhalefield_001,0,69,0,target_list,1310020111.0,path_grd_mid_small_002,-1,path_fly_mid_elite2_805,5,path_fly_mid_special_047,12,path_fly_mid_elite1_802,0,path_fly_mid_special_047,10,path_grd_mid_elite2_805,-1,path_fly_mid_small_002,8,,-1,,-1,,-1,-2074957185,Dash,-2074957185,Dash,-2074957185,Dash,-2074957185,Dash,1210030111,Dash,1110010111,Dash,1310020211,Drop,1310010211,Drop,1210030111,Dash,2110010111,Dash,1210050111,Drop,1210050111,Drop,1210030111,Dash,1210030111,Dash,1210050111,Drop,1310010211,Drop,1210030111,Dash,2110010111,Dash,1210050111,Dash,1310020111,Dash,-2074957185,Dash,2120010111,Dash,-2074957185,Dash,-2074957185,Dash,1210030111,Dash,1210030111,Dash,1210030111,Dash,1210030111,Dash,0,None,0,None,0,None,0,None,0,None,0,None,0,None,0,None,0,None,0,None,0,None,0,None
6040035,wave_campaign_normal_017,Campaign,None,90,0,5,True,False,point_grd_motherwhalefield_002,point_fly_motherwhalefield_002,sbg_motherwhalefield_002,MotherwhaleField,Day,ibg_motherwhalefield_001,0,36,9,target_list,-974907185.0,path_grd_mid_small_002,-1,path_grd_mid_elite2_805,-1,path_grd_mid_small_012,8,path_grd_mid_elite2_805,0,path_grd_mid_special_025,7,,-1,,-1,,-1,,-1,,-1,-2074937185,Jump,-1074907185,Jump,-2074937185,Jump,-1074907185,Jump,-2074937185,Drop,-1074907185,Drop,-974907085,Drop,-974907085,Drop,-2074937185,Drop,-2074937185,Drop,-1074907185,Drop,-1074907185,Drop,-2074937185,Drop,-1074907185,Drop,-974907085,Drop,-974907185,Drop,-2074937185,Drop,-1174957185,Drop,-1074907185,Drop,-1074907185,Drop,0,None,0,None,0,None,0,None,0,None,0,None,0,None,0,None,0,None,0,None,0,None,0,None,0,None,0,None,0,None,0,None,0,None,0,None,0,None,0,None
6040036,wave_campaign_normal_017,Campaign,None,90,0,7,True,False,point_grd_motherwhalefield_003,point_fly_motherwhalefield_003,sbg_motherwhalefield_003,MotherwhaleField,Day,ibg_motherwhalefield_001,18,30,0,target_list,1320010111.0,path_fly_mid_small_027,-1,path_grd_mid_elite1_802,5,path_fly_close_small_041,-1,path_grd_far_elite3_815,0,path_fly_close_small_004,8,path_grd_mid_small_043,6,path_fly_close_small_007,-1,,-1,,-1,,-1,-1084917185,Drop,-2084957185,Drop,-2084957185,Drop,-1084937185,Drop,1220040111,Dash,1220040111,Dash,-2074887185,Drop,1320010211,Drop,-2084957185,Drop,-2084957185,Drop,-1084917185,Drop,-2084957185,Drop,1220040111,Drop,-2074887185,Drop,1320030211,Drop,1320010111,Drop,-2084957185,Drop,-1084917185,Drop,-2084957185,Drop,-2084957185,Drop,1220040111,Jump,-2074887185,Jump,1220040111,Jump,-2074887185,Jump,-2084957185,Drop,-2084957185,Drop,-2084957185,Drop,-1084917185,Drop,0,None,0,None,0,None,0,None,0,None,0,None,0,None,0,None,0,None,0,None,0,None,0,None
6040037,wave_campaign_normal_017,Campaign,None,90,0,7,True,False,point_grd_motherwhalefield_001,point_fly_motherwhalefield_001,sbg_motherwhalefield_001,MotherwhaleField,Day,ibg_motherwhalefield_001,0,48,0,target_list,-1984897185.0,path_grd_mid_small_070,-1,path_fly_mid_small_050,5,path_fly_mid_elite1_802,8,path_grd_mid_small_070,0,path_fly_mid_elite2_808,-1,path_grd_mid_small_043,9,path_fly_mid_small_036,-1,,-1,,-1,,-1,-1074917185,Drop,-1074917185,Drop,-1074917185,Drop,-2074927185,Dash,-2084947185,Dash,-2084947185,Dash,1210010111,Dash,-1984897085,Dash,-2084947185,Dash,-2084947185,Dash,1210010111,Drop,-1984897085,Drop,-1074917185,Drop,-1074917185,Drop,-1074917185,Drop,-2074927185,Dash,-2084947185,Dash,1210010111,Drop,-1984897085,Drop,-1984897185,Drop,-1074917185,Dash,-2074927185,Dash,-1074917185,Dash,-2074927185,Dash,-2084947185,Drop,-2084947185,Drop,1210010111,Drop,1210010111,Drop,0,None,0,None,0,None,0,None,0,None,0,None,0,None,0,None,0,None,0,None,0,None,0,None
6040038,wave_campaign_normal_017,Campaign,None,90,0,7,True,False,point_grd_motherwhalefield_002,point_fly_motherwhalefield_002,sbg_motherwhalefield_002,MotherwhaleField,Day,ibg_motherwhalefield_001,9,24,6,target_list,-1974947185.0,path_grd_mid_small_068,-1,path_grd_mid_small_008,-1,path_grd_mid_small_061,-1,path_grd_close_elite1_801,0,path_grd_mid_small_037,6,path_grd_mid_small_040,5,,-1,,-1,,-1,,-1,1220060111,Dash,1220060111,Dash,1220060111,Dash,-1974947085,Drop,1220050111,Drop,1220060111,Drop,1220060111,Drop,1220050111,Drop,1220060111,Drop,1220050111,Drop,1220060111,Drop,1220050111,Drop,1220060111,Drop,1220050111,Drop,1220060111,Drop,-1974947185,Drop,1220050111,Drop,1220060111,Drop,1220050111,Drop,1220060111,Drop,1220060111,Drop,1220060111,Drop,1220050111,Drop,1220050111,Drop,0,None,0,None,0,None,0,None,0,None,0,None,0,None,0,None,0,None,0,None,0,None,0,None,0,None,0,None,0,None,0,None
6040039,wave_campaign_normal_017,Campaign,None,90,0,7,True,False,point_grd_motherwhalefield_003,point_fly_motherwhalefield_003,sbg_motherwhalefield_003,MotherwhaleField,Day,ibg_motherwhalefield_001,0,54,0,target_list,-1984907185.0,path_fly_mid_small_018,-1,path_fly_mid_small_005,5,path_fly_mid_elite2_805,10,path_fly_mid_small_008,-1,path_fly_mid_elite2_808,0,path_fly_mid_small_027,10,path_fly_mid_small_036,6,path_fly_mid_small_021,8,,-1,,-1,-1084957185,Dash,-1084957185,Dash,-1084957185,Dash,-1084957185,Dash,-1084957185,Dash,-1084957185,Dash,-2084927185,Dash,-1084957185,Dash,1210030111,Dash,1210030111,Dash,-1984907085,Drop,-1984947085,Drop,-1084957185,Dash,-1084957185,Dash,-2084927185,Dash,-1084957185,Dash,1210030111,Dash,1210030111,Dash,-1984947085,Drop,-1984947085,Drop,-1984907185,Drop,-1084957185,Dash,-2084927185,Dash,-1084957185,Dash,-1084957185,Drop,-1084957185,Drop,-1084957185,Drop,-1084957185,Drop,-2084927185,Drop,1210030111,Drop,1210030111,Drop,-2084927185,Drop,0,None,0,None,0,None,0,None,0,None,0,None,0,None,0,None
6040040,wave_campaign_normal_017,Campaign,None,90,0,7,True,False,point_grd_motherwhalefield_002,point_fly_motherwhalefield_002,sbg_motherwhalefield_002,MotherwhaleField,Day,ibg_motherwhalefield_001,0,41,4,target_list,-1974907185.0,path_grd_mid_small_008,-1,path_grd_mid_elite1_802,6,path_grd_mid_small_058,10,path_grd_mid_elite1_802,0,path_fly_mid_elite1_802,8,path_grd_mid_small_049,8,,-1,,-1,,-1,,-1,-1074937185,Drop,-1074937185,Drop,-1074937185,Drop,-1074937185,Drop,-1074937185,Dash,-1074937185,Dash,-1074907185,Dash,-1974907085,Drop,-1074907185,Drop,-1074947185,Drop,-1074907185,Drop,-1074947185,Drop,-1074937185,Dash,-1074937185,Dash,-1074907185,Dash,-1974907185,Drop,-1084947185,Dash,-1084947185,Dash,-1084947185,Dash,-1984917085,Drop,-1074937185,Drop,-1074907185,Drop,-1074907185,Drop,-1074907185,Drop,0,None,0,None,0,None,0,None,0,None,0,None,0,None,0,None,0,None,0,None,0,None,0,None,0,None,0,None,0,None,0,None
6040041,wave_campaign_normal_017,Campaign,None,90,0,7,True,False,point_grd_motherwhalefield_001,point_fly_motherwhalefield_001,sbg_motherwhalefield_001,MotherwhaleField,Day,ibg_motherwhalefield_001,33,36,0,target_list,-1974947185.0,path_grd_close_small_067,-1,path_fly_mid_elite1_802,-1,path_grd_close_special_064,8,path_grd_mid_small_043,3,path_grd_close_small_048,4,path_grd_mid_elite2_808,0,path_grd_close_small_067,3,path_grd_mid_small_049,6,path_grd_mid_small_043,3,,-1,1220030111,Dash,-2074927185,Drop,1220030111,Dash,-1974947085,Drop,1210020111,Drop,-2084917185,Drop,1210020111,Drop,1310040211,Drop,2120010111,Dash,2120010111,Dash,-2074897185,Drop,-1974947085,Drop,-2074897185,Dash,-2074927185,Dash,-2074897185,Dash,-2074927185,Dash,-2074897185,Drop,1220030111,Drop,1220030111,Drop,1220030111,Drop,1220030111,Dash,1220030111,Dash,-1974917085,Drop,-1974917085,Drop,-2074897185,Jump,-2074897185,Jump,-2074927185,Drop,-1974947185,Drop,-2074897185,Drop,1220030111,Drop,1220030111,Drop,1220030111,Drop,-2074897185,Dash,1220030111,Dash,-2074897185,Dash,1220030111,Dash,0,None,0,None,0,None,0,None
6040042,wave_campaign_normal_017,Campaign,None,90,0,7,True,False,point_grd_motherwhalefield_003,point_fly_motherwhalefield_003,sbg_motherwhalefield_003,MotherwhaleField,Day,ibg_motherwhalefield_001,15,54,0,target_list,1320030111.0,path_fly_mid_small_018,-1,path_grd_mid_elite2_805,5,path_fly_mid_special_016,10,path_grd_mid_elite2_808,0,path_fly_close_special_046,10,path_grd_mid_elite2_805,-1,path_fly_mid_small_002,8,,-1,,-1,,-1,1210030111,Dash,1210030111,Dash,1210030111,Dash,1210030111,Dash,-2074957185,Dash,2120010111,Dash,-974957085,Dash,1320030211,Drop,1210030111,Dash,2110010111,Dash,1210030111,Dash,-1084937185,Dash,-2074957185,Dash,-2074957185,Dash,-974957085,Drop,1320030111,Drop,1210030111,Dash,2110010111,Dash,1210030111,Dash,-1084937185,Dash,-2074957185,Dash,2120010111,Dash,-2074957185,Dash,-2074957185,Dash,1210030111,Dash,1210030111,Dash,1210030111,Dash,1210030111,Dash,0,None,0,None,0,None,0,None,0,None,0,None,0,None,0,None,0,None,0,None,0,None,0,None
6040043,wave_campaign_normal_017,Campaign,None,90,0,7,True,False,point_grd_motherwhalefield_001,point_fly_motherwhalefield_001,sbg_motherwhalefield_001,MotherwhaleField,Day,ibg_motherwhalefield_001,0,33,9,target_list,-984927185.0,path_grd_mid_small_049,-1,path_fly_mid_elite1_802,-1,path_grd_mid_small_046,10,path_grd_mid_small_034,0,path_fly_far_elite1_803,7,path_grd_mid_small_008,-1,,-1,,-1,,-1,,-1,1220020111,Dash,1220020111,Dash,1220020111,Dash,1220020111,Dash,1210020111,Drop,1210020111,Drop,-1084937185,Drop,-984927085,Drop,1220020111,Drop,1220020111,Drop,1220020111,Drop,1220020111,Drop,1220020111,Jump,1220020111,Jump,1220020111,Jump,1320030211,Drop,1210020111,Drop,1210020111,Drop,1210010111,Drop,-984927185,Drop,1220020111,Dash,1220020111,Dash,1220020111,Dash,1220020111,Dash,0,None,0,None,0,None,0,None,0,None,0,None,0,None,0,None,0,None,0,None,0,None,0,None,0,None,0,None,0,None,0,None
6040044,wave_campaign_normal_017,Campaign,None,180,0,7,False,False,point_grd_ziz_01,point_fly_ziz_01,sbg_motherwhalefieldbmf002_001,MotherwhaleField,Twilight,ibg_motherwhalefield_001,0,0,1,target_list,-1784917165.0,b_fly_ziz_01,-1,,-1,,-1,,-1,,-1,,-1,,-1,,-1,,-1,,-1,-1784917165,Normal,0,None,0,None,0,None,0,None,0,None,0,None,0,None,0,None,0,None,0,None,0,None,0,None,0,None,0,None,0,None,0,None,0,None,0,None,0,None,0,None,0,None,0,None,0,None,0,None,0,None,0,None,0,None,0,None,0,None,0,None,0,None,0,None,0,None,0,None,0,None,0,None,0,None,0,None,0,None
6040045,wave_campaign_normal_017,Campaign,None,90,0,7,True,False,point_grd_motherwhalefield_001,point_fly_motherwhalefield_001,sbg_motherwhalefield_001,MotherwhaleField,Day,ibg_motherwhalefield_001,6,48,0,target_list,-1984927165.0,path_fly_mid_small_050,-1,path_fly_mid_elite2_808,5,path_fly_mid_small_036,10,path_fly_mid_small_036,8,path_fly_mid_elite2_805,0,path_fly_mid_small_050,8,path_fly_close_small_035,-1,path_fly_mid_small_027,-1,,-1,,-1,-2084917165,Jump,-1084957165,Jump,-1084957165,Jump,-1084937165,Normal,-1084957165,Dash,-1084957165,Dash,-1984907065,Drop,-1984927065,Drop,1210030131,Drop,1210030131,Drop,-2084917165,Drop,-2084917165,Drop,1210030131,Drop,1210030131,Drop,-2084917165,Drop,-2084917165,Drop,-1084957165,Dash,1210030131,Dash,-1984907065,Drop,-1984927165,Drop,-2084917165,Drop,1210030131,Drop,-2084917165,Drop,-1084937165,Dash,-2084917165,Drop,-1084957165,Drop,-1084957165,Drop,-2084917165,Drop,-1984907065,Drop,1210030131,Dash,-2084917165,Dash,1210030131,Dash,0,None,0,None,0,None,0,None,0,None,0,None,0,None,0,None
6040046,wave_campaign_normal_017,Campaign,None,180,0,6,False,False,point_grd_motherwhalefield_003,point_fly_motherwhalefield_003,sbg_motherwhalefield_003,MotherwhaleField,Day,ibg_motherwhalefield_001,0,45,1,target_list,-884947165.0,path_fly_mid_centurion_902,-1,path_grd_mid_small_052,-1,path_fly_mid_special_047,3,path_fly_mid_small_024,-1,path_grd_mid_small_076,-1,path_grd_mid_small_046,4,path_fly_mid_small_024,-1,,-1,,-1,,-1,-884947165,Normal,0,None,0,None,0,None,1220040131,Drop,1220040131,Drop,1220040131,Drop,-2074947165,Drop,1110010131,Dash,1110010131,Dash,2110010131,Dash,2110010131,Dash,1110010131,Drop,1210020131,Drop,1210020131,Drop,-984947065,Drop,-2074947165,Drop,-2074947165,Drop,-2074947165,Drop,-2074947165,Drop,-1174957165,Drop,-1174957165,Drop,-1074917165,Drop,-2074927165,Drop,-2084947165,Jump,-2084947165,Jump,-2084947165,Jump,-1984947065,Jump,0,None,0,None,0,None,0,None,0,None,0,None,0,None,0,None,0,None,0,None,0,None,0,None
6041001,wave_campaign_normal_017,Campaign,None,90,0,7,True,False,point_grd_whitearkcity_001,point_fly_whitearkcity_001,sbg_whitearkcity_001,WhiteArkcity,Day,ibg_whitearkcity_001,0,37,5,target_list,1310030131.0,path_fly_mid_small_039,-1,path_fly_mid_elite2_808,5,path_fly_mid_small_039,10,path_fly_mid_elite3_811,0,path_fly_mid_small_008,8,path_fly_mid_small_005,10,,-1,,-1,,-1,,-1,1210020131,Dash,1210020131,Dash,1210020131,Dash,1210020131,Dash,1210020131,Dash,1210030131,Dash,1310030231,Drop,1310030231,Drop,1210020131,Dash,1210020131,Dash,1210020131,Dash,1210020131,Dash,1210020131,Dash,1310030231,Drop,1310030231,Drop,1310030131,Drop,1210020131,Dash,1210020131,Dash,1210030131,Dash,1210030131,Dash,1210020131,Dash,1210020131,Dash,1210030131,Dash,1210030131,Dash,0,None,0,None,0,None,0,None,0,None,0,None,0,None,0,None,0,None,0,None,0,None,0,None,0,None,0,None,0,None,0,None
6041002,wave_campaign_normal_017,Campaign,None,90,0,5,True,False,point_grd_whitearkcity_003,point_fly_whitearkcity_003,sbg_whitearkcity_003,WhiteArkcity,Day,ibg_whitearkcity_001,0,25,17,target_list,-1974957165.0,path_grd_mid_small_002,-1,path_grd_far_elite2_809,-1,path_grd_mid_small_043,7,path_grd_far_small_056,0,path_grd_mid_elite1_802,7,path_grd_mid_small_011,-1,,-1,,-1,,-1,,-1,1220010131,Dash,1220010131,Dash,1220010131,Dash,1220010131,Dash,1220010131,Dash,1120010131,Dash,-2074887165,Drop,-1974957065,Drop,1220010131,Dash,-1074897165,Dash,1220010131,Dash,-1074897165,Dash,1220010131,Dash,1220010131,Dash,1220010131,Dash,-2074887165,Drop,1220010131,Dash,1220010131,Dash,-1074897165,Drop,-1974957165,Drop,1220010131,Dash,1220010131,Dash,1220010131,Dash,1220010131,Dash,0,None,0,None,0,None,0,None,0,None,0,None,0,None,0,None,0,None,0,None,0,None,0,None,0,None,0,None,0,None,0,None
6041003,wave_campaign_normal_017,Campaign,None,90,0,7,True,False,point_grd_whitearkcity_002,point_fly_whitearkcity_002,sbg_whitearkcity_002,WhiteArkcity,Day,ibg_whitearkcity_001,0,42,0,target_list,-1974907165.0,path_grd_mid_small_070,-1,path_grd_mid_elite1_802,-1,path_grd_mid_small_012,-1,path_grd_mid_elite1_802,0,path_grd_mid_small_070,-1,path_grd_mid_small_070,-1,,-1,,-1,,-1,,-1,1220010131,Jump,1220010131,Jump,1220010131,Jump,-2074917165,Dash,1220010131,Dash,-1074947165,Dash,-2074917165,Drop,-1974907065,Drop,1220010131,Dash,-1074947165,Dash,1220010131,Dash,-1074947165,Dash,1220010131,Dash,-1074947165,Dash,-2074917165,Drop,-1974907165,Drop,1220010131,Drop,1220010131,Drop,-1074947165,Drop,-2074917165,Dash,1220010131,Drop,1220010131,Drop,-1074947165,Drop,-2074917165,Dash,0,None,0,None,0,None,0,None,0,None,0,None,0,None,0,None,0,None,0,None,0,None,0,None,0,None,0,None,0,None,0,None
6041004,wave_campaign_normal_017,Campaign,None,90,0,7,True,False,point_grd_whitearkcity_005,point_fly_whitearkcity_005,sbg_whitearkcity_005,WhiteArkcity,Day,ibg_whitearkcity_001,0,42,12,target_list,-974947165.0,path_grd_mid_small_070,-1,path_grd_mid_elite1_802,5,path_grd_far_small_006,8,path_grd_mid_small_008,-1,path_grd_mid_elite1_802,0,path_grd_far_small_071,10,path_grd_mid_small_037,-1,path_grd_mid_small_040,-1,,-1,,-1,-1074937165,Drop,-1074937165,Drop,-1074937165,Drop,-2074927165,Dash,-1074937165,Dash,-1074897165,Dash,-1074907165,Drop,1320080231,Drop,-1074897165,Dash,-1074937165,Dash,-1074897165,Dash,-1074937165,Dash,-1074937165,Drop,-1074937165,Drop,-1074937165,Drop,-1074937165,Drop,-1074937165,Dash,-1074897165,Dash,-2074927165,Drop,1320080231,Drop,-1074907165,Drop,-1074897165,Drop,-1074897165,Drop,-974947165,Drop,-1074937165,Dash,-1074897165,Dash,-1074937165,Dash,-1074897165,Dash,-1074937165,Dash,-1074937165,Dash,-1074907165,Dash,-1074907165,Dash,0,None,0,None,0,None,0,None,0,None,0,None,0,None,0,None
6041005,wave_campaign_normal_017,Campaign,None,90,0,5,True,False,point_grd_whitearkcity_004,point_fly_whitearkcity_004,sbg_whitearkcity_004,WhiteArkcity,Day,ibg_whitearkcity_001,6,36,0,target_list,-974957165.0,path_grd_mid_small_002,-1,path_grd_mid_special_025,6,path_fly_mid_small_024,6,path_grd_mid_elite1_802,0,path_grd_close_small_072,8,,-1,,-1,,-1,,-1,,-1,-1074917165,Dash,-1074917165,Dash,-1074917165,Drop,-1074917165,Drop,-1074927165,Drop,2120010131,Drop,2120010131,Drop,-974957065,Drop,-1084957165,Drop,-1084957165,Drop,-1084957165,Drop,-1084937165,Drop,-1074917165,Dash,-1074917165,Dash,-1074917165,Drop,-974957165,Drop,-2074947165,Dash,-2074947165,Dash,-2074947165,Dash,-2074927165,Dash,0,None,0,None,0,None,0,None,0,None,0,None,0,None,0,None,0,None,0,None,0,None,0,None,0,None,0,None,0,None,0,None,0,None,0,None,0,None,0,None
6041006,wave_campaign_normal_017,Campaign,None,90,0,5,True,False,point_grd_whitearkcity_003,point_fly_whitearkcity_003,sbg_whitearkcity_003,WhiteArkcity,Day,ibg_whitearkcity_001,0,26,16,target_list,-1974917165.0,path_grd_mid_small_002,-1,path_grd_mid_special_065,6,path_grd_far_small_009,8,path_grd_mid_elite1_802,0,path_grd_far_small_050,-1,,-1,,-1,,-1,,-1,,-1,-1074917165,Drop,-1074917165,Drop,-1074917165,Dash,-2074927165,Dash,-1174957165,Drop,-1174957165,Drop,-1074917165,Drop,-1974917065,Drop,-1074897165,Jump,-1074897165,Jump,1220030131,Jump,-2074927165,Jump,-1074927165,Jump,-1074927165,Jump,-2074927165,Drop,-1974917165,Drop,-1074897165,Drop,1220030131,Drop,-1074897165,Drop,1220030131,Drop,0,None,0,None,0,None,0,None,0,None,0,None,0,None,0,None,0,None,0,None,0,None,0,None,0,None,0,None,0,None,0,None,0,None,0,None,0,None,0,None
6041007,wave_campaign_normal_017,Campaign,None,90,0,5,True,False,point_grd_whitearkcity_005,point_fly_whitearkcity_005,sbg_whitearkcity_005,WhiteArkcity,Day,ibg_whitearkcity_001,0,39,0,target_list,-1984907165.0,path_fly_mid_small_018,-1,path_fly_mid_small_050,-1,path_grd_mid_small_011,7,path_fly_mid_elite2_805,0,path_fly_mid_small_042,7,path_grd_mid_small_043,-1,,-1,,-1,,-1,,-1,-2084957165,Dash,-2084957165,Dash,-2084957165,Dash,-2084957165,Dash,-2084957165,Dash,1210060131,Drop,-2084957165,Dash,-984907065,Drop,1220020131,Dash,1220020131,Dash,1220020131,Dash,1220020131,Dash,-2084957165,Dash,-2084957165,Dash,-1984907165,Drop,-984907065,Drop,-2084957165,Dash,-2084957165,Dash,-2084957165,Dash,1210060131,Drop,1220020131,Dash,1220020131,Dash,1220020131,Dash,1220020131,Dash,0,None,0,None,0,None,0,None,0,None,0,None,0,None,0,None,0,None,0,None,0,None,0,None,0,None,0,None,0,None,0,None
6041008,wave_campaign_normal_017,Campaign,None,90,0,5,True,False,point_grd_whitearkcity_001,point_fly_whitearkcity_001,sbg_whitearkcity_001,WhiteArkcity,Day,ibg_whitearkcity_001,0,42,0,target_list,-1984947165.0,path_grd_mid_small_002,-1,path_fly_mid_elite1_802,-1,path_fly_mid_small_039,7,path_fly_mid_small_039,0,path_fly_mid_elite1_802,8,path_grd_mid_small_043,8,,-1,,-1,,-1,,-1,1220060131,Dash,1220060131,Dash,1220060131,Dash,1220060131,Dash,-2084947165,Dash,-2084947165,Dash,1210050131,Drop,-1984947065,Drop,-2084947165,Drop,-2084947165,Drop,-2084947165,Drop,-2084947165,Drop,-2084947165,Drop,-2084947165,Drop,1210050131,Drop,1210050131,Drop,-2084947165,Dash,-2084947165,Dash,1210050131,Drop,-1984947165,Drop,1220060131,Dash,1220060131,Dash,1220060131,Dash,1220060131,Dash,0,None,0,None,0,None,0,None,0,None,0,None,0,None,0,None,0,None,0,None,0,None,0,None,0,None,0,None,0,None,0,None
6041009,wave_campaign_normal_017,Campaign,None,90,0,7,True,False,point_grd_whitearkcity_002,point_fly_whitearkcity_002,sbg_whitearkcity_002,WhiteArkcity,Day,ibg_whitearkcity_001,0,48,0,target_list,-984947165.0,path_grd_mid_small_012,-1,path_fly_mid_elite1_802,5,path_fly_mid_small_036,9,path_fly_mid_elite2_808,0,path_fly_mid_small_050,10,path_fly_mid_small_053,-1,path_fly_mid_small_024,8,,-1,,-1,,-1,-2074947165,Dash,-2074947165,Dash,-2074947165,Dash,-2074947165,Dash,-2084957165,Dash,-2084957165,Dash,-984947065,Drop,1210060131,Dash,-2084957165,Dash,-2084927165,Dash,-2084957165,Dash,-2084927165,Dash,-2084927165,Dash,-2084957165,Dash,-984947065,Drop,-984947165,Drop,-2084927165,Drop,-2084957165,Drop,-2084957165,Drop,1210060131,Dash,-2084957165,Drop,-2084927165,Drop,-2084957165,Drop,1210060131,Dash,-2084957165,Dash,-2084957165,Dash,-2084957165,Dash,-2084957165,Dash,0,None,0,None,0,None,0,None,0,None,0,None,0,None,0,None,0,None,0,None,0,None,0,None
6041010,wave_campaign_normal_017,Campaign,None,90,0,5,True,False,point_grd_whitearkcity_004,point_fly_whitearkcity_004,sbg_whitearkcity_004,WhiteArkcity,Day,ibg_whitearkcity_001,18,33,0,target_list,-984917165.0,path_grd_close_small_001,-1,path_fly_mid_elite1_802,7,path_grd_close_small_051,-1,path_fly_mid_elite1_802,0,path_grd_close_small_042,-1,path_grd_mid_special_025,-1,,-1,,-1,,-1,,-1,-1074937165,Jump,-1074937165,Jump,-1074937165,Dash,-2074927165,Dash,-1084957165,Dash,-1084957165,Dash,-1084957165,Dash,-984917065,Dash,-2074957165,Dash,-2074957165,Dash,-2074927165,Dash,-2074957165,Dash,1210010131,Dash,1210010131,Dash,-1084937165,Drop,-984917165,Drop,-1074917165,Dash,-1074917165,Dash,-1074917165,Dash,-2074927165,Dash,-1174957165,Jump,-1174957165,Jump,-1174957165,Drop,-1174957165,Drop,0,None,0,None,0,None,0,None,0,None,0,None,0,None,0,None,0,None,0,None,0,None,0,None,0,None,0,None,0,None,0,None
6041011,wave_campaign_normal_017,Campaign,None,90,0,5,True,False,point_grd_whitearkcity_001,point_fly_whitearkcity_001,sbg_whitearkcity_001,WhiteArkcity,Day,ibg_whitearkcity_001,0,42,0,target_list,1320070131.0,path_grd_mid_small_002,-1,path_grd_mid_elite1_802,-1,path_grd_mid_small_049,7,path_grd_mid_elite1_802,0,path_grd_mid_small_040,7,path_grd_mid_small_037,-1,,-1,,-1,,-1,,-1,-2074947165,Dash,-2074947165,Dash,-2074947165,Dash,-2074947165,Dash,-2074947165,Dash,-2074947165,Dash,-2074917165,Drop,1320070231,Drop,-2074947165,Dash,-1074907165,Dash,-2074947165,Dash,-1074907165,Dash,-1074907165,Dash,-2074947165,Dash,-2074917165,Drop,1320070131,Drop,-2074947165,Jump,-2074947165,Jump,-1074907165,Jump,-1074907165,Jump,-2074947165,Jump,-1074907165,Jump,-2074947165,Jump,-1074907165,Jump,0,None,0,None,0,None,0,None,0,None,0,None,0,None,0,None,0,None,0,None,0,None,0,None,0,None,0,None,0,None,0,None
6041012,wave_campaign_normal_017,Campaign,None,90,0,5,True,False,point_grd_whitearkcity_003,point_fly_whitearkcity_003,sbg_whitearkcity_003,WhiteArkcity,Day,ibg_whitearkcity_001,0,42,0,target_list,-1984907165.0,path_fly_mid_small_018,-1,path_fly_mid_elite2_808,-1,path_fly_mid_small_050,8,path_fly_mid_small_050,0,path_fly_mid_elite2_808,-1,path_fly_mid_small_002,8,,-1,,-1,,-1,,-1,-2084947165,Dash,1210010131,Dash,-2084947165,Dash,1210010131,Dash,-2084947165,Dash,1210010131,Dash,1210060131,Dash,-1984907065,Drop,-2084947165,Dash,-2084947165,Dash,-2084947165,Dash,1210060131,Dash,-2084947165,Dash,-2084947165,Dash,-2084947165,Dash,1210060131,Dash,-2084947165,Dash,1210010131,Dash,-1984907165,Dash,1210060131,Drop,-2084947165,Dash,1210010131,Dash,-2084947165,Dash,1210010131,Dash,0,None,0,None,0,None,0,None,0,None,0,None,0,None,0,None,0,None,0,None,0,None,0,None,0,None,0,None,0,None,0,None
6041013,wave_campaign_normal_017,Campaign,None,90,0,5,True,False,point_grd_whitearkcity_005,point_fly_whitearkcity_005,sbg_whitearkcity_005,WhiteArkcity,Day,ibg_whitearkcity_001,0,45,0,target_list,-974907165.0,path_grd_mid_small_002,-1,path_grd_mid_elite2_805,-1,path_grd_mid_small_012,8,path_grd_mid_elite2_805,0,path_grd_mid_special_025,7,,-1,,-1,,-1,,-1,,-1,-2074937165,Jump,-1074907165,Jump,-2074937165,Jump,-1074907165,Jump,-2074937165,Drop,-1074907165,Drop,-974907065,Drop,-974907065,Drop,-2074937165,Drop,-2074937165,Drop,-1074907165,Drop,-1074907165,Drop,-2074937165,Drop,-1074907165,Drop,-974907065,Drop,-974907165,Drop,-2074937165,Drop,-1174957165,Drop,-1074907165,Drop,-1074907165,Drop,0,None,0,None,0,None,0,None,0,None,0,None,0,None,0,None,0,None,0,None,0,None,0,None,0,None,0,None,0,None,0,None,0,None,0,None,0,None,0,None
6041014,wave_campaign_normal_017,Campaign,None,90,0,7,True,False,point_grd_whitearkcity_002,point_fly_whitearkcity_002,sbg_whitearkcity_002,WhiteArkcity,Day,ibg_whitearkcity_001,0,54,0,target_list,1320080131.0,path_grd_mid_small_073,-1,path_grd_mid_elite2_808,-1,path_grd_mid_small_043,-1,path_grd_mid_small_043,-1,path_grd_mid_elite2_808,0,path_grd_mid_small_073,-1,path_grd_mid_small_008,-1,path_grd_mid_small_043,-1,,-1,,-1,-1074927165,Drop,-1074927165,Drop,-1074927165,Drop,-1074887165,Drop,-1074927165,Drop,1220050131,Drop,-974917065,Drop,1320080231,Drop,-1074927165,Drop,-1074927165,Drop,1220050131,Drop,-1074887165,Drop,1220050131,Drop,-1074887165,Drop,-1074927165,Drop,-1074927165,Drop,-1074927165,Drop,1220050131,Drop,-974917065,Drop,1320080131,Drop,-1074927165,Drop,-1074887165,Drop,-1074927165,Drop,-1074887165,Drop,-1074927165,Drop,1220050131,Drop,1220050131,Drop,-1074927165,Drop,-1074927165,Dash,1220050131,Dash,-1074927165,Dash,1220050131,Dash,0,None,0,None,0,None,0,None,0,None,0,None,0,None,0,None
6041015,wave_campaign_normal_017,Campaign,None,90,0,5,True,False,point_grd_whitearkcity_004,point_fly_whitearkcity_004,sbg_whitearkcity_004,WhiteArkcity,Day,ibg_whitearkcity_001,12,24,6,target_list,1320060131.0,path_fly_mid_small_039,-1,path_fly_mid_elite1_802,-1,path_grd_close_small_054,12,path_fly_far_small_034,0,path_grd_mid_elite1_802,10,path_grd_close_small_042,7,,-1,,-1,,-1,,-1,1210020131,Dash,1210020131,Dash,1210040131,Dash,1210040131,Dash,1210020131,Dash,1210020131,Dash,-1084937165,Drop,1310040231,Drop,-1074917165,Dash,-1074917165,Dash,-1074917165,Dash,1320060231,Drop,-1084937165,Dash,1210040131,Dash,1210020131,Dash,1310040231,Drop,-1074917165,Dash,-1074917165,Dash,-1074907165,Drop,1320060131,Drop,-1074917165,Drop,-1074917165,Drop,-1074917165,Drop,-1074917165,Drop,0,None,0,None,0,None,0,None,0,None,0,None,0,None,0,None,0,None,0,None,0,None,0,None,0,None,0,None,0,None,0,None
6041016,wave_campaign_normal_017,Campaign,None,90,0,7,True,False,point_grd_whitearkcity_005,point_fly_whitearkcity_005,sbg_whitearkcity_005,WhiteArkcity,Day,ibg_whitearkcity_001,15,54,0,target_list,1320030131.0,path_fly_mid_small_018,-1,path_grd_mid_elite2_805,5,path_fly_mid_special_016,10,path_grd_mid_elite2_808,0,path_fly_close_special_046,10,path_grd_mid_elite2_805,-1,path_fly_mid_small_002,8,,-1,,-1,,-1,1210030131,Dash,1210030131,Dash,1210030131,Dash,1210030131,Dash,-2074957165,Dash,2120010131,Dash,-974957065,Dash,1320030231,Drop,1210030131,Dash,2110010131,Dash,1210030131,Dash,-1084937165,Dash,-2074957165,Dash,-2074957165,Dash,-974957065,Drop,1320030131,Drop,1210030131,Dash,2110010131,Dash,1210030131,Dash,-1084937165,Dash,-2074957165,Dash,2120010131,Dash,-2074957165,Dash,-2074957165,Dash,1210030131,Dash,1210030131,Dash,1210030131,Dash,1210030131,Dash,0,None,0,None,0,None,0,None,0,None,0,None,0,None,0,None,0,None,0,None,0,None,0,None
6041017,wave_campaign_normal_017,Campaign,None,90,0,7,True,False,point_grd_whitearkcity_001,point_fly_whitearkcity_001,sbg_whitearkcity_001,WhiteArkcity,Day,ibg_whitearkcity_001,18,41,1,target_list,-974887165.0,path_fly_mid_small_030,-1,path_grd_mid_elite1_802,5,path_grd_mid_small_070,10,path_fly_close_small_026,-1,path_grd_mid_small_052,0,path_grd_mid_elite1_802,-1,path_fly_close_small_004,8,path_fly_close_small_026,-1,path_grd_mid_small_008,-1,,-1,-2084947165,Drop,1210040131,Drop,-2084947165,Drop,1210040131,Drop,-2074957165,Dash,-1074877165,Dash,-1974917065,Drop,-974887065,Drop,-1074957165,Drop,-1074887165,Drop,-1074957165,Drop,-1074887165,Drop,-1084927165,Drop,-1084927165,Drop,-1084927165,Drop,-1084927165,Drop,-1074877165,Dash,-1074877165,Dash,-2074927165,Dash,-1074887165,Dash,-1074907165,Dash,-2074937165,Dash,1320030231,Drop,-974887165,Drop,-1084947165,Dash,-1084947165,Dash,-1084947165,Dash,-1084947165,Dash,-1084927165,Dash,-1084927165,Dash,-1084927165,Dash,-1084927165,Dash,-1074877165,Drop,-1074887165,Drop,-1074877165,Drop,-1074887165,Drop,0,None,0,None,0,None,0,None
6041018,wave_campaign_normal_017,BaseDefense,None,60,normal,6,True,True,point_grd_whitearkcity_003_midclear,point_fly_whitearkcity_003,sbg_whitearkcity_003_midclear,WhiteArkcity,Day,ibg_whitearkcity_basedefense_001,0,49,5,,,path_grd_mid_small_046,-1,path_grd_mid_small_046,-1,path_grd_mid_small_073,5,path_grd_mid_small_043,5,path_grd_mid_small_055,3,path_grd_mid_elite1_802,8,path_grd_mid_small_076,5,path_grd_mid_elite1_802,5,,-1,,-1,-2074957165,Drop,-2074957165,Drop,-2074957165,Drop,-2074917165,Dash,-2074957165,Drop,-1074947165,Drop,-1074947165,Drop,-2074957165,Drop,-1074947165,Jump,-2074957165,Jump,-2074957165,Jump,1320070231,Drop,-2074957165,Drop,-2074957165,Drop,-2074957165,Drop,-2074957165,Drop,-2074957165,Drop,-2074957165,Drop,-2074957165,Drop,-2074917165,Dash,-2074957165,Jump,-2074957165,Jump,-1074947165,Jump,1320070231,Drop,-1074947165,Drop,-1074947165,Drop,-2074957165,Drop,-2074957165,Drop,-2074957165,Jump,-2074957165,Jump,-1074947165,Drop,1320070231,Drop,0,None,0,None,0,None,0,None,0,None,0,None,0,None,0,None
6041019,wave_campaign_normal_017,BaseDefense,None,60,normal,7,True,True,point_grd_whitearkcity_003_midclear,point_fly_whitearkcity_003,sbg_whitearkcity_003_midclear,WhiteArkcity,Day,ibg_whitearkcity_basedefense_001,6,54,3,,,path_grd_mid_elite1_802,-1,path_fly_close_small_049,-1,path_fly_mid_elite1_802,6,path_grd_mid_elite2_805,3,path_fly_mid_small_050,10,path_grd_mid_elite3_814,-1,path_grd_mid_small_075,8,path_grd_mid_elite1_802,-1,,-1,,-1,1220010131,Jump,1220010131,Jump,-1074907165,Drop,1320060231,Drop,1220010131,Jump,1320060231,Jump,1220010131,Jump,-1084937165,Dash,1220010131,Drop,-1074907165,Drop,1220010131,Drop,-1084937165,Normal,1220010131,Dash,-1074907165,Dash,1320060231,Drop,1320060231,Drop,1220010131,Jump,1320060231,Jump,1220010131,Jump,-1084937165,Dash,1220010131,Dash,-1074907165,Dash,-1074907165,Dash,-1074907165,Dash,1220010131,Dash,-1074907165,Dash,-1074907165,Dash,1220010131,Dash,1220010131,Dash,-1074907165,Dash,1220010131,Dash,1320060131,Drop,0,None,0,None,0,None,0,None,0,None,0,None,0,None,0,None
6041020,wave_campaign_normal_017,Defense,None,90,20,7,True,True,point_grd_whitearkcity_001_rightclear,point_fly_whitearkcity_001_rightclear,sbg_whitearkcity_001_rightclear,WhiteArkcity,Day,ibg_whitearkcity_defense_001,0,51,27,,,path_grd_far_small_044,-1,path_grd_mid_special_025,8,path_grd_far_small_038,10,path_grd_mid_elite1_802,2,path_grd_far_small_053,12,path_grd_mid_special_025,10,path_grd_mid_small_075,10,path_grd_far_elite1_803,-1,path_grd_mid_small_037,15,,-1,-1074917165,Normal,-1074907165,Dash,-1074917165,Normal,-1074907165,Dash,-1174957165,Drop,-1074917165,Drop,-1074907165,Dash,-1074947165,Dash,-1074917165,Normal,-1074947165,Drop,-1074917165,Normal,-1074947165,Drop,-1074917165,Dash,-1074907165,Dash,-1074947165,Drop,-1974907065,Normal,-1074947165,Drop,-1074917165,Normal,-1074947165,Drop,-1074917165,Normal,2120010131,Jump,2120010131,Jump,-1074947165,Normal,-1074947165,Normal,-1074917165,Jump,-1074947165,Jump,-1074917165,Jump,-1074947165,Jump,-1074917165,Normal,-1074907165,Dash,-1074947165,Drop,-1974907065,Normal,-1074917165,Normal,-1074917165,Dash,-1074947165,Dash,-1974957065,Normal,0,None,0,None,0,None,0,None
6041021,wave_campaign_normal_017,Defense,None,90,20,8,True,True,point_grd_whitearkcity_001_rightclear,point_fly_whitearkcity_001_rightclear,sbg_whitearkcity_001_rightclear,WhiteArkcity,Day,ibg_whitearkcity_defense_001,6,47,10,,,path_fly_mid_elite1_802,-1,path_fly_mid_small_002,10,path_fly_mid_small_002,7,path_grd_close_small_039,-1,path_fly_mid_elite2_808,3,path_fly_mid_small_050,9,path_fly_mid_small_005,7,path_grd_mid_small_076,10,path_fly_mid_elite2_808,-1,,-1,1210030131,Dash,1210030131,Normal,-1084937165,Dash,-984907065,Normal,-2084927165,Dash,-2084927165,Normal,1210030131,Dash,1210030131,Normal,1210030131,Normal,1210030131,Normal,-2084927165,Dash,-2084927165,Dash,-1074917165,Dash,-1074917165,Dash,-1074917165,Normal,-1074917165,Normal,1210030131,Dash,-2084927165,Dash,-1984907065,Drop,-984907165,Drop,1210030131,Normal,-2084927165,Normal,-2084927165,Dash,-1084937165,Dash,1210030131,Dash,1210030131,Dash,-2084927165,Normal,-2084927165,Normal,-1074917165,Dash,-1074917165,Dash,-1074917165,Dash,-1074917165,Dash,1210030131,Normal,-2084927165,Dash,-1984907065,Drop,-984907065,Drop,0,None,0,None,0,None,0,None
6041022,wave_campaign_normal_017,Campaign,None,90,0,5,True,False,point_grd_whitearkcity_003,point_fly_whitearkcity_003,sbg_whitearkcity_003,WhiteArkcity,Day,ibg_whitearkcity_001,6,30,6,target_list,-974897165.0,path_grd_mid_small_073,-1,path_fly_mid_elite1_802,-1,path_fly_mid_small_050,8,path_fly_mid_small_050,0,path_grd_mid_elite2_808,-1,path_grd_close_small_014,7,,-1,,-1,,-1,,-1,-2074937165,Drop,-2074937165,Drop,-2074937165,Drop,-1074877165,Drop,-1084947165,Dash,1110010131,Dash,1210040131,Drop,1310030231,Drop,-1084947165,Dash,-1084947165,Dash,-1084947165,Dash,1210040131,Dash,-1084947165,Drop,-1084947165,Drop,-1084947165,Drop,1310010231,Drop,-2074937165,Drop,2120010131,Drop,-1074877165,Drop,-974897165,Drop,-1074877165,Drop,-2074937165,Drop,-2074937165,Drop,-2074937165,Drop,0,None,0,None,0,None,0,None,0,None,0,None,0,None,0,None,0,None,0,None,0,None,0,None,0,None,0,None,0,None,0,None
6041023,wave_campaign_normal_017,Campaign,None,90,0,7,True,False,point_grd_whitearkcity_003,point_fly_whitearkcity_003,sbg_whitearkcity_003,WhiteArkcity,Day,ibg_whitearkcity_001,18,18,18,target_list,-974927165.0,path_grd_close_small_001,-1,path_fly_mid_small_042,5,path_grd_far_elite1_803,10,path_fly_close_small_023,-1,path_fly_mid_small_050,0,path_grd_far_elite1_803,-1,path_grd_mid_small_043,-1,path_fly_close_small_001,9,,-1,,-1,-1074927165,Drop,-1074927165,Drop,-1074927165,Drop,-1074927165,Drop,-2084957165,Drop,-2084957165,Drop,-2084957165,Drop,-1984917065,Drop,-1074927165,Dash,-1074947165,Dash,-2074917165,Drop,-974927065,Drop,-2084957165,Dash,-2084957165,Dash,-2084957165,Dash,-2084957165,Dash,-2084957165,Drop,-2084957165,Drop,-2084957165,Drop,-1984917065,Drop,-1074927165,Dash,-1074947165,Dash,-2074917165,Drop,-974927165,Drop,-1074927165,Drop,-1074947165,Drop,-1074927165,Drop,-1074947165,Drop,-2084957165,Dash,-2084957165,Dash,-2084957165,Dash,-2084957165,Dash,0,None,0,None,0,None,0,None,0,None,0,None,0,None,0,None
6041024,wave_campaign_normal_017,Campaign,None,180,0,2,False,False,point_grd_behemoth_01,point_fly_behemoth_01,sbg_desertmbg003_custom,Desertmbg001,Day,ibg_desert_001,0,0,1,target_list,-784937175.0,b_g_behemoth_01,-1,,-1,,-1,,-1,,-1,,-1,,-1,,-1,,-1,,-1,-784937175,Normal,0,None,0,None,0,None,0,None,0,None,0,None,0,None,0,None,0,None,0,None,0,None,0,None,0,None,0,None,0,None,0,None,0,None,0,None,0,None,0,None,0,None,0,None,0,None,0,None,0,None,0,None,0,None,0,None,0,None,0,None,0,None,0,None,0,None,0,None,0,None,0,None,0,None,0,None,0,None
6041025,wave_campaign_normal_017,Campaign,None,90,0,5,True,False,point_grd_whitearkcity_001,point_fly_whitearkcity_001,sbg_whitearkcity_001,WhiteArkcity,Day,ibg_whitearkcity_001,0,39,3,target_list,-1974957165.0,path_fly_mid_small_018,-1,path_grd_mid_elite1_802,-1,path_fly_mid_small_036,7,path_grd_mid_elite1_802,0,path_fly_mid_small_027,8,path_grd_mid_small_043,-1,,-1,,-1,,-1,,-1,-2084957165,Drop,-2084957165,Drop,-2084957165,Drop,-2084957165,Drop,-2074937165,Dash,-1174957165,Dash,-1074887165,Drop,-1974957065,Drop,-2084957165,Drop,-2084957165,Drop,-1084927165,Drop,-1084927165,Drop,-2074937165,Dash,-2074937165,Dash,-1074887165,Drop,-1974957165,Drop,-1084927165,Drop,-2084957165,Drop,-2084957165,Drop,-2084957165,Drop,-2074937165,Dash,1220050131,Dash,-2074937165,Dash,1220050131,Dash,0,None,0,None,0,None,0,None,0,None,0,None,0,None,0,None,0,None,0,None,0,None,0,None,0,None,0,None,0,None,0,None
6041026,wave_campaign_normal_017,Campaign,None,90,0,5,True,False,point_grd_whitearkcity_002,point_fly_whitearkcity_002,sbg_whitearkcity_002,WhiteArkcity,Day,ibg_whitearkcity_001,12,30,0,target_list,1320080131.0,path_grd_close_small_060,-1,path_grd_mid_elite1_802,-1,path_fly_mid_small_024,7,path_grd_mid_elite2_808,0,path_grd_mid_small_070,8,path_fly_close_small_035,-1,,-1,,-1,,-1,,-1,-1074927165,Dash,-1074927165,Dash,-1074927165,Dash,-1074927165,Dash,-1074927165,Dash,-2074957165,Dash,-2074917165,Drop,1320080231,Drop,1210030131,Dash,1210030131,Dash,1210030131,Dash,1210030131,Dash,-1074927165,Dash,-2074957165,Dash,-1974947065,Drop,1320080131,Drop,-1074927165,Drop,-1074927165,Drop,-2074957165,Drop,-2074917165,Dash,1210030131,Dash,1210030131,Dash,1210030131,Dash,1210030131,Dash,0,None,0,None,0,None,0,None,0,None,0,None,0,None,0,None,0,None,0,None,0,None,0,None,0,None,0,None,0,None,0,None
6041027,wave_campaign_normal_017,Campaign,None,90,0,7,True,False,point_grd_whitearkcity_003,point_fly_whitearkcity_003,sbg_whitearkcity_003,WhiteArkcity,Day,ibg_whitearkcity_001,0,42,0,target_list,1310020131.0,path_fly_mid_small_018,-1,path_fly_mid_elite1_802,5,path_fly_mid_small_027,8,path_fly_mid_small_036,0,path_fly_mid_elite1_802,7,path_fly_mid_small_024,-1,,-1,,-1,,-1,,-1,-2084957165,Drop,-2084957165,Drop,-2084957165,Drop,-2084957165,Drop,-2084957165,Dash,-2084957165,Dash,-1084927165,Dash,1310020231,Dash,-1084917165,Dash,-2084957165,Dash,-2084957165,Dash,-2084957165,Dash,-2084957165,Drop,-1084927165,Drop,-1084917165,Drop,-2084957165,Drop,-2084957165,Dash,-2084957165,Dash,-1084927165,Drop,1310020131,Drop,-1084927165,Drop,-2084957165,Drop,-1084917165,Drop,-2084957165,Drop,0,None,0,None,0,None,0,None,0,None,0,None,0,None,0,None,0,None,0,None,0,None,0,None,0,None,0,None,0,None,0,None
6041028,wave_campaign_normal_017,Campaign,None,90,0,7,True,False,point_grd_whitearkcity_004,point_fly_whitearkcity_004,sbg_whitearkcity_004,WhiteArkcity,Day,ibg_whitearkcity_001,0,48,0,target_list,-984907165.0,path_grd_mid_small_043,-1,path_fly_mid_elite1_802,-1,path_fly_mid_small_036,8,path_fly_mid_elite2_805,0,path_grd_mid_small_037,8,path_fly_mid_small_008,-1,path_fly_mid_small_005,-1,,-1,,-1,,-1,1220040131,Jump,1220040131,Jump,1220040131,Jump,1220040131,Jump,-1084957165,Dash,-1084957165,Dash,-2084927165,Drop,-984907065,Drop,-1084957165,Dash,-1084957165,Dash,-2084927165,Dash,-2084927165,Dash,-1084957165,Dash,-2084927165,Dash,1310010231,Drop,-984907165,Drop,1220040131,Jump,1220040131,Jump,1220040131,Jump,1220040131,Jump,-2084927165,Dash,-2084927165,Dash,-1084957165,Dash,-1084957165,Dash,-2084927165,Dash,-2084927165,Dash,-1084957165,Dash,-1084957165,Dash,0,None,0,None,0,None,0,None,0,None,0,None,0,None,0,None,0,None,0,None,0,None,0,None
6041029,wave_campaign_normal_017,Campaign,None,180,0,7,False,False,point_grd_ziz_01,point_fly_ziz_01,sbg_motherwhalefieldbmf002_001,MotherwhaleField,Twilight,ibg_motherwhalefield_001,0,0,1,target_list,-1784917165.0,b_fly_ziz_01,-1,,-1,,-1,,-1,,-1,,-1,,-1,,-1,,-1,,-1,-1784917165,Normal,0,None,0,None,0,None,0,None,0,None,0,None,0,None,0,None,0,None,0,None,0,None,0,None,0,None,0,None,0,None,0,None,0,None,0,None,0,None,0,None,0,None,0,None,0,None,0,None,0,None,0,None,0,None,0,None,0,None,0,None,0,None,0,None,0,None,0,None,0,None,0,None,0,None,0,None,0,None
6041030,wave_campaign_normal_017,Campaign,None,90,0,5,True,False,point_grd_whitearkcity_001,point_fly_whitearkcity_001,sbg_whitearkcity_001,WhiteArkcity,Day,ibg_whitearkcity_001,6,27,6,target_list,-1974947165.0,path_grd_close_small_001,-1,path_grd_mid_small_068,-1,path_grd_mid_small_061,7,path_grd_far_small_044,0,path_grd_mid_elite1_802,7,path_grd_mid_small_043,-1,,-1,,-1,,-1,,-1,1220020131,Jump,-1074907165,Jump,1220020131,Jump,-1074907165,Jump,1220020131,Dash,1220020131,Dash,-2074887165,Dash,-1974947065,Dash,1220020131,Drop,-2074887165,Drop,1220020131,Drop,1220020131,Drop,1220020131,Dash,-2074887165,Dash,1220020131,Dash,-2074887165,Dash,1220020131,Dash,1220020131,Dash,-1074907165,Drop,-1974947165,Drop,1220020131,Dash,-2074887165,Dash,1220020131,Dash,1220020131,Dash,0,None,0,None,0,None,0,None,0,None,0,None,0,None,0,None,0,None,0,None,0,None,0,None,0,None,0,None,0,None,0,None
6041031,wave_campaign_normal_017,Campaign,None,90,0,7,True,False,point_grd_whitearkcity_004,point_fly_whitearkcity_004,sbg_whitearkcity_004,WhiteArkcity,Day,ibg_whitearkcity_001,0,39,0,target_list,-1974957165.0,path_grd_mid_small_002,-1,path_grd_mid_small_012,5,path_grd_mid_small_034,10,path_grd_mid_elite2_805,0,path_fly_mid_small_008,8,path_grd_mid_small_037,-1,,-1,,-1,,-1,,-1,-1074927165,Jump,-1074927165,Jump,-1074927165,Jump,-1074927165,Jump,-1074927165,Dash,-2074957165,Dash,-1074927165,Dash,-1974957065,Dash,-974887065,Drop,-2074957165,Drop,-1074927165,Drop,-1074927165,Drop,-1074927165,Drop,-2074957165,Drop,-974887065,Drop,-1974957165,Drop,-1074927165,Jump,-1074927165,Jump,-2074957165,Jump,-2074957165,Jump,-1074927165,Jump,-2074957165,Jump,-1074927165,Jump,-2074957165,Jump,0,None,0,None,0,None,0,None,0,None,0,None,0,None,0,None,0,None,0,None,0,None,0,None,0,None,0,None,0,None,0,None
6041032,wave_campaign_normal_017,Campaign,None,90,0,7,True,False,point_grd_whitearkcity_003,point_fly_whitearkcity_003,sbg_whitearkcity_003,WhiteArkcity,Day,ibg_whitearkcity_001,6,44,4,target_list,1320070131.0,path_grd_mid_small_034,-1,path_grd_mid_elite1_802,-1,path_grd_mid_small_034,8,path_grd_mid_small_043,-1,path_grd_mid_elite2_808,0,path_grd_close_small_042,-1,path_grd_mid_small_043,8,path_grd_mid_small_061,-1,,-1,,-1,-1074877165,Drop,-1074907165,Drop,-1074907165,Drop,-1074907165,Drop,-2074957165,Dash,-1074907165,Dash,-1074877165,Drop,1320070231,Drop,1320070231,Drop,-1074907165,Dash,-1074877165,Dash,-1074907165,Dash,-2074957165,Dash,-2074957165,Dash,-2074957165,Dash,-2074957165,Dash,-1074877165,Dash,-2074957165,Dash,1320070231,Drop,1320070131,Drop,-1074907165,Dash,-1074877165,Dash,-1074907165,Dash,-1074907165,Dash,-1074907165,Dash,-1074907165,Dash,-1074907165,Dash,-1074877165,Dash,-2074957165,Drop,-2074957165,Drop,-2074957165,Drop,-2074957165,Drop,0,None,0,None,0,None,0,None,0,None,0,None,0,None,0,None
6041033,wave_campaign_normal_017,Campaign,None,90,0,5,True,False,point_grd_whitearkcity_002,point_fly_whitearkcity_002,sbg_whitearkcity_002,WhiteArkcity,Day,ibg_whitearkcity_001,0,42,0,target_list,1310010131.0,path_grd_mid_small_055,-1,path_fly_mid_elite1_802,-1,path_grd_mid_small_043,8,path_fly_mid_elite1_802,0,path_grd_mid_small_034,10,path_grd_mid_small_046,8,,-1,,-1,,-1,,-1,-1074937165,Drop,-1074937165,Drop,-1074937165,Drop,-1074937165,Drop,1210030131,Dash,1210030131,Dash,1210030131,Dash,1310010231,Dash,-1074937165,Drop,-1074937165,Drop,-1074937165,Drop,-1074887165,Drop,1210030131,Dash,1210030131,Dash,1210030131,Dash,1310010131,Dash,-1074887165,Drop,-1074937165,Drop,-1074937165,Drop,-1074937165,Drop,-1074937165,Drop,-1074937165,Drop,-1074937165,Drop,-1074887165,Drop,0,None,0,None,0,None,0,None,0,None,0,None,0,None,0,None,0,None,0,None,0,None,0,None,0,None,0,None,0,None,0,None
6041034,wave_campaign_normal_017,Campaign,None,90,0,7,True,False,point_grd_whitearkcity_005,point_fly_whitearkcity_005,sbg_whitearkcity_005,WhiteArkcity,Day,ibg_whitearkcity_001,0,36,12,target_list,-974887165.0,path_grd_mid_small_070,-1,path_fly_mid_small_033,-1,path_grd_mid_elite1_802,9,path_grd_far_small_044,-1,path_grd_far_small_071,0,path_grd_mid_elite2_808,-1,path_fly_mid_small_030,8,,-1,,-1,,-1,1220010131,Drop,1220010131,Drop,1220010131,Drop,-2074927165,Dash,1210020131,Dash,1210020131,Dash,1210020131,Dash,1310020231,Drop,1220010131,Drop,1220010131,Drop,-1074897165,Drop,-974887065,Drop,1220010131,Drop,-1074897165,Drop,1220010131,Drop,-1074897165,Drop,-1074897165,Drop,1220010131,Drop,-1074897165,Drop,-2074927165,Dash,1220010131,Dash,-1074897165,Dash,-1974957065,Drop,-974887165,Drop,1210020131,Dash,1210020131,Dash,1210020131,Dash,1210020131,Dash,0,None,0,None,0,None,0,None,0,None,0,None,0,None,0,None,0,None,0,None,0,None,0,None
6041035,wave_campaign_normal_017,Campaign,None,90,0,7,True,False,point_grd_whitearkcity_004,point_fly_whitearkcity_004,sbg_whitearkcity_004,WhiteArkcity,Day,ibg_whitearkcity_001,0,45,0,target_list,-1984957165.0,path_grd_mid_small_043,-1,path_fly_mid_small_033,-1,path_fly_mid_elite1_802,10,path_grd_mid_elite1_802,0,path_fly_mid_elite2_805,10,path_fly_mid_small_024,-1,,-1,,-1,,-1,,-1,-1074917165,Dash,-1074917165,Dash,-1074907165,Dash,-1074907165,Dash,-2084947165,Dash,-2084947165,Dash,-2084947165,Dash,-1984907065,Drop,-2084947165,Dash,-2084947165,Dash,-2084947165,Dash,-1984957065,Drop,-1074917165,Dash,-1074917165,Dash,-1074907165,Drop,-1974897065,Drop,-2084947165,Drop,-2084947165,Drop,-1984907065,Drop,-1984957165,Drop,-2084947165,Drop,-2084947165,Dash,1210010131,Dash,1210010131,Dash,0,None,0,None,0,None,0,None,0,None,0,None,0,None,0,None,0,None,0,None,0,None,0,None,0,None,0,None,0,None,0,None
6041036,wave_campaign_normal_017,Campaign,None,90,0,5,True,False,point_grd_whitearkcity_003,point_fly_whitearkcity_003,sbg_whitearkcity_003,WhiteArkcity,Day,ibg_whitearkcity_001,0,45,0,target_list,1310040131.0,path_fly_mid_small_030,-1,path_fly_mid_elite1_802,-1,path_fly_mid_small_036,-1,path_fly_mid_elite2_808,0,path_fly_mid_special_016,7,,-1,,-1,,-1,,-1,,-1,-2084957165,Dash,-2084957165,Dash,-2084957165,Dash,-2084957165,Dash,1210010131,Dash,-2084957165,Dash,-2084957165,Dash,-1984897065,Drop,-2084957165,Drop,-2084957165,Drop,1210010131,Drop,1210010131,Drop,-2084957165,Dash,1210010131,Dash,-1984897065,Drop,1310040131,Drop,-2084957165,Dash,1210010131,Dash,2110010131,Dash,-1084937165,Dash,0,None,0,None,0,None,0,None,0,None,0,None,0,None,0,None,0,None,0,None,0,None,0,None,0,None,0,None,0,None,0,None,0,None,0,None,0,None,0,None
6041037,wave_campaign_normal_017,Campaign,None,90,0,7,True,False,point_grd_whitearkcity_002,point_fly_whitearkcity_002,sbg_whitearkcity_002,WhiteArkcity,Day,ibg_whitearkcity_001,0,33,9,target_list,-1984927165.0,path_grd_mid_small_049,-1,path_fly_far_elite3_815,5,path_grd_mid_small_073,10,path_grd_mid_elite1_802,0,path_fly_mid_small_042,9,path_fly_mid_small_050,-1,,-1,,-1,,-1,,-1,-1074937165,Drop,-1074887165,Drop,-1074937165,Drop,1320030231,Drop,-1084957165,Drop,-1084937165,Drop,1210060131,Drop,-1984927065,Drop,-1074937165,Drop,-1074937165,Drop,-1074937165,Drop,-1074887165,Drop,-1074937165,Dash,-1074937165,Drop,-1074887165,Drop,1320030231,Drop,1210060131,Dash,-1084957165,Drop,-1084957165,Drop,-1984927165,Drop,-1084957165,Drop,-1084957165,Drop,-1084957165,Drop,1210060131,Drop,0,None,0,None,0,None,0,None,0,None,0,None,0,None,0,None,0,None,0,None,0,None,0,None,0,None,0,None,0,None,0,None
6041038,wave_campaign_normal_017,Campaign,None,90,0,7,True,False,point_grd_whitearkcity_001,point_fly_whitearkcity_001,sbg_whitearkcity_001,WhiteArkcity,Day,ibg_whitearkcity_001,0,55,8,target_list,-984907165.0,path_fly_mid_small_036,-1,path_grd_mid_small_052,5,path_fly_mid_elite1_802,10,path_grd_mid_small_043,-1,path_grd_mid_elite1_802,0,path_fly_mid_elite2_808,10,path_grd_mid_small_034,8,path_fly_mid_small_021,-1,path_fly_mid_small_036,-1,,-1,1210030131,Dash,1210030131,Dash,1210030131,Dash,1210030131,Dash,-2074957165,Dash,-2074957165,Dash,-2074917165,Dash,-974887065,Drop,1210030131,Dash,1210010131,Dash,-1084927165,Drop,-984907065,Drop,-1074907165,Dash,-2074957165,Dash,-1074907165,Dash,-2074957165,Dash,-2074957165,Drop,-1074907165,Drop,-2074917165,Drop,-974887065,Drop,1210030131,Dash,-1084927165,Dash,-984907065,Drop,-984907165,Drop,-2074957165,Dash,-1074907165,Dash,-2074957165,Dash,-974887065,Drop,1210030131,Drop,-1084927165,Drop,-1084927165,Drop,1210030131,Drop,1210030131,Dash,1210010131,Dash,1210010131,Dash,1210030131,Dash,0,None,0,None,0,None,0,None
6041039,wave_campaign_normal_017,Campaign,None,90,0,5,True,False,point_grd_whitearkcity_004,point_fly_whitearkcity_004,sbg_whitearkcity_004,WhiteArkcity,Day,ibg_whitearkcity_001,6,36,0,target_list,-1974947165.0,path_grd_mid_small_002,-1,path_grd_mid_elite1_802,5,path_grd_mid_small_049,10,path_grd_mid_elite2_805,0,path_grd_close_small_004,8,path_grd_mid_small_005,6,,-1,,-1,,-1,,-1,1220040131,Jump,1220040131,Jump,1220040131,Jump,1220040131,Jump,1220040131,Dash,1220040131,Dash,-1074907165,Drop,-1974897065,Drop,1220040131,Drop,-1074907165,Drop,-1074907165,Drop,-1074907165,Drop,1220040131,Drop,-1074907165,Drop,-1974897065,Drop,-1974947165,Drop,1220040131,Dash,-1074907165,Dash,1220040131,Dash,-1074907165,Dash,1220040131,Dash,-1074907165,Dash,1220040131,Dash,-1074907165,Dash,0,None,0,None,0,None,0,None,0,None,0,None,0,None,0,None,0,None,0,None,0,None,0,None,0,None,0,None,0,None,0,None
6041040,wave_campaign_normal_017,Campaign,None,90,0,7,True,False,point_grd_whitearkcity_002,point_fly_whitearkcity_002,sbg_whitearkcity_002,WhiteArkcity,Day,ibg_whitearkcity_001,12,33,0,target_list,1320070131.0,path_grd_mid_small_073,-1,path_grd_mid_elite2_808,5,path_grd_mid_small_061,8,path_grd_close_small_069,0,path_grd_mid_small_043,-1,path_grd_close_small_042,5,path_grd_mid_small_005,-1,,-1,,-1,,-1,-1074937165,Drop,-1074937165,Drop,-1074937165,Drop,1220050131,Drop,-1074937165,Dash,1220050131,Dash,1320070231,Drop,-2074927165,Drop,-1074937165,Dash,1220050131,Dash,-1074937165,Dash,1220050131,Dash,1220050131,Drop,-1074937165,Drop,-1074937165,Drop,1320070131,Drop,1220050131,Drop,-1074937165,Drop,1220050131,Drop,-1074937165,Drop,1220050131,Drop,-1074937165,Drop,1220050131,Drop,-1074937165,Drop,-1074937165,Dash,1220050131,Dash,-1074937165,Dash,1220050131,Dash,0,None,0,None,0,None,0,None,0,None,0,None,0,None,0,None,0,None,0,None,0,None,0,None
6041041,wave_campaign_normal_017,Campaign,None,90,0,7,True,False,point_grd_whitearkcity_003,point_fly_whitearkcity_003,sbg_whitearkcity_003,WhiteArkcity,Day,ibg_whitearkcity_001,0,21,21,target_list,-974947165.0,path_grd_mid_small_002,-1,path_grd_mid_elite1_802,5,path_grd_far_small_044,8,path_grd_far_elite2_809,0,path_grd_mid_small_043,8,path_grd_far_small_044,8,,-1,,-1,,-1,,-1,-1074917165,Dash,-1074917165,Dash,-1074917165,Dash,-1074917165,Dash,-1074917165,Dash,-1074917165,Dash,-1074897165,Drop,-974917065,Drop,-1074897165,Drop,-1074897165,Drop,-1074897165,Drop,-1074897165,Drop,1120010131,Drop,-1074917165,Drop,-974917065,Drop,-974947165,Drop,-1074917165,Drop,-1074897165,Drop,-1074917165,Drop,-1074897165,Drop,-1074897165,Drop,-1074917165,Drop,-1074897165,Drop,-1074917165,Drop,0,None,0,None,0,None,0,None,0,None,0,None,0,None,0,None,0,None,0,None,0,None,0,None,0,None,0,None,0,None,0,None
6041042,wave_campaign_normal_017,Campaign,None,90,0,7,True,False,point_grd_whitearkcity_004,point_fly_whitearkcity_004,sbg_whitearkcity_004,WhiteArkcity,Day,ibg_whitearkcity_001,12,36,6,target_list,1310010131.0,path_grd_close_small_001,-1,path_fly_mid_small_053,5,path_grd_mid_elite1_802,-1,path_fly_mid_small_050,10,path_grd_mid_elite2_808,0,path_fly_far_small_028,10,path_fly_close_small_041,9,path_grd_mid_small_043,-1,,-1,,-1,-1074917165,Dash,-1074917165,Dash,-1074917165,Dash,-1074917165,Dash,1210030131,Drop,-1084927165,Drop,1210030131,Drop,1210060131,Drop,-1074917165,Dash,-1074917165,Dash,-2074927165,Drop,1320080231,Drop,1210030131,Drop,-1084927165,Drop,1210030131,Drop,1210060131,Drop,-1074917165,Dash,-1074917165,Dash,-1974947065,Drop,1320080231,Drop,1310010131,Drop,1210030131,Drop,1210030131,Drop,1210060131,Drop,1210030131,Drop,1210030131,Drop,1210030131,Drop,1210060131,Drop,-1074917165,Dash,-1074917165,Dash,-1074917165,Dash,-1074917165,Dash,0,None,0,None,0,None,0,None,0,None,0,None,0,None,0,None
6041043,wave_campaign_normal_017,Campaign,None,90,0,7,True,False,point_grd_whitearkcity_005,point_fly_whitearkcity_005,sbg_whitearkcity_005,WhiteArkcity,Day,ibg_whitearkcity_001,6,51,0,target_list,-1984897165.0,path_grd_mid_small_070,-1,path_fly_mid_elite2_805,-1,path_fly_mid_small_024,10,path_grd_mid_small_011,-1,path_fly_mid_elite2_808,0,path_fly_mid_elite1_802,10,path_grd_close_small_069,-1,path_fly_mid_small_024,-1,,-1,,-1,-1074917165,Dash,-1074917165,Dash,-1074917165,Dash,-2074927165,Dash,1210030131,Dash,-2084947165,Dash,-1984907065,Drop,-1984897065,Drop,1210030131,Dash,-2084947165,Dash,1210030131,Dash,-2084947165,Dash,-1074917165,Dash,-1074917165,Dash,1220050131,Dash,1220050131,Dash,1210030131,Dash,-2084947165,Dash,-1984907065,Drop,-1984897065,Drop,1210030131,Dash,-2084947165,Dash,-1084937165,Dash,-1984897165,Drop,-1074917165,Drop,-1074917165,Drop,-1074917165,Drop,1220050131,Dash,1210030131,Dash,-2084947165,Dash,1210030131,Dash,-2084947165,Dash,0,None,0,None,0,None,0,None,0,None,0,None,0,None,0,None
6041044,wave_campaign_normal_017,Campaign,None,180,0,3,False,True,point_grd_whitearkcity_003_midclear,point_fly_whitearkcity_003,sbg_whitearkcity_003_midclear,WhiteArkcity,Day,ibg_whitearkcity_001,6,46,9,target_list,-1884947145.0,path_fly_mid_centurion_901,-1,path_fly_mid_small_024,-1,path_grd_mid_small_076,-1,path_grd_mid_small_008,4,path_grd_mid_small_076,-1,path_fly_mid_elite1_802,4,path_fly_close_small_035,-1,path_grd_mid_small_075,-1,path_fly_mid_elite1_802,4,path_grd_mid_small_076,-1,-1884947145,Normal,0,None,0,None,0,None,1210030151,Dash,1210030151,Dash,1210030151,Dash,1210030151,Dash,-1074917145,Drop,1220050151,Drop,-1074917145,Drop,-974887045,Drop,-1074947145,Drop,-1074947145,Drop,-1074947145,Drop,-1074947145,Drop,1220050151,Drop,1220050151,Drop,-2074927145,Drop,-2074927145,Drop,1210030151,Dash,1210030151,Dash,1210050151,Drop,-1984907045,Drop,1210030151,Drop,1210030151,Drop,-1084927145,Drop,-1084927145,Drop,-1074917145,Drop,-1074917145,Drop,-2074927145,Drop,-2074927145,Drop,-2084927145,Dash,1210030151,Dash,1210030151,Drop,-984907045,Drop,-1074917145,Dash,-1074917145,Dash,1320060251,Dash,1320060251,Dash
6041045,wave_campaign_normal_017,Defense,None,90,20,8,True,True,point_grd_whitearkcity_001_rightclear,point_fly_whitearkcity_001_rightclear,sbg_whitearkcity_001_rightclear,WhiteArkcity,Day,ibg_whitearkcity_defense_001,0,53,1,,,path_grd_mid_elite1_802,-1,path_fly_mid_elite1_802,9,path_grd_mid_small_058,-1,path_fly_mid_small_030,-1,path_grd_mid_elite2_805,6,path_grd_mid_small_052,-1,path_grd_mid_elite2_805,-1,,-1,,-1,,-1,-1074917145,Normal,-1074917145,Normal,-1074917145,Normal,1320070151,Jump,1210030151,Dash,1210030151,Dash,1210040151,Dash,-1984937045,Normal,-974927145,Dash,-1074917145,Normal,-1074917145,Normal,-1974927045,Normal,1210030151,Dash,1210030151,Dash,1210040151,Dash,-1984937045,Normal,-1074917145,Normal,-1074917145,Dash,1320070151,Jump,-974927145,Normal,-1074917145,Dash,-1074917145,Dash,-974927145,Dash,-1974927045,Normal,-1074917145,Normal,-1074917145,Dash,1320070151,Jump,-974927145,Normal,0,None,0,None,0,None,0,None,0,None,0,None,0,None,0,None,0,None,0,None,0,None,0,None
6041046,wave_campaign_normal_017,Campaign,None,180,0,6,False,False,point_grd_whitearkcity_003_midclear,point_fly_whitearkcity_003,sbg_whitearkcity_003_midclear,WhiteArkcity,Day,ibg_whitearkcity_001,6,29,5,target_list,1410020151.0,path_fly_mid_centurion_902,-1,path_grd_mid_small_012,-1,path_grd_mid_small_012,-1,path_fly_mid_elite2_808,4,path_grd_close_small_048,4,path_fly_mid_small_036,-1,path_grd_mid_small_011,-1,,-1,,-1,,-1,1410020151,Normal,0,None,0,None,0,None,-1074917145,Normal,-1074917145,Normal,-1074917145,Normal,-1074917145,Normal,1120010151,Drop,1120010151,Drop,1220040151,Drop,1220040151,Drop,1110010151,Dash,1110010151,Dash,1110010151,Dash,1310030251,Dash,-2074957145,Dash,-2074957145,Dash,-2074957145,Dash,-2074927145,Drop,1210010151,Normal,1210010151,Normal,-1184957145,Normal,-1184957145,Normal,2120010151,Jump,2120010151,Jump,2120010151,Jump,-1974937045,Jump,0,None,0,None,0,None,0,None,0,None,0,None,0,None,0,None,0,None,0,None,0,None,0,None
6042001,wave_campaign_normal_017,Campaign,None,90,0,5,True,False,point_grd_whitearkcity_001,point_fly_whitearkcity_001,sbg_whitearkcity_001,WhiteArkcity,Day,ibg_whitearkcity_001,30,11,1,target_list,-974957165.0,path_grd_close_small_001,-1,path_grd_close_special_024,4,path_fly_mid_small_050,6,path_grd_close_elite1_801,0,path_grd_mid_small_043,-1,,-1,,-1,,-1,,-1,,-1,-2074947165,Drop,-2074947165,Drop,-2074947165,Dash,-2074947165,Dash,1220040131,Drop,1120010131,Drop,1120010131,Drop,1320040231,Drop,-2084947165,Dash,-2084947165,Dash,-2084947165,Dash,-1084937165,Dash,-1074927165,Dash,-1074927165,Dash,-1074927165,Drop,-974957165,Drop,-1074917165,Dash,-1074917165,Dash,-1074917165,Dash,-1074917165,Dash,0,None,0,None,0,None,0,None,0,None,0,None,0,None,0,None,0,None,0,None,0,None,0,None,0,None,0,None,0,None,0,None,0,None,0,None,0,None,0,None
6042002,wave_campaign_normal_017,Campaign,None,90,0,5,True,False,point_grd_whitearkcity_005,point_fly_whitearkcity_005,sbg_whitearkcity_005,WhiteArkcity,Day,ibg_whitearkcity_001,0,39,0,target_list,-984907165.0,path_grd_mid_small_002,-1,path_fly_mid_small_050,7,path_grd_mid_small_043,-1,path_grd_mid_small_070,0,path_fly_mid_elite1_802,7,path_fly_mid_small_024,-1,,-1,,-1,,-1,,-1,1220010131,Drop,1220010131,Drop,1220010131,Drop,-2074927165,Dash,-2084947165,Drop,-2084947165,Drop,-2084947165,Drop,-984907065,Drop,1220010131,Drop,1220010131,Drop,1220010131,Drop,1220010131,Drop,1220010131,Drop,1220010131,Drop,1220010131,Drop,-2074927165,Dash,-2084947165,Dash,-2084947165,Dash,-1084927165,Drop,-984907165,Drop,-2084947165,Dash,-2084947165,Dash,-2084947165,Dash,-2084947165,Dash,0,None,0,None,0,None,0,None,0,None,0,None,0,None,0,None,0,None,0,None,0,None,0,None,0,None,0,None,0,None,0,None
6042003,wave_campaign_normal_017,Campaign,None,90,0,7,True,False,point_grd_whitearkcity_002,point_fly_whitearkcity_002,sbg_whitearkcity_002,WhiteArkcity,Day,ibg_whitearkcity_001,0,54,0,target_list,1320030131.0,path_grd_mid_small_002,-1,path_fly_mid_elite3_814,5,path_fly_mid_small_027,9,path_grd_mid_small_043,-1,path_fly_mid_small_050,0,path_grd_mid_elite1_802,-1,path_fly_mid_small_027,10,path_grd_mid_small_043,-1,,-1,,-1,1220010131,Jump,1220010131,Jump,1220010131,Jump,1220010131,Jump,1210020131,Dash,-1084937165,Drop,-1084937165,Drop,-984907065,Drop,-984907065,Drop,1210020131,Dash,1210020131,Dash,1210020131,Dash,1220010131,Drop,1220050131,Drop,1220010131,Drop,1220050131,Drop,1210020131,Dash,-1084937165,Dash,1210020131,Dash,-984907065,Dash,1220010131,Dash,1220050131,Dash,1220010131,Drop,1320030131,Drop,-984907065,Drop,1210020131,Drop,1210020131,Drop,1210020131,Drop,1220010131,Drop,1220010131,Drop,1220010131,Drop,1220010131,Drop,0,None,0,None,0,None,0,None,0,None,0,None,0,None,0,None
6042004,wave_campaign_normal_017,Campaign,None,90,0,5,True,False,point_grd_whitearkcity_004,point_fly_whitearkcity_004,sbg_whitearkcity_004,WhiteArkcity,Day,ibg_whitearkcity_001,30,12,0,target_list,1310020131.0,path_fly_mid_small_018,-1,path_fly_close_special_046,6,path_grd_close_small_013,6,path_fly_close_elite1_801,0,path_fly_mid_small_050,7,,-1,,-1,,-1,,-1,,-1,-1084957165,Drop,-1084957165,Drop,-1084957165,Dash,-1084957165,Dash,-2084957165,Drop,1110010131,Drop,1110010131,Drop,1310030231,Drop,1220020131,Dash,1220020131,Dash,1220020131,Dash,1220020131,Dash,-1084957165,Dash,-1084957165,Dash,-2084957165,Drop,1310020131,Drop,-2084957165,Dash,-2084957165,Dash,-2084957165,Dash,-1084937165,Dash,0,None,0,None,0,None,0,None,0,None,0,None,0,None,0,None,0,None,0,None,0,None,0,None,0,None,0,None,0,None,0,None,0,None,0,None,0,None,0,None
6042005,wave_campaign_normal_017,Campaign,None,90,0,5,True,False,point_grd_whitearkcity_003,point_fly_whitearkcity_003,sbg_whitearkcity_003,WhiteArkcity,Day,ibg_whitearkcity_001,0,25,17,target_list,-1974957165.0,path_grd_mid_small_002,-1,path_grd_far_elite2_809,-1,path_grd_mid_small_043,7,path_grd_far_small_056,0,path_grd_mid_elite1_802,7,path_grd_mid_small_011,-1,,-1,,-1,,-1,,-1,1220010131,Dash,1220010131,Dash,1220010131,Dash,1220010131,Dash,1220010131,Dash,1120010131,Dash,-2074887165,Drop,-1974957065,Drop,1220010131,Dash,-1074897165,Dash,1220010131,Dash,-1074897165,Dash,1220010131,Dash,1220010131,Dash,1220010131,Dash,-2074887165,Drop,1220010131,Dash,1220010131,Dash,-1074897165,Drop,-1974957165,Drop,1220010131,Dash,1220010131,Dash,1220010131,Dash,1220010131,Dash,0,None,0,None,0,None,0,None,0,None,0,None,0,None,0,None,0,None,0,None,0,None,0,None,0,None,0,None,0,None,0,None
6042006,wave_campaign_normal_017,Campaign,None,90,0,5,True,False,point_grd_whitearkcity_005,point_fly_whitearkcity_005,sbg_whitearkcity_005,WhiteArkcity,Day,ibg_whitearkcity_001,0,42,0,target_list,1310010131.0,path_grd_mid_small_002,-1,path_fly_mid_elite2_808,-1,path_grd_mid_small_008,7,path_fly_mid_small_050,0,path_fly_mid_elite2_808,8,path_grd_mid_small_043,-1,,-1,,-1,,-1,,-1,-2074947165,Dash,-2074947165,Dash,-2074947165,Dash,-2074947165,Dash,1210020131,Dash,-1084947165,Dash,1210060131,Dash,1310010231,Dash,-2074947165,Drop,-2074947165,Drop,-2074947165,Drop,-2074947165,Drop,-1084947165,Dash,-1084947165,Dash,-1084947165,Dash,1210060131,Dash,-1084947165,Dash,-1084947165,Dash,1310010131,Drop,1210060131,Dash,-2074947165,Drop,-2074947165,Drop,-2074947165,Drop,-2074947165,Drop,0,None,0,None,0,None,0,None,0,None,0,None,0,None,0,None,0,None,0,None,0,None,0,None,0,None,0,None,0,None,0,None
6042007,wave_campaign_normal_017,Campaign,None,90,0,5,True,False,point_grd_whitearkcity_001,point_fly_whitearkcity_001,sbg_whitearkcity_001,WhiteArkcity,Day,ibg_whitearkcity_001,0,18,24,target_list,-974947165.0,path_grd_mid_small_043,-1,path_grd_far_elite1_803,7,path_grd_far_small_044,4,path_grd_mid_small_070,-1,path_grd_far_elite1_803,0,path_grd_mid_small_073,5,,-1,,-1,,-1,,-1,-1074917165,Dash,-1074917165,Dash,-1074917165,Dash,-1074917165,Dash,1120010131,Jump,1120010131,Jump,-1074897165,Drop,-974947065,Drop,1220030131,Dash,-1074897165,Drop,1220030131,Dash,-1074897165,Drop,-2074937165,Jump,-2074937165,Jump,-2074937165,Jump,-2074927165,Jump,1220030131,Dash,1220030131,Dash,-1074897165,Drop,-974947165,Drop,-2074937165,Dash,-2074937165,Dash,-2074937165,Dash,-2074927165,Dash,0,None,0,None,0,None,0,None,0,None,0,None,0,None,0,None,0,None,0,None,0,None,0,None,0,None,0,None,0,None,0,None
6042008,wave_campaign_normal_017,Campaign,None,90,0,5,True,False,point_grd_whitearkcity_002,point_fly_whitearkcity_002,sbg_whitearkcity_002,WhiteArkcity,Day,ibg_whitearkcity_001,21,27,0,target_list,-1974907165.0,path_grd_mid_small_049,-1,path_fly_mid_special_016,7,path_grd_close_small_051,6,path_fly_mid_small_050,0,path_grd_close_elite1_801,7,path_grd_close_small_001,-1,,-1,,-1,,-1,,-1,-1074917165,Drop,-1074917165,Drop,-1074917165,Drop,-1074917165,Drop,-2084947165,Jump,2110010131,Jump,2110010131,Jump,1310010231,Jump,1220040131,Dash,1220040131,Dash,1220040131,Dash,1220040131,Dash,1210020131,Jump,1210040131,Jump,1210020131,Dash,1210040131,Drop,-1074937165,Jump,-1074937165,Jump,-1074937165,Dash,-1974907165,Drop,-1074927165,Jump,-1074927165,Jump,-1074927165,Jump,-1074927165,Jump,0,None,0,None,0,None,0,None,0,None,0,None,0,None,0,None,0,None,0,None,0,None,0,None,0,None,0,None,0,None,0,None
6042009,wave_campaign_normal_017,Campaign,None,90,0,5,True,False,point_grd_whitearkcity_004,point_fly_whitearkcity_004,sbg_whitearkcity_004,WhiteArkcity,Day,ibg_whitearkcity_001,0,42,0,target_list,1320070131.0,path_grd_mid_small_002,-1,path_grd_mid_elite1_802,-1,path_grd_mid_small_049,7,path_grd_mid_elite1_802,0,path_grd_mid_small_040,7,path_grd_mid_small_037,-1,,-1,,-1,,-1,,-1,-2074947165,Dash,-2074947165,Dash,-2074947165,Dash,-2074947165,Dash,-2074947165,Dash,-2074947165,Dash,-2074917165,Drop,1320070231,Drop,-2074947165,Dash,-1074907165,Dash,-2074947165,Dash,-1074907165,Dash,-1074907165,Dash,-2074947165,Dash,-2074917165,Drop,1320070131,Drop,-2074947165,Jump,-2074947165,Jump,-1074907165,Jump,-1074907165,Jump,-2074947165,Jump,-1074907165,Jump,-2074947165,Jump,-1074907165,Jump,0,None,0,None,0,None,0,None,0,None,0,None,0,None,0,None,0,None,0,None,0,None,0,None,0,None,0,None,0,None,0,None
6042010,wave_campaign_normal_017,Campaign,None,90,0,7,True,False,point_grd_whitearkcity_003,point_fly_whitearkcity_003,sbg_whitearkcity_003,WhiteArkcity,Day,ibg_whitearkcity_001,0,38,10,target_list,1320060131.0,path_grd_mid_small_070,-1,path_grd_mid_elite2_808,-1,path_grd_mid_small_043,8,path_grd_mid_elite2_808,0,path_grd_mid_small_034,10,path_grd_mid_small_040,-1,path_grd_mid_small_037,-1,,-1,,-1,,-1,-1074927165,Dash,-1074927165,Dash,-1074927165,Dash,-2074927165,Dash,-1074927165,Dash,-2074957165,Dash,1320070231,Drop,1320060231,Drop,-1074927165,Dash,-2074957165,Dash,-1074927165,Dash,-2074957165,Dash,-1074927165,Dash,-2074957165,Dash,1320070231,Drop,1320070231,Drop,1320060131,Drop,-1074927165,Drop,-1074927165,Drop,-2074927165,Drop,-1074927165,Dash,-2074957165,Dash,-1074927165,Dash,-2074957165,Dash,-1074927165,Dash,-2074957165,Dash,-2074957165,Dash,-1074927165,Dash,0,None,0,None,0,None,0,None,0,None,0,None,0,None,0,None,0,None,0,None,0,None,0,None
6042011,wave_campaign_normal_017,Campaign,None,90,0,5,True,False,point_grd_whitearkcity_003,point_fly_whitearkcity_003,sbg_whitearkcity_003,WhiteArkcity,Day,ibg_whitearkcity_001,0,39,3,target_list,1320080131.0,path_grd_mid_small_002,-1,path_grd_mid_elite1_802,-1,path_grd_mid_small_043,7,path_grd_mid_elite1_802,0,path_grd_mid_small_061,7,path_grd_mid_small_049,7,,-1,,-1,,-1,,-1,-2074937165,Jump,-2074937165,Jump,-2074937165,Jump,-2074937165,Jump,-2074937165,Drop,-2074937165,Drop,-2074927165,Drop,1320080231,Drop,-2074937165,Dash,-1074907165,Dash,-2074937165,Dash,-1074907165,Dash,-2074937165,Drop,-2074937165,Drop,-2074927165,Drop,1320080131,Drop,-2074937165,Dash,-1074907165,Dash,-2074937165,Dash,-1074907165,Dash,-2074937165,Dash,-1074907165,Dash,-1074907165,Dash,-1074907165,Dash,0,None,0,None,0,None,0,None,0,None,0,None,0,None,0,None,0,None,0,None,0,None,0,None,0,None,0,None,0,None,0,None
6042012,wave_campaign_normal_017,Campaign,None,90,0,5,True,False,point_grd_whitearkcity_004,point_fly_whitearkcity_004,sbg_whitearkcity_004,WhiteArkcity,Day,ibg_whitearkcity_001,0,30,12,target_list,-1974917165.0,path_grd_mid_small_002,-1,path_grd_mid_special_065,6,path_grd_far_small_009,8,path_grd_mid_elite1_802,0,path_grd_far_small_050,-1,,-1,,-1,,-1,,-1,,-1,-1074917165,Drop,-1074917165,Drop,-1074917165,Dash,-2074927165,Dash,-1174957165,Drop,-1174957165,Drop,-1074917165,Drop,-1974917065,Drop,-1074897165,Jump,-1074897165,Jump,1220030131,Jump,-2074927165,Jump,-1074927165,Jump,-1074927165,Jump,-2074927165,Drop,-1974917165,Drop,-1074897165,Drop,1220030131,Drop,-1074897165,Drop,1220030131,Drop,0,None,0,None,0,None,0,None,0,None,0,None,0,None,0,None,0,None,0,None,0,None,0,None,0,None,0,None,0,None,0,None,0,None,0,None,0,None,0,None
6042013,wave_campaign_normal_017,Campaign,None,180,0,5,False,False,point_grd_gluttony_01,point_fly_gluttony_01,sbg_swamplandjunglebbg009,SwamplandJungle,Day,ibg_swamplandjungle_001,0,0,1,target_list,1510090131.0,b_fly_gluttony_01,-1,,-1,,-1,,-1,,-1,,-1,,-1,,-1,,-1,,-1,1510090131,Normal,0,None,0,None,0,None,0,None,0,None,0,None,0,None,0,None,0,None,0,None,0,None,0,None,0,None,0,None,0,None,0,None,0,None,0,None,0,None,0,None,0,None,0,None,0,None,0,None,0,None,0,None,0,None,0,None,0,None,0,None,0,None,0,None,0,None,0,None,0,None,0,None,0,None,0,None,0,None
6042014,wave_campaign_normal_017,Campaign,None,90,0,5,True,False,point_grd_whitearkcity_001,point_fly_whitearkcity_001,sbg_whitearkcity_001,WhiteArkcity,Day,ibg_whitearkcity_001,0,38,7,target_list,-974927165.0,path_grd_far_small_053,-1,path_grd_mid_elite1_802,6,path_fly_mid_small_050,-1,path_grd_mid_elite2_808,0,path_fly_mid_special_016,6,,-1,,-1,,-1,,-1,,-1,1220060131,Dash,1220060131,Dash,1220060131,Dash,-1074947165,Dash,-1074917165,Jump,-1074917165,Jump,-2074917165,Drop,-974927065,Drop,-2084957165,Drop,-2084957165,Drop,-2084957165,Drop,1210040131,Drop,-1074917165,Jump,-1074917165,Jump,-974927065,Drop,-974927165,Drop,-2084957165,Drop,2110010131,Drop,-2084957165,Drop,1210040131,Drop,0,None,0,None,0,None,0,None,0,None,0,None,0,None,0,None,0,None,0,None,0,None,0,None,0,None,0,None,0,None,0,None,0,None,0,None,0,None,0,None
6042015,wave_campaign_normal_017,Campaign,None,90,0,5,True,False,point_grd_whitearkcity_002,point_fly_whitearkcity_002,sbg_whitearkcity_002,WhiteArkcity,Day,ibg_whitearkcity_001,0,42,0,target_list,-1974957165.0,path_grd_mid_small_002,-1,path_fly_mid_small_050,-1,path_grd_mid_elite1_802,8,path_grd_mid_elite2_808,0,path_fly_mid_small_050,10,path_grd_mid_small_043,7,,-1,,-1,,-1,,-1,-1074927165,Dash,-1074927165,Dash,-1074927165,Dash,-1074927165,Dash,-1084957165,Dash,-1084957165,Dash,-1084957165,Dash,-1084937165,Dash,-1074927165,Drop,-1074927165,Drop,-1074907165,Drop,-1974957065,Drop,-1074927165,Dash,-1074907165,Dash,1320030231,Drop,-1974957165,Drop,-1084957165,Dash,-1084957165,Dash,-1084957165,Dash,-1084937165,Dash,-1074927165,Drop,-1074907165,Drop,-1074927165,Drop,-1074907165,Drop,0,None,0,None,0,None,0,None,0,None,0,None,0,None,0,None,0,None,0,None,0,None,0,None,0,None,0,None,0,None,0,None
6042016,wave_campaign_normal_017,Campaign,None,90,0,5,True,False,point_grd_whitearkcity_005,point_fly_whitearkcity_005,sbg_whitearkcity_005,WhiteArkcity,Day,ibg_whitearkcity_001,0,39,0,target_list,-1984907165.0,path_fly_mid_small_018,-1,path_fly_mid_small_050,-1,path_grd_mid_small_011,7,path_fly_mid_elite2_805,0,path_fly_mid_small_042,7,path_grd_mid_small_043,-1,,-1,,-1,,-1,,-1,-2084957165,Dash,-2084957165,Dash,-2084957165,Dash,-2084957165,Dash,-2084957165,Dash,1210060131,Drop,-2084957165,Dash,-984907065,Drop,1220020131,Dash,1220020131,Dash,1220020131,Dash,1220020131,Dash,-2084957165,Dash,-2084957165,Dash,-1984907165,Drop,-984907065,Drop,-2084957165,Dash,-2084957165,Dash,-2084957165,Dash,1210060131,Drop,1220020131,Dash,1220020131,Dash,1220020131,Dash,1220020131,Dash,0,None,0,None,0,None,0,None,0,None,0,None,0,None,0,None,0,None,0,None,0,None,0,None,0,None,0,None,0,None,0,None
6042017,wave_campaign_normal_017,Campaign,None,90,0,5,True,False,point_grd_whitearkcity_004,point_fly_whitearkcity_004,sbg_whitearkcity_004,WhiteArkcity,Day,ibg_whitearkcity_001,12,30,0,target_list,1320080131.0,path_grd_close_small_060,-1,path_grd_mid_elite1_802,-1,path_fly_mid_small_024,7,path_grd_mid_elite2_808,0,path_grd_mid_small_070,8,path_fly_close_small_035,-1,,-1,,-1,,-1,,-1,-1074927165,Dash,-1074927165,Dash,-1074927165,Dash,-1074927165,Dash,-1074927165,Dash,-2074957165,Dash,-2074917165,Drop,1320080231,Drop,1210030131,Dash,1210030131,Dash,1210030131,Dash,1210030131,Dash,-1074927165,Dash,-2074957165,Dash,-1974947065,Drop,1320080131,Drop,-1074927165,Drop,-1074927165,Drop,-2074957165,Drop,-2074917165,Dash,1210030131,Dash,1210030131,Dash,1210030131,Dash,1210030131,Dash,0,None,0,None,0,None,0,None,0,None,0,None,0,None,0,None,0,None,0,None,0,None,0,None,0,None,0,None,0,None,0,None
6042018,wave_campaign_normal_017,Campaign,None,90,0,7,True,False,point_grd_whitearkcity_003,point_fly_whitearkcity_003,sbg_whitearkcity_003,WhiteArkcity,Day,ibg_whitearkcity_001,0,38,4,target_list,-1974907165.0,path_grd_mid_small_070,-1,path_grd_mid_elite1_802,-1,path_grd_mid_small_012,-1,path_grd_mid_elite1_802,0,path_grd_mid_small_070,-1,path_grd_mid_small_070,-1,,-1,,-1,,-1,,-1,1220010131,Jump,1220010131,Jump,1220010131,Jump,-2074917165,Dash,1220010131,Dash,-1074947165,Dash,-2074917165,Drop,-1974907065,Drop,1220010131,Dash,-1074947165,Dash,1220010131,Dash,-1074947165,Dash,1220010131,Dash,-1074947165,Dash,-2074917165,Drop,-1974907165,Drop,1220010131,Drop,1220010131,Drop,-1074947165,Drop,-2074917165,Dash,1220010131,Drop,1220010131,Drop,-1074947165,Drop,-2074917165,Dash,0,None,0,None,0,None,0,None,0,None,0,None,0,None,0,None,0,None,0,None,0,None,0,None,0,None,0,None,0,None,0,None
6042019,wave_campaign_normal_017,Campaign,None,90,0,5,True,False,point_grd_whitearkcity_002,point_fly_whitearkcity_002,sbg_whitearkcity_002,WhiteArkcity,Day,ibg_whitearkcity_001,12,27,0,target_list,1320020131.0,path_grd_close_small_004,-1,path_grd_mid_small_073,-1,path_fly_mid_small_036,8,path_grd_mid_elite2_808,0,path_fly_close_small_007,8,path_grd_mid_small_037,-1,,-1,,-1,,-1,,-1,-1074917165,Dash,-1074917165,Dash,-1074917165,Dash,-1074917165,Dash,-1074917165,Dash,-974957065,Dash,-1074917165,Dash,1320070231,Drop,-2084947165,Dash,-2084947165,Dash,-2084947165,Dash,-2084947165,Dash,-1074917165,Dash,-1074917165,Dash,1320070231,Drop,1320020131,Drop,-2084947165,Dash,-2084947165,Dash,-2084947165,Dash,-2084947165,Dash,-1074917165,Dash,-1074917165,Dash,-1074917165,Dash,-1074917165,Dash,0,None,0,None,0,None,0,None,0,None,0,None,0,None,0,None,0,None,0,None,0,None,0,None,0,None,0,None,0,None,0,None
6042020,wave_campaign_normal_017,Campaign,None,90,0,5,True,False,point_grd_whitearkcity_001,point_fly_whitearkcity_001,sbg_whitearkcity_001,WhiteArkcity,Day,ibg_whitearkcity_001,0,32,10,target_list,-1984907165.0,path_fly_mid_small_018,-1,path_fly_mid_elite2_808,-1,path_fly_mid_small_050,8,path_fly_mid_small_050,0,path_fly_mid_elite2_808,-1,path_fly_mid_small_002,8,,-1,,-1,,-1,,-1,-2084947165,Dash,1210010131,Dash,-2084947165,Dash,1210010131,Dash,-2084947165,Dash,1210010131,Dash,1210060131,Dash,-1984907065,Drop,-2084947165,Dash,-2084947165,Dash,-2084947165,Dash,1210060131,Dash,-2084947165,Dash,-2084947165,Dash,-2084947165,Dash,1210060131,Dash,-2084947165,Dash,1210010131,Dash,-1984907165,Dash,1210060131,Drop,-2084947165,Dash,1210010131,Dash,-2084947165,Dash,1210010131,Dash,0,None,0,None,0,None,0,None,0,None,0,None,0,None,0,None,0,None,0,None,0,None,0,None,0,None,0,None,0,None,0,None
6042021,wave_campaign_normal_017,Campaign,None,90,0,5,True,False,point_grd_whitearkcity_001,point_fly_whitearkcity_001,sbg_whitearkcity_001,WhiteArkcity,Day,ibg_whitearkcity_001,0,39,6,target_list,1310040131.0,path_fly_mid_small_030,-1,path_fly_mid_elite1_802,-1,path_fly_mid_small_036,-1,path_fly_mid_elite2_808,0,path_fly_mid_special_016,7,,-1,,-1,,-1,,-1,,-1,-2084957165,Dash,-2084957165,Dash,-2084957165,Dash,-2084957165,Dash,1210010131,Dash,-2084957165,Dash,-2084957165,Dash,-1984897065,Drop,-2084957165,Drop,-2084957165,Drop,1210010131,Drop,1210010131,Drop,-2084957165,Dash,1210010131,Dash,-1984897065,Drop,1310040131,Drop,-2084957165,Dash,1210010131,Dash,2110010131,Dash,-1084937165,Dash,0,None,0,None,0,None,0,None,0,None,0,None,0,None,0,None,0,None,0,None,0,None,0,None,0,None,0,None,0,None,0,None,0,None,0,None,0,None,0,None
6042022,wave_campaign_normal_017,Campaign,None,90,0,5,True,False,point_grd_whitearkcity_002,point_fly_whitearkcity_002,sbg_whitearkcity_002,WhiteArkcity,Day,ibg_whitearkcity_001,0,42,0,target_list,-1984947165.0,path_grd_mid_small_002,-1,path_fly_mid_elite1_802,-1,path_fly_mid_small_039,7,path_fly_mid_small_039,0,path_fly_mid_elite1_802,8,path_grd_mid_small_043,8,,-1,,-1,,-1,,-1,1220060131,Dash,1220060131,Dash,1220060131,Dash,1220060131,Dash,-2084947165,Dash,-2084947165,Dash,-2084927165,Drop,-1984947065,Drop,-2084947165,Drop,-2084947165,Drop,-2084947165,Drop,-2084947165,Drop,-2084947165,Drop,-2084947165,Drop,-2084927165,Drop,-2084927165,Drop,-2084947165,Dash,-2084947165,Dash,-2084927165,Drop,-1984947165,Drop,1220060131,Dash,1220060131,Dash,1220060131,Dash,1220060131,Dash,0,None,0,None,0,None,0,None,0,None,0,None,0,None,0,None,0,None,0,None,0,None,0,None,0,None,0,None,0,None,0,None
6042023,wave_campaign_normal_017,Campaign,None,90,0,7,True,False,point_grd_whitearkcity_003,point_fly_whitearkcity_003,sbg_whitearkcity_003,WhiteArkcity,Day,ibg_whitearkcity_001,0,40,14,target_list,1320080131.0,path_grd_mid_small_073,-1,path_grd_mid_elite2_808,-1,path_grd_mid_small_043,-1,path_grd_mid_small_043,-1,path_grd_mid_elite2_808,0,path_grd_mid_small_073,-1,path_grd_mid_small_008,-1,path_grd_mid_small_043,-1,,-1,,-1,-1074927165,Drop,-1074927165,Drop,-1074927165,Drop,-1074887165,Drop,-1074927165,Drop,1220050131,Drop,-974917065,Drop,1320080231,Drop,-1074927165,Drop,-1074927165,Drop,1220050131,Drop,-1074887165,Drop,1220050131,Drop,-1074887165,Drop,-1074927165,Drop,-1074927165,Drop,-1074927165,Drop,1220050131,Drop,-974917065,Drop,1320080131,Drop,-1074927165,Drop,-1074887165,Drop,-1074927165,Drop,-1074887165,Drop,-1074927165,Drop,1220050131,Drop,1220050131,Drop,-1074927165,Drop,-1074927165,Dash,1220050131,Dash,-1074927165,Dash,1220050131,Dash,0,None,0,None,0,None,0,None,0,None,0,None,0,None,0,None
6042024,wave_campaign_normal_017,Campaign,None,90,0,5,True,False,point_grd_whitearkcity_004,point_fly_whitearkcity_004,sbg_whitearkcity_004,WhiteArkcity,Day,ibg_whitearkcity_001,0,45,0,target_list,-974907165.0,path_grd_mid_small_002,-1,path_grd_mid_elite2_805,-1,path_grd_mid_small_012,8,path_grd_mid_elite2_805,0,path_grd_mid_special_025,7,,-1,,-1,,-1,,-1,,-1,-2074937165,Jump,-1074907165,Jump,-2074937165,Jump,-1074907165,Jump,-2074937165,Drop,-1074907165,Drop,-974907065,Drop,-974907065,Drop,-2074937165,Drop,-2074937165,Drop,-1074907165,Drop,-1074907165,Drop,-2074937165,Drop,-1074907165,Drop,-974907065,Drop,-974907165,Drop,-2074937165,Drop,-1174957165,Drop,-1074907165,Drop,-1074907165,Drop,0,None,0,None,0,None,0,None,0,None,0,None,0,None,0,None,0,None,0,None,0,None,0,None,0,None,0,None,0,None,0,None,0,None,0,None,0,None,0,None
6042025,wave_campaign_normal_017,Campaign,None,90,0,5,True,False,point_grd_whitearkcity_005,point_fly_whitearkcity_005,sbg_whitearkcity_005,WhiteArkcity,Day,ibg_whitearkcity_001,6,27,6,target_list,-1974947165.0,path_grd_close_small_001,-1,path_grd_mid_small_068,-1,path_grd_mid_small_061,7,path_grd_far_small_044,0,path_grd_mid_elite1_802,7,path_grd_mid_small_043,-1,,-1,,-1,,-1,,-1,1220020131,Jump,-1074907165,Jump,1220020131,Jump,-1074907165,Jump,1220020131,Dash,1220020131,Dash,-2074887165,Dash,-1974947065,Dash,1220020131,Drop,-2074887165,Drop,1220020131,Drop,1220020131,Drop,1220020131,Dash,-2074887165,Dash,1220020131,Dash,-2074887165,Dash,1220020131,Dash,1220020131,Dash,-1074907165,Drop,-1974947165,Drop,1220020131,Dash,-2074887165,Dash,1220020131,Dash,1220020131,Dash,0,None,0,None,0,None,0,None,0,None,0,None,0,None,0,None,0,None,0,None,0,None,0,None,0,None,0,None,0,None,0,None
6042026,wave_campaign_normal_017,Campaign,None,90,0,5,True,False,point_grd_whitearkcity_005,point_fly_whitearkcity_005,sbg_whitearkcity_005,WhiteArkcity,Day,ibg_whitearkcity_001,0,42,0,target_list,-1984947165.0,path_grd_mid_small_002,-1,path_fly_mid_elite1_802,-1,path_fly_mid_small_039,7,path_fly_mid_small_039,0,path_fly_mid_elite1_802,8,path_grd_mid_small_043,8,,-1,,-1,,-1,,-1,1220060131,Dash,1220060131,Dash,1220060131,Dash,1220060131,Dash,-2084947165,Dash,-2084947165,Dash,1210050131,Drop,-1984947065,Drop,-2084947165,Drop,-2084947165,Drop,-2084947165,Drop,-2084947165,Drop,-2084947165,Drop,-2084947165,Drop,1210050131,Drop,1210050131,Drop,-2084947165,Dash,-2084947165,Dash,1210050131,Drop,-1984947165,Drop,1220060131,Dash,1220060131,Dash,1220060131,Dash,1220060131,Dash,0,None,0,None,0,None,0,None,0,None,0,None,0,None,0,None,0,None,0,None,0,None,0,None,0,None,0,None,0,None,0,None
6042027,wave_campaign_normal_017,Campaign,None,90,0,5,True,False,point_grd_whitearkcity_002,point_fly_whitearkcity_002,sbg_whitearkcity_002,WhiteArkcity,Day,ibg_whitearkcity_001,6,36,0,target_list,-974897165.0,path_grd_mid_small_073,-1,path_fly_mid_elite1_802,-1,path_fly_mid_small_050,8,path_fly_mid_small_050,0,path_grd_mid_elite2_808,-1,path_grd_close_small_014,7,,-1,,-1,,-1,,-1,-2074937165,Drop,-2074937165,Drop,-2074937165,Drop,-1074877165,Drop,-1084947165,Dash,1110010131,Dash,1210040131,Drop,1310030231,Drop,-1084947165,Dash,-1084947165,Dash,-1084947165,Dash,1210040131,Dash,-1084947165,Drop,-1084947165,Drop,-1084947165,Drop,1310010231,Drop,-2074937165,Drop,2120010131,Drop,-1074877165,Drop,-974897165,Drop,-1074877165,Drop,-2074937165,Drop,-2074937165,Drop,-2074937165,Drop,0,None,0,None,0,None,0,None,0,None,0,None,0,None,0,None,0,None,0,None,0,None,0,None,0,None,0,None,0,None,0,None
6042028,wave_campaign_normal_017,Campaign,None,90,0,5,True,False,point_grd_whitearkcity_004,point_fly_whitearkcity_004,sbg_whitearkcity_004,WhiteArkcity,Day,ibg_whitearkcity_001,6,27,6,target_list,-1974947165.0,path_grd_close_small_001,-1,path_grd_mid_small_068,-1,path_grd_mid_small_061,7,path_grd_far_small_044,0,path_grd_mid_elite1_802,7,path_grd_mid_small_043,-1,,-1,,-1,,-1,,-1,1220020131,Jump,-1074907165,Jump,1220020131,Jump,-1074907165,Jump,1220020131,Dash,1220020131,Dash,-2074887165,Dash,-1974947065,Dash,1220020131,Drop,-2074887165,Drop,1220020131,Drop,1220020131,Drop,1220020131,Dash,-2074887165,Dash,1220020131,Dash,-2074887165,Dash,1220020131,Dash,1220020131,Dash,-1074907165,Drop,-1974947165,Drop,1220020131,Dash,-2074887165,Dash,1220020131,Dash,1220020131,Dash,0,None,0,None,0,None,0,None,0,None,0,None,0,None,0,None,0,None,0,None,0,None,0,None,0,None,0,None,0,None,0,None
6042029,wave_campaign_normal_017,Campaign,None,90,0,7,True,False,point_grd_whitearkcity_003,point_fly_whitearkcity_003,sbg_whitearkcity_003,WhiteArkcity,Day,ibg_whitearkcity_001,12,33,9,target_list,1310010131.0,path_grd_close_small_001,-1,path_fly_mid_small_053,5,path_grd_mid_elite1_802,-1,path_fly_mid_small_050,10,path_grd_mid_elite2_808,0,path_fly_far_small_028,10,path_fly_close_small_041,9,path_grd_mid_small_043,-1,,-1,,-1,-1074917165,Dash,-1074917165,Dash,-1074917165,Dash,-1074917165,Dash,1210030131,Drop,-1084927165,Drop,1210030131,Drop,1210060131,Drop,-1074917165,Dash,-1074917165,Dash,-2074927165,Drop,1320080231,Drop,1210030131,Drop,-1084927165,Drop,1210030131,Drop,1210060131,Drop,-1074917165,Dash,-1074917165,Dash,-1974947065,Drop,1320080231,Drop,1310010131,Drop,1210030131,Drop,1210030131,Drop,1210060131,Drop,1210030131,Drop,1210030131,Drop,1210030131,Drop,1210060131,Drop,-1074917165,Dash,-1074917165,Dash,-1074917165,Dash,-1074917165,Dash,0,None,0,None,0,None,0,None,0,None,0,None,0,None,0,None
6042030,wave_campaign_normal_017,Campaign,None,90,0,5,True,False,point_grd_whitearkcity_001,point_fly_whitearkcity_001,sbg_whitearkcity_001,WhiteArkcity,Day,ibg_whitearkcity_001,0,32,10,target_list,-1984907165.0,path_fly_mid_small_018,-1,path_fly_mid_elite2_808,-1,path_fly_mid_small_050,8,path_fly_mid_small_050,0,path_fly_mid_elite2_808,-1,path_fly_mid_small_002,8,,-1,,-1,,-1,,-1,-2084947165,Dash,1210010131,Dash,-2084947165,Dash,1210010131,Dash,-2084947165,Dash,1210010131,Dash,1210060131,Dash,-1984907065,Drop,-2084947165,Dash,-2084947165,Dash,-2084947165,Dash,1210060131,Dash,-2084947165,Dash,-2084947165,Dash,-2084947165,Dash,1210060131,Dash,-2084947165,Dash,1210010131,Dash,-1984907165,Dash,1210060131,Drop,-2084947165,Dash,1210010131,Dash,-2084947165,Dash,1210010131,Dash,0,None,0,None,0,None,0,None,0,None,0,None,0,None,0,None,0,None,0,None,0,None,0,None,0,None,0,None,0,None,0,None
6042031,wave_campaign_normal_017,Campaign,None,90,0,7,True,False,point_grd_whitearkcity_002,point_fly_whitearkcity_002,sbg_whitearkcity_002,WhiteArkcity,Day,ibg_whitearkcity_001,0,69,0,target_list,1310020131.0,path_grd_mid_small_002,-1,path_fly_mid_elite2_805,5,path_fly_mid_special_047,12,path_fly_mid_elite1_802,0,path_fly_mid_special_047,10,path_grd_mid_elite2_805,-1,path_fly_mid_small_002,8,,-1,,-1,,-1,-2074957165,Dash,-2074957165,Dash,-2074957165,Dash,-2074957165,Dash,1210030131,Dash,1110010131,Dash,1310020231,Drop,1310010231,Drop,1210030131,Dash,2110010131,Dash,1210050131,Drop,1210050131,Drop,1210030131,Dash,1210030131,Dash,1210050131,Drop,1310010231,Drop,1210030131,Dash,2110010131,Dash,1210050131,Dash,1310020131,Dash,-2074957165,Dash,2120010131,Dash,-2074957165,Dash,-2074957165,Dash,1210030131,Dash,1210030131,Dash,1210030131,Dash,1210030131,Dash,0,None,0,None,0,None,0,None,0,None,0,None,0,None,0,None,0,None,0,None,0,None,0,None
6042032,wave_campaign_normal_017,Campaign,None,90,0,7,True,False,point_grd_whitearkcity_003,point_fly_whitearkcity_003,sbg_whitearkcity_003,WhiteArkcity,Day,ibg_whitearkcity_001,0,41,1,target_list,-1984917165.0,path_grd_mid_small_034,-1,path_fly_mid_elite1_802,6,path_grd_mid_small_058,10,path_grd_mid_small_070,0,path_fly_mid_elite1_802,-1,path_grd_mid_small_055,8,,-1,,-1,,-1,,-1,-1074877165,Drop,-1074937165,Drop,-1074937165,Drop,-1074937165,Drop,-1084947165,Dash,-1084947165,Dash,1210040131,Dash,1310040231,Drop,-1074937165,Drop,-1074937165,Drop,-1074937165,Drop,-1074877165,Drop,-1074937165,Dash,-1074937165,Dash,-1074937165,Dash,-1074877165,Dash,-1084947165,Dash,-1084947165,Dash,1210040131,Dash,-1984917165,Drop,-1074937165,Drop,-1074937165,Drop,-1074937165,Drop,-1074877165,Drop,0,None,0,None,0,None,0,None,0,None,0,None,0,None,0,None,0,None,0,None,0,None,0,None,0,None,0,None,0,None,0,None
6042033,wave_campaign_normal_017,Campaign,None,90,0,7,True,False,point_grd_whitearkcity_004,point_fly_whitearkcity_004,sbg_whitearkcity_004,WhiteArkcity,Day,ibg_whitearkcity_001,0,48,0,target_list,-984907165.0,path_grd_mid_small_043,-1,path_fly_mid_elite1_802,-1,path_fly_mid_small_036,8,path_fly_mid_elite2_805,0,path_grd_mid_small_037,8,path_fly_mid_small_008,-1,path_fly_mid_small_005,-1,,-1,,-1,,-1,1220040131,Jump,1220040131,Jump,1220040131,Jump,1220040131,Jump,-1084957165,Dash,-1084957165,Dash,-2084927165,Drop,-984907065,Drop,-1084957165,Dash,-1084957165,Dash,-2084927165,Dash,-2084927165,Dash,-1084957165,Dash,-2084927165,Dash,1310010231,Drop,-984907165,Drop,1220040131,Jump,1220040131,Jump,1220040131,Jump,1220040131,Jump,-2084927165,Dash,-2084927165,Dash,-1084957165,Dash,-1084957165,Dash,-2084927165,Dash,-2084927165,Dash,-1084957165,Dash,-1084957165,Dash,0,None,0,None,0,None,0,None,0,None,0,None,0,None,0,None,0,None,0,None,0,None,0,None
6042034,wave_campaign_normal_017,Campaign,None,90,0,7,True,False,point_grd_whitearkcity_005,point_fly_whitearkcity_005,sbg_whitearkcity_005,WhiteArkcity,Day,ibg_whitearkcity_001,0,33,9,target_list,-1984927165.0,path_grd_mid_small_049,-1,path_fly_far_elite3_815,5,path_grd_mid_small_073,10,path_grd_mid_elite1_802,0,path_fly_mid_small_042,9,path_fly_mid_small_050,-1,,-1,,-1,,-1,,-1,-1074937165,Drop,-1074887165,Drop,-1074937165,Drop,1320030231,Drop,-1084957165,Drop,-1084937165,Drop,1210060131,Drop,-1984927065,Drop,-1074937165,Drop,-1074937165,Drop,-1074937165,Drop,-1074887165,Drop,-1074937165,Dash,-1074937165,Drop,-1074887165,Drop,1320030231,Drop,1210060131,Dash,-1084957165,Drop,-1084957165,Drop,-1984927165,Drop,-1084957165,Drop,-1084957165,Drop,-1084957165,Drop,1210060131,Drop,0,None,0,None,0,None,0,None,0,None,0,None,0,None,0,None,0,None,0,None,0,None,0,None,0,None,0,None,0,None,0,None
6042035,wave_campaign_normal_017,Campaign,None,90,0,7,True,False,point_grd_whitearkcity_001,point_fly_whitearkcity_001,sbg_whitearkcity_001,WhiteArkcity,Day,ibg_whitearkcity_001,12,33,0,target_list,1320070131.0,path_grd_mid_small_073,-1,path_grd_mid_elite2_808,5,path_grd_mid_small_061,8,path_grd_close_small_069,0,path_grd_mid_small_043,-1,path_grd_close_small_042,5,path_grd_mid_small_005,-1,,-1,,-1,,-1,-1074937165,Drop,-1074937165,Drop,-1074937165,Drop,1220050131,Drop,-1074937165,Dash,1220050131,Dash,1320070231,Drop,-2074927165,Drop,-1074937165,Dash,1220050131,Dash,-1074937165,Dash,1220050131,Dash,1220050131,Drop,-1074937165,Drop,-1074937165,Drop,1320070131,Drop,1220050131,Drop,-1074937165,Drop,1220050131,Drop,-1074937165,Drop,1220050131,Drop,-1074937165,Drop,1220050131,Drop,-1074937165,Drop,-1074937165,Dash,1220050131,Dash,-1074937165,Dash,1220050131,Dash,0,None,0,None,0,None,0,None,0,None,0,None,0,None,0,None,0,None,0,None,0,None,0,None
6042036,wave_campaign_normal_017,Campaign,None,90,0,7,True,False,point_grd_whitearkcity_004,point_fly_whitearkcity_004,sbg_whitearkcity_004,WhiteArkcity,Day,ibg_whitearkcity_001,0,21,21,target_list,-974947165.0,path_grd_mid_small_002,-1,path_grd_mid_elite1_802,5,path_grd_far_small_044,8,path_grd_far_elite2_809,0,path_grd_mid_small_043,8,path_grd_far_small_044,8,,-1,,-1,,-1,,-1,-1074917165,Dash,-1074917165,Dash,-1074917165,Dash,-1074917165,Dash,-1074917165,Dash,-1074917165,Dash,-1074897165,Drop,-974917065,Drop,-1074897165,Drop,-1074897165,Drop,-1074897165,Drop,-1074897165,Drop,1120010131,Drop,-1074917165,Drop,-974917065,Drop,-974947165,Drop,-1074917165,Drop,-1074897165,Drop,-1074917165,Drop,-1074897165,Drop,-1074897165,Drop,-1074917165,Drop,-1074897165,Drop,-1074917165,Drop,0,None,0,None,0,None,0,None,0,None,0,None,0,None,0,None,0,None,0,None,0,None,0,None,0,None,0,None,0,None,0,None
6042037,wave_campaign_normal_017,Campaign,None,90,0,7,True,False,point_grd_whitearkcity_003,point_fly_whitearkcity_003,sbg_whitearkcity_003,WhiteArkcity,Day,ibg_whitearkcity_001,6,44,4,target_list,1320070131.0,path_grd_mid_small_034,-1,path_grd_mid_elite1_802,-1,path_grd_mid_small_034,8,path_grd_mid_small_043,-1,path_grd_mid_elite2_808,0,path_grd_close_small_042,-1,path_grd_mid_small_043,8,path_grd_mid_small_061,-1,,-1,,-1,-1074877165,Drop,-1074907165,Drop,-1074907165,Drop,-1074907165,Drop,-2074957165,Dash,-1074907165,Dash,-1074877165,Drop,1320070231,Drop,1320070231,Drop,-1074907165,Dash,-1074877165,Dash,-1074907165,Dash,-2074957165,Dash,-2074957165,Dash,-2074957165,Dash,-2074957165,Dash,-1074877165,Dash,-2074957165,Dash,1320070231,Drop,1320070131,Drop,-1074907165,Dash,-1074877165,Dash,-1074907165,Dash,-1074907165,Dash,-1074907165,Dash,-1074907165,Dash,-1074907165,Dash,-1074877165,Dash,-2074957165,Drop,-2074957165,Drop,-2074957165,Drop,-2074957165,Drop,0,None,0,None,0,None,0,None,0,None,0,None,0,None,0,None
6042038,wave_campaign_normal_017,Campaign,None,90,0,7,True,False,point_grd_whitearkcity_005,point_fly_whitearkcity_005,sbg_whitearkcity_005,WhiteArkcity,Day,ibg_whitearkcity_001,0,24,18,target_list,-984927165.0,path_grd_mid_small_043,-1,path_fly_far_elite1_803,5,path_grd_mid_small_034,8,path_fly_far_elite1_803,0,path_grd_mid_small_034,10,path_fly_mid_small_024,-1,,-1,,-1,,-1,,-1,-2074947165,Jump,-2074947165,Jump,-2074947165,Jump,-2074947165,Jump,1210030131,Drop,1210030131,Drop,1210010131,Drop,-984927065,Drop,-2074947165,Dash,-2074947165,Dash,-2074947165,Dash,-1974937065,Dash,1210030131,Drop,1210030131,Drop,1210010131,Drop,-984927165,Drop,-2074947165,Dash,-2074947165,Dash,-2074947165,Dash,-1974937065,Dash,1210030131,Drop,1210030131,Drop,1210010131,Drop,1210010131,Drop,0,None,0,None,0,None,0,None,0,None,0,None,0,None,0,None,0,None,0,None,0,None,0,None,0,None,0,None,0,None,0,None
6042039,wave_campaign_normal_017,Campaign,None,90,0,7,True,False,point_grd_whitearkcity_002,point_fly_whitearkcity_002,sbg_whitearkcity_002,WhiteArkcity,Day,ibg_whitearkcity_001,0,42,0,target_list,1310020131.0,path_fly_mid_small_018,-1,path_fly_mid_elite1_802,5,path_fly_mid_small_027,8,path_fly_mid_small_036,0,path_fly_mid_elite1_802,7,path_fly_mid_small_024,-1,,-1,,-1,,-1,,-1,-2084957165,Drop,-2084957165,Drop,-2084957165,Drop,-2084957165,Drop,-2084957165,Dash,-2084957165,Dash,-1084927165,Dash,1310020231,Dash,-1084917165,Dash,-2084957165,Dash,-2084957165,Dash,-2084957165,Dash,-2084957165,Drop,-1084927165,Drop,-1084917165,Drop,-2084957165,Drop,-2084957165,Dash,-2084957165,Dash,-1084927165,Drop,1310020131,Drop,-1084927165,Drop,-2084957165,Drop,-1084917165,Drop,-2084957165,Drop,0,None,0,None,0,None,0,None,0,None,0,None,0,None,0,None,0,None,0,None,0,None,0,None,0,None,0,None,0,None,0,None
6042040,wave_campaign_normal_017,Campaign,None,90,0,7,True,False,point_grd_whitearkcity_001,point_fly_whitearkcity_001,sbg_whitearkcity_001,WhiteArkcity,Day,ibg_whitearkcity_001,12,38,7,target_list,1320030131.0,path_grd_close_small_042,-1,path_grd_mid_elite1_802,5,path_fly_mid_elite3_811,10,path_grd_far_small_071,0,path_grd_mid_special_065,-1,path_fly_mid_small_005,10,path_grd_close_small_039,8,,-1,,-1,,-1,-2074957165,Dash,1220060131,Dash,-2074957165,Dash,1220060131,Dash,-2074957165,Dash,1220060131,Dash,-1074897165,Drop,1320080231,Drop,1210030131,Dash,-1084927165,Dash,-1084927165,Dash,-1084937165,Dash,-2074957165,Dash,-2074957165,Dash,-1074897165,Dash,1320030131,Drop,-2074957165,Dash,-1074897165,Dash,1220060131,Dash,1320080231,Drop,1210030131,Drop,-1084927165,Drop,1210030131,Drop,-1084927165,Drop,-2074957165,Dash,-2074957165,Dash,1220060131,Dash,1220060131,Dash,0,None,0,None,0,None,0,None,0,None,0,None,0,None,0,None,0,None,0,None,0,None,0,None
6042041,wave_campaign_normal_017,Campaign,None,90,0,7,True,False,point_grd_whitearkcity_005,point_fly_whitearkcity_005,sbg_whitearkcity_005,WhiteArkcity,Day,ibg_whitearkcity_001,0,48,0,target_list,-1984897165.0,path_grd_mid_small_070,-1,path_fly_mid_small_050,5,path_fly_mid_elite1_802,8,path_grd_mid_small_070,0,path_fly_mid_elite2_808,-1,path_grd_mid_small_043,9,path_fly_mid_small_036,-1,,-1,,-1,,-1,-1074917165,Drop,-1074917165,Drop,-1074917165,Drop,-2074927165,Dash,-2084947165,Dash,-2084947165,Dash,1210010131,Dash,-1984897065,Dash,-2084947165,Dash,-2084947165,Dash,1210010131,Drop,-1984897065,Drop,-1074917165,Drop,-1074917165,Drop,-1074917165,Drop,-2074927165,Dash,-2084947165,Dash,1210010131,Drop,-1984897065,Drop,-1984897165,Drop,-1074917165,Dash,-2074927165,Dash,-1074917165,Dash,-2074927165,Dash,-2084947165,Drop,-2084947165,Drop,1210010131,Drop,1210010131,Drop,0,None,0,None,0,None,0,None,0,None,0,None,0,None,0,None,0,None,0,None,0,None,0,None
6042042,wave_campaign_normal_017,Campaign,None,90,0,7,True,False,point_grd_whitearkcity_001,point_fly_whitearkcity_001,sbg_whitearkcity_001,WhiteArkcity,Day,ibg_whitearkcity_001,0,38,4,target_list,-984947165.0,path_grd_mid_small_002,-1,path_fly_mid_elite2_808,5,path_grd_mid_small_043,10,path_fly_mid_elite3_811,0,path_grd_mid_small_052,10,path_fly_mid_small_002,-1,,-1,,-1,,-1,,-1,1220010131,Dash,1220010131,Dash,1220010131,Dash,1220010131,Dash,-2084947165,Dash,1210010131,Dash,-984947065,Drop,-984947065,Drop,1220010131,Dash,1220010131,Dash,1220010131,Dash,1220010131,Dash,-2084947165,Dash,-984947065,Drop,-984947065,Drop,-984947165,Drop,1220010131,Jump,1220010131,Jump,1220010131,Drop,1220010131,Drop,-2084947165,Dash,-2084947165,Dash,1210010131,Dash,1210010131,Dash,0,None,0,None,0,None,0,None,0,None,0,None,0,None,0,None,0,None,0,None,0,None,0,None,0,None,0,None,0,None,0,None
6042043,wave_campaign_normal_017,Campaign,None,90,0,7,True,False,point_grd_whitearkcity_003,point_fly_whitearkcity_003,sbg_whitearkcity_003,WhiteArkcity,Day,ibg_whitearkcity_001,0,41,4,target_list,-1974907165.0,path_grd_mid_small_008,-1,path_grd_mid_elite1_802,6,path_grd_mid_small_058,10,path_grd_mid_elite1_802,0,path_fly_mid_elite1_802,8,path_grd_mid_small_049,8,,-1,,-1,,-1,,-1,-1074937165,Drop,-1074937165,Drop,-1074937165,Drop,-1074937165,Drop,-1074937165,Dash,-1074937165,Dash,-1074907165,Dash,-1974907065,Drop,-1074907165,Drop,-1074947165,Drop,-1074907165,Drop,-1074947165,Drop,-1074937165,Dash,-1074937165,Dash,-1074907165,Dash,-1974907165,Drop,-1084947165,Dash,-1084947165,Dash,-1084947165,Dash,-1984917065,Drop,-1074937165,Drop,-1074907165,Drop,-1074907165,Drop,-1074907165,Drop,0,None,0,None,0,None,0,None,0,None,0,None,0,None,0,None,0,None,0,None,0,None,0,None,0,None,0,None,0,None,0,None
6042044,wave_campaign_normal_017,Campaign,None,180,0,5,False,False,point_grd_onlyone_01,point_fly_onlyone_01,sbg_whitearkcityxba003_001,WhiteArkcity,Day,ibg_whitearkcity_001,0,0,1,target_list,225062815.0,b_fly_onlyone_01,-1,,-1,,-1,,-1,,-1,,-1,,-1,,-1,,-1,,-1,225062815,Normal,0,None,0,None,0,None,0,None,0,None,0,None,0,None,0,None,0,None,0,None,0,None,0,None,0,None,0,None,0,None,0,None,0,None,0,None,0,None,0,None,0,None,0,None,0,None,0,None,0,None,0,None,0,None,0,None,0,None,0,None,0,None,0,None,0,None,0,None,0,None,0,None,0,None,0,None,0,None
6042045,wave_campaign_normal_017,BaseDefense,None,60,normal,6,True,True,point_grd_whitearkcity_003_midclear,point_fly_whitearkcity_003,sbg_whitearkcity_003_midclear,WhiteArkcity,Day,ibg_whitearkcity_basedefense_001,6,42,9,,,path_grd_mid_small_068,-1,path_grd_mid_elite1_802,4,path_grd_mid_small_070,-1,path_grd_mid_elite2_808,3,path_grd_mid_small_034,10,path_grd_close_small_067,5,path_grd_mid_small_076,6,path_grd_mid_elite2_808,-1,,-1,,-1,-2074937165,Jump,-2074937165,Jump,1220050131,Drop,-1974947065,Drop,-2074937165,Jump,-2074937165,Jump,-1074877165,Drop,1320080231,Drop,-2074937165,Drop,-2074937165,Drop,1220050131,Drop,-2074927165,Dash,-1074877165,Drop,-2074937165,Drop,-1974947065,Drop,1320080231,Drop,1220050131,Drop,-2074937165,Jump,-2074937165,Jump,-2074937165,Jump,-2074937165,Jump,-2074937165,Jump,-1074877165,Drop,-1974947065,Drop,-2074937165,Drop,-2074937165,Drop,-2074927165,Dash,-2074927165,Dash,-1074877165,Drop,-2074937165,Drop,-1974947065,Drop,1320080131,Drop,0,None,0,None,0,None,0,None,0,None,0,None,0,None,0,None
6042046,wave_campaign_normal_017,Campaign,None,180,0,6,False,False,point_grd_whitearkcity_003,point_fly_whitearkcity_003,sbg_whitearkcity_003_midclear,WhiteArkcity,Day,ibg_whitearkcity_001,0,0,1,target_list,-1883957165.0,path_fly_far_centurion_903,-1,,-1,,-1,,-1,,-1,,-1,,-1,,-1,,-1,,-1,-1883957165,Normal,0,None,0,None,0,None,0,None,0,None,0,None,0,None,0,None,0,None,0,None,0,None,0,None,0,None,0,None,0,None,0,None,0,None,0,None,0,None,0,None,0,None,0,None,0,None,0,None,0,None,0,None,0,None,0,None,0,None,0,None,0,None,0,None,0,None,0,None,0,None,0,None,0,None,0,None,0,None
