stage_id,group_id,spot_mod,ui_theme,battle_time,mod_value,monster_count,use_intro_scene,wave_repeat,point_data,point_data_fly,background_name,theme,theme_time,stage_info_bg,close_monster_count,mid_monster_count,far_monster_count,target_list/0/name,target_list/0/value,wave_data/0/wave_path,wave_data/0/private_monster_count,wave_data/1/wave_path,wave_data/1/private_monster_count,wave_data/2/wave_path,wave_data/2/private_monster_count,wave_data/3/wave_path,wave_data/3/private_monster_count,wave_data/4/wave_path,wave_data/4/private_monster_count,wave_data/5/wave_path,wave_data/5/private_monster_count,wave_data/6/wave_path,wave_data/6/private_monster_count,wave_data/7/wave_path,wave_data/7/private_monster_count,wave_data/8/wave_path,wave_data/8/private_monster_count,wave_data/9/wave_path,wave_data/9/private_monster_count,wave_data/0/wave_monster_list/0/wave_monster_id,wave_data/0/wave_monster_list/0/spawn_type,wave_data/0/wave_monster_list/1/wave_monster_id,wave_data/0/wave_monster_list/1/spawn_type,wave_data/0/wave_monster_list/2/wave_monster_id,wave_data/0/wave_monster_list/2/spawn_type,wave_data/0/wave_monster_list/3/wave_monster_id,wave_data/0/wave_monster_list/3/spawn_type,wave_data/1/wave_monster_list/0/wave_monster_id,wave_data/1/wave_monster_list/0/spawn_type,wave_data/1/wave_monster_list/1/wave_monster_id,wave_data/1/wave_monster_list/1/spawn_type,wave_data/1/wave_monster_list/2/wave_monster_id,wave_data/1/wave_monster_list/2/spawn_type,wave_data/1/wave_monster_list/3/wave_monster_id,wave_data/1/wave_monster_list/3/spawn_type,wave_data/2/wave_monster_list/0/wave_monster_id,wave_data/2/wave_monster_list/0/spawn_type,wave_data/2/wave_monster_list/1/wave_monster_id,wave_data/2/wave_monster_list/1/spawn_type,wave_data/2/wave_monster_list/2/wave_monster_id,wave_data/2/wave_monster_list/2/spawn_type,wave_data/2/wave_monster_list/3/wave_monster_id,wave_data/2/wave_monster_list/3/spawn_type,wave_data/3/wave_monster_list/0/wave_monster_id,wave_data/3/wave_monster_list/0/spawn_type,wave_data/3/wave_monster_list/1/wave_monster_id,wave_data/3/wave_monster_list/1/spawn_type,wave_data/3/wave_monster_list/2/wave_monster_id,wave_data/3/wave_monster_list/2/spawn_type,wave_data/3/wave_monster_list/3/wave_monster_id,wave_data/3/wave_monster_list/3/spawn_type,wave_data/4/wave_monster_list/0/wave_monster_id,wave_data/4/wave_monster_list/0/spawn_type,wave_data/4/wave_monster_list/1/wave_monster_id,wave_data/4/wave_monster_list/1/spawn_type,wave_data/4/wave_monster_list/2/wave_monster_id,wave_data/4/wave_monster_list/2/spawn_type,wave_data/4/wave_monster_list/3/wave_monster_id,wave_data/4/wave_monster_list/3/spawn_type,wave_data/5/wave_monster_list/0/wave_monster_id,wave_data/5/wave_monster_list/0/spawn_type,wave_data/5/wave_monster_list/1/wave_monster_id,wave_data/5/wave_monster_list/1/spawn_type,wave_data/5/wave_monster_list/2/wave_monster_id,wave_data/5/wave_monster_list/2/spawn_type,wave_data/5/wave_monster_list/3/wave_monster_id,wave_data/5/wave_monster_list/3/spawn_type,wave_data/6/wave_monster_list/0/wave_monster_id,wave_data/6/wave_monster_list/0/spawn_type,wave_data/6/wave_monster_list/1/wave_monster_id,wave_data/6/wave_monster_list/1/spawn_type,wave_data/6/wave_monster_list/2/wave_monster_id,wave_data/6/wave_monster_list/2/spawn_type,wave_data/6/wave_monster_list/3/wave_monster_id,wave_data/6/wave_monster_list/3/spawn_type,wave_data/7/wave_monster_list/0/wave_monster_id,wave_data/7/wave_monster_list/0/spawn_type,wave_data/7/wave_monster_list/1/wave_monster_id,wave_data/7/wave_monster_list/1/spawn_type,wave_data/7/wave_monster_list/2/wave_monster_id,wave_data/7/wave_monster_list/2/spawn_type,wave_data/7/wave_monster_list/3/wave_monster_id,wave_data/7/wave_monster_list/3/spawn_type,wave_data/8/wave_monster_list/0/wave_monster_id,wave_data/8/wave_monster_list/0/spawn_type,wave_data/8/wave_monster_list/1/wave_monster_id,wave_data/8/wave_monster_list/1/spawn_type,wave_data/8/wave_monster_list/2/wave_monster_id,wave_data/8/wave_monster_list/2/spawn_type,wave_data/8/wave_monster_list/3/wave_monster_id,wave_data/8/wave_monster_list/3/spawn_type,wave_data/9/wave_monster_list/0/wave_monster_id,wave_data/9/wave_monster_list/0/spawn_type,wave_data/9/wave_monster_list/1/wave_monster_id,wave_data/9/wave_monster_list/1/spawn_type,wave_data/9/wave_monster_list/2/wave_monster_id,wave_data/9/wave_monster_list/2/spawn_type,wave_data/9/wave_monster_list/3/wave_monster_id,wave_data/9/wave_monster_list/3/spawn_type
7035001,wave_campaign_hard_015,Campaign,None,90,0,5,True,False,point_grd_swamplandjungle_003,point_fly_swamplandjungle_003,sbg_swamplandjungle_003,SwamplandJungle,Night,ibg_swamplandjungle_001,18,33,0,target_list,-984917155.0,path_grd_close_small_001,-1,path_fly_mid_elite1_802,7,path_grd_close_small_051,-1,path_fly_mid_elite1_802,0,path_grd_close_small_042,-1,path_grd_mid_special_025,-1,,-1,,-1,,-1,,-1,-1074937155,Jump,-1074937155,Jump,-1074937155,Dash,-2074927155,Dash,-1084957155,Dash,-1084957155,Dash,-1084957155,Dash,-984917055,Dash,-2074957155,Dash,-2074957155,Dash,-2074927155,Dash,-2074957155,Dash,1210010141,Dash,1210010141,Dash,-1084937155,Drop,-984917155,Drop,-1074917155,Dash,-1074917155,Dash,-1074917155,Dash,-2074927155,Dash,-1174957155,Jump,-1174957155,Jump,-1174957155,Drop,-1174957155,Drop,0,None,0,None,0,None,0,None,0,None,0,None,0,None,0,None,0,None,0,None,0,None,0,None,0,None,0,None,0,None,0,None
7035002,wave_campaign_hard_015,Campaign,None,90,0,5,True,False,point_grd_swamplandjungle_001,point_fly_swamplandjungle_001,sbg_swamplandjungle_001,SwamplandJungle,Night,ibg_swamplandjungle_001,6,36,0,target_list,-974897155.0,path_grd_mid_small_073,-1,path_fly_mid_elite1_802,-1,path_fly_mid_small_050,8,path_fly_mid_small_050,0,path_grd_mid_elite2_808,-1,path_grd_close_small_014,7,,-1,,-1,,-1,,-1,-2074937155,Drop,-2074937155,Drop,-2074937155,Drop,-1074877155,Drop,-1084947155,Dash,1110010141,Dash,1210040141,Drop,1310030241,Drop,-1084947155,Dash,-1084947155,Dash,-1084947155,Dash,1210040141,Dash,-1084947155,Drop,-1084947155,Drop,-1084947155,Drop,1310010241,Drop,-2074937155,Drop,2120010141,Drop,-1074877155,Drop,-974897155,Drop,-1074877155,Drop,-2074937155,Drop,-2074937155,Drop,-2074937155,Drop,0,None,0,None,0,None,0,None,0,None,0,None,0,None,0,None,0,None,0,None,0,None,0,None,0,None,0,None,0,None,0,None
7035003,wave_campaign_hard_015,Campaign,None,90,0,7,True,False,point_grd_swamplandjungle_005,point_fly_swamplandjungle_005,sbg_swamplandjungle_005,SwamplandJungle,Night,ibg_swamplandjungle_001,0,42,6,target_list,-984927155.0,path_fly_mid_small_021,-1,path_fly_mid_small_050,-1,path_fly_mid_elite1_802,10,path_fly_mid_small_036,-1,path_fly_far_small_034,0,path_fly_mid_elite2_808,8,path_fly_mid_small_036,-1,,-1,,-1,,-1,-2084947155,Drop,-2084947155,Drop,-2084947155,Drop,-2084947155,Drop,-2084947155,Dash,-2084947155,Dash,1210010141,Dash,-984927055,Drop,-2084947155,Dash,-2084947155,Dash,1210010141,Drop,1310020241,Drop,-2084947155,Dash,-2084947155,Dash,-2084947155,Dash,-2084947155,Dash,-2084947155,Drop,-2084947155,Drop,-2084947155,Drop,-984927155,Drop,-2084947155,Dash,-2084947155,Dash,1310020241,Drop,1310020241,Drop,1210010141,Drop,1210010141,Drop,-2084947155,Dash,-2084947155,Dash,0,None,0,None,0,None,0,None,0,None,0,None,0,None,0,None,0,None,0,None,0,None,0,None
7035004,wave_campaign_hard_015,Defense,None,90,20,7,True,True,point_grd_swamplandjungle_004_rightclear,point_fly_swamplandjungle_004_rightclear,sbg_swamplandjungle_004_rightclear,SwamplandJungle,Night,ibg_swamplandjungle_defense_001,0,51,27,,,path_grd_far_small_044,-1,path_grd_mid_special_025,8,path_grd_far_small_038,10,path_grd_mid_elite1_802,2,path_grd_far_small_053,12,path_fly_mid_special_047,10,path_grd_mid_small_075,10,path_grd_far_elite1_803,-1,path_grd_mid_small_037,15,,-1,-1074917155,Dash,-1074897155,Dash,-1074917155,Dash,-1074897155,Dash,-1174957155,Drop,-1174957155,Drop,-1074917155,Dash,-2074927155,Dash,-1074917155,Dash,-1074897155,Drop,-1074917155,Dash,-1074897155,Drop,-1074917155,Dash,-1074917155,Dash,-1074897155,Drop,1320030241,Drop,-1074897155,Drop,-1074917155,Dash,-1074897155,Drop,-1074917155,Dash,2110010141,Jump,2110010141,Jump,-1084947155,Normal,-1084947155,Normal,-1074917155,Jump,-1074897155,Jump,-1074917155,Jump,-1074897155,Jump,-1074917155,Drop,-1074917155,Drop,-2074927155,Jump,-974947055,Drop,-1074897155,Drop,-1074897155,Drop,-2074927155,Drop,-1974957055,Normal,0,None,0,None,0,None,0,None
7035005,wave_campaign_hard_015,Defense,None,90,20,8,True,True,point_grd_swamplandjungle_004_rightclear,point_fly_swamplandjungle_004_rightclear,sbg_swamplandjungle_004_rightclear,SwamplandJungle,Night,ibg_swamplandjungle_defense_001,12,54,0,,,path_fly_mid_elite1_802,-1,path_grd_close_small_060,8,path_grd_mid_small_043,-1,path_fly_mid_elite1_802,4,path_grd_mid_small_058,10,path_grd_close_small_060,8,path_grd_mid_small_076,-1,path_fly_mid_elite1_802,-1,path_grd_mid_elite1_802,10,,-1,1210030141,Dash,1210030141,Dash,1210030141,Dash,-984927055,Dash,-1074917155,Jump,1220050141,Jump,-1074917155,Jump,1220050141,Jump,-1074917155,Dash,-1074917155,Dash,-1074917155,Dash,-1074917155,Dash,1210030141,Dash,1210030141,Dash,-1084927155,Dash,-984927055,Dash,-1074917155,Dash,-1074917155,Dash,-1074917155,Dash,-974957055,Dash,-1074917155,Jump,1220050141,Jump,-1074917155,Jump,1220050141,Jump,-1074917155,Dash,-1074917155,Dash,-2074927155,Normal,-2074927155,Normal,1210030141,Dash,1210030141,Dash,-1084927155,Dash,-984927055,Dash,-1074917155,Dash,-1074917155,Dash,1220050141,Dash,-974957055,Dash,0,None,0,None,0,None,0,None
7035006,wave_campaign_hard_015,BaseDefense,None,60,normal,6,True,True,point_grd_swamplandjungle_002_midclear,point_fly_swamplandjungle_002,sbg_swamplandjungle_002_midclear,SwamplandJungle,Night,ibg_swamplandjungle_basedefense_001,6,48,0,,,path_grd_mid_small_043,-1,path_grd_mid_small_055,-1,path_grd_mid_small_012,-1,path_grd_mid_elite1_802,3,path_grd_close_small_045,10,path_grd_mid_small_005,8,path_grd_mid_small_075,-1,path_grd_mid_elite2_805,5,,-1,,-1,1220030141,Jump,1220030141,Jump,1220030141,Jump,1220030141,Jump,-1074937155,Dash,-1074937155,Dash,-1074937155,Dash,-1074877155,Drop,1220030141,Dash,-1074947155,Dash,1220030141,Dash,1220030141,Dash,1220030141,Dash,-1074937155,Dash,-1074947155,Drop,-974927055,Drop,1220030141,Jump,1220030141,Jump,1220030141,Jump,-1074877155,Jump,-1074937155,Dash,-1074947155,Dash,-1074937155,Dash,-1074947155,Dash,1220030141,Drop,1220030141,Drop,-1074877155,Drop,1220030141,Drop,1220030141,Dash,-1074937155,Dash,-974927055,Drop,-974927055,Drop,0,None,0,None,0,None,0,None,0,None,0,None,0,None,0,None
7035007,wave_campaign_hard_015,BaseDefense,None,60,normal,7,True,True,point_grd_swamplandjungle_002_midclear,point_fly_swamplandjungle_002,sbg_swamplandjungle_002_midclear,SwamplandJungle,Night,ibg_swamplandjungle_basedefense_001,6,51,0,,,path_grd_mid_small_055,-1,path_grd_close_small_042,6,path_grd_mid_small_052,-1,path_grd_mid_elite1_802,2,path_fly_mid_elite2_805,10,path_grd_mid_small_043,5,path_grd_mid_small_075,7,path_grd_mid_elite1_802,-1,,-1,,-1,1220010141,Dash,1220010141,Dash,1220010141,Dash,1320020241,Dash,1220010141,Dash,1220050141,Dash,1220010141,Dash,1220050141,Dash,1220030141,Jump,1220030141,Jump,1220030141,Jump,1220050141,Jump,1220030141,Dash,1220030141,Dash,1220050141,Drop,-1974897055,Drop,-1084927155,Drop,1220010141,Drop,-2084937155,Drop,-1974897055,Drop,1220030141,Dash,1220050141,Dash,1220030141,Dash,1220050141,Dash,1220010141,Dash,1220050141,Dash,1220010141,Dash,1220050141,Dash,1220010141,Jump,1220010141,Jump,1220050141,Drop,1320020141,Drop,0,None,0,None,0,None,0,None,0,None,0,None,0,None,0,None
7035008,wave_campaign_hard_015,Campaign,None,90,0,5,True,False,point_grd_swamplandjungle_003,point_fly_swamplandjungle_003,sbg_swamplandjungle_003,SwamplandJungle,Night,ibg_swamplandjungle_001,0,44,1,target_list,-1984927155.0,path_fly_mid_small_018,-1,path_grd_mid_elite2_808,-1,path_grd_mid_small_070,-1,path_fly_mid_small_033,7,path_grd_mid_elite2_808,0,path_fly_mid_elite1_802,8,,-1,,-1,,-1,,-1,-1084947155,Jump,-1084947155,Jump,-1084947155,Jump,-1084947155,Jump,-1074917155,Drop,2120010141,Drop,-1074877155,Drop,-1974937055,Drop,-2074957155,Drop,-2074957155,Drop,-1074947155,Drop,-2074917155,Drop,-1084947155,Drop,1110010141,Drop,-1084947155,Drop,-1084927155,Drop,2120010141,Drop,-2074957155,Drop,-1074877155,Drop,-2074917155,Drop,-2084957155,Dash,1110010141,Dash,1210040141,Drop,-1984927155,Drop,0,None,0,None,0,None,0,None,0,None,0,None,0,None,0,None,0,None,0,None,0,None,0,None,0,None,0,None,0,None,0,None
7035009,wave_campaign_hard_015,Campaign,None,90,0,5,True,False,point_grd_swamplandjungle_002,point_fly_swamplandjungle_002,sbg_swamplandjungle_002,SwamplandJungle,Night,ibg_swamplandjungle_001,0,42,0,target_list,-1984947155.0,path_grd_mid_small_002,-1,path_fly_mid_elite1_802,-1,path_fly_mid_small_039,7,path_fly_mid_small_039,0,path_fly_mid_elite1_802,8,path_grd_mid_small_043,8,,-1,,-1,,-1,,-1,1220060141,Dash,1220060141,Dash,1220060141,Dash,1220060141,Dash,-2084947155,Dash,-2084947155,Dash,-2084927155,Drop,-1984947055,Drop,-2084947155,Drop,-2084947155,Drop,-2084947155,Drop,-2084947155,Drop,-2084947155,Drop,-2084947155,Drop,-2084927155,Drop,-2084927155,Drop,-2084947155,Dash,-2084947155,Dash,-2084927155,Drop,-1984947155,Drop,1220060141,Dash,1220060141,Dash,1220060141,Dash,1220060141,Dash,0,None,0,None,0,None,0,None,0,None,0,None,0,None,0,None,0,None,0,None,0,None,0,None,0,None,0,None,0,None,0,None
7035010,wave_campaign_hard_015,Campaign,None,90,0,7,True,False,point_grd_swamplandjungle_001,point_fly_swamplandjungle_001,sbg_swamplandjungle_001,SwamplandJungle,Night,ibg_swamplandjungle_001,6,42,0,target_list,1320060141.0,path_grd_mid_small_005,-1,path_grd_mid_small_068,5,path_grd_mid_elite1_802,10,path_grd_mid_small_043,-1,path_grd_mid_elite2_805,0,path_grd_mid_small_043,-1,path_grd_close_small_067,6,,-1,,-1,,-1,1220010141,Dash,1220010141,Dash,1220010141,Dash,1220010141,Dash,1220010141,Drop,1220010141,Drop,1220010141,Drop,-1974947055,Drop,1220010141,Drop,1220010141,Drop,1220010141,Drop,1320060241,Drop,1220010141,Drop,1220010141,Drop,1220010141,Drop,1220010141,Drop,1220010141,Dash,1220010141,Dash,-1974947055,Drop,1320060141,Drop,1220010141,Dash,1220010141,Dash,1220010141,Dash,1220010141,Dash,1220010141,Dash,1220010141,Dash,1220010141,Dash,-1974947055,Drop,0,None,0,None,0,None,0,None,0,None,0,None,0,None,0,None,0,None,0,None,0,None,0,None
7035011,wave_campaign_hard_015,Campaign,None,90,0,5,True,False,point_grd_swamplandjungle_004,point_fly_swamplandjungle_004,sbg_swamplandjungle_004,SwamplandJungle,Night,ibg_swamplandjungle_001,6,36,0,target_list,-1974947155.0,path_grd_mid_small_002,-1,path_grd_mid_elite1_802,5,path_grd_mid_small_049,10,path_grd_mid_elite2_805,0,path_grd_close_small_004,8,path_grd_mid_small_005,6,,-1,,-1,,-1,,-1,1220040141,Jump,1220040141,Jump,1220040141,Jump,1220040141,Jump,1220040141,Dash,1220040141,Dash,-1074907155,Drop,-1974897055,Drop,1220040141,Drop,-1074907155,Drop,-1074907155,Drop,-1074907155,Drop,1220040141,Drop,-1074907155,Drop,-1974897055,Drop,-1974947155,Drop,1220040141,Dash,-1074907155,Dash,1220040141,Dash,-1074907155,Dash,1220040141,Dash,-1074907155,Dash,1220040141,Dash,-1074907155,Dash,0,None,0,None,0,None,0,None,0,None,0,None,0,None,0,None,0,None,0,None,0,None,0,None,0,None,0,None,0,None,0,None
7035012,wave_campaign_hard_015,Campaign,None,90,0,5,True,False,point_grd_swamplandjungle_005,point_fly_swamplandjungle_005,sbg_swamplandjungle_005,SwamplandJungle,Night,ibg_swamplandjungle_001,0,45,0,target_list,-974907155.0,path_grd_mid_small_002,-1,path_grd_mid_elite2_805,-1,path_grd_mid_small_012,8,path_grd_mid_elite2_805,0,path_grd_mid_special_025,7,,-1,,-1,,-1,,-1,,-1,-2074937155,Jump,-1074907155,Jump,-2074937155,Jump,-1074907155,Jump,-2074937155,Drop,-1074907155,Drop,-974907055,Drop,-974907055,Drop,-2074937155,Drop,-2074937155,Drop,-1074907155,Drop,-1074907155,Drop,-2074937155,Drop,-1074907155,Drop,-974907055,Drop,-974907155,Drop,-2074937155,Drop,-1174957155,Drop,-1074907155,Drop,-1074907155,Drop,0,None,0,None,0,None,0,None,0,None,0,None,0,None,0,None,0,None,0,None,0,None,0,None,0,None,0,None,0,None,0,None,0,None,0,None,0,None,0,None
7035013,wave_campaign_hard_015,Campaign,None,90,0,7,True,False,point_grd_swamplandjungle_001,point_fly_swamplandjungle_001,sbg_swamplandjungle_001,SwamplandJungle,Night,ibg_swamplandjungle_001,0,48,0,target_list,-974897155.0,path_grd_mid_small_005,-1,path_grd_mid_small_068,5,path_fly_mid_elite2_805,10,path_grd_mid_small_043,-1,path_fly_mid_elite1_802,0,path_grd_mid_small_034,10,path_grd_mid_small_043,6,,-1,,-1,,-1,-2074937155,Dash,-2074937155,Dash,-2074937155,Dash,-2074937155,Dash,-1074877155,Drop,-1074877155,Drop,-2074927155,Drop,-1974947055,Drop,-2084927155,Drop,1210040141,Drop,-1984907055,Drop,-1984907055,Drop,-2074937155,Drop,-2074937155,Drop,-2074937155,Drop,-2074937155,Drop,-1084927155,Dash,-1084927155,Dash,-1084927155,Drop,-1984907055,Drop,-2074937155,Dash,-1974947055,Drop,-1074877155,Drop,-974897155,Drop,-2074937155,Dash,-1074877155,Dash,-2074927155,Dash,-1074877155,Dash,0,None,0,None,0,None,0,None,0,None,0,None,0,None,0,None,0,None,0,None,0,None,0,None
7035014,wave_campaign_hard_015,Campaign,None,90,0,5,True,False,point_grd_swamplandjungle_004,point_fly_swamplandjungle_004,sbg_swamplandjungle_004,SwamplandJungle,Night,ibg_swamplandjungle_001,0,42,0,target_list,-1974957155.0,path_grd_mid_small_002,-1,path_fly_mid_small_050,-1,path_grd_mid_elite1_802,8,path_grd_mid_elite2_808,0,path_fly_mid_small_050,10,path_grd_mid_small_043,7,,-1,,-1,,-1,,-1,-1074927155,Dash,-1074927155,Dash,-1074927155,Dash,-1074927155,Dash,-1084957155,Dash,-1084957155,Dash,-1084957155,Dash,-1084937155,Dash,-1074927155,Drop,-1074927155,Drop,-1074907155,Drop,-1974957055,Drop,-1074927155,Dash,-1074907155,Dash,1320030241,Drop,-1974957155,Drop,-1084957155,Dash,-1084957155,Dash,-1084957155,Dash,-1084937155,Dash,-1074927155,Drop,-1074907155,Drop,-1074927155,Drop,-1074907155,Drop,0,None,0,None,0,None,0,None,0,None,0,None,0,None,0,None,0,None,0,None,0,None,0,None,0,None,0,None,0,None,0,None
7035015,wave_campaign_hard_015,Campaign,None,90,0,7,True,False,point_grd_swamplandjungle_003,point_fly_swamplandjungle_003,sbg_swamplandjungle_003,SwamplandJungle,Night,ibg_swamplandjungle_001,0,42,0,target_list,-1984917155.0,path_grd_mid_small_034,-1,path_fly_mid_elite1_802,6,path_grd_mid_small_058,10,path_grd_mid_small_070,0,path_fly_mid_elite1_802,-1,path_grd_mid_small_055,8,,-1,,-1,,-1,,-1,-1074877155,Drop,-1074937155,Drop,-1074937155,Drop,-1074937155,Drop,-1084947155,Dash,-1084947155,Dash,1210040141,Dash,1310040241,Drop,-1074937155,Drop,-1074937155,Drop,-1074937155,Drop,-1074877155,Drop,-1074937155,Dash,-1074937155,Dash,-1074937155,Dash,-1074877155,Dash,-1084947155,Dash,-1084947155,Dash,1210040141,Dash,-1984917155,Drop,-1074937155,Drop,-1074937155,Drop,-1074937155,Drop,-1074877155,Drop,0,None,0,None,0,None,0,None,0,None,0,None,0,None,0,None,0,None,0,None,0,None,0,None,0,None,0,None,0,None,0,None
7035016,wave_campaign_hard_015,Campaign,None,90,0,7,True,False,point_grd_swamplandjungle_005,point_fly_swamplandjungle_005,sbg_swamplandjungle_005,SwamplandJungle,Night,ibg_swamplandjungle_001,0,48,0,target_list,1320060141.0,path_grd_mid_small_070,-1,path_grd_mid_small_058,5,path_grd_mid_elite1_802,-1,path_grd_mid_small_043,-1,path_grd_mid_elite2_805,0,path_grd_mid_small_070,10,path_grd_mid_small_008,-1,,-1,,-1,,-1,-1074917155,Dash,-1074917155,Dash,-1074917155,Dash,-2074927155,Dash,-1074917155,Dash,-1074917155,Dash,-1074917155,Dash,1320060241,Dash,-1074917155,Dash,-1074917155,Dash,-2074927155,Drop,1320060241,Drop,-1074917155,Dash,-1074917155,Dash,-1074917155,Dash,-1074917155,Dash,-1074917155,Dash,-1074917155,Dash,1320060241,Drop,1320060141,Drop,-1074917155,Drop,-1074917155,Drop,-1074917155,Drop,-2074927155,Drop,-2074927155,Drop,-1074917155,Drop,-1074917155,Drop,-2074927155,Drop,0,None,0,None,0,None,0,None,0,None,0,None,0,None,0,None,0,None,0,None,0,None,0,None
7035017,wave_campaign_hard_015,Campaign,None,90,0,5,True,False,point_grd_swamplandjungle_002,point_fly_swamplandjungle_002,sbg_swamplandjungle_002,SwamplandJungle,Night,ibg_swamplandjungle_001,0,42,0,target_list,1310010141.0,path_grd_mid_small_055,-1,path_fly_mid_elite1_802,-1,path_grd_mid_small_043,8,path_fly_mid_elite1_802,0,path_grd_mid_small_034,10,path_grd_mid_small_046,8,,-1,,-1,,-1,,-1,-1074937155,Drop,-1074937155,Drop,-1074937155,Drop,-1074937155,Drop,1210030141,Dash,1210030141,Dash,1210030141,Dash,1310010241,Dash,-1074937155,Drop,-1074937155,Drop,-1074937155,Drop,-1074887155,Drop,1210030141,Dash,1210030141,Dash,1210030141,Dash,1310010141,Dash,-1074887155,Drop,-1074937155,Drop,-1074937155,Drop,-1074937155,Drop,-1074937155,Drop,-1074937155,Drop,-1074937155,Drop,-1074887155,Drop,0,None,0,None,0,None,0,None,0,None,0,None,0,None,0,None,0,None,0,None,0,None,0,None,0,None,0,None,0,None,0,None
7035018,wave_campaign_hard_015,Campaign,None,90,0,7,True,False,point_grd_swamplandjungle_003,point_fly_swamplandjungle_003,sbg_swamplandjungle_003,SwamplandJungle,Night,ibg_swamplandjungle_001,0,33,9,target_list,-984927155.0,path_grd_mid_small_049,-1,path_fly_mid_elite1_802,-1,path_grd_mid_small_046,10,path_grd_mid_small_034,0,path_fly_far_elite1_803,7,path_grd_mid_small_008,-1,,-1,,-1,,-1,,-1,1220020141,Dash,1220020141,Dash,1220020141,Dash,1220020141,Dash,1210020141,Drop,1210020141,Drop,-1084937155,Drop,-984927055,Drop,1220020141,Drop,1220020141,Drop,1220020141,Drop,1220020141,Drop,1220020141,Jump,1220020141,Jump,1220020141,Jump,1320030241,Drop,1210020141,Drop,1210020141,Drop,1210010141,Drop,-984927155,Drop,1220020141,Dash,1220020141,Dash,1220020141,Dash,1220020141,Dash,0,None,0,None,0,None,0,None,0,None,0,None,0,None,0,None,0,None,0,None,0,None,0,None,0,None,0,None,0,None,0,None
7035019,wave_campaign_hard_015,Campaign,None,90,0,7,True,False,point_grd_swamplandjungle_004,point_fly_swamplandjungle_004,sbg_swamplandjungle_004,SwamplandJungle,Night,ibg_swamplandjungle_001,18,42,0,target_list,-974887155.0,path_fly_mid_small_030,-1,path_grd_mid_elite1_802,5,path_grd_mid_small_070,10,path_fly_close_small_026,-1,path_grd_mid_small_052,0,path_fly_mid_elite1_802,-1,path_fly_close_small_004,8,path_fly_close_small_026,-1,path_grd_mid_small_008,-1,,-1,-2084947155,Drop,1210040141,Drop,-2084947155,Drop,1210040141,Drop,-2074957155,Dash,-1074877155,Dash,-1974917055,Drop,-974887055,Drop,-1074957155,Drop,-1074887155,Drop,-1074957155,Drop,-1074887155,Drop,-1084927155,Drop,-1084927155,Drop,-1084927155,Drop,-1084927155,Drop,-1074877155,Dash,-1074877155,Dash,-2074927155,Dash,-1074887155,Dash,-1074907155,Dash,-2074937155,Dash,1320030241,Drop,-974887155,Drop,-1084947155,Dash,-1084947155,Dash,-1084947155,Dash,-1084947155,Dash,-1084927155,Dash,-1084927155,Dash,-1084927155,Dash,-1084927155,Dash,-1074877155,Drop,-1074887155,Drop,-1074877155,Drop,-1074887155,Drop,0,None,0,None,0,None,0,None
7035020,wave_campaign_hard_015,Campaign,None,90,0,7,True,False,point_grd_swamplandjungle_005,point_fly_swamplandjungle_005,sbg_swamplandjungle_005,SwamplandJungle,Night,ibg_swamplandjungle_001,0,45,0,target_list,-1974907155.0,path_grd_mid_small_008,-1,path_grd_mid_elite1_802,6,path_grd_mid_small_058,10,path_grd_mid_elite1_802,0,path_fly_mid_elite1_802,8,path_grd_mid_small_049,8,,-1,,-1,,-1,,-1,-1074937155,Drop,-1074937155,Drop,-1074937155,Drop,-1074937155,Drop,-1074937155,Dash,-1074937155,Dash,-1074907155,Dash,-1974907055,Drop,-1074907155,Drop,-1074947155,Drop,-1074907155,Drop,-1074947155,Drop,-1074937155,Dash,-1074937155,Dash,-1074907155,Dash,-1974907155,Drop,-1084947155,Dash,-1084947155,Dash,-1084947155,Dash,-1984917055,Drop,-1074937155,Drop,-1074907155,Drop,-1074907155,Drop,-1074907155,Drop,0,None,0,None,0,None,0,None,0,None,0,None,0,None,0,None,0,None,0,None,0,None,0,None,0,None,0,None,0,None,0,None
7035021,wave_campaign_hard_015,Campaign,None,90,0,7,True,False,point_grd_swamplandjungle_001,point_fly_swamplandjungle_001,sbg_swamplandjungle_001,SwamplandJungle,Night,ibg_swamplandjungle_001,0,42,0,target_list,-1984927155.0,path_grd_mid_small_002,-1,path_fly_mid_elite1_802,6,path_fly_mid_small_005,8,path_fly_mid_elite2_805,0,path_grd_mid_small_043,10,path_fly_mid_small_024,-1,,-1,,-1,,-1,,-1,-1074957155,Jump,-1074957155,Jump,-1074957155,Jump,-1074957155,Jump,-1084957155,Dash,-1084957155,Dash,1210040141,Drop,-1984927055,Drop,-1084957155,Dash,-1084957155,Dash,-1084957155,Dash,-1084957155,Dash,-1084957155,Dash,-1084957155,Dash,-1984907055,Drop,-1984927155,Drop,-1074957155,Jump,-1074957155,Jump,-1074957155,Jump,-1074957155,Jump,-1084957155,Dash,-1084957155,Dash,-1084957155,Dash,-1084957155,Dash,0,None,0,None,0,None,0,None,0,None,0,None,0,None,0,None,0,None,0,None,0,None,0,None,0,None,0,None,0,None,0,None
7035022,wave_campaign_hard_015,Campaign,None,90,0,7,True,False,point_grd_swamplandjungle_002,point_fly_swamplandjungle_002,sbg_swamplandjungle_002,SwamplandJungle,Night,ibg_swamplandjungle_001,0,57,0,target_list,-974947155.0,path_grd_mid_small_005,-1,path_grd_mid_elite2_808,-1,path_grd_mid_small_043,8,path_grd_mid_small_011,-1,path_grd_mid_elite2_808,0,path_grd_mid_small_043,10,path_grd_mid_elite1_802,-1,path_grd_mid_small_012,-1,,-1,,-1,-2074947155,Dash,-2074947155,Dash,-2074947155,Dash,-2074947155,Dash,-2074947155,Dash,-2074947155,Dash,-974917055,Drop,-974947055,Drop,-2074947155,Dash,-1074897155,Dash,-2074947155,Dash,-1074897155,Dash,-2074947155,Drop,-2074947155,Drop,-2074947155,Drop,-2074947155,Drop,-2074947155,Dash,-2074947155,Dash,-974917055,Drop,-974947155,Drop,-2074947155,Dash,-1074897155,Dash,-2074947155,Dash,-1074897155,Dash,-2074947155,Dash,-1074897155,Dash,-2074947155,Dash,-1974947055,Drop,-1074897155,Drop,-1074897155,Drop,-2074947155,Drop,-2074947155,Drop,0,None,0,None,0,None,0,None,0,None,0,None,0,None,0,None
7035023,wave_campaign_hard_015,Campaign,None,90,0,7,True,False,point_grd_swamplandjungle_003,point_fly_swamplandjungle_003,sbg_swamplandjungle_003,SwamplandJungle,Night,ibg_swamplandjungle_001,0,69,0,target_list,1310020141.0,path_grd_mid_small_002,-1,path_fly_mid_elite2_805,5,path_fly_mid_special_047,12,path_fly_mid_elite1_802,0,path_fly_mid_special_047,10,path_grd_mid_elite2_805,-1,path_fly_mid_small_002,8,,-1,,-1,,-1,-2074957155,Dash,-2074957155,Dash,-2074957155,Dash,-2074957155,Dash,1210030141,Dash,1110010141,Dash,1310020241,Drop,1310010241,Drop,1210030141,Dash,2110010141,Dash,1210050141,Drop,1210050141,Drop,1210030141,Dash,1210030141,Dash,1210050141,Drop,1310010241,Drop,1210030141,Dash,2110010141,Dash,1210050141,Dash,1310020141,Dash,-2074957155,Dash,2120010141,Dash,-2074957155,Dash,-2074957155,Dash,1210030141,Dash,1210030141,Dash,1210030141,Dash,1210030141,Dash,0,None,0,None,0,None,0,None,0,None,0,None,0,None,0,None,0,None,0,None,0,None,0,None
7035024,wave_campaign_hard_015,Campaign,None,90,0,7,True,False,point_grd_swamplandjungle_001,point_fly_swamplandjungle_001,sbg_swamplandjungle_001,SwamplandJungle,Night,ibg_swamplandjungle_001,0,38,4,target_list,-984947155.0,path_grd_mid_small_002,-1,path_fly_mid_elite2_808,5,path_grd_mid_small_043,10,path_fly_mid_elite3_811,0,path_grd_mid_small_052,10,path_fly_mid_small_002,-1,,-1,,-1,,-1,,-1,1220010141,Dash,1220010141,Dash,1220010141,Dash,1220010141,Dash,-2084947155,Dash,1210010141,Dash,-984947055,Drop,-984947055,Drop,1220010141,Dash,1220010141,Dash,1220010141,Dash,1220010141,Dash,-2084947155,Dash,-984947055,Drop,-984947055,Drop,-984947155,Drop,1220010141,Jump,1220010141,Jump,1220010141,Drop,1220010141,Drop,-2084947155,Dash,-2084947155,Dash,1210010141,Dash,1210010141,Dash,0,None,0,None,0,None,0,None,0,None,0,None,0,None,0,None,0,None,0,None,0,None,0,None,0,None,0,None,0,None,0,None
7035025,wave_campaign_hard_015,Campaign,None,90,0,7,True,False,point_grd_swamplandjungle_002,point_fly_swamplandjungle_002,sbg_swamplandjungle_002,SwamplandJungle,Night,ibg_swamplandjungle_001,0,33,27,target_list,1320010141.0,path_grd_mid_small_052,-1,path_fly_mid_elite2_805,5,path_grd_far_small_050,10,path_grd_mid_small_012,-1,path_fly_far_elite1_803,0,path_grd_far_small_056,-1,path_fly_mid_small_018,8,path_grd_mid_small_034,-1,path_grd_far_small_044,-1,,-1,1220040141,Drop,-1074877155,Drop,1220040141,Drop,-1074877155,Drop,-2084947155,Dash,1210030141,Dash,-1984957055,Drop,-984927055,Drop,-1074897155,Drop,-1074897155,Drop,-1074897155,Drop,-2074927155,Drop,-2074937155,Drop,-2074937155,Drop,-2074937155,Drop,-2074937155,Drop,-1084957155,Dash,-1084957155,Dash,1210040141,Dash,-984927055,Dash,-2074927155,Dash,-1074897155,Dash,1320030241,Drop,1320010141,Drop,1210030141,Dash,1210030141,Dash,1210030141,Dash,-984927055,Dash,-2074937155,Dash,-1074877155,Dash,-2074937155,Dash,-1074877155,Dash,-1074897155,Drop,-1074897155,Drop,-1074897155,Drop,-1074897155,Drop,0,None,0,None,0,None,0,None
7035026,wave_campaign_hard_015,Campaign,None,90,0,7,True,False,point_grd_swamplandjungle_004,point_fly_swamplandjungle_004,sbg_swamplandjungle_004,SwamplandJungle,Night,ibg_swamplandjungle_001,0,42,0,target_list,1310020141.0,path_fly_mid_small_018,-1,path_fly_mid_elite1_802,5,path_fly_mid_small_027,8,path_fly_mid_small_036,0,path_fly_mid_elite1_802,7,path_fly_mid_small_024,-1,,-1,,-1,,-1,,-1,-2084957155,Drop,-2084957155,Drop,-2084957155,Drop,-2084957155,Drop,-2084957155,Dash,-2084957155,Dash,-1084927155,Dash,1310020241,Dash,-1084917155,Dash,-2084957155,Dash,-2084957155,Dash,-2084957155,Dash,-2084957155,Drop,-1084927155,Drop,-1084917155,Drop,-2084957155,Drop,-2084957155,Dash,-2084957155,Dash,-1084927155,Drop,1310020141,Drop,-1084927155,Drop,-2084957155,Drop,-1084917155,Drop,-2084957155,Drop,0,None,0,None,0,None,0,None,0,None,0,None,0,None,0,None,0,None,0,None,0,None,0,None,0,None,0,None,0,None,0,None
7035027,wave_campaign_hard_015,Campaign,None,90,0,7,True,False,point_grd_swamplandjungle_005,point_fly_swamplandjungle_005,sbg_swamplandjungle_005,SwamplandJungle,Night,ibg_swamplandjungle_001,0,39,0,target_list,-1974957155.0,path_grd_mid_small_002,-1,path_grd_mid_small_012,5,path_grd_mid_small_034,10,path_grd_mid_elite2_805,0,path_fly_mid_small_008,8,path_grd_mid_small_037,-1,,-1,,-1,,-1,,-1,-1074927155,Jump,-1074927155,Jump,-1074927155,Jump,-1074927155,Jump,-1074927155,Dash,-2074957155,Dash,-1074927155,Dash,-1974957055,Dash,-974887055,Drop,-2074957155,Drop,-1074927155,Drop,-1074927155,Drop,-1074927155,Drop,-2074957155,Drop,-974887055,Drop,-1974957155,Drop,-1074927155,Jump,-1074927155,Jump,-2074957155,Jump,-2074957155,Jump,-1074927155,Jump,-2074957155,Jump,-1074927155,Jump,-2074957155,Jump,0,None,0,None,0,None,0,None,0,None,0,None,0,None,0,None,0,None,0,None,0,None,0,None,0,None,0,None,0,None,0,None
7035028,wave_campaign_hard_015,Campaign,None,90,0,7,True,False,point_grd_swamplandjungle_003,point_fly_swamplandjungle_003,sbg_swamplandjungle_003,SwamplandJungle,Night,ibg_swamplandjungle_001,0,45,9,target_list,-1984907155.0,path_fly_mid_small_018,-1,path_fly_mid_small_005,5,path_fly_mid_elite2_805,10,path_fly_mid_small_008,-1,path_fly_mid_elite2_808,0,path_fly_mid_small_027,10,path_fly_mid_small_036,6,path_fly_mid_small_021,8,,-1,,-1,-1084957155,Dash,-1084957155,Dash,-1084957155,Dash,-1084957155,Dash,-1084957155,Dash,-1084957155,Dash,-2084927155,Dash,-1084957155,Dash,1210030141,Dash,1210030141,Dash,-1984907055,Drop,-1984947055,Drop,-1084957155,Dash,-1084957155,Dash,-2084927155,Dash,-1084957155,Dash,1210030141,Dash,1210030141,Dash,-1984947055,Drop,-1984947055,Drop,-1984907155,Drop,-1084957155,Dash,-2084927155,Dash,-1084957155,Dash,-1084957155,Drop,-1084957155,Drop,-1084957155,Drop,-1084957155,Drop,-2084927155,Drop,1210030141,Drop,1210030141,Drop,-2084927155,Drop,0,None,0,None,0,None,0,None,0,None,0,None,0,None,0,None
7035029,wave_campaign_hard_015,Campaign,None,90,0,7,True,False,point_grd_swamplandjungle_004,point_fly_swamplandjungle_004,sbg_swamplandjungle_004,SwamplandJungle,Night,ibg_swamplandjungle_001,9,30,0,target_list,-1974947155.0,path_grd_mid_small_068,-1,path_grd_mid_small_008,-1,path_grd_mid_small_061,-1,path_grd_close_elite1_801,0,path_grd_mid_small_037,6,path_grd_mid_small_040,5,,-1,,-1,,-1,,-1,1220060141,Dash,1220060141,Dash,1220060141,Dash,-1974947055,Drop,1220050141,Drop,1220060141,Drop,1220060141,Drop,1220050141,Drop,1220060141,Drop,1220050141,Drop,1220060141,Drop,1220050141,Drop,1220060141,Drop,1220050141,Drop,1220060141,Drop,-1974947155,Drop,1220050141,Drop,1220060141,Drop,1220050141,Drop,1220060141,Drop,1220060141,Drop,1220060141,Drop,1220050141,Drop,1220050141,Drop,0,None,0,None,0,None,0,None,0,None,0,None,0,None,0,None,0,None,0,None,0,None,0,None,0,None,0,None,0,None,0,None
7035030,wave_campaign_hard_015,Campaign,None,90,0,7,True,False,point_grd_swamplandjungle_002,point_fly_swamplandjungle_002,sbg_swamplandjungle_002,SwamplandJungle,Night,ibg_swamplandjungle_001,9,42,12,target_list,1310030141.0,path_fly_mid_small_053,-1,path_grd_close_elite2_804,-1,path_grd_far_small_044,-1,path_fly_mid_small_039,10,path_fly_mid_special_047,0,path_fly_mid_elite1_802,10,path_grd_far_small_044,5,path_fly_mid_small_024,-1,,-1,,-1,-2084947155,Drop,1210050141,Drop,-2084947155,Drop,1210050141,Drop,-2074937155,Dash,-2074937155,Dash,-1974917055,Jump,-1974917055,Jump,-2074937155,Dash,-2074927155,Dash,-2074937155,Dash,-2074927155,Dash,-1084957155,Drop,-1084957155,Drop,1210050141,Drop,1210050141,Drop,-1084957155,Dash,-2084947155,Dash,1210050141,Drop,1310030141,Drop,1210020141,Dash,1210020141,Dash,1210050141,Drop,1310030241,Drop,-2074937155,Dash,-2074927155,Dash,-2074937155,Dash,-2074927155,Dash,-1084927155,Drop,1210050141,Drop,-1084927155,Drop,1210050141,Drop,0,None,0,None,0,None,0,None,0,None,0,None,0,None,0,None
7035031,wave_campaign_hard_015,Campaign,None,90,0,7,True,False,point_grd_swamplandjungle_005,point_fly_swamplandjungle_005,sbg_swamplandjungle_005,SwamplandJungle,Night,ibg_swamplandjungle_001,0,54,6,target_list,-1974937155.0,path_grd_mid_small_002,-1,path_fly_mid_elite2_808,5,path_grd_mid_small_058,10,path_grd_mid_small_073,-1,path_fly_mid_small_036,0,path_grd_mid_elite1_802,-1,path_fly_mid_small_005,8,path_grd_mid_small_075,10,path_grd_mid_small_043,-1,,-1,-2074937155,Drop,-1074877155,Drop,-2074937155,Drop,-1074877155,Drop,-1084947155,Dash,1210040141,Dash,-1984927055,Drop,-1984927055,Drop,-2074937155,Dash,-2074937155,Dash,-1074877155,Dash,-1974937055,Dash,-2074957155,Drop,-2074917155,Drop,-2074957155,Drop,-2074917155,Drop,-1084927155,Drop,1210020141,Dash,-1084927155,Drop,1210020141,Drop,-2074957155,Dash,-1074877155,Dash,1320030241,Drop,-1974937155,Drop,-1084957155,Dash,-1984927055,Jump,-1084957155,Dash,-1984927055,Jump,-1074947155,Drop,-1074877155,Drop,-2074927155,Dash,-1074877155,Dash,1220050141,Drop,-2074937155,Drop,1220050141,Drop,-2074937155,Drop,0,None,0,None,0,None,0,None
7035032,wave_campaign_hard_015,Campaign,None,90,0,7,True,False,point_grd_swamplandjungle_003,point_fly_swamplandjungle_003,sbg_swamplandjungle_003,SwamplandJungle,Night,ibg_swamplandjungle_001,15,54,0,target_list,1320030141.0,path_fly_mid_small_018,-1,path_grd_mid_elite2_805,5,path_fly_mid_special_016,10,path_grd_mid_elite2_808,0,path_fly_close_special_046,10,path_grd_mid_elite2_805,-1,path_fly_mid_small_002,8,,-1,,-1,,-1,1210030141,Dash,1210030141,Dash,1210030141,Dash,1210030141,Dash,-2074957155,Dash,2120010141,Dash,-974957055,Dash,1320030241,Drop,1210030141,Dash,2110010141,Dash,1210030141,Dash,-1084937155,Dash,-2074957155,Dash,-2074957155,Dash,-974957055,Drop,1320030141,Drop,1210030141,Dash,2110010141,Dash,1210030141,Dash,-1084937155,Dash,-2074957155,Dash,2120010141,Dash,-2074957155,Dash,-2074957155,Dash,1210030141,Dash,1210030141,Dash,1210030141,Dash,1210030141,Dash,0,None,0,None,0,None,0,None,0,None,0,None,0,None,0,None,0,None,0,None,0,None,0,None
7035033,wave_campaign_hard_015,Campaign,None,90,0,7,True,False,point_grd_swamplandjungle_005,point_fly_swamplandjungle_005,sbg_swamplandjungle_005,SwamplandJungle,Night,ibg_swamplandjungle_001,0,45,0,target_list,-1984957155.0,path_grd_mid_small_043,-1,path_fly_mid_small_033,-1,path_fly_mid_elite1_802,10,path_grd_mid_elite1_802,0,path_fly_mid_elite2_805,10,path_fly_mid_small_024,-1,,-1,,-1,,-1,,-1,-1074917155,Dash,-1074917155,Dash,-1074907155,Dash,-1074907155,Dash,-2084947155,Dash,-2084947155,Dash,-2084947155,Dash,-1984907055,Drop,-2084947155,Dash,-2084947155,Dash,-2084947155,Dash,-1984957055,Drop,-1074917155,Dash,-1074917155,Dash,-1074907155,Drop,-1974897055,Drop,-2084947155,Drop,-2084947155,Drop,-1984907055,Drop,-1984957155,Drop,-2084947155,Drop,-2084947155,Dash,1210010141,Dash,1210010141,Dash,0,None,0,None,0,None,0,None,0,None,0,None,0,None,0,None,0,None,0,None,0,None,0,None,0,None,0,None,0,None,0,None
7035034,wave_campaign_hard_015,Campaign,None,90,0,7,True,False,point_grd_swamplandjungle_001,point_fly_swamplandjungle_001,sbg_swamplandjungle_001,SwamplandJungle,Night,ibg_swamplandjungle_001,33,42,0,target_list,-974907155.0,path_grd_mid_small_002,-1,path_grd_close_elite2_804,-1,path_grd_close_small_042,10,path_fly_close_small_029,12,path_grd_mid_small_043,5,path_fly_mid_elite2_808,0,path_grd_mid_special_065,5,path_grd_close_small_042,6,path_grd_mid_small_043,4,path_grd_close_small_048,2,1220040141,Drop,-2074897155,Drop,1220040141,Dash,-2074897155,Dash,1220040141,Dash,1220040141,Dash,-974907055,Jump,-974907055,Jump,-2074897155,Dash,1220040141,Dash,-2074897155,Dash,1220040141,Dash,1210030141,Dash,1210030141,Dash,1210030141,Dash,1210030141,Dash,-2074897155,Dash,1220040141,Dash,-2074897155,Dash,1220040141,Dash,1210030141,Dash,-2084917155,Dash,-984947055,Dash,-984947055,Dash,1220040141,Jump,1120010141,Jump,-2074897155,Drop,-974907155,Drop,1220040141,Dash,1220040141,Dash,-2074897155,Dash,-2074897155,Dash,-2074897155,Dash,-2074897155,Dash,1220040141,Dash,1220040141,Dash,-2074897155,Drop,1220040141,Drop,1220040141,Drop,1220040141,Drop
7035035,wave_campaign_hard_015,Defense,None,90,20,8,True,True,point_grd_swamplandjungle_004_rightclear,point_fly_swamplandjungle_004_rightclear,sbg_swamplandjungle_004_rightclear,SwamplandJungle,Night,ibg_swamplandjungle_defense_001,0,57,0,,,path_fly_mid_elite1_802,-1,path_fly_mid_small_005,10,path_grd_mid_small_043,-1,path_fly_mid_elite2_805,4,path_fly_mid_small_050,10,path_grd_mid_small_075,8,path_fly_mid_small_039,5,path_fly_mid_elite1_802,10,,-1,,-1,-2084947155,Dash,-2084947155,Dash,-2084947155,Dash,-1984907055,Dash,1210020141,Normal,1210020141,Normal,1210020141,Dash,1210020141,Normal,-1074917155,Dash,-1074917155,Dash,-1074917155,Dash,-1074917155,Dash,-2084947155,Dash,-2084947155,Dash,-1984907155,Dash,1310020241,Dash,-2084947155,Dash,-1984937155,Drop,-2084947155,Dash,1210040141,Dash,1220060141,Normal,1220060141,Normal,1220060141,Normal,-2074917155,Normal,1210020141,Normal,1210020141,Dash,1210020141,Normal,1310020241,Dash,-2084947155,Dash,-2084947155,Dash,1210020141,Dash,-1984907055,Dash,0,None,0,None,0,None,0,None,0,None,0,None,0,None,0,None
7035036,wave_campaign_hard_015,Defense,None,90,20,8,True,True,point_grd_swamplandjungle_004_rightclear,point_fly_swamplandjungle_004_rightclear,sbg_swamplandjungle_004_rightclear,SwamplandJungle,Night,ibg_swamplandjungle_defense_001,12,60,0,,,path_grd_mid_elite1_802,-1,path_grd_close_small_067,12,path_grd_mid_special_025,10,path_fly_close_small_004,-1,path_grd_mid_elite2_805,3,path_fly_mid_small_030,12,path_fly_mid_small_005,-1,path_grd_mid_small_076,10,path_grd_mid_elite2_805,-1,,-1,1220060141,Normal,1220060141,Normal,-2074927155,Drop,1320060241,Drop,-1074917155,Dash,-1074917155,Dash,-1074947155,Normal,-1074947155,Normal,2120010141,Jump,2120010141,Jump,1220060141,Dash,-2074927155,Dash,-2084947155,Drop,-2084947155,Drop,-2084947155,Drop,-2084947155,Drop,-1074917155,Drop,-1074917155,Drop,1320060241,Drop,1320060141,Normal,-2084947155,Drop,-2084947155,Drop,-2084947155,Drop,-1984937055,Dash,-2084947155,Dash,-2084947155,Dash,-2084947155,Dash,-2084947155,Dash,-1074917155,Jump,-1074917155,Jump,-2074927155,Jump,-2074927155,Jump,1220060141,Normal,1220060141,Normal,1320060241,Jump,1320060241,Dash,0,None,0,None,0,None,0,None
7035037,wave_campaign_hard_015,BaseDefense,None,60,normal,7,True,True,point_grd_swamplandjungle_002_midclear,point_fly_swamplandjungle_002,sbg_swamplandjungle_002_midclear,SwamplandJungle,Night,ibg_swamplandjungle_basedefense_001,15,48,0,,,path_grd_close_special_024,-1,path_grd_mid_small_061,10,path_grd_mid_small_049,5,path_grd_mid_elite2_808,2,path_fly_mid_small_039,10,path_grd_mid_small_012,6,path_grd_mid_small_076,7,path_grd_mid_elite1_802,-1,,-1,,-1,-1174957155,Jump,-1174957155,Jump,-2074947155,Drop,-1974917055,Drop,1220060141,Dash,-2074927155,Dash,1220060141,Dash,-2074927155,Dash,1220060141,Dash,1220060141,Dash,1220060141,Dash,-2074927155,Drop,-2074947155,Jump,-2074947155,Jump,1320030241,Drop,1320040241,Drop,-2084957155,Dash,-2074927155,Drop,-2074927155,Drop,-2084937155,Drop,1220060141,Dash,1220060141,Dash,1220060141,Dash,-2074927155,Dash,-2074947155,Dash,-2074947155,Dash,-2074947155,Dash,-2074927155,Dash,1220060141,Dash,1220060141,Dash,-2074927155,Drop,1320040141,Drop,0,None,0,None,0,None,0,None,0,None,0,None,0,None,0,None
7035038,wave_campaign_hard_015,BaseDefense,None,60,normal,7,True,True,point_grd_swamplandjungle_002_midclear,point_fly_swamplandjungle_002,sbg_swamplandjungle_002_midclear,SwamplandJungle,Night,ibg_swamplandjungle_basedefense_001,6,27,27,,,path_grd_far_elite1_803,-1,path_grd_mid_elite1_802,3,path_grd_close_small_069,5,path_grd_far_elite2_806,2,path_grd_mid_small_011,-1,path_grd_mid_small_070,5,path_grd_mid_small_075,6,path_grd_far_elite1_803,-1,,-1,,-1,1220060141,Drop,1220030141,Drop,-2074927155,Drop,-974947055,Drop,1220030141,Drop,1220030141,Drop,-1074877155,Drop,-974947055,Drop,1220050141,Drop,1220050141,Drop,1220050141,Drop,-2074927155,Dash,1220060141,Dash,-1074897155,Dash,-974947055,Drop,-974947055,Drop,1220030141,Drop,1220030141,Drop,-1074877155,Drop,-1074877155,Drop,1220030141,Dash,-1074877155,Dash,1220030141,Dash,-2074927155,Normal,1220050141,Jump,-2074927155,Jump,1220050141,Jump,-2074927155,Jump,-1074897155,Drop,1220030141,Drop,-1074877155,Drop,-974947155,Drop,0,None,0,None,0,None,0,None,0,None,0,None,0,None,0,None
7035039,wave_campaign_hard_015,Campaign,None,90,0,7,True,False,point_grd_swamplandjungle_001,point_fly_swamplandjungle_001,sbg_swamplandjungle_001,SwamplandJungle,Night,ibg_swamplandjungle_001,0,48,0,target_list,-974897155.0,path_grd_mid_small_005,-1,path_grd_mid_small_068,5,path_fly_mid_elite2_805,10,path_grd_mid_small_043,-1,path_fly_mid_elite1_802,0,path_grd_mid_small_034,10,path_grd_mid_small_043,6,,-1,,-1,,-1,-2074937155,Dash,-2074937155,Dash,-2074937155,Dash,-2074937155,Dash,-1074877155,Drop,-1074877155,Drop,-2074927155,Drop,-1974947055,Drop,-2084927155,Drop,1210040141,Drop,-1984907055,Drop,-1984907055,Drop,-2074937155,Drop,-2074937155,Drop,-2074937155,Drop,-2074937155,Drop,-1084927155,Dash,-1084927155,Dash,-1084927155,Drop,-1984907055,Drop,-2074937155,Dash,-1974947055,Drop,-1074877155,Drop,-974897155,Drop,-2074937155,Dash,-1074877155,Dash,-2074927155,Dash,-1074877155,Dash,0,None,0,None,0,None,0,None,0,None,0,None,0,None,0,None,0,None,0,None,0,None,0,None
7035040,wave_campaign_hard_015,Campaign,None,90,0,7,True,False,point_grd_swamplandjungle_002,point_fly_swamplandjungle_002,sbg_swamplandjungle_002,SwamplandJungle,Night,ibg_swamplandjungle_001,0,36,6,target_list,-1984927155.0,path_grd_mid_small_002,-1,path_fly_mid_elite2_808,5,path_grd_mid_small_043,10,path_fly_mid_elite2_808,0,path_grd_mid_small_037,10,path_grd_mid_small_040,-1,,-1,,-1,,-1,,-1,-2074937155,Dash,-2074937155,Dash,-2074937155,Dash,-2074937155,Dash,-1084947155,Dash,-1084947155,Dash,1310030241,Drop,-1984927055,Drop,-2074937155,Dash,-2074937155,Dash,-2074937155,Dash,-2074937155,Dash,-1084947155,Dash,-1084947155,Dash,-1984927055,Drop,-1984927155,Drop,-2074937155,Dash,-2074937155,Dash,-2074937155,Dash,-2074937155,Dash,-2074937155,Dash,-2074937155,Dash,-2074937155,Dash,-2074937155,Dash,0,None,0,None,0,None,0,None,0,None,0,None,0,None,0,None,0,None,0,None,0,None,0,None,0,None,0,None,0,None,0,None
7035041,wave_campaign_hard_015,Campaign,None,90,0,7,True,False,point_grd_swamplandjungle_004,point_fly_swamplandjungle_004,sbg_swamplandjungle_004,SwamplandJungle,Night,ibg_swamplandjungle_001,0,66,0,target_list,-1984917155.0,path_fly_mid_small_018,-1,path_grd_mid_elite2_805,5,path_fly_mid_small_002,10,path_grd_mid_small_043,-1,path_grd_mid_small_068,0,path_fly_mid_elite2_808,-1,path_grd_mid_small_076,8,path_fly_mid_small_039,-1,path_grd_mid_small_012,-1,path_fly_mid_small_024,8,1210020141,Drop,-2084927155,Drop,1210020141,Drop,-2084927155,Drop,-2074937155,Dash,-1074877155,Dash,-1974947055,Drop,1320030241,Drop,-2084927155,Drop,1210040141,Drop,-2084927155,Drop,1210040141,Drop,-1074917155,Drop,-1074877155,Drop,-1074917155,Drop,-1074877155,Drop,-1074877155,Dash,-1074877155,Dash,-2074927155,Dash,-1974947055,Dash,1210030141,Dash,-2084927155,Dash,-1984907055,Drop,-1984917155,Drop,-2074937155,Dash,-2074937155,Dash,-1074877155,Dash,-2074927155,Dash,-1084927155,Dash,-2084927155,Dash,-1084927155,Dash,-2084927155,Dash,-1074877155,Drop,-1074877155,Drop,-2074957155,Drop,-1974947055,Drop,-2084927155,Dash,-2084927155,Dash,1210040141,Dash,-2084927155,Dash
7035042,wave_campaign_hard_015,Campaign,None,90,0,7,True,False,point_grd_swamplandjungle_005,point_fly_swamplandjungle_005,sbg_swamplandjungle_005,SwamplandJungle,Night,ibg_swamplandjungle_001,0,42,12,target_list,-974937155.0,path_fly_far_small_022,-1,path_fly_mid_small_033,-1,path_fly_mid_elite2_808,10,path_fly_mid_small_036,-1,path_grd_mid_elite3_811,0,path_grd_far_small_038,8,path_grd_mid_small_043,8,path_grd_mid_small_040,-1,,-1,,-1,1210030141,Dash,-2084947155,Dash,-2084947155,Dash,1210030141,Dash,-2084947155,Dash,1210030141,Dash,-2084947155,Dash,-1984907055,Drop,-2084947155,Dash,1210030141,Dash,-984937055,Drop,-984937055,Drop,1210030141,Drop,1210030141,Drop,-2084947155,Drop,-2084947155,Drop,-2074937155,Dash,-1974947055,Drop,-974937055,Drop,-974937155,Drop,-1074907155,Dash,-1074897155,Dash,-1074907155,Dash,-1074897155,Dash,-1074897155,Dash,-2074937155,Dash,-1074897155,Dash,-2074937155,Dash,-1074907155,Dash,-1074907155,Dash,-2074937155,Dash,-2074937155,Dash,0,None,0,None,0,None,0,None,0,None,0,None,0,None,0,None
7035043,wave_campaign_hard_015,Campaign,None,90,0,7,True,False,point_grd_swamplandjungle_003,point_fly_swamplandjungle_003,sbg_swamplandjungle_003,SwamplandJungle,Night,ibg_swamplandjungle_001,21,42,0,target_list,-1984907155.0,path_fly_mid_small_042,-1,path_grd_mid_small_049,4,path_fly_mid_small_027,10,path_grd_close_elite2_804,-1,path_grd_mid_elite1_802,0,path_fly_mid_elite1_802,-1,path_grd_close_small_014,8,path_fly_mid_small_027,10,path_fly_close_small_038,-1,,-1,1210020141,Dash,1210020141,Dash,-1084937155,Dash,1210020141,Dash,1220050141,Drop,1220050141,Drop,1220050141,Drop,1220050141,Drop,1210050141,Jump,-1084937155,Jump,1210050141,Jump,-1984907055,Drop,-1074917155,Jump,-1074917155,Jump,-1074927155,Drop,1220050141,Drop,-1074917155,Dash,-1074917155,Dash,1220050141,Drop,-1974947055,Drop,1210050141,Drop,-1084927155,Drop,-1084937155,Drop,-1984907155,Drop,1220050141,Drop,-1074917155,Drop,1220050141,Drop,-1974947055,Drop,1210020141,Dash,1210050141,Drop,1210020141,Dash,1210050141,Drop,-1084927155,Drop,-1084937155,Dash,-1084927155,Drop,-1084937155,Dash,0,None,0,None,0,None,0,None
7035044,wave_campaign_hard_015,Campaign,None,180,0,6,False,False,point_grd_swamplandjungle_002_midclear,point_fly_swamplandjungle_002,sbg_swamplandjungle_002_midclear,SwamplandJungle,Night,ibg_swamplandjungle_001,0,0,1,target_list,1410030111.0,path_fly_far_centurion_903,-1,,-1,,-1,,-1,,-1,,-1,,-1,,-1,,-1,,-1,1410030111,Normal,0,None,0,None,0,None,0,None,0,None,0,None,0,None,0,None,0,None,0,None,0,None,0,None,0,None,0,None,0,None,0,None,0,None,0,None,0,None,0,None,0,None,0,None,0,None,0,None,0,None,0,None,0,None,0,None,0,None,0,None,0,None,0,None,0,None,0,None,0,None,0,None,0,None,0,None,0,None
7035045,wave_campaign_hard_015,Campaign,None,90,0,7,True,False,point_grd_swamplandjungle_005,point_fly_swamplandjungle_005,sbg_swamplandjungle_005,SwamplandJungle,Night,ibg_swamplandjungle_001,6,12,3,target_list,-1984917185.0,path_fly_far_special_55,-1,path_fly_far_special_56,-1,path_fly_mid_small_039,1,path_fly_close_small_001,0,path_fly_far_special_59,-1,path_fly_mid_small_024,4,,-1,,-1,,-1,,-1,-1984917085,Dash,0,None,0,None,0,None,-1984917085,Dash,0,None,0,None,0,None,-1984917085,Drop,-1984917085,Drop,-1984917085,Drop,-1984917085,Drop,-1984917085,Dash,-1984917085,Dash,-1984917085,Dash,-1984917085,Dash,-1984917185,Drop,0,None,0,None,0,None,-1984917085,Dash,-1984917085,Dash,-1984917085,Dash,-1984917085,Dash,0,None,0,None,0,None,0,None,0,None,0,None,0,None,0,None,0,None,0,None,0,None,0,None,0,None,0,None,0,None,0,None
7035046,wave_campaign_hard_015,Campaign,None,180,0,5,False,False,point_grd_swamplandjungle_002_midclear,point_fly_swamplandjungle_002,sbg_swamplandjungle_002_midclear,SwamplandJungle,Night,ibg_swamplandjungle_001,7,42,0,target_list,-1884937185.0,path_fly_mid_centurion_901,-1,path_grd_mid_small_002,-1,path_grd_mid_small_034,-1,path_fly_mid_elite1_802,3,path_grd_close_small_004,-1,path_fly_mid_small_042,-1,path_grd_mid_elite1_802,3,path_fly_mid_small_042,-1,,-1,,-1,-1884937185,Normal,0,None,0,None,0,None,-1074917185,Drop,-1074917185,Drop,1220010111,Drop,1220010111,Drop,2120010111,Jump,2120010111,Jump,1220020111,Jump,1220020111,Jump,1110010111,Dash,-2084927185,Dash,1210010111,Drop,1310010211,Drop,1220040111,Dash,1220040111,Dash,-1074947185,Jump,1220040111,Dash,2110010111,Jump,2110010111,Jump,-2084927185,Jump,-2084927185,Jump,2120010111,Jump,-2074957185,Jump,-2074957185,Jump,-1974937085,Drop,1210010111,Dash,-2084927185,Dash,-1084937185,Dash,-2084927185,Dash,0,None,0,None,0,None,0,None,0,None,0,None,0,None,0,None
7036001,wave_campaign_hard_015,Campaign,None,90,0,5,True,False,point_grd_swamplandjungle_001,point_fly_swamplandjungle_001,sbg_swamplandjungle_001,SwamplandJungle,Night,ibg_swamplandjungle_001,0,18,18,target_list,1320010141.0,path_fly_mid_small_042,-1,path_grd_far_elite1_803,-1,path_grd_mid_small_008,8,path_grd_far_elite1_803,0,path_fly_mid_small_036,10,,-1,,-1,,-1,,-1,,-1,-1084947155,Drop,-1084947155,Drop,-1084947155,Drop,1210050141,Drop,1220030141,Dash,1220030141,Dash,-2074927155,Drop,-974947055,Drop,-1074897155,Drop,1220060141,Drop,1220060141,Drop,-1074897155,Drop,1220060141,Dash,1220060141,Dash,-2074927155,Drop,1320010141,Drop,-1084947155,Drop,-1084947155,Drop,1210050141,Drop,1210050141,Drop,0,None,0,None,0,None,0,None,0,None,0,None,0,None,0,None,0,None,0,None,0,None,0,None,0,None,0,None,0,None,0,None,0,None,0,None,0,None,0,None
7036002,wave_campaign_hard_015,Campaign,None,90,0,5,True,False,point_grd_swamplandjungle_003,point_fly_swamplandjungle_003,sbg_swamplandjungle_003,SwamplandJungle,Night,ibg_swamplandjungle_001,18,33,0,target_list,-984917155.0,path_grd_close_small_001,-1,path_fly_mid_elite1_802,7,path_grd_close_small_051,-1,path_fly_mid_elite1_802,0,path_grd_close_small_042,-1,path_grd_mid_special_025,-1,,-1,,-1,,-1,,-1,-1074937155,Jump,-1074937155,Jump,-1074937155,Dash,-2074927155,Dash,-1084957155,Dash,-1084957155,Dash,-1084957155,Dash,-984917055,Dash,-2074957155,Dash,-2074957155,Dash,-2074927155,Dash,-2074957155,Dash,1210010141,Dash,1210010141,Dash,-1084937155,Drop,-984917155,Drop,-1074917155,Dash,-1074917155,Dash,-1074917155,Dash,-2074927155,Dash,-1174957155,Jump,-1174957155,Jump,-1174957155,Drop,-1174957155,Drop,0,None,0,None,0,None,0,None,0,None,0,None,0,None,0,None,0,None,0,None,0,None,0,None,0,None,0,None,0,None,0,None
7036003,wave_campaign_hard_015,Campaign,None,90,0,7,True,False,point_grd_swamplandjungle_004,point_fly_swamplandjungle_004,sbg_swamplandjungle_004,SwamplandJungle,Night,ibg_swamplandjungle_001,0,48,0,target_list,-974897155.0,path_grd_mid_small_005,-1,path_grd_mid_small_068,5,path_fly_mid_elite2_805,10,path_grd_mid_small_043,-1,path_fly_mid_elite1_802,0,path_grd_mid_small_034,10,path_grd_mid_small_043,6,,-1,,-1,,-1,-2074937155,Dash,-2074937155,Dash,-2074937155,Dash,-2074937155,Dash,-1074877155,Drop,-1074877155,Drop,-2074927155,Drop,-1974947055,Drop,-2084927155,Drop,1210040141,Drop,-1984907055,Drop,-1984907055,Drop,-2074937155,Drop,-2074937155,Drop,-2074937155,Drop,-2074937155,Drop,-1084927155,Dash,-1084927155,Dash,-1084927155,Drop,-1984907055,Drop,-2074937155,Dash,-1974947055,Drop,-1074877155,Drop,-974897155,Drop,-2074937155,Dash,-1074877155,Dash,-2074927155,Dash,-1074877155,Dash,0,None,0,None,0,None,0,None,0,None,0,None,0,None,0,None,0,None,0,None,0,None,0,None
7036004,wave_campaign_hard_015,Defense,None,90,20,7,True,True,point_grd_swamplandjungle_004_rightclear,point_fly_swamplandjungle_004_rightclear,sbg_swamplandjungle_004_rightclear,SwamplandJungle,Night,ibg_swamplandjungle_defense_001,36,48,0,,,path_grd_close_small_036,-1,path_fly_mid_small_024,8,path_grd_close_special_064,-1,path_grd_mid_special_025,4,path_grd_mid_small_075,16,path_fly_mid_small_008,10,path_grd_mid_special_025,10,path_grd_close_elite1_801,12,path_grd_close_small_013,15,,-1,-1074917155,Normal,-1074917155,Normal,-2074957155,Normal,-2074957155,Normal,-2084947155,Drop,1210010141,Drop,-2084947155,Drop,1210010141,Drop,1120010141,Dash,-2074957155,Dash,-1074907155,Dash,1120010141,Dash,1120010141,Jump,-1074917155,Normal,-1074907155,Drop,-974907055,Normal,-1074917155,Dash,-1074917155,Dash,-2074957155,Dash,-2074957155,Dash,-2084947155,Drop,1210010141,Drop,-2084947155,Drop,1210010141,Drop,1120010141,Dash,-1074907155,Dash,-2074957155,Drop,-2074957155,Drop,-1074917155,Jump,-1074907155,Jump,-2074957155,Normal,-974907055,Normal,-2074957155,Jump,-2074957155,Jump,-1074947155,Normal,-974907055,Dash,0,None,0,None,0,None,0,None
7036005,wave_campaign_hard_015,Defense,None,90,20,7,True,True,point_grd_swamplandjungle_004_rightclear,point_fly_swamplandjungle_004_rightclear,sbg_swamplandjungle_004_rightclear,SwamplandJungle,Night,ibg_swamplandjungle_defense_001,6,54,0,,,path_grd_mid_small_043,-1,path_fly_mid_small_050,8,path_grd_close_small_013,10,path_fly_mid_elite1_802,3,path_grd_mid_small_043,12,path_fly_mid_small_030,10,path_grd_mid_small_075,10,path_fly_mid_elite1_802,-1,path_grd_mid_small_012,15,,-1,-1074917155,Drop,-1074917155,Drop,-1074917155,Drop,-1074917155,Drop,-2084947155,Dash,-2084947155,Dash,-2084947155,Dash,1210040141,Normal,-2074957155,Jump,-2074957155,Jump,-2074957155,Jump,-2074957155,Jump,-2084947155,Normal,-2084947155,Normal,1210040141,Drop,-1984927055,Drop,-2074957155,Dash,-2074957155,Dash,-1074917155,Dash,-1074917155,Dash,-2084947155,Drop,1210040141,Drop,-2084947155,Drop,1210040141,Dash,-1074917155,Jump,-1074917155,Jump,-1074917155,Jump,-1074917155,Jump,-2084947155,Normal,-2084947155,Normal,1210040141,Normal,-1984927055,Normal,-2074957155,Drop,-1074917155,Normal,-2074957155,Drop,-974957055,Normal,0,None,0,None,0,None,0,None
7036006,wave_campaign_hard_015,BaseDefense,None,60,normal,6,True,True,point_grd_swamplandjungle_002_midclear,point_fly_swamplandjungle_002,sbg_swamplandjungle_002_midclear,SwamplandJungle,Night,ibg_swamplandjungle_basedefense_001,0,60,0,,,path_grd_mid_small_002,-1,path_grd_mid_small_061,-1,path_grd_mid_small_052,-1,path_grd_mid_special_025,3,path_grd_mid_small_061,10,path_grd_mid_small_040,9,path_grd_mid_small_076,5,path_grd_mid_elite1_802,7,,-1,,-1,1220020141,Drop,1220020141,Drop,-2074957155,Dash,-2074957155,Dash,-2074957155,Dash,-2074957155,Dash,1220020141,Dash,1220020141,Dash,-1074947155,Jump,-2074957155,Jump,-1074947155,Jump,-2074957155,Jump,1120010141,Jump,1220020141,Jump,-1074947155,Drop,-1974947055,Drop,-2074957155,Drop,1220020141,Drop,-2074957155,Drop,1220020141,Drop,1220020141,Dash,1220020141,Dash,1220020141,Dash,1220020141,Dash,1220020141,Dash,-2074957155,Dash,1220020141,Dash,-2074957155,Dash,1220020141,Dash,-1074947155,Dash,1220020141,Drop,-1974947055,Drop,0,None,0,None,0,None,0,None,0,None,0,None,0,None,0,None
7036007,wave_campaign_hard_015,BaseDefense,None,60,normal,6,True,True,point_grd_swamplandjungle_002_midclear,point_fly_swamplandjungle_002,sbg_swamplandjungle_002_midclear,SwamplandJungle,Night,ibg_swamplandjungle_basedefense_001,6,48,0,,,path_grd_mid_small_043,-1,path_grd_mid_small_055,-1,path_grd_mid_small_012,-1,path_grd_mid_elite1_802,3,path_grd_close_small_045,10,path_grd_mid_small_005,8,path_grd_mid_small_075,-1,path_grd_mid_elite2_805,5,,-1,,-1,1220030141,Jump,1220030141,Jump,1220030141,Jump,1220030141,Jump,-1074937155,Dash,-1074937155,Dash,-1074937155,Dash,-1074877155,Drop,1220030141,Dash,-1074947155,Dash,1220030141,Dash,1220030141,Dash,1220030141,Dash,-1074937155,Dash,-1074947155,Drop,-974927055,Drop,1220030141,Jump,1220030141,Jump,1220030141,Jump,-1074877155,Jump,-1074937155,Dash,-1074947155,Dash,-1074937155,Dash,-1074947155,Dash,1220030141,Drop,1220030141,Drop,-1074877155,Drop,1220030141,Drop,1220030141,Dash,-1074937155,Dash,-974927055,Drop,-974927055,Drop,0,None,0,None,0,None,0,None,0,None,0,None,0,None,0,None
7036008,wave_campaign_hard_015,Campaign,None,90,0,7,True,False,point_grd_swamplandjungle_002,point_fly_swamplandjungle_002,sbg_swamplandjungle_002,SwamplandJungle,Night,ibg_swamplandjungle_001,0,45,0,target_list,-1974907155.0,path_grd_mid_small_008,-1,path_grd_mid_elite1_802,6,path_grd_mid_small_058,10,path_grd_mid_elite1_802,0,path_fly_mid_elite1_802,8,path_grd_mid_small_049,8,,-1,,-1,,-1,,-1,-1074937155,Drop,-1074937155,Drop,-1074937155,Drop,-1074937155,Drop,-1074937155,Dash,-1074937155,Dash,-1074907155,Dash,-1974907055,Drop,-1074907155,Drop,-1074947155,Drop,-1074907155,Drop,-1074947155,Drop,-1074937155,Dash,-1074937155,Dash,-1074907155,Dash,-1974907155,Drop,-1084947155,Dash,-1084947155,Dash,-1084947155,Dash,-1984917055,Drop,-1074937155,Drop,-1074907155,Drop,-1074907155,Drop,-1074907155,Drop,0,None,0,None,0,None,0,None,0,None,0,None,0,None,0,None,0,None,0,None,0,None,0,None,0,None,0,None,0,None,0,None
7036009,wave_campaign_hard_015,Campaign,None,90,0,5,True,False,point_grd_swamplandjungle_005,point_fly_swamplandjungle_005,sbg_swamplandjungle_005,SwamplandJungle,Night,ibg_swamplandjungle_001,0,45,0,target_list,-1984927155.0,path_fly_mid_small_018,-1,path_grd_mid_elite1_802,-1,path_grd_mid_small_070,-1,path_fly_mid_small_033,7,path_fly_mid_elite1_802,0,path_grd_mid_elite1_802,8,,-1,,-1,,-1,,-1,-1084947155,Jump,-1084947155,Jump,-1084947155,Jump,-1084947155,Jump,-1074917155,Drop,-1074917155,Drop,-2074917155,Drop,-1974937055,Drop,-2074957155,Drop,-2074957155,Drop,-1074947155,Drop,-2074957155,Drop,-1084947155,Drop,-1084947155,Drop,-1084947155,Drop,-1084927155,Drop,-2084957155,Dash,-2084957155,Dash,1210040141,Drop,-1984927155,Drop,2120010141,Drop,-2074957155,Drop,-1074947155,Drop,-2074917155,Drop,0,None,0,None,0,None,0,None,0,None,0,None,0,None,0,None,0,None,0,None,0,None,0,None,0,None,0,None,0,None,0,None
7036010,wave_campaign_hard_015,Campaign,None,90,0,5,True,False,point_grd_swamplandjungle_003,point_fly_swamplandjungle_003,sbg_swamplandjungle_003,SwamplandJungle,Night,ibg_swamplandjungle_001,18,24,0,target_list,-974947155.0,path_grd_close_small_051,-1,path_grd_mid_elite1_802,7,path_grd_mid_small_043,4,path_grd_close_small_069,-1,path_grd_mid_elite1_802,0,path_grd_close_small_069,5,,-1,,-1,,-1,,-1,-2074947155,Dash,-2074947155,Dash,-2074947155,Dash,-2074947155,Dash,-1174957155,Jump,-1174957155,Jump,-1074897155,Drop,-974947055,Drop,-1074957155,Dash,-1074897155,Drop,-1074957155,Dash,-1074897155,Drop,-1074917155,Jump,-1074917155,Jump,-1074917155,Jump,-2074927155,Jump,1220040141,Dash,1220040141,Dash,-1074897155,Drop,-974947155,Drop,-1074917155,Dash,-1074917155,Dash,-1074917155,Dash,-2074927155,Dash,0,None,0,None,0,None,0,None,0,None,0,None,0,None,0,None,0,None,0,None,0,None,0,None,0,None,0,None,0,None,0,None
7036011,wave_campaign_hard_015,Campaign,None,90,0,7,True,False,point_grd_swamplandjungle_001,point_fly_swamplandjungle_001,sbg_swamplandjungle_001,SwamplandJungle,Night,ibg_swamplandjungle_001,9,42,12,target_list,1310030141.0,path_fly_mid_small_053,-1,path_grd_close_elite2_804,-1,path_grd_far_small_044,-1,path_fly_mid_small_039,10,path_fly_mid_special_047,0,path_fly_mid_elite1_802,10,path_grd_far_small_044,5,path_fly_mid_small_024,-1,,-1,,-1,-2084947155,Drop,1210050141,Drop,-2084947155,Drop,1210050141,Drop,-2074937155,Dash,-2074937155,Dash,-1974917055,Jump,-1974917055,Jump,-2074937155,Dash,-2074927155,Dash,-2074937155,Dash,-2074927155,Dash,-1084957155,Drop,-1084957155,Drop,1210050141,Drop,1210050141,Drop,-1084957155,Dash,-2084947155,Dash,1210050141,Drop,1310030141,Drop,1210020141,Dash,1210020141,Dash,1210050141,Drop,1310030241,Drop,-2074937155,Dash,-2074927155,Dash,-2074937155,Dash,-2074927155,Dash,-1084927155,Drop,1210050141,Drop,-1084927155,Drop,1210050141,Drop,0,None,0,None,0,None,0,None,0,None,0,None,0,None,0,None
7036012,wave_campaign_hard_015,Campaign,None,90,0,5,True,False,point_grd_swamplandjungle_004,point_fly_swamplandjungle_004,sbg_swamplandjungle_004,SwamplandJungle,Night,ibg_swamplandjungle_001,6,36,0,target_list,-1974947155.0,path_grd_mid_small_002,-1,path_grd_mid_elite1_802,5,path_grd_mid_small_049,10,path_grd_mid_elite2_805,0,path_grd_close_small_004,8,path_grd_mid_small_005,6,,-1,,-1,,-1,,-1,1220040141,Jump,1220040141,Jump,1220040141,Jump,1220040141,Jump,1220040141,Dash,1220040141,Dash,-1074907155,Drop,-1974897055,Drop,1220040141,Drop,-1074907155,Drop,-1074907155,Drop,-1074907155,Drop,1220040141,Drop,-1074907155,Drop,-1974897055,Drop,-1974947155,Drop,1220040141,Dash,-1074907155,Dash,1220040141,Dash,-1074907155,Dash,1220040141,Dash,-1074907155,Dash,1220040141,Dash,-1074907155,Dash,0,None,0,None,0,None,0,None,0,None,0,None,0,None,0,None,0,None,0,None,0,None,0,None,0,None,0,None,0,None,0,None
7036013,wave_campaign_hard_015,Campaign,None,90,0,5,True,False,point_grd_swamplandjungle_002,point_fly_swamplandjungle_002,sbg_swamplandjungle_002,SwamplandJungle,Night,ibg_swamplandjungle_001,0,30,27,target_list,-1984907155.0,path_grd_mid_small_005,-1,path_fly_mid_special_016,7,path_fly_far_small_031,-1,path_fly_mid_elite2_805,0,path_grd_far_small_044,-1,path_fly_far_special_048,8,,-1,,-1,,-1,,-1,1220040141,Dash,1220040141,Dash,1220040141,Dash,1220040141,Dash,1110010141,Drop,1110010141,Drop,-2084957155,Drop,-1984907055,Drop,1210010141,Drop,1210010141,Drop,1210010141,Drop,1210040141,Drop,1210010141,Jump,1210010141,Jump,1210010141,Drop,-1984907155,Drop,-1074907155,Dash,-2074927155,Dash,-1074907155,Dash,-2074927155,Dash,-1184957155,Jump,-1184957155,Jump,-1184957155,Jump,1210010141,Jump,0,None,0,None,0,None,0,None,0,None,0,None,0,None,0,None,0,None,0,None,0,None,0,None,0,None,0,None,0,None,0,None
7036014,wave_campaign_hard_015,Campaign,None,90,0,5,True,False,point_grd_swamplandjungle_005,point_fly_swamplandjungle_005,sbg_swamplandjungle_005,SwamplandJungle,Night,ibg_swamplandjungle_001,6,36,0,target_list,-974897155.0,path_grd_mid_small_073,-1,path_fly_mid_elite1_802,-1,path_fly_mid_small_050,8,path_fly_mid_small_050,0,path_grd_mid_elite2_808,-1,path_grd_close_small_014,7,,-1,,-1,,-1,,-1,-2074937155,Drop,-2074937155,Drop,-2074937155,Drop,-1074877155,Drop,-1084947155,Dash,1110010141,Dash,1210040141,Drop,1310030241,Drop,-1084947155,Dash,-1084947155,Dash,-1084947155,Dash,1210040141,Dash,-1084947155,Drop,-1084947155,Drop,-1084947155,Drop,1310010241,Drop,-2074937155,Drop,2120010141,Drop,-1074877155,Drop,-974897155,Drop,-1074877155,Drop,-2074937155,Drop,-2074937155,Drop,-2074937155,Drop,0,None,0,None,0,None,0,None,0,None,0,None,0,None,0,None,0,None,0,None,0,None,0,None,0,None,0,None,0,None,0,None
7036015,wave_campaign_hard_015,Campaign,None,90,0,7,True,False,point_grd_swamplandjungle_003,point_fly_swamplandjungle_003,sbg_swamplandjungle_003,SwamplandJungle,Night,ibg_swamplandjungle_001,9,30,0,target_list,-1974947155.0,path_grd_mid_small_068,-1,path_grd_mid_small_008,-1,path_grd_mid_small_061,-1,path_grd_close_elite1_801,0,path_grd_mid_small_037,6,path_grd_mid_small_040,5,,-1,,-1,,-1,,-1,1220060141,Dash,1220060141,Dash,1220060141,Dash,-1974947055,Drop,1220050141,Drop,1220060141,Drop,1220060141,Drop,1220050141,Drop,1220060141,Drop,1220050141,Drop,1220060141,Drop,1220050141,Drop,1220060141,Drop,1220050141,Drop,1220060141,Drop,-1974947155,Drop,1220050141,Drop,1220060141,Drop,1220050141,Drop,1220060141,Drop,1220060141,Drop,1220060141,Drop,1220050141,Drop,1220050141,Drop,0,None,0,None,0,None,0,None,0,None,0,None,0,None,0,None,0,None,0,None,0,None,0,None,0,None,0,None,0,None,0,None
7036016,wave_campaign_hard_015,Campaign,None,90,0,7,True,False,point_grd_swamplandjungle_004,point_fly_swamplandjungle_004,sbg_swamplandjungle_004,SwamplandJungle,Night,ibg_swamplandjungle_001,6,48,0,target_list,-974917155.0,path_grd_mid_small_049,-1,path_grd_mid_elite2_808,5,path_grd_mid_small_008,-1,path_grd_mid_small_043,-1,path_grd_mid_elite2_808,0,path_grd_close_small_067,10,path_grd_mid_small_040,-1,path_grd_mid_small_037,-1,,-1,,-1,1220040141,Dash,1220040141,Dash,1220040141,Dash,1220040141,Dash,1220040141,Dash,1220040141,Dash,-1974947055,Drop,-974927055,Drop,-1074947155,Drop,1220040141,Drop,1220040141,Drop,-1074947155,Drop,-1074947155,Dash,1220040141,Dash,-1074947155,Dash,1220040141,Dash,1220040141,Dash,1220040141,Dash,-974917155,Drop,-974927055,Drop,1220040141,Dash,-1074947155,Dash,1220040141,Dash,-1974947055,Drop,-1074947155,Dash,-1074947155,Dash,1220040141,Dash,1220040141,Dash,-1074947155,Dash,1220040141,Dash,-1074947155,Dash,1220040141,Dash,0,None,0,None,0,None,0,None,0,None,0,None,0,None,0,None
7036017,wave_campaign_hard_015,Campaign,None,90,0,5,True,False,point_grd_swamplandjungle_001,point_fly_swamplandjungle_001,sbg_swamplandjungle_001,SwamplandJungle,Night,ibg_swamplandjungle_001,0,45,0,target_list,-1984927155.0,path_fly_mid_small_018,-1,path_grd_mid_elite2_808,-1,path_grd_mid_small_070,-1,path_fly_mid_small_033,7,path_grd_mid_elite2_808,0,path_fly_mid_elite1_802,8,,-1,,-1,,-1,,-1,-1084947155,Jump,-1084947155,Jump,-1084947155,Jump,-1084947155,Jump,-1074917155,Drop,2120010141,Drop,-1074877155,Drop,-1974937055,Drop,-2074957155,Drop,-2074957155,Drop,-1074947155,Drop,-2074917155,Drop,-1084947155,Drop,1110010141,Drop,-1084947155,Drop,-1084927155,Drop,2120010141,Drop,-2074957155,Drop,-1074877155,Drop,-2074917155,Drop,-2084957155,Dash,1110010141,Dash,1210040141,Drop,-1984927155,Drop,0,None,0,None,0,None,0,None,0,None,0,None,0,None,0,None,0,None,0,None,0,None,0,None,0,None,0,None,0,None,0,None
7036018,wave_campaign_hard_015,Campaign,None,90,0,5,True,False,point_grd_swamplandjungle_005,point_fly_swamplandjungle_005,sbg_swamplandjungle_005,SwamplandJungle,Night,ibg_swamplandjungle_001,0,42,0,target_list,-974897155.0,path_grd_mid_small_055,-1,path_grd_mid_elite2_805,-1,path_fly_mid_small_027,10,path_grd_mid_elite3_814,0,path_fly_mid_small_027,8,path_grd_mid_small_061,10,,-1,,-1,,-1,,-1,-1074917155,Drop,-1074917155,Drop,-1074917155,Drop,-1074917155,Drop,-1074917155,Drop,-1074917155,Drop,-974897055,Dash,-974897055,Dash,-2084937155,Drop,1210020141,Dash,1210020141,Dash,1210020141,Dash,-1074917155,Drop,-974897055,Jump,-974897055,Jump,-974897155,Jump,-2084937155,Drop,1210020141,Dash,1210020141,Dash,1210020141,Dash,-1074917155,Dash,-1074917155,Dash,-1074917155,Dash,-1074917155,Dash,0,None,0,None,0,None,0,None,0,None,0,None,0,None,0,None,0,None,0,None,0,None,0,None,0,None,0,None,0,None,0,None
7036019,wave_campaign_hard_015,Campaign,None,90,0,7,True,False,point_grd_swamplandjungle_002,point_fly_swamplandjungle_002,sbg_swamplandjungle_002,SwamplandJungle,Night,ibg_swamplandjungle_001,15,36,0,target_list,-1974907155.0,path_grd_mid_small_068,-1,path_grd_mid_elite2_808,-1,path_grd_close_small_007,8,path_grd_mid_small_008,-1,path_grd_mid_elite3_814,0,path_grd_close_elite1_801,10,path_grd_mid_small_070,-1,,-1,,-1,,-1,1220020141,Drop,1220020141,Drop,1220020141,Drop,1220020141,Drop,1220020141,Dash,1220020141,Dash,-1974907055,Drop,-974927055,Drop,1220020141,Dash,-1074947155,Dash,1220020141,Dash,-1074947155,Dash,-1074947155,Dash,1220020141,Dash,1220020141,Dash,-1074947155,Dash,1220020141,Dash,-974927055,Dash,-974927055,Drop,-974927055,Drop,1220020141,Drop,-1074947155,Drop,1220020141,Drop,-1974907155,Drop,-1074947155,Dash,1220020141,Dash,1220020141,Dash,-2074917155,Dash,0,None,0,None,0,None,0,None,0,None,0,None,0,None,0,None,0,None,0,None,0,None,0,None
7036020,wave_campaign_hard_015,Campaign,None,90,0,5,True,False,point_grd_swamplandjungle_003,point_fly_swamplandjungle_003,sbg_swamplandjungle_003,SwamplandJungle,Night,ibg_swamplandjungle_001,0,45,0,target_list,-1984927155.0,path_grd_mid_small_052,-1,path_fly_mid_elite1_802,6,path_fly_mid_small_050,-1,path_fly_mid_elite1_802,0,path_grd_mid_special_025,6,,-1,,-1,,-1,,-1,,-1,-2074957155,Dash,-2074957155,Dash,-1074907155,Dash,-1074907155,Dash,-1084957155,Dash,-1084957155,Dash,-1084937155,Drop,1310010241,Drop,1210010141,Dash,1210010141,Dash,1210010141,Dash,1210040141,Dash,1210020141,Dash,1210020141,Dash,1210040141,Drop,-1984927155,Drop,-1174957155,Dash,-1174957155,Dash,-1074907155,Drop,-1074947155,Drop,0,None,0,None,0,None,0,None,0,None,0,None,0,None,0,None,0,None,0,None,0,None,0,None,0,None,0,None,0,None,0,None,0,None,0,None,0,None,0,None
7036021,wave_campaign_hard_015,Campaign,None,90,0,5,True,False,point_grd_swamplandjungle_004,point_fly_swamplandjungle_004,sbg_swamplandjungle_004,SwamplandJungle,Night,ibg_swamplandjungle_001,0,36,0,target_list,1320060141.0,path_grd_mid_small_055,-1,path_grd_mid_elite3_814,-1,path_grd_mid_small_011,8,path_grd_mid_elite3_814,0,path_grd_mid_small_043,8,,-1,,-1,,-1,,-1,,-1,-2074957155,Drop,-2074957155,Drop,-2074957155,Drop,-2074957155,Drop,-2074947155,Dash,-974957055,Dash,-2074927155,Dash,1320060241,Dash,-2074957155,Drop,-2074957155,Drop,-2074957155,Drop,-2074957155,Drop,-2074947155,Dash,-974957055,Dash,-2074927155,Drop,1320060141,Drop,-2074957155,Drop,-2074957155,Drop,-2074957155,Drop,-2074957155,Drop,0,None,0,None,0,None,0,None,0,None,0,None,0,None,0,None,0,None,0,None,0,None,0,None,0,None,0,None,0,None,0,None,0,None,0,None,0,None,0,None
7036022,wave_campaign_hard_015,Campaign,None,90,0,7,True,False,point_grd_swamplandjungle_002,point_fly_swamplandjungle_002,sbg_swamplandjungle_002,SwamplandJungle,Night,ibg_swamplandjungle_001,6,39,9,target_list,-1984957155.0,path_grd_mid_small_070,-1,path_fly_mid_elite2_808,5,path_fly_mid_small_005,10,path_grd_mid_small_040,-1,path_fly_far_elite2_806,0,path_grd_close_small_069,8,path_fly_mid_small_033,8,path_fly_mid_small_024,-1,,-1,,-1,-2074957155,Drop,-1074917155,Drop,-1074917155,Drop,-2074927155,Normal,-1084947155,Dash,-1084947155,Dash,-1984907055,Drop,-1984957055,Drop,-1084947155,Dash,1210030141,Dash,-1084947155,Dash,1210030141,Dash,-1074917155,Drop,-2074957155,Drop,-1074917155,Drop,-2074957155,Drop,-1084947155,Dash,1210030141,Dash,-1984907055,Drop,-1984957155,Drop,-2074957155,Drop,-1074917155,Drop,-1074917155,Drop,-2074927155,Dash,-1084947155,Dash,1210030141,Dash,-1084947155,Dash,-1984907055,Dash,1210030141,Dash,1210030141,Dash,-1084947155,Dash,-1084947155,Dash,0,None,0,None,0,None,0,None,0,None,0,None,0,None,0,None
7036023,wave_campaign_hard_015,Campaign,None,90,0,5,True,False,point_grd_swamplandjungle_001,point_fly_swamplandjungle_001,sbg_swamplandjungle_001,SwamplandJungle,Night,ibg_swamplandjungle_001,0,45,0,target_list,-1984927155.0,path_fly_mid_small_018,-1,path_grd_mid_elite1_802,-1,path_grd_mid_small_070,-1,path_fly_mid_small_033,7,path_fly_mid_elite1_802,0,path_grd_mid_elite1_802,8,,-1,,-1,,-1,,-1,-1084947155,Jump,-1084947155,Jump,-1084947155,Jump,-1084947155,Jump,-1074917155,Drop,-1074917155,Drop,-2074917155,Drop,-1974937055,Drop,-2074957155,Drop,-2074957155,Drop,-1074947155,Drop,-2074957155,Drop,-1084947155,Drop,-1084947155,Drop,-1084947155,Drop,-1084927155,Drop,-2084957155,Dash,-2084957155,Dash,1210040141,Drop,-1984927155,Drop,2120010141,Drop,-2074957155,Drop,-1074947155,Drop,-2074917155,Drop,0,None,0,None,0,None,0,None,0,None,0,None,0,None,0,None,0,None,0,None,0,None,0,None,0,None,0,None,0,None,0,None
7036024,wave_campaign_hard_015,Campaign,None,90,0,5,True,False,point_grd_swamplandjungle_003,point_fly_swamplandjungle_003,sbg_swamplandjungle_003,SwamplandJungle,Night,ibg_swamplandjungle_001,0,42,0,target_list,-1984947155.0,path_grd_mid_small_002,-1,path_fly_mid_elite1_802,-1,path_fly_mid_small_039,7,path_fly_mid_small_039,0,path_fly_mid_elite1_802,8,path_grd_mid_small_043,8,,-1,,-1,,-1,,-1,1220060141,Dash,1220060141,Dash,1220060141,Dash,1220060141,Dash,-2084947155,Dash,-2084947155,Dash,1210050141,Drop,-1984947055,Drop,-2084947155,Drop,-2084947155,Drop,-2084947155,Drop,-2084947155,Drop,-2084947155,Drop,-2084947155,Drop,1210050141,Drop,1210050141,Drop,-2084947155,Dash,-2084947155,Dash,1210050141,Drop,-1984947155,Drop,1220060141,Dash,1220060141,Dash,1220060141,Dash,1220060141,Dash,0,None,0,None,0,None,0,None,0,None,0,None,0,None,0,None,0,None,0,None,0,None,0,None,0,None,0,None,0,None,0,None
7036025,wave_campaign_hard_015,Campaign,None,90,0,5,True,False,point_grd_swamplandjungle_002,point_fly_swamplandjungle_002,sbg_swamplandjungle_002,SwamplandJungle,Night,ibg_swamplandjungle_001,0,45,0,target_list,-974907155.0,path_grd_mid_small_002,-1,path_grd_mid_elite2_805,-1,path_grd_mid_small_012,8,path_grd_mid_elite2_805,0,path_grd_mid_special_025,7,,-1,,-1,,-1,,-1,,-1,-2074937155,Jump,-1074907155,Jump,-2074937155,Jump,-1074907155,Jump,-2074937155,Drop,-1074907155,Drop,-974907055,Drop,-974907055,Drop,-2074937155,Drop,-2074937155,Drop,-1074907155,Drop,-1074907155,Drop,-2074937155,Drop,-1074907155,Drop,-974907055,Drop,-974907155,Drop,-2074937155,Drop,-1174957155,Drop,-1074907155,Drop,-1074907155,Drop,0,None,0,None,0,None,0,None,0,None,0,None,0,None,0,None,0,None,0,None,0,None,0,None,0,None,0,None,0,None,0,None,0,None,0,None,0,None,0,None
7036026,wave_campaign_hard_015,Campaign,None,90,0,7,True,False,point_grd_swamplandjungle_004,point_fly_swamplandjungle_004,sbg_swamplandjungle_004,SwamplandJungle,Night,ibg_swamplandjungle_001,0,21,21,target_list,-974947155.0,path_grd_mid_small_002,-1,path_grd_mid_elite1_802,5,path_grd_far_small_044,8,path_grd_far_elite2_809,0,path_grd_mid_small_043,8,path_grd_far_small_044,8,,-1,,-1,,-1,,-1,-1074917155,Dash,-1074917155,Dash,-1074917155,Dash,-1074917155,Dash,-1074917155,Dash,-1074917155,Dash,-1074897155,Drop,-974917055,Drop,-1074897155,Drop,-1074897155,Drop,-1074897155,Drop,-1074897155,Drop,1120010141,Drop,-1074917155,Drop,-974917055,Drop,-974947155,Drop,-1074917155,Drop,-1074897155,Drop,-1074917155,Drop,-1074897155,Drop,-1074897155,Drop,-1074917155,Drop,-1074897155,Drop,-1074917155,Drop,0,None,0,None,0,None,0,None,0,None,0,None,0,None,0,None,0,None,0,None,0,None,0,None,0,None,0,None,0,None,0,None
7036027,wave_campaign_hard_015,Campaign,None,90,0,7,True,False,point_grd_swamplandjungle_001,point_fly_swamplandjungle_001,sbg_swamplandjungle_001,SwamplandJungle,Night,ibg_swamplandjungle_001,6,36,9,target_list,-974927155.0,path_grd_mid_small_002,-1,path_grd_mid_elite2_808,4,path_grd_close_small_007,10,path_grd_mid_small_008,-1,path_grd_mid_elite2_805,0,path_grd_far_elite1_803,10,path_grd_mid_small_070,6,,-1,,-1,,-1,1220020141,Drop,-1074877155,Drop,1220020141,Drop,1220020141,Drop,1220020141,Dash,1220020141,Dash,-974927055,Drop,-974927055,Drop,-1074947155,Dash,-1074947155,Dash,-1074947155,Dash,-1074877155,Dash,-1074877155,Dash,1220020141,Dash,1220020141,Dash,1220020141,Dash,-1074947155,Dash,1220020141,Dash,-974927055,Drop,-974927055,Drop,1220020141,Drop,1220020141,Drop,-1074877155,Drop,-974927155,Drop,1220020141,Dash,1220020141,Dash,1220020141,Dash,-2074917155,Dash,0,None,0,None,0,None,0,None,0,None,0,None,0,None,0,None,0,None,0,None,0,None,0,None
7036028,wave_campaign_hard_015,Campaign,None,90,0,7,True,False,point_grd_swamplandjungle_005,point_fly_swamplandjungle_005,sbg_swamplandjungle_005,SwamplandJungle,Night,ibg_swamplandjungle_001,0,24,18,target_list,-984927155.0,path_grd_mid_small_043,-1,path_fly_far_elite1_803,5,path_grd_mid_small_034,8,path_fly_far_elite1_803,0,path_grd_mid_small_034,10,path_fly_mid_small_024,-1,,-1,,-1,,-1,,-1,-2074947155,Jump,-2074947155,Jump,-2074947155,Jump,-2074947155,Jump,1210030141,Drop,1210030141,Drop,1210010141,Drop,-984927055,Drop,-2074947155,Dash,-2074947155,Dash,-2074947155,Dash,-1974937055,Dash,1210030141,Drop,1210030141,Drop,1210010141,Drop,-984927155,Drop,-2074947155,Dash,-2074947155,Dash,-2074947155,Dash,-1974937055,Dash,1210030141,Drop,1210030141,Drop,1210010141,Drop,1210010141,Drop,0,None,0,None,0,None,0,None,0,None,0,None,0,None,0,None,0,None,0,None,0,None,0,None,0,None,0,None,0,None,0,None
7036029,wave_campaign_hard_015,Campaign,None,90,0,7,True,False,point_grd_swamplandjungle_003,point_fly_swamplandjungle_003,sbg_swamplandjungle_003,SwamplandJungle,Night,ibg_swamplandjungle_001,0,42,0,target_list,-1974907155.0,path_grd_mid_small_070,-1,path_grd_mid_elite1_802,-1,path_grd_mid_small_012,-1,path_grd_mid_elite1_802,0,path_grd_mid_small_070,-1,path_grd_mid_small_070,-1,,-1,,-1,,-1,,-1,1220010141,Jump,1220010141,Jump,1220010141,Jump,-2074917155,Dash,1220010141,Dash,-1074947155,Dash,-2074917155,Drop,-1974907055,Drop,1220010141,Dash,-1074947155,Dash,1220010141,Dash,-1074947155,Dash,1220010141,Dash,-1074947155,Dash,-2074917155,Drop,-1974907155,Drop,1220010141,Drop,1220010141,Drop,-1074947155,Drop,-2074917155,Dash,1220010141,Drop,1220010141,Drop,-1074947155,Drop,-2074917155,Dash,0,None,0,None,0,None,0,None,0,None,0,None,0,None,0,None,0,None,0,None,0,None,0,None,0,None,0,None,0,None,0,None
7036030,wave_campaign_hard_015,Defense,None,90,20,8,True,True,point_grd_swamplandjungle_004_rightclear,point_fly_swamplandjungle_004_rightclear,sbg_swamplandjungle_004_rightclear,SwamplandJungle,Night,ibg_swamplandjungle_defense_001,0,57,0,,,path_grd_mid_elite2_808,-1,path_fly_mid_elite1_802,9,path_grd_mid_small_058,-1,path_fly_mid_elite1_802,-1,path_grd_mid_elite2_808,6,path_grd_mid_small_076,-1,path_fly_mid_elite1_802,-1,,-1,,-1,,-1,-1074917155,Normal,-1074917155,Normal,-974927155,Normal,-974927155,Normal,1210030141,Dash,1210030141,Dash,1210040141,Dash,-1984937055,Normal,-1074917155,Normal,-1074947155,Normal,-1074917155,Normal,-1974927055,Normal,1210030141,Dash,1210030141,Dash,1210040141,Drop,-1984937055,Drop,-1074917155,Normal,-1074917155,Normal,-974927155,Normal,-974927155,Normal,-1074917155,Jump,-1074947155,Jump,-1074947155,Jump,-1974927055,Normal,-1074917155,Normal,1210040141,Dash,-974927155,Dash,-1984937055,Normal,0,None,0,None,0,None,0,None,0,None,0,None,0,None,0,None,0,None,0,None,0,None,0,None
7036031,wave_campaign_hard_015,Defense,None,90,20,7,True,True,point_grd_swamplandjungle_004_rightclear,point_fly_swamplandjungle_004_rightclear,sbg_swamplandjungle_004_rightclear,SwamplandJungle,Night,ibg_swamplandjungle_defense_001,15,63,0,,,path_grd_mid_small_037,-1,path_fly_mid_small_008,8,path_grd_close_special_024,-1,path_fly_mid_small_033,6,path_fly_mid_special_016,12,path_grd_mid_small_037,10,path_grd_mid_small_076,10,path_fly_mid_elite1_802,-1,path_fly_mid_elite1_802,15,,-1,-1074917155,Normal,-1074917155,Normal,-1074917155,Normal,-1074917155,Normal,-1084957155,Dash,-1084957155,Dash,-1084957155,Dash,-1084957155,Dash,-1074917155,Dash,-1074917155,Normal,2120010141,Drop,-2074927155,Dash,-1084957155,Normal,-1084957155,Normal,-1084957155,Normal,-1984917055,Normal,2110010141,Drop,-1084957155,Dash,-2074927155,Drop,-984917055,Dash,-1074917155,Normal,-1074917155,Normal,-1074917155,Normal,-1074917155,Normal,-1074917155,Dash,-1074917155,Dash,-2074927155,Dash,-2074927155,Dash,-1084957155,Drop,-1084957155,Drop,-2074927155,Dash,-1984917055,Normal,-1084957155,Drop,-1084957155,Drop,-2074927155,Drop,-984917055,Drop,0,None,0,None,0,None,0,None
7036032,wave_campaign_hard_015,BaseDefense,None,60,normal,7,True,True,point_grd_swamplandjungle_002_midclear,point_fly_swamplandjungle_002,sbg_swamplandjungle_002_midclear,SwamplandJungle,Night,ibg_swamplandjungle_basedefense_001,6,57,0,,,path_grd_mid_elite1_802,-1,path_fly_close_small_049,-1,path_fly_mid_elite1_802,6,path_grd_mid_elite2_805,3,path_fly_mid_small_050,10,path_grd_mid_elite3_814,-1,path_grd_mid_small_075,8,path_grd_mid_elite1_802,-1,,-1,,-1,1220010141,Jump,1220010141,Jump,-1074907155,Drop,1320060241,Drop,1220010141,Jump,1320060241,Jump,1220010141,Jump,-1084937155,Dash,1220010141,Drop,-1074907155,Drop,1220010141,Drop,-1084937155,Normal,1220010141,Dash,-1074907155,Dash,1320060241,Drop,1320060241,Drop,1220010141,Jump,1320060241,Jump,1220010141,Jump,-1084937155,Dash,1220010141,Dash,-1074907155,Dash,-1074907155,Dash,-1074907155,Dash,1220010141,Dash,-1074907155,Dash,-1074907155,Dash,1220010141,Dash,1220010141,Dash,-1074907155,Dash,1220010141,Dash,1320060141,Drop,0,None,0,None,0,None,0,None,0,None,0,None,0,None,0,None
7036033,wave_campaign_hard_015,BaseDefense,None,60,normal,6,True,True,point_grd_swamplandjungle_002_midclear,point_fly_swamplandjungle_002,sbg_swamplandjungle_002_midclear,SwamplandJungle,Night,ibg_swamplandjungle_basedefense_001,0,63,0,,,path_grd_mid_small_052,-1,path_grd_mid_small_043,-1,path_grd_mid_small_008,-1,path_grd_mid_elite2_808,2,path_grd_mid_small_043,10,path_grd_mid_special_065,-1,path_grd_mid_small_075,4,path_grd_mid_elite2_808,7,,-1,,-1,-2074947155,Dash,-2074947155,Dash,-2074947155,Dash,-2074947155,Dash,-2074957155,Jump,-2074957155,Jump,-2074957155,Jump,-2074957155,Jump,-2074957155,Dash,-2074957155,Dash,-2074947155,Dash,-2074947155,Dash,-2074947155,Dash,-2074957155,Dash,-2074957155,Drop,-974887055,Drop,-2074957155,Jump,-2074947155,Jump,-2074957155,Jump,-2074947155,Jump,1120010141,Jump,-2074947155,Jump,-2074957155,Drop,-2074947155,Drop,-2074957155,Dash,-2074957155,Dash,-2074957155,Dash,-2074957155,Dash,-2074947155,Dash,-2074957155,Dash,-974897055,Drop,-974887055,Drop,0,None,0,None,0,None,0,None,0,None,0,None,0,None,0,None
7036034,wave_campaign_hard_015,Campaign,None,90,0,5,True,False,point_grd_swamplandjungle_004,point_fly_swamplandjungle_004,sbg_swamplandjungle_004,SwamplandJungle,Night,ibg_swamplandjungle_001,0,42,0,target_list,1310030141.0,path_grd_mid_small_052,-1,path_fly_mid_elite1_802,-1,path_fly_mid_small_050,8,path_fly_mid_elite2_805,0,path_grd_mid_small_052,8,path_fly_mid_small_050,7,,-1,,-1,,-1,,-1,-2074937155,Drop,-2074937155,Drop,-2074937155,Drop,-2074937155,Drop,-1084947155,Dash,-1084947155,Dash,1210040141,Drop,1310030241,Drop,-1084947155,Dash,-1084947155,Dash,-1084947155,Dash,1210040141,Dash,-1084947155,Drop,-1084947155,Drop,1310010241,Drop,1310030141,Drop,-2074937155,Drop,-2074937155,Drop,-2074937155,Drop,-2074937155,Drop,-1084947155,Dash,-1084947155,Dash,-1084947155,Dash,1210040141,Dash,0,None,0,None,0,None,0,None,0,None,0,None,0,None,0,None,0,None,0,None,0,None,0,None,0,None,0,None,0,None,0,None
7036035,wave_campaign_hard_015,Campaign,None,90,0,7,True,False,point_grd_swamplandjungle_002,point_fly_swamplandjungle_002,sbg_swamplandjungle_002,SwamplandJungle,Night,ibg_swamplandjungle_001,0,33,9,target_list,-984927155.0,path_grd_mid_small_049,-1,path_fly_mid_elite1_802,-1,path_grd_mid_small_046,10,path_grd_mid_small_034,0,path_fly_far_elite1_803,7,path_grd_mid_small_008,-1,,-1,,-1,,-1,,-1,1220020141,Dash,1220020141,Dash,1220020141,Dash,1220020141,Dash,1210020141,Drop,1210020141,Drop,-1084937155,Drop,-984927055,Drop,1220020141,Drop,1220020141,Drop,1220020141,Drop,1220020141,Drop,1220020141,Jump,1220020141,Jump,1220020141,Jump,1320030241,Drop,1210020141,Drop,1210020141,Drop,1210010141,Drop,-984927155,Drop,1220020141,Dash,1220020141,Dash,1220020141,Dash,1220020141,Dash,0,None,0,None,0,None,0,None,0,None,0,None,0,None,0,None,0,None,0,None,0,None,0,None,0,None,0,None,0,None,0,None
7036036,wave_campaign_hard_015,Campaign,None,90,0,7,True,False,point_grd_swamplandjungle_001,point_fly_swamplandjungle_001,sbg_swamplandjungle_001,SwamplandJungle,Night,ibg_swamplandjungle_001,18,42,0,target_list,-974887155.0,path_fly_mid_small_030,-1,path_grd_mid_elite1_802,5,path_grd_mid_small_070,10,path_fly_close_small_026,-1,path_grd_mid_small_052,0,path_fly_mid_elite1_802,-1,path_fly_close_small_004,8,path_fly_close_small_026,-1,path_grd_mid_small_008,-1,,-1,-2084947155,Drop,1210040141,Drop,-2084947155,Drop,1210040141,Drop,-2074957155,Dash,-1074877155,Dash,-1974917055,Drop,-974887055,Drop,-1074957155,Drop,-1074887155,Drop,-1074957155,Drop,-1074887155,Drop,-1084927155,Drop,-1084927155,Drop,-1084927155,Drop,-1084927155,Drop,-1074877155,Dash,-1074877155,Dash,-2074927155,Dash,-1074887155,Dash,-1074907155,Dash,-2074937155,Dash,1320030241,Drop,-974887155,Drop,-1084947155,Dash,-1084947155,Dash,-1084947155,Dash,-1084947155,Dash,-1084927155,Dash,-1084927155,Dash,-1084927155,Dash,-1084927155,Dash,-1074877155,Drop,-1074887155,Drop,-1074877155,Drop,-1074887155,Drop,0,None,0,None,0,None,0,None
7036037,wave_campaign_hard_015,Campaign,None,90,0,7,True,False,point_grd_swamplandjungle_003,point_fly_swamplandjungle_003,sbg_swamplandjungle_003,SwamplandJungle,Night,ibg_swamplandjungle_001,0,42,0,target_list,-1984927155.0,path_grd_mid_small_002,-1,path_fly_mid_elite1_802,6,path_fly_mid_small_005,8,path_fly_mid_elite2_805,0,path_grd_mid_small_043,10,path_fly_mid_small_024,-1,,-1,,-1,,-1,,-1,-1074957155,Jump,-1074957155,Jump,-1074957155,Jump,-1074957155,Jump,-1084957155,Dash,-1084957155,Dash,1210040141,Drop,-1984927055,Drop,-1084957155,Dash,-1084957155,Dash,-1084957155,Dash,-1084957155,Dash,-1084957155,Dash,-1084957155,Dash,-1984907055,Drop,-1984927155,Drop,-1074957155,Jump,-1074957155,Jump,-1074957155,Jump,-1074957155,Jump,-1084957155,Dash,-1084957155,Dash,-1084957155,Dash,-1084957155,Dash,0,None,0,None,0,None,0,None,0,None,0,None,0,None,0,None,0,None,0,None,0,None,0,None,0,None,0,None,0,None,0,None
7036038,wave_campaign_hard_015,Campaign,None,90,0,5,True,False,point_grd_swamplandjungle_005,point_fly_swamplandjungle_005,sbg_swamplandjungle_005,SwamplandJungle,Night,ibg_swamplandjungle_001,0,42,0,target_list,1310010141.0,path_grd_mid_small_055,-1,path_fly_mid_elite1_802,-1,path_grd_mid_small_043,8,path_fly_mid_elite1_802,0,path_grd_mid_small_034,10,path_grd_mid_small_046,8,,-1,,-1,,-1,,-1,-1074937155,Drop,-1074937155,Drop,-1074937155,Drop,-1074937155,Drop,1210030141,Dash,1210030141,Dash,1210030141,Dash,1310010241,Dash,-1074937155,Drop,-1074937155,Drop,-1074937155,Drop,-1074887155,Drop,1210030141,Dash,1210030141,Dash,1210030141,Dash,1310010141,Dash,-1074887155,Drop,-1074937155,Drop,-1074937155,Drop,-1074937155,Drop,-1074937155,Drop,-1074937155,Drop,-1074937155,Drop,-1074887155,Drop,0,None,0,None,0,None,0,None,0,None,0,None,0,None,0,None,0,None,0,None,0,None,0,None,0,None,0,None,0,None,0,None
7036039,wave_campaign_hard_015,Campaign,None,90,0,7,True,False,point_grd_swamplandjungle_001,point_fly_swamplandjungle_001,sbg_swamplandjungle_001,SwamplandJungle,Night,ibg_swamplandjungle_001,0,69,0,target_list,1310020141.0,path_grd_mid_small_002,-1,path_fly_mid_elite2_805,5,path_fly_mid_special_047,12,path_fly_mid_elite1_802,0,path_fly_mid_special_047,10,path_grd_mid_elite2_805,-1,path_fly_mid_small_002,8,,-1,,-1,,-1,-2074957155,Dash,-2074957155,Dash,-2074957155,Dash,-2074957155,Dash,1210030141,Dash,1110010141,Dash,1310020241,Drop,1310010241,Drop,1210030141,Dash,2110010141,Dash,1210050141,Drop,1210050141,Drop,1210030141,Dash,1210030141,Dash,1210050141,Drop,1310010241,Drop,1210030141,Dash,2110010141,Dash,1210050141,Dash,1310020141,Dash,-2074957155,Dash,2120010141,Dash,-2074957155,Dash,-2074957155,Dash,1210030141,Dash,1210030141,Dash,1210030141,Dash,1210030141,Dash,0,None,0,None,0,None,0,None,0,None,0,None,0,None,0,None,0,None,0,None,0,None,0,None
7036040,wave_campaign_hard_015,Campaign,None,90,0,5,True,False,point_grd_swamplandjungle_002,point_fly_swamplandjungle_002,sbg_swamplandjungle_002,SwamplandJungle,Night,ibg_swamplandjungle_001,0,24,18,target_list,1320010141.0,path_grd_mid_small_002,-1,path_grd_far_elite1_803,6,path_grd_mid_small_055,10,path_grd_far_elite1_803,0,path_grd_mid_small_070,7,path_grd_mid_small_043,6,,-1,,-1,,-1,,-1,1220040141,Jump,1220040141,Jump,1220040141,Jump,-2074927155,Dash,-2074957155,Drop,-2074957155,Drop,-2074927155,Drop,1320010241,Drop,1220040141,Dash,1220040141,Dash,1220040141,Dash,1220050141,Dash,-2074957155,Drop,-2074957155,Drop,-2074927155,Drop,1320010141,Drop,1220040141,Jump,1220050141,Jump,1220040141,Jump,-2074927155,Dash,-2074957155,Drop,1220050141,Drop,-2074957155,Drop,-2074957155,Drop,0,None,0,None,0,None,0,None,0,None,0,None,0,None,0,None,0,None,0,None,0,None,0,None,0,None,0,None,0,None,0,None
7036041,wave_campaign_hard_015,Campaign,None,90,0,5,True,False,point_grd_swamplandjungle_004,point_fly_swamplandjungle_004,sbg_swamplandjungle_004,SwamplandJungle,Night,ibg_swamplandjungle_001,0,39,6,target_list,-974927155.0,path_grd_far_small_053,-1,path_grd_mid_elite1_802,6,path_fly_mid_small_050,-1,path_grd_mid_elite2_808,0,path_fly_mid_special_016,6,,-1,,-1,,-1,,-1,,-1,1220060141,Dash,1220060141,Dash,1220060141,Dash,-1074947155,Dash,-1074917155,Jump,-1074917155,Jump,-2074917155,Drop,-974927055,Drop,-2084957155,Drop,-2084957155,Drop,-2084957155,Drop,1210040141,Drop,-1074917155,Jump,-1074917155,Jump,-974927055,Drop,-974927155,Drop,-2084957155,Drop,2110010141,Drop,-2084957155,Drop,1210040141,Drop,0,None,0,None,0,None,0,None,0,None,0,None,0,None,0,None,0,None,0,None,0,None,0,None,0,None,0,None,0,None,0,None,0,None,0,None,0,None,0,None
7036042,wave_campaign_hard_015,Campaign,None,90,0,7,True,False,point_grd_swamplandjungle_005,point_fly_swamplandjungle_005,sbg_swamplandjungle_005,SwamplandJungle,Night,ibg_swamplandjungle_001,0,48,6,target_list,-974897155.0,path_fly_mid_small_018,-1,path_grd_mid_elite1_802,5,path_grd_mid_small_034,10,path_fly_mid_small_036,-1,path_grd_mid_elite2_805,0,path_grd_far_small_035,10,path_fly_mid_small_002,6,path_grd_mid_small_008,-1,,-1,,-1,1210030141,Jump,1210030141,Jump,1210030141,Jump,1210030141,Jump,-2074937155,Dash,-1074877155,Dash,-2074927155,Drop,-974887055,Drop,-974897055,Drop,-2074937155,Dash,1220040141,Dash,-2074937155,Dash,1210030141,Drop,1210030141,Drop,1210030141,Drop,1210030141,Drop,-2074937155,Dash,-1074877155,Dash,-974887055,Drop,-974887055,Drop,-974897155,Drop,-2074937155,Dash,-2074937155,Dash,-2074927155,Dash,1210030141,Dash,1210030141,Dash,1210030141,Dash,1210030141,Dash,-1074877155,Drop,-2074937155,Drop,-2074937155,Drop,-1074877155,Drop,0,None,0,None,0,None,0,None,0,None,0,None,0,None,0,None
7036043,wave_campaign_hard_015,Campaign,None,90,0,7,True,False,point_grd_swamplandjungle_003,point_fly_swamplandjungle_003,sbg_swamplandjungle_003,SwamplandJungle,Night,ibg_swamplandjungle_001,0,42,0,target_list,1310020141.0,path_fly_mid_small_018,-1,path_fly_mid_elite1_802,5,path_fly_mid_small_027,8,path_fly_mid_small_036,0,path_fly_mid_elite1_802,7,path_fly_mid_small_024,-1,,-1,,-1,,-1,,-1,-2084957155,Drop,-2084957155,Drop,-2084957155,Drop,-2084957155,Drop,-2084957155,Dash,-2084957155,Dash,-1084927155,Dash,1310020241,Dash,-1084917155,Dash,-2084957155,Dash,-2084957155,Dash,-2084957155,Dash,-2084957155,Drop,-1084927155,Drop,-1084917155,Drop,-2084957155,Drop,-2084957155,Dash,-2084957155,Dash,-1084927155,Drop,1310020141,Drop,-1084927155,Drop,-2084957155,Drop,-1084917155,Drop,-2084957155,Drop,0,None,0,None,0,None,0,None,0,None,0,None,0,None,0,None,0,None,0,None,0,None,0,None,0,None,0,None,0,None,0,None
7036044,wave_campaign_hard_015,Campaign,None,90,0,7,True,False,point_grd_swamplandjungle_002,point_fly_swamplandjungle_002,sbg_swamplandjungle_002,SwamplandJungle,Night,ibg_swamplandjungle_001,0,42,0,target_list,-1984917155.0,path_grd_mid_small_034,-1,path_fly_mid_elite1_802,6,path_grd_mid_small_058,10,path_grd_mid_small_070,0,path_fly_mid_elite1_802,-1,path_grd_mid_small_055,8,,-1,,-1,,-1,,-1,-1074877155,Drop,-1074937155,Drop,-1074937155,Drop,-1074937155,Drop,-1084947155,Dash,-1084947155,Dash,1210040141,Dash,1310040241,Drop,-1074937155,Drop,-1074937155,Drop,-1074937155,Drop,-1074877155,Drop,-1074937155,Dash,-1074937155,Dash,-1074937155,Dash,-1074877155,Dash,-1084947155,Dash,-1084947155,Dash,1210040141,Dash,-1984917155,Drop,-1074937155,Drop,-1074937155,Drop,-1074937155,Drop,-1074877155,Drop,0,None,0,None,0,None,0,None,0,None,0,None,0,None,0,None,0,None,0,None,0,None,0,None,0,None,0,None,0,None,0,None
7036045,wave_campaign_hard_015,Campaign,None,180,0,5,False,False,point_grd_blacksnake_01,point_fly_blacksnake_01,sbg_swamplandjunglebbg008,SwamplandJungle,Night,ibg_swamplandjungle_001,0,0,1,target_list,1520080111.0,b_g_blacksnake_01,-1,,-1,,-1,,-1,,-1,,-1,,-1,,-1,,-1,,-1,1520080111,Normal,0,None,0,None,0,None,0,None,0,None,0,None,0,None,0,None,0,None,0,None,0,None,0,None,0,None,0,None,0,None,0,None,0,None,0,None,0,None,0,None,0,None,0,None,0,None,0,None,0,None,0,None,0,None,0,None,0,None,0,None,0,None,0,None,0,None,0,None,0,None,0,None,0,None,0,None,0,None
7036046,wave_campaign_hard_015,BaseDefense,None,60,normal,7,True,True,point_grd_swamplandjungle_002_midclear,point_fly_swamplandjungle_002,sbg_swamplandjungle_002_midclear,SwamplandJungle,Night,ibg_swamplandjungle_basedefense_001,6,27,27,,,path_grd_far_elite1_803,-1,path_grd_mid_elite1_802,3,path_grd_close_small_069,5,path_grd_far_elite2_806,2,path_grd_mid_small_011,-1,path_grd_mid_small_070,5,path_grd_mid_small_075,6,path_grd_far_elite1_803,-1,,-1,,-1,1220060151,Drop,1220030151,Drop,-2074927145,Drop,-974947045,Drop,1220030151,Drop,1220030151,Drop,-1074877145,Drop,-974947045,Drop,1220050151,Drop,1220050151,Drop,1220050151,Drop,-2074927145,Dash,1220060151,Dash,-1074897145,Dash,-974947045,Drop,-974947045,Drop,1220030151,Drop,1220030151,Drop,-1074877145,Drop,-1074877145,Drop,1220030151,Dash,-1074877145,Dash,1220030151,Dash,-2074927145,Normal,1220050151,Jump,-2074927145,Jump,1220050151,Jump,-2074927145,Jump,-1074897145,Drop,1220030151,Drop,-1074877145,Drop,-974947145,Drop,0,None,0,None,0,None,0,None,0,None,0,None,0,None,0,None
7036047,wave_campaign_hard_015,Campaign,None,180,0,5,False,False,point_grd_harvester_01,point_fly_harvester_01,sbg_desert_b_001_01,Desert,Night,ibg_desert_001,0,0,1,target_list,1520010111.0,b_g_harvester_01,-1,,-1,,-1,,-1,,-1,,-1,,-1,,-1,,-1,,-1,1520010111,Normal,0,None,0,None,0,None,0,None,0,None,0,None,0,None,0,None,0,None,0,None,0,None,0,None,0,None,0,None,0,None,0,None,0,None,0,None,0,None,0,None,0,None,0,None,0,None,0,None,0,None,0,None,0,None,0,None,0,None,0,None,0,None,0,None,0,None,0,None,0,None,0,None,0,None,0,None,0,None
7037001,wave_campaign_hard_015,Campaign,None,90,0,5,True,False,point_grd_swamplandjungle_001,point_fly_swamplandjungle_001,sbg_swamplandjungle_001,SwamplandJungle,Night,ibg_swamplandjungle_001,4,34,4,target_list,1310030121.0,path_fly_mid_small_018,-1,path_fly_mid_special_047,6,path_grd_close_small_004,6,path_fly_mid_elite1_802,0,path_fly_mid_small_024,7,,-1,,-1,,-1,,-1,,-1,-2084947175,Dash,-2084947175,Dash,-2084947175,Drop,-2084947175,Drop,-1084957175,Dash,2110010121,Dash,2110010121,Dash,1310020221,Dash,-1074927175,Drop,-1074927175,Drop,-1074927175,Drop,-1074927175,Drop,-2084947175,Drop,-2084947175,Drop,-2084947175,Drop,1310030121,Drop,-1084957175,Jump,-1084957175,Jump,-1084957175,Jump,1210040121,Jump,0,None,0,None,0,None,0,None,0,None,0,None,0,None,0,None,0,None,0,None,0,None,0,None,0,None,0,None,0,None,0,None,0,None,0,None,0,None,0,None
7037002,wave_campaign_hard_015,Campaign,None,90,0,5,True,False,point_grd_swamplandjungle_003,point_fly_swamplandjungle_003,sbg_swamplandjungle_003,SwamplandJungle,Night,ibg_swamplandjungle_001,0,60,0,target_list,1320040121.0,path_grd_mid_small_008,-1,path_grd_mid_special_025,7,path_fly_mid_elite1_802,4,path_grd_mid_elite1_802,0,path_fly_mid_small_021,10,path_grd_mid_special_025,-1,,-1,,-1,,-1,,-1,-1074917175,Drop,-1074917175,Drop,-1074907175,Dash,-1074907175,Dash,2120010121,Jump,2120010121,Jump,-2074957175,Drop,1320030221,Drop,1210030121,Drop,-2084957175,Drop,-2084957175,Drop,1210040121,Drop,-2074957175,Dash,-2074957175,Dash,-1074907175,Drop,1320040121,Drop,1210010121,Drop,1210010121,Drop,1210010121,Drop,-1084937175,Drop,-1174957175,Jump,-1174957175,Jump,-1174957175,Drop,-1174957175,Drop,0,None,0,None,0,None,0,None,0,None,0,None,0,None,0,None,0,None,0,None,0,None,0,None,0,None,0,None,0,None,0,None
7037003,wave_campaign_hard_015,Campaign,None,90,0,5,True,False,point_grd_swamplandjungle_004,point_fly_swamplandjungle_004,sbg_swamplandjungle_004,SwamplandJungle,Night,ibg_swamplandjungle_001,4,29,6,target_list,-1974947175.0,path_grd_close_small_001,-1,path_grd_mid_small_068,-1,path_grd_mid_small_061,7,path_grd_far_small_044,0,path_grd_mid_elite1_802,7,path_grd_mid_small_043,-1,,-1,,-1,,-1,,-1,1220020121,Jump,-1074907175,Jump,1220020121,Jump,-1074907175,Jump,1220020121,Dash,1220020121,Dash,-2074887175,Dash,-1974947075,Dash,1220020121,Drop,-2074887175,Drop,1220020121,Drop,1220020121,Drop,1220020121,Dash,-2074887175,Dash,1220020121,Dash,-2074887175,Dash,1220020121,Dash,1220020121,Dash,-1074907175,Drop,-1974947175,Drop,1220020121,Dash,-2074887175,Dash,1220020121,Dash,1220020121,Dash,0,None,0,None,0,None,0,None,0,None,0,None,0,None,0,None,0,None,0,None,0,None,0,None,0,None,0,None,0,None,0,None
7037004,wave_campaign_hard_015,Campaign,None,90,0,5,True,False,point_grd_swamplandjungle_005,point_fly_swamplandjungle_005,sbg_swamplandjungle_005,SwamplandJungle,Night,ibg_swamplandjungle_001,12,30,0,target_list,-1984897175.0,path_grd_mid_small_046,-1,path_fly_mid_elite1_802,-1,path_fly_close_small_020,7,path_fly_mid_elite1_802,0,path_grd_close_small_039,7,path_fly_mid_small_005,-1,,-1,,-1,,-1,,-1,-1074927175,Dash,-1074927175,Dash,-1074927175,Dash,-1074927175,Dash,1210020121,Dash,-1084947175,Dash,-1084937175,Drop,-1984897075,Drop,1210020121,Drop,1210020121,Drop,-1084947175,Drop,-1084947175,Drop,1210020121,Dash,-1084947175,Dash,-1084937175,Drop,-1984897175,Drop,-1074927175,Jump,-1074927175,Jump,-1074927175,Jump,-1074927175,Jump,1210020121,Dash,1210020121,Dash,1210020121,Dash,1210020121,Dash,0,None,0,None,0,None,0,None,0,None,0,None,0,None,0,None,0,None,0,None,0,None,0,None,0,None,0,None,0,None,0,None
7037005,wave_campaign_hard_015,Campaign,None,90,0,7,True,False,point_grd_swamplandjungle_003,point_fly_swamplandjungle_003,sbg_swamplandjungle_003,SwamplandJungle,Night,ibg_swamplandjungle_001,0,48,0,target_list,-984947175.0,path_grd_mid_small_012,-1,path_fly_mid_elite1_802,5,path_fly_mid_small_036,9,path_fly_mid_elite2_808,0,path_fly_mid_small_050,10,path_fly_mid_small_053,-1,path_fly_mid_small_024,8,,-1,,-1,,-1,-2074947175,Dash,-2074947175,Dash,-2074947175,Dash,-2074947175,Dash,-2084957175,Dash,-2084957175,Dash,-984947075,Drop,1210060121,Dash,-2084957175,Dash,-2084927175,Dash,-2084957175,Dash,-2084927175,Dash,-2084927175,Dash,-2084957175,Dash,-984947075,Drop,-984947175,Drop,-2084927175,Drop,-2084957175,Drop,-2084957175,Drop,1210060121,Dash,-2084957175,Drop,-2084927175,Drop,-2084957175,Drop,1210060121,Dash,-2084957175,Dash,-2084957175,Dash,-2084957175,Dash,-2084957175,Dash,0,None,0,None,0,None,0,None,0,None,0,None,0,None,0,None,0,None,0,None,0,None,0,None
7037006,wave_campaign_hard_015,Campaign,None,90,0,5,True,False,point_grd_swamplandjungle_004,point_fly_swamplandjungle_004,sbg_swamplandjungle_004,SwamplandJungle,Night,ibg_swamplandjungle_001,0,45,0,target_list,-1984927175.0,path_fly_mid_small_018,-1,path_grd_mid_elite1_802,-1,path_grd_mid_small_070,-1,path_fly_mid_small_033,7,path_fly_mid_elite1_802,0,path_grd_mid_elite1_802,8,,-1,,-1,,-1,,-1,-1084947175,Jump,-1084947175,Jump,-1084947175,Jump,-1084947175,Jump,-1074917175,Drop,-1074917175,Drop,-2074917175,Drop,-1974937075,Drop,-2074957175,Drop,-2074957175,Drop,-1074947175,Drop,-2074957175,Drop,-1084947175,Drop,-1084947175,Drop,-1084947175,Drop,-1084927175,Drop,-2084957175,Dash,-2084957175,Dash,1210040121,Drop,-1984927175,Drop,2120010121,Drop,-2074957175,Drop,-1074947175,Drop,-2074917175,Drop,0,None,0,None,0,None,0,None,0,None,0,None,0,None,0,None,0,None,0,None,0,None,0,None,0,None,0,None,0,None,0,None
7037007,wave_campaign_hard_015,Campaign,None,90,0,7,True,False,point_grd_swamplandjungle_001,point_fly_swamplandjungle_001,sbg_swamplandjungle_001,SwamplandJungle,Night,ibg_swamplandjungle_001,0,21,27,target_list,1320010121.0,path_grd_mid_small_002,-1,path_grd_mid_elite2_805,5,path_grd_far_small_009,9,path_grd_far_small_071,0,path_grd_far_elite2_809,-1,path_grd_mid_small_043,10,path_grd_mid_small_073,-1,,-1,,-1,,-1,1220010121,Dash,1220010121,Dash,1220010121,Dash,-2074887175,Dash,1220010121,Dash,-1074897175,Dash,-1974917075,Drop,-1974917075,Drop,1220010121,Drop,-2074887175,Drop,1220010121,Drop,-2074887175,Drop,1220010121,Drop,1220010121,Drop,1220010121,Drop,-2074887175,Dash,1220010121,Dash,-1074897175,Dash,-1974917075,Drop,1320010121,Drop,1220010121,Drop,-2074887175,Drop,1220010121,Drop,-2074887175,Drop,-1074897175,Dash,1220010121,Dash,1220010121,Dash,-2074887175,Drop,0,None,0,None,0,None,0,None,0,None,0,None,0,None,0,None,0,None,0,None,0,None,0,None
7037008,wave_campaign_hard_015,Campaign,None,90,0,5,True,False,point_grd_swamplandjungle_002,point_fly_swamplandjungle_002,sbg_swamplandjungle_002,SwamplandJungle,Night,ibg_swamplandjungle_001,21,27,0,target_list,-1974907175.0,path_grd_mid_small_049,-1,path_fly_mid_special_016,7,path_grd_close_small_051,6,path_fly_mid_small_050,0,path_grd_close_elite1_801,7,path_grd_close_small_001,-1,,-1,,-1,,-1,,-1,-1074917175,Drop,-1074917175,Drop,-1074917175,Drop,-1074917175,Drop,-2084947175,Jump,2110010121,Jump,2110010121,Jump,1310010221,Jump,1220040121,Dash,1220040121,Dash,1220040121,Dash,1220040121,Dash,1210020121,Jump,1210040121,Jump,1210020121,Dash,1210040121,Drop,-1074937175,Jump,-1074937175,Jump,-1074937175,Dash,-1974907175,Drop,-1074927175,Jump,-1074927175,Jump,-1074927175,Jump,-1074927175,Jump,0,None,0,None,0,None,0,None,0,None,0,None,0,None,0,None,0,None,0,None,0,None,0,None,0,None,0,None,0,None,0,None
7037009,wave_campaign_hard_015,Campaign,None,90,0,5,True,False,point_grd_swamplandjungle_005,point_fly_swamplandjungle_005,sbg_swamplandjungle_005,SwamplandJungle,Night,ibg_swamplandjungle_001,0,42,0,target_list,1310010121.0,path_grd_mid_small_055,-1,path_fly_mid_elite1_802,-1,path_grd_mid_small_043,8,path_fly_mid_elite1_802,0,path_grd_mid_small_034,10,path_grd_mid_small_046,8,,-1,,-1,,-1,,-1,-1074937175,Drop,-1074937175,Drop,-1074937175,Drop,-1074937175,Drop,1210030121,Dash,1210030121,Dash,1210030121,Dash,1310010221,Dash,-1074937175,Drop,-1074937175,Drop,-1074937175,Drop,-1074887175,Drop,1210030121,Dash,1210030121,Dash,1210030121,Dash,1310010121,Dash,-1074887175,Drop,-1074937175,Drop,-1074937175,Drop,-1074937175,Drop,-1074937175,Drop,-1074937175,Drop,-1074937175,Drop,-1074887175,Drop,0,None,0,None,0,None,0,None,0,None,0,None,0,None,0,None,0,None,0,None,0,None,0,None,0,None,0,None,0,None,0,None
7037010,wave_campaign_hard_015,Campaign,None,90,0,7,True,False,point_grd_swamplandjungle_003,point_fly_swamplandjungle_003,sbg_swamplandjungle_003,SwamplandJungle,Night,ibg_swamplandjungle_001,6,51,0,target_list,-1984897175.0,path_grd_mid_small_070,-1,path_fly_mid_elite2_805,-1,path_fly_mid_small_024,10,path_grd_mid_small_011,-1,path_fly_mid_elite2_808,0,path_fly_mid_elite1_802,10,path_grd_close_small_069,-1,path_fly_mid_small_024,-1,,-1,,-1,-1074917175,Dash,-1074917175,Dash,-1074917175,Dash,-2074927175,Dash,1210030121,Dash,-2084947175,Dash,-1984907075,Drop,-1984897075,Drop,1210030121,Dash,-2084947175,Dash,1210030121,Dash,-2084947175,Dash,-1074917175,Dash,-1074917175,Dash,1220050121,Dash,1220050121,Dash,1210030121,Dash,-2084947175,Dash,-1984907075,Drop,-1984897075,Drop,1210030121,Dash,-2084947175,Dash,-1084937175,Dash,-1984897175,Drop,-1074917175,Drop,-1074917175,Drop,-1074917175,Drop,1220050121,Dash,1210030121,Dash,-2084947175,Dash,1210030121,Dash,-2084947175,Dash,0,None,0,None,0,None,0,None,0,None,0,None,0,None,0,None
7037011,wave_campaign_hard_015,BaseDefense,None,60,normal,6,True,True,point_grd_swamplandjungle_002_midclear,point_fly_swamplandjungle_002,sbg_swamplandjungle_002_midclear,SwamplandJungle,Night,ibg_swamplandjungle_basedefense_001,0,60,0,,,path_grd_mid_small_046,-1,path_grd_mid_small_043,-1,path_grd_mid_small_011,-1,path_grd_mid_elite1_802,3,path_fly_mid_small_033,8,path_grd_mid_special_065,-1,path_grd_mid_small_076,5,path_grd_mid_small_008,7,,-1,,-1,-2074937175,Drop,-2074937175,Drop,-2074937175,Drop,-2074927175,Drop,-2074937175,Dash,-2074937175,Dash,-2074937175,Dash,-2074927175,Dash,-1074917175,Jump,-1074917175,Jump,-1074917175,Jump,-1074917175,Jump,-2074937175,Dash,-2074937175,Dash,-2074937175,Dash,-974897075,Drop,-2074937175,Drop,-2074937175,Drop,-1084937175,Drop,-1084937175,Drop,-1174957175,Jump,-1174957175,Jump,-2074937175,Jump,-2074937175,Jump,-1074917175,Dash,-1074917175,Dash,-1074917175,Dash,-1074917175,Dash,-2074937175,Dash,-2074937175,Dash,-2074927175,Drop,-974897075,Drop,0,None,0,None,0,None,0,None,0,None,0,None,0,None,0,None
7037012,wave_campaign_hard_015,BaseDefense,None,60,normal,7,True,True,point_grd_swamplandjungle_002_midclear,point_fly_swamplandjungle_002,sbg_swamplandjungle_002_midclear,SwamplandJungle,Night,ibg_swamplandjungle_basedefense_001,0,45,12,,,path_grd_far_small_044,-1,path_grd_mid_elite1_802,5,path_grd_mid_small_052,5,path_grd_mid_small_049,1,path_grd_mid_elite2_808,7,path_grd_far_small_071,5,path_grd_mid_small_075,6,path_fly_mid_elite1_802,-1,,-1,,-1,-1074897175,Dash,-2074887175,Dash,-2074927175,Drop,-974947075,Drop,1220040121,Jump,1220040121,Jump,-1074897175,Drop,-974917075,Drop,1220040121,Dash,-1074897175,Dash,1220040121,Dash,-2074887175,Dash,1220040121,Jump,-1074947175,Jump,-1074947175,Jump,-974927075,Drop,1220040121,Jump,1220040121,Jump,1320030221,Drop,-974947075,Drop,-1074897175,Dash,-2074887175,Dash,-1074897175,Dash,-2074927175,Dash,1220040121,Jump,1220040121,Jump,-2074887175,Jump,-2074927175,Jump,-1074897175,Drop,1220040121,Drop,-2074927175,Drop,-974947175,Drop,0,None,0,None,0,None,0,None,0,None,0,None,0,None,0,None
7037013,wave_campaign_hard_015,Defense,None,90,20,7,True,True,point_grd_swamplandjungle_004_rightclear,point_fly_swamplandjungle_004_rightclear,sbg_swamplandjungle_004_rightclear,SwamplandJungle,Night,ibg_swamplandjungle_defense_001,11,55,12,,,path_grd_mid_small_037,-1,path_grd_far_small_044,8,path_grd_mid_special_025,-1,path_fly_mid_elite1_802,4,path_grd_far_small_038,12,path_grd_close_special_064,10,path_grd_mid_small_075,10,path_fly_mid_elite1_802,-1,path_fly_mid_small_005,15,,-1,-1074917175,Jump,-1074917175,Jump,-1074917175,Jump,-1074917175,Jump,-1074907175,Drop,-1074907175,Drop,-1074907175,Drop,-1074907175,Drop,1120010121,Drop,1120010121,Drop,-1074917175,Drop,-2074927175,Drop,-2084947175,Drop,-2084947175,Drop,1210040121,Dash,-984937075,Dash,-1074907175,Jump,-1074907175,Jump,-1074907175,Jump,-1074907175,Jump,1120010121,Jump,1120010121,Jump,-1074917175,Dash,-1074917175,Dash,-1074917175,Jump,-1074907175,Dash,-1074917175,Jump,-1074907175,Dash,-2084947175,Jump,-2084947175,Jump,1210040121,Normal,-984937075,Dash,-2084947175,Dash,-2084947175,Dash,1210040121,Normal,-1984947075,Normal,0,None,0,None,0,None,0,None
7037014,wave_campaign_hard_015,Defense,None,90,20,8,True,True,point_grd_swamplandjungle_004_rightclear,point_fly_swamplandjungle_004_rightclear,sbg_swamplandjungle_004_rightclear,SwamplandJungle,Night,ibg_swamplandjungle_defense_001,10,50,6,,,path_grd_close_elite1_801,-1,path_fly_mid_small_005,12,path_grd_close_small_048,-1,path_grd_far_small_033,-1,path_grd_mid_elite3_814,3,path_fly_mid_small_005,-1,path_grd_mid_elite1_802,-1,path_grd_mid_small_075,10,path_fly_mid_elite3_814,-1,,-1,-1074917175,Dash,-1074917175,Dash,-1074887175,Drop,-974957075,Drop,-2084947175,Drop,-2084947175,Drop,-2084947175,Drop,1210060121,Drop,-1074917175,Dash,-1074947175,Jump,-1074917175,Dash,-1074947175,Jump,-1074917175,Jump,-1074917175,Jump,-1074917175,Jump,-1074947175,Dash,-1074917175,Jump,-1074887175,Drop,-974957075,Jump,-974957175,Normal,-2084947175,Dash,-2084947175,Dash,-2084947175,Dash,1210060121,Drop,-1074917175,Jump,-1074917175,Jump,-1074887175,Drop,-2074927175,Dash,-1074917175,Dash,-1074887175,Dash,-1074917175,Dash,-1074917175,Dash,-2084947175,Dash,1210060121,Drop,1310020221,Dash,1310020221,Jump,0,None,0,None,0,None,0,None
7037015,wave_campaign_hard_015,Campaign,None,90,0,5,True,False,point_grd_swamplandjungle_003,point_fly_swamplandjungle_003,sbg_swamplandjungle_003,SwamplandJungle,Night,ibg_swamplandjungle_001,0,30,12,target_list,-1974917175.0,path_grd_mid_small_002,-1,path_grd_mid_special_065,6,path_grd_far_small_009,8,path_grd_mid_elite1_802,0,path_grd_far_small_050,-1,,-1,,-1,,-1,,-1,,-1,-1074917175,Drop,-1074917175,Drop,-1074917175,Dash,-2074927175,Dash,-1174957175,Drop,-1174957175,Drop,-1074917175,Drop,-1974917075,Drop,-1074897175,Jump,-1074897175,Jump,1220030121,Jump,-2074927175,Jump,-1074927175,Jump,-1074927175,Jump,-2074927175,Drop,-1974917175,Drop,-1074897175,Drop,1220030121,Drop,-1074897175,Drop,1220030121,Drop,0,None,0,None,0,None,0,None,0,None,0,None,0,None,0,None,0,None,0,None,0,None,0,None,0,None,0,None,0,None,0,None,0,None,0,None,0,None,0,None
7037016,wave_campaign_hard_015,Campaign,None,90,0,5,True,False,point_grd_swamplandjungle_004,point_fly_swamplandjungle_004,sbg_swamplandjungle_004,SwamplandJungle,Night,ibg_swamplandjungle_001,0,42,0,target_list,-1974957175.0,path_grd_mid_small_002,-1,path_fly_mid_small_050,-1,path_grd_mid_elite1_802,8,path_grd_mid_elite2_808,0,path_fly_mid_small_050,10,path_grd_mid_small_043,7,,-1,,-1,,-1,,-1,-1074927175,Dash,-1074927175,Dash,-1074927175,Dash,-1074927175,Dash,-1084957175,Dash,-1084957175,Dash,-1084957175,Dash,-1084937175,Dash,-1074927175,Drop,-1074927175,Drop,-1074907175,Drop,-1974957075,Drop,-1074927175,Dash,-1074907175,Dash,1320030221,Drop,-1974957175,Drop,-1084957175,Dash,-1084957175,Dash,-1084957175,Dash,-1084937175,Dash,-1074927175,Drop,-1074907175,Drop,-1074927175,Drop,-1074907175,Drop,0,None,0,None,0,None,0,None,0,None,0,None,0,None,0,None,0,None,0,None,0,None,0,None,0,None,0,None,0,None,0,None
7037017,wave_campaign_hard_015,Campaign,None,90,0,7,True,False,point_grd_swamplandjungle_001,point_fly_swamplandjungle_001,sbg_swamplandjungle_001,SwamplandJungle,Night,ibg_swamplandjungle_001,0,48,6,target_list,1320060121.0,path_grd_mid_small_034,-1,path_fly_mid_small_042,-1,path_fly_mid_elite3_814,10,path_grd_mid_small_005,-1,path_fly_mid_elite1_802,0,path_grd_mid_elite1_802,10,path_fly_mid_elite3_814,6,,-1,,-1,,-1,-2074927175,Drop,-2074957175,Dash,-2074957175,Dash,1320060221,Dash,-2084957175,Dash,-2084957175,Dash,-1084927175,Drop,-1984897075,Drop,-2084957175,Drop,-1084927175,Drop,-1084927175,Drop,-1084927175,Drop,-2074957175,Dash,-2074957175,Dash,-2074957175,Dash,-2074957175,Dash,-2084957175,Dash,-2084957175,Dash,-1084927175,Drop,-1984897075,Drop,-2074957175,Dash,-2074957175,Dash,-2074927175,Drop,1320060121,Drop,-2084957175,Drop,-1084927175,Drop,-1084927175,Drop,-1084927175,Drop,0,None,0,None,0,None,0,None,0,None,0,None,0,None,0,None,0,None,0,None,0,None,0,None
7037018,wave_campaign_hard_015,Campaign,None,90,0,5,True,False,point_grd_swamplandjungle_005,point_fly_swamplandjungle_005,sbg_swamplandjungle_005,SwamplandJungle,Night,ibg_swamplandjungle_001,18,33,0,target_list,-984917175.0,path_grd_close_small_001,-1,path_fly_mid_elite1_802,7,path_grd_close_small_051,-1,path_fly_mid_elite1_802,0,path_grd_close_small_042,-1,path_grd_mid_special_025,-1,,-1,,-1,,-1,,-1,-1074937175,Jump,-1074937175,Jump,-1074937175,Dash,-2074927175,Dash,-1084957175,Dash,-1084957175,Dash,-1084957175,Dash,-984917075,Dash,-2074957175,Dash,-2074957175,Dash,-2074927175,Dash,-2074957175,Dash,1210010121,Dash,1210010121,Dash,-1084937175,Drop,-984917175,Drop,-1074917175,Dash,-1074917175,Dash,-1074917175,Dash,-2074927175,Dash,-1174957175,Jump,-1174957175,Jump,-1174957175,Drop,-1174957175,Drop,0,None,0,None,0,None,0,None,0,None,0,None,0,None,0,None,0,None,0,None,0,None,0,None,0,None,0,None,0,None,0,None
7037019,wave_campaign_hard_015,Campaign,None,90,0,5,True,False,point_grd_swamplandjungle_002,point_fly_swamplandjungle_002,sbg_swamplandjungle_002,SwamplandJungle,Night,ibg_swamplandjungle_001,0,42,0,target_list,-1984907175.0,path_fly_mid_small_018,-1,path_fly_mid_elite2_808,-1,path_fly_mid_small_050,8,path_fly_mid_small_050,0,path_fly_mid_elite2_808,-1,path_fly_mid_small_002,8,,-1,,-1,,-1,,-1,-2084947175,Dash,1210010121,Dash,-2084947175,Dash,1210010121,Dash,-2084947175,Dash,1210010121,Dash,1210060121,Dash,-1984907075,Drop,-2084947175,Dash,-2084947175,Dash,-2084947175,Dash,1210060121,Dash,-2084947175,Dash,-2084947175,Dash,-2084947175,Dash,1210060121,Dash,-2084947175,Dash,1210010121,Dash,-1984907175,Dash,1210060121,Drop,-2084947175,Dash,1210010121,Dash,-2084947175,Dash,1210010121,Dash,0,None,0,None,0,None,0,None,0,None,0,None,0,None,0,None,0,None,0,None,0,None,0,None,0,None,0,None,0,None,0,None
7037020,wave_campaign_hard_015,Campaign,None,90,0,7,True,False,point_grd_swamplandjungle_003,point_fly_swamplandjungle_003,sbg_swamplandjungle_003,SwamplandJungle,Night,ibg_swamplandjungle_001,0,54,0,target_list,-1984917175.0,path_grd_mid_small_070,-1,path_fly_mid_small_033,5,path_grd_mid_elite1_802,10,path_fly_mid_small_030,-1,path_fly_mid_elite2_808,0,path_grd_mid_small_070,8,path_fly_mid_small_036,-1,path_fly_mid_small_024,8,,-1,,-1,-2074937175,Drop,-2074937175,Drop,-2074937175,Drop,-2074917175,Normal,-2084957175,Drop,1210030121,Drop,-2084957175,Drop,-1984927075,Drop,-2074937175,Dash,-2074937175,Dash,-2074917175,Drop,-974927075,Drop,-2084957175,Drop,-2084957175,Drop,-2084957175,Drop,-2084957175,Drop,-2084957175,Dash,1210030121,Dash,-1984927075,Drop,-1984917175,Drop,-2074937175,Drop,-2074937175,Drop,-2074937175,Drop,-2074917175,Dash,-2084957175,Dash,-2084957175,Dash,1210030121,Dash,1210030121,Dash,1210030121,Dash,-2084957175,Dash,1210030121,Dash,-2084957175,Dash,0,None,0,None,0,None,0,None,0,None,0,None,0,None,0,None
7037021,wave_campaign_hard_015,Campaign,None,90,0,5,True,False,point_grd_swamplandjungle_004,point_fly_swamplandjungle_004,sbg_swamplandjungle_004,SwamplandJungle,Night,ibg_swamplandjungle_001,0,45,0,target_list,1310040121.0,path_fly_mid_small_030,-1,path_fly_mid_elite1_802,-1,path_fly_mid_small_036,-1,path_fly_mid_elite2_808,0,path_fly_mid_special_016,7,,-1,,-1,,-1,,-1,,-1,-2084957175,Dash,-2084957175,Dash,-2084957175,Dash,-2084957175,Dash,1210010121,Dash,-2084957175,Dash,-2084957175,Dash,-1984897075,Drop,-2084957175,Drop,-2084957175,Drop,1210010121,Drop,1210010121,Drop,-2084957175,Dash,1210010121,Dash,-1984897075,Drop,1310040121,Drop,-2084957175,Dash,1210010121,Dash,2110010121,Dash,-1084937175,Dash,0,None,0,None,0,None,0,None,0,None,0,None,0,None,0,None,0,None,0,None,0,None,0,None,0,None,0,None,0,None,0,None,0,None,0,None,0,None,0,None
7037022,wave_campaign_hard_015,Campaign,None,90,0,5,True,False,point_grd_swamplandjungle_002,point_fly_swamplandjungle_002,sbg_swamplandjungle_002,SwamplandJungle,Night,ibg_swamplandjungle_001,0,42,0,target_list,-974897175.0,path_grd_mid_small_055,-1,path_grd_mid_elite2_805,-1,path_fly_mid_small_027,10,path_grd_mid_elite3_814,0,path_fly_mid_small_027,8,path_grd_mid_small_061,10,,-1,,-1,,-1,,-1,-1074917175,Drop,-1074917175,Drop,-1074917175,Drop,-1074917175,Drop,-1074917175,Drop,-1074917175,Drop,-974897075,Dash,-974897075,Dash,-2084937175,Drop,1210020121,Dash,1210020121,Dash,1210020121,Dash,-1074917175,Drop,-974897075,Jump,-974897075,Jump,-974897175,Jump,-2084937175,Drop,1210020121,Dash,1210020121,Dash,1210020121,Dash,-1074917175,Dash,-1074917175,Dash,-1074917175,Dash,-1074917175,Dash,0,None,0,None,0,None,0,None,0,None,0,None,0,None,0,None,0,None,0,None,0,None,0,None,0,None,0,None,0,None,0,None
7037023,wave_campaign_hard_015,Campaign,None,90,0,7,True,False,point_grd_swamplandjungle_001,point_fly_swamplandjungle_001,sbg_swamplandjungle_001,SwamplandJungle,Night,ibg_swamplandjungle_001,0,40,17,target_list,-974947175.0,path_grd_mid_small_002,-1,path_grd_mid_elite2_808,5,path_grd_mid_small_037,9,path_grd_mid_small_040,-1,path_grd_mid_elite1_802,0,path_grd_far_elite2_806,10,path_grd_mid_small_005,-1,path_grd_mid_small_043,-1,,-1,,-1,1220040121,Jump,-1074907175,Jump,1220040121,Jump,-1074907175,Jump,1220040121,Dash,-1074907175,Dash,-1974947075,Drop,-974947075,Drop,1220040121,Dash,-2074887175,Dash,1220040121,Dash,-2074887175,Dash,1220040121,Dash,-2074887175,Dash,1220040121,Dash,-2074887175,Dash,1220040121,Dash,-1074907175,Dash,-2074887175,Drop,-1974947075,Drop,1220040121,Dash,-1074907175,Dash,-974947075,Drop,-974947175,Drop,1220040121,Dash,-2074887175,Dash,1220040121,Dash,-2074887175,Dash,1220040121,Drop,-1074907175,Drop,1220040121,Drop,-1074907175,Drop,0,None,0,None,0,None,0,None,0,None,0,None,0,None,0,None
7037024,wave_campaign_hard_015,Campaign,None,90,0,5,True,False,point_grd_swamplandjungle_003,point_fly_swamplandjungle_003,sbg_swamplandjungle_003,SwamplandJungle,Night,ibg_swamplandjungle_001,0,42,0,target_list,-1984947175.0,path_grd_mid_small_002,-1,path_fly_mid_elite1_802,-1,path_fly_mid_small_039,7,path_fly_mid_small_039,0,path_fly_mid_elite1_802,8,path_grd_mid_small_043,8,,-1,,-1,,-1,,-1,1220060121,Dash,1220060121,Dash,1220060121,Dash,1220060121,Dash,-2084947175,Dash,-2084947175,Dash,1210050121,Drop,-1984947075,Drop,-2084947175,Drop,-2084947175,Drop,-2084947175,Drop,-2084947175,Drop,-2084947175,Drop,-2084947175,Drop,1210050121,Drop,1210050121,Drop,-2084947175,Dash,-2084947175,Dash,1210050121,Drop,-1984947175,Drop,1220060121,Dash,1220060121,Dash,1220060121,Dash,1220060121,Dash,0,None,0,None,0,None,0,None,0,None,0,None,0,None,0,None,0,None,0,None,0,None,0,None,0,None,0,None,0,None,0,None
7037025,wave_campaign_hard_015,Campaign,None,90,0,7,True,False,point_grd_swamplandjungle_005,point_fly_swamplandjungle_005,sbg_swamplandjungle_005,SwamplandJungle,Night,ibg_swamplandjungle_001,0,42,0,target_list,-1974907175.0,path_grd_mid_small_070,-1,path_grd_mid_elite1_802,-1,path_grd_mid_small_012,-1,path_grd_mid_elite1_802,0,path_grd_mid_small_070,-1,path_grd_mid_small_070,-1,,-1,,-1,,-1,,-1,1220010121,Jump,1220010121,Jump,1220010121,Jump,-2074917175,Dash,1220010121,Dash,-1074947175,Dash,-2074917175,Drop,-1974907075,Drop,1220010121,Dash,-1074947175,Dash,1220010121,Dash,-1074947175,Dash,1220010121,Dash,-1074947175,Dash,-2074917175,Drop,-1974907175,Drop,1220010121,Drop,1220010121,Drop,-1074947175,Drop,-2074917175,Dash,1220010121,Drop,1220010121,Drop,-1074947175,Drop,-2074917175,Dash,0,None,0,None,0,None,0,None,0,None,0,None,0,None,0,None,0,None,0,None,0,None,0,None,0,None,0,None,0,None,0,None
7037026,wave_campaign_hard_015,Campaign,None,90,0,7,True,False,point_grd_swamplandjungle_002,point_fly_swamplandjungle_002,sbg_swamplandjungle_002,SwamplandJungle,Night,ibg_swamplandjungle_001,12,27,12,target_list,-1984917175.0,path_grd_mid_small_046,-1,path_fly_mid_small_050,-1,path_fly_far_small_028,6,path_grd_close_small_045,12,path_grd_mid_elite2_805,0,path_fly_far_small_051,10,path_grd_close_small_060,-1,path_fly_mid_small_050,8,,-1,,-1,-1074927175,Drop,1220050121,Drop,1220050121,Drop,-1074877175,Drop,-1084927175,Drop,-1084957175,Drop,-1084957175,Drop,1210060121,Dash,-1984917075,Drop,-1084957175,Dash,-1084957175,Dash,1210060121,Dash,-1074927175,Drop,1220050121,Drop,1220050121,Drop,-1074877175,Drop,-1074927175,Dash,1220050121,Dash,-1074877175,Drop,-1074877175,Drop,-1084957175,Dash,-1984917075,Dash,1210060121,Dash,-1984917175,Drop,-1074927175,Dash,1220050121,Dash,-1074927175,Dash,1220050121,Dash,-1084927175,Drop,-1084957175,Drop,-1084957175,Drop,1210060121,Dash,0,None,0,None,0,None,0,None,0,None,0,None,0,None,0,None
7037027,wave_campaign_hard_015,Campaign,None,90,0,5,True,False,point_grd_swamplandjungle_003,point_fly_swamplandjungle_003,sbg_swamplandjungle_003,SwamplandJungle,Night,ibg_swamplandjungle_001,0,36,0,target_list,1320060121.0,path_grd_mid_small_055,-1,path_grd_mid_elite3_814,-1,path_grd_mid_small_011,8,path_grd_mid_elite3_814,0,path_grd_mid_small_043,8,,-1,,-1,,-1,,-1,,-1,-2074957175,Drop,-2074957175,Drop,-2074957175,Drop,-2074957175,Drop,-2074947175,Dash,-974957075,Dash,-2074927175,Dash,1320060221,Dash,-2074957175,Drop,-2074957175,Drop,-2074957175,Drop,-2074957175,Drop,-2074947175,Dash,-974957075,Dash,-2074927175,Drop,1320060121,Drop,-2074957175,Drop,-2074957175,Drop,-2074957175,Drop,-2074957175,Drop,0,None,0,None,0,None,0,None,0,None,0,None,0,None,0,None,0,None,0,None,0,None,0,None,0,None,0,None,0,None,0,None,0,None,0,None,0,None,0,None
7037028,wave_campaign_hard_015,Campaign,None,90,0,7,True,False,point_grd_swamplandjungle_004,point_fly_swamplandjungle_004,sbg_swamplandjungle_004,SwamplandJungle,Night,ibg_swamplandjungle_001,0,42,0,target_list,1310020121.0,path_fly_mid_small_018,-1,path_fly_mid_elite1_802,5,path_fly_mid_small_027,8,path_fly_mid_small_036,0,path_fly_mid_elite1_802,7,path_fly_mid_small_024,-1,,-1,,-1,,-1,,-1,-2084957175,Drop,-2084957175,Drop,-2084957175,Drop,-2084957175,Drop,-2084957175,Dash,-2084957175,Dash,-1084927175,Dash,1310020221,Dash,-1084917175,Dash,-2084957175,Dash,-2084957175,Dash,-2084957175,Dash,-2084957175,Drop,-1084927175,Drop,-1084917175,Drop,-2084957175,Drop,-2084957175,Dash,-2084957175,Dash,-1084927175,Drop,1310020121,Drop,-1084927175,Drop,-2084957175,Drop,-1084917175,Drop,-2084957175,Drop,0,None,0,None,0,None,0,None,0,None,0,None,0,None,0,None,0,None,0,None,0,None,0,None,0,None,0,None,0,None,0,None
7037029,wave_campaign_hard_015,Campaign,None,90,0,7,True,False,point_grd_swamplandjungle_001,point_fly_swamplandjungle_001,sbg_swamplandjungle_001,SwamplandJungle,Night,ibg_swamplandjungle_001,7,42,8,target_list,-1984897175.0,path_fly_mid_small_018,-1,path_fly_mid_elite2_808,5,path_grd_close_small_039,-1,path_fly_mid_small_005,9,path_fly_mid_elite2_808,0,path_fly_mid_elite1_802,10,path_grd_close_small_042,-1,path_grd_mid_small_043,9,,-1,,-1,-1084957175,Dash,-1084957175,Dash,-1084927175,Dash,-1084957175,Dash,1210010121,Dash,-1084957175,Dash,-1984927075,Drop,-1984897075,Drop,-2074957175,Dash,-2074957175,Dash,-2074957175,Dash,-2074957175,Dash,-1084957175,Dash,-1084927175,Dash,-1084957175,Dash,-1084957175,Dash,1210010121,Dash,-1084957175,Dash,-1984927075,Drop,-1984927075,Drop,-1084957175,Dash,-1084957175,Dash,-1084927175,Dash,-1984897175,Drop,-2074957175,Dash,-2074957175,Dash,-2074957175,Dash,-2074957175,Dash,-2074957175,Dash,-2074957175,Dash,-2074957175,Dash,-2074957175,Dash,0,None,0,None,0,None,0,None,0,None,0,None,0,None,0,None
7037030,wave_campaign_hard_015,BaseDefense,None,60,normal,6,True,True,point_grd_swamplandjungle_002_midclear,point_fly_swamplandjungle_002,sbg_swamplandjungle_002_midclear,SwamplandJungle,Night,ibg_swamplandjungle_basedefense_001,0,42,12,,,path_grd_mid_small_002,-1,path_grd_far_small_044,5,path_grd_mid_small_012,10,path_grd_mid_elite1_802,3,path_grd_far_small_071,-1,path_grd_mid_small_012,7,path_grd_mid_small_076,5,path_grd_mid_elite1_802,7,,-1,,-1,1220060121,Drop,1220060121,Drop,-1074897175,Dash,-2074887175,Dash,-1074897175,Dash,-2074927175,Dash,-1074897175,Dash,-2074927175,Dash,1220060121,Jump,1220060121,Jump,1220060121,Jump,1220060121,Jump,1220060121,Jump,1220060121,Jump,-2074887175,Drop,-974947075,Drop,-1074897175,Jump,-1074897175,Jump,-1074897175,Jump,-2074927175,Dash,1220060121,Jump,1220060121,Jump,-2074887175,Jump,-2074887175,Jump,1220060121,Jump,1220060121,Jump,1220060121,Jump,1220060121,Jump,-1074897175,Jump,-1074897175,Jump,-2074887175,Drop,-974947075,Drop,0,None,0,None,0,None,0,None,0,None,0,None,0,None,0,None
7037031,wave_campaign_hard_015,BaseDefense,None,60,normal,7,True,True,point_grd_swamplandjungle_002_midclear,point_fly_swamplandjungle_002,sbg_swamplandjungle_002_midclear,SwamplandJungle,Night,ibg_swamplandjungle_basedefense_001,3,66,0,,,path_grd_close_small_067,-1,path_grd_mid_elite1_802,-1,path_grd_mid_special_025,6,path_grd_mid_elite1_802,1,path_fly_mid_elite2_805,-1,path_grd_mid_small_052,5,path_grd_mid_small_075,6,path_grd_mid_elite1_802,-1,,-1,,-1,-1074927175,Dash,-1074927175,Dash,-2074917175,Drop,-1974947075,Drop,-2074957175,Jump,-2074957175,Jump,-2074917175,Drop,-974917075,Drop,-1074927175,Jump,-1074927175,Jump,-2074957175,Drop,-2074917175,Drop,-1074927175,Jump,-1074927175,Jump,-1074927175,Drop,-1974947075,Drop,-2074957175,Drop,-2074957175,Drop,-974917075,Drop,-2084937175,Drop,-2074957175,Jump,-2074957175,Jump,-2074957175,Jump,-2074957175,Jump,-1074927175,Dash,-1074927175,Dash,-1074927175,Dash,-1074927175,Dash,-2074957175,Jump,-2074957175,Jump,-2074917175,Drop,-974917175,Drop,0,None,0,None,0,None,0,None,0,None,0,None,0,None,0,None
7037032,wave_campaign_hard_015,Defense,None,90,20,7,True,True,point_grd_swamplandjungle_004_rightclear,point_fly_swamplandjungle_004_rightclear,sbg_swamplandjungle_004_rightclear,SwamplandJungle,Night,ibg_swamplandjungle_defense_001,0,48,12,,,path_fly_mid_small_005,-1,path_fly_mid_small_050,8,path_grd_far_small_038,10,path_fly_mid_elite1_802,2,path_grd_far_small_062,12,path_fly_mid_small_053,10,path_grd_mid_small_076,10,path_fly_mid_elite1_802,-1,path_fly_mid_small_039,15,,-1,1210020121,Normal,1210020121,Normal,1210020121,Normal,1210020121,Normal,1210030121,Dash,1210030121,Dash,1210030121,Dash,1210040121,Drop,-2074957175,Jump,-2074957175,Jump,-2074957175,Jump,-2074957175,Jump,1210020121,Normal,1210020121,Normal,1210020121,Normal,1310020221,Drop,-2074957175,Jump,-2074957175,Jump,-2074957175,Jump,-1074947175,Dash,1210030121,Dash,1210030121,Dash,1210030121,Dash,1210040121,Dash,-2074957175,Dash,-2074957175,Dash,-2074957175,Dash,-2074957175,Dash,1210020121,Normal,1210020121,Normal,1210040121,Normal,1310020221,Dash,1210020121,Normal,1210020121,Normal,1210020121,Normal,1310020221,Normal,0,None,0,None,0,None,0,None
7037033,wave_campaign_hard_015,Defense,None,90,20,8,True,True,point_grd_swamplandjungle_004_rightclear,point_fly_swamplandjungle_004_rightclear,sbg_swamplandjungle_004_rightclear,SwamplandJungle,Night,ibg_swamplandjungle_defense_001,8,61,0,,,path_fly_mid_elite1_802,-1,path_grd_close_small_010,10,path_fly_mid_small_024,-1,path_grd_mid_small_068,4,path_fly_mid_elite1_802,10,path_grd_close_small_007,8,path_fly_mid_small_050,-1,path_grd_mid_small_075,4,path_fly_mid_elite2_808,10,path_grd_mid_small_043,-1,-2084947175,Dash,-2084947175,Dash,1210020121,Dash,-1984927075,Dash,-2074957175,Dash,-2074957175,Dash,1220060121,Dash,1220060121,Dash,1210020121,Dash,1210020121,Dash,1210020121,Dash,1210020121,Dash,-2074957175,Dash,1220060121,Dash,-2074957175,Dash,-1974947075,Dash,-2084947175,Drop,-2084947175,Drop,1210020121,Drop,-1984927075,Drop,1220060121,Drop,1220060121,Drop,1220060121,Drop,1220060121,Drop,1210020121,Drop,1210020121,Drop,1210020121,Drop,1210040121,Normal,-2074957175,Dash,1220060121,Dash,-2074957175,Dash,-1974947075,Dash,-2084947175,Drop,1210020121,Drop,-1984927075,Drop,-1984927075,Drop,1220060121,Dash,1220060121,Dash,1220060121,Dash,1220060121,Dash
7037034,wave_campaign_hard_015,Campaign,None,90,0,5,True,False,point_grd_swamplandjungle_001,point_fly_swamplandjungle_001,sbg_swamplandjungle_001,SwamplandJungle,Night,ibg_swamplandjungle_001,4,30,8,target_list,-974897175.0,path_grd_mid_small_073,-1,path_fly_mid_elite1_802,-1,path_fly_mid_small_050,8,path_fly_mid_small_050,0,path_grd_mid_elite2_808,-1,path_grd_close_small_014,7,,-1,,-1,,-1,,-1,-2074937175,Drop,-2074937175,Drop,-2074937175,Drop,-1074877175,Drop,-1084947175,Dash,1110010121,Dash,1210040121,Drop,1310030221,Drop,-1084947175,Dash,-1084947175,Dash,-1084947175,Dash,1210040121,Dash,-1084947175,Drop,-1084947175,Drop,-1084947175,Drop,1310010221,Drop,-2074937175,Drop,2120010121,Drop,-1074877175,Drop,-974897175,Drop,-1074877175,Drop,-2074937175,Drop,-2074937175,Drop,-2074937175,Drop,0,None,0,None,0,None,0,None,0,None,0,None,0,None,0,None,0,None,0,None,0,None,0,None,0,None,0,None,0,None,0,None
7037035,wave_campaign_hard_015,Campaign,None,90,0,7,True,False,point_grd_swamplandjungle_002,point_fly_swamplandjungle_002,sbg_swamplandjungle_002,SwamplandJungle,Night,ibg_swamplandjungle_001,0,33,9,target_list,-1984927175.0,path_grd_mid_small_049,-1,path_fly_far_elite3_815,5,path_grd_mid_small_073,10,path_grd_mid_elite1_802,0,path_fly_mid_small_042,9,path_fly_mid_small_050,-1,,-1,,-1,,-1,,-1,-1074937175,Drop,-1074887175,Drop,-1074937175,Drop,1320030221,Drop,-1084957175,Drop,-1084937175,Drop,1210060121,Drop,-1984927075,Drop,-1074937175,Drop,-1074937175,Drop,-1074937175,Drop,-1074887175,Drop,-1074937175,Dash,-1074937175,Drop,-1074887175,Drop,1320030221,Drop,1210060121,Dash,-1084957175,Drop,-1084957175,Drop,-1984927175,Drop,-1084957175,Drop,-1084957175,Drop,-1084957175,Drop,1210060121,Drop,0,None,0,None,0,None,0,None,0,None,0,None,0,None,0,None,0,None,0,None,0,None,0,None,0,None,0,None,0,None,0,None
7037036,wave_campaign_hard_015,Campaign,None,90,0,7,True,False,point_grd_swamplandjungle_002,point_fly_swamplandjungle_002,sbg_swamplandjungle_002,SwamplandJungle,Night,ibg_swamplandjungle_001,0,45,0,target_list,-1984957175.0,path_grd_mid_small_043,-1,path_fly_mid_small_033,-1,path_fly_mid_elite1_802,10,path_grd_mid_elite1_802,0,path_fly_mid_elite2_805,10,path_fly_mid_small_024,-1,,-1,,-1,,-1,,-1,-1074917175,Dash,-1074917175,Dash,-1074907175,Dash,-1074907175,Dash,-2084947175,Dash,-2084947175,Dash,-2084947175,Dash,-1984907075,Drop,-2084947175,Dash,-2084947175,Dash,-2084947175,Dash,-1984957075,Drop,-1074917175,Dash,-1074917175,Dash,-1074907175,Drop,-1974897075,Drop,-2084947175,Drop,-2084947175,Drop,-1984907075,Drop,-1984957175,Drop,-2084947175,Drop,-2084947175,Dash,1210010121,Dash,1210010121,Dash,0,None,0,None,0,None,0,None,0,None,0,None,0,None,0,None,0,None,0,None,0,None,0,None,0,None,0,None,0,None,0,None
7037037,wave_campaign_hard_015,Campaign,None,90,0,7,True,False,point_grd_swamplandjungle_004,point_fly_swamplandjungle_004,sbg_swamplandjungle_004,SwamplandJungle,Night,ibg_swamplandjungle_001,13,26,9,target_list,1320010121.0,path_fly_mid_small_027,-1,path_grd_mid_elite1_802,5,path_fly_close_small_041,-1,path_grd_far_elite3_815,0,path_fly_close_small_004,8,path_grd_mid_small_043,6,path_fly_close_small_007,-1,,-1,,-1,,-1,-1084917175,Drop,-2084957175,Drop,-2084957175,Drop,-1084937175,Drop,1220040121,Dash,1220040121,Dash,-2074887175,Drop,1320010221,Drop,-2084957175,Drop,-2084957175,Drop,-1084917175,Drop,-2084957175,Drop,1220040121,Drop,-2074887175,Drop,1320030221,Drop,1320010121,Drop,-2084957175,Drop,-1084917175,Drop,-2084957175,Drop,-2084957175,Drop,1220040121,Jump,-2074887175,Jump,1220040121,Jump,-2074887175,Jump,-2084957175,Drop,-2084957175,Drop,-2084957175,Drop,-1084917175,Drop,0,None,0,None,0,None,0,None,0,None,0,None,0,None,0,None,0,None,0,None,0,None,0,None
7037038,wave_campaign_hard_015,Campaign,None,90,0,7,True,False,point_grd_swamplandjungle_005,point_fly_swamplandjungle_005,sbg_swamplandjungle_005,SwamplandJungle,Night,ibg_swamplandjungle_001,6,42,9,target_list,-1984917175.0,path_grd_mid_small_055,-1,path_fly_mid_elite2_805,5,path_grd_mid_small_037,8,path_fly_mid_small_008,9,path_fly_mid_elite2_808,0,path_fly_far_elite1_803,8,path_grd_close_small_069,-1,path_fly_mid_small_036,-1,,-1,,-1,-2074957175,Dash,-2074957175,Dash,-2074957175,Dash,-1074887175,Drop,-2084947175,Dash,-2084947175,Dash,-1984917075,Drop,-1984897075,Drop,-2074957175,Drop,-2074957175,Drop,-2074957175,Drop,-1074887175,Drop,-2084947175,Drop,-2084947175,Drop,-2084947175,Drop,1210050121,Drop,-2084947175,Dash,-2084947175,Dash,-1984897075,Drop,-1984897075,Drop,-2084947175,Dash,-2084947175,Dash,1210050121,Drop,-1984917175,Drop,-2074957175,Drop,-2074957175,Drop,-2074957175,Drop,-1074887175,Drop,-2084947175,Dash,-2084947175,Dash,-2084947175,Dash,-2084947175,Dash,0,None,0,None,0,None,0,None,0,None,0,None,0,None,0,None
7037039,wave_campaign_hard_015,Campaign,None,90,0,7,True,False,point_grd_swamplandjungle_003,point_fly_swamplandjungle_003,sbg_swamplandjungle_003,SwamplandJungle,Night,ibg_swamplandjungle_001,0,42,0,target_list,-984947175.0,path_grd_mid_small_002,-1,path_fly_mid_elite2_808,5,path_grd_mid_small_043,10,path_fly_mid_elite3_811,0,path_grd_mid_small_052,10,path_fly_mid_small_002,-1,,-1,,-1,,-1,,-1,1220010121,Dash,1220010121,Dash,1220010121,Dash,1220010121,Dash,-2084947175,Dash,1210010121,Dash,-984947075,Drop,-984947075,Drop,1220010121,Dash,1220010121,Dash,1220010121,Dash,1220010121,Dash,-2084947175,Dash,-984947075,Drop,-984947075,Drop,-984947175,Drop,1220010121,Jump,1220010121,Jump,1220010121,Drop,1220010121,Drop,-2084947175,Dash,-2084947175,Dash,1210010121,Dash,1210010121,Dash,0,None,0,None,0,None,0,None,0,None,0,None,0,None,0,None,0,None,0,None,0,None,0,None,0,None,0,None,0,None,0,None
7037040,wave_campaign_hard_015,Campaign,None,90,0,7,True,False,point_grd_swamplandjungle_002,point_fly_swamplandjungle_002,sbg_swamplandjungle_002,SwamplandJungle,Night,ibg_swamplandjungle_001,0,45,0,target_list,-1974937175.0,path_fly_mid_small_018,-1,path_grd_mid_elite2_805,5,path_fly_mid_small_036,10,path_grd_mid_elite2_805,0,path_grd_mid_elite1_802,10,path_fly_mid_small_005,-1,,-1,,-1,,-1,,-1,1210030121,Dash,1210030121,Dash,1210030121,Dash,1210030121,Dash,-1074957175,Dash,-1074957175,Dash,-974937075,Drop,-1974937075,Drop,1210030121,Dash,1210030121,Dash,1210030121,Dash,1210030121,Dash,-1074957175,Dash,-1074957175,Dash,-974937075,Drop,-974937075,Drop,-1074957175,Dash,-1074957175,Dash,-1074907175,Drop,-1974937175,Drop,1210030121,Dash,1210030121,Dash,1210030121,Dash,1210030121,Dash,0,None,0,None,0,None,0,None,0,None,0,None,0,None,0,None,0,None,0,None,0,None,0,None,0,None,0,None,0,None,0,None
7037041,wave_campaign_hard_015,Campaign,None,90,0,7,True,False,point_grd_swamplandjungle_004,point_fly_swamplandjungle_004,sbg_swamplandjungle_004,SwamplandJungle,Night,ibg_swamplandjungle_001,0,51,0,target_list,-974887175.0,path_grd_mid_small_002,-1,path_grd_mid_elite1_802,5,path_grd_mid_small_061,10,path_grd_mid_elite1_802,0,path_grd_mid_elite1_802,-1,path_grd_mid_small_011,-1,path_grd_mid_small_073,-1,,-1,,-1,,-1,-2074957175,Dash,-2074887175,Dash,-2074957175,Dash,-2074887175,Dash,-2074957175,Dash,-1074907175,Dash,-2074887175,Drop,-974887075,Drop,-2074957175,Dash,-2074887175,Dash,-2074957175,Dash,-2074887175,Dash,-2074887175,Dash,-1074907175,Dash,-2074957175,Drop,-974887075,Drop,-2074957175,Dash,-1074907175,Dash,-2074887175,Drop,-974887175,Drop,-2074957175,Dash,-2074957175,Dash,-2074957175,Dash,-2074957175,Dash,-2074957175,Dash,-2074887175,Drop,-2074957175,Dash,-2074887175,Drop,0,None,0,None,0,None,0,None,0,None,0,None,0,None,0,None,0,None,0,None,0,None,0,None
7037042,wave_campaign_hard_015,Campaign,None,90,0,7,True,False,point_grd_swamplandjungle_005,point_fly_swamplandjungle_005,sbg_swamplandjungle_005,SwamplandJungle,Night,ibg_swamplandjungle_001,0,33,27,target_list,1320010121.0,path_grd_mid_small_052,-1,path_fly_mid_elite2_805,5,path_grd_far_small_050,10,path_grd_mid_small_012,-1,path_fly_far_elite1_803,0,path_grd_far_small_056,-1,path_fly_mid_small_018,8,path_grd_mid_small_034,-1,path_grd_far_small_044,-1,,-1,1220040121,Drop,-1074877175,Drop,1220040121,Drop,-1074877175,Drop,-2084947175,Dash,1210030121,Dash,-1984957075,Drop,-984927075,Drop,-1074897175,Drop,-1074897175,Drop,-1074897175,Drop,-2074927175,Drop,-2074937175,Drop,-2074937175,Drop,-2074937175,Drop,-2074937175,Drop,-1084957175,Dash,-1084957175,Dash,1210040121,Dash,-984927075,Dash,-2074927175,Dash,-1074897175,Dash,1320030221,Drop,1320010121,Drop,1210030121,Dash,1210030121,Dash,1210030121,Dash,-984927075,Dash,-2074937175,Dash,-1074877175,Dash,-2074937175,Dash,-1074877175,Dash,-1074897175,Drop,-1074897175,Drop,-1074897175,Drop,-1074897175,Drop,0,None,0,None,0,None,0,None
7037043,wave_campaign_hard_015,Campaign,None,90,0,7,True,False,point_grd_swamplandjungle_003,point_fly_swamplandjungle_003,sbg_swamplandjungle_003,SwamplandJungle,Night,ibg_swamplandjungle_001,0,51,0,target_list,-1984927175.0,path_fly_mid_small_027,-1,path_fly_mid_elite3_814,-1,path_fly_mid_elite3_814,10,path_fly_mid_small_053,0,path_fly_mid_elite3_811,-1,path_fly_mid_small_027,8,path_fly_mid_small_050,-1,,-1,,-1,,-1,1210050121,Drop,1210030121,Dash,1210030121,Dash,1210060121,Dash,1210030121,Dash,1210060121,Dash,1210050121,Dash,-1984927075,Drop,1210030121,Dash,1210050121,Dash,-1984927075,Drop,1210060121,Dash,1210030121,Dash,1210030121,Dash,1210050121,Dash,1210050121,Dash,1210030121,Dash,1210060121,Dash,-1984927075,Drop,-1984927175,Drop,1210050121,Drop,1210030121,Dash,1210030121,Dash,1210060121,Dash,1210050121,Drop,1210030121,Dash,1210030121,Dash,1210060121,Dash,0,None,0,None,0,None,0,None,0,None,0,None,0,None,0,None,0,None,0,None,0,None,0,None
7037044,wave_campaign_hard_015,Campaign,None,180,0,6,False,False,point_grd_laviathan_01,point_fly_laviathan_01,sbg_swamplandjunglebbg008,SwamplandJungle,Night,ibg_swamplandjungle_001,0,0,1,target_list,1420060131.0,path_grd_mid_laviathan,-1,,-1,,-1,,-1,,-1,,-1,,-1,,-1,,-1,,-1,1420060131,Normal,0,None,0,None,0,None,0,None,0,None,0,None,0,None,0,None,0,None,0,None,0,None,0,None,0,None,0,None,0,None,0,None,0,None,0,None,0,None,0,None,0,None,0,None,0,None,0,None,0,None,0,None,0,None,0,None,0,None,0,None,0,None,0,None,0,None,0,None,0,None,0,None,0,None,0,None,0,None
7037045,wave_campaign_hard_015,Campaign,None,180,0,6,False,False,point_grd_cityforestcrystal_002_midclear,point_fly_cityforestcrystal_002,sbg_cityforestundercrystal_002_midclear,CityForestUnder,Night,ibg_desert_001,0,0,1,target_list,1410030111.0,path_fly_far_centurion_903,-1,,-1,,-1,,-1,,-1,,-1,,-1,,-1,,-1,,-1,1410030111,Normal,0,None,0,None,0,None,0,None,0,None,0,None,0,None,0,None,0,None,0,None,0,None,0,None,0,None,0,None,0,None,0,None,0,None,0,None,0,None,0,None,0,None,0,None,0,None,0,None,0,None,0,None,0,None,0,None,0,None,0,None,0,None,0,None,0,None,0,None,0,None,0,None,0,None,0,None,0,None
7037046,wave_campaign_hard_015,Defense,None,90,20,8,True,True,point_grd_swamplandjungle_004_rightclear,point_fly_swamplandjungle_004_rightclear,sbg_swamplandjungle_004_rightclear,SwamplandJungle,Night,ibg_swamplandjungle_defense_001,9,57,0,,,path_fly_mid_elite1_802,-1,path_grd_close_small_069,12,path_grd_mid_elite1_802,10,path_fly_close_small_004,-1,path_fly_mid_elite2_808,3,path_fly_mid_small_030,12,path_grd_mid_small_037,-1,path_grd_mid_small_076,10,path_fly_mid_elite2_808,-1,,-1,-1084947165,Normal,-1084947165,Normal,-1084927165,Drop,-1984897065,Drop,-1074917165,Dash,-1074917165,Dash,-1074917165,Normal,-2074927165,Normal,-1074917165,Jump,-1074917165,Jump,-1074947165,Dash,-2074927165,Dash,-2084947165,Drop,-1084927165,Drop,-2084947165,Drop,-2084947165,Drop,-2084947165,Drop,-2084947165,Drop,-1984897065,Drop,-1984897165,Normal,-2084947165,Drop,-2084947165,Drop,-2084947165,Drop,-1984937065,Dash,-1074917165,Dash,-1074947165,Dash,-1074917165,Dash,-1074947165,Dash,-1074917165,Jump,-1074917165,Jump,-2074927165,Jump,-2074927165,Jump,-1084947165,Normal,-1084947165,Normal,-1984897065,Jump,-1984897065,Dash,0,None,0,None,0,None,0,None
