id,event_id,group_id,title_localkey,speech_window,highlight,speaker,scenario_localkey,play_lipsync,set_background,set_light,conversation_id,set_image,set_object,set_object_position,set_start_camera,set_end_camera,set_camera_duration,play_movie,play_sound,play_ambient,ambient_volume,play_bgm,set_camera_shake,set_filter_01,set_filter_02,jump_target,fade,is_exit_scenario,characters/0/show_char_id,characters/0/hide_char_id,characters/0/set_char_position,characters/0/set_char_anim,characters/1/show_char_id,characters/1/hide_char_id,characters/1/set_char_position,characters/1/set_char_anim,characters/2/show_char_id,characters/2/hide_char_id,characters/2/set_char_position,characters/2/set_char_anim,characters/3/show_char_id,characters/3/hide_char_id,characters/3/set_char_position,characters/3/set_char_anim,characters/4/show_char_id,characters/4/hide_char_id,characters/4/set_char_position,characters/4/set_char_anim,characters/5/show_char_id,characters/5/hide_char_id,characters/5/set_char_position,characters/5/set_char_anim,characters/6/show_char_id,characters/6/hide_char_id,characters/6/set_char_position,characters/6/set_char_anim,characters/7/show_char_id,characters/7/hide_char_id,characters/7/set_char_position,characters/7/set_char_anim,characters/8/show_char_id,characters/8/hide_char_id,characters/8/set_char_position,characters/8/set_char_anim,characters/9/show_char_id,characters/9/hide_char_id,characters/9/set_char_position,characters/9/set_char_anim,effects/0/play_effect_id,effects/0/stop_effect_id,effects/0/set_effect_position,effects/0/is_effect_movable,effects/1/play_effect_id,effects/1/stop_effect_id,effects/1/set_effect_position,effects/1/is_effect_movable
event_goldencoinrush1_03_s_1,40048,event_goldencoinrush1_03_s,,Narration,,,Locale_MainScenario:event_goldencoinrush1_03_s_1,False,CoinRushIndoor,,,,,,black,black,0,,,,100,none,,None,None,,None,False,,,,,,,,,,,,,,,,,,,,,,,,,,,,,,,,,,,,,,,,,,,,False,,,,False
event_goldencoinrush1_03_s_2,40048,event_goldencoinrush1_03_s,,Narration,,,Locale_MainScenario:event_goldencoinrush1_03_s_2,False,,,,,,,black,black,0,,,,100,,,None,None,,None,False,,,,,,,,,,,,,,,,,,,,,,,,,,,,,,,,,,,,,,,,,,,,False,,,,False
event_goldencoinrush1_03_s_3,40048,event_goldencoinrush1_03_s,,Speech,soda_b,soda_b,Locale_MainScenario:event_goldencoinrush1_03_s_3,True,,,,,,,6,2,0,,,,100,event_bgm_goldcoinrush_inst,,None,None,,None,False,soda_b,,3,surprise,alice_b,,1,idle,,,,,,,,,,,,,,,,,,,,,,,,,,,,,,,,,,,,False,,,,False
event_goldencoinrush1_03_s_4,40048,event_goldencoinrush1_03_s,,Speech,soda_b,soda_b,Locale_MainScenario:event_goldencoinrush1_03_s_4,True,,,,,,,2,2,0,,,,100,,,None,None,,None,False,,,3,surprise,,,1,idle,,,,,,,,,,,,,,,,,,,,,,,,,,,,,,,,,,,,False,,,,False
event_goldencoinrush1_03_s_5,40048,event_goldencoinrush1_03_s,,Speech,soda_b,soda_b,Locale_MainScenario:event_goldencoinrush1_03_s_5,True,,,,,,,2,2,0,,,,100,,,None,None,,None,False,,,3,surprise,,,1,idle,,,,,,,,,,,,,,,,,,,,,,,,,,,,,,,,,,,,False,,,,False
event_goldencoinrush1_03_s_6,40048,event_goldencoinrush1_03_s,,Speech,alice_b,alice_b,Locale_MainScenario:event_goldencoinrush1_03_s_6,True,,,,,,,2,2,0,,,,100,,,None,None,,None,False,,,3,surprise,,,1,idle,,,,,,,,,,,,,,,,,,,,,,,,,,,,,,,,,,,,False,,,,False
event_goldencoinrush1_03_s_7,40048,event_goldencoinrush1_03_s,,Self,alice_b,,Locale_MainScenario:event_goldencoinrush1_03_s_7,False,,,,,,,2,2,0,,,,100,,,None,None,,None,False,,,3,surprise,,,1,idle,,,,,,,,,,,,,,,,,,,,,,,,,,,,,,,,,,,,False,,,,False
event_goldencoinrush1_03_s_8,40048,event_goldencoinrush1_03_s,,Speech,soda_b,soda_b,Locale_MainScenario:event_goldencoinrush1_03_s_8,True,,,,,,,2,2,0,,,,100,,,None,None,,None,False,,,3,void,,,1,idle,,,,,,,,,,,,,,,,,,,,,,,,,,,,,,,,,,,,False,,,,False
event_goldencoinrush1_03_s_9,40048,event_goldencoinrush1_03_s,,Speech,rouge,rouge,Locale_MainScenario:event_goldencoinrush1_03_s_9,True,,,,,,,2,170,0,,,,100,,,None,None,,None,False,,,3,void,,,1,idle,rouge,,17,idle,,,,,,,,,,,,,,,,,,,,,,,,,,,,,,,,False,,,,False
event_goldencoinrush1_03_s_10,40048,event_goldencoinrush1_03_s,,Speech,rouge,rouge,Locale_MainScenario:event_goldencoinrush1_03_s_10,True,,,,,,,170,170,0,,,,100,,,None,None,,None,False,,,3,void,,,1,idle,,,17,idle,,,,,,,,,,,,,,,,,,,,,,,,,,,,,,,,False,,,,False
event_goldencoinrush1_03_s_11,40048,event_goldencoinrush1_03_s,,Self,rouge,,Locale_MainScenario:event_goldencoinrush1_03_s_11,False,,,,,,,170,17,0,,,,100,,,None,None,,None,False,,,3,idle,,,1,idle,,,17,idle,,,,,,,,,,,,,,,,,,,,,,,,,,,,,,,,False,,,,False
event_goldencoinrush1_03_s_12,40048,event_goldencoinrush1_03_s,,Monologue,rouge,,Locale_MainScenario:event_goldencoinrush1_03_s_12,False,,,,,,,17,14,0,,,,100,,,None,None,,None,False,,,13,idle,,,15,idle,,,17,idle,,,,,,,,,,,,,,,,,,,,,,,,,,,,,,,,False,,,,False
event_goldencoinrush1_03_s_13,40048,event_goldencoinrush1_03_s,,Monologue,rouge,,Locale_MainScenario:event_goldencoinrush1_03_s_13,False,,,,,,,14,14,0,,,,100,,,None,None,,None,False,,,13,idle,,,15,idle,,,17,idle,,,,,,,,,,,,,,,,,,,,,,,,,,,,,,,,False,,,,False
event_goldencoinrush1_03_s_14,40048,event_goldencoinrush1_03_s,,Speech,rouge,rouge,Locale_MainScenario:event_goldencoinrush1_03_s_14,True,,,,,,,14,17,0,,,,100,,,None,None,,None,False,,,13,idle,,,15,idle,,,17,idle,,,,,,,,,,,,,,,,,,,,,,,,,,,,,,,,False,,,,False
event_goldencoinrush1_03_s_15,40048,event_goldencoinrush1_03_s,,Speech,rouge,rouge,Locale_MainScenario:event_goldencoinrush1_03_s_15,True,,,,,,,17,17,0,,,,100,,,None,None,,None,False,,,13,idle,,,15,idle,,,17,idle,,,,,,,,,,,,,,,,,,,,,,,,,,,,,,,,False,,,,False
event_goldencoinrush1_03_s_16,40048,event_goldencoinrush1_03_s,,Self,rouge,,Locale_MainScenario:event_goldencoinrush1_03_s_16,False,,,,,,,17,17,0,,,,100,,,None,None,,None,False,,,13,idle,,,15,idle,,,17,idle,,,,,,,,,,,,,,,,,,,,,,,,,,,,,,,,False,,,,False
event_goldencoinrush1_03_s_17,40048,event_goldencoinrush1_03_s,,Speech,rouge,rouge,Locale_MainScenario:event_goldencoinrush1_03_s_17,True,,,,,,,17,170,0,,,,100,,,None,None,,None,False,,,13,idle,,,15,idle,,,17,idle,,,,,,,,,,,,,,,,,,,,,,,,,,,,,,,,False,,,,False
event_goldencoinrush1_03_s_18,40048,event_goldencoinrush1_03_s,,Speech,rouge,rouge,Locale_MainScenario:event_goldencoinrush1_03_s_18,True,,,,,,,170,170,0,,,,100,,,None,None,,None,False,,,13,idle,,,15,idle,,,17,idle,,,,,,,,,,,,,,,,,,,,,,,,,,,,,,,,False,,,,False
event_goldencoinrush1_03_s_19,40048,event_goldencoinrush1_03_s,,Self,rouge,,Locale_MainScenario:event_goldencoinrush1_03_s_19,False,,,,,,,170,170,0,,,,100,,,None,None,,None,False,,,13,idle,,,15,idle,,,17,idle,,,,,,,,,,,,,,,,,,,,,,,,,,,,,,,,False,,,,False
event_goldencoinrush1_03_s_20,40048,event_goldencoinrush1_03_s,,Speech,rouge,rouge,Locale_MainScenario:event_goldencoinrush1_03_s_20,True,,,,,,,170,170,0,,,,100,,,None,None,,None,False,,,13,idle,,,15,idle,,,17,idle,,,,,,,,,,,,,,,,,,,,,,,,,,,,,,,,False,,,,False
event_goldencoinrush1_03_s_21,40048,event_goldencoinrush1_03_s,,Speech,alice_b,alice_b,Locale_MainScenario:event_goldencoinrush1_03_s_21,True,,,,,,,170,14,0,,,,100,,,None,None,,None,False,,,13,idle,,,15,idle,,,17,idle,,,,,,,,,,,,,,,,,,,,,,,,,,,,,,,,False,,,,False
event_goldencoinrush1_03_s_22,40048,event_goldencoinrush1_03_s,,Speech,alice_b,alice_b,Locale_MainScenario:event_goldencoinrush1_03_s_22,True,,,,,,,14,14,0,,,,100,,,None,None,,None,False,,,13,idle,,,15,delight,,,17,idle,,,,,,,,,,,,,,,,,,,,,,,,,,,,,,,,False,,,,False
event_goldencoinrush1_03_s_23,40048,event_goldencoinrush1_03_s,,Monologue,alice_b,,Locale_MainScenario:event_goldencoinrush1_03_s_23,False,,,,,,,14,14,0,,,,100,,,None,None,,None,False,,,13,idle,,alice_b,15,delight,,,17,idle,,,,,,,,,,,,,,,,,,,,,,,,,,,,,,,,False,,,,False
event_goldencoinrush1_03_s_24,40048,event_goldencoinrush1_03_s,,Monologue,,,Locale_MainScenario:event_goldencoinrush1_03_s_24,False,,,,,,,14,14,0,,,,100,,,None,None,,None,False,,soda_b,13,idle,,,,,,,17,idle,,,,,,,,,,,,,,,,,,,,,,,,,,,,,,,,False,,,,False
event_goldencoinrush1_03_s_25,40048,event_goldencoinrush1_03_s,,Self,,,Locale_MainScenario:event_goldencoinrush1_03_s_25,False,,,,,,,14,17,0,,,,100,,,None,None,,None,False,,,,,,,,,,,17,idle,,,,,,,,,,,,,,,,,,,,,,,,,,,,,,,,False,,,,False
event_goldencoinrush1_03_s_26,40048,event_goldencoinrush1_03_s,,Speech,rouge,rouge,Locale_MainScenario:event_goldencoinrush1_03_s_26,True,,,,,,,17,17,0,,,,100,,,None,None,,None,False,,,,,,,,,,,17,idle,,,,,,,,,,,,,,,,,,,,,,,,,,,,,,,,False,,,,False
event_goldencoinrush1_03_s_27,40048,event_goldencoinrush1_03_s,,Speech,rouge,rouge,Locale_MainScenario:event_goldencoinrush1_03_s_27,True,,,,,,,17,17,0,,,,100,,,None,None,,None,False,,,,,,,,,,,17,idle,,,,,,,,,,,,,,,,,,,,,,,,,,,,,,,,False,,,,False
event_goldencoinrush1_03_s_28,40048,event_goldencoinrush1_03_s,,Monologue,rouge,,Locale_MainScenario:event_goldencoinrush1_03_s_28,False,,,,,,,17,17,0,,,,100,,,None,None,,None,False,,,,,,,,,,rouge,17,idle,,,,,,,,,,,,,,,,,,,,,,,,,,,,,,,,False,,,,False
event_goldencoinrush1_03_s_29,40048,event_goldencoinrush1_03_s,,Speech,soda_b,soda_b,Locale_MainScenario:event_goldencoinrush1_03_s_29,True,CoinRushMainHall,,,,,,14,14,0,,,,100,,,None,None,,Black,False,soda_b,,13,delight,alice_b,,15,idle,,,,,,,,,,,,,,,,,,,,,,,,,,,,,,,,,,,,False,,,,False
event_goldencoinrush1_03_s_30,40048,event_goldencoinrush1_03_s,,Speech,soda_b,soda_b,Locale_MainScenario:event_goldencoinrush1_03_s_30,True,,,,,,,14,14,0,,,,100,,,None,None,,None,False,,,13,delight,,,15,idle,,,,,,,,,,,,,,,,,,,,,,,,,,,,,,,,,,,,False,,,,False
event_goldencoinrush1_03_s_31,40048,event_goldencoinrush1_03_s,,Speech,alice_b,alice_b,Locale_MainScenario:event_goldencoinrush1_03_s_31,True,,,,,,,14,14,0,,,,100,,,None,None,,None,False,,,13,delight,,,15,idle,,,,,,,,,,,,,,,,,,,,,,,,,,,,,,,,,,,,False,,,,False
event_goldencoinrush1_03_s_32,40048,event_goldencoinrush1_03_s,,Monologue,alice_b,,Locale_MainScenario:event_goldencoinrush1_03_s_32,False,,,,,,,14,3,0,,,,100,,,None,None,,None,False,,,13,delight,,,15,idle,,,,,,,,,,,,,,,,,,,,,,,,,,,,,,,,,,,,False,,,,False
event_goldencoinrush1_03_s_33,40048,event_goldencoinrush1_03_s,,Monologue,alice_b,,Locale_MainScenario:event_goldencoinrush1_03_s_33,False,,,,,,,3,3,0,,,,100,,,None,None,,None,False,,,13,delight,,,15,idle,,,,,,,,,,,,,,,,,,,,,,,,,,,,,,,,,,,,False,,,,False
event_goldencoinrush1_03_s_34,40048,event_goldencoinrush1_03_s,,Self,alice_b,,Locale_MainScenario:event_goldencoinrush1_03_s_34,False,,,,,,,3,3,0,,,,100,,,None,None,,None,False,,,13,delight,,,15,idle,,,,,,,,,,,,,,,,,,,,,,,,,,,,,,,,,,,,False,,,,False
event_goldencoinrush1_03_s_35,40048,event_goldencoinrush1_03_s,,Speech,alice_b,alice_b,Locale_MainScenario:event_goldencoinrush1_03_s_35,True,,,,,,,3,14,0,,,,100,,,None,None,,None,False,,,13,idle,,,15,surprise,,,,,,,,,,,,,,,,,,,,,,,,,,,,,,,,,,,,False,,,,False
event_goldencoinrush1_03_s_36,40048,event_goldencoinrush1_03_s,,Speech,alice_b,alice_b,Locale_MainScenario:event_goldencoinrush1_03_s_36,True,,,,,,,14,14,0,,,,100,,,None,None,,None,False,,,13,idle,,,15,surprise,,,,,,,,,,,,,,,,,,,,,,,,,,,,,,,,,,,,False,,,,False
event_goldencoinrush1_03_s_37,40048,event_goldencoinrush1_03_s,,Speech,soda_b,soda_b,Locale_MainScenario:event_goldencoinrush1_03_s_37,True,,,,,,,14,S_130,0,,,,100,,,None,None,,None,False,,,13,surprise,,,15,surprise,,,,,,,,,,,,,,,,,,,,,,,,,,,,,,,,,,,,False,,,,False
event_goldencoinrush1_03_s_38,40048,event_goldencoinrush1_03_s,,Speech,soda_b,soda_b,Locale_MainScenario:event_goldencoinrush1_03_s_38,True,,,,,,,S_130,S_130,0,,,,100,,,None,None,,None,False,,,13,surprise,,,15,surprise,,,,,,,,,,,,,,,,,,,,,,,,,,,,,,,,,,,,False,,,,False
event_goldencoinrush1_03_s_39,40048,event_goldencoinrush1_03_s,,Monologue,soda_b,,Locale_MainScenario:event_goldencoinrush1_03_s_39,False,,,,,,,S_130,S_130,0,,,,100,,,None,None,,None,False,,,13,surprise,,,15,surprise,,,,,,,,,,,,,,,,,,,,,,,,,,,,,,,,,,,,False,,,,False
event_goldencoinrush1_03_s_40,40048,event_goldencoinrush1_03_s,,Monologue,soda_b,,Locale_MainScenario:event_goldencoinrush1_03_s_40,False,,,,,,,S_130,S_130,0,,,,100,,,None,None,,None,False,,,13,surprise,,,15,surprise,,,,,,,,,,,,,,,,,,,,,,,,,,,,,,,,,,,,False,,,,False
event_goldencoinrush1_03_s_41,40048,event_goldencoinrush1_03_s,,Speech,soda_b,soda_b,Locale_MainScenario:event_goldencoinrush1_03_s_41,True,,,,,,,S_130,S_130,0,,,,100,,,None,None,,None,False,,,13,surprise,,,15,surprise,,,,,,,,,,,,,,,,,,,,,,,,,,,,,,,,,,,,False,,,,False
event_goldencoinrush1_03_s_42,40048,event_goldencoinrush1_03_s,,Speech,soda_b,soda_b,Locale_MainScenario:event_goldencoinrush1_03_s_42,True,,,,,,,S_130,S_130,0,,,,100,,,None,None,,None,False,,,13,serious,,,15,surprise,,,,,,,,,,,,,,,,,,,,,,,,,,,,,,,,,,,,False,,,,False
event_goldencoinrush1_03_s_43,40048,event_goldencoinrush1_03_s,,Speech,soda_b,soda_b,Locale_MainScenario:event_goldencoinrush1_03_s_43,True,,,,,,,S_130,S_130,0,,,,100,,,None,None,,None,False,,,13,serious,,,15,surprise,,,,,,,,,,,,,,,,,,,,,,,,,,,,,,,,,,,,False,,,,False
event_goldencoinrush1_03_s_44,40048,event_goldencoinrush1_03_s,,Self,soda_b,,Locale_MainScenario:event_goldencoinrush1_03_s_44,False,,,,,,,S_130,S_130,0,,,,100,,,None,None,,None,False,,,13,serious,,,15,surprise,,,,,,,,,,,,,,,,,,,,,,,,,,,,,,,,,,,,False,,,,False
event_goldencoinrush1_03_s_45,40048,event_goldencoinrush1_03_s,,Speech,alice_b,alice_b,Locale_MainScenario:event_goldencoinrush1_03_s_45,True,,,,,,,S_130,S_150,0,,,,100,,,None,None,,None,False,,,13,serious,,,15,worry,,,,,,,,,,,,,,,,,,,,,,,,,,,,,,,,,,,,False,,,,False
event_goldencoinrush1_03_s_46,40048,event_goldencoinrush1_03_s,,Speech,alice_b,alice_b,Locale_MainScenario:event_goldencoinrush1_03_s_46,True,,,,,,,S_150,S_150,0,,,,100,,,None,None,,None,False,,,13,serious,,,15,worry,,,,,,,,,,,,,,,,,,,,,,,,,,,,,,,,,,,,False,,,,False
event_goldencoinrush1_03_s_47,40048,event_goldencoinrush1_03_s,,Speech,alice_b,alice_b,Locale_MainScenario:event_goldencoinrush1_03_s_47,True,,,,,,,S_150,S_150,0,,,,100,,,None,None,,None,False,,,13,serious,,,15,worry,,,,,,,,,,,,,,,,,,,,,,,,,,,,,,,,,,,,False,,,,False
event_goldencoinrush1_03_s_48,40048,event_goldencoinrush1_03_s,,Self,alice_b,,Locale_MainScenario:event_goldencoinrush1_03_s_48,False,,,,,,,S_150,S_150,0,,,,100,,,None,None,,None,False,,,13,serious,,,15,worry,,,,,,,,,,,,,,,,,,,,,,,,,,,,,,,,,,,,False,,,,False
event_goldencoinrush1_03_s_49,40048,event_goldencoinrush1_03_s,,Speech,alice_b,alice_b,Locale_MainScenario:event_goldencoinrush1_03_s_49,True,,,,,,,S_150,S_150,0,,,,100,,,None,None,,None,False,,,13,serious,,,15,idle,,,,,,,,,,,,,,,,,,,,,,,,,,,,,,,,,,,,False,,,,False
event_goldencoinrush1_03_s_50,40048,event_goldencoinrush1_03_s,,Speech,alice_b,alice_b,Locale_MainScenario:event_goldencoinrush1_03_s_50,True,,,,,,,S_150,S_150,0,,,,100,,,None,None,,None,False,,,13,serious,,,15,delight,,,,,,,,,,,,,,,,,,,,,,,,,,,,,,,,,,,,False,,,,False
event_goldencoinrush1_03_s_51,40048,event_goldencoinrush1_03_s,,Speech,alice_b,alice_b,Locale_MainScenario:event_goldencoinrush1_03_s_51,True,,,,,,,S_150,14,0,,,,100,,,None,None,,None,False,,,13,serious,,,15,delight,,,,,,,,,,,,,,,,,,,,,,,,,,,,,,,,,,,,False,,,,False
event_goldencoinrush1_03_s_52,40048,event_goldencoinrush1_03_s,,Speech,soda_b,soda_b,Locale_MainScenario:event_goldencoinrush1_03_s_52,True,,,,,,,14,14,0,,,,100,,,None,None,,None,False,,,13,sad,,,15,delight,,,,,,,,,,,,,,,,,,,,,,,,,,,,,,,,,,,,False,,,,False
event_goldencoinrush1_03_s_53,40048,event_goldencoinrush1_03_s,,Speech,soda_b,soda_b,Locale_MainScenario:event_goldencoinrush1_03_s_53,True,,,,,,,14,14,0,,,,100,,,None,None,,None,False,,,13,sad,,,15,delight,,,,,,,,,,,,,,,,,,,,,,,,,,,,,,,,,,,,False,,,,False
event_goldencoinrush1_03_s_54,40048,event_goldencoinrush1_03_s,,Speech,soda_b,soda_b,Locale_MainScenario:event_goldencoinrush1_03_s_54,True,,,,,,,14,S_130,0,,,,100,,,None,None,,None,False,,,13,sad,,,15,delight,,,,,,,,,,,,,,,,,,,,,,,,,,,,,,,,,,,,False,,,,False
event_goldencoinrush1_03_s_55,40048,event_goldencoinrush1_03_s,,Monologue,soda_b,,Locale_MainScenario:event_goldencoinrush1_03_s_55,False,,,,,,,S_130,S_130,0,,,,100,,,None,None,,None,False,,,13,sad,,,15,delight,,,,,,,,,,,,,,,,,,,,,,,,,,,,,,,,,,,,False,,,,False
event_goldencoinrush1_03_s_56,40048,event_goldencoinrush1_03_s,,Monologue,soda_b,,Locale_MainScenario:event_goldencoinrush1_03_s_56,False,,,,,,,S_130,S_130,0,,,,100,none,,None,None,,None,False,,,13,sad,,,15,delight,,,,,,,,,,,,,,,,,,,,,,,,,,,,,,,,,,,,False,,,,False
event_goldencoinrush1_03_s_57,40048,event_goldencoinrush1_03_s,,Narration,soda_b,,Locale_MainScenario:event_goldencoinrush1_03_s_57,False,,,,,,,S_130,13,858993459,,sfx_scn_lightout,,100,,,Vignetting,None,,None,False,,,13,sad,,,15,idle,,,,,,,,,,,,,,,,,,,,,,,,,,,,,,,,,,,,False,,,,False
event_goldencoinrush1_03_s_58,40048,event_goldencoinrush1_03_s,,Monologue,soda_b,,Locale_MainScenario:event_goldencoinrush1_03_s_58,False,,,,,,,13,13,0,,,,100,,,Vignetting,None,,None,False,,,13,surprise,,,15,idle,,,,,,,,,,,,,,,,,,,,,,,,,,,,,,,,,,,,False,,,,False
event_goldencoinrush1_03_s_59,40048,event_goldencoinrush1_03_s,,Monologue,soda_b,,Locale_MainScenario:event_goldencoinrush1_03_s_59,False,,,,,,,13,13,0,,,,100,,,Vignetting,None,,None,False,,,13,surprise,,,15,idle,,,,,,,,,,,,,,,,,,,,,,,,,,,,,,,,,,,,False,,,,False
event_goldencoinrush1_03_s_60,40048,event_goldencoinrush1_03_s,,Narration,soda_b,,Locale_MainScenario:event_goldencoinrush1_03_s_60,False,,,,,,,13,13,0,,,,100,,,Vignetting,None,,None,False,,,13,surprise,,,15,idle,,,,,,,,,,,,,,,,,,,,,,,,,,,,,,,,,,,,False,,,,False
event_goldencoinrush1_03_s_61,40048,event_goldencoinrush1_03_s,,Monologue,soda_b,,Locale_MainScenario:event_goldencoinrush1_03_s_61,False,,,,,,,13,3,0,,,,100,,,Vignetting,None,,None,False,,,13,surprise,,,15,idle,mustang,,3,idle,,,,,,,,,,,,,,,,,,,,,,,,,,,,,,,,False,,,,False
event_goldencoinrush1_03_s_62,40048,event_goldencoinrush1_03_s,,Monologue,soda_b,,Locale_MainScenario:event_goldencoinrush1_03_s_62,False,,,,,,,3,3,0,,,,100,,,Vignetting,None,,None,False,,,13,surprise,,,15,idle,,,3,idle,,,,,,,,,,,,,,,,,,,,,,,,,,,,,,,,False,,,,False
event_goldencoinrush1_03_s_63,40048,event_goldencoinrush1_03_s,,Speech,mustang,mustang,Locale_MainScenario:event_goldencoinrush1_03_s_63,True,,,,,,,3,L_30,0,,,,100,bgm_story_mustang,,Vignetting,None,,None,False,,,13,surprise,,,15,idle,,,3,idle,,,,,,,,,,,,,,,,,,,,,,,,,,,,,,,,False,,,,False
event_goldencoinrush1_03_s_64,40048,event_goldencoinrush1_03_s,,Speech,mustang,mustang,Locale_MainScenario:event_goldencoinrush1_03_s_64,True,,,,,,,L_30,L_30,0,,,,100,,,Vignetting,None,,None,False,,,13,surprise,,,15,idle,,,3,idle,,,,,,,,,,,,,,,,,,,,,,,,,,,,,,,,False,,,,False
event_goldencoinrush1_03_s_65,40048,event_goldencoinrush1_03_s,,Speech,mustang,mustang,Locale_MainScenario:event_goldencoinrush1_03_s_65,True,,,,,,,L_30,L_30,0,,,,100,,,Vignetting,None,,None,False,,,13,surprise,,,15,idle,,,3,delight,,,,,,,,,,,,,,,,,,,,,,,,,,,,,,,,False,,,,False
event_goldencoinrush1_03_s_66,40048,event_goldencoinrush1_03_s,,Speech,audience01,audience01,Locale_MainScenario:event_goldencoinrush1_03_s_66,True,,,,,,,L_30,L_30,0,,sfx_scn_crowdcheer,,100,,Low_2,Vignetting,None,,None,False,,,13,surprise,,,15,idle,,,3,delight,,,,,,,,,,,,,,,,,,,,,,,,,,,,,,,,False,,,,False
event_goldencoinrush1_03_s_67,40048,event_goldencoinrush1_03_s,,Speech,mustang,mustang,Locale_MainScenario:event_goldencoinrush1_03_s_67,True,,,,,,,L_30,L_30,0,,,,100,,,Vignetting,None,,None,False,,,13,surprise,,,15,idle,,,3,delight,,,,,,,,,,,,,,,,,,,,,,,,,,,,,,,,False,,,,False
event_goldencoinrush1_03_s_68,40048,event_goldencoinrush1_03_s,,Speech,mustang,mustang,Locale_MainScenario:event_goldencoinrush1_03_s_68,True,,,,,,,L_30,L_30,0,,,,100,,,Vignetting,None,,None,False,,,13,surprise,,,15,idle,,,3,delight,,,,,,,,,,,,,,,,,,,,,,,,,,,,,,,,False,,,,False
event_goldencoinrush1_03_s_69,40048,event_goldencoinrush1_03_s,,Speech,mustang,mustang,Locale_MainScenario:event_goldencoinrush1_03_s_69,True,,,,,,,L_30,L_30,0,,,,100,,,Vignetting,None,,None,False,,,13,surprise,,,15,idle,,,3,delight,,,,,,,,,,,,,,,,,,,,,,,,,,,,,,,,False,,,,False
event_goldencoinrush1_03_s_70,40048,event_goldencoinrush1_03_s,,Speech,mustang,mustang,Locale_MainScenario:event_goldencoinrush1_03_s_70,True,,,,,,,L_30,L_30,0,,,,100,,,Vignetting,None,,None,False,,,13,surprise,,,15,idle,,,3,delight,,,,,,,,,,,,,,,,,,,,,,,,,,,,,,,,False,,,,False
event_goldencoinrush1_03_s_71,40048,event_goldencoinrush1_03_s,,Speech,mustang,mustang,Locale_MainScenario:event_goldencoinrush1_03_s_71,True,,,,,,,L_30,L_30,0,,,,100,,,Vignetting,None,,None,False,,,13,surprise,,,15,idle,,,3,delight,,,,,,,,,,,,,,,,,,,,,,,,,,,,,,,,False,,,,False
event_goldencoinrush1_03_s_72,40048,event_goldencoinrush1_03_s,,Speech,mustang,mustang,Locale_MainScenario:event_goldencoinrush1_03_s_72,True,,,,,,,L_30,L_30,0,,,,100,,,Vignetting,None,,None,False,,,13,surprise,,,15,idle,,,3,delight,,,,,,,,,,,,,,,,,,,,,,,,,,,,,,,,False,,,,False
event_goldencoinrush1_03_s_73,40048,event_goldencoinrush1_03_s,,Narration,mustang,,Locale_MainScenario:event_goldencoinrush1_03_s_73,False,,,,,,,L_30,L_30,0,,,,100,,,Vignetting,None,,None,False,,,13,surprise,,,15,idle,,,3,delight,,,,,,,,,,,,,,,,,,,,,,,,,,,,,,,,False,,,,False
event_goldencoinrush1_03_s_74,40048,event_goldencoinrush1_03_s,,Speech,audience01,audience01,Locale_MainScenario:event_goldencoinrush1_03_s_74,True,,,,,,,L_30,L_30,0,,sfx_scn_crowdcheer,,100,,Low_2,Vignetting,None,,None,False,,,13,surprise,,,15,idle,,,3,delight,,,,,,,,,,,,,,,,,,,,,,,,,,,,,,,,False,,,,False
event_goldencoinrush1_03_s_75,40048,event_goldencoinrush1_03_s,,Speech,soda_b,soda_b,Locale_MainScenario:event_goldencoinrush1_03_s_75,True,,,,,,,14,14,0,,,,100,,,Vignetting,None,,None,False,,,13,surprise,,,15,shy,,,3,delight,,,,,,,,,,,,,,,,,,,,,,,,,,,,,,,,False,,,,False
event_goldencoinrush1_03_s_76,40048,event_goldencoinrush1_03_s,,Speech,alice_b,alice_b,Locale_MainScenario:event_goldencoinrush1_03_s_76,True,,,,,,,14,14,0,,,,100,,,Vignetting,None,,None,False,,,13,surprise,,,15,shy,,,3,delight,,,,,,,,,,,,,,,,,,,,,,,,,,,,,,,,False,,,,False
event_goldencoinrush1_03_s_77,40048,event_goldencoinrush1_03_s,,Self,alice_b,,Locale_MainScenario:event_goldencoinrush1_03_s_77,False,,,,,,,14,14,0,,,,100,,,Vignetting,None,,None,False,,,13,surprise,,,15,shy,,,3,delight,,,,,,,,,,,,,,,,,,,,,,,,,,,,,,,,False,,,,False
event_goldencoinrush1_03_s_78,40048,event_goldencoinrush1_03_s,,Speech,mustang,mustang,Locale_MainScenario:event_goldencoinrush1_03_s_78,True,,,,,,,L_30,L_30,0,,,,100,,,Vignetting,None,,None,False,,,13,surprise,,,15,shy,,,3,idle,,,,,,,,,,,,,,,,,,,,,,,,,,,,,,,,False,,,,False
event_goldencoinrush1_03_s_79,40048,event_goldencoinrush1_03_s,,Speech,mustang,mustang,Locale_MainScenario:event_goldencoinrush1_03_s_79,True,,,,,,,L_30,L_30,0,,,,100,,,Vignetting,None,,None,False,,,13,surprise,,,15,idle,,,3,idle,,,,,,,,,,,,,,,,,,,,,,,,,,,,,,,,False,,,,False
event_goldencoinrush1_03_s_80,40048,event_goldencoinrush1_03_s,,Speech,mustang,mustang,Locale_MainScenario:event_goldencoinrush1_03_s_80,True,,,,,,,L_30,L_30,0,,,,100,,,Vignetting,None,,None,False,,,13,surprise,,,15,idle,,,3,idle,,,,,,,,,,,,,,,,,,,,,,,,,,,,,,,,False,,,,False
event_goldencoinrush1_03_s_81,40048,event_goldencoinrush1_03_s,,Speech,mustang,mustang,Locale_MainScenario:event_goldencoinrush1_03_s_81,True,,,,,,,L_30,L_30,0,,,,100,,,Vignetting,None,,None,False,,,13,surprise,,,15,idle,,,3,idle,,,,,,,,,,,,,,,,,,,,,,,,,,,,,,,,False,,,,False
event_goldencoinrush1_03_s_82,40048,event_goldencoinrush1_03_s,,Speech,mustang,mustang,Locale_MainScenario:event_goldencoinrush1_03_s_82,True,,,,,,,L_30,L_30,0,,,,100,,,Vignetting,None,,None,False,,,13,surprise,,,15,idle,,,3,delight,,,,,,,,,,,,,,,,,,,,,,,,,,,,,,,,False,,,,False
event_goldencoinrush1_03_s_83,40048,event_goldencoinrush1_03_s,,Speech,mustang,mustang,Locale_MainScenario:event_goldencoinrush1_03_s_83,True,,,,,,,L_30,L_300,0,,,,100,,,Vignetting,None,,None,False,,,13,surprise,,,15,idle,,,3,delight,,,,,,,,,,,,,,,,,,,,,,,,,,,,,,,,False,,,,False
event_goldencoinrush1_03_s_84,40048,event_goldencoinrush1_03_s,,Speech,mustang,mustang,Locale_MainScenario:event_goldencoinrush1_03_s_84,True,,,,,,,L_300,L_300,0,,,,100,,,Vignetting,None,,None,False,,,13,surprise,,,15,idle,,,3,delight,,,,,,,,,,,,,,,,,,,,,,,,,,,,,,,,False,,,,False
event_goldencoinrush1_03_s_85,40048,event_goldencoinrush1_03_s,,Narration,mustang,,Locale_MainScenario:event_goldencoinrush1_03_s_85,False,,,,,,,L_300,3,0,,sfx_scn_lightout,,100,none,,None,None,,None,False,,,13,surprise,,,15,idle,,mustang,3,delight,,,,,,,,,,,,,,,,,,,,,,,,,,,,,,,,False,,,,False
event_goldencoinrush1_03_s_86,40048,event_goldencoinrush1_03_s,,Self,,,Locale_MainScenario:event_goldencoinrush1_03_s_86,False,,,,,,,3,3,0,,,,100,,,None,None,,None,False,,,13,surprise,,,15,idle,,,,,,,,,,,,,,,,,,,,,,,,,,,,,,,,,,,,False,,,,False
event_goldencoinrush1_03_s_87,40048,event_goldencoinrush1_03_s,,Monologue,soda_b,,Locale_MainScenario:event_goldencoinrush1_03_s_87,False,,,,,,,3,3,0,,,,100,,,None,None,,None,False,,,13,surprise,,,15,idle,,,,,,,,,,,,,,,,,,,,,,,,,,,,,,,,,,,,False,,,,False
event_goldencoinrush1_03_s_88,40048,event_goldencoinrush1_03_s,,Speech,soda_b,soda_b,Locale_MainScenario:event_goldencoinrush1_03_s_88,True,,,,,,,3,14,0,,,,100,event_bgm_goldcoinrush_inst,,None,None,,None,False,,,13,surprise,,,15,idle,,,,,,,,,,,,,,,,,,,,,,,,,,,,,,,,,,,,False,,,,False
event_goldencoinrush1_03_s_89,40048,event_goldencoinrush1_03_s,,Speech,alice_b,alice_b,Locale_MainScenario:event_goldencoinrush1_03_s_89,True,,,,,,,14,14,0,,,,100,,,None,None,,None,False,,,13,surprise,,,15,sad,,,,,,,,,,,,,,,,,,,,,,,,,,,,,,,,,,,,False,,,,False
event_goldencoinrush1_03_s_90,40048,event_goldencoinrush1_03_s,,Speech,alice_b,alice_b,Locale_MainScenario:event_goldencoinrush1_03_s_90,True,,,,,,,14,14,0,,,,100,,,None,None,,None,False,,,13,surprise,,,15,sad,,,,,,,,,,,,,,,,,,,,,,,,,,,,,,,,,,,,False,,,,False
event_goldencoinrush1_03_s_91,40048,event_goldencoinrush1_03_s,,Speech,soda_b,soda_b,Locale_MainScenario:event_goldencoinrush1_03_s_91,True,,,,,,,14,14,0,,,,100,,,None,None,,None,False,,,13,idle,,,15,sad,,,,,,,,,,,,,,,,,,,,,,,,,,,,,,,,,,,,False,,,,False
event_goldencoinrush1_03_s_92,40048,event_goldencoinrush1_03_s,,Speech,alice_b,alice_b,Locale_MainScenario:event_goldencoinrush1_03_s_92,True,,,,,,,14,14,0,,,,100,,,None,None,,None,False,,,13,idle,,,15,sad,,,,,,,,,,,,,,,,,,,,,,,,,,,,,,,,,,,,False,,,,False
event_goldencoinrush1_03_s_93,40048,event_goldencoinrush1_03_s,,Speech,soda_b,soda_b,Locale_MainScenario:event_goldencoinrush1_03_s_93,True,,,,,,,14,14,0,,,,100,,,None,None,,None,False,,,13,idle,,,15,sad,,,,,,,,,,,,,,,,,,,,,,,,,,,,,,,,,,,,False,,,,False
event_goldencoinrush1_03_s_94,40048,event_goldencoinrush1_03_s,,Speech,alice_b,alice_b,Locale_MainScenario:event_goldencoinrush1_03_s_94,True,,,,,,,14,14,0,,,,100,,,None,None,,None,False,,,13,idle,,,15,idle,,,,,,,,,,,,,,,,,,,,,,,,,,,,,,,,,,,,False,,,,False
event_goldencoinrush1_03_s_95,40048,event_goldencoinrush1_03_s,,Speech,soda_b,soda_b,Locale_MainScenario:event_goldencoinrush1_03_s_95,True,,,,,,,14,14,0,,,,100,,,None,None,,None,False,,,13,delight,,,15,idle,,,,,,,,,,,,,,,,,,,,,,,,,,,,,,,,,,,,False,,,,False
event_goldencoinrush1_03_s_96,40048,event_goldencoinrush1_03_s,,Self,soda_b,,Locale_MainScenario:event_goldencoinrush1_03_s_96,False,,,,,,,14,14,0,,,,100,,,None,None,,None,False,,,13,delight,,,15,idle,,,,,,,,,,,,,,,,,,,,,,,,,,,,,,,,,,,,False,,,,False
event_goldencoinrush1_03_s_97,40048,event_goldencoinrush1_03_s,,Speech,soda_b,soda_b,Locale_MainScenario:event_goldencoinrush1_03_s_97,True,,,,,,,14,14,0,,,,100,,,None,None,,None,False,,,13,surprise,,,15,idle,,,,,,,,,,,,,,,,,,,,,,,,,,,,,,,,,,,,False,,,,False
event_goldencoinrush1_03_s_98,40048,event_goldencoinrush1_03_s,,Speech,soda_b,soda_b,Locale_MainScenario:event_goldencoinrush1_03_s_98,True,,,,,,,14,14,0,,,,100,,,None,None,,None,False,,,13,surprise,,,15,idle,,,,,,,,,,,,,,,,,,,,,,,,,,,,,,,,,,,,False,,,,False
event_goldencoinrush1_03_s_99,40048,event_goldencoinrush1_03_s,,Self,soda_b,,Locale_MainScenario:event_goldencoinrush1_03_s_99,False,,,,,,,14,14,0,,,,100,,,None,None,,None,False,,,13,surprise,,,15,idle,,,,,,,,,,,,,,,,,,,,,,,,,,,,,,,,,,,,False,,,,False
event_goldencoinrush1_03_s_100,40048,event_goldencoinrush1_03_s,,Monologue,soda_b,,Locale_MainScenario:event_goldencoinrush1_03_s_100,False,,,,,,,14,14,0,,,,100,,,None,None,,None,False,,,13,surprise,,,15,idle,,,,,,,,,,,,,,,,,,,,,,,,,,,,,,,,,,,,False,,,,False
event_goldencoinrush1_03_s_101,40048,event_goldencoinrush1_03_s,,Monologue,soda_b,,Locale_MainScenario:event_goldencoinrush1_03_s_101,False,,,,,,,14,14,0,,,,100,,,None,None,,None,False,,,13,surprise,,,15,idle,,,,,,,,,,,,,,,,,,,,,,,,,,,,,,,,,,,,False,,,,False
event_goldencoinrush1_03_s_102,40048,event_goldencoinrush1_03_s,,Monologue,soda_b,,Locale_MainScenario:event_goldencoinrush1_03_s_102,False,,,,,,,14,14,0,,,,100,,,None,None,,None,False,,,13,surprise,,,15,idle,,,,,,,,,,,,,,,,,,,,,,,,,,,,,,,,,,,,False,,,,False
event_goldencoinrush1_03_s_103,40048,event_goldencoinrush1_03_s,,Monologue,soda_b,,Locale_MainScenario:event_goldencoinrush1_03_s_103,False,,,,,,,14,14,0,,,,100,,,None,None,,None,False,,,13,surprise,,,15,idle,,,,,,,,,,,,,,,,,,,,,,,,,,,,,,,,,,,,False,,,,False
event_goldencoinrush1_03_s_104,40048,event_goldencoinrush1_03_s,,Choice,soda_b,,Locale_MainScenario:event_goldencoinrush1_03_s_104,False,,,,,,,14,14,0,,,,100,,,None,None,event_goldencoinrush1_03_s_106,None,False,,,13,surprise,,,15,idle,,,,,,,,,,,,,,,,,,,,,,,,,,,,,,,,,,,,False,,,,False
event_goldencoinrush1_03_s_105,40048,event_goldencoinrush1_03_s,,Choice,soda_b,,Locale_MainScenario:event_goldencoinrush1_03_s_105,False,,,,,,,14,14,0,,,,100,,,None,None,event_goldencoinrush1_03_s_262,None,False,,,13,surprise,,,15,idle,,,,,,,,,,,,,,,,,,,,,,,,,,,,,,,,,,,,False,,,,False
event_goldencoinrush1_03_s_106,40048,event_goldencoinrush1_03_s,,Speech,soda_b,soda_b,Locale_MainScenario:event_goldencoinrush1_03_s_106,True,,,,,,,14,14,0,,,,100,,,None,None,,None,False,,,13,surprise,,,15,idle,,,,,,,,,,,,,,,,,,,,,,,,,,,,,,,,,,,,False,,,,False
event_goldencoinrush1_03_s_107,40048,event_goldencoinrush1_03_s,,Self,soda_b,,Locale_MainScenario:event_goldencoinrush1_03_s_107,False,,,,,,,14,14,0,,,,100,,,None,None,,None,False,,,13,surprise,,,15,idle,,,,,,,,,,,,,,,,,,,,,,,,,,,,,,,,,,,,False,,,,False
event_goldencoinrush1_03_s_108,40048,event_goldencoinrush1_03_s,,Speech,soda_b,soda_b,Locale_MainScenario:event_goldencoinrush1_03_s_108,True,,,,,,,14,14,0,,,,100,,,None,None,,None,False,,,13,idle,,,15,idle,,,,,,,,,,,,,,,,,,,,,,,,,,,,,,,,,,,,False,,,,False
event_goldencoinrush1_03_s_109,40048,event_goldencoinrush1_03_s,,Speech,soda_b,soda_b,Locale_MainScenario:event_goldencoinrush1_03_s_109,True,,,,,,,14,14,0,,,,100,,,None,None,,None,False,,,13,idle,,,15,idle,,,,,,,,,,,,,,,,,,,,,,,,,,,,,,,,,,,,False,,,,False
event_goldencoinrush1_03_s_110,40048,event_goldencoinrush1_03_s,,Speech,alice_b,alice_b,Locale_MainScenario:event_goldencoinrush1_03_s_110,True,,,,,,,14,S_150,0,,,,100,,,None,None,,None,False,,,13,idle,,,15,idle,,,,,,,,,,,,,,,,,,,,,,,,,,,,,,,,,,,,False,,,,False
event_goldencoinrush1_03_s_111,40048,event_goldencoinrush1_03_s,,Speech,alice_b,alice_b,Locale_MainScenario:event_goldencoinrush1_03_s_111,True,,,,,,,S_150,S_150,0,,,,100,,,None,None,,None,False,,,13,idle,,,15,delight,,,,,,,,,,,,,,,,,,,,,,,,,,,,,,,,,,,,False,,,,False
event_goldencoinrush1_03_s_112,40048,event_goldencoinrush1_03_s,,Speech,soda_b,soda_b,Locale_MainScenario:event_goldencoinrush1_03_s_112,True,,,,,,,S_150,S_130,0,,,,100,,,None,None,,None,False,,,13,shy,,,15,delight,,,,,,,,,,,,,,,,,,,,,,,,,,,,,,,,,,,,False,,,,False
event_goldencoinrush1_03_s_113,40048,event_goldencoinrush1_03_s,,Speech,soda_b,soda_b,Locale_MainScenario:event_goldencoinrush1_03_s_113,True,,,,,,,S_130,S_130,0,,,,100,,,None,None,,None,False,,,13,shy,,,15,delight,,,,,,,,,,,,,,,,,,,,,,,,,,,,,,,,,,,,False,,,,False
event_goldencoinrush1_03_s_114,40048,event_goldencoinrush1_03_s,,Speech,alice_b,alice_b,Locale_MainScenario:event_goldencoinrush1_03_s_114,True,,,,,,,S_130,14,0,,,,100,,,None,None,,None,False,,,13,shy,,,15,delight,,,,,,,,,,,,,,,,,,,,,,,,,,,,,,,,,,,,False,,,,False
event_goldencoinrush1_03_s_115,40048,event_goldencoinrush1_03_s,,Self,alice_b,,Locale_MainScenario:event_goldencoinrush1_03_s_115,False,,,,,,,14,14,0,,,,100,,,None,None,,None,False,,,13,shy,,,15,delight,,,,,,,,,,,,,,,,,,,,,,,,,,,,,,,,,,,,False,,,,False
event_goldencoinrush1_03_s_116,40048,event_goldencoinrush1_03_s,,Self,alice_b,,Locale_MainScenario:event_goldencoinrush1_03_s_116,False,,,,,,,14,14,0,,,,100,,,None,None,,None,False,,,13,shy,,,15,delight,,,,,,,,,,,,,,,,,,,,,,,,,,,,,,,,,,,,False,,,,False
event_goldencoinrush1_03_s_117,40048,event_goldencoinrush1_03_s,,Speech,soda_b,soda_b,Locale_MainScenario:event_goldencoinrush1_03_s_117,True,,,,,,,14,14,0,,,,100,,,None,None,,None,False,,,13,idle,,,15,delight,,,,,,,,,,,,,,,,,,,,,,,,,,,,,,,,,,,,False,,,,False
event_goldencoinrush1_03_s_118,40048,event_goldencoinrush1_03_s,,Speech,soda_b,soda_b,Locale_MainScenario:event_goldencoinrush1_03_s_118,True,,,,,,,14,14,0,,,,100,,,None,None,,None,False,,,13,delight,,,15,delight,,,,,,,,,,,,,,,,,,,,,,,,,,,,,,,,,,,,False,,,,False
event_goldencoinrush1_03_s_119,40048,event_goldencoinrush1_03_s,,Speech,alice_b,alice_b,Locale_MainScenario:event_goldencoinrush1_03_s_119,True,,,,,,,14,14,0,,,,100,,,None,None,,None,False,,,13,delight,,,15,delight,,,,,,,,,,,,,,,,,,,,,,,,,,,,,,,,,,,,False,,,,False
event_goldencoinrush1_03_s_120,40048,event_goldencoinrush1_03_s,,Speech,alice_b,alice_b,Locale_MainScenario:event_goldencoinrush1_03_s_120,True,,,,,,,14,14,0,,,,100,,,None,None,,None,False,,,13,delight,,,15,delight,,,,,,,,,,,,,,,,,,,,,,,,,,,,,,,,,,,,False,,,,False
event_goldencoinrush1_03_s_121,40048,event_goldencoinrush1_03_s,,Self,alice_b,,Locale_MainScenario:event_goldencoinrush1_03_s_121,False,,,,,,,14,14,0,,,,100,,,None,None,,None,False,,,13,delight,,,15,delight,,,,,,,,,,,,,,,,,,,,,,,,,,,,,,,,,,,,False,,,,False
event_goldencoinrush1_03_s_122,40048,event_goldencoinrush1_03_s,,Monologue,alice_b,,Locale_MainScenario:event_goldencoinrush1_03_s_122,False,,,,,,,14,4,0,,,,100,,,None,None,,None,False,,,13,idle,,,15,idle,,,,,,,,,,,,,,,,,,,,,,,,,,,,,,,,,,,,False,,,,False
event_goldencoinrush1_03_s_123,40048,event_goldencoinrush1_03_s,,Monologue,alice_b,,Locale_MainScenario:event_goldencoinrush1_03_s_123,False,,,,,,,4,4,0,,,,100,,,None,None,,None,False,,,13,idle,,,15,idle,,,,,,,,,,,,,,,,,,,,,,,,,,,,,,,,,,,,False,,,,False
event_goldencoinrush1_03_s_124,40048,event_goldencoinrush1_03_s,,Monologue,alice_b,,Locale_MainScenario:event_goldencoinrush1_03_s_124,False,,,,,,,4,4,0,,,,100,,,None,None,,None,False,,,13,idle,,,15,idle,,,,,,,,,,,,,,,,,,,,,,,,,,,,,,,,,,,,False,,,,False
event_goldencoinrush1_03_s_125,40048,event_goldencoinrush1_03_s,,Monologue,alice_b,,Locale_MainScenario:event_goldencoinrush1_03_s_125,False,,,,,,,4,4,0,,,,100,,,None,None,,None,False,,,13,idle,,,15,idle,,,,,,,,,,,,,,,,,,,,,,,,,,,,,,,,,,,,False,,,,False
event_goldencoinrush1_03_s_126,40048,event_goldencoinrush1_03_s,,Monologue,alice_b,,Locale_MainScenario:event_goldencoinrush1_03_s_126,False,,,,,,,4,4,0,,,,100,,,None,None,,None,False,,,13,idle,,,15,idle,,,,,,,,,,,,,,,,,,,,,,,,,,,,,,,,,,,,False,,,,False
event_goldencoinrush1_03_s_127,40048,event_goldencoinrush1_03_s,,Monologue,alice_b,,Locale_MainScenario:event_goldencoinrush1_03_s_127,False,,,,,,,4,4,0,,,,100,none,,None,None,,None,False,,,13,idle,,,15,idle,,,,,,,,,,,,,,,,,,,,,,,,,,,,,,,,,,,,False,,,,False
event_goldencoinrush1_03_s_128,40048,event_goldencoinrush1_03_s,,Speech,yan,yan,Locale_MainScenario:event_goldencoinrush1_03_s_128,True,,,,,,,4,4,0,,,,100,bgm_story_shopperholic,,None,None,,Black,False,,,13,idle,,,15,idle,yan,,5,no,rupee_b,,3,idle,dolla,,1,idle,,,,,,,,,,,,,,,,,,,,,,,,False,,,,False
event_goldencoinrush1_03_s_129,40048,event_goldencoinrush1_03_s,,Speech,rupee_b,rupee_b,Locale_MainScenario:event_goldencoinrush1_03_s_129,True,,,,,,,4,4,0,,,,100,,,None,None,,None,False,,,13,idle,,,15,idle,,,5,no,,,3,surprise,,,1,idle,,,,,,,,,,,,,,,,,,,,,,,,False,,,,False
event_goldencoinrush1_03_s_130,40048,event_goldencoinrush1_03_s,,Speech,yan,yan,Locale_MainScenario:event_goldencoinrush1_03_s_130,True,,,,,,,4,4,0,,,,100,,,None,None,,None,False,,,13,idle,,,15,idle,,,5,no,,,3,surprise,,,1,idle,,,,,,,,,,,,,,,,,,,,,,,,False,,,,False
event_goldencoinrush1_03_s_131,40048,event_goldencoinrush1_03_s,,Speech,rupee_b,rupee_b,Locale_MainScenario:event_goldencoinrush1_03_s_131,True,,,,,,,4,4,0,,,,100,,,None,None,,None,False,,,13,idle,,,15,idle,,,5,no,,,3,surprise,,,1,idle,,,,,,,,,,,,,,,,,,,,,,,,False,,,,False
event_goldencoinrush1_03_s_132,40048,event_goldencoinrush1_03_s,,Speech,rupee_b,rupee_b,Locale_MainScenario:event_goldencoinrush1_03_s_132,True,,,,,,,4,4,0,,,,100,,,None,None,,None,False,,,13,idle,,,15,idle,,,5,no,,,3,surprise,,,1,idle,,,,,,,,,,,,,,,,,,,,,,,,False,,,,False
event_goldencoinrush1_03_s_133,40048,event_goldencoinrush1_03_s,,Speech,rupee_b,rupee_b,Locale_MainScenario:event_goldencoinrush1_03_s_133,True,,,,,,,4,L_30,0,,,,100,,,None,None,,None,False,,,13,idle,,,15,idle,,,5,no,,,3,idle,,,1,idle,,,,,,,,,,,,,,,,,,,,,,,,False,,,,False
event_goldencoinrush1_03_s_134,40048,event_goldencoinrush1_03_s,,Speech,alice_b,alice_b,Locale_MainScenario:event_goldencoinrush1_03_s_134,True,,,,,,,XS_150,XS_150,0,,,,100,,,None,None,,None,False,,,13,idle,,,15,shy,,,5,no,,,3,idle,,,1,idle,,,,,,,,,,,,,,,,,,,,,,,,False,,,,False
event_goldencoinrush1_03_s_135,40048,event_goldencoinrush1_03_s,,Speech,alice_b,alice_b,Locale_MainScenario:event_goldencoinrush1_03_s_135,True,,,,,,,XS_150,XS_150,0,,,,100,,,None,None,,None,False,,,13,idle,,,15,shy,,,5,no,,,3,idle,,,1,idle,,,,,,,,,,,,,,,,,,,,,,,,False,,,,False
event_goldencoinrush1_03_s_136,40048,event_goldencoinrush1_03_s,,Speech,yan,yan,Locale_MainScenario:event_goldencoinrush1_03_s_136,True,,,,,,,S_50,S_50,0,,,,100,,,None,None,,None,False,,,13,idle,,,15,shy,,,5,surprise,,,3,idle,,,1,idle,,,,,,,,,,,,,,,,,,,,,,,,False,,,,False
event_goldencoinrush1_03_s_137,40048,event_goldencoinrush1_03_s,,Self,yan,,Locale_MainScenario:event_goldencoinrush1_03_s_137,False,,,,,,,S_50,S_50,0,,,,100,,,None,None,,None,False,,,13,idle,,,15,shy,,,5,surprise,,,3,idle,,,1,idle,,,,,,,,,,,,,,,,,,,,,,,,False,,,,False
event_goldencoinrush1_03_s_138,40048,event_goldencoinrush1_03_s,,Speech,yan,yan,Locale_MainScenario:event_goldencoinrush1_03_s_138,True,,,,,,,S_50,S_50,0,,,,100,,,None,None,,None,False,,,13,idle,,,15,idle,,,5,surprise,,,3,idle,,,1,idle,,,,,,,,,,,,,,,,,,,,,,,,False,,,,False
event_goldencoinrush1_03_s_139,40048,event_goldencoinrush1_03_s,,Speech,yan,yan,Locale_MainScenario:event_goldencoinrush1_03_s_139,True,,,,,,,S_50,S_50,0,,,,100,,,None,None,,None,False,,,13,idle,,,15,idle,,,5,surprise,,,3,idle,,,1,idle,,,,,,,,,,,,,,,,,,,,,,,,False,,,,False
event_goldencoinrush1_03_s_140,40048,event_goldencoinrush1_03_s,,Speech,dolla,dolla,Locale_MainScenario:event_goldencoinrush1_03_s_140,True,,,,,,,S_50,2,0,,,,100,,,None,None,,None,False,,,13,idle,,,15,idle,,,5,surprise,,,3,idle,,,1,idle,,,,,,,,,,,,,,,,,,,,,,,,False,,,,False
event_goldencoinrush1_03_s_141,40048,event_goldencoinrush1_03_s,,Speech,dolla,dolla,Locale_MainScenario:event_goldencoinrush1_03_s_141,True,,,,,,,2,2,0,,,,100,,,None,None,,None,False,,,13,idle,,,15,idle,,,5,surprise,,,3,idle,,,1,idle,,,,,,,,,,,,,,,,,,,,,,,,False,,,,False
event_goldencoinrush1_03_s_142,40048,event_goldencoinrush1_03_s,,Speech,rupee_b,rupee_b,Locale_MainScenario:event_goldencoinrush1_03_s_142,True,,,,,,,2,2,0,,,,100,,,None,None,,None,False,,,13,idle,,,15,idle,,,5,idle,,,3,surprise,,,1,idle,,,,,,,,,,,,,,,,,,,,,,,,False,,,,False
event_goldencoinrush1_03_s_143,40048,event_goldencoinrush1_03_s,,Speech,rupee_b,rupee_b,Locale_MainScenario:event_goldencoinrush1_03_s_143,True,,,,,,,2,2,0,,,,100,,,None,None,,None,False,,,13,idle,,,15,idle,,,5,idle,,,3,surprise,,,1,idle,,,,,,,,,,,,,,,,,,,,,,,,False,,,,False
event_goldencoinrush1_03_s_144,40048,event_goldencoinrush1_03_s,,Speech,dolla,dolla,Locale_MainScenario:event_goldencoinrush1_03_s_144,True,,,,,,,2,2,0,,,,100,,,None,None,,None,False,,,13,idle,,,15,idle,,,5,idle,,,3,surprise,,,1,idle,,,,,,,,,,,,,,,,,,,,,,,,False,,,,False
event_goldencoinrush1_03_s_145,40048,event_goldencoinrush1_03_s,,Speech,dolla,dolla,Locale_MainScenario:event_goldencoinrush1_03_s_145,True,,,,,,,2,2,0,,,,100,,,None,None,,None,False,,,13,idle,,,15,idle,,,5,idle,,,3,surprise,,,1,idle,,,,,,,,,,,,,,,,,,,,,,,,False,,,,False
event_goldencoinrush1_03_s_146,40048,event_goldencoinrush1_03_s,,Speech,rupee_b,rupee_b,Locale_MainScenario:event_goldencoinrush1_03_s_146,True,,,,,,,2,2,0,,,,100,,,None,None,,None,False,,,13,idle,,,15,idle,,,5,idle,,,3,surprise,,,1,idle,,,,,,,,,,,,,,,,,,,,,,,,False,,,,False
event_goldencoinrush1_03_s_147,40048,event_goldencoinrush1_03_s,,Speech,rupee_b,rupee_b,Locale_MainScenario:event_goldencoinrush1_03_s_147,True,,,,,,,2,2,0,,,,100,,,None,None,,None,False,,,13,idle,,,15,idle,,,5,idle,,,3,sad,,,1,idle,,,,,,,,,,,,,,,,,,,,,,,,False,,,,False
event_goldencoinrush1_03_s_148,40048,event_goldencoinrush1_03_s,,Speech,rupee_b,rupee_b,Locale_MainScenario:event_goldencoinrush1_03_s_148,True,,,,,,,2,2,0,,,,100,,,None,None,,None,False,,,13,idle,,,15,idle,,,5,idle,,,3,idle,,,1,idle,,,,,,,,,,,,,,,,,,,,,,,,False,,,,False
event_goldencoinrush1_03_s_149,40048,event_goldencoinrush1_03_s,,Self,rupee_b,,Locale_MainScenario:event_goldencoinrush1_03_s_149,False,,,,,,,2,2,0,,,,100,,,None,None,,None,False,,,13,idle,,,15,idle,,,5,idle,,,3,idle,,,1,idle,,,,,,,,,,,,,,,,,,,,,,,,False,,,,False
event_goldencoinrush1_03_s_150,40048,event_goldencoinrush1_03_s,,Speech,dolla,dolla,Locale_MainScenario:event_goldencoinrush1_03_s_150,True,,,,,,,2,12,0,,,,100,,,None,None,,None,False,,,13,idle,,,15,idle,,,5,idle,,,3,idle,,,1,idle,,,,,,,,,,,,,,,,,,,,,,,,False,,,,False
event_goldencoinrush1_03_s_151,40048,event_goldencoinrush1_03_s,,Speech,dolla,dolla,Locale_MainScenario:event_goldencoinrush1_03_s_151,True,,,,,,,12,12,0,,,,100,,,None,None,,None,False,,,13,idle,,,15,idle,,,5,idle,,,3,idle,,,1,idle,,,,,,,,,,,,,,,,,,,,,,,,False,,,,False
event_goldencoinrush1_03_s_152,40048,event_goldencoinrush1_03_s,,Speech,soda_b,soda_b,Locale_MainScenario:event_goldencoinrush1_03_s_152,True,,,,,,,12,12,0,,,,100,,,None,None,,None,False,,,13,sad,,,15,idle,,,5,idle,,,3,idle,,,1,idle,,,,,,,,,,,,,,,,,,,,,,,,False,,,,False
event_goldencoinrush1_03_s_153,40048,event_goldencoinrush1_03_s,,Speech,soda_b,soda_b,Locale_MainScenario:event_goldencoinrush1_03_s_153,True,,,,,,,12,12,0,,,,100,,,None,None,,None,False,,,13,sad,,,15,idle,,,5,idle,,,3,idle,,,1,idle,,,,,,,,,,,,,,,,,,,,,,,,False,,,,False
event_goldencoinrush1_03_s_154,40048,event_goldencoinrush1_03_s,,Speech,dolla,dolla,Locale_MainScenario:event_goldencoinrush1_03_s_154,True,,,,,,,12,12,0,,,,100,,,None,None,,None,False,,,13,sad,,,15,idle,,,5,idle,,,3,idle,,,1,good,,,,,,,,,,,,,,,,,,,,,,,,False,,,,False
event_goldencoinrush1_03_s_155,40048,event_goldencoinrush1_03_s,,Speech,dolla,dolla,Locale_MainScenario:event_goldencoinrush1_03_s_155,True,,,,,,,12,12,0,,,,100,,,None,None,,None,False,,,13,sad,,,15,idle,,,5,idle,,,3,idle,,,1,good,,,,,,,,,,,,,,,,,,,,,,,,False,,,,False
event_goldencoinrush1_03_s_156,40048,event_goldencoinrush1_03_s,,Self,dolla,,Locale_MainScenario:event_goldencoinrush1_03_s_156,False,,,,,,,12,12,0,,,,100,,,None,None,,None,False,,,13,sad,,,15,idle,,,5,idle,,,3,idle,,,1,good,,,,,,,,,,,,,,,,,,,,,,,,False,,,,False
event_goldencoinrush1_03_s_157,40048,event_goldencoinrush1_03_s,,Speech,yan,yan,Locale_MainScenario:event_goldencoinrush1_03_s_157,True,,,,,,,S_50,S_50,0,,,,100,,,None,None,,None,False,,,13,sad,,,15,idle,,,5,idle,,,3,idle,,,1,idle,,,,,,,,,,,,,,,,,,,,,,,,False,,,,False
event_goldencoinrush1_03_s_158,40048,event_goldencoinrush1_03_s,,Speech,yan,yan,Locale_MainScenario:event_goldencoinrush1_03_s_158,True,,,,,,,S_50,S_50,0,,,,100,,,None,None,,None,False,,,13,sad,,,15,idle,,,5,idle,,,3,idle,,,1,idle,,,,,,,,,,,,,,,,,,,,,,,,False,,,,False
event_goldencoinrush1_03_s_159,40048,event_goldencoinrush1_03_s,,Speech,yan,yan,Locale_MainScenario:event_goldencoinrush1_03_s_159,True,,,,,,,S_50,S_50,0,,,,100,,,None,None,,None,False,,,13,sad,,,15,idle,,,5,idle,,,3,idle,,,1,idle,,,,,,,,,,,,,,,,,,,,,,,,False,,,,False
event_goldencoinrush1_03_s_160,40048,event_goldencoinrush1_03_s,,Speech,yan,yan,Locale_MainScenario:event_goldencoinrush1_03_s_160,True,,,,,,,S_50,S_50,0,,,,100,,,None,None,,None,False,,,13,sad,,,15,idle,,,5,idle,,,3,idle,,,1,idle,,,,,,,,,,,,,,,,,,,,,,,,False,,,,False
event_goldencoinrush1_03_s_161,40048,event_goldencoinrush1_03_s,,Speech,yan,yan,Locale_MainScenario:event_goldencoinrush1_03_s_161,True,,,,,,,S_50,S_50,0,,,,100,,,None,None,,None,False,,,13,sad,,,15,idle,,,5,idle,,,3,idle,,,1,idle,,,,,,,,,,,,,,,,,,,,,,,,False,,,,False
event_goldencoinrush1_03_s_162,40048,event_goldencoinrush1_03_s,,Speech,rupee_b,rupee_b,Locale_MainScenario:event_goldencoinrush1_03_s_162,True,,,,,,,S_50,L_30,0,,,,100,,,None,None,,None,False,,,13,sad,,,15,idle,,,5,idle,,,3,idle,,,1,idle,,,,,,,,,,,,,,,,,,,,,,,,False,,,,False
event_goldencoinrush1_03_s_163,40048,event_goldencoinrush1_03_s,,Speech,rupee_b,rupee_b,Locale_MainScenario:event_goldencoinrush1_03_s_163,True,,,,,,,L_30,L_30,0,,,,100,,,None,None,,None,False,,,13,sad,,,15,idle,,,5,idle,,,3,idle,,,1,idle,,,,,,,,,,,,,,,,,,,,,,,,False,,,,False
event_goldencoinrush1_03_s_164,40048,event_goldencoinrush1_03_s,,Self,rupee_b,,Locale_MainScenario:event_goldencoinrush1_03_s_164,False,,,,,,,L_30,L_30,0,,,,100,,,None,None,,None,False,,,13,sad,,,15,idle,,,5,idle,,,3,idle,,,1,idle,,,,,,,,,,,,,,,,,,,,,,,,False,,,,False
event_goldencoinrush1_03_s_165,40048,event_goldencoinrush1_03_s,,Speech,rupee_b,rupee_b,Locale_MainScenario:event_goldencoinrush1_03_s_165,True,,,,,,,L_30,3,0,,,,100,,,None,None,,None,False,,,13,sad,,,15,idle,,,5,idle,,,3,idle,,,1,idle,,,,,,,,,,,,,,,,,,,,,,,,False,,,,False
event_goldencoinrush1_03_s_166,40048,event_goldencoinrush1_03_s,,Speech,rupee_b,rupee_b,Locale_MainScenario:event_goldencoinrush1_03_s_166,True,,,,,,,3,3,0,,,,100,,,None,None,,None,False,,,13,sad,,,15,idle,,,5,idle,,,3,idle,,,1,idle,,,,,,,,,,,,,,,,,,,,,,,,False,,,,False
event_goldencoinrush1_03_s_167,40048,event_goldencoinrush1_03_s,,Speech,rupee_b,rupee_b,Locale_MainScenario:event_goldencoinrush1_03_s_167,True,,,,,,,3,3,0,,,,100,,,None,None,,None,False,,,13,sad,,,15,idle,,,5,idle,,,3,idle,,,1,idle,,,,,,,,,,,,,,,,,,,,,,,,False,,,,False
event_goldencoinrush1_03_s_168,40048,event_goldencoinrush1_03_s,,Speech,alice_b,alice_b,Locale_MainScenario:event_goldencoinrush1_03_s_168,True,,,,,,,XS_150,XS_150,0,,,,100,,,None,None,,None,False,,,13,sad,,,15,delight,,,5,idle,,,3,idle,,,1,idle,,,,,,,,,,,,,,,,,,,,,,,,False,,,,False
event_goldencoinrush1_03_s_169,40048,event_goldencoinrush1_03_s,,Speech,alice_b,alice_b,Locale_MainScenario:event_goldencoinrush1_03_s_169,True,,,,,,,XS_150,XS_150,0,,,,100,,,None,None,,None,False,,,13,sad,,,15,delight,,,5,idle,,,3,idle,,,1,idle,,,,,,,,,,,,,,,,,,,,,,,,False,,,,False
event_goldencoinrush1_03_s_170,40048,event_goldencoinrush1_03_s,,Speech,rupee_b,rupee_b,Locale_MainScenario:event_goldencoinrush1_03_s_170,True,,,,,,,3,3,0,,,,100,,,None,None,,None,False,,,13,sad,,,15,delight,,,5,idle,,,3,shy,,,1,idle,,,,,,,,,,,,,,,,,,,,,,,,False,,,,False
event_goldencoinrush1_03_s_171,40048,event_goldencoinrush1_03_s,,Speech,yan,yan,Locale_MainScenario:event_goldencoinrush1_03_s_171,True,,,,,,,3,4,0,,,,100,,,None,None,,None,False,,,13,sad,,,15,delight,,,5,no,,,3,shy,,,1,idle,,,,,,,,,,,,,,,,,,,,,,,,False,,,,False
event_goldencoinrush1_03_s_172,40048,event_goldencoinrush1_03_s,,Speech,rupee_b,rupee_b,Locale_MainScenario:event_goldencoinrush1_03_s_172,True,,,,,,,4,4,0,,,,100,,,None,None,,None,False,,,13,sad,,,15,delight,,,5,no,,,3,idle,,,1,idle,,,,,,,,,,,,,,,,,,,,,,,,False,,,,False
event_goldencoinrush1_03_s_173,40048,event_goldencoinrush1_03_s,,Speech,yan,yan,Locale_MainScenario:event_goldencoinrush1_03_s_173,True,,,,,,,4,4,0,,,,100,,,None,None,,None,False,,,13,sad,,,15,delight,,,5,no,,,3,idle,,,1,idle,,,,,,,,,,,,,,,,,,,,,,,,False,,,,False
event_goldencoinrush1_03_s_174,40048,event_goldencoinrush1_03_s,,Speech,yan,yan,Locale_MainScenario:event_goldencoinrush1_03_s_174,True,,,,,,,4,4,0,,,,100,,,None,None,,None,False,,,13,sad,,,15,idle,,,5,no,,,3,idle,,,1,idle,,,,,,,,,,,,,,,,,,,,,,,,False,,,,False
event_goldencoinrush1_03_s_175,40048,event_goldencoinrush1_03_s,,Speech,dolla,dolla,Locale_MainScenario:event_goldencoinrush1_03_s_175,True,,,,,,,4,2,0,,,,100,,,None,None,,None,False,,,13,sad,,,15,idle,,,5,no,,,3,idle,,,1,idle,,,,,,,,,,,,,,,,,,,,,,,,False,,,,False
event_goldencoinrush1_03_s_176,40048,event_goldencoinrush1_03_s,,Speech,rupee_b,rupee_b,Locale_MainScenario:event_goldencoinrush1_03_s_176,True,,,,,,,2,2,0,,,,100,,,None,None,,None,False,,,13,sad,,,15,idle,,,5,no,,,3,angry,,,1,idle,,,,,,,,,,,,,,,,,,,,,,,,False,,,,False
event_goldencoinrush1_03_s_177,40048,event_goldencoinrush1_03_s,,Monologue,rupee_b,,Locale_MainScenario:event_goldencoinrush1_03_s_177,False,,,,,,,2,2,0,,,,100,,,None,None,,None,False,,,13,sad,,,15,idle,,,5,no,,,3,angry,,,1,idle,,,,,,,,,,,,,,,,,,,,,,,,False,,,,False
event_goldencoinrush1_03_s_178,40048,event_goldencoinrush1_03_s,,Monologue,rupee_b,,Locale_MainScenario:event_goldencoinrush1_03_s_178,False,,,,,,,2,2,0,,,,100,,,None,None,,None,False,,,13,sad,,,15,idle,,,5,no,,,3,angry,,,1,idle,,,,,,,,,,,,,,,,,,,,,,,,False,,,,False
event_goldencoinrush1_03_s_179,40048,event_goldencoinrush1_03_s,,Speech,dolla,dolla,Locale_MainScenario:event_goldencoinrush1_03_s_179,True,,,,,,,2,S_10,0,,,,100,,,None,None,,None,False,,,13,sad,,,15,idle,,,5,no,,,3,idle,,,1,idle,,,,,,,,,,,,,,,,,,,,,,,,False,,,,False
event_goldencoinrush1_03_s_180,40048,event_goldencoinrush1_03_s,,Speech,dolla,dolla,Locale_MainScenario:event_goldencoinrush1_03_s_180,True,,,,,,,S_10,S_10,0,,,,100,,,None,None,,None,False,,,13,sad,,,15,idle,,,5,no,,,3,idle,,,1,idle,,,,,,,,,,,,,,,,,,,,,,,,False,,,,False
event_goldencoinrush1_03_s_181,40048,event_goldencoinrush1_03_s,,Speech,dolla,dolla,Locale_MainScenario:event_goldencoinrush1_03_s_181,True,,,,,,,S_10,S_10,0,,,,100,,,None,None,,None,False,,,13,sad,,,15,idle,,,5,no,,,3,idle,,,1,idle,,,,,,,,,,,,,,,,,,,,,,,,False,,,,False
event_goldencoinrush1_03_s_182,40048,event_goldencoinrush1_03_s,,Self,dolla,,Locale_MainScenario:event_goldencoinrush1_03_s_182,False,,,,,,,S_10,S_10,0,,,,100,,,None,None,,None,False,,,13,sad,,,15,idle,,,5,no,,,3,idle,,,1,idle,,,,,,,,,,,,,,,,,,,,,,,,False,,,,False
event_goldencoinrush1_03_s_183,40048,event_goldencoinrush1_03_s,,Speech,yan,yan,Locale_MainScenario:event_goldencoinrush1_03_s_183,True,,,,,,,S_50,S_50,0,,,,100,,,None,None,,None,False,,,13,sad,,,15,idle,,,5,delight,,,3,idle,,,1,idle,,,,,,,,,,,,,,,,,,,,,,,,False,,,,False
event_goldencoinrush1_03_s_184,40048,event_goldencoinrush1_03_s,,Self,yan,,Locale_MainScenario:event_goldencoinrush1_03_s_184,False,,,,,,,S_50,S_50,0,,,,100,,,None,None,,None,False,,,13,sad,,,15,idle,,,5,delight,,,3,idle,,,1,idle,,,,,,,,,,,,,,,,,,,,,,,,False,,,,False
event_goldencoinrush1_03_s_185,40048,event_goldencoinrush1_03_s,,Speech,dolla,dolla,Locale_MainScenario:event_goldencoinrush1_03_s_185,True,,,,,,,S_10,1,0,,,,100,,,None,None,,None,False,,,13,sad,,,15,idle,,,5,delight,,,3,idle,,,1,good,,,,,,,,,,,,,,,,,,,,,,,,False,,,,False
event_goldencoinrush1_03_s_186,40048,event_goldencoinrush1_03_s,,Speech,yan,yan,Locale_MainScenario:event_goldencoinrush1_03_s_186,True,,,,,,,1,4,0,,,,100,,,None,None,,None,False,,,13,sad,,,15,idle,,,5,delight,,,3,idle,,,1,good,,,,,,,,,,,,,,,,,,,,,,,,False,,,,False
event_goldencoinrush1_03_s_187,40048,event_goldencoinrush1_03_s,,Speech,yan,yan,Locale_MainScenario:event_goldencoinrush1_03_s_187,True,,,,,,,4,4,0,,,,100,,,None,None,,None,False,,,13,sad,,,15,idle,,,5,delight,,,3,idle,,,1,good,,,,,,,,,,,,,,,,,,,,,,,,False,,,,False
event_goldencoinrush1_03_s_188,40048,event_goldencoinrush1_03_s,,Speech,yan,yan,Locale_MainScenario:event_goldencoinrush1_03_s_188,True,,,,,,,4,4,0,,,,100,,,None,None,,None,False,,,13,sad,,,15,idle,,,5,delight,,,3,idle,,,1,good,,,,,,,,,,,,,,,,,,,,,,,,False,,,,False
event_goldencoinrush1_03_s_189,40048,event_goldencoinrush1_03_s,,Speech,yan,yan,Locale_MainScenario:event_goldencoinrush1_03_s_189,True,,,,,,,4,4,0,,,,100,,,None,None,,None,False,,,13,sad,,,15,idle,,,5,delight,,,3,idle,,,1,good,,,,,,,,,,,,,,,,,,,,,,,,False,,,,False
event_goldencoinrush1_03_s_190,40048,event_goldencoinrush1_03_s,,Self,yan,,Locale_MainScenario:event_goldencoinrush1_03_s_190,False,,,,,,,4,4,0,,,,100,,,None,None,,None,False,,,13,sad,,,15,idle,,,5,delight,,,3,idle,,,1,good,,,,,,,,,,,,,,,,,,,,,,,,False,,,,False
event_goldencoinrush1_03_s_191,40048,event_goldencoinrush1_03_s,,Monologue,yan,,Locale_MainScenario:event_goldencoinrush1_03_s_191,False,,,,,,,4,4,0,,,,100,,,None,None,,None,False,,,13,sad,,,15,idle,,,5,delight,,,3,idle,,,1,good,,,,,,,,,,,,,,,,,,,,,,,,False,,,,False
event_goldencoinrush1_03_s_192,40048,event_goldencoinrush1_03_s,,Monologue,yan,,Locale_MainScenario:event_goldencoinrush1_03_s_192,False,,,,,,,4,4,0,,,,100,,,None,None,,None,False,,,13,sad,,,15,idle,,,5,delight,,,3,idle,,,1,good,,,,,,,,,,,,,,,,,,,,,,,,False,,,,False
event_goldencoinrush1_03_s_193,40048,event_goldencoinrush1_03_s,,Speech,rupee_b,rupee_b,Locale_MainScenario:event_goldencoinrush1_03_s_193,True,,,,,,,4,4,0,,,,100,,,None,None,,None,False,,,13,sad,,,15,idle,,,5,delight,,,3,delight,,,1,idle,,,,,,,,,,,,,,,,,,,,,,,,False,,,,False
event_goldencoinrush1_03_s_194,40048,event_goldencoinrush1_03_s,,Speech,rupee_b,rupee_b,Locale_MainScenario:event_goldencoinrush1_03_s_194,True,,,,,,,4,4,0,,,,100,,,None,None,,None,False,,,13,sad,,,15,idle,,,5,delight,,,3,idle,,,1,idle,,,,,,,,,,,,,,,,,,,,,,,,False,,,,False
event_goldencoinrush1_03_s_195,40048,event_goldencoinrush1_03_s,,Speech,rupee_b,rupee_b,Locale_MainScenario:event_goldencoinrush1_03_s_195,True,,,,,,,4,4,0,,,,100,,,None,None,,None,False,,,13,sad,,,15,idle,,,5,delight,,,3,idle,,,1,idle,,,,,,,,,,,,,,,,,,,,,,,,False,,,,False
event_goldencoinrush1_03_s_196,40048,event_goldencoinrush1_03_s,,Speech,rupee_b,rupee_b,Locale_MainScenario:event_goldencoinrush1_03_s_196,True,,,,,,,4,4,0,,,,100,,,None,None,,None,False,,,13,sad,,,15,idle,,,5,delight,,,3,idle,,,1,idle,,,,,,,,,,,,,,,,,,,,,,,,False,,,,False
event_goldencoinrush1_03_s_197,40048,event_goldencoinrush1_03_s,,Speech,yan,yan,Locale_MainScenario:event_goldencoinrush1_03_s_197,True,,,,,,,4,4,0,,,,100,,,None,None,,None,False,,,13,sad,,,15,idle,,,5,delight,,,3,idle,,,1,idle,,,,,,,,,,,,,,,,,,,,,,,,False,,,,False
event_goldencoinrush1_03_s_198,40048,event_goldencoinrush1_03_s,,Speech,dolla,dolla,Locale_MainScenario:event_goldencoinrush1_03_s_198,True,,,,,,,4,2,0,,,,100,,,None,None,,None,False,,,13,sad,,,15,idle,,,5,delight,,,3,idle,,,1,good,,,,,,,,,,,,,,,,,,,,,,,,False,,,,False
event_goldencoinrush1_03_s_199,40048,event_goldencoinrush1_03_s,,Self,dolla,,Locale_MainScenario:event_goldencoinrush1_03_s_199,False,,,,,,,2,2,0,,,,100,,,None,None,,None,False,,,13,sad,,,15,idle,,,5,delight,,,3,idle,,,1,good,,,,,,,,,,,,,,,,,,,,,,,,False,,,,False
event_goldencoinrush1_03_s_200,40048,event_goldencoinrush1_03_s,,Monologue,dolla,,Locale_MainScenario:event_goldencoinrush1_03_s_200,False,,,,,,,black,black,0,,,,100,,,None,None,,None,False,,,13,idle,,,15,idle,,yan,5,delight,,rupee_b,3,idle,,dolla,1,good,,,,,,,,,,,,,,,,,,,,,,,,False,,,,False
event_goldencoinrush1_03_s_201,40048,event_goldencoinrush1_03_s,,Speech,alice_b,alice_b,Locale_MainScenario:event_goldencoinrush1_03_s_201,True,,,,,,,14,14,0,,,,100,,,None,None,,None,False,,,13,idle,,,15,idle,,,,,,,,,,,,,,,,,,,,,,,,,,,,,,,,,,,,False,,,,False
event_goldencoinrush1_03_s_202,40048,event_goldencoinrush1_03_s,,Speech,alice_b,alice_b,Locale_MainScenario:event_goldencoinrush1_03_s_202,True,,,,,,,14,14,0,,,,100,,,None,None,,None,False,,,13,idle,,,15,delight,,,,,,,,,,,,,,,,,,,,,,,,,,,,,,,,,,,,False,,,,False
event_goldencoinrush1_03_s_203,40048,event_goldencoinrush1_03_s,,Speech,alice_b,alice_b,Locale_MainScenario:event_goldencoinrush1_03_s_203,True,,,,,,,14,14,0,,,,100,,,None,None,,None,False,,,13,idle,,,15,delight,,,,,,,,,,,,,,,,,,,,,,,,,,,,,,,,,,,,False,,,,False
event_goldencoinrush1_03_s_204,40048,event_goldencoinrush1_03_s,,Self,alice_b,,Locale_MainScenario:event_goldencoinrush1_03_s_204,False,,,,,,,14,14,0,,,,100,,,None,None,,None,False,,,13,idle,,,15,delight,,,,,,,,,,,,,,,,,,,,,,,,,,,,,,,,,,,,False,,,,False
event_goldencoinrush1_03_s_205,40048,event_goldencoinrush1_03_s,,Self,alice_b,,Locale_MainScenario:event_goldencoinrush1_03_s_205,False,,,,,,,14,14,0,,,,100,,,None,None,,None,False,,,13,idle,,,15,delight,,,,,,,,,,,,,,,,,,,,,,,,,,,,,,,,,,,,False,,,,False
event_goldencoinrush1_03_s_206,40048,event_goldencoinrush1_03_s,,Speech,alice_b,alice_b,Locale_MainScenario:event_goldencoinrush1_03_s_206,True,,,,,,,14,14,0,,,,100,,,None,None,,None,False,,,13,idle,,,15,delight,,,,,,,,,,,,,,,,,,,,,,,,,,,,,,,,,,,,False,,,,False
event_goldencoinrush1_03_s_207,40048,event_goldencoinrush1_03_s,,Speech,soda_b,soda_b,Locale_MainScenario:event_goldencoinrush1_03_s_207,True,,,,,,,14,14,0,,,,100,,,None,None,,None,False,,,13,idle,,,15,delight,,,,,,,,,,,,,,,,,,,,,,,,,,,,,,,,,,,,False,,,,False
event_goldencoinrush1_03_s_208,40048,event_goldencoinrush1_03_s,,Monologue,soda_b,,Locale_MainScenario:event_goldencoinrush1_03_s_208,False,,,,,,,14,4,0,,,,100,,,None,None,,None,False,,,13,idle,,,15,delight,,,,,,,,,,,,,,,,,,,,,,,,,,,,,,,,,,,,False,,,,False
event_goldencoinrush1_03_s_209,40048,event_goldencoinrush1_03_s,,Monologue,soda_b,,Locale_MainScenario:event_goldencoinrush1_03_s_209,False,,,,,,,4,4,0,,,,100,none,,None,None,,None,False,,,13,idle,,,15,delight,,,,,,,,,,,,,,,,,,,,,,,,,,,,,,,,,,,,False,,,,False
event_goldencoinrush1_03_s_210,40048,event_goldencoinrush1_03_s,,Speech,volume,volume,Locale_MainScenario:event_goldencoinrush1_03_s_210,True,,,,,,,2,2,0,,,,100,bgm_story_tuffguys,,None,None,,Black,False,,,13,idle,,,15,idle,noise,,5,sad,aria,,3,idle,volume,,1,angry,,,,,,,,,,,,,,,,,,,,,,,,False,,,,False
event_goldencoinrush1_03_s_211,40048,event_goldencoinrush1_03_s,,Speech,volume,volume,Locale_MainScenario:event_goldencoinrush1_03_s_211,True,,,,,,,2,2,0,,,,100,,,None,None,,None,False,,,13,idle,,,15,idle,,,5,sad,,,3,idle,,,1,angry,,,,,,,,,,,,,,,,,,,,,,,,False,,,,False
event_goldencoinrush1_03_s_212,40048,event_goldencoinrush1_03_s,,Speech,volume,volume,Locale_MainScenario:event_goldencoinrush1_03_s_212,True,,,,,,,2,2,0,,,,100,,,None,None,,None,False,,,13,idle,,,15,idle,,,5,sad,,,3,idle,,,1,angry,,,,,,,,,,,,,,,,,,,,,,,,False,,,,False
event_goldencoinrush1_03_s_213,40048,event_goldencoinrush1_03_s,,Speech,aria,aria,Locale_MainScenario:event_goldencoinrush1_03_s_213,True,,,,,,,2,2,0,,,,100,,,None,None,,None,False,,,13,idle,,,15,idle,,,5,sad,,,3,idle,,,1,angry,,,,,,,,,,,,,,,,,,,,,,,,False,,,,False
event_goldencoinrush1_03_s_214,40048,event_goldencoinrush1_03_s,,Speech,aria,aria,Locale_MainScenario:event_goldencoinrush1_03_s_214,True,,,,,,,2,2,0,,,,100,,,None,None,,None,False,,,13,idle,,,15,idle,,,5,sad,,,3,idle,,,1,angry,,,,,,,,,,,,,,,,,,,,,,,,False,,,,False
event_goldencoinrush1_03_s_215,40048,event_goldencoinrush1_03_s,,Speech,volume,volume,Locale_MainScenario:event_goldencoinrush1_03_s_215,True,,,,,,,2,2,0,,,,100,,,None,None,,None,False,,,13,idle,,,15,idle,,,5,sad,,,3,idle,,,1,angry,,,,,,,,,,,,,,,,,,,,,,,,False,,,,False
event_goldencoinrush1_03_s_216,40048,event_goldencoinrush1_03_s,,Speech,noise,noise,Locale_MainScenario:event_goldencoinrush1_03_s_216,True,,,,,,,2,50,0,,,,100,,,None,None,,None,False,,,13,idle,,,15,idle,,,5,sad,,,3,idle,,,1,angry,,,,,,,,,,,,,,,,,,,,,,,,False,,,,False
event_goldencoinrush1_03_s_217,40048,event_goldencoinrush1_03_s,,Speech,noise,noise,Locale_MainScenario:event_goldencoinrush1_03_s_217,True,,,,,,,50,50,0,,,,100,,,None,None,,None,False,,,13,idle,,,15,idle,,,5,sad,,,3,idle,,,1,angry,,,,,,,,,,,,,,,,,,,,,,,,False,,,,False
event_goldencoinrush1_03_s_218,40048,event_goldencoinrush1_03_s,,Self,noise,,Locale_MainScenario:event_goldencoinrush1_03_s_218,False,,,,,,,50,50,0,,,,100,,,None,None,,None,False,,,13,idle,,,15,idle,,,5,sad,,,3,idle,,,1,angry,,,,,,,,,,,,,,,,,,,,,,,,False,,,,False
event_goldencoinrush1_03_s_219,40048,event_goldencoinrush1_03_s,,Speech,noise,noise,Locale_MainScenario:event_goldencoinrush1_03_s_219,True,,,,,,,50,5,0,,,,100,,,None,None,,None,False,,,13,idle,,,15,idle,,,5,idle,,,3,idle,,,1,angry,,,,,,,,,,,,,,,,,,,,,,,,False,,,,False
event_goldencoinrush1_03_s_220,40048,event_goldencoinrush1_03_s,,Speech,noise,noise,Locale_MainScenario:event_goldencoinrush1_03_s_220,True,,,,,,,5,5,0,,,,100,,,None,None,,None,False,,,13,idle,,,15,idle,,,5,idle,,,3,idle,,,1,angry,,,,,,,,,,,,,,,,,,,,,,,,False,,,,False
event_goldencoinrush1_03_s_221,40048,event_goldencoinrush1_03_s,,Speech,volume,volume,Locale_MainScenario:event_goldencoinrush1_03_s_221,True,,,,,,,5,2,0,,,,100,,,None,None,,None,False,,,13,idle,,,15,idle,,,5,idle,,,3,idle,,,1,idle,,,,,,,,,,,,,,,,,,,,,,,,False,,,,False
event_goldencoinrush1_03_s_222,40048,event_goldencoinrush1_03_s,,Speech,volume,volume,Locale_MainScenario:event_goldencoinrush1_03_s_222,True,,,,,,,2,2,0,,,,100,,,None,None,,None,False,,,13,idle,,,15,idle,,,5,idle,,,3,idle,,,1,idle,,,,,,,,,,,,,,,,,,,,,,,,False,,,,False
event_goldencoinrush1_03_s_223,40048,event_goldencoinrush1_03_s,,Speech,volume,volume,Locale_MainScenario:event_goldencoinrush1_03_s_223,True,,,,,,,2,2,0,,,,100,,,None,None,,None,False,,,13,idle,,,15,idle,,,5,idle,,,3,idle,,,1,delight,,,,,,,,,,,,,,,,,,,,,,,,False,,,,False
event_goldencoinrush1_03_s_224,40048,event_goldencoinrush1_03_s,,Speech,aria,aria,Locale_MainScenario:event_goldencoinrush1_03_s_224,True,,,,,,,2,2,0,,,,100,,,None,None,,None,False,,,13,idle,,,15,idle,,,5,idle,,,3,idle,,,1,delight,,,,,,,,,,,,,,,,,,,,,,,,False,,,,False
event_goldencoinrush1_03_s_225,40048,event_goldencoinrush1_03_s,,Speech,aria,aria,Locale_MainScenario:event_goldencoinrush1_03_s_225,True,,,,,,,2,2,0,,,,100,,,None,None,,None,False,,,13,idle,,,15,idle,,,5,idle,,,3,idle,,,1,delight,,,,,,,,,,,,,,,,,,,,,,,,False,,,,False
event_goldencoinrush1_03_s_226,40048,event_goldencoinrush1_03_s,,Speech,aria,aria,Locale_MainScenario:event_goldencoinrush1_03_s_226,True,,,,,,,2,2,0,,,,100,,,None,None,,None,False,,,13,idle,,,15,idle,,,5,idle,,,3,idle,,,1,delight,,,,,,,,,,,,,,,,,,,,,,,,False,,,,False
event_goldencoinrush1_03_s_227,40048,event_goldencoinrush1_03_s,,Speech,volume,volume,Locale_MainScenario:event_goldencoinrush1_03_s_227,True,,,,,,,2,S_10,0,,,,100,,,None,None,,None,False,,,13,idle,,,15,idle,,,5,idle,,,3,idle,,,1,surprise,,,,,,,,,,,,,,,,,,,,,,,,False,,,,False
event_goldencoinrush1_03_s_228,40048,event_goldencoinrush1_03_s,,Speech,volume,volume,Locale_MainScenario:event_goldencoinrush1_03_s_228,True,,,,,,,S_10,S_10,0,,,,100,,,None,None,,None,False,,,13,idle,,,15,idle,,,5,idle,,,3,idle,,,1,surprise,,,,,,,,,,,,,,,,,,,,,,,,False,,,,False
event_goldencoinrush1_03_s_229,40048,event_goldencoinrush1_03_s,,Speech,volume,volume,Locale_MainScenario:event_goldencoinrush1_03_s_229,True,,,,,,,S_10,S_10,0,,,,100,,,None,None,,None,False,,,13,idle,,,15,idle,,,5,idle,,,3,idle,,,1,surprise,,,,,,,,,,,,,,,,,,,,,,,,False,,,,False
event_goldencoinrush1_03_s_230,40048,event_goldencoinrush1_03_s,,Speech,soda_b,soda_b,Locale_MainScenario:event_goldencoinrush1_03_s_230,True,,,,,,,S_10,12,0,,,,100,,,None,None,,None,False,,,13,idle,,,15,idle,,,5,idle,,,3,idle,,,1,surprise,,,,,,,,,,,,,,,,,,,,,,,,False,,,,False
event_goldencoinrush1_03_s_231,40048,event_goldencoinrush1_03_s,,Speech,soda_b,soda_b,Locale_MainScenario:event_goldencoinrush1_03_s_231,True,,,,,,,12,12,0,,,,100,,,None,None,,None,False,,,13,delight,,,15,idle,,,5,idle,,,3,idle,,,1,surprise,,,,,,,,,,,,,,,,,,,,,,,,False,,,,False
event_goldencoinrush1_03_s_232,40048,event_goldencoinrush1_03_s,,Speech,volume,volume,Locale_MainScenario:event_goldencoinrush1_03_s_232,True,,,,,,,12,12,0,,,,100,,,None,None,,None,False,,,13,delight,,,15,idle,,,5,idle,,,3,idle,,,1,idle,,,,,,,,,,,,,,,,,,,,,,,,False,,,,False
event_goldencoinrush1_03_s_233,40048,event_goldencoinrush1_03_s,,Speech,volume,volume,Locale_MainScenario:event_goldencoinrush1_03_s_233,True,,,,,,,12,12,0,,,,100,,,None,None,,None,False,,,13,delight,,,15,idle,,,5,idle,,,3,idle,,,1,idle,,,,,,,,,,,,,,,,,,,,,,,,False,,,,False
event_goldencoinrush1_03_s_234,40048,event_goldencoinrush1_03_s,,Speech,soda_b,soda_b,Locale_MainScenario:event_goldencoinrush1_03_s_234,True,,,,,,,12,12,0,,,,100,,,None,None,,None,False,,,13,worry,,,15,idle,,,5,idle,,,3,idle,,,1,idle,,,,,,,,,,,,,,,,,,,,,,,,False,,,,False
event_goldencoinrush1_03_s_235,40048,event_goldencoinrush1_03_s,,Speech,soda_b,soda_b,Locale_MainScenario:event_goldencoinrush1_03_s_235,True,,,,,,,12,12,0,,,,100,,,None,None,,None,False,,,13,worry,,,15,idle,,,5,idle,,,3,idle,,,1,idle,,,,,,,,,,,,,,,,,,,,,,,,False,,,,False
event_goldencoinrush1_03_s_236,40048,event_goldencoinrush1_03_s,,Speech,noise,noise,Locale_MainScenario:event_goldencoinrush1_03_s_236,True,,,,,,,12,4,0,,,,100,,,None,None,,None,False,,,13,worry,,,15,idle,,,5,idle,,,3,idle,,,1,idle,,,,,,,,,,,,,,,,,,,,,,,,False,,,,False
event_goldencoinrush1_03_s_237,40048,event_goldencoinrush1_03_s,,Speech,aria,aria,Locale_MainScenario:event_goldencoinrush1_03_s_237,True,,,,,,,4,4,0,,,,100,,,None,None,,None,False,,,13,worry,,,15,idle,,,5,idle,,,3,think,,,1,idle,,,,,,,,,,,,,,,,,,,,,,,,False,,,,False
event_goldencoinrush1_03_s_238,40048,event_goldencoinrush1_03_s,,Self,aria,,Locale_MainScenario:event_goldencoinrush1_03_s_238,False,,,,,,,4,4,0,,,,100,,,None,None,,None,False,,,13,worry,,,15,idle,,,5,idle,,,3,idle,,,1,idle,,,,,,,,,,,,,,,,,,,,,,,,False,,,,False
event_goldencoinrush1_03_s_239,40048,event_goldencoinrush1_03_s,,Speech,noise,noise,Locale_MainScenario:event_goldencoinrush1_03_s_239,True,,,,,,,4,4,0,,,,100,,,None,None,,None,False,,,13,worry,,,15,idle,,,5,idle,,,3,idle,,,1,idle,,,,,,,,,,,,,,,,,,,,,,,,False,,,,False
event_goldencoinrush1_03_s_240,40048,event_goldencoinrush1_03_s,,Speech,noise,noise,Locale_MainScenario:event_goldencoinrush1_03_s_240,True,,,,,,,4,4,0,,,,100,,,None,None,,None,False,,,13,worry,,,15,idle,,,5,idle,,,3,idle,,,1,idle,,,,,,,,,,,,,,,,,,,,,,,,False,,,,False
event_goldencoinrush1_03_s_241,40048,event_goldencoinrush1_03_s,,Speech,noise,noise,Locale_MainScenario:event_goldencoinrush1_03_s_241,True,,,,,,,4,4,0,,,,100,,,None,None,,None,False,,,13,worry,,,15,idle,,,5,idle,,,3,idle,,,1,idle,,,,,,,,,,,,,,,,,,,,,,,,False,,,,False
event_goldencoinrush1_03_s_242,40048,event_goldencoinrush1_03_s,,Speech,aria,aria,Locale_MainScenario:event_goldencoinrush1_03_s_242,True,,,,,,,4,4,0,,,,100,,,None,None,,None,False,,,13,worry,,,15,idle,,,5,idle,,,3,idle,,,1,idle,,,,,,,,,,,,,,,,,,,,,,,,False,,,,False
event_goldencoinrush1_03_s_243,40048,event_goldencoinrush1_03_s,,Speech,aria,aria,Locale_MainScenario:event_goldencoinrush1_03_s_243,True,,,,,,,4,4,0,,,,100,,,None,None,,None,False,,,13,worry,,,15,idle,,,5,idle,,,3,idle,,,1,idle,,,,,,,,,,,,,,,,,,,,,,,,False,,,,False
event_goldencoinrush1_03_s_244,40048,event_goldencoinrush1_03_s,,Speech,volume,volume,Locale_MainScenario:event_goldencoinrush1_03_s_244,True,,,,,,,S_10,S_10,0,,,,100,,,None,None,,None,False,,,13,worry,,,15,idle,,,5,idle,,,3,idle,,,1,delight,,,,,,,,,,,,,,,,,,,,,,,,False,,,,False
event_goldencoinrush1_03_s_245,40048,event_goldencoinrush1_03_s,,Speech,volume,volume,Locale_MainScenario:event_goldencoinrush1_03_s_245,True,,,,,,,S_10,S_10,0,,,,100,,,None,None,,None,False,,,13,worry,,,15,idle,,,5,idle,,,3,idle,,,1,idle,,,,,,,,,,,,,,,,,,,,,,,,False,,,,False
event_goldencoinrush1_03_s_246,40048,event_goldencoinrush1_03_s,,Speech,volume,volume,Locale_MainScenario:event_goldencoinrush1_03_s_246,True,,,,,,,S_10,S_10,0,,,,100,,,None,None,,None,False,,,13,worry,,,15,idle,,,5,idle,,,3,idle,,,1,idle,,,,,,,,,,,,,,,,,,,,,,,,False,,,,False
event_goldencoinrush1_03_s_247,40048,event_goldencoinrush1_03_s,,Speech,noise,noise,Locale_MainScenario:event_goldencoinrush1_03_s_247,True,,,,,,,4,4,0,,,,100,,,None,None,,None,False,,,13,worry,,,15,idle,,,5,sad,,,3,think,,,1,idle,,,,,,,,,,,,,,,,,,,,,,,,False,,,,False
event_goldencoinrush1_03_s_248,40048,event_goldencoinrush1_03_s,,Speech,aria,aria,Locale_MainScenario:event_goldencoinrush1_03_s_248,True,,,,,,,4,4,0,,,,100,,,None,None,,None,False,,,13,worry,,,15,idle,,,5,sad,,,3,think,,,1,idle,,,,,,,,,,,,,,,,,,,,,,,,False,,,,False
event_goldencoinrush1_03_s_249,40048,event_goldencoinrush1_03_s,,Monologue,aria,,Locale_MainScenario:event_goldencoinrush1_03_s_249,False,,,,,,,4,4,0,,,,100,,,None,None,,None,False,,,13,worry,,,15,idle,,,5,sad,,,3,think,,,1,idle,,,,,,,,,,,,,,,,,,,,,,,,False,,,,False
event_goldencoinrush1_03_s_250,40048,event_goldencoinrush1_03_s,,Monologue,aria,,Locale_MainScenario:event_goldencoinrush1_03_s_250,False,,,,,,,4,4,0,,,,100,,,None,None,,None,False,,,13,worry,,,15,idle,,,5,sad,,,3,think,,,1,idle,,,,,,,,,,,,,,,,,,,,,,,,False,,,,False
event_goldencoinrush1_03_s_251,40048,event_goldencoinrush1_03_s,,Speech,noise,noise,Locale_MainScenario:event_goldencoinrush1_03_s_251,True,,,,,,,4,50,0,,,,100,,,None,None,,None,False,,,13,worry,,,15,idle,,,5,angry,,,3,idle,,,1,idle,,,,,,,,,,,,,,,,,,,,,,,,False,,,,False
event_goldencoinrush1_03_s_252,40048,event_goldencoinrush1_03_s,,Speech,noise,noise,Locale_MainScenario:event_goldencoinrush1_03_s_252,True,,,,,,,50,50,0,,,,100,,,None,None,,None,False,,,13,worry,,,15,idle,,,5,angry,,,3,idle,,,1,idle,,,,,,,,,,,,,,,,,,,,,,,,False,,,,False
event_goldencoinrush1_03_s_253,40048,event_goldencoinrush1_03_s,,Speech,aria,aria,Locale_MainScenario:event_goldencoinrush1_03_s_253,True,,,,,,,50,30,0,,,,100,,,None,None,,None,False,,,13,worry,,,15,idle,,,5,angry,,,3,idle,,,1,idle,,,,,,,,,,,,,,,,,,,,,,,,False,,,,False
event_goldencoinrush1_03_s_254,40048,event_goldencoinrush1_03_s,,Speech,volume,volume,Locale_MainScenario:event_goldencoinrush1_03_s_254,True,,,,,,,30,S_10,0,,,,100,,,None,None,,None,False,,,13,worry,,,15,idle,,,5,angry,,,3,idle,,,1,delight,,,,,,,,,,,,,,,,,,,,,,,,False,,,,False
event_goldencoinrush1_03_s_255,40048,event_goldencoinrush1_03_s,,Speech,volume,volume,Locale_MainScenario:event_goldencoinrush1_03_s_255,True,,,,,,,S_10,S_10,0,,,,100,,,None,None,,None,False,,,13,worry,,,15,idle,,,5,angry,,,3,idle,,,1,delight,,,,,,,,,,,,,,,,,,,,,,,,False,,,,False
event_goldencoinrush1_03_s_256,40048,event_goldencoinrush1_03_s,,Self,volume,,Locale_MainScenario:event_goldencoinrush1_03_s_256,False,,,,,,,S_10,1,0,,,,100,,,None,None,,None,False,,,13,worry,,,15,idle,,,5,idle,,,3,idle,,,1,delight,,,,,,,,,,,,,,,,,,,,,,,,False,,,,False
event_goldencoinrush1_03_s_257,40048,event_goldencoinrush1_03_s,,Monologue,volume,,Locale_MainScenario:event_goldencoinrush1_03_s_257,False,,,,,,,black,black,0,,,,100,none,,None,None,,None,False,,,13,sad,,,15,idle,,noise,5,idle,,aria,3,idle,,volume,1,delight,,,,,,,,,,,,,,,,,,,,,,,,False,,,,False
event_goldencoinrush1_03_s_258,40048,event_goldencoinrush1_03_s,,Self,soda_b,,Locale_MainScenario:event_goldencoinrush1_03_s_258,False,,,,,,,13,13,0,,,,100,,,None,None,,None,False,,,13,sad,,,15,idle,,,,,,,,,,,,,,,,,,,,,,,,,,,,,,,,,,,,False,,,,False
event_goldencoinrush1_03_s_259,40048,event_goldencoinrush1_03_s,,Monologue,soda_b,,Locale_MainScenario:event_goldencoinrush1_03_s_259,False,,,,,,,13,13,0,,,,100,,,None,None,,None,False,,,13,sad,,,15,idle,,,,,,,,,,,,,,,,,,,,,,,,,,,,,,,,,,,,False,,,,False
event_goldencoinrush1_03_s_260,40048,event_goldencoinrush1_03_s,,Speech,soda_b,soda_b,Locale_MainScenario:event_goldencoinrush1_03_s_260,True,,,,,,,13,S_130,0,,,,100,,,None,None,,None,False,,,13,sad,,,15,idle,,,,,,,,,,,,,,,,,,,,,,,,,,,,,,,,,,,,False,,,,False
event_goldencoinrush1_03_s_261,40048,event_goldencoinrush1_03_s,,Monologue,soda_b,,Locale_MainScenario:event_goldencoinrush1_03_s_261,False,,,,,,,S_130,S_130,0,,,,100,,,None,None,event_goldencoinrush1_03_s_484,None,False,,,13,sad,,,15,idle,,,,,,,,,,,,,,,,,,,,,,,,,,,,,,,,,,,,False,,,,False
event_goldencoinrush1_03_s_262,40048,event_goldencoinrush1_03_s,,Speech,alice_b,alice_b,Locale_MainScenario:event_goldencoinrush1_03_s_262,True,,,,,,,14,14,0,,,,100,,,None,None,,None,False,,,13,surprise,,,15,idle,,,,,,,,,,,,,,,,,,,,,,,,,,,,,,,,,,,,False,,,,False
event_goldencoinrush1_03_s_263,40048,event_goldencoinrush1_03_s,,Self,alice_b,,Locale_MainScenario:event_goldencoinrush1_03_s_263,False,,,,,,,14,14,0,,,,100,,,None,None,,None,False,,,13,surprise,,,15,idle,,,,,,,,,,,,,,,,,,,,,,,,,,,,,,,,,,,,False,,,,False
event_goldencoinrush1_03_s_264,40048,event_goldencoinrush1_03_s,,Speech,soda_b,soda_b,Locale_MainScenario:event_goldencoinrush1_03_s_264,True,,,,,,,14,14,0,,,,100,,,None,None,,None,False,,,13,idle,,,15,idle,,,,,,,,,,,,,,,,,,,,,,,,,,,,,,,,,,,,False,,,,False
event_goldencoinrush1_03_s_265,40048,event_goldencoinrush1_03_s,,Speech,soda_b,soda_b,Locale_MainScenario:event_goldencoinrush1_03_s_265,True,,,,,,,14,14,0,,,,100,,,None,None,,None,False,,,13,idle,,,15,idle,,,,,,,,,,,,,,,,,,,,,,,,,,,,,,,,,,,,False,,,,False
event_goldencoinrush1_03_s_266,40048,event_goldencoinrush1_03_s,,Speech,alice_b,alice_b,Locale_MainScenario:event_goldencoinrush1_03_s_266,True,,,,,,,14,XS_150,0,,,,100,,,None,None,,None,False,,,13,idle,,,15,idle,,,,,,,,,,,,,,,,,,,,,,,,,,,,,,,,,,,,False,,,,False
event_goldencoinrush1_03_s_267,40048,event_goldencoinrush1_03_s,,Speech,alice_b,alice_b,Locale_MainScenario:event_goldencoinrush1_03_s_267,True,,,,,,,XS_150,XS_150,0,,,,100,,,None,None,,None,False,,,13,idle,,,15,delight,,,,,,,,,,,,,,,,,,,,,,,,,,,,,,,,,,,,False,,,,False
event_goldencoinrush1_03_s_268,40048,event_goldencoinrush1_03_s,,Speech,soda_b,soda_b,Locale_MainScenario:event_goldencoinrush1_03_s_268,True,,,,,,,XS_150,XS_150,0,,,,100,,,None,None,,None,False,,,13,shy,,,15,delight,,,,,,,,,,,,,,,,,,,,,,,,,,,,,,,,,,,,False,,,,False
event_goldencoinrush1_03_s_269,40048,event_goldencoinrush1_03_s,,Speech,soda_b,soda_b,Locale_MainScenario:event_goldencoinrush1_03_s_269,True,,,,,,,XS_150,XS_150,0,,,,100,,,None,None,,None,False,,,13,shy,,,15,delight,,,,,,,,,,,,,,,,,,,,,,,,,,,,,,,,,,,,False,,,,False
event_goldencoinrush1_03_s_270,40048,event_goldencoinrush1_03_s,,Speech,alice_b,alice_b,Locale_MainScenario:event_goldencoinrush1_03_s_270,True,,,,,,,XS_150,14,0,,,,100,,,None,None,,None,False,,,13,shy,,,15,delight,,,,,,,,,,,,,,,,,,,,,,,,,,,,,,,,,,,,False,,,,False
event_goldencoinrush1_03_s_271,40048,event_goldencoinrush1_03_s,,Self,alice_b,,Locale_MainScenario:event_goldencoinrush1_03_s_271,False,,,,,,,14,14,0,,,,100,,,None,None,,None,False,,,13,shy,,,15,delight,,,,,,,,,,,,,,,,,,,,,,,,,,,,,,,,,,,,False,,,,False
event_goldencoinrush1_03_s_272,40048,event_goldencoinrush1_03_s,,Self,alice_b,,Locale_MainScenario:event_goldencoinrush1_03_s_272,False,,,,,,,14,14,0,,,,100,,,None,None,,None,False,,,13,shy,,,15,delight,,,,,,,,,,,,,,,,,,,,,,,,,,,,,,,,,,,,False,,,,False
event_goldencoinrush1_03_s_273,40048,event_goldencoinrush1_03_s,,Speech,soda_b,soda_b,Locale_MainScenario:event_goldencoinrush1_03_s_273,True,,,,,,,14,14,0,,,,100,,,None,None,,None,False,,,13,idle,,,15,delight,,,,,,,,,,,,,,,,,,,,,,,,,,,,,,,,,,,,False,,,,False
event_goldencoinrush1_03_s_274,40048,event_goldencoinrush1_03_s,,Speech,soda_b,soda_b,Locale_MainScenario:event_goldencoinrush1_03_s_274,True,,,,,,,14,14,0,,,,100,,,None,None,,None,False,,,13,delight,,,15,delight,,,,,,,,,,,,,,,,,,,,,,,,,,,,,,,,,,,,False,,,,False
event_goldencoinrush1_03_s_275,40048,event_goldencoinrush1_03_s,,Speech,alice_b,alice_b,Locale_MainScenario:event_goldencoinrush1_03_s_275,True,,,,,,,14,14,0,,,,100,,,None,None,,None,False,,,13,delight,,,15,idle,,,,,,,,,,,,,,,,,,,,,,,,,,,,,,,,,,,,False,,,,False
event_goldencoinrush1_03_s_276,40048,event_goldencoinrush1_03_s,,Speech,alice_b,alice_b,Locale_MainScenario:event_goldencoinrush1_03_s_276,True,,,,,,,14,14,0,,,,100,,,None,None,,None,False,,,13,delight,,,15,idle,,,,,,,,,,,,,,,,,,,,,,,,,,,,,,,,,,,,False,,,,False
event_goldencoinrush1_03_s_277,40048,event_goldencoinrush1_03_s,,Speech,alice_b,alice_b,Locale_MainScenario:event_goldencoinrush1_03_s_277,True,,,,,,,14,14,0,,,,100,,,None,None,,None,False,,,13,delight,,,15,delight,,,,,,,,,,,,,,,,,,,,,,,,,,,,,,,,,,,,False,,,,False
event_goldencoinrush1_03_s_278,40048,event_goldencoinrush1_03_s,,Speech,soda_b,soda_b,Locale_MainScenario:event_goldencoinrush1_03_s_278,True,,,,,,,14,14,0,,,,100,,,None,None,,None,False,,,13,idle,,,15,delight,,,,,,,,,,,,,,,,,,,,,,,,,,,,,,,,,,,,False,,,,False
event_goldencoinrush1_03_s_279,40048,event_goldencoinrush1_03_s,,Speech,alice_b,alice_b,Locale_MainScenario:event_goldencoinrush1_03_s_279,True,,,,,,,14,XS_150,0,,,,100,,,None,None,,None,False,,,13,idle,,,15,surprise,,,,,,,,,,,,,,,,,,,,,,,,,,,,,,,,,,,,False,,,,False
event_goldencoinrush1_03_s_280,40048,event_goldencoinrush1_03_s,,Speech,alice_b,alice_b,Locale_MainScenario:event_goldencoinrush1_03_s_280,True,,,,,,,XS_150,XS_150,0,,,,100,,,None,None,,None,False,,,13,idle,,,15,delight,,,,,,,,,,,,,,,,,,,,,,,,,,,,,,,,,,,,False,,,,False
event_goldencoinrush1_03_s_281,40048,event_goldencoinrush1_03_s,,Self,alice_b,,Locale_MainScenario:event_goldencoinrush1_03_s_281,False,,,,,,,XS_150,XS_150,0,,,,100,,,None,None,,None,False,,,13,idle,,,15,delight,,,,,,,,,,,,,,,,,,,,,,,,,,,,,,,,,,,,False,,,,False
event_goldencoinrush1_03_s_282,40048,event_goldencoinrush1_03_s,,Monologue,alice_b,,Locale_MainScenario:event_goldencoinrush1_03_s_282,False,,,,,,,XS_150,15,0,,,,100,,,None,None,,None,False,,soda_b,13,idle,,alice_b,15,delight,,,,,,,,,,,,,,,,,,,,,,,,,,,,,,,,,,,,False,,,,False
event_goldencoinrush1_03_s_283,40048,event_goldencoinrush1_03_s,,Monologue,alice_b,,Locale_MainScenario:event_goldencoinrush1_03_s_283,False,,,,,,,15,15,0,,,,100,,,None,None,,None,False,,,,,,,,,,,,,,,,,,,,,,,,,,,,,,,,,,,,,,,,,,,,False,,,,False
event_goldencoinrush1_03_s_284,40048,event_goldencoinrush1_03_s,,Monologue,alice_b,,Locale_MainScenario:event_goldencoinrush1_03_s_284,False,,,,,,,15,15,0,,,,100,,,None,None,,None,False,,,,,,,,,,,,,,,,,,,,,,,,,,,,,,,,,,,,,,,,,,,,False,,,,False
event_goldencoinrush1_03_s_285,40048,event_goldencoinrush1_03_s,,Monologue,alice_b,,Locale_MainScenario:event_goldencoinrush1_03_s_285,False,,,,,,,15,15,0,,,,100,none,,None,None,,None,False,,,,,,,,,,,,,,,,,,,,,,,,,,,,,,,,,,,,,,,,,,,,False,,,,False
event_goldencoinrush1_03_s_286,40048,event_goldencoinrush1_03_s,,Monologue,alice_b,,Locale_MainScenario:event_goldencoinrush1_03_s_286,False,CoinRushGameZone,,,,,,14,14,0,,,,100,bgm_story_heynewbie,,None,None,,Black,False,,,,,,,,,,,,,,,,,,,,,,,,,,,,,,,,,,,,,,,,,,,,False,,,,False
event_goldencoinrush1_03_s_287,40048,event_goldencoinrush1_03_s,,Monologue,alice_b,,Locale_MainScenario:event_goldencoinrush1_03_s_287,False,,,,,,,14,14,0,,,,100,,,None,None,,None,False,,,,,,,,,,,,,,,,,,,,,,,,,,,,,,,,,,,,,,,,,,,,False,,,,False
event_goldencoinrush1_03_s_288,40048,event_goldencoinrush1_03_s,,Speech,soda_b,soda_b,Locale_MainScenario:event_goldencoinrush1_03_s_288,True,,,,,,,14,14,0,,,,100,,,None,None,,None,False,soda_b,,13,surprise,alice_b,,15,idle,,,,,,,,,,,,,,,,,,,,,,,,,,,,,,,,,,,,False,,,,False
event_goldencoinrush1_03_s_289,40048,event_goldencoinrush1_03_s,,Speech,soda_b,soda_b,Locale_MainScenario:event_goldencoinrush1_03_s_289,True,,,,,,,14,14,0,,,,100,,,None,None,,None,False,,,13,surprise,,,15,idle,,,,,,,,,,,,,,,,,,,,,,,,,,,,,,,,,,,,False,,,,False
event_goldencoinrush1_03_s_290,40048,event_goldencoinrush1_03_s,,Speech,alice_b,alice_b,Locale_MainScenario:event_goldencoinrush1_03_s_290,True,,,,,,,14,14,0,,,,100,,,None,None,,None,False,,,13,surprise,,,15,idle,,,,,,,,,,,,,,,,,,,,,,,,,,,,,,,,,,,,False,,,,False
event_goldencoinrush1_03_s_291,40048,event_goldencoinrush1_03_s,,Speech,alice_b,alice_b,Locale_MainScenario:event_goldencoinrush1_03_s_291,True,,,,,,,14,14,0,,,,100,,,None,None,,None,False,,,13,surprise,,,15,idle,,,,,,,,,,,,,,,,,,,,,,,,,,,,,,,,,,,,False,,,,False
event_goldencoinrush1_03_s_292,40048,event_goldencoinrush1_03_s,,Self,alice_b,,Locale_MainScenario:event_goldencoinrush1_03_s_292,False,,,,,,,14,14,0,,,,100,,,None,None,,None,False,,,13,surprise,,,15,idle,,,,,,,,,,,,,,,,,,,,,,,,,,,,,,,,,,,,False,,,,False
event_goldencoinrush1_03_s_293,40048,event_goldencoinrush1_03_s,,Speech,soda_b,soda_b,Locale_MainScenario:event_goldencoinrush1_03_s_293,True,,,,,,,14,S_130,0,,,,100,,,None,None,,None,False,,,13,surprise,,,15,idle,,,,,,,,,,,,,,,,,,,,,,,,,,,,,,,,,,,,False,,,,False
event_goldencoinrush1_03_s_294,40048,event_goldencoinrush1_03_s,,Speech,soda_b,soda_b,Locale_MainScenario:event_goldencoinrush1_03_s_294,True,,,,,,,S_130,S_130,0,,,,100,,,None,None,,None,False,,,13,surprise,,,15,idle,,,,,,,,,,,,,,,,,,,,,,,,,,,,,,,,,,,,False,,,,False
event_goldencoinrush1_03_s_295,40048,event_goldencoinrush1_03_s,,Speech,soda_b,soda_b,Locale_MainScenario:event_goldencoinrush1_03_s_295,True,,,,,,,S_130,S_130,0,,,,100,,,None,None,,None,False,,,13,surprise,,,15,idle,,,,,,,,,,,,,,,,,,,,,,,,,,,,,,,,,,,,False,,,,False
event_goldencoinrush1_03_s_296,40048,event_goldencoinrush1_03_s,,Monologue,soda_b,,Locale_MainScenario:event_goldencoinrush1_03_s_296,False,,,,,,,S_130,3,0,,,,100,,,None,None,,None,False,,,13,surprise,,,15,idle,,,,,,,,,,,,,,,,,,,,,,,,,,,,,,,,,,,,False,,,,False
event_goldencoinrush1_03_s_297,40048,event_goldencoinrush1_03_s,,Monologue,soda_b,,Locale_MainScenario:event_goldencoinrush1_03_s_297,False,,,,,,,3,3,0,,,,100,,,None,None,,None,False,,,13,surprise,,,15,idle,,,,,,,,,,,,,,,,,,,,,,,,,,,,,,,,,,,,False,,,,False
event_goldencoinrush1_03_s_298,40048,event_goldencoinrush1_03_s,,Monologue,soda_b,,Locale_MainScenario:event_goldencoinrush1_03_s_298,False,,,,,,,3,3,0,,,,100,,,None,None,,None,False,,,13,surprise,,,15,idle,,,,,,,,,,,,,,,,,,,,,,,,,,,,,,,,,,,,False,,,,False
event_goldencoinrush1_03_s_299,40048,event_goldencoinrush1_03_s,,Self,soda_b,,Locale_MainScenario:event_goldencoinrush1_03_s_299,False,,,,,,,3,3,0,,,,100,,,None,None,,None,False,,,13,surprise,,,15,idle,,,,,,,,,,,,,,,,,,,,,,,,,,,,,,,,,,,,False,,,,False
event_goldencoinrush1_03_s_300,40048,event_goldencoinrush1_03_s,,Speech,exia_c2,exia_c2,Locale_MainScenario:event_goldencoinrush1_03_s_300,True,,,,,,,3,S_30,0,,,,100,,,None,None,,None,False,,,13,idle,,,15,idle,exia_c2,,3,idle,,,,,,,,,,,,,,,,,,,,,,,,,,,,,,,,False,,,,False
event_goldencoinrush1_03_s_301,40048,event_goldencoinrush1_03_s,,Speech,exia_c2,exia_c2,Locale_MainScenario:event_goldencoinrush1_03_s_301,True,,,,,,,S_30,S_30,0,,,,100,,,None,None,,None,False,,,13,idle,,,15,idle,,,3,idle,,,,,,,,,,,,,,,,,,,,,,,,,,,,,,,,False,,,,False
event_goldencoinrush1_03_s_302,40048,event_goldencoinrush1_03_s,,Speech,exia_c2,exia_c2,Locale_MainScenario:event_goldencoinrush1_03_s_302,True,,,,,,,S_30,S_30,0,,,,100,,,None,None,,None,False,,,13,idle,,,15,idle,,,3,idle,,,,,,,,,,,,,,,,,,,,,,,,,,,,,,,,False,,,,False
event_goldencoinrush1_03_s_303,40048,event_goldencoinrush1_03_s,,Speech,novel,novel,Locale_MainScenario:event_goldencoinrush1_03_s_303,True,,,,,,,S_30,S_10,858993459,,,,100,,,None,None,,None,False,,,13,idle,,,15,idle,,,3,idle,novel,,1,idle,,,,,,,,,,,,,,,,,,,,,,,,,,,,False,,,,False
event_goldencoinrush1_03_s_304,40048,event_goldencoinrush1_03_s,,Speech,novel,novel,Locale_MainScenario:event_goldencoinrush1_03_s_304,True,,,,,,,S_10,S_10,0,,,,100,,,None,None,,None,False,,,13,idle,,,15,idle,,,3,idle,,,1,idle,,,,,,,,,,,,,,,,,,,,,,,,,,,,False,,,,False
event_goldencoinrush1_03_s_305,40048,event_goldencoinrush1_03_s,,Self,novel,,Locale_MainScenario:event_goldencoinrush1_03_s_305,False,,,,,,,S_10,S_10,0,,,,100,,,None,None,,None,False,,,13,idle,,,15,idle,,,3,idle,,,1,idle,,,,,,,,,,,,,,,,,,,,,,,,,,,,False,,,,False
event_goldencoinrush1_03_s_306,40048,event_goldencoinrush1_03_s,,Monologue,novel,,Locale_MainScenario:event_goldencoinrush1_03_s_306,False,,,,,,,S_10,S_10,0,,,,100,,,None,None,,None,False,,,13,idle,,,15,idle,,,3,idle,,,1,idle,,,,,,,,,,,,,,,,,,,,,,,,,,,,False,,,,False
event_goldencoinrush1_03_s_307,40048,event_goldencoinrush1_03_s,,Speech,novel,novel,Locale_MainScenario:event_goldencoinrush1_03_s_307,True,,,,,,,S_10,1,0,,,,100,,,None,None,,None,False,,,13,idle,,,15,idle,,,3,idle,,,1,think,,,,,,,,,,,,,,,,,,,,,,,,,,,,False,,,,False
event_goldencoinrush1_03_s_308,40048,event_goldencoinrush1_03_s,,Speech,novel,novel,Locale_MainScenario:event_goldencoinrush1_03_s_308,True,,,,,,,1,1,0,,,,100,,,None,None,,None,False,,,13,idle,,,15,idle,,,3,idle,,,1,think,,,,,,,,,,,,,,,,,,,,,,,,,,,,False,,,,False
event_goldencoinrush1_03_s_309,40048,event_goldencoinrush1_03_s,,Speech,novel,novel,Locale_MainScenario:event_goldencoinrush1_03_s_309,True,,,,,,,1,1,0,,,,100,,,None,None,,None,False,,,13,idle,,,15,idle,,,3,idle,,,1,idle,,,,,,,,,,,,,,,,,,,,,,,,,,,,False,,,,False
event_goldencoinrush1_03_s_310,40048,event_goldencoinrush1_03_s,,Speech,novel,novel,Locale_MainScenario:event_goldencoinrush1_03_s_310,True,,,,,,,1,1,0,,,,100,,,None,None,,None,False,,,13,idle,,,15,idle,,,3,idle,,,1,idle,,,,,,,,,,,,,,,,,,,,,,,,,,,,False,,,,False
event_goldencoinrush1_03_s_311,40048,event_goldencoinrush1_03_s,,Self,novel,,Locale_MainScenario:event_goldencoinrush1_03_s_311,False,,,,,,,1,1,0,,,,100,,,None,None,,None,False,,,13,idle,,,15,idle,,,3,idle,,,1,idle,,,,,,,,,,,,,,,,,,,,,,,,,,,,False,,,,False
event_goldencoinrush1_03_s_312,40048,event_goldencoinrush1_03_s,,Speech,novel,novel,Locale_MainScenario:event_goldencoinrush1_03_s_312,True,,,,,,,1,S_10,0,,,,100,,,None,None,,None,False,,,13,idle,,,15,idle,,,3,idle,,,1,think,,,,,,,,,,,,,,,,,,,,,,,,,,,,False,,,,False
event_goldencoinrush1_03_s_313,40048,event_goldencoinrush1_03_s,,Speech,novel,novel,Locale_MainScenario:event_goldencoinrush1_03_s_313,True,,,,,,,S_10,S_10,0,,,,100,,,None,None,,None,False,,,13,idle,,,15,idle,,,3,idle,,,1,think,,,,,,,,,,,,,,,,,,,,,,,,,,,,False,,,,False
event_goldencoinrush1_03_s_314,40048,event_goldencoinrush1_03_s,,Speech,novel,novel,Locale_MainScenario:event_goldencoinrush1_03_s_314,True,,,,,,,S_10,S_10,0,,,,100,,,None,None,,None,False,,,13,idle,,,15,idle,,,3,idle,,,1,think,,,,,,,,,,,,,,,,,,,,,,,,,,,,False,,,,False
event_goldencoinrush1_03_s_315,40048,event_goldencoinrush1_03_s,,Speech,novel,novel,Locale_MainScenario:event_goldencoinrush1_03_s_315,True,,,,,,,S_10,S_100,858993459,,,,100,,,None,None,,None,False,,,13,idle,,,15,idle,,,3,idle,,,1,idle,,,,,,,,,,,,,,,,,,,,,,,,,,,,False,,,,False
event_goldencoinrush1_03_s_316,40048,event_goldencoinrush1_03_s,,Speech,novel,novel,Locale_MainScenario:event_goldencoinrush1_03_s_316,True,,,,,,,S_100,S_100,0,,,,100,,,None,None,,None,False,,,13,idle,,,15,idle,,,3,idle,,,1,delight,,,,,,,,,,,,,,,,,,,,,,,,,,,,False,,,,False
event_goldencoinrush1_03_s_317,40048,event_goldencoinrush1_03_s,,Speech,novel,novel,Locale_MainScenario:event_goldencoinrush1_03_s_317,True,,,,,,,S_100,S_100,0,,,,100,,,None,None,,None,False,,,13,idle,,,15,idle,,,3,idle,,,1,delight,,,,,,,,,,,,,,,,,,,,,,,,,,,,False,,,,False
event_goldencoinrush1_03_s_318,40048,event_goldencoinrush1_03_s,,Speech,exia_c2,exia_c2,Locale_MainScenario:event_goldencoinrush1_03_s_318,True,,,,,,,S_100,2,0,,,,100,,,None,None,,None,False,,,13,idle,,,15,idle,,,3,idle,,,1,delight,,,,,,,,,,,,,,,,,,,,,,,,,,,,False,,,,False
event_goldencoinrush1_03_s_319,40048,event_goldencoinrush1_03_s,,Speech,exia_c2,exia_c2,Locale_MainScenario:event_goldencoinrush1_03_s_319,True,,,,,,,2,2,0,,,,100,,,None,None,,None,False,,,13,idle,,,15,idle,,,3,idle,,,1,delight,,,,,,,,,,,,,,,,,,,,,,,,,,,,False,,,,False
event_goldencoinrush1_03_s_320,40048,event_goldencoinrush1_03_s,,Speech,novel,novel,Locale_MainScenario:event_goldencoinrush1_03_s_320,True,,,,,,,2,S_10,0,,,,100,,,None,None,,None,False,,,13,idle,,,15,idle,,,3,idle,,,1,think,,,,,,,,,,,,,,,,,,,,,,,,,,,,False,,,,False
event_goldencoinrush1_03_s_321,40048,event_goldencoinrush1_03_s,,Speech,novel,novel,Locale_MainScenario:event_goldencoinrush1_03_s_321,True,,,,,,,S_10,S_10,0,,,,100,,,None,None,,None,False,,,13,idle,,,15,idle,,,3,idle,,,1,think,,,,,,,,,,,,,,,,,,,,,,,,,,,,False,,,,False
event_goldencoinrush1_03_s_322,40048,event_goldencoinrush1_03_s,,Speech,novel,novel,Locale_MainScenario:event_goldencoinrush1_03_s_322,True,,,,,,,S_10,S_10,0,,,,100,,,None,None,,None,False,,,13,idle,,,15,idle,,,3,idle,,,1,idle,,,,,,,,,,,,,,,,,,,,,,,,,,,,False,,,,False
event_goldencoinrush1_03_s_323,40048,event_goldencoinrush1_03_s,,Speech,novel,novel,Locale_MainScenario:event_goldencoinrush1_03_s_323,True,,,,,,,S_10,S_10,0,,,,100,,,None,None,,None,False,,,13,idle,,,15,idle,,,3,idle,,,1,idle,,,,,,,,,,,,,,,,,,,,,,,,,,,,False,,,,False
event_goldencoinrush1_03_s_324,40048,event_goldencoinrush1_03_s,,Speech,novel,novel,Locale_MainScenario:event_goldencoinrush1_03_s_324,True,,,,,,,S_10,S_100,858993459,,,,100,,,None,None,,None,False,,,13,idle,,,15,idle,,,3,idle,,,1,delight,,,,,,,,,,,,,,,,,,,,,,,,,,,,False,,,,False
event_goldencoinrush1_03_s_325,40048,event_goldencoinrush1_03_s,,Speech,exia_c2,exia_c2,Locale_MainScenario:event_goldencoinrush1_03_s_325,True,,,,,,,S_100,2,0,,,,100,,,None,None,,None,False,,,13,idle,,,15,idle,,,3,idle,,,1,delight,,,,,,,,,,,,,,,,,,,,,,,,,,,,False,,,,False
event_goldencoinrush1_03_s_326,40048,event_goldencoinrush1_03_s,,Speech,exia_c2,exia_c2,Locale_MainScenario:event_goldencoinrush1_03_s_326,True,,,,,,,2,2,0,,,,100,,,None,None,,None,False,,,13,idle,,,15,idle,,,3,idle,,,1,delight,,,,,,,,,,,,,,,,,,,,,,,,,,,,False,,,,False
event_goldencoinrush1_03_s_327,40048,event_goldencoinrush1_03_s,,Speech,exia_c2,exia_c2,Locale_MainScenario:event_goldencoinrush1_03_s_327,True,,,,,,,2,2,0,,,,100,,,None,None,,None,False,,,13,idle,,,15,idle,,,3,idle,,,1,delight,,,,,,,,,,,,,,,,,,,,,,,,,,,,False,,,,False
event_goldencoinrush1_03_s_328,40048,event_goldencoinrush1_03_s,,Speech,novel,novel,Locale_MainScenario:event_goldencoinrush1_03_s_328,True,,,,,,,2,S_10,0,,,,100,,,None,None,,None,False,,,13,idle,,,15,idle,,,3,idle,,,1,think,,,,,,,,,,,,,,,,,,,,,,,,,,,,False,,,,False
event_goldencoinrush1_03_s_329,40048,event_goldencoinrush1_03_s,,Speech,novel,novel,Locale_MainScenario:event_goldencoinrush1_03_s_329,True,,,,,,,S_10,S_10,0,,,,100,,,None,None,,None,False,,,13,idle,,,15,idle,,,3,idle,,,1,think,,,,,,,,,,,,,,,,,,,,,,,,,,,,False,,,,False
event_goldencoinrush1_03_s_330,40048,event_goldencoinrush1_03_s,,Monologue,novel,,Locale_MainScenario:event_goldencoinrush1_03_s_330,False,,,,,,,S_10,S_100,0,,,,100,,,None,None,,None,False,,,13,idle,,,15,idle,,,3,idle,,,1,think,,,,,,,,,,,,,,,,,,,,,,,,,,,,False,,,,False
event_goldencoinrush1_03_s_331,40048,event_goldencoinrush1_03_s,,Speech,novel,novel,Locale_MainScenario:event_goldencoinrush1_03_s_331,True,,,,,,,S_100,S_100,0,,,,100,,,None,None,,None,False,,,13,idle,,,15,idle,,,3,idle,,,1,think,,,,,,,,,,,,,,,,,,,,,,,,,,,,False,,,,False
event_goldencoinrush1_03_s_332,40048,event_goldencoinrush1_03_s,,Speech,alice_b,alice_b,Locale_MainScenario:event_goldencoinrush1_03_s_332,True,,,,,,,14,14,0,,,,100,,,None,None,,None,False,,,13,idle,,,15,delight,,,3,idle,,,1,think,,,,,,,,,,,,,,,,,,,,,,,,,,,,False,,,,False
event_goldencoinrush1_03_s_333,40048,event_goldencoinrush1_03_s,,Speech,soda_b,soda_b,Locale_MainScenario:event_goldencoinrush1_03_s_333,True,,,,,,,14,14,0,,,,100,,,None,None,,None,False,,,13,idle,,,15,delight,,,3,idle,,,1,think,,,,,,,,,,,,,,,,,,,,,,,,,,,,False,,,,False
event_goldencoinrush1_03_s_334,40048,event_goldencoinrush1_03_s,,Speech,novel,novel,Locale_MainScenario:event_goldencoinrush1_03_s_334,True,,,,,,,S_100,S_10,0,,,,100,,,None,None,,None,False,,,13,idle,,,15,delight,,,3,idle,,,1,think,,,,,,,,,,,,,,,,,,,,,,,,,,,,False,,,,False
event_goldencoinrush1_03_s_335,40048,event_goldencoinrush1_03_s,,Speech,novel,novel,Locale_MainScenario:event_goldencoinrush1_03_s_335,True,,,,,,,S_10,S_10,0,,,,100,,,None,None,,None,False,,,13,idle,,,15,delight,,,3,idle,,,1,think,,,,,,,,,,,,,,,,,,,,,,,,,,,,False,,,,False
event_goldencoinrush1_03_s_336,40048,event_goldencoinrush1_03_s,,Speech,novel,novel,Locale_MainScenario:event_goldencoinrush1_03_s_336,True,,,,,,,S_10,S_10,0,,,,100,,,None,None,,None,False,,,13,idle,,,15,delight,,,3,idle,,,1,think,,,,,,,,,,,,,,,,,,,,,,,,,,,,False,,,,False
event_goldencoinrush1_03_s_337,40048,event_goldencoinrush1_03_s,,Speech,novel,novel,Locale_MainScenario:event_goldencoinrush1_03_s_337,True,,,,,,,S_10,S_10,0,,,,100,,,None,None,,None,False,,,13,idle,,,15,delight,,,3,idle,,,1,idle,,,,,,,,,,,,,,,,,,,,,,,,,,,,False,,,,False
event_goldencoinrush1_03_s_338,40048,event_goldencoinrush1_03_s,,Speech,novel,novel,Locale_MainScenario:event_goldencoinrush1_03_s_338,True,,,,,,,S_10,S_100,858993459,,,,100,,,None,None,,None,False,,,13,idle,,,15,delight,,,3,idle,,,1,delight,,,,,,,,,,,,,,,,,,,,,,,,,,,,False,,,,False
event_goldencoinrush1_03_s_339,40048,event_goldencoinrush1_03_s,,Speech,soda_b,soda_b,Locale_MainScenario:event_goldencoinrush1_03_s_339,True,,,,,,,S_130,S_130,0,,,,100,,,None,None,,None,False,,,13,worry,,,15,idle,,,3,idle,,,1,delight,,,,,,,,,,,,,,,,,,,,,,,,,,,,False,,,,False
event_goldencoinrush1_03_s_340,40048,event_goldencoinrush1_03_s,,Speech,novel,novel,Locale_MainScenario:event_goldencoinrush1_03_s_340,True,,,,,,,S_100,1,0,,,,100,,,None,None,,None,False,,,13,worry,,,15,idle,,,3,idle,,,1,pain,,,,,,,,,,,,,,,,,,,,,,,,,,,,False,,,,False
event_goldencoinrush1_03_s_341,40048,event_goldencoinrush1_03_s,,Self,novel,,Locale_MainScenario:event_goldencoinrush1_03_s_341,False,,,,,,,1,1,0,,,,100,,,None,None,,None,False,,,13,worry,,,15,idle,,,3,idle,,,1,pain,,,,,,,,,,,,,,,,,,,,,,,,,,,,False,,,,False
event_goldencoinrush1_03_s_342,40048,event_goldencoinrush1_03_s,,Speech,exia_c2,exia_c2,Locale_MainScenario:event_goldencoinrush1_03_s_342,True,,,,,,,1,2,0,,,,100,,,None,None,,None,False,,,13,worry,,,15,idle,,,3,idle,,,1,pain,,,,,,,,,,,,,,,,,,,,,,,,,,,,False,,,,False
event_goldencoinrush1_03_s_343,40048,event_goldencoinrush1_03_s,,Speech,novel,novel,Locale_MainScenario:event_goldencoinrush1_03_s_343,True,,,,,,,2,2,0,,,,100,,,None,None,,None,False,,,13,worry,,,15,idle,,,3,idle,,,1,idle,,,,,,,,,,,,,,,,,,,,,,,,,,,,False,,,,False
event_goldencoinrush1_03_s_344,40048,event_goldencoinrush1_03_s,,Speech,soda_b,soda_b,Locale_MainScenario:event_goldencoinrush1_03_s_344,True,,,,,,,2,12,0,,,,100,,,None,None,,None,False,,,13,surprise,,,15,idle,,,3,idle,,,1,idle,,,,,,,,,,,,,,,,,,,,,,,,,,,,False,,,,False
event_goldencoinrush1_03_s_345,40048,event_goldencoinrush1_03_s,,Speech,soda_b,soda_b,Locale_MainScenario:event_goldencoinrush1_03_s_345,True,,,,,,,12,12,0,,,,100,,,None,None,,None,False,,,13,surprise,,,15,idle,,,3,idle,,,1,idle,,,,,,,,,,,,,,,,,,,,,,,,,,,,False,,,,False
event_goldencoinrush1_03_s_346,40048,event_goldencoinrush1_03_s,,Speech,soda_b,soda_b,Locale_MainScenario:event_goldencoinrush1_03_s_346,True,,,,,,,12,12,0,,,,100,,,None,None,,None,False,,,13,surprise,,,15,idle,,,3,idle,,,1,idle,,,,,,,,,,,,,,,,,,,,,,,,,,,,False,,,,False
event_goldencoinrush1_03_s_347,40048,event_goldencoinrush1_03_s,,Speech,novel,novel,Locale_MainScenario:event_goldencoinrush1_03_s_347,True,,,,,,,12,S_10,0,,,,100,,,None,None,,None,False,,,13,surprise,,,15,idle,,,3,idle,,,1,idle,,,,,,,,,,,,,,,,,,,,,,,,,,,,False,,,,False
event_goldencoinrush1_03_s_348,40048,event_goldencoinrush1_03_s,,Speech,novel,novel,Locale_MainScenario:event_goldencoinrush1_03_s_348,True,,,,,,,S_10,S_10,0,,,,100,,,None,None,,None,False,,,13,surprise,,,15,idle,,,3,idle,,,1,idle,,,,,,,,,,,,,,,,,,,,,,,,,,,,False,,,,False
event_goldencoinrush1_03_s_349,40048,event_goldencoinrush1_03_s,,Speech,exia_c2,exia_c2,Locale_MainScenario:event_goldencoinrush1_03_s_349,True,,,,,,,S_10,S_30,0,,,,100,,,None,None,,None,False,,,13,surprise,,,15,idle,,,3,idle,,,1,idle,,,,,,,,,,,,,,,,,,,,,,,,,,,,False,,,,False
event_goldencoinrush1_03_s_350,40048,event_goldencoinrush1_03_s,,Speech,exia_c2,exia_c2,Locale_MainScenario:event_goldencoinrush1_03_s_350,True,,,,,,,S_30,S_30,0,,,,100,,,None,None,,None,False,,,13,surprise,,,15,idle,,,3,idle,,,1,idle,,,,,,,,,,,,,,,,,,,,,,,,,,,,False,,,,False
event_goldencoinrush1_03_s_351,40048,event_goldencoinrush1_03_s,,Speech,novel,novel,Locale_MainScenario:event_goldencoinrush1_03_s_351,True,,,,,,,S_30,2,858993459,,,,100,,,None,None,,None,False,,,13,surprise,,,15,idle,,,3,idle,,,1,think,,,,,,,,,,,,,,,,,,,,,,,,,,,,False,,,,False
event_goldencoinrush1_03_s_352,40048,event_goldencoinrush1_03_s,,Speech,exia_c2,exia_c2,Locale_MainScenario:event_goldencoinrush1_03_s_352,True,,,,,,,2,2,0,,,,100,,,None,None,,None,False,,,13,surprise,,,15,idle,,,3,idle,,,1,think,,,,,,,,,,,,,,,,,,,,,,,,,,,,False,,,,False
event_goldencoinrush1_03_s_353,40048,event_goldencoinrush1_03_s,,Speech,exia_c2,exia_c2,Locale_MainScenario:event_goldencoinrush1_03_s_353,True,,,,,,,2,2,0,,,,100,,,None,None,,None,False,,,13,surprise,,,15,idle,,,3,idle,,,1,think,,,,,,,,,,,,,,,,,,,,,,,,,,,,False,,,,False
event_goldencoinrush1_03_s_354,40048,event_goldencoinrush1_03_s,,Speech,novel,novel,Locale_MainScenario:event_goldencoinrush1_03_s_354,True,,,,,,,2,2,0,,,,100,,,None,None,,None,False,,,13,surprise,,,15,idle,,,3,idle,,,1,idle,,,,,,,,,,,,,,,,,,,,,,,,,,,,False,,,,False
event_goldencoinrush1_03_s_355,40048,event_goldencoinrush1_03_s,,Speech,novel,novel,Locale_MainScenario:event_goldencoinrush1_03_s_355,True,,,,,,,2,2,0,,,,100,,,None,None,,None,False,,,13,surprise,,,15,idle,,,3,idle,,,1,idle,,,,,,,,,,,,,,,,,,,,,,,,,,,,False,,,,False
event_goldencoinrush1_03_s_356,40048,event_goldencoinrush1_03_s,,Self,novel,,Locale_MainScenario:event_goldencoinrush1_03_s_356,False,,,,,,,2,2,0,,,,100,,,None,None,,None,False,,,13,surprise,,,15,idle,,,3,idle,,,1,idle,,,,,,,,,,,,,,,,,,,,,,,,,,,,False,,,,False
event_goldencoinrush1_03_s_357,40048,event_goldencoinrush1_03_s,,Speech,novel,novel,Locale_MainScenario:event_goldencoinrush1_03_s_357,True,,,,,,,2,2,0,,,,100,,,None,None,,None,False,,,13,surprise,,,15,idle,,,3,idle,,,1,idle,,,,,,,,,,,,,,,,,,,,,,,,,,,,False,,,,False
event_goldencoinrush1_03_s_358,40048,event_goldencoinrush1_03_s,,Speech,novel,novel,Locale_MainScenario:event_goldencoinrush1_03_s_358,True,,,,,,,2,2,0,,,,100,,,None,None,,None,False,,,13,surprise,,,15,idle,,,3,idle,,,1,idle,,,,,,,,,,,,,,,,,,,,,,,,,,,,False,,,,False
event_goldencoinrush1_03_s_359,40048,event_goldencoinrush1_03_s,,Speech,exia_c2,exia_c2,Locale_MainScenario:event_goldencoinrush1_03_s_359,True,,,,,,,2,2,0,,,,100,,,None,None,,None,False,,,13,surprise,,,15,idle,,,3,idle,,,1,idle,,,,,,,,,,,,,,,,,,,,,,,,,,,,False,,,,False
event_goldencoinrush1_03_s_360,40048,event_goldencoinrush1_03_s,,Speech,alice_b,alice_b,Locale_MainScenario:event_goldencoinrush1_03_s_360,True,,,,,,,XS_150,XS_150,0,,,,100,,,None,None,,None,False,,,13,surprise,,,15,idle,,,3,idle,,,1,idle,,,,,,,,,,,,,,,,,,,,,,,,,,,,False,,,,False
event_goldencoinrush1_03_s_361,40048,event_goldencoinrush1_03_s,,Speech,alice_b,alice_b,Locale_MainScenario:event_goldencoinrush1_03_s_361,True,,,,,,,XS_150,XS_150,0,,,,100,,,None,None,,None,False,,,13,surprise,,,15,idle,,,3,idle,,,1,idle,,,,,,,,,,,,,,,,,,,,,,,,,,,,False,,,,False
event_goldencoinrush1_03_s_362,40048,event_goldencoinrush1_03_s,,Speech,novel,novel,Locale_MainScenario:event_goldencoinrush1_03_s_362,True,,,,,,,S_10,S_10,0,,,,100,,,None,None,,None,False,,,13,surprise,,,15,idle,,,3,idle,,,1,idle,,,,,,,,,,,,,,,,,,,,,,,,,,,,False,,,,False
event_goldencoinrush1_03_s_363,40048,event_goldencoinrush1_03_s,,Speech,novel,novel,Locale_MainScenario:event_goldencoinrush1_03_s_363,True,,,,,,,S_10,S_10,0,,,,100,,,None,None,,None,False,,,13,surprise,,,15,idle,,,3,idle,,,1,idle,,,,,,,,,,,,,,,,,,,,,,,,,,,,False,,,,False
event_goldencoinrush1_03_s_364,40048,event_goldencoinrush1_03_s,,Speech,alice_b,alice_b,Locale_MainScenario:event_goldencoinrush1_03_s_364,True,,,,,,,S_10,14,0,,,,100,,,None,None,,None,False,,,13,surprise,,,15,delight,,,3,idle,,,1,idle,,,,,,,,,,,,,,,,,,,,,,,,,,,,False,,,,False
event_goldencoinrush1_03_s_365,40048,event_goldencoinrush1_03_s,,Speech,soda_b,soda_b,Locale_MainScenario:event_goldencoinrush1_03_s_365,True,,,,,,,14,14,0,,,,100,,,None,None,,None,False,,,13,surprise,,,15,delight,,,3,idle,,,1,idle,,,,,,,,,,,,,,,,,,,,,,,,,,,,False,,,,False
event_goldencoinrush1_03_s_366,40048,event_goldencoinrush1_03_s,,Speech,exia_c2,exia_c2,Locale_MainScenario:event_goldencoinrush1_03_s_366,True,,,,,,,14,2,0,,,,100,,,None,None,,None,False,,,13,surprise,,,15,delight,,,3,idle,,,1,idle,,,,,,,,,,,,,,,,,,,,,,,,,,,,False,,,,False
event_goldencoinrush1_03_s_367,40048,event_goldencoinrush1_03_s,,Speech,exia_c2,exia_c2,Locale_MainScenario:event_goldencoinrush1_03_s_367,True,,,,,,,2,2,0,,,,100,,,None,None,,None,False,,,13,surprise,,,15,delight,,,3,idle,,,1,idle,,,,,,,,,,,,,,,,,,,,,,,,,,,,False,,,,False
event_goldencoinrush1_03_s_368,40048,event_goldencoinrush1_03_s,,Speech,exia_c2,exia_c2,Locale_MainScenario:event_goldencoinrush1_03_s_368,True,,,,,,,2,2,0,,,,100,,,None,None,,None,False,,,13,surprise,,,15,delight,,,3,idle,,,1,idle,,,,,,,,,,,,,,,,,,,,,,,,,,,,False,,,,False
event_goldencoinrush1_03_s_369,40048,event_goldencoinrush1_03_s,,Monologue,exia_c2,,Locale_MainScenario:event_goldencoinrush1_03_s_369,False,,,,,,,2,2,0,,,,100,,,None,None,,None,False,,,13,surprise,,,15,delight,,,3,idle,,,1,idle,,,,,,,,,,,,,,,,,,,,,,,,,,,,False,,,,False
event_goldencoinrush1_03_s_370,40048,event_goldencoinrush1_03_s,,Monologue,exia_c2,,Locale_MainScenario:event_goldencoinrush1_03_s_370,False,,,,,,,2,2,0,,,,100,,,None,None,,None,False,,,13,surprise,,,15,delight,,,3,idle,,,1,idle,,,,,,,,,,,,,,,,,,,,,,,,,,,,False,,,,False
event_goldencoinrush1_03_s_371,40048,event_goldencoinrush1_03_s,,Monologue,exia_c2,,Locale_MainScenario:event_goldencoinrush1_03_s_371,False,,,,,,,2,2,0,,,,100,,,None,None,,None,False,,,13,surprise,,,15,delight,,,3,idle,,,1,idle,,,,,,,,,,,,,,,,,,,,,,,,,,,,False,,,,False
event_goldencoinrush1_03_s_372,40048,event_goldencoinrush1_03_s,,Speech,alice_b,alice_b,Locale_MainScenario:event_goldencoinrush1_03_s_372,True,,,,,,,15,XS_150,0,,,,100,,,None,None,,None,False,,,13,surprise,,,15,idle,,,3,idle,,,1,idle,,,,,,,,,,,,,,,,,,,,,,,,,,,,False,,,,False
event_goldencoinrush1_03_s_373,40048,event_goldencoinrush1_03_s,,Self,alice_b,,Locale_MainScenario:event_goldencoinrush1_03_s_373,False,,,,,,,XS_150,XS_150,0,,,,100,,,None,None,,None,False,,,13,surprise,,,15,idle,,,3,idle,,,1,idle,,,,,,,,,,,,,,,,,,,,,,,,,,,,False,,,,False
event_goldencoinrush1_03_s_374,40048,event_goldencoinrush1_03_s,,Speech,alice_b,alice_b,Locale_MainScenario:event_goldencoinrush1_03_s_374,True,,,,,,,XS_150,XS_150,0,,,,100,,,None,None,,None,False,,,13,surprise,,,15,idle,,,3,idle,,,1,idle,,,,,,,,,,,,,,,,,,,,,,,,,,,,False,,,,False
event_goldencoinrush1_03_s_375,40048,event_goldencoinrush1_03_s,,Monologue,alice_b,,Locale_MainScenario:event_goldencoinrush1_03_s_375,False,CoinRushDrinkZone,,,,,,XS_150,18,0,,,,100,,,None,None,,None,False,,,13,idle,,,15,idle,,,3,idle,,,1,idle,,,,,,,,,,,,,,,,,,,,,,,,,,,,False,,,,False
event_goldencoinrush1_03_s_376,40048,event_goldencoinrush1_03_s,,Monologue,alice_b,,Locale_MainScenario:event_goldencoinrush1_03_s_376,False,,,,,,,18,18,0,,,,100,,,None,None,,None,False,,,13,idle,,,15,idle,,,3,idle,,,1,idle,,,,,,,,,,,,,,,,,,,,,,,,,,,,False,,,,False
event_goldencoinrush1_03_s_377,40048,event_goldencoinrush1_03_s,,Self,alice_b,,Locale_MainScenario:event_goldencoinrush1_03_s_377,False,CoinRushGameZone,,,,,,18,15,0,,,,100,,,None,None,,None,False,,,13,idle,,,15,idle,,,3,idle,,,1,idle,,,,,,,,,,,,,,,,,,,,,,,,,,,,False,,,,False
event_goldencoinrush1_03_s_378,40048,event_goldencoinrush1_03_s,,Speech,novel,novel,Locale_MainScenario:event_goldencoinrush1_03_s_378,True,,,,,,,15,12,0,,,,100,,,None,None,,None,False,,,13,idle,,,15,idle,,,3,idle,,,1,idle,,,,,,,,,,,,,,,,,,,,,,,,,,,,False,,,,False
event_goldencoinrush1_03_s_379,40048,event_goldencoinrush1_03_s,,Speech,novel,novel,Locale_MainScenario:event_goldencoinrush1_03_s_379,True,,,,,,,12,12,0,,,,100,,,None,None,,None,False,,,13,idle,,,15,idle,,,3,idle,,,1,idle,,,,,,,,,,,,,,,,,,,,,,,,,,,,False,,,,False
event_goldencoinrush1_03_s_380,40048,event_goldencoinrush1_03_s,,Speech,soda_b,soda_b,Locale_MainScenario:event_goldencoinrush1_03_s_380,True,,,,,,,12,12,0,,,,100,,,None,None,,None,False,,,13,idle,,,15,idle,,,3,idle,,,1,idle,,,,,,,,,,,,,,,,,,,,,,,,,,,,False,,,,False
event_goldencoinrush1_03_s_381,40048,event_goldencoinrush1_03_s,,Speech,soda_b,soda_b,Locale_MainScenario:event_goldencoinrush1_03_s_381,True,,,,,,,12,12,0,,,,100,,,None,None,,None,False,,,13,idle,,,15,idle,,,3,idle,,,1,idle,,,,,,,,,,,,,,,,,,,,,,,,,,,,False,,,,False
event_goldencoinrush1_03_s_382,40048,event_goldencoinrush1_03_s,,Speech,soda_b,soda_b,Locale_MainScenario:event_goldencoinrush1_03_s_382,True,,,,,,,12,12,0,,,,100,none,,None,None,,None,False,,,13,idle,,,15,idle,,,3,idle,,,1,idle,,,,,,,,,,,,,,,,,,,,,,,,,,,,False,,,,False
event_goldencoinrush1_03_s_383,40048,event_goldencoinrush1_03_s,,Monologue,soda_b,,Locale_MainScenario:event_goldencoinrush1_03_s_383,False,CoinRushDrinkZone,,,,,,7,4,0,,,,100,bgm_story_orangepop,,None,None,,Black,False,,,13,idle,,,15,idle,,exia_c2,3,idle,,novel,1,idle,,,,,,,,,,,,,,,,,,,,,,,,,,,,False,,,,False
event_goldencoinrush1_03_s_384,40048,event_goldencoinrush1_03_s,,Monologue,soda_b,,Locale_MainScenario:event_goldencoinrush1_03_s_384,False,,,,,,,4,4,0,,,,100,,,None,None,,None,False,,,13,idle,,,15,idle,,,,,,,,,,,,,,,,,,,,,,,,,,,,,,,,,,,,False,,,,False
event_goldencoinrush1_03_s_385,40048,event_goldencoinrush1_03_s,,Monologue,soda_b,,Locale_MainScenario:event_goldencoinrush1_03_s_385,False,,,,,,,4,4,0,,,,100,,,None,None,,None,False,,,13,idle,,,15,idle,,,,,,,,,,,,,,,,,,,,,,,,,,,,,,,,,,,,False,,,,False
event_goldencoinrush1_03_s_386,40048,event_goldencoinrush1_03_s,,Speech,soda_b,soda_b,Locale_MainScenario:event_goldencoinrush1_03_s_386,True,,,,,,,4,S_130,0,,,,100,,,None,None,,None,False,,,13,idle,,,15,idle,,,,,,,,,,,,,,,,,,,,,,,,,,,,,,,,,,,,False,,,,False
event_goldencoinrush1_03_s_387,40048,event_goldencoinrush1_03_s,,Speech,soda_b,soda_b,Locale_MainScenario:event_goldencoinrush1_03_s_387,True,,,,,,,S_130,S_130,0,,,,100,,,None,None,,None,False,,,13,idle,,,15,idle,,,,,,,,,,,,,,,,,,,,,,,,,,,,,,,,,,,,False,,,,False
event_goldencoinrush1_03_s_388,40048,event_goldencoinrush1_03_s,,Speech,soda_b,soda_b,Locale_MainScenario:event_goldencoinrush1_03_s_388,True,,,,,,,S_130,S_130,0,,,,100,,,None,None,,None,False,,,13,idle,,,15,idle,,,,,,,,,,,,,,,,,,,,,,,,,,,,,,,,,,,,False,,,,False
event_goldencoinrush1_03_s_389,40048,event_goldencoinrush1_03_s,,Speech,soda_b,soda_b,Locale_MainScenario:event_goldencoinrush1_03_s_389,True,,,,,,,S_130,S_130,0,,,,100,,,None,None,,None,False,,,13,idle,,,15,idle,,,,,,,,,,,,,,,,,,,,,,,,,,,,,,,,,,,,False,,,,False
event_goldencoinrush1_03_s_390,40048,event_goldencoinrush1_03_s,,Speech,alice_b,alice_b,Locale_MainScenario:event_goldencoinrush1_03_s_390,True,,,,,,,S_130,XS_150,0,,,,100,,,None,None,,None,False,,,13,idle,,,15,idle,,,,,,,,,,,,,,,,,,,,,,,,,,,,,,,,,,,,False,,,,False
event_goldencoinrush1_03_s_391,40048,event_goldencoinrush1_03_s,,Speech,alice_b,alice_b,Locale_MainScenario:event_goldencoinrush1_03_s_391,True,,,,,,,XS_150,XS_150,0,,,,100,,,None,None,,None,False,,,13,idle,,,15,idle,,,,,,,,,,,,,,,,,,,,,,,,,,,,,,,,,,,,False,,,,False
event_goldencoinrush1_03_s_392,40048,event_goldencoinrush1_03_s,,Monologue,alice_b,,Locale_MainScenario:event_goldencoinrush1_03_s_392,False,,,,,,,XS_150,XS_150,0,,,,100,,,None,None,,None,False,,,13,idle,,,15,idle,,,,,,,,,,,,,,,,,,,,,,,,,,,,,,,,,,,,False,,,,False
event_goldencoinrush1_03_s_393,40048,event_goldencoinrush1_03_s,,Speech,soda_b,soda_b,Locale_MainScenario:event_goldencoinrush1_03_s_393,True,,,,,,,XS_150,14,0,,,,100,,,None,None,,None,False,,,13,delight,,,15,special,,,,,,,,,,,,,,,,,,,,,,,,,,,,,,,,,,,,False,,,,False
event_goldencoinrush1_03_s_394,40048,event_goldencoinrush1_03_s,,Speech,alice_b,alice_b,Locale_MainScenario:event_goldencoinrush1_03_s_394,True,,,,,,,14,14,0,,,,100,,,None,None,,None,False,,,13,delight,,,15,special,,,,,,,,,,,,,,,,,,,,,,,,,,,,,,,,,,,,False,,,,False
event_goldencoinrush1_03_s_395,40048,event_goldencoinrush1_03_s,,Speech,alice_b,alice_b,Locale_MainScenario:event_goldencoinrush1_03_s_395,True,,,,,,,14,14,0,,,,100,,,None,None,,None,False,,,13,delight,,,15,special,,,,,,,,,,,,,,,,,,,,,,,,,,,,,,,,,,,,False,,,,False
event_goldencoinrush1_03_s_396,40048,event_goldencoinrush1_03_s,,Self,alice_b,,Locale_MainScenario:event_goldencoinrush1_03_s_396,False,,,,,,,14,14,0,,,,100,,,None,None,,None,False,,,13,delight,,,15,special,,,,,,,,,,,,,,,,,,,,,,,,,,,,,,,,,,,,False,,,,False
event_goldencoinrush1_03_s_397,40048,event_goldencoinrush1_03_s,,Speech,soda_b,soda_b,Locale_MainScenario:event_goldencoinrush1_03_s_397,True,,,,,,,14,S_130,0,,,,100,,,None,None,,None,False,,,13,idle,,,15,special,,,,,,,,,,,,,,,,,,,,,,,,,,,,,,,,,,,,False,,,,False
event_goldencoinrush1_03_s_398,40048,event_goldencoinrush1_03_s,,Speech,soda_b,soda_b,Locale_MainScenario:event_goldencoinrush1_03_s_398,True,,,,,,,S_130,S_130,0,,,,100,,,None,None,,None,False,,,13,idle,,,15,special,,,,,,,,,,,,,,,,,,,,,,,,,,,,,,,,,,,,False,,,,False
event_goldencoinrush1_03_s_399,40048,event_goldencoinrush1_03_s,,Monologue,soda_b,,Locale_MainScenario:event_goldencoinrush1_03_s_399,False,,,,,,,S_130,3,0,,,,100,none,,None,None,,None,False,,,13,idle,,,15,idle,,,,,,,,,,,,,,,,,,,,,,,,,,,,,,,,,,,,False,,,,False
event_goldencoinrush1_03_s_400,40048,event_goldencoinrush1_03_s,,Monologue,soda_b,,Locale_MainScenario:event_goldencoinrush1_03_s_400,False,,,,,,,3,3,0,,,,100,,,None,None,,None,False,,,13,idle,,,15,idle,,,,,,,,,,,,,,,,,,,,,,,,,,,,,,,,,,,,False,,,,False
event_goldencoinrush1_03_s_401,40048,event_goldencoinrush1_03_s,,Monologue,soda_b,,Locale_MainScenario:event_goldencoinrush1_03_s_401,False,,,,,,,3,3,0,,,,100,,,None,None,,None,False,,,13,idle,,,15,idle,,,,,,,,,,,,,,,,,,,,,,,,,,,,,,,,,,,,False,,,,False
event_goldencoinrush1_03_s_402,40048,event_goldencoinrush1_03_s,,Self,soda_b,,Locale_MainScenario:event_goldencoinrush1_03_s_402,False,,,,,,,3,3,0,,,,100,,,None,None,,None,False,,,13,idle,,,15,idle,,,,,,,,,,,,,,,,,,,,,,,,,,,,,,,,,,,,False,,,,False
event_goldencoinrush1_03_s_403,40048,event_goldencoinrush1_03_s,,Speech,sugar,sugar,Locale_MainScenario:event_goldencoinrush1_03_s_403,True,,,,,,,3,XS_30,0,,,,100,bgm_story_tuffguys,,None,None,,None,False,,,13,idle,,,15,idle,frima,,5,idle,sugar,,3,idle,milk,,1,idle,,,,,,,,,,,,,,,,,,,,,,,,False,,,,False
event_goldencoinrush1_03_s_404,40048,event_goldencoinrush1_03_s,,Speech,sugar,sugar,Locale_MainScenario:event_goldencoinrush1_03_s_404,True,,,,,,,XS_30,XS_30,0,,,,100,,,None,None,,None,False,,,13,idle,,,15,idle,,,5,idle,,,3,idle,,,1,idle,,,,,,,,,,,,,,,,,,,,,,,,False,,,,False
event_goldencoinrush1_03_s_405,40048,event_goldencoinrush1_03_s,,Speech,milk,milk,Locale_MainScenario:event_goldencoinrush1_03_s_405,True,,,,,,,XS_30,S_10,0,,,,100,,,None,None,,None,False,,,13,idle,,,15,idle,,,5,idle,,,3,idle,,,1,idle,,,,,,,,,,,,,,,,,,,,,,,,False,,,,False
event_goldencoinrush1_03_s_406,40048,event_goldencoinrush1_03_s,,Speech,milk,milk,Locale_MainScenario:event_goldencoinrush1_03_s_406,True,,,,,,,S_10,1,858993459,,,,100,,,None,None,,None,False,,,13,idle,,,15,idle,,,5,idle,,,3,idle,,,1,good,,,,,,,,,,,,,,,,,,,,,,,,False,,,,False
event_goldencoinrush1_03_s_407,40048,event_goldencoinrush1_03_s,,Speech,milk,milk,Locale_MainScenario:event_goldencoinrush1_03_s_407,True,,,,,,,1,1,0,,,,100,,,None,None,,None,False,,,13,idle,,,15,idle,,,5,idle,,,3,idle,,,1,good,,,,,,,,,,,,,,,,,,,,,,,,False,,,,False
event_goldencoinrush1_03_s_408,40048,event_goldencoinrush1_03_s,,Speech,frima,frima,Locale_MainScenario:event_goldencoinrush1_03_s_408,True,,,,,,,S_50,S_50,0,,,,100,,,None,None,,None,False,,,13,idle,,,15,idle,,,5,delight,,,3,idle,,,1,good,,,,,,,,,,,,,,,,,,,,,,,,False,,,,False
event_goldencoinrush1_03_s_409,40048,event_goldencoinrush1_03_s,,Self,frima,,Locale_MainScenario:event_goldencoinrush1_03_s_409,False,,,,,,,S_50,S_50,0,,,,100,,,None,None,,None,False,,,13,idle,,,15,idle,,,5,delight,,,3,idle,,,1,good,,,,,,,,,,,,,,,,,,,,,,,,False,,,,False
event_goldencoinrush1_03_s_410,40048,event_goldencoinrush1_03_s,,Speech,sugar,sugar,Locale_MainScenario:event_goldencoinrush1_03_s_410,True,,,,,,,2,2,0,,,,100,,,None,None,,None,False,,,13,idle,,,15,idle,,,5,idle,,,3,delight,,,1,good,,,,,,,,,,,,,,,,,,,,,,,,False,,,,False
event_goldencoinrush1_03_s_411,40048,event_goldencoinrush1_03_s,,Speech,sugar,sugar,Locale_MainScenario:event_goldencoinrush1_03_s_411,True,,,,,,,2,2,0,,,,100,,,None,None,,None,False,,,13,idle,,,15,idle,,,5,idle,,,3,delight,,,1,good,,,,,,,,,,,,,,,,,,,,,,,,False,,,,False
event_goldencoinrush1_03_s_412,40048,event_goldencoinrush1_03_s,,Speech,milk,milk,Locale_MainScenario:event_goldencoinrush1_03_s_412,True,,,,,,,2,2,0,,,,100,,,None,None,,None,False,,,13,idle,,,15,idle,,,5,idle,,,3,delight,,,1,idle,,,,,,,,,,,,,,,,,,,,,,,,False,,,,False
event_goldencoinrush1_03_s_413,40048,event_goldencoinrush1_03_s,,Speech,milk,milk,Locale_MainScenario:event_goldencoinrush1_03_s_413,True,,,,,,,2,2,0,,,,100,,,None,None,,None,False,,,13,idle,,,15,idle,,,5,idle,,,3,delight,,,1,idle,,,,,,,,,,,,,,,,,,,,,,,,False,,,,False
event_goldencoinrush1_03_s_414,40048,event_goldencoinrush1_03_s,,Speech,frima,frima,Locale_MainScenario:event_goldencoinrush1_03_s_414,True,,,,,,,4,4,0,,,,100,,,None,None,,None,False,,,13,idle,,,15,idle,,,5,angry,,,3,delight,,,1,idle,,,,,,,,,,,,,,,,,,,,,,,,False,,,,False
event_goldencoinrush1_03_s_415,40048,event_goldencoinrush1_03_s,,Speech,milk,milk,Locale_MainScenario:event_goldencoinrush1_03_s_415,True,,,,,,,S_10,S_10,0,,,,100,,,None,None,,None,False,,,13,idle,,,15,idle,,,5,angry,,,3,delight,,,1,no,,,,,,,,,,,,,,,,,,,,,,,,False,,,,False
event_goldencoinrush1_03_s_416,40048,event_goldencoinrush1_03_s,,Speech,frima,frima,Locale_MainScenario:event_goldencoinrush1_03_s_416,True,,,,,,,S_50,S_50,0,,,,100,,,None,None,,None,False,,,13,idle,,,15,idle,,,5,angry,,,3,delight,,,1,no,,,,,,,,,,,,,,,,,,,,,,,,False,,,,False
event_goldencoinrush1_03_s_417,40048,event_goldencoinrush1_03_s,,Speech,milk,milk,Locale_MainScenario:event_goldencoinrush1_03_s_417,True,,,,,,,S_10,S_10,0,,,,100,,,None,None,,None,False,,,13,idle,,,15,idle,,,5,angry,,,3,delight,,,1,angry,,,,,,,,,,,,,,,,,,,,,,,,False,,,,False
event_goldencoinrush1_03_s_418,40048,event_goldencoinrush1_03_s,,Speech,sugar,sugar,Locale_MainScenario:event_goldencoinrush1_03_s_418,True,,,,,,,S_10,2,0,,,,100,,,None,None,,None,False,,,13,idle,,,15,idle,,,5,angry,,,3,surprise,,,1,angry,,,,,,,,,,,,,,,,,,,,,,,,False,,,,False
event_goldencoinrush1_03_s_419,40048,event_goldencoinrush1_03_s,,Speech,sugar,sugar,Locale_MainScenario:event_goldencoinrush1_03_s_419,True,,,,,,,2,2,0,,,,100,,,None,None,,None,False,,,13,idle,,,15,idle,,,5,angry,,,3,idle,,,1,angry,,,,,,,,,,,,,,,,,,,,,,,,False,,,,False
event_goldencoinrush1_03_s_420,40048,event_goldencoinrush1_03_s,,Speech,frima,frima,Locale_MainScenario:event_goldencoinrush1_03_s_420,True,,,,,,,2,4,0,,,,100,,,None,None,,None,False,,,13,idle,,,15,idle,,,5,angry,,,3,idle,,,1,angry,,,,,,,,,,,,,,,,,,,,,,,,False,,,,False
event_goldencoinrush1_03_s_421,40048,event_goldencoinrush1_03_s,,Speech,milk,milk,Locale_MainScenario:event_goldencoinrush1_03_s_421,True,,,,,,,S_10,S_100,858993459,,,,100,,,None,None,,None,False,,,13,idle,,,15,idle,,,5,angry,,,3,idle,,,1,no,,,,,,,,,,,,,,,,,,,,,,,,False,,,,False
event_goldencoinrush1_03_s_422,40048,event_goldencoinrush1_03_s,,Speech,soda_b,soda_b,Locale_MainScenario:event_goldencoinrush1_03_s_422,True,,,,,,,S_100,S_130,0,,,,100,,,None,None,,None,False,,,13,serious,,,15,idle,,,5,angry,,,3,idle,,,1,no,,,,,,,,,,,,,,,,,,,,,,,,False,,,,False
event_goldencoinrush1_03_s_423,40048,event_goldencoinrush1_03_s,,Speech,sugar,sugar,Locale_MainScenario:event_goldencoinrush1_03_s_423,True,,,,,,,XS_30,XS_30,0,,,,100,,,None,None,,None,False,,,13,serious,,,15,idle,,,5,angry,,,3,idle,,,1,no,,,,,,,,,,,,,,,,,,,,,,,,False,,,,False
event_goldencoinrush1_03_s_424,40048,event_goldencoinrush1_03_s,,Speech,soda_b,soda_b,Locale_MainScenario:event_goldencoinrush1_03_s_424,True,,,,,,,S_130,13,0,,,,100,,,None,None,,None,False,,,13,serious,,,15,idle,,,5,idle,,,3,idle,,,1,no,,,,,,,,,,,,,,,,,,,,,,,,False,,,,False
event_goldencoinrush1_03_s_425,40048,event_goldencoinrush1_03_s,,Speech,soda_b,soda_b,Locale_MainScenario:event_goldencoinrush1_03_s_425,True,,,,,,,13,13,0,,,,100,,,None,None,,None,False,,,13,idle,,,15,idle,,,5,idle,,,3,idle,,,1,no,,,,,,,,,,,,,,,,,,,,,,,,False,,,,False
event_goldencoinrush1_03_s_426,40048,event_goldencoinrush1_03_s,,Speech,soda_b,soda_b,Locale_MainScenario:event_goldencoinrush1_03_s_426,True,,,,,,,13,13,0,,,,100,,,None,None,,None,False,,,13,idle,,,15,idle,,,5,idle,,,3,idle,,,1,no,,,,,,,,,,,,,,,,,,,,,,,,False,,,,False
event_goldencoinrush1_03_s_427,40048,event_goldencoinrush1_03_s,,Speech,alice_b,alice_b,Locale_MainScenario:event_goldencoinrush1_03_s_427,True,,,,,,,13,15,0,,,,100,,,None,None,,None,False,,,13,idle,,,15,idle,,,5,idle,,,3,idle,,,1,no,,,,,,,,,,,,,,,,,,,,,,,,False,,,,False
event_goldencoinrush1_03_s_428,40048,event_goldencoinrush1_03_s,,Speech,alice_b,alice_b,Locale_MainScenario:event_goldencoinrush1_03_s_428,True,,,,,,,15,15,0,,,,100,,,None,None,,None,False,,,13,idle,,,15,idle,,,5,idle,,,3,idle,,,1,no,,,,,,,,,,,,,,,,,,,,,,,,False,,,,False
event_goldencoinrush1_03_s_429,40048,event_goldencoinrush1_03_s,,Speech,sugar,sugar,Locale_MainScenario:event_goldencoinrush1_03_s_429,True,,,,,,,2,2,0,,,,100,,,None,None,,None,False,,,13,idle,,,15,idle,,,5,idle,,,3,delight,,,1,no,,,,,,,,,,,,,,,,,,,,,,,,False,,,,False
event_goldencoinrush1_03_s_430,40048,event_goldencoinrush1_03_s,,Speech,sugar,sugar,Locale_MainScenario:event_goldencoinrush1_03_s_430,True,,,,,,,2,2,0,,,,100,,,None,None,,None,False,,,13,idle,,,15,idle,,,5,idle,,,3,delight,,,1,no,,,,,,,,,,,,,,,,,,,,,,,,False,,,,False
event_goldencoinrush1_03_s_431,40048,event_goldencoinrush1_03_s,,Speech,sugar,sugar,Locale_MainScenario:event_goldencoinrush1_03_s_431,True,,,,,,,2,2,0,,,,100,,,None,None,,None,False,,,13,idle,,,15,idle,,,5,idle,,,3,delight,,,1,no,,,,,,,,,,,,,,,,,,,,,,,,False,,,,False
event_goldencoinrush1_03_s_432,40048,event_goldencoinrush1_03_s,,Speech,milk,milk,Locale_MainScenario:event_goldencoinrush1_03_s_432,True,,,,,,,2,2,0,,,,100,,,None,None,,None,False,,,13,idle,,,15,idle,,,5,idle,,,3,delight,,,1,idle,,,,,,,,,,,,,,,,,,,,,,,,False,,,,False
event_goldencoinrush1_03_s_433,40048,event_goldencoinrush1_03_s,,Speech,milk,milk,Locale_MainScenario:event_goldencoinrush1_03_s_433,True,,,,,,,2,2,0,,,,100,,,None,None,,None,False,,,13,idle,,,15,idle,,,5,idle,,,3,delight,,,1,idle,,,,,,,,,,,,,,,,,,,,,,,,False,,,,False
event_goldencoinrush1_03_s_434,40048,event_goldencoinrush1_03_s,,Speech,frima,frima,Locale_MainScenario:event_goldencoinrush1_03_s_434,True,,,,,,,2,4,0,,,,100,,,None,None,,None,False,,,13,idle,,,15,idle,,,5,delight,,,3,idle,,,1,idle,,,,,,,,,,,,,,,,,,,,,,,,False,,,,False
event_goldencoinrush1_03_s_435,40048,event_goldencoinrush1_03_s,,Speech,frima,frima,Locale_MainScenario:event_goldencoinrush1_03_s_435,True,,,,,,,4,4,0,,,,100,,,None,None,,None,False,,,13,idle,,,15,idle,,,5,delight,,,3,idle,,,1,idle,,,,,,,,,,,,,,,,,,,,,,,,False,,,,False
event_goldencoinrush1_03_s_436,40048,event_goldencoinrush1_03_s,,Speech,soda_b,soda_b,Locale_MainScenario:event_goldencoinrush1_03_s_436,True,,,,,,,S_130,S_130,0,,,,100,,,None,None,,None,False,,,13,surprise,,,15,idle,,,5,delight,,,3,idle,,,1,idle,,,,,,,,,,,,,,,,,,,,,,,,False,,,,False
event_goldencoinrush1_03_s_437,40048,event_goldencoinrush1_03_s,,Speech,soda_b,soda_b,Locale_MainScenario:event_goldencoinrush1_03_s_437,True,,,,,,,S_130,S_130,0,,,,100,,,None,None,,None,False,,,13,idle,,,15,idle,,,5,delight,,,3,idle,,,1,idle,,,,,,,,,,,,,,,,,,,,,,,,False,,,,False
event_goldencoinrush1_03_s_438,40048,event_goldencoinrush1_03_s,,Speech,frima,frima,Locale_MainScenario:event_goldencoinrush1_03_s_438,True,,,,,,,S_50,S_50,0,,,,100,,,None,None,,None,False,,,13,idle,,,15,idle,,,5,delight,,,3,idle,,,1,idle,,,,,,,,,,,,,,,,,,,,,,,,False,,,,False
event_goldencoinrush1_03_s_439,40048,event_goldencoinrush1_03_s,,Speech,alice_b,alice_b,Locale_MainScenario:event_goldencoinrush1_03_s_439,True,,,,,,,XS_150,XS_150,0,,,,100,,,None,None,,None,False,,,13,idle,,,15,idle,,,5,delight,,,3,idle,,,1,idle,,,,,,,,,,,,,,,,,,,,,,,,False,,,,False
event_goldencoinrush1_03_s_440,40048,event_goldencoinrush1_03_s,,Speech,alice_b,alice_b,Locale_MainScenario:event_goldencoinrush1_03_s_440,True,,,,,,,XS_150,XS_150,0,,,,100,,,None,None,,None,False,,,13,idle,,,15,idle,,,5,delight,,,3,idle,,,1,idle,,,,,,,,,,,,,,,,,,,,,,,,False,,,,False
event_goldencoinrush1_03_s_441,40048,event_goldencoinrush1_03_s,,Speech,milk,milk,Locale_MainScenario:event_goldencoinrush1_03_s_441,True,,,,,,,S_10,S_10,0,,,,100,,,None,None,,None,False,,,13,idle,,,15,idle,,,5,delight,,,3,idle,,,1,good,,,,,,,,,,,,,,,,,,,,,,,,False,,,,False
event_goldencoinrush1_03_s_442,40048,event_goldencoinrush1_03_s,,Speech,sugar,sugar,Locale_MainScenario:event_goldencoinrush1_03_s_442,True,,,,,,,S_10,XS_30,0,,,,100,,,None,None,,None,False,,,13,idle,,,15,idle,,,5,delight,,,3,idle,,,1,good,,,,,,,,,,,,,,,,,,,,,,,,False,,,,False
event_goldencoinrush1_03_s_443,40048,event_goldencoinrush1_03_s,,Self,sugar,,Locale_MainScenario:event_goldencoinrush1_03_s_443,False,,,,,,,XS_30,XS_30,0,,,,100,,,None,None,,None,False,,,13,idle,,,15,idle,,,5,idle,,,3,idle,,,1,good,,,,,,,,,,,,,,,,,,,,,,,,False,,,,False
event_goldencoinrush1_03_s_444,40048,event_goldencoinrush1_03_s,,Speech,sugar,sugar,Locale_MainScenario:event_goldencoinrush1_03_s_444,True,,,,,,,XS_30,3,0,,,,100,,,None,None,,None,False,,,13,idle,,,15,idle,,,5,idle,,,3,delight,,,1,good,,,,,,,,,,,,,,,,,,,,,,,,False,,,,False
event_goldencoinrush1_03_s_445,40048,event_goldencoinrush1_03_s,,Speech,sugar,sugar,Locale_MainScenario:event_goldencoinrush1_03_s_445,True,,,,,,,3,3,0,,,,100,,,None,None,,None,False,,,13,idle,,,15,idle,,,5,idle,,,3,delight,,,1,good,,,,,,,,,,,,,,,,,,,,,,,,False,,,,False
event_goldencoinrush1_03_s_446,40048,event_goldencoinrush1_03_s,,Narration,sugar,,Locale_MainScenario:event_goldencoinrush1_03_s_446,False,,,,,,,3,3,0,,,,100,,,None,None,,None,False,,,13,idle,,,15,idle,,,5,idle,,,3,delight,,,1,good,,,,,,,,,,,,,,,,,,,,,,,,False,,,,False
event_goldencoinrush1_03_s_447,40048,event_goldencoinrush1_03_s,,Monologue,sugar,,Locale_MainScenario:event_goldencoinrush1_03_s_447,False,,,,,,,3,3,0,,,,100,,,None,None,,None,False,,,13,idle,,,15,idle,,,5,idle,,,3,delight,,,1,good,,,,,,,,,,,,,,,,,,,,,,,,False,,,,False
event_goldencoinrush1_03_s_448,40048,event_goldencoinrush1_03_s,,Monologue,sugar,,Locale_MainScenario:event_goldencoinrush1_03_s_448,False,,,,,,,3,3,0,,,,100,,,None,None,,None,False,,,13,idle,,,15,idle,,,5,idle,,,3,delight,,,1,good,,,,,,,,,,,,,,,,,,,,,,,,False,,,,False
event_goldencoinrush1_03_s_449,40048,event_goldencoinrush1_03_s,,Speech,sugar,sugar,Locale_MainScenario:event_goldencoinrush1_03_s_449,True,,,,,,,3,XS_30,0,,,,100,,,None,None,,None,False,,,13,idle,,,15,idle,,,5,idle,,,3,idle,,,1,idle,,,,,,,,,,,,,,,,,,,,,,,,False,,,,False
event_goldencoinrush1_03_s_450,40048,event_goldencoinrush1_03_s,,Speech,sugar,sugar,Locale_MainScenario:event_goldencoinrush1_03_s_450,True,,,,,,,XS_30,XS_30,0,,,,100,,,None,None,,None,False,,,13,idle,,,15,idle,,,5,idle,,,3,idle,,,1,idle,,,,,,,,,,,,,,,,,,,,,,,,False,,,,False
event_goldencoinrush1_03_s_451,40048,event_goldencoinrush1_03_s,,Self,sugar,,Locale_MainScenario:event_goldencoinrush1_03_s_451,False,,,,,,,XS_30,XS_30,0,,,,100,,,None,None,,None,False,,,13,idle,,,15,idle,,,5,idle,,,3,idle,,,1,idle,,,,,,,,,,,,,,,,,,,,,,,,False,,,,False
event_goldencoinrush1_03_s_452,40048,event_goldencoinrush1_03_s,,Speech,sugar,sugar,Locale_MainScenario:event_goldencoinrush1_03_s_452,True,,,,,,,XS_30,XS_30,0,,,,100,,,None,None,,None,False,,,13,idle,,,15,idle,,,5,idle,,,3,idle,,,1,idle,,,,,,,,,,,,,,,,,,,,,,,,False,,,,False
event_goldencoinrush1_03_s_453,40048,event_goldencoinrush1_03_s,,Speech,sugar,sugar,Locale_MainScenario:event_goldencoinrush1_03_s_453,True,,,,,,,XS_30,XS_300,0,,,,100,,,None,None,,None,False,,,13,idle,,,15,idle,,,5,idle,,,3,idle,,,1,idle,,,,,,,,,,,,,,,,,,,,,,,,False,,,,False
event_goldencoinrush1_03_s_454,40048,event_goldencoinrush1_03_s,,Speech,sugar,sugar,Locale_MainScenario:event_goldencoinrush1_03_s_454,True,,,,,,,XS_300,XS_300,0,,,,100,,,None,None,,None,False,,,13,idle,,,15,idle,,,5,idle,,,3,shy,,,1,idle,,,,,,,,,,,,,,,,,,,,,,,,False,,,,False
event_goldencoinrush1_03_s_455,40048,event_goldencoinrush1_03_s,,Speech,milk,milk,Locale_MainScenario:event_goldencoinrush1_03_s_455,True,,,,,,,XS_300,S_10,0,,,,100,,,None,None,,None,False,,,13,idle,,,15,idle,,,5,idle,,,3,idle,,,1,idle,,,,,,,,,,,,,,,,,,,,,,,,False,,,,False
event_goldencoinrush1_03_s_456,40048,event_goldencoinrush1_03_s,,Speech,milk,milk,Locale_MainScenario:event_goldencoinrush1_03_s_456,True,,,,,,,S_10,12,0,,,,100,,,None,None,,None,False,,,13,idle,,,15,idle,,,5,idle,,,3,idle,,,1,idle,,,,,,,,,,,,,,,,,,,,,,,,False,,,,False
event_goldencoinrush1_03_s_457,40048,event_goldencoinrush1_03_s,,Speech,soda_b,soda_b,Locale_MainScenario:event_goldencoinrush1_03_s_457,True,,,,,,,12,14,0,,,,100,,,None,None,,None,False,,,13,surprise,,,15,idle,,,5,idle,,,3,idle,,,1,idle,,,,,,,,,,,,,,,,,,,,,,,,False,,,,False
event_goldencoinrush1_03_s_458,40048,event_goldencoinrush1_03_s,,Speech,alice_b,alice_b,Locale_MainScenario:event_goldencoinrush1_03_s_458,True,,,,,,,14,S_150,0,,,,100,,,None,None,,None,False,,,13,surprise,,,15,delight,,,5,idle,,,3,idle,,,1,idle,,,,,,,,,,,,,,,,,,,,,,,,False,,,,False
event_goldencoinrush1_03_s_459,40048,event_goldencoinrush1_03_s,,Speech,alice_b,alice_b,Locale_MainScenario:event_goldencoinrush1_03_s_459,True,,,,,,,S_150,S_150,0,,,,100,,,None,None,,None,False,,,13,surprise,,,15,delight,,,5,idle,,,3,idle,,,1,idle,,,,,,,,,,,,,,,,,,,,,,,,False,,,,False
event_goldencoinrush1_03_s_460,40048,event_goldencoinrush1_03_s,,Speech,milk,milk,Locale_MainScenario:event_goldencoinrush1_03_s_460,True,,,,,,,S_10,S_10,0,,,,100,,,None,None,,None,False,,,13,surprise,,,15,delight,,,5,idle,,,3,idle,,,1,good,,,,,,,,,,,,,,,,,,,,,,,,False,,,,False
event_goldencoinrush1_03_s_461,40048,event_goldencoinrush1_03_s,,Speech,milk,milk,Locale_MainScenario:event_goldencoinrush1_03_s_461,True,,,,,,,S_10,S_10,0,,,,100,,,None,None,,None,False,,,13,surprise,,,15,delight,,,5,idle,,,3,idle,,,1,good,,,,,,,,,,,,,,,,,,,,,,,,False,,,,False
event_goldencoinrush1_03_s_462,40048,event_goldencoinrush1_03_s,,Speech,soda_b,soda_b,Locale_MainScenario:event_goldencoinrush1_03_s_462,True,,,,,,,S_10,12,0,,,,100,,,None,None,,None,False,,,13,surprise,,,15,idle,,,5,idle,,,3,idle,,,1,good,,,,,,,,,,,,,,,,,,,,,,,,False,,,,False
event_goldencoinrush1_03_s_463,40048,event_goldencoinrush1_03_s,,Speech,soda_b,soda_b,Locale_MainScenario:event_goldencoinrush1_03_s_463,True,,,,,,,12,12,0,,,,100,,,None,None,,None,False,,,13,sad,,,15,idle,,,5,idle,,,3,idle,,,1,good,,,,,,,,,,,,,,,,,,,,,,,,False,,,,False
event_goldencoinrush1_03_s_464,40048,event_goldencoinrush1_03_s,,Speech,milk,milk,Locale_MainScenario:event_goldencoinrush1_03_s_464,True,,,,,,,12,12,0,,,,100,,,None,None,,None,False,,,13,sad,,,15,idle,,,5,idle,,,3,idle,,,1,idle,,,,,,,,,,,,,,,,,,,,,,,,False,,,,False
event_goldencoinrush1_03_s_465,40048,event_goldencoinrush1_03_s,,Speech,milk,milk,Locale_MainScenario:event_goldencoinrush1_03_s_465,True,,,,,,,12,12,0,,,,100,,,None,None,,None,False,,,13,sad,,,15,idle,,,5,idle,,,3,idle,,,1,idle,,,,,,,,,,,,,,,,,,,,,,,,False,,,,False
event_goldencoinrush1_03_s_466,40048,event_goldencoinrush1_03_s,,Speech,milk,milk,Locale_MainScenario:event_goldencoinrush1_03_s_466,True,,,,,,,12,12,0,,,,100,,,None,None,,None,False,,,13,sad,,,15,idle,,,5,idle,,,3,idle,,,1,idle,,,,,,,,,,,,,,,,,,,,,,,,False,,,,False
event_goldencoinrush1_03_s_467,40048,event_goldencoinrush1_03_s,,Speech,soda_b,soda_b,Locale_MainScenario:event_goldencoinrush1_03_s_467,True,,,,,,,12,12,0,,,,100,,,None,None,,None,False,,,13,worry,,,15,idle,,,5,idle,,,3,idle,,,1,idle,,,,,,,,,,,,,,,,,,,,,,,,False,,,,False
event_goldencoinrush1_03_s_468,40048,event_goldencoinrush1_03_s,,Monologue,soda_b,,Locale_MainScenario:event_goldencoinrush1_03_s_468,False,,,,,,,12,3,0,,,,100,,,None,None,,None,False,,,13,worry,,,15,idle,,,5,idle,,,3,idle,,,1,idle,,,,,,,,,,,,,,,,,,,,,,,,False,,,,False
event_goldencoinrush1_03_s_469,40048,event_goldencoinrush1_03_s,,Monologue,soda_b,,Locale_MainScenario:event_goldencoinrush1_03_s_469,False,,,,,,,3,3,0,,,,100,,,None,None,,None,False,,,13,worry,,,15,idle,,,5,idle,,,3,idle,,,1,idle,,,,,,,,,,,,,,,,,,,,,,,,False,,,,False
event_goldencoinrush1_03_s_470,40048,event_goldencoinrush1_03_s,,Monologue,soda_b,,Locale_MainScenario:event_goldencoinrush1_03_s_470,False,,,,,,,S_130,S_130,0,,,,100,,,None,None,,None,False,,,13,worry,,,15,idle,,,5,idle,,,3,idle,,,1,idle,,,,,,,,,,,,,,,,,,,,,,,,False,,,,False
event_goldencoinrush1_03_s_471,40048,event_goldencoinrush1_03_s,,Self,soda_b,,Locale_MainScenario:event_goldencoinrush1_03_s_471,False,,,,,,,S_130,14,0,,,,100,,,None,None,,None,False,,,13,worry,,,15,idle,,,5,idle,,,3,idle,,,1,idle,,,,,,,,,,,,,,,,,,,,,,,,False,,,,False
event_goldencoinrush1_03_s_472,40048,event_goldencoinrush1_03_s,,Speech,soda_b,soda_b,Locale_MainScenario:event_goldencoinrush1_03_s_472,True,,,,,,,14,14,0,,,,100,,,None,None,,None,False,,,13,surprise,,,15,idle,,,5,idle,,,3,idle,,,1,idle,,,,,,,,,,,,,,,,,,,,,,,,False,,,,False
event_goldencoinrush1_03_s_473,40048,event_goldencoinrush1_03_s,,Speech,soda_b,soda_b,Locale_MainScenario:event_goldencoinrush1_03_s_473,True,,,,,,,14,14,0,,,,100,,,None,None,,None,False,,,13,surprise,,,15,idle,,,5,idle,,,3,idle,,,1,idle,,,,,,,,,,,,,,,,,,,,,,,,False,,,,False
event_goldencoinrush1_03_s_474,40048,event_goldencoinrush1_03_s,,Speech,alice_b,alice_b,Locale_MainScenario:event_goldencoinrush1_03_s_474,True,,,,,,,14,14,0,,,,100,,,None,None,,None,False,,,13,surprise,,,15,idle,,,5,idle,,,3,idle,,,1,idle,,,,,,,,,,,,,,,,,,,,,,,,False,,,,False
event_goldencoinrush1_03_s_475,40048,event_goldencoinrush1_03_s,,Speech,sugar,sugar,Locale_MainScenario:event_goldencoinrush1_03_s_475,True,,,,,,,14,2,0,,,,100,,,None,None,,None,False,,,13,surprise,,,15,idle,,,5,idle,,,3,idle,,,1,idle,,,,,,,,,,,,,,,,,,,,,,,,False,,,,False
event_goldencoinrush1_03_s_476,40048,event_goldencoinrush1_03_s,,Self,sugar,,Locale_MainScenario:event_goldencoinrush1_03_s_476,False,,,,,,,2,2,0,,,,100,,,None,None,,None,False,,,13,surprise,,,15,idle,,,5,idle,,,3,idle,,,1,idle,,,,,,,,,,,,,,,,,,,,,,,,False,,,,False
event_goldencoinrush1_03_s_477,40048,event_goldencoinrush1_03_s,,Speech,sugar,sugar,Locale_MainScenario:event_goldencoinrush1_03_s_477,True,,,,,,,2,2,0,,,,100,,,None,None,,None,False,,,13,surprise,,,15,idle,,,5,idle,,,3,idle,,,1,idle,,,,,,,,,,,,,,,,,,,,,,,,False,,,,False
event_goldencoinrush1_03_s_478,40048,event_goldencoinrush1_03_s,,Speech,sugar,sugar,Locale_MainScenario:event_goldencoinrush1_03_s_478,True,,,,,,,2,2,0,,,,100,,,None,None,,None,False,,,13,surprise,,,15,idle,,,5,idle,,,3,idle,,,1,idle,,,,,,,,,,,,,,,,,,,,,,,,False,,,,False
event_goldencoinrush1_03_s_479,40048,event_goldencoinrush1_03_s,,Speech,milk,milk,Locale_MainScenario:event_goldencoinrush1_03_s_479,True,,,,,,,2,2,0,,,,100,,,None,None,,None,False,,,13,surprise,,,15,idle,,,5,idle,,,3,idle,,,1,no,,,,,,,,,,,,,,,,,,,,,,,,False,,,,False
event_goldencoinrush1_03_s_480,40048,event_goldencoinrush1_03_s,,Speech,milk,milk,Locale_MainScenario:event_goldencoinrush1_03_s_480,True,,,,,,,2,2,0,,,,100,,,None,None,,None,False,,,13,surprise,,,15,idle,,,5,idle,,,3,idle,,,1,no,,,,,,,,,,,,,,,,,,,,,,,,False,,,,False
event_goldencoinrush1_03_s_481,40048,event_goldencoinrush1_03_s,,Speech,frima,frima,Locale_MainScenario:event_goldencoinrush1_03_s_481,True,,,,,,,S_50,S_50,0,,,,100,,,None,None,,None,False,,,13,surprise,,,15,idle,,,5,sleep_01,,,3,idle,,,1,no,,,,,,,,,,,,,,,,,,,,,,,,False,,,,False
event_goldencoinrush1_03_s_482,40048,event_goldencoinrush1_03_s,,Monologue,soda_b,,Locale_MainScenario:event_goldencoinrush1_03_s_482,False,CoinRushMainHall,,,,,,black,black,0,,,,100,none,,None,None,,Black,False,,,13,sad,,,15,idle,,frima,5,sleep_01,,sugar,3,idle,,milk,1,no,,,,,,,,,,,,,,,,,,,,,,,,False,,,,False
event_goldencoinrush1_03_s_483,40048,event_goldencoinrush1_03_s,,Monologue,soda_b,,Locale_MainScenario:event_goldencoinrush1_03_s_483,False,,,,,,,S_130,S_130,0,,,,100,,,None,None,event_goldencoinrush1_03_s_484,None,False,,,13,sad,,,15,idle,,,,,,,,,,,,,,,,,,,,,,,,,,,,,,,,,,,,False,,,,False
event_goldencoinrush1_03_s_484,40048,event_goldencoinrush1_03_s,,Self,soda_b,,Locale_MainScenario:event_goldencoinrush1_03_s_484,False,,,,,,,S_130,S_130,0,,,,100,,,None,None,,None,False,,,13,sad,,,15,idle,,,,,,,,,,,,,,,,,,,,,,,,,,,,,,,,,,,,False,,,,False
event_goldencoinrush1_03_s_485,40048,event_goldencoinrush1_03_s,,Speech,soda_b,soda_b,Locale_MainScenario:event_goldencoinrush1_03_s_485,True,,,,,,,S_130,13,0,,,,100,,,None,None,,None,False,,,13,surprise,,,15,idle,,,,,,,,,,,,,,,,,,,,,,,,,,,,,,,,,,,,False,,,,False
event_goldencoinrush1_03_s_486,40048,event_goldencoinrush1_03_s,,Speech,soda_b,soda_b,Locale_MainScenario:event_goldencoinrush1_03_s_486,True,,,,,,,13,13,0,,,,100,bgm_story_girlstalk,,None,None,,None,False,,,13,idle,,,15,idle,,,,,,,,,,,,,,,,,,,,,,,,,,,,,,,,,,,,False,,,,False
event_goldencoinrush1_03_s_487,40048,event_goldencoinrush1_03_s,,Speech,soda_b,soda_b,Locale_MainScenario:event_goldencoinrush1_03_s_487,True,,,,,,,13,13,0,,,,100,,,None,None,,None,False,,,13,delight,,,15,idle,,,,,,,,,,,,,,,,,,,,,,,,,,,,,,,,,,,,False,,,,False
event_goldencoinrush1_03_s_488,40048,event_goldencoinrush1_03_s,,Speech,soda_b,soda_b,Locale_MainScenario:event_goldencoinrush1_03_s_488,True,,,,,,,13,14,0,,,,100,,,None,None,,None,False,,,13,idle,,,15,idle,,,,,,,,,,,,,,,,,,,,,,,,,,,,,,,,,,,,False,,,,False
event_goldencoinrush1_03_s_489,40048,event_goldencoinrush1_03_s,,Speech,alice_b,alice_b,Locale_MainScenario:event_goldencoinrush1_03_s_489,True,,,,,,,14,14,0,,,,100,,,None,None,,None,False,,,13,idle,,,15,idle,,,,,,,,,,,,,,,,,,,,,,,,,,,,,,,,,,,,False,,,,False
event_goldencoinrush1_03_s_490,40048,event_goldencoinrush1_03_s,,Speech,alice_b,alice_b,Locale_MainScenario:event_goldencoinrush1_03_s_490,True,,,,,,,14,14,0,,,,100,,,None,None,,None,False,,,13,idle,,,15,worry,,,,,,,,,,,,,,,,,,,,,,,,,,,,,,,,,,,,False,,,,False
event_goldencoinrush1_03_s_491,40048,event_goldencoinrush1_03_s,,Speech,alice_b,alice_b,Locale_MainScenario:event_goldencoinrush1_03_s_491,True,,,,,,,14,14,0,,,,100,,,None,None,,None,False,,,13,idle,,,15,worry,,,,,,,,,,,,,,,,,,,,,,,,,,,,,,,,,,,,False,,,,False
event_goldencoinrush1_03_s_492,40048,event_goldencoinrush1_03_s,,Speech,alice_b,alice_b,Locale_MainScenario:event_goldencoinrush1_03_s_492,True,,,,,,,14,14,0,,,,100,,,None,None,,None,False,,,13,idle,,,15,worry,,,,,,,,,,,,,,,,,,,,,,,,,,,,,,,,,,,,False,,,,False
event_goldencoinrush1_03_s_493,40048,event_goldencoinrush1_03_s,,Speech,soda_b,soda_b,Locale_MainScenario:event_goldencoinrush1_03_s_493,True,,,,,,,14,S_130,0,,,,100,,,None,None,,None,False,,,13,surprise,,,15,worry,,,,,,,,,,,,,,,,,,,,,,,,,,,,,,,,,,,,False,,,,False
event_goldencoinrush1_03_s_494,40048,event_goldencoinrush1_03_s,,Speech,soda_b,soda_b,Locale_MainScenario:event_goldencoinrush1_03_s_494,True,,,,,,,S_130,S_130,0,,,,100,,,None,None,,None,False,,,13,surprise,,,15,worry,,,,,,,,,,,,,,,,,,,,,,,,,,,,,,,,,,,,False,,,,False
event_goldencoinrush1_03_s_495,40048,event_goldencoinrush1_03_s,,Speech,soda_b,soda_b,Locale_MainScenario:event_goldencoinrush1_03_s_495,True,,,,,,,S_130,S_130,0,,,,100,,,None,None,,None,False,,,13,surprise,,,15,worry,,,,,,,,,,,,,,,,,,,,,,,,,,,,,,,,,,,,False,,,,False
event_goldencoinrush1_03_s_496,40048,event_goldencoinrush1_03_s,,Speech,alice_b,alice_b,Locale_MainScenario:event_goldencoinrush1_03_s_496,True,,,,,,,S_130,XS_150,858993459,,,,100,,,None,None,,None,False,,,13,surprise,,,15,surprise,,,,,,,,,,,,,,,,,,,,,,,,,,,,,,,,,,,,False,,,,False
event_goldencoinrush1_03_s_497,40048,event_goldencoinrush1_03_s,,Speech,alice_b,alice_b,Locale_MainScenario:event_goldencoinrush1_03_s_497,True,,,,,,,XS_150,XS_150,0,,,,100,,,None,None,,None,False,,,13,surprise,,,15,surprise,,,,,,,,,,,,,,,,,,,,,,,,,,,,,,,,,,,,False,,,,False
event_goldencoinrush1_03_s_498,40048,event_goldencoinrush1_03_s,,Speech,alice_b,alice_b,Locale_MainScenario:event_goldencoinrush1_03_s_498,True,,,,,,,XS_150,15,0,,,,100,,,None,None,,None,False,,,13,surprise,,,15,delight,,,,,,,,,,,,,,,,,,,,,,,,,,,,,,,,,,,,False,,,,False
event_goldencoinrush1_03_s_499,40048,event_goldencoinrush1_03_s,,Monologue,alice_b,,Locale_MainScenario:event_goldencoinrush1_03_s_499,False,,,,,,,15,15,0,,,,100,,,None,None,,None,False,,,13,surprise,,alice_b,15,delight,,,,,,,,,,,,,,,,,,,,,,,,,,,,,,,,,,,,False,,,,False
event_goldencoinrush1_03_s_500,40048,event_goldencoinrush1_03_s,,Monologue,soda_b,,Locale_MainScenario:event_goldencoinrush1_03_s_500,False,,,,,,,15,15,0,,,,100,,,None,None,,None,False,,soda_b,13,surprise,,,,,,,,,,,,,,,,,,,,,,,,,,,,,,,,,,,,,,,,False,,,,False
event_goldencoinrush1_03_s_501,40048,event_goldencoinrush1_03_s,,Self,soda_b,,Locale_MainScenario:event_goldencoinrush1_03_s_501,False,,,,,,,15,4,0,,,,100,,,None,None,,None,False,,,,,,,,,,,,,,,,,,,,,,,,,,,,,,,,,,,,,,,,,,,,False,,,,False
event_goldencoinrush1_03_s_502,40048,event_goldencoinrush1_03_s,,Monologue,mary_b,,Locale_MainScenario:event_goldencoinrush1_03_s_502,False,,,,,,,4,4,0,,,,100,,,None,None,,None,False,,,,,,,,,folkwang_b,,5,idle,mary_b,,3,idle,,,,,,,,,,,,,,,,,,,,,,,,,,,,False,,,,False
event_goldencoinrush1_03_s_503,40048,event_goldencoinrush1_03_s,,Monologue,mary_b,,Locale_MainScenario:event_goldencoinrush1_03_s_503,False,,,,,,,4,4,0,,,,100,,,None,None,,None,False,,,,,,,,,,,5,idle,,,3,idle,,,,,,,,,,,,,,,,,,,,,,,,,,,,False,,,,False
