id,list_button_index,event_field_id,npc_localkey_name,npc_localkey_contents,npc_type,resource_id,costume_index,forced_name_tag_resource,interaction_type,interaction_distance,forced_interaction_marker,is_interaction_after_end,is_not_used_in_archive,progress_event_group_id,is_use_balloon_talk,balloon_always_id,balloon_always_play_type,balloon_always_cycle,event_field_npc_event_data_list/0/event_id,event_field_npc_event_data_list/0/event_type,event_field_npc_event_data_list/0/event_resource_value,event_field_npc_event_data_list/1/event_id,event_field_npc_event_data_list/1/event_type,event_field_npc_event_data_list/1/event_resource_value,event_field_npc_event_data_list/2/event_id,event_field_npc_event_data_list/2/event_type,event_field_npc_event_data_list/2/event_resource_value
33,1,1010003,Locale_Character:npc_956_name_var_01,Locale_Event:event_contents_storydungeon_before,Npc,7001004,0,sprite_event_overzone_npc_tag,None,200,sprite_btn_event_overzone,True,False,0,False,,None,0,80303,None,,0,None,,0,None,
34,0,1010003,Locale_Character:npc_956_name_var_02,,Npc,7001005,0,sprite_event_overzone_npc_tag,None,200,sprite_btn_event_overzone,False,False,10200323,False,,None,0,0,None,,0,None,,0,None,
35,2,1010003,Locale_Character:npc_956_name_var_02,Locale_Event:event_contents_storydungeon_after,Npc,7001005,0,sprite_event_overzone_npc_tag,None,200,sprite_btn_event_overzone,True,False,10200324,False,,None,0,80304,None,,0,None,,0,None,
36,3,1010003,Locale_Character:npc_5001_name,Locale_Event:event_contents_challenge,Npc,7001007,0,sprite_event_overzone_npc_tag,None,200,sprite_btn_event_overzone,True,True,0,False,,None,0,0,None,,0,None,,0,None,
37,0,1010003,Locale_Character:npc_954_name_var_02,,Npc,7001002,0,sprite_event_overzone_npc_tag,None,200,sprite_btn_event_overzone,False,False,10200337,False,,None,0,0,None,,0,None,,0,None,
38,5,1010003,Locale_Character:npc_954_name_var_01,Locale_Event:event_contents_login,Npc,7001001,0,sprite_event_overzone_npc_tag,None,200,sprite_btn_event_overzone,False,True,0,False,,None,0,0,None,,0,None,,0,None,
39,6,1010003,Locale_Character:npc_954_name_var_03,Locale_Event:event_contents_shop,Npc,7001003,0,sprite_event_overzone_npc_tag,None,200,sprite_btn_event_overzone,True,True,0,False,,None,0,0,None,,0,None,,0,None,
40,0,1010003,Locale_Character:220_name,,Character,220,0,sprite_event_overzone_npc_tag,None,200,sprite_btn_event_overzone,False,False,10200301,True,event_overzone_balloon_01,Random,4,0,None,,0,None,,0,None,
41,0,1010003,Locale_Character:220_name,,Character,220,0,sprite_event_overzone_npc_tag,None,200,sprite_btn_event_overzone,False,False,10200302,True,event_overzone_balloon_02,Random,4,0,None,,0,None,,0,None,
42,0,1010003,Locale_Character:220_name,,Character,220,0,sprite_event_overzone_npc_tag,None,200,sprite_btn_event_overzone,False,False,10200303,True,event_overzone_balloon_03,Random,4,0,None,,0,None,,0,None,
43,0,1010003,Locale_Character:220_name,,Character,220,0,sprite_event_overzone_npc_tag,None,200,sprite_btn_event_overzone,False,False,10200304,True,event_overzone_balloon_04,Random,4,0,None,,0,None,,0,None,
44,0,1010003,Locale_Character:220_name,,Character,220,0,sprite_event_overzone_npc_tag,None,200,sprite_btn_event_overzone,False,False,10200305,True,event_overzone_balloon_05,Random,4,0,None,,0,None,,0,None,
45,0,1010003,Locale_Character:220_name,,Character,220,0,sprite_event_overzone_npc_tag,None,200,sprite_btn_event_overzone,False,False,10200306,True,event_overzone_balloon_06,Random,4,0,None,,0,None,,0,None,
46,0,1010003,Locale_Character:221_name,,Character,221,0,sprite_event_overzone_npc_tag,None,200,sprite_btn_event_overzone,False,False,10200307,True,event_overzone_balloon_07,Random,4,0,None,,0,None,,0,None,
47,0,1010003,Locale_Character:221_name,,Character,221,0,sprite_event_overzone_npc_tag,None,200,sprite_btn_event_overzone,False,False,10200308,True,event_overzone_balloon_08,Random,4,0,None,,0,None,,0,None,
48,0,1010003,Locale_Character:221_name,,Character,221,0,sprite_event_overzone_npc_tag,None,200,sprite_btn_event_overzone,False,False,10200309,True,event_overzone_balloon_09,Random,4,0,None,,0,None,,0,None,
49,0,1010003,Locale_Character:221_name,,Character,221,0,sprite_event_overzone_npc_tag,None,200,sprite_btn_event_overzone,False,False,10200310,True,event_overzone_balloon_10,Random,4,0,None,,0,None,,0,None,
50,0,1010003,Locale_Character:221_name,,Character,221,0,sprite_event_overzone_npc_tag,None,200,sprite_btn_event_overzone,False,False,10200311,True,event_overzone_balloon_11,Random,4,0,None,,0,None,,0,None,
51,0,1010003,Locale_Character:221_name,,Character,221,0,sprite_event_overzone_npc_tag,None,200,sprite_btn_event_overzone,False,False,10200312,True,event_overzone_balloon_12,Random,4,0,None,,0,None,,0,None,
52,0,1010003,Locale_Character:222_name,,Character,222,0,sprite_event_overzone_npc_tag,None,200,sprite_btn_event_overzone,False,False,10200313,True,event_overzone_balloon_13,Random,4,0,None,,0,None,,0,None,
53,0,1010003,Locale_Character:222_name,,Character,222,0,sprite_event_overzone_npc_tag,None,200,sprite_btn_event_overzone,False,False,10200314,True,event_overzone_balloon_14,Random,4,0,None,,0,None,,0,None,
54,0,1010003,Locale_Character:222_name,,Character,222,0,sprite_event_overzone_npc_tag,None,200,sprite_btn_event_overzone,False,False,10200315,True,event_overzone_balloon_15,Random,4,0,None,,0,None,,0,None,
55,0,1010003,Locale_Character:222_name,,Character,222,0,sprite_event_overzone_npc_tag,None,200,sprite_btn_event_overzone,False,False,10200316,True,event_overzone_balloon_16,Random,4,0,None,,0,None,,0,None,
56,0,1010003,Locale_Character:222_name,,Character,222,0,sprite_event_overzone_npc_tag,None,200,sprite_btn_event_overzone,False,False,10200317,True,event_overzone_balloon_17,Random,4,0,None,,0,None,,0,None,
57,0,1010003,Locale_Character:222_name,,Character,222,0,sprite_event_overzone_npc_tag,None,200,sprite_btn_event_overzone,False,False,10200318,True,event_overzone_balloon_18,Random,4,0,None,,0,None,,0,None,
58,0,1010003,Locale_Character:934_name,,Character,307,0,sprite_event_overzone_npc_tag,None,200,sprite_btn_event_overzone,False,False,10200319,True,event_overzone_balloon_19,Random,4,0,None,,0,None,,0,None,
59,0,1010003,Locale_Character:934_name,,Character,307,0,sprite_event_overzone_npc_tag,None,200,sprite_btn_event_overzone,False,False,10200320,True,event_overzone_balloon_20,Random,4,0,None,,0,None,,0,None,
60,0,1010003,Locale_Character:934_name,,Character,307,0,sprite_event_overzone_npc_tag,None,200,sprite_btn_event_overzone,False,False,10200321,True,event_overzone_balloon_21,Random,4,0,None,,0,None,,0,None,
61,0,1010003,Locale_Character:934_name,,Character,307,0,sprite_event_overzone_npc_tag,None,200,sprite_btn_event_overzone,False,False,10200322,True,event_overzone_balloon_22,Random,4,0,None,,0,None,,0,None,
62,0,1010003,Locale_Character:npc_956_name_var_03,,Npc,7001006,0,sprite_event_overzone_npc_tag,None,200,sprite_btn_event_overzone,False,False,10200325,True,event_overzone_balloon_23,Random,4,0,None,,0,None,,0,None,
63,0,1010003,Locale_Character:npc_956_name_var_03,,Npc,7001006,0,sprite_event_overzone_npc_tag,None,200,sprite_btn_event_overzone,False,False,10200326,True,event_overzone_balloon_24,Random,4,0,None,,0,None,,0,None,
64,0,1010003,Locale_Character:npc_956_name_var_03,,Npc,7001006,0,sprite_event_overzone_npc_tag,None,200,sprite_btn_event_overzone,False,False,10200327,True,event_overzone_balloon_25,Random,4,0,None,,0,None,,0,None,
66,0,1010003,Locale_Character:npc_956_name_var_03,,Npc,7001006,0,sprite_event_overzone_npc_tag,None,200,sprite_btn_event_overzone,False,False,10200329,True,event_overzone_balloon_27,Random,4,0,None,,0,None,,0,None,
67,0,1010003,Locale_Character:npc_956_name_var_03,,Npc,7001006,0,sprite_event_overzone_npc_tag,None,200,sprite_btn_event_overzone,False,False,10200330,True,event_overzone_balloon_28,Random,4,0,None,,0,None,,0,None,
68,0,1010003,Locale_Character:npc_956_name_var_03,,Npc,7001006,0,sprite_event_overzone_npc_tag,None,200,sprite_btn_event_overzone,False,False,10200331,True,event_overzone_balloon_29,Random,4,0,None,,0,None,,0,None,
69,0,1010003,Locale_Character:npc_956_name_var_03,,Npc,7001006,0,sprite_event_overzone_npc_tag,None,200,sprite_btn_event_overzone,False,False,10200332,True,event_overzone_balloon_30,Random,4,0,None,,0,None,,0,None,
70,0,1010003,Locale_Character:npc_956_name_var_03,,Npc,7001006,0,sprite_event_overzone_npc_tag,None,200,sprite_btn_event_overzone,False,False,10200333,False,,None,0,0,None,,0,None,,0,None,
71,0,1010003,Locale_Character:npc_956_name_var_03,,Npc,7001006,0,sprite_event_overzone_npc_tag,None,200,sprite_btn_event_overzone,False,False,10200334,True,event_overzone_balloon_26,None,8,0,None,,0,None,,0,None,
72,0,1010003,Locale_Character:npc_956_name_var_03,,Npc,7001006,0,sprite_event_overzone_npc_tag,None,200,sprite_btn_event_overzone,False,False,10200335,True,event_overzone_balloon_31,None,8,0,None,,0,None,,0,None,
73,4,1010003,Locale_Character:npc_954_name_var_02,Locale_Event:event_contents_whitememory,Npc,7001002,0,sprite_event_overzone_npc_tag,None,200,sprite_btn_event_overzone,False,False,10200338,False,,None,0,1080305,None,,0,None,,0,None,
100001,0,1010003,,,Npc,7003026,0,sprite_event_overzone_npc_tag,None,200,sprite_btn_event_overzone,False,False,10200339,False,,None,0,0,None,,0,None,,0,None,
100002,0,1010003,,,Npc,7003027,0,sprite_event_overzone_npc_tag,None,200,sprite_btn_event_overzone,False,False,10200340,False,,None,0,0,None,,0,None,,0,None,
1,1,10001,Locale_Character:200_name,Locale_Event:event_contents_storydungeon_before,Character,203,0,sprite_event_miralcesnow_npc_tag,None,200,sprite_btn_event_miraclesnow,False,False,0,False,,None,0,40003,None,,0,None,,0,None,
2,0,10001,Locale_Character:npc_221_name,,Character,121,0,sprite_event_miralcesnow_npc_tag,None,200,sprite_btn_event_miraclesnow,False,False,200102,False,,None,0,0,None,,0,None,,0,None,
3,2,10001,Locale_Character:npc_221_name,Locale_Event:event_contents_storydungeon_after,Character,121,0,sprite_event_miralcesnow_npc_tag,None,200,sprite_btn_event_miraclesnow,False,False,200103,False,,None,0,40004,None,,0,None,,0,None,
4,3,10001,Locale_Character:90_name,Locale_Event:event_contents_login,Character,90,1,sprite_event_miralcesnow_npc_tag,None,200,sprite_btn_event_miraclesnow,False,True,0,False,,None,0,0,None,,0,None,,0,None,
5,4,10001,Locale_Character:193_name,Locale_Event:event_contents_shop,Character,193,0,sprite_event_miralcesnow_npc_tag,None,200,sprite_btn_event_miraclesnow,True,True,0,False,,None,0,0,None,,0,None,,0,None,
6,0,10001,Locale_Character:210_name,,Character,210,1,sprite_event_miralcesnow_npc_tag,None,200,sprite_btn_event_miraclesnow,False,False,200106,False,,None,0,0,None,,0,None,,0,None,
7,5,10001,Locale_Character:210_name,Locale_Event:event_contents_minigame,Character,210,1,sprite_event_miralcesnow_npc_tag,None,200,sprite_btn_event_miraclesnow,False,False,200107,False,,None,0,1002,Arcade,,0,None,,0,None,
8,0,10001,Locale_Character:191_name,,Character,191,0,sprite_event_miralcesnow_npc_tag,None,200,sprite_btn_event_miralcesnow,False,False,200108,True,event_miraclesnow_ballon_01,Random,4,0,None,,0,None,,0,None,
9,0,10001,Locale_Character:191_name,,Character,191,0,sprite_event_miralcesnow_npc_tag,None,200,sprite_btn_event_miralcesnow,False,False,200109,True,event_miraclesnow_ballon_02,Random,4,0,None,,0,None,,0,None,
10,0,10001,Locale_Character:191_name,,Character,191,0,sprite_event_miralcesnow_npc_tag,None,200,sprite_btn_event_miralcesnow,False,False,200110,True,event_miraclesnow_ballon_03,Random,4,0,None,,0,None,,0,None,
11,0,10001,Locale_Character:191_name,,Character,191,0,sprite_event_miralcesnow_npc_tag,None,200,sprite_btn_event_miralcesnow,False,False,200111,True,event_miraclesnow_ballon_04,Random,4,0,None,,0,None,,0,None,
12,0,10001,Locale_Character:191_name,,Character,191,0,sprite_event_miralcesnow_npc_tag,None,200,sprite_btn_event_miralcesnow,False,False,200112,True,event_miraclesnow_ballon_05,Random,4,0,None,,0,None,,0,None,
13,0,10001,Locale_Character:190_name,,Character,190,0,sprite_event_miralcesnow_npc_tag,None,200,sprite_btn_event_miralcesnow,False,False,200113,True,event_miraclesnow_ballon_06,Random,4,0,None,,0,None,,0,None,
14,0,10001,Locale_Character:190_name,,Character,190,0,sprite_event_miralcesnow_npc_tag,None,200,sprite_btn_event_miralcesnow,False,False,200114,True,event_miraclesnow_ballon_07,Random,4,0,None,,0,None,,0,None,
15,0,10001,Locale_Character:190_name,,Character,190,0,sprite_event_miralcesnow_npc_tag,None,200,sprite_btn_event_miralcesnow,False,False,200115,True,event_miraclesnow_ballon_08,Random,4,0,None,,0,None,,0,None,
16,0,10001,Locale_Character:190_name,,Character,190,0,sprite_event_miralcesnow_npc_tag,None,200,sprite_btn_event_miralcesnow,False,False,200116,True,event_miraclesnow_ballon_09,Random,4,0,None,,0,None,,0,None,
304,1,10007,Locale_Character:npc_9999999_name_07,Locale_Event:event_contents_storydungeon_before,Npc,9999999,0,,None,200,,False,False,0,False,,None,0,40031,None,,0,None,,0,None,
305,0,10007,Locale_Character:npc_9999999_name_06,,Npc,9999999,0,,None,200,,False,False,2007001,False,,None,0,0,None,,0,None,,0,None,
306,2,10007,Locale_Character:npc_9999999_name_06,Locale_Event:event_contents_storydungeon_after,Npc,9999999,0,,None,500,,False,False,2007002,False,,None,0,40032,None,,0,None,,0,None,
307,3,10007,Locale_Character:npc_9999999_name_09,Locale_Event:event_contents_challenge,Npc,7001007,0,,None,200,,False,True,0,False,,None,0,0,None,,0,None,,0,None,
308,0,10007,Locale_Character:npc_9999999_name_08,,Npc,9999999,0,,None,200,,False,False,2007003,False,,None,0,0,None,,0,None,,0,None,
309,4,10007,Locale_Character:npc_9999999_name_08,Locale_Event:event_contents_minigame,Npc,9999999,0,,None,200,,False,False,2007004,False,,None,0,80803,None,,0,None,,0,None,
310,5,10007,Locale_Character:npc_5030_name_var_01,Locale_Event:event_contents_login,Npc,7003031,0,,None,200,,True,True,0,False,,None,0,0,None,,0,None,,0,None,
311,6,10007,Locale_Character:npc_5030_name_var_01,Locale_Event:event_contents_shop,Npc,7003031,0,,None,200,,True,True,0,False,,None,0,0,None,,0,None,,0,None,
312,0,10007,,,Character,300,0,,None,200,,False,False,2007006,False,,None,0,0,None,,0,None,,0,None,
313,0,10007,,,Character,300,0,,None,200,,False,False,2007006,False,,None,0,0,None,,0,None,,0,None,
314,0,10007,,,Character,300,0,,None,200,,False,False,2007007,False,,None,0,0,None,,0,None,,0,None,
315,0,10007,,,Character,300,0,,None,200,,False,False,2007007,False,,None,0,0,None,,0,None,,0,None,
316,0,10007,,,Character,300,0,,None,200,,False,False,2007008,False,,None,0,0,None,,0,None,,0,None,
317,0,10007,,,Character,300,0,,None,200,,False,False,2007009,False,,None,0,0,None,,0,None,,0,None,
318,0,10007,,,Character,300,0,,None,200,,False,False,2007009,False,,None,0,0,None,,0,None,,0,None,
319,0,10007,,,Character,300,0,,None,200,,False,False,2007009,False,,None,0,0,None,,0,None,,0,None,
320,0,10007,,,Character,300,0,,None,200,,False,False,2007009,False,,None,0,0,None,,0,None,,0,None,
321,0,10007,,,Character,300,0,,None,200,,False,False,2007009,False,,None,0,0,None,,0,None,,0,None,
322,0,10007,,,Character,300,0,,None,200,,False,False,2007012,False,,None,0,0,None,,0,None,,0,None,
323,0,10007,,,Character,300,0,,None,200,,False,False,2007010,False,,None,0,0,None,,0,None,,0,None,
324,0,10007,,,Character,300,0,,None,200,,False,False,2007011,False,,None,0,0,None,,0,None,,0,None,
325,0,10007,,,Character,300,0,,None,200,,False,False,2007014,False,,None,0,0,None,,0,None,,0,None,
326,0,10007,,,Character,300,0,,None,200,,False,False,2007012,False,,None,0,0,None,,0,None,,0,None,
420,0,10007,,,Character,300,0,,None,200,,False,False,2007006,False,,None,0,0,None,,0,None,,0,None,
421,0,10007,,,Character,300,0,,None,200,,False,False,2007007,False,,None,0,0,None,,0,None,,0,None,
422,0,10007,,,Character,300,0,,None,200,,False,False,2007008,False,,None,0,0,None,,0,None,,0,None,
423,0,10007,,,Character,300,0,,None,200,,False,False,2007009,False,,None,0,0,None,,0,None,,0,None,
424,0,10007,,,Character,300,0,,None,200,,False,False,2007099,False,,None,0,0,None,,0,None,,0,None,
327,0,10007,,,Npc,7003032,0,,None,200,,False,False,2007021,False,,None,0,0,None,,0,None,,0,None,
328,0,10007,,,Npc,700303201,0,,None,200,,False,False,2007021,False,,None,0,0,None,,0,None,,0,None,
329,0,10007,,,Npc,700303202,0,,None,200,,False,False,2007020,False,,None,0,0,None,,0,None,,0,None,
330,0,10007,,,Npc,700303201,0,,None,200,,False,False,2007020,False,,None,0,0,None,,0,None,,0,None,
331,0,10007,,,Npc,700303201,0,,None,200,,False,False,2007019,False,,None,0,0,None,,0,None,,0,None,
332,0,10007,,,Npc,700303202,0,,None,200,,False,False,2007018,False,,None,0,0,None,,0,None,,0,None,
333,0,10007,,,Npc,7003032,0,,None,200,,False,False,2007017,False,,None,0,0,None,,0,None,,0,None,
334,0,10007,,,Npc,700303202,0,,None,200,,False,False,2007016,False,,None,0,0,None,,0,None,,0,None,
335,0,10007,,,Npc,700303201,0,,None,200,,False,False,2007015,False,,None,0,0,None,,0,None,,0,None,
336,0,10007,,,Npc,7003032,0,,None,200,,False,False,2007015,False,,None,0,0,None,,0,None,,0,None,
425,0,10007,,,Npc,700303201,0,,None,200,,False,False,2007021,False,,None,0,0,None,,0,None,,0,None,
426,0,10007,,,Npc,700303202,0,,None,200,,False,False,2007020,False,,None,0,0,None,,0,None,,0,None,
427,0,10007,,,Npc,7003032,0,,None,200,,False,False,2007019,False,,None,0,0,None,,0,None,,0,None,
428,0,10007,,,Npc,700303202,0,,None,200,,False,False,2007016,False,,None,0,0,None,,0,None,,0,None,
337,0,10007,,,Npc,7003030,0,,None,200,,False,False,2007006,False,,None,0,0,None,,0,None,,0,None,
338,0,10007,,,Npc,7003030,0,,None,200,,False,False,2007007,False,,None,0,0,None,,0,None,,0,None,
339,0,10007,,,Npc,7003030,0,,None,200,,False,False,2007008,False,,None,0,0,None,,0,None,,0,None,
340,0,10007,,,Npc,7003030,0,,None,200,,False,False,2007009,False,,None,0,0,None,,0,None,,0,None,
341,0,10007,,,Npc,7003030,0,,None,200,,False,False,2007009,False,,None,0,0,None,,0,None,,0,None,
342,0,10007,,,Npc,7003030,0,,None,200,,False,False,2007005,False,,None,0,0,None,,0,None,,0,None,
429,0,10007,,,Npc,7003030,0,,None,200,,False,False,2007007,False,,None,0,0,None,,0,None,,0,None,
430,0,10007,,,Npc,7003030,0,,None,200,,False,False,2007008,False,,None,0,0,None,,0,None,,0,None,
343,0,10007,,,Npc,7003033,0,,None,200,,False,False,2007092,False,,None,0,0,None,,0,None,,0,None,
344,0,10007,,,Npc,7003033,0,,None,200,,False,False,2007093,False,,None,0,0,None,,0,None,,0,None,
345,0,10007,,,Npc,7003033,0,,None,200,,False,False,2007094,False,,None,0,0,None,,0,None,,0,None,
346,0,10007,,,Character,224,0,,None,200,,False,False,2007022,True,event_redash_balloon_01,Random,5,0,None,,0,None,,0,None,
347,0,10007,,,Npc,7003029,0,,None,200,,False,False,2007023,True,event_redash_balloon_02,Random,5,0,None,,0,None,,0,None,
348,0,10007,,,Character,233,0,,None,200,,False,False,2007024,True,event_redash_balloon_03,Random,5,0,None,,0,None,,0,None,
349,0,10007,,,Npc,7003034,0,,None,200,,False,False,2007025,True,event_redash_balloon_04,Random,5,0,None,,0,None,,0,None,
350,0,10007,,,Npc,7003035,0,,None,200,,False,False,2007026,True,event_redash_balloon_05,Random,5,0,None,,0,None,,0,None,
351,0,10007,,,Character,224,0,,None,200,,False,False,2007027,True,event_redash_balloon_06,Random,5,0,None,,0,None,,0,None,
352,0,10007,,,Npc,7003028,0,,None,200,,False,False,2007028,True,event_redash_balloon_07,Random,5,0,None,,0,None,,0,None,
353,0,10007,,,Npc,7003029,0,,None,200,,False,False,2007029,True,event_redash_balloon_08,Random,5,0,None,,0,None,,0,None,
354,0,10007,,,Character,233,0,,None,200,,False,False,2007030,True,event_redash_balloon_09,Random,5,0,None,,0,None,,0,None,
355,0,10007,,,Npc,7003034,0,,None,200,,False,False,2007031,True,event_redash_balloon_10,Random,5,0,None,,0,None,,0,None,
356,0,10007,,,Npc,7003035,0,,None,200,,False,False,2007032,True,event_redash_balloon_11,Random,5,0,None,,0,None,,0,None,
357,0,10007,,,Character,300,0,,None,200,,False,False,2007033,True,event_redash_balloon_12,Random,5,0,None,,0,None,,0,None,
358,0,10007,,,Character,300,0,,None,200,,False,False,2007034,True,event_redash_balloon_13,Random,5,0,None,,0,None,,0,None,
359,0,10007,,,Character,300,0,,None,200,,False,False,2007035,True,event_redash_balloon_14,Random,5,0,None,,0,None,,0,None,
360,0,10007,,,Character,300,0,,None,200,,False,False,2007036,True,event_redash_balloon_15,Random,5,0,None,,0,None,,0,None,
361,0,10007,,,Character,300,0,,None,200,,False,False,2007037,True,event_redash_balloon_16,Random,5,0,None,,0,None,,0,None,
362,0,10007,,,Character,224,0,,None,200,,False,False,2007038,True,event_redash_balloon_17,Random,5,0,None,,0,None,,0,None,
363,0,10007,,,Npc,7003028,0,,None,200,,False,False,2007039,True,event_redash_balloon_18,Random,5,0,None,,0,None,,0,None,
364,0,10007,,,Npc,7003029,0,,None,200,,False,False,2007040,True,event_redash_balloon_19,Random,5,0,None,,0,None,,0,None,
365,0,10007,,,Character,233,0,,None,200,,False,False,2007041,True,event_redash_balloon_20,Random,5,0,None,,0,None,,0,None,
366,0,10007,,,Npc,7003034,0,,None,200,,False,False,2007042,True,event_redash_balloon_21,Random,5,0,None,,0,None,,0,None,
367,0,10007,,,Npc,7003035,0,,None,200,,False,False,2007043,True,event_redash_balloon_22,Random,5,0,None,,0,None,,0,None,
416,0,10007,,,Character,224,0,,None,200,,False,False,2007095,True,event_redash_balloon_71,Random,5,0,None,,0,None,,0,None,
417,0,10007,,,Npc,7003028,0,,None,200,,False,False,2007096,True,event_redash_balloon_72,Random,5,0,None,,0,None,,0,None,
418,0,10007,,,Npc,7003029,0,,None,200,,False,False,2007097,True,event_redash_balloon_73,Random,5,0,None,,0,None,,0,None,
419,0,10007,,,Character,233,0,,None,200,,False,False,2007098,True,event_redash_balloon_74,Random,5,0,None,,0,None,,0,None,
368,0,10007,,,Npc,7003034,0,,None,200,,False,False,2007044,True,event_redash_balloon_23,Random,5,0,None,,0,None,,0,None,
370,0,10007,,,Npc,7003032,0,,None,200,,False,False,2007046,True,event_redash_balloon_25,Random,5,0,None,,0,None,,0,None,
371,0,10007,,,Npc,7003032,0,,None,200,,False,False,2007047,True,event_redash_balloon_26,Random,5,0,None,,0,None,,0,None,
372,0,10007,,,Npc,7003032,0,,None,200,,False,False,2007048,True,event_redash_balloon_27,Random,5,0,None,,0,None,,0,None,
373,0,10007,,,Character,300,0,,None,200,,False,False,2007049,True,event_redash_balloon_28,Random,5,0,None,,0,None,,0,None,
374,0,10007,,,Npc,700303202,0,,None,200,,False,False,2007050,True,event_redash_balloon_29,Random,5,0,None,,0,None,,0,None,
375,0,10007,,,Npc,7003028,0,,None,200,,False,False,2007051,True,event_redash_balloon_30,Random,5,0,None,,0,None,,0,None,
377,0,10007,,,Character,233,0,,None,200,,False,False,2007053,True,event_redash_balloon_32,Random,5,0,None,,0,None,,0,None,
378,0,10007,,,Npc,7003034,0,,None,200,,False,False,2007054,True,event_redash_balloon_33,Random,5,0,None,,0,None,,0,None,
379,0,10007,,,Npc,7003035,0,,None,200,,False,False,2007055,True,event_redash_balloon_34,Random,5,0,None,,0,None,,0,None,
380,0,10007,,,Npc,7003028,0,,None,200,,False,False,2007056,True,event_redash_balloon_35,Random,5,0,None,,0,None,,0,None,
381,0,10007,,,Npc,7003029,0,,None,200,,False,False,2007057,True,event_redash_balloon_36,Random,5,0,None,,0,None,,0,None,
382,0,10007,,,Character,233,0,,None,200,,False,False,2007058,True,event_redash_balloon_37,Random,5,0,None,,0,None,,0,None,
383,0,10007,,,Npc,7003034,0,,None,200,,False,False,2007059,True,event_redash_balloon_38,Random,5,0,None,,0,None,,0,None,
384,0,10007,,,Npc,7003035,0,,None,200,,False,False,2007060,True,event_redash_balloon_39,Random,5,0,None,,0,None,,0,None,
385,0,10007,,,Npc,7003028,0,,None,200,,False,False,2007061,True,event_redash_balloon_40,Random,5,0,None,,0,None,,0,None,
386,0,10007,,,Npc,7003029,0,,None,200,,False,False,2007062,True,event_redash_balloon_41,Random,5,0,None,,0,None,,0,None,
387,0,10007,,,Character,233,0,,None,200,,False,False,2007063,True,event_redash_balloon_42,Random,5,0,None,,0,None,,0,None,
388,0,10007,,,Npc,7003034,0,,None,200,,False,False,2007064,True,event_redash_balloon_43,Random,5,0,None,,0,None,,0,None,
389,0,10007,,,Npc,7003035,0,,None,200,,False,False,2007065,True,event_redash_balloon_44,Random,5,0,None,,0,None,,0,None,
390,0,10007,,,Character,233,0,,None,200,,False,False,2007066,True,event_redash_balloon_45,Random,5,0,None,,0,None,,0,None,
391,0,10007,,,Npc,7003034,0,,None,200,,False,False,2007067,True,event_redash_balloon_46,Random,5,0,None,,0,None,,0,None,
392,0,10007,,,Npc,7003032,0,,None,200,,False,False,2007068,True,event_redash_balloon_47,Random,5,0,None,,0,None,,0,None,
393,0,10007,,,Npc,7003032,0,,None,200,,False,False,2007069,True,event_redash_balloon_48,Random,5,0,None,,0,None,,0,None,
394,0,10007,,,Character,300,0,,None,200,,False,False,2007070,True,event_redash_balloon_49,Random,5,0,None,,0,None,,0,None,
395,0,10007,,,Npc,700303202,0,,None,200,,False,False,2007071,True,event_redash_balloon_50,Random,5,0,None,,0,None,,0,None,
396,0,10007,,,Character,233,0,,None,200,,False,False,2007072,True,event_redash_balloon_51,Random,5,0,None,,0,None,,0,None,
397,0,10007,,,Npc,7003034,0,,None,200,,False,False,2007073,True,event_redash_balloon_52,Random,5,0,None,,0,None,,0,None,
398,0,10007,,,Npc,7003035,0,,None,200,,False,False,2007074,True,event_redash_balloon_53,Random,5,0,None,,0,None,,0,None,
399,0,10007,,,Character,233,0,,None,200,,False,False,2007075,True,event_redash_balloon_54,Random,5,0,None,,0,None,,0,None,
400,0,10007,,,Npc,7003034,0,,None,200,,False,False,2007076,True,event_redash_balloon_55,Random,5,0,None,,0,None,,0,None,
401,0,10007,,,Npc,7003035,0,,None,200,,False,False,2007077,True,event_redash_balloon_56,Random,5,0,None,,0,None,,0,None,
412,0,10007,,,Character,233,0,,None,200,,False,False,2007088,True,event_redash_balloon_67,Random,5,0,None,,0,None,,0,None,
413,0,10007,,,Npc,7003034,0,,None,200,,False,False,2007089,True,event_redash_balloon_68,Random,5,0,None,,0,None,,0,None,
414,0,10007,,,Npc,7003035,0,,None,200,,False,False,2007090,True,event_redash_balloon_69,Random,5,0,None,,0,None,,0,None,
431,0,10007,,,Character,300,0,,None,200,,False,False,2007100,True,event_redash_balloon_76,Random,5,0,None,,0,None,,0,None,
432,0,10007,,,Npc,700303202,0,,None,200,,False,False,2007101,True,event_redash_balloon_78,Random,5,0,None,,0,None,,0,None,
433,0,10007,,,Character,300,0,,None,200,,False,False,2007102,True,event_redash_balloon_78,Random,5,0,None,,0,None,,0,None,
434,0,10007,,,Npc,700303202,0,,None,200,,False,False,2007103,True,event_redash_balloon_61,Random,5,0,None,,0,None,,0,None,
405,0,10007,,,Npc,700303202,0,,None,200,,False,False,2007104,True,event_redash_balloon_66,Random,5,0,None,,0,None,,0,None,
406,0,10007,,,Character,300,0,,None,200,,False,False,2007105,True,event_redash_balloon_75,Random,5,0,None,,0,None,,0,None,
410,0,10007,,,Character,300,0,,None,200,,False,False,2007106,True,event_redash_balloon_77,Random,5,0,None,,0,None,,0,None,
411,0,10007,,,Npc,7003032,0,,None,200,,False,False,2007107,True,event_redash_balloon_60,Random,5,0,None,,0,None,,0,None,
435,0,10007,,,Character,300,0,,None,200,,False,False,2007108,True,event_redash_balloon_79,Random,5,0,None,,0,None,,0,None,
436,0,10007,,,Character,300,0,,None,200,,False,False,2007109,True,event_redash_balloon_77,Random,5,0,None,,0,None,,0,None,
437,0,10007,,,Npc,7003032,0,,None,200,,False,False,2007110,True,event_redash_balloon_60,Random,5,0,None,,0,None,,0,None,
438,0,10007,,,Npc,7003032,0,,None,200,,False,False,2007111,True,event_redash_balloon_65,Random,5,0,None,,0,None,,0,None,
415,0,10007,,,Character,300,0,,None,200,,False,False,2007112,True,event_redash_balloon_70,Random,5,0,None,,0,None,,0,None,
74,1,10004,Locale_Character:142_name,Locale_Event:event_contents_storydungeon_before,Character,142,1,sprite_event_bluewaterisland_npc_tag,None,200,sprite_btn_event_bluewaterisland,False,False,0,False,,None,0,40020,None,,0,None,,0,None,
75,0,10004,Locale_Character:npc_9999999_name_01,,Npc,9999999,0,sprite_event_bluewaterisland_npc_tag,None,200,sprite_btn_event_bluewaterisland,False,False,200401,False,,None,0,0,None,,0,None,,0,None,
76,2,10004,Locale_Character:npc_9999999_name_01,Locale_Event:event_contents_storydungeon_after,Npc,9999999,0,sprite_event_bluewaterisland_npc_tag,None,200,sprite_btn_event_bluewaterisland,False,False,200402,False,,None,0,40021,None,,0,None,,0,None,
77,5,10004,Locale_Character:npc_9999999_name_02,Locale_Event:event_contents_login,Npc,9999999,0,sprite_event_bluewaterisland_npc_tag,None,200,sprite_btn_event_bluewaterisland,True,True,0,False,,None,0,0,None,,0,None,,0,None,
78,6,10004,Locale_Character:201_name,Locale_Event:event_contents_shop,Character,201,1,sprite_event_bluewaterisland_npc_tag,None,200,sprite_btn_event_bluewaterisland,True,True,0,False,,None,0,0,None,,0,None,,0,None,
79,0,10004,Locale_Character:npc_107_name,,Npc,7002001,0,sprite_event_bluewaterisland_npc_tag,None,200,sprite_btn_event_bluewaterisland,False,False,200403,False,,None,0,0,None,,0,None,,0,None,
80,4,10004,Locale_Character:npc_107_name,Locale_Event:event_contents_minigame,Npc,7002001,0,sprite_event_bluewaterisland_npc_tag,None,200,sprite_btn_event_bluewaterisland,False,False,200404,False,,None,0,80403,None,,0,None,,0,None,
81,3,10004,Locale_Character:npc_5001_name,Locale_Event:event_contents_challenge,Npc,7001007,0,sprite_event_bluewaterisland_npc_tag,None,200,sprite_btn_event_bluewaterisland,False,True,0,False,,None,0,0,None,,0,None,,0,None,
82,0,10004,Locale_Character:11_name,,Character,14,0,sprite_event_bluewaterisland_npc_tag,None,200,sprite_btn_event_bluewaterisland,False,False,200406,False,,None,0,0,None,,0,None,,0,None,
83,0,10004,Locale_Character:131_name,,Character,131,1,sprite_event_bluewaterisland_npc_tag,None,200,sprite_btn_event_bluewaterisland,False,False,200407,False,,None,0,0,None,,0,None,,0,None,
84,0,10004,Locale_Character:130_name,,Character,132,0,sprite_event_bluewaterisland_npc_tag,None,200,sprite_btn_event_bluewaterisland,False,False,200408,False,,None,0,0,None,,0,None,,0,None,
85,0,10004,Locale_Character:10_name,,Character,10,2,sprite_event_bluewaterisland_npc_tag,None,200,sprite_btn_event_bluewaterisland,False,False,200409,False,,None,0,0,None,,0,None,,0,None,
86,0,10004,Locale_Character:82_name,,Character,82,1,sprite_event_bluewaterisland_npc_tag,None,200,sprite_btn_event_bluewaterisland,False,False,200410,False,,None,0,0,None,,0,None,,0,None,
87,0,10004,Locale_Character:11_name,,Character,14,0,sprite_event_bluewaterisland_npc_tag,None,200,sprite_btn_event_bluewaterisland,False,False,200411,True,event_BlueWaterIsland_balloon_01,Random,4,0,None,,0,None,,0,None,
88,0,10004,Locale_Character:131_name,,Character,131,1,sprite_event_bluewaterisland_npc_tag,None,200,sprite_btn_event_bluewaterisland,False,False,200412,True,event_BlueWaterIsland_balloon_02,Random,5,0,None,,0,None,,0,None,
89,0,10004,Locale_Character:130_name,,Character,132,0,sprite_event_bluewaterisland_npc_tag,None,200,sprite_btn_event_bluewaterisland,False,False,200413,True,event_BlueWaterIsland_balloon_03,Random,6,0,None,,0,None,,0,None,
90,0,10004,Locale_Character:10_name,,Character,10,2,sprite_event_bluewaterisland_npc_tag,None,200,sprite_btn_event_bluewaterisland,False,False,200414,False,,None,0,0,None,,0,None,,0,None,
91,0,10004,Locale_Character:82_name,,Character,82,1,sprite_event_bluewaterisland_npc_tag,None,200,sprite_btn_event_bluewaterisland,False,False,200415,False,,None,0,0,None,,0,None,,0,None,
92,0,10004,Locale_Character:11_name,,Character,14,0,sprite_event_bluewaterisland_npc_tag,None,200,sprite_btn_event_bluewaterisland,False,False,200416,False,,None,0,0,None,,0,None,,0,None,
93,0,10004,Locale_Character:131_name,,Character,131,1,sprite_event_bluewaterisland_npc_tag,None,200,sprite_btn_event_bluewaterisland,False,False,200417,True,event_BlueWaterIsland_balloon_06,Random,4,0,None,,0,None,,0,None,
94,0,10004,Locale_Character:130_name,,Character,132,0,sprite_event_bluewaterisland_npc_tag,None,200,sprite_btn_event_bluewaterisland,False,False,200418,False,,None,0,0,None,,0,None,,0,None,
95,0,10004,Locale_Character:10_name,,Character,10,2,sprite_event_bluewaterisland_npc_tag,None,200,sprite_btn_event_bluewaterisland,False,False,200419,True,event_BlueWaterIsland_balloon_05,Random,5,0,None,,0,None,,0,None,
96,0,10004,Locale_Character:82_name,,Character,82,1,sprite_event_bluewaterisland_npc_tag,None,200,sprite_btn_event_bluewaterisland,False,False,200420,True,event_BlueWaterIsland_balloon_04,Random,6,0,None,,0,None,,0,None,
97,0,10004,Locale_Character:11_name,,Character,14,0,sprite_event_bluewaterisland_npc_tag,None,200,sprite_btn_event_bluewaterisland,False,False,200421,True,event_BlueWaterIsland_balloon_07,Random,4,0,None,,0,None,,0,None,
98,0,10004,Locale_Character:131_name,,Character,131,1,sprite_event_bluewaterisland_npc_tag,None,200,sprite_btn_event_bluewaterisland,False,False,200422,False,,None,0,0,None,,0,None,,0,None,
99,0,10004,Locale_Character:130_name,,Character,132,0,sprite_event_bluewaterisland_npc_tag,None,200,sprite_btn_event_bluewaterisland,False,False,200423,True,event_BlueWaterIsland_balloon_08,Random,5,0,None,,0,None,,0,None,
100,0,10004,Locale_Character:10_name,,Character,10,2,sprite_event_bluewaterisland_npc_tag,None,200,sprite_btn_event_bluewaterisland,False,False,200424,False,,None,0,0,None,,0,None,,0,None,
101,0,10004,Locale_Character:82_name,,Character,82,1,sprite_event_bluewaterisland_npc_tag,None,200,sprite_btn_event_bluewaterisland,False,False,200425,False,,None,0,0,None,,0,None,,0,None,
102,0,10004,Locale_Character:11_name,,Character,14,0,sprite_event_bluewaterisland_npc_tag,None,200,sprite_btn_event_bluewaterisland,False,False,200426,False,,None,0,0,None,,0,None,,0,None,
103,0,10004,Locale_Character:131_name,,Character,131,1,sprite_event_bluewaterisland_npc_tag,None,200,sprite_btn_event_bluewaterisland,False,False,200427,True,event_BlueWaterIsland_balloon_09,Random,4,0,None,,0,None,,0,None,
104,0,10004,Locale_Character:130_name,,Character,132,0,sprite_event_bluewaterisland_npc_tag,None,200,sprite_btn_event_bluewaterisland,False,False,200428,True,event_BlueWaterIsland_balloon_10,Random,5,0,None,,0,None,,0,None,
105,0,10004,Locale_Character:10_name,,Character,10,2,sprite_event_bluewaterisland_npc_tag,None,200,sprite_btn_event_bluewaterisland,False,False,200429,False,,None,0,0,None,,0,None,,0,None,
106,0,10004,Locale_Character:82_name,,Character,82,1,sprite_event_bluewaterisland_npc_tag,None,200,sprite_btn_event_bluewaterisland,False,False,200430,False,,None,0,0,None,,0,None,,0,None,
107,0,10004,Locale_Character:11_name,,Character,14,0,sprite_event_bluewaterisland_npc_tag,None,200,sprite_btn_event_bluewaterisland,False,False,200431,True,event_BlueWaterIsland_balloon_13,Random,4,0,None,,0,None,,0,None,
108,0,10004,Locale_Character:131_name,,Character,131,1,sprite_event_bluewaterisland_npc_tag,None,200,sprite_btn_event_bluewaterisland,False,False,200432,False,,None,0,0,None,,0,None,,0,None,
109,0,10004,Locale_Character:130_name,,Character,132,0,sprite_event_bluewaterisland_npc_tag,None,200,sprite_btn_event_bluewaterisland,False,False,200433,True,event_BlueWaterIsland_balloon_12,Random,5,0,None,,0,None,,0,None,
110,0,10004,Locale_Character:10_name,,Character,10,2,sprite_event_bluewaterisland_npc_tag,None,200,sprite_btn_event_bluewaterisland,False,False,200434,False,,None,0,0,None,,0,None,,0,None,
111,0,10004,Locale_Character:82_name,,Character,82,1,sprite_event_bluewaterisland_npc_tag,None,200,sprite_btn_event_bluewaterisland,False,False,200435,True,event_BlueWaterIsland_balloon_11,Random,6,0,None,,0,None,,0,None,
112,1,10005,Locale_Character:npc_5025_name,Locale_Event:event_contents_storydungeon_before,Npc,7003003,0,sprite_event_seayouagain,None,200,sprite_btn_event_seayouagain,False,False,0,False,,None,0,40024,None,,0,None,,0,None,
113,0,10005,Locale_Character:npc_5024_name,,Npc,7003002,0,sprite_event_seayouagain,None,200,sprite_btn_event_seayouagain,False,False,200501,False,,None,0,0,None,,0,None,,0,None,
114,2,10005,Locale_Character:npc_5024_name,Locale_Event:event_contents_storydungeon_after,Npc,7003002,0,sprite_event_seayouagain,None,200,sprite_btn_event_seayouagain,False,False,200502,False,,None,0,40025,None,,0,None,,0,None,
115,5,10005,Locale_Character:npc_5023_name,Locale_Event:event_contents_login,Npc,7003001,0,sprite_event_seayouagain,None,200,sprite_btn_event_seayouagain,True,True,0,False,,None,0,80601,None,,0,None,,0,None,
116,6,10005,Locale_Character:npc_9999999_name_03,Locale_Event:event_contents_shop,Npc,9999999,0,sprite_event_seayouagain,None,200,sprite_btn_event_seayouagain,True,True,0,False,,None,0,80602,None,,0,None,,0,None,
117,0,10005,Locale_Character:npc_9999999_name_05,,Npc,9999999,0,sprite_event_seayouagain,None,200,sprite_btn_event_seayouagain,False,False,200503,False,,None,0,0,None,,0,None,,0,None,
118,4,10005,Locale_Character:npc_9999999_name_05,Locale_Event:event_contents_minigame,Npc,9999999,0,sprite_event_seayouagain,None,200,sprite_btn_event_seayouagain,False,False,200504,False,,None,0,1001,Arcade,,0,None,,0,None,
119,3,10005,Locale_Character:npc_5001_name,Locale_Event:event_contents_challenge,Npc,7001007,0,sprite_event_seayouagain,None,200,sprite_btn_event_seayouagain,False,True,0,False,,None,0,60024,None,,0,None,,0,None,
120,7,10005,Locale_Character:npc_9999999_name_04,Locale_Event:cooperation_event_name,Npc,9999999,0,sprite_event_seayouagain,None,200,sprite_btn_event_seayouagain,False,True,0,False,,None,0,0,None,,0,None,,0,None,
121,0,10005,,,Character,353,0,sprite_event_seayouagain,None,200,sprite_btn_event_seayouagain,False,False,200505,True,event_seayouagain_balloon_01,Random,4,0,None,,0,None,,0,None,
122,0,10005,,,Character,15,0,sprite_event_seayouagain,None,200,sprite_btn_event_seayouagain,False,False,200506,True,event_seayouagain_balloon_02,Random,4,0,None,,0,None,,0,None,
123,0,10005,,,Character,10,2,sprite_event_seayouagain,None,200,sprite_btn_event_seayouagain,False,False,200507,True,event_seayouagain_balloon_03,Random,4,0,None,,0,None,,0,None,
124,0,10005,,,Character,14,0,sprite_event_seayouagain,None,200,sprite_btn_event_seayouagain,False,False,200508,True,event_seayouagain_balloon_04,Random,4,0,None,,0,None,,0,None,
125,0,10005,,,Character,132,0,sprite_event_seayouagain,None,200,sprite_btn_event_seayouagain,False,False,200509,True,event_seayouagain_balloon_05,Random,4,0,None,,0,None,,0,None,
126,0,10005,,,Character,131,1,sprite_event_seayouagain,None,200,sprite_btn_event_seayouagain,False,False,200510,True,event_seayouagain_balloon_06,Random,4,0,None,,0,None,,0,None,
127,0,10005,,,Character,201,1,sprite_event_seayouagain,None,200,sprite_btn_event_seayouagain,False,False,200511,True,event_seayouagain_balloon_07,Random,4,0,None,,0,None,,0,None,
128,0,10005,,,Character,142,1,sprite_event_seayouagain,None,200,sprite_btn_event_seayouagain,False,False,200512,True,event_seayouagain_balloon_08,Random,4,0,None,,0,None,,0,None,
129,0,10005,,,Character,82,1,sprite_event_seayouagain,None,200,sprite_btn_event_seayouagain,False,False,200513,True,event_seayouagain_balloon_09,Random,4,0,None,,0,None,,0,None,
130,0,10005,,,Character,353,0,sprite_event_seayouagain,None,200,sprite_btn_event_seayouagain,False,False,200514,True,event_seayouagain_balloon_10,Random,4,0,None,,0,None,,0,None,
131,0,10005,,,Character,15,0,sprite_event_seayouagain,None,200,sprite_btn_event_seayouagain,False,False,200515,True,event_seayouagain_balloon_11,Random,4,0,None,,0,None,,0,None,
132,0,10005,,,Character,10,2,sprite_event_seayouagain,None,200,sprite_btn_event_seayouagain,False,False,200516,True,event_seayouagain_balloon_12,Random,4,0,None,,0,None,,0,None,
133,0,10005,,,Character,14,0,sprite_event_seayouagain,None,200,sprite_btn_event_seayouagain,False,False,200517,True,event_seayouagain_balloon_13,Random,4,0,None,,0,None,,0,None,
134,0,10005,,,Character,132,0,sprite_event_seayouagain,None,200,sprite_btn_event_seayouagain,False,False,200518,True,event_seayouagain_balloon_14,Random,4,0,None,,0,None,,0,None,
135,0,10005,,,Character,131,1,sprite_event_seayouagain,None,200,sprite_btn_event_seayouagain,False,False,200519,True,event_seayouagain_balloon_15,Random,4,0,None,,0,None,,0,None,
136,0,10005,,,Character,201,1,sprite_event_seayouagain,None,200,sprite_btn_event_seayouagain,False,False,200520,True,event_seayouagain_balloon_16,Random,4,0,None,,0,None,,0,None,
137,0,10005,,,Character,142,1,sprite_event_seayouagain,None,200,sprite_btn_event_seayouagain,False,False,200521,True,event_seayouagain_balloon_17,Random,4,0,None,,0,None,,0,None,
138,0,10005,,,Character,82,1,sprite_event_seayouagain,None,200,sprite_btn_event_seayouagain,False,False,200522,True,event_seayouagain_balloon_18,Random,4,0,None,,0,None,,0,None,
139,0,10005,,,Character,353,0,sprite_event_seayouagain,None,200,sprite_btn_event_seayouagain,False,False,200523,True,event_seayouagain_balloon_19,Random,4,0,None,,0,None,,0,None,
140,0,10005,,,Character,15,0,sprite_event_seayouagain,None,200,sprite_btn_event_seayouagain,False,False,200524,True,event_seayouagain_balloon_20,Random,4,0,None,,0,None,,0,None,
141,0,10005,,,Character,82,1,sprite_event_seayouagain,None,200,sprite_btn_event_seayouagain,False,False,200525,True,event_seayouagain_balloon_21,Random,4,0,None,,0,None,,0,None,
142,0,10005,,,Character,353,0,sprite_event_seayouagain,None,200,sprite_btn_event_seayouagain,False,False,200526,True,event_seayouagain_balloon_22,Random,4,0,None,,0,None,,0,None,
143,0,10005,,,Character,15,0,sprite_event_seayouagain,None,200,sprite_btn_event_seayouagain,False,False,200527,True,event_seayouagain_balloon_23,Random,4,0,None,,0,None,,0,None,
144,0,10005,,,Character,10,2,sprite_event_seayouagain,None,200,sprite_btn_event_seayouagain,False,False,200528,True,event_seayouagain_balloon_24,Random,4,0,None,,0,None,,0,None,
145,0,10005,,,Character,14,0,sprite_event_seayouagain,None,200,sprite_btn_event_seayouagain,False,False,200529,True,event_seayouagain_balloon_25,Random,4,0,None,,0,None,,0,None,
146,0,10005,,,Character,132,0,sprite_event_seayouagain,None,200,sprite_btn_event_seayouagain,False,False,200530,True,event_seayouagain_balloon_26,Random,4,0,None,,0,None,,0,None,
147,0,10005,,,Character,131,1,sprite_event_seayouagain,None,200,sprite_btn_event_seayouagain,False,False,200531,True,event_seayouagain_balloon_27,Random,4,0,None,,0,None,,0,None,
148,0,10005,,,Character,201,1,sprite_event_seayouagain,None,200,sprite_btn_event_seayouagain,False,False,200532,True,event_seayouagain_balloon_28,Random,4,0,None,,0,None,,0,None,
149,0,10005,,,Character,142,1,sprite_event_seayouagain,None,200,sprite_btn_event_seayouagain,False,False,200533,True,event_seayouagain_balloon_29,Random,4,0,None,,0,None,,0,None,
150,0,10005,,,Character,82,1,sprite_event_seayouagain,None,200,sprite_btn_event_seayouagain,False,False,200534,True,event_seayouagain_balloon_30,Random,4,0,None,,0,None,,0,None,
151,0,10005,,,Character,353,0,sprite_event_seayouagain,None,200,sprite_btn_event_seayouagain,False,False,200535,True,event_seayouagain_balloon_31,Random,4,0,None,,0,None,,0,None,
152,0,10005,,,Character,15,0,sprite_event_seayouagain,None,200,sprite_btn_event_seayouagain,False,False,200536,True,event_seayouagain_balloon_32,Random,4,0,None,,0,None,,0,None,
153,0,10005,,,Character,132,0,sprite_event_seayouagain,None,200,sprite_btn_event_seayouagain,False,False,200537,True,event_seayouagain_balloon_33,Random,4,0,None,,0,None,,0,None,
154,0,10005,,,Character,131,1,sprite_event_seayouagain,None,200,sprite_btn_event_seayouagain,False,False,200538,True,event_seayouagain_balloon_34,Random,4,0,None,,0,None,,0,None,
155,0,10005,,,Character,353,0,sprite_event_seayouagain,None,200,sprite_btn_event_seayouagain,False,False,200539,True,event_seayouagain_balloon_35,Random,4,0,None,,0,None,,0,None,
156,0,10005,,,Character,15,0,sprite_event_seayouagain,None,200,sprite_btn_event_seayouagain,False,False,200540,True,event_seayouagain_balloon_36,Random,4,0,None,,0,None,,0,None,
157,0,10005,,,Character,10,2,sprite_event_seayouagain,None,200,sprite_btn_event_seayouagain,False,False,200541,True,event_seayouagain_balloon_37,Random,4,0,None,,0,None,,0,None,
158,0,10005,,,Character,14,0,sprite_event_seayouagain,None,200,sprite_btn_event_seayouagain,False,False,200542,True,event_seayouagain_balloon_38,Random,4,0,None,,0,None,,0,None,
159,0,10005,,,Character,132,0,sprite_event_seayouagain,None,200,sprite_btn_event_seayouagain,False,False,200543,True,event_seayouagain_balloon_39,Random,4,0,None,,0,None,,0,None,
160,0,10005,,,Character,131,1,sprite_event_seayouagain,None,200,sprite_btn_event_seayouagain,False,False,200544,True,event_seayouagain_balloon_40,Random,4,0,None,,0,None,,0,None,
161,0,10005,,,Character,201,1,sprite_event_seayouagain,None,200,sprite_btn_event_seayouagain,False,False,200545,True,event_seayouagain_balloon_41,Random,4,0,None,,0,None,,0,None,
162,0,10005,,,Character,142,1,sprite_event_seayouagain,None,200,sprite_btn_event_seayouagain,False,False,200546,True,event_seayouagain_balloon_42,Random,4,0,None,,0,None,,0,None,
163,0,10005,,,Character,82,1,sprite_event_seayouagain,None,200,sprite_btn_event_seayouagain,False,False,200547,True,event_seayouagain_balloon_43,Random,4,0,None,,0,None,,0,None,
164,0,10005,,,Character,353,0,sprite_event_seayouagain,None,200,sprite_btn_event_seayouagain,False,False,200548,True,event_seayouagain_balloon_44,Random,4,0,None,,0,None,,0,None,
165,0,10005,,,Character,15,0,sprite_event_seayouagain,None,200,sprite_btn_event_seayouagain,False,False,200549,True,event_seayouagain_balloon_45,Random,4,0,None,,0,None,,0,None,
166,0,10005,,,Character,10,2,sprite_event_seayouagain,None,200,sprite_btn_event_seayouagain,False,False,200550,True,event_seayouagain_balloon_46,Random,4,0,None,,0,None,,0,None,
167,0,10005,,,Character,14,0,sprite_event_seayouagain,None,200,sprite_btn_event_seayouagain,False,False,200551,True,event_seayouagain_balloon_47,Random,4,0,None,,0,None,,0,None,
168,0,10005,,,Character,132,0,sprite_event_seayouagain,None,200,sprite_btn_event_seayouagain,False,False,200552,True,event_seayouagain_balloon_48,Random,4,0,None,,0,None,,0,None,
169,0,10005,,,Character,131,1,sprite_event_seayouagain,None,200,sprite_btn_event_seayouagain,False,False,200553,True,event_seayouagain_balloon_49,Random,4,0,None,,0,None,,0,None,
170,0,10005,,,Character,201,1,sprite_event_seayouagain,None,200,sprite_btn_event_seayouagain,False,False,200554,True,event_seayouagain_balloon_50,Random,4,0,None,,0,None,,0,None,
171,0,10005,,,Character,142,1,sprite_event_seayouagain,None,200,sprite_btn_event_seayouagain,False,False,200555,True,event_seayouagain_balloon_51,Random,4,0,None,,0,None,,0,None,
172,0,10005,,,Character,82,1,sprite_event_seayouagain,None,200,sprite_btn_event_seayouagain,False,False,200556,True,event_seayouagain_balloon_52,Random,4,0,None,,0,None,,0,None,
173,0,10005,,,Character,15,0,sprite_event_seayouagain,None,200,sprite_btn_event_seayouagain,False,False,200557,True,event_seayouagain_balloon_53,Random,4,0,None,,0,None,,0,None,
174,0,10005,,,Character,10,2,sprite_event_seayouagain,None,200,sprite_btn_event_seayouagain,False,False,200558,True,event_seayouagain_balloon_54,Random,4,0,None,,0,None,,0,None,
175,0,10005,,,Character,14,0,sprite_event_seayouagain,None,200,sprite_btn_event_seayouagain,False,False,200559,True,event_seayouagain_balloon_55,Random,4,0,None,,0,None,,0,None,
176,0,10005,,,Character,132,0,sprite_event_seayouagain,None,200,sprite_btn_event_seayouagain,False,False,200560,True,event_seayouagain_balloon_56,Random,4,0,None,,0,None,,0,None,
177,0,10005,,,Character,131,1,sprite_event_seayouagain,None,200,sprite_btn_event_seayouagain,False,False,200561,True,event_seayouagain_balloon_57,Random,4,0,None,,0,None,,0,None,
178,0,10005,,,Character,201,1,sprite_event_seayouagain,None,200,sprite_btn_event_seayouagain,False,False,200562,True,event_seayouagain_balloon_58,Random,4,0,None,,0,None,,0,None,
179,0,10005,,,Character,142,1,sprite_event_seayouagain,None,200,sprite_btn_event_seayouagain,False,False,200563,True,event_seayouagain_balloon_59,Random,4,0,None,,0,None,,0,None,
180,0,10005,,,Character,82,1,sprite_event_seayouagain,None,200,sprite_btn_event_seayouagain,False,False,200564,True,event_seayouagain_balloon_60,Random,4,0,None,,0,None,,0,None,
181,0,10005,,,Npc,7003007,0,sprite_event_seayouagain,None,200,sprite_btn_event_seayouagain,False,False,200565,False,,None,0,0,None,,0,None,,0,None,
182,0,10005,,,Npc,7003008,0,sprite_event_seayouagain,None,200,sprite_btn_event_seayouagain,False,False,200566,False,,None,0,0,None,,0,None,,0,None,
183,0,10005,,,Npc,7003009,0,sprite_event_seayouagain,None,200,sprite_btn_event_seayouagain,False,False,200567,False,,None,0,0,None,,0,None,,0,None,
184,0,10005,,,Npc,7003010,0,sprite_event_seayouagain,None,200,sprite_btn_event_seayouagain,False,False,200568,False,,None,0,0,None,,0,None,,0,None,
185,0,10005,,,Npc,7003011,0,sprite_event_seayouagain,None,200,sprite_btn_event_seayouagain,False,False,200569,False,,None,0,0,None,,0,None,,0,None,
186,0,10005,,,Npc,7003012,0,sprite_event_seayouagain,None,200,sprite_btn_event_seayouagain,False,False,200570,False,,None,0,0,None,,0,None,,0,None,
187,0,10005,,,Npc,7003013,0,sprite_event_seayouagain,None,200,sprite_btn_event_seayouagain,False,False,200571,False,,None,0,0,None,,0,None,,0,None,
188,0,10005,,,Npc,7003014,0,sprite_event_seayouagain,None,200,sprite_btn_event_seayouagain,False,False,200572,False,,None,0,0,None,,0,None,,0,None,
189,0,10005,,,Npc,7003015,0,sprite_event_seayouagain,None,200,sprite_btn_event_seayouagain,False,False,200573,False,,None,0,0,None,,0,None,,0,None,
190,0,10005,,,Npc,7003016,0,sprite_event_seayouagain,None,200,sprite_btn_event_seayouagain,False,False,200574,False,,None,0,0,None,,0,None,,0,None,
191,0,10005,,,Npc,7003017,0,sprite_event_seayouagain,None,200,sprite_btn_event_seayouagain,False,False,200575,False,,None,0,0,None,,0,None,,0,None,
192,0,10005,,,Npc,7003018,0,sprite_event_seayouagain,None,200,sprite_btn_event_seayouagain,False,False,200576,False,,None,0,0,None,,0,None,,0,None,
193,0,10005,,,Character,353,0,sprite_event_seayouagain,None,200,sprite_btn_event_seayouagain,False,False,200577,True,event_seayouagain_balloon_72,Random,4,0,None,,0,None,,0,None,
194,0,10005,,,Character,15,0,sprite_event_seayouagain,None,200,sprite_btn_event_seayouagain,False,False,200578,True,event_seayouagain_balloon_73,Random,4,0,None,,0,None,,0,None,
195,0,10005,,,Character,10,2,sprite_event_seayouagain,None,200,sprite_btn_event_seayouagain,False,False,200579,True,event_seayouagain_balloon_74,Random,4,0,None,,0,None,,0,None,
196,0,10005,,,Character,14,0,sprite_event_seayouagain,None,200,sprite_btn_event_seayouagain,False,False,200580,True,event_seayouagain_balloon_75,Random,4,0,None,,0,None,,0,None,
197,0,10005,,,Character,132,0,sprite_event_seayouagain,None,200,sprite_btn_event_seayouagain,False,False,200581,True,event_seayouagain_balloon_76,Random,4,0,None,,0,None,,0,None,
198,0,10005,,,Character,131,1,sprite_event_seayouagain,None,200,sprite_btn_event_seayouagain,False,False,200582,True,event_seayouagain_balloon_77,Random,4,0,None,,0,None,,0,None,
199,0,10005,,,Character,201,1,sprite_event_seayouagain,None,200,sprite_btn_event_seayouagain,False,False,200583,True,event_seayouagain_balloon_78,Random,4,0,None,,0,None,,0,None,
200,0,10005,,,Character,142,1,sprite_event_seayouagain,None,200,sprite_btn_event_seayouagain,False,False,200584,True,event_seayouagain_balloon_79,Random,4,0,None,,0,None,,0,None,
201,0,10005,,,Character,82,1,sprite_event_seayouagain,None,200,sprite_btn_event_seayouagain,False,False,200585,True,event_seayouagain_balloon_80,Random,4,0,None,,0,None,,0,None,
202,0,10005,,,Character,350,1,sprite_event_seayouagain,None,200,sprite_btn_event_seayouagain,False,False,200586,True,event_seayouagain_balloon_81,Random,4,0,None,,0,None,,0,None,
203,0,10005,,,Character,351,0,sprite_event_seayouagain,None,200,sprite_btn_event_seayouagain,False,False,200587,True,event_seayouagain_balloon_82,Random,4,0,None,,0,None,,0,None,
204,0,10005,,,Character,353,0,sprite_event_seayouagain,None,200,sprite_btn_event_seayouagain,False,False,200588,True,event_seayouagain_balloon_83,Random,4,0,None,,0,None,,0,None,
205,0,10005,,,Character,15,0,sprite_event_seayouagain,None,200,sprite_btn_event_seayouagain,False,False,200589,True,event_seayouagain_balloon_84,Random,4,0,None,,0,None,,0,None,
206,0,10005,,,Character,10,2,sprite_event_seayouagain,None,200,sprite_btn_event_seayouagain,False,False,200590,True,event_seayouagain_balloon_85,Random,4,0,None,,0,None,,0,None,
207,0,10005,,,Character,14,0,sprite_event_seayouagain,None,200,sprite_btn_event_seayouagain,False,False,200591,True,event_seayouagain_balloon_86,Random,4,0,None,,0,None,,0,None,
208,0,10005,,,Character,132,0,sprite_event_seayouagain,None,200,sprite_btn_event_seayouagain,False,False,200592,True,event_seayouagain_balloon_87,Random,4,0,None,,0,None,,0,None,
209,0,10005,,,Character,131,1,sprite_event_seayouagain,None,200,sprite_btn_event_seayouagain,False,False,200593,True,event_seayouagain_balloon_88,Random,4,0,None,,0,None,,0,None,
210,0,10005,,,Character,201,1,sprite_event_seayouagain,None,200,sprite_btn_event_seayouagain,False,False,200594,True,event_seayouagain_balloon_89,Random,4,0,None,,0,None,,0,None,
211,0,10005,,,Character,142,1,sprite_event_seayouagain,None,200,sprite_btn_event_seayouagain,False,False,200595,True,event_seayouagain_balloon_90,Random,4,0,None,,0,None,,0,None,
212,0,10005,,,Character,82,1,sprite_event_seayouagain,None,200,sprite_btn_event_seayouagain,False,False,200596,True,event_seayouagain_balloon_91,Random,4,0,None,,0,None,,0,None,
213,0,10005,,,Character,350,1,sprite_event_seayouagain,None,200,sprite_btn_event_seayouagain,False,False,200597,True,event_seayouagain_balloon_92,Random,4,0,None,,0,None,,0,None,
214,0,10005,,,Npc,7003017,0,sprite_event_seayouagain,None,200,sprite_btn_event_seayouagain,False,False,200598,True,event_seayouagain_balloon_93,Random,4,0,None,,0,None,,0,None,
215,0,10005,,,Npc,7003019,0,sprite_event_seayouagain,None,200,sprite_btn_event_seayouagain,False,False,2005001,False,,None,0,0,None,,0,None,,0,None,
216,0,10005,,,Npc,7003019,0,sprite_event_seayouagain,None,200,sprite_btn_event_seayouagain,False,False,2005002,False,,None,0,0,None,,0,None,,0,None,
217,0,10005,,,Npc,7003019,0,sprite_event_seayouagain,None,200,sprite_btn_event_seayouagain,False,False,2005003,False,,None,0,0,None,,0,None,,0,None,
218,0,10005,,,Npc,7003019,0,sprite_event_seayouagain,None,200,sprite_btn_event_seayouagain,False,False,2005004,False,,None,0,0,None,,0,None,,0,None,
219,0,10005,,,Npc,7003019,0,sprite_event_seayouagain,None,200,sprite_btn_event_seayouagain,False,False,2005005,False,,None,0,0,None,,0,None,,0,None,
220,0,10005,,,Npc,7003019,0,sprite_event_seayouagain,None,200,sprite_btn_event_seayouagain,False,False,2005006,False,,None,0,0,None,,0,None,,0,None,
221,0,10005,,,Npc,7003019,0,sprite_event_seayouagain,None,200,sprite_btn_event_seayouagain,False,False,2005007,False,,None,0,0,None,,0,None,,0,None,
222,0,10005,,,Npc,7003019,0,sprite_event_seayouagain,None,200,sprite_btn_event_seayouagain,False,False,2005008,False,,None,0,0,None,,0,None,,0,None,
223,0,10005,,,Npc,7003019,0,sprite_event_seayouagain,None,200,sprite_btn_event_seayouagain,False,False,2005009,False,,None,0,0,None,,0,None,,0,None,
224,0,10005,,,Npc,7003019,0,sprite_event_seayouagain,None,200,sprite_btn_event_seayouagain,False,False,2005010,False,,None,0,0,None,,0,None,,0,None,
225,0,10005,,,Npc,7003019,0,sprite_event_seayouagain,None,200,sprite_btn_event_seayouagain,False,False,2005011,False,,None,0,0,None,,0,None,,0,None,
226,0,10005,,,Npc,7003019,0,sprite_event_seayouagain,None,200,sprite_btn_event_seayouagain,False,False,2005012,False,,None,0,0,None,,0,None,,0,None,
227,0,10005,,,Npc,7003019,0,sprite_event_seayouagain,None,200,sprite_btn_event_seayouagain,False,False,2005013,False,,None,0,0,None,,0,None,,0,None,
228,0,10005,,,Npc,7003019,0,sprite_event_seayouagain,None,200,sprite_btn_event_seayouagain,False,False,2005014,False,,None,0,0,None,,0,None,,0,None,
229,0,10005,,,Npc,7003019,0,sprite_event_seayouagain,None,200,sprite_btn_event_seayouagain,False,False,2005015,False,,None,0,0,None,,0,None,,0,None,
230,0,10005,,,Npc,7003019,0,sprite_event_seayouagain,None,200,sprite_btn_event_seayouagain,False,False,2005016,False,,None,0,0,None,,0,None,,0,None,
231,0,10005,,,Npc,7003004,0,sprite_event_seayouagain,None,200,sprite_btn_event_seayouagain,False,False,2005017,False,,None,0,0,None,,0,None,,0,None,
232,0,10005,,,Npc,7003005,0,sprite_event_seayouagain,None,200,sprite_btn_event_seayouagain,False,False,2005018,False,,None,0,0,None,,0,None,,0,None,
233,0,10005,,,Npc,7003006,0,sprite_event_seayouagain,None,200,sprite_btn_event_seayouagain,False,False,2005019,False,,None,0,0,None,,0,None,,0,None,
234,0,10005,,,Npc,7003005,0,sprite_event_seayouagain,None,200,sprite_btn_event_seayouagain,False,False,2005020,False,,None,0,0,None,,0,None,,0,None,
725,1,10010,Locale_Character:npc_9999999_name_22,Locale_Event:event_contents_storydungeon_before,Npc,9999999,0,sprite_event_lastkingdom_npc_tag,None,300,sprite_btn_event_lastkingdom,False,False,0,False,,None,0,40045,None,,0,None,,0,None,
726,0,10010,Locale_Character:npc_9999999_name_23,,Npc,9999999,0,sprite_event_lastkingdom_npc_tag,None,300,sprite_btn_event_lastkingdom,False,False,2010001,False,,None,0,0,None,,0,None,,0,None,
727,2,10010,Locale_Character:npc_9999999_name_23,Locale_Event:event_contents_storydungeon_after,Npc,9999999,0,sprite_event_lastkingdom_npc_tag,None,300,sprite_btn_event_lastkingdom,False,False,2010002,False,,None,0,40046,None,,0,None,,0,None,
728,3,10010,Locale_Character:npc_9999999_name_24,Locale_Event:event_contents_challenge,Npc,7001007,0,sprite_event_lastkingdom_npc_tag,None,400,sprite_btn_event_lastkingdom,False,True,0,False,,None,0,60045,None,,0,None,,0,None,
729,0,10010,Locale_Character:npc_9999999_name_25,,Npc,9999999,0,sprite_event_lastkingdom_npc_tag,None,300,sprite_btn_event_lastkingdom,False,False,2010003,False,,None,0,0,None,,0,None,,0,None,
730,4,10010,Locale_Character:npc_9999999_name_25,Locale_Event:event_contents_minigame,Npc,9999999,0,sprite_event_lastkingdom_npc_tag,None,300,sprite_btn_event_lastkingdom,False,False,0,False,,None,0,1003,Arcade,,0,None,,0,None,
731,5,10010,Locale_Character:npc_9999999_name_26,Locale_Event:event_contents_login,Npc,9999999,0,sprite_event_lastkingdom_npc_tag,None,300,sprite_btn_event_lastkingdom,True,True,0,False,,None,0,81203,None,,0,None,,0,None,
732,6,10010,Locale_Character:npc_9999999_name_27,Locale_Event:event_contents_shop,Npc,9999999,0,sprite_event_lastkingdom_npc_tag,None,300,sprite_btn_event_lastkingdom,True,True,0,False,,None,0,81202,None,,0,None,,0,None,
733,0,10010,,,Npc,7006001,0,sprite_event_lastkingdom_npc_tag,None,200,,False,False,2010005,True,event_lastkingdom_balloon_01,None,5,0,None,,0,None,,0,None,
734,0,10010,,,Character,361,0,sprite_event_lastkingdom_npc_tag,None,200,,False,False,2010006,True,event_lastkingdom_balloon_02,None,5,0,None,,0,None,,0,None,
735,0,10010,,,Npc,7006001,0,sprite_event_lastkingdom_npc_tag,None,200,,False,False,2010007,True,event_lastkingdom_balloon_03,None,5,0,None,,0,None,,0,None,
736,0,10010,,,Character,260,2,sprite_event_lastkingdom_npc_tag,None,200,,False,False,2010008,True,event_lastkingdom_balloon_04,None,5,0,None,,0,None,,0,None,
737,0,10010,,,Character,361,0,sprite_event_lastkingdom_npc_tag,None,200,,False,False,2010009,True,event_lastkingdom_balloon_05,None,5,0,None,,0,None,,0,None,
738,0,10010,,,Npc,7006001,0,sprite_event_lastkingdom_npc_tag,None,200,,False,False,2010010,True,event_lastkingdom_balloon_06,None,5,0,None,,0,None,,0,None,
739,0,10010,,,Character,260,2,sprite_event_lastkingdom_npc_tag,None,200,,False,False,2010011,True,event_lastkingdom_balloon_07,None,5,0,None,,0,None,,0,None,
740,0,10010,,,Character,361,0,sprite_event_lastkingdom_npc_tag,None,200,,False,False,2010012,True,event_lastkingdom_balloon_08,None,5,0,None,,0,None,,0,None,
741,0,10010,,,Npc,7006001,0,sprite_event_lastkingdom_npc_tag,None,200,,False,False,2010013,True,event_lastkingdom_balloon_09,None,5,0,None,,0,None,,0,None,
742,0,10010,,,Character,260,2,sprite_event_lastkingdom_npc_tag,None,200,,False,False,2010014,True,event_lastkingdom_balloon_10,None,5,0,None,,0,None,,0,None,
743,0,10010,,,Character,361,0,sprite_event_lastkingdom_npc_tag,None,200,,False,False,2010015,True,event_lastkingdom_balloon_11,None,5,0,None,,0,None,,0,None,
744,0,10010,,,Npc,7006001,0,sprite_event_lastkingdom_npc_tag,None,200,,False,False,2010016,True,event_lastkingdom_balloon_12,None,5,0,None,,0,None,,0,None,
745,0,10010,,,Character,260,2,sprite_event_lastkingdom_npc_tag,None,200,,False,False,2010017,True,event_lastkingdom_balloon_13,None,5,0,None,,0,None,,0,None,
746,0,10010,,,Character,361,0,sprite_event_lastkingdom_npc_tag,None,200,,False,False,2010018,True,event_lastkingdom_balloon_14,None,5,0,None,,0,None,,0,None,
747,0,10010,,,Character,260,2,sprite_event_lastkingdom_npc_tag,None,200,,False,False,2010019,True,event_lastkingdom_balloon_15,None,5,0,None,,0,None,,0,None,
748,0,10010,,,Character,361,0,sprite_event_lastkingdom_npc_tag,None,200,,False,False,2010020,True,event_lastkingdom_balloon_16,None,5,0,None,,0,None,,0,None,
749,0,10010,,,Character,260,2,sprite_event_lastkingdom_npc_tag,None,200,,False,False,2010021,True,event_lastkingdom_balloon_17,None,5,0,None,,0,None,,0,None,
750,0,10010,,,Character,361,0,sprite_event_lastkingdom_npc_tag,None,200,,False,False,2010022,True,event_lastkingdom_balloon_18,None,5,0,None,,0,None,,0,None,
751,0,10010,,,Character,222,0,sprite_event_lastkingdom_npc_tag,None,200,,False,False,2010023,True,event_lastkingdom_balloon_19,None,5,0,None,,0,None,,0,None,
752,0,10010,,,Character,220,0,sprite_event_lastkingdom_npc_tag,None,200,,False,False,2010024,True,event_lastkingdom_balloon_20,None,5,0,None,,0,None,,0,None,
753,0,10010,,,Character,221,0,sprite_event_lastkingdom_npc_tag,None,200,,False,False,2010025,True,event_lastkingdom_balloon_21,None,5,0,None,,0,None,,0,None,
754,0,10010,,,Character,221,0,sprite_event_lastkingdom_npc_tag,None,200,,False,False,2010026,True,event_lastkingdom_balloon_22,None,5,0,None,,0,None,,0,None,
755,0,10010,,,Npc,7006001,0,sprite_event_lastkingdom_npc_tag,None,200,,False,False,2010027,True,event_lastkingdom_balloon_23,None,5,0,None,,0,None,,0,None,
756,0,10010,,,Npc,7006001,0,sprite_event_lastkingdom_npc_tag,None,200,,False,False,2010028,True,event_lastkingdom_balloon_24,None,5,0,None,,0,None,,0,None,
757,0,10010,,,Character,260,2,sprite_event_lastkingdom_npc_tag,None,200,,False,False,2010029,True,event_lastkingdom_balloon_25,None,5,0,None,,0,None,,0,None,
758,0,10010,,,Character,361,0,sprite_event_lastkingdom_npc_tag,None,200,,False,False,2010030,True,event_lastkingdom_balloon_26,None,5,0,None,,0,None,,0,None,
759,0,10010,,,Character,222,0,sprite_event_lastkingdom_npc_tag,None,200,,False,False,2010031,True,event_lastkingdom_balloon_27,None,5,0,None,,0,None,,0,None,
760,0,10010,,,Character,220,0,sprite_event_lastkingdom_npc_tag,None,200,,False,False,2010032,True,event_lastkingdom_balloon_28,None,5,0,None,,0,None,,0,None,
761,0,10010,,,Character,221,0,sprite_event_lastkingdom_npc_tag,None,200,,False,False,2010033,True,event_lastkingdom_balloon_29,None,5,0,None,,0,None,,0,None,
762,0,10010,,,Npc,7006001,0,sprite_event_lastkingdom_npc_tag,None,200,,False,False,2010034,True,event_lastkingdom_balloon_30,None,5,0,None,,0,None,,0,None,
763,0,10010,,,Character,260,2,sprite_event_lastkingdom_npc_tag,None,200,,False,False,2010035,True,event_lastkingdom_balloon_31,None,5,0,None,,0,None,,0,None,
764,0,10010,,,Character,361,0,sprite_event_lastkingdom_npc_tag,None,200,,False,False,2010036,True,event_lastkingdom_balloon_32,None,5,0,None,,0,None,,0,None,
765,0,10010,,,Npc,7006001,0,sprite_event_lastkingdom_npc_tag,None,200,,False,False,2010037,True,event_lastkingdom_balloon_33,None,5,0,None,,0,None,,0,None,
439,1,10008,Locale_Character:npc_9999999_name_10,Locale_Event:event_contents_storydungeon_before,Npc,9999999,0,sprite_event_neverland_npc_tag,None,500,sprite_btn_event_neverland,False,False,0,False,,None,0,40034,None,,0,None,,0,None,
440,0,10008,Locale_Character:npc_9999999_name_11,,Npc,9999999,0,sprite_event_neverland_npc_tag,None,500,sprite_btn_event_neverland,False,False,2008001,False,,None,0,0,None,,0,None,,0,None,
441,2,10008,Locale_Character:npc_9999999_name_11,Locale_Event:event_contents_storydungeon_after,Npc,9999999,0,sprite_event_neverland_npc_tag,None,500,sprite_btn_event_neverland,False,False,2008002,False,,None,0,40035,None,,0,None,,0,None,
442,3,10008,Locale_Character:npc_9999999_name_12,Locale_Event:event_contents_challenge,Npc,7001007,0,sprite_event_neverland_npc_tag,None,500,sprite_btn_event_neverland,False,True,0,False,,None,0,60034,None,,0,None,,0,None,
443,0,10008,Locale_Character:npc_9999999_name_13,,Npc,9999999,0,sprite_event_neverland_npc_tag,None,500,sprite_btn_event_neverland,False,False,2008003,False,,None,0,0,None,,0,None,,0,None,
444,4,10008,Locale_Character:npc_9999999_name_13,Locale_Event:event_contents_minigame,Npc,9999999,0,sprite_event_neverland_npc_tag,None,500,sprite_btn_event_neverland,False,False,2008004,False,,None,0,80903,None,,0,None,,0,None,
445,5,10008,Locale_Character:npc_9999999_name_14,Locale_Event:event_contents_login,Npc,9999999,0,sprite_event_neverland_npc_tag,None,500,sprite_btn_event_neverland,True,True,0,False,,None,0,80901,None,,0,None,,0,None,
446,6,10008,Locale_Character:npc_9999999_name_15,Locale_Event:event_contents_shop,Npc,9999999,0,sprite_event_neverland_npc_tag,None,500,sprite_btn_event_neverland,True,True,0,False,,None,0,80902,None,,0,None,,0,None,
447,0,10008,,,Character,190,0,,None,200,,False,False,2008005,False,,None,0,0,None,,0,None,,0,None,
448,0,10008,,,Character,191,0,,None,200,,False,False,2008006,True,event_neverland_balloon_01,Random,5,0,None,,0,None,,0,None,
449,0,10008,,,Character,193,0,,None,200,,False,False,2008007,True,event_neverland_balloon_02,Random,5,0,None,,0,None,,0,None,
450,0,10008,,,Character,192,0,,None,200,,False,False,2008008,True,event_neverland_balloon_03,Random,5,0,None,,0,None,,0,None,
451,0,10008,,,Character,194,0,,None,200,,False,False,2008009,True,event_neverland_balloon_04,Random,5,0,None,,0,None,,0,None,
452,0,10008,,,Character,61,0,,None,200,,False,False,2008010,True,event_neverland_balloon_05,Random,5,0,None,,0,None,,0,None,
453,0,10008,,,Character,60,0,,None,200,,False,False,2008011,True,event_neverland_balloon_06,Random,5,0,None,,0,None,,0,None,
454,0,10008,,,Character,271,0,,None,200,,False,False,2008012,True,event_neverland_balloon_07,Random,5,0,None,,0,None,,0,None,
455,0,10008,,,Character,270,0,,None,200,,False,False,2008013,True,event_neverland_balloon_08,Random,5,0,None,,0,None,,0,None,
456,0,10008,,,Character,90,0,,None,200,,False,False,2008014,True,event_neverland_balloon_09,Random,5,0,None,,0,None,,0,None,
457,0,10008,,,Character,92,0,,None,200,,False,False,2008015,True,event_neverland_balloon_10,Random,5,0,None,,0,None,,0,None,
458,0,10008,,,Character,91,0,,None,200,,False,False,2008016,True,event_neverland_balloon_11,Random,5,0,None,,0,None,,0,None,
459,0,10008,,,Character,22,0,,None,200,,False,False,2008017,True,event_neverland_balloon_12,Random,5,0,None,,0,None,,0,None,
460,0,10008,,,Character,20,0,,None,200,,False,False,2008018,True,event_neverland_balloon_13,Random,5,0,None,,0,None,,0,None,
461,0,10008,,,Npc,7004002,0,,None,200,,False,False,2008019,True,event_neverland_balloon_14,Random,5,0,None,,0,None,,0,None,
462,0,10008,,,Character,62,0,,None,200,,False,False,2008020,True,event_neverland_balloon_15,Random,5,0,None,,0,None,,0,None,
463,0,10008,,,Character,60,0,,None,200,,False,False,2008021,True,event_neverland_balloon_16,Random,5,0,None,,0,None,,0,None,
464,0,10008,,,Npc,7004006,0,,None,200,,False,False,2008022,True,event_neverland_balloon_17,Random,5,0,None,,0,None,,0,None,
465,0,10008,,,Npc,7004005,0,,None,200,,False,False,2008023,True,event_neverland_balloon_18,Random,5,0,None,,0,None,,0,None,
466,0,10008,,,Npc,7004007,0,,None,200,,False,False,2008024,True,event_neverland_balloon_19,Random,5,0,None,,0,None,,0,None,
467,0,10008,,,Character,92,0,,None,200,,False,False,2008025,True,event_neverland_balloon_20,Random,5,0,None,,0,None,,0,None,
468,0,10008,,,Npc,7004009,0,,None,200,,False,False,2008026,True,event_neverland_balloon_21,Random,5,0,None,,0,None,,0,None,
469,0,10008,,,Character,22,0,,None,200,,False,False,2008027,True,event_neverland_balloon_22,Random,5,0,None,,0,None,,0,None,
470,0,10008,,,Npc,7004010,0,,None,200,,False,False,2008028,True,event_neverland_balloon_23,Random,5,0,None,,0,None,,0,None,
471,0,10008,,,Character,62,0,,None,200,,False,False,2008029,True,event_neverland_balloon_24,Random,5,0,None,,0,None,,0,None,
472,0,10008,,,Character,60,0,,None,200,,False,False,2008030,True,event_neverland_balloon_25,Random,5,0,None,,0,None,,0,None,
473,0,10008,,,Character,194,0,,None,200,,False,False,2008031,True,event_neverland_balloon_26,Random,5,0,None,,0,None,,0,None,
474,0,10008,,,Character,62,0,,None,200,,False,False,2008032,True,event_neverland_balloon_27,Random,5,0,None,,0,None,,0,None,
475,0,10008,,,Character,60,0,,None,200,,False,False,2008033,True,event_neverland_balloon_28,Random,5,0,None,,0,None,,0,None,
476,0,10008,,,Character,271,1,,None,200,,False,False,2008034,True,event_neverland_balloon_29,Random,5,0,None,,0,None,,0,None,
477,0,10008,,,Character,270,1,,None,200,,False,False,2008035,True,event_neverland_balloon_30,Random,5,0,None,,0,None,,0,None,
478,0,10008,,,Character,90,0,,None,200,,False,False,2008036,True,event_neverland_balloon_31,Random,5,0,None,,0,None,,0,None,
479,0,10008,,,Character,92,0,,None,200,,False,False,2008037,True,event_neverland_balloon_32,Random,5,0,None,,0,None,,0,None,
480,0,10008,,,Character,91,0,,None,200,,False,False,2008038,True,event_neverland_balloon_33,Random,5,0,None,,0,None,,0,None,
481,0,10008,,,Character,22,0,,None,200,,False,False,2008039,True,event_neverland_balloon_34,Random,5,0,None,,0,None,,0,None,
482,0,10008,,,Character,20,0,,None,200,,False,False,2008040,True,event_neverland_balloon_35,Random,5,0,None,,0,None,,0,None,
483,0,10008,,,Character,194,0,,None,200,,False,False,2008041,True,event_neverland_balloon_36,Random,5,0,None,,0,None,,0,None,
484,0,10008,,,Character,62,0,,None,200,,False,False,2008042,True,event_neverland_balloon_37,Random,5,0,None,,0,None,,0,None,
485,0,10008,,,Character,60,0,,None,200,,False,False,2008043,True,event_neverland_balloon_38,Random,5,0,None,,0,None,,0,None,
486,0,10008,,,Character,271,1,,None,200,,False,False,2008044,True,event_neverland_balloon_39,Random,5,0,None,,0,None,,0,None,
487,0,10008,,,Character,270,1,,None,200,,False,False,2008045,True,event_neverland_balloon_40,Random,5,0,None,,0,None,,0,None,
488,0,10008,,,Character,90,0,,None,200,,False,False,2008046,True,event_neverland_balloon_41,Random,5,0,None,,0,None,,0,None,
489,0,10008,,,Character,92,0,,None,200,,False,False,2008047,True,event_neverland_balloon_42,Random,5,0,None,,0,None,,0,None,
490,0,10008,,,Character,91,0,,None,200,,False,False,2008048,True,event_neverland_balloon_43,Random,5,0,None,,0,None,,0,None,
491,0,10008,,,Character,22,0,,None,200,,False,False,2008049,True,event_neverland_balloon_44,Random,5,0,None,,0,None,,0,None,
492,0,10008,,,Character,20,0,,None,200,,False,False,2008050,True,event_neverland_balloon_45,Random,5,0,None,,0,None,,0,None,
493,0,10008,,,Character,194,0,,None,200,,False,False,2008051,True,event_neverland_balloon_46,Random,5,0,None,,0,None,,0,None,
494,0,10008,,,Character,62,0,,None,200,,False,False,2008052,True,event_neverland_balloon_47,Random,5,0,None,,0,None,,0,None,
495,0,10008,,,Character,60,0,,None,200,,False,False,2008053,True,event_neverland_balloon_48,Random,5,0,None,,0,None,,0,None,
496,0,10008,,,Npc,7004006,0,,None,200,,False,False,2008054,True,event_neverland_balloon_49,Random,5,0,None,,0,None,,0,None,
497,0,10008,,,Npc,7004005,0,,None,200,,False,False,2008055,True,event_neverland_balloon_50,Random,5,0,None,,0,None,,0,None,
498,0,10008,,,Character,90,0,,None,200,,False,False,2008056,True,event_neverland_balloon_51,Random,5,0,None,,0,None,,0,None,
499,0,10008,,,Character,92,0,,None,200,,False,False,2008057,True,event_neverland_balloon_52,Random,5,0,None,,0,None,,0,None,
500,0,10008,,,Character,91,0,,None,200,,False,False,2008058,True,event_neverland_balloon_53,Random,5,0,None,,0,None,,0,None,
501,0,10008,,,Character,22,0,,None,200,,False,False,2008059,True,event_neverland_balloon_54,Random,5,0,None,,0,None,,0,None,
502,0,10008,,,Character,20,0,,None,200,,False,False,2008060,True,event_neverland_balloon_55,Random,5,0,None,,0,None,,0,None,
503,0,10008,,,Character,194,0,,None,200,,False,False,2008061,True,event_neverland_balloon_56,Random,5,0,None,,0,None,,0,None,
504,0,10008,,,Character,62,0,,None,200,,False,False,2008062,True,event_neverland_balloon_57,Random,5,0,None,,0,None,,0,None,
505,0,10008,,,Character,271,1,,None,200,,False,False,2008063,True,event_neverland_balloon_58,Random,5,0,None,,0,None,,0,None,
506,0,10008,,,Character,270,1,,None,200,,False,False,2008064,True,event_neverland_balloon_59,Random,5,0,None,,0,None,,0,None,
507,0,10008,,,Character,90,0,,None,200,,False,False,2008065,True,event_neverland_balloon_60,Random,5,0,None,,0,None,,0,None,
508,0,10008,,,Character,92,0,,None,200,,False,False,2008066,True,event_neverland_balloon_61,Random,5,0,None,,0,None,,0,None,
509,0,10008,,,Character,91,0,,None,200,,False,False,2008067,True,event_neverland_balloon_62,Random,5,0,None,,0,None,,0,None,
510,0,10008,,,Character,22,0,,None,200,,False,False,2008068,True,event_neverland_balloon_63,Random,5,0,None,,0,None,,0,None,
511,0,10008,,,Character,20,0,,None,200,,False,False,2008069,True,event_neverland_balloon_64,Random,5,0,None,,0,None,,0,None,
512,0,10008,,,Character,22,0,,None,200,,False,False,2008070,True,event_neverland_balloon_65,Random,5,0,None,,0,None,,0,None,
513,0,10008,,,Character,22,0,,None,200,,False,False,2008071,True,event_neverland_balloon_66,Random,5,0,None,,0,None,,0,None,
514,0,10008,,,Character,22,0,,None,200,,False,False,2008072,True,event_neverland_balloon_67,Random,5,0,None,,0,None,,0,None,
548,0,10008,,,Npc,7004015,0,,None,200,,False,False,2008106,False,,None,0,0,None,,0,None,,0,None,
549,0,10008,,,Npc,7004016,0,,None,200,,False,False,2008107,False,,None,0,0,None,,0,None,,0,None,
550,0,10008,,,Npc,7004017,0,,None,200,,False,False,2008108,False,,None,0,0,None,,0,None,,0,None,
551,0,10008,,,Npc,7004019,0,,None,200,,False,False,2008109,False,,None,0,0,None,,0,None,,0,None,
552,0,10008,,,Npc,7004018,0,,None,200,,False,False,2008110,False,,None,0,0,None,,0,None,,0,None,
553,0,10008,,,Npc,7004020,0,,None,200,,False,False,2008111,False,,None,0,0,None,,0,None,,0,None,
554,0,10008,,,Npc,7004021,0,,None,200,,False,False,2008112,False,,None,0,0,None,,0,None,,0,None,
555,0,10008,,,Npc,7004022,0,,None,200,,False,False,2008113,False,,None,0,0,None,,0,None,,0,None,
556,0,10008,,,Npc,7004011,0,,None,200,,False,False,2008114,False,,None,0,0,None,,0,None,,0,None,
557,0,10008,,,Npc,7004010,0,,None,200,,False,False,2008115,False,,None,0,0,None,,0,None,,0,None,
558,0,10008,,,Npc,7004012,0,,None,200,,False,False,2008116,True,event_neverland_balloon_100,Random,5,0,None,,0,None,,0,None,
559,0,10008,,,Npc,7004013,0,,None,200,,False,False,2008117,True,event_neverland_balloon_101,Random,5,0,None,,0,None,,0,None,
560,0,10008,,,Npc,7004014,0,,None,200,,False,False,2008118,True,event_neverland_balloon_102,Random,5,0,None,,0,None,,0,None,
566,0,10008,,,Npc,7004023,0,,None,200,,False,False,2008124,False,,None,0,0,None,,0,None,,0,None,
887,1,10013,Locale_Character:npc_9999999_name_36,Locale_Event:event_contents_storydungeon_before,Npc,9999999,0,sprite_event_ce004_npc_tag,None,200,sprite_btn_event_ce004,False,False,0,False,,None,0,40055,None,,0,None,,0,None,
888,0,10013,,,Npc,9999999,0,empty,None,200,sprite_btn_event_ce004,False,False,2013001,False,,None,0,0,None,,0,None,,0,None,
889,2,10013,Locale_Character:npc_9999999_name_37,Locale_Event:event_contents_storydungeon_after,Npc,9999999,0,sprite_event_ce004_npc_tag,None,200,sprite_btn_event_ce004,False,False,2013002,False,,None,0,40056,None,,0,None,,0,None,
890,0,10013,,,Npc,9999999,0,empty,None,200,sprite_btn_event_ce004,False,False,2013003,False,,None,0,0,None,,0,None,,0,None,
891,3,10013,Locale_Character:npc_9999999_name_38,Locale_Event:event_contents_storydungeon_story_03,Npc,9999999,0,sprite_event_ce004_npc_tag,None,200,sprite_btn_event_ce004,False,False,2013004,False,,None,0,40057,None,,0,None,,0,None,
892,4,10013,Locale_Character:npc_9999999_name_43,Locale_Event:event_contents_challenge,Npc,7001007,0,sprite_event_ce004_npc_tag,None,200,sprite_btn_event_ce004,False,True,0,False,,None,0,60055,None,,0,None,,0,None,
893,0,10013,Locale_Character:npc_9999999_name_40,,Npc,9999999,0,empty,None,200,sprite_btn_event_ce004,False,False,2013005,False,,None,0,0,None,,0,None,,0,None,
894,7,10013,Locale_Character:npc_9999999_name_40,Locale_Event:event_contents_minigame,Npc,9999999,0,sprite_event_ce004_npc_tag,None,200,sprite_btn_event_ce004,False,False,2013006,False,,None,0,81501,None,,0,None,,0,None,
895,5,10013,Locale_Character:npc_9999999_name_41,Locale_Event:event_contents_login,Npc,9999999,0,sprite_event_ce004_npc_tag,None,200,sprite_btn_event_ce004,True,True,0,False,,None,0,81503,None,,0,None,,0,None,
896,6,10013,Locale_Character:npc_9999999_name_39,Locale_Event:event_contents_shop,Npc,9999999,0,sprite_event_ce004_npc_tag,None,200,sprite_btn_event_ce004,True,True,0,False,,None,0,81502,None,,0,None,,0,None,
897,8,10013,Locale_Character:npc_9999999_name_42,Locale_Event:cooperation_event_name,Npc,9999999,0,empty,None,200,,False,True,0,False,,None,0,0,None,,0,None,,0,None,
898,0,10013,Locale_Character:npc_9999999_name_44,,Npc,7009004,0,empty,None,200,,False,False,2013007,True,event_ce004_balloon_01,None,5,0,None,,0,None,,0,None,
899,0,10013,Locale_Character:npc_9999999_name_44,,Npc,7009005,0,empty,None,200,,False,False,2013008,True,event_ce004_balloon_02,None,5,0,None,,0,None,,0,None,
900,0,10013,Locale_Character:321_name,,Character,321,0,empty,None,200,,False,False,2013009,True,event_ce004_balloon_03,None,5,0,None,,0,None,,0,None,
901,0,10013,Locale_Character:npc_9999999_name_44,,Npc,7009006,0,empty,None,200,,False,False,2013010,False,,None,0,0,None,,0,None,,0,None,
902,0,10013,Locale_Character:391_name,,Npc,7009003,0,empty,None,200,,False,False,2013011,True,event_ce004_balloon_04,None,5,0,None,,0,None,,0,None,
903,0,10013,Locale_Character:npc_9999999_name_44,,Npc,7009005,0,empty,None,200,,False,False,2013012,True,event_ce004_balloon_05,None,5,0,None,,0,None,,0,None,
904,0,10013,Locale_Character:390_name,,Npc,7009002,0,empty,None,200,,False,False,2013013,True,event_ce004_balloon_06,None,5,0,None,,0,None,,0,None,
905,0,10013,Locale_Character:npc_9999999_name_44,,Npc,7009006,0,empty,None,200,,False,False,2013014,True,event_ce004_balloon_07,None,5,0,None,,0,None,,0,None,
906,0,10013,Locale_Character:321_name,,Character,321,0,empty,None,200,,False,False,2013015,True,,None,0,0,None,,0,None,,0,None,
907,0,10013,Locale_Character:392_name,,Npc,7009001,0,empty,None,200,,False,False,2013016,True,,None,0,0,None,,0,None,,0,None,
908,0,10013,Locale_Character:321_name,,Character,321,0,empty,None,200,,False,False,2013017,True,event_ce004_balloon_08,None,5,0,None,,0,None,,0,None,
909,0,10013,Locale_Character:392_name,,Npc,7009001,0,empty,None,200,,False,False,2013018,True,event_ce004_balloon_09,None,5,0,None,,0,None,,0,None,
910,0,10013,Locale_Character:391_name,,Npc,7009003,0,empty,None,200,,False,False,2013019,True,event_ce004_balloon_10,None,5,0,None,,0,None,,0,None,
911,0,10013,Locale_Character:390_name,,Npc,7009002,0,empty,None,200,,False,False,2013020,True,event_ce004_balloon_11,None,5,0,None,,0,None,,0,None,
912,0,10013,Locale_Character:npc_9999999_name_45,,Npc,7009009,0,empty,None,200,,False,False,2013021,True,event_ce004_balloon_12,None,5,0,None,,0,None,,0,None,
913,0,10013,Locale_Character:npc_9999999_name_45,,Npc,7009008,0,empty,None,200,,False,False,2013022,True,event_ce004_balloon_13,None,5,0,None,,0,None,,0,None,
914,0,10013,Locale_Character:830_name,,Character,830,1,empty,None,200,,False,False,2013023,False,,None,0,0,None,,0,None,,0,None,
915,0,10013,Locale_Character:831_name,,Character,831,1,empty,None,200,,False,False,2013024,False,,None,0,0,None,,0,None,,0,None,
916,0,10013,Locale_Character:832_name,,Character,832,1,empty,None,200,,False,False,2013025,False,,None,0,0,None,,0,None,,0,None,
917,0,10013,Locale_Character:833_name,,Character,833,0,empty,None,200,,False,False,2013026,False,,None,0,0,None,,0,None,,0,None,
918,0,10013,Locale_Character:291_name,,Character,291,0,empty,None,200,,False,False,2013027,False,,None,0,0,None,,0,None,,0,None,
919,0,10013,Locale_Character:npc_9999999_name_44,,Npc,7009004,0,empty,None,200,,False,False,2013028,False,,None,0,0,None,,0,None,,0,None,
920,0,10013,Locale_Character:npc_9999999_name_45,,Npc,7009009,0,empty,None,200,,False,False,2013029,True,event_ce004_balloon_14,None,5,0,None,,0,None,,0,None,
921,0,10013,Locale_Character:npc_9999999_name_45,,Npc,9999999,0,empty,None,200,,False,False,2013030,True,event_ce004_balloon_15,None,5,0,None,,0,None,,0,None,
922,0,10013,Locale_Character:291_name,,Character,291,0,empty,None,200,,False,False,2013031,True,event_ce004_balloon_16,None,5,0,None,,0,None,,0,None,
923,0,10013,Locale_Character:833_name,,Character,833,0,empty,None,200,,False,False,2013032,False,,None,0,0,None,,0,None,,0,None,
924,0,10013,Locale_Character:392_name,,Npc,7009001,0,empty,None,200,,False,False,2013033,True,event_ce004_balloon_17,None,5,0,None,,0,None,,0,None,
925,0,10013,Locale_Character:391_name,,Npc,7009003,0,empty,None,200,,False,False,2013034,True,event_ce004_balloon_18,None,5,0,None,,0,None,,0,None,
926,0,10013,Locale_Character:390_name,,Npc,7009002,0,empty,None,200,,False,False,2013035,True,event_ce004_balloon_19,None,5,0,None,,0,None,,0,None,
927,0,10013,Locale_Character:npc_9999999_name_45,,Npc,9999999,0,empty,None,200,,False,False,2013036,True,event_ce004_balloon_20,None,5,0,None,,0,None,,0,None,
928,0,10013,Locale_Character:npc_9999999_name_45,,Npc,9999999,0,empty,None,200,,False,False,2013037,True,event_ce004_balloon_21,None,5,0,None,,0,None,,0,None,
929,0,10013,Locale_Character:830_name,,Character,830,0,empty,None,200,,False,False,2013038,False,,None,0,0,None,,0,None,,0,None,
930,0,10013,Locale_Character:831_name,,Character,831,1,empty,None,200,,False,False,2013039,False,,None,0,0,None,,0,None,,0,None,
931,0,10013,Locale_Character:832_name,,Character,832,1,empty,None,200,,False,False,2013040,False,,None,0,0,None,,0,None,,0,None,
932,0,10013,Locale_Character:833_name,,Character,833,0,empty,None,200,,False,False,2013041,False,,None,0,0,None,,0,None,,0,None,
933,0,10013,Locale_Character:npc_9999999_name_45,,Npc,7009009,0,empty,None,200,,False,False,2013042,True,event_ce004_balloon_22,None,5,0,None,,0,None,,0,None,
934,0,10013,Locale_Character:npc_9999999_name_45,,Npc,9999999,0,empty,None,200,,False,False,2013043,True,event_ce004_balloon_23,None,5,0,None,,0,None,,0,None,
935,0,10013,Locale_Character:833_name,,Character,833,0,empty,None,200,,False,False,2013044,False,,None,0,0,None,,0,None,,0,None,
936,0,10013,Locale_Character:291_name,,Character,291,0,empty,None,200,,False,False,2013045,False,,None,0,0,None,,0,None,,0,None,
937,0,10013,Locale_Character:npc_9999999_name_44,,Npc,7009004,0,empty,None,200,,False,False,2013046,True,event_ce004_balloon_24,None,5,0,None,,0,None,,0,None,
938,0,10013,Locale_Character:npc_9999999_name_44,,Npc,7009005,0,empty,None,200,,False,False,2013047,True,event_ce004_balloon_25,None,5,0,None,,0,None,,0,None,
939,0,10013,Locale_Character:npc_9999999_name_45,,Npc,9999999,0,empty,None,200,,False,False,2013048,True,event_ce004_balloon_26,None,5,0,None,,0,None,,0,None,
940,0,10013,Locale_Character:npc_9999999_name_45,,Npc,9999999,0,empty,None,200,,False,False,2013049,True,event_ce004_balloon_27,None,5,0,None,,0,None,,0,None,
941,0,10013,Locale_Character:833_name,,Character,833,0,empty,None,200,,False,False,2013050,False,,None,0,0,None,,0,None,,0,None,
942,0,10013,Locale_Character:291_name,,Character,291,0,empty,None,200,,False,False,2013051,False,,None,0,0,None,,0,None,,0,None,
943,0,10013,Locale_Character:npc_9999999_name_44,,Npc,7009006,0,empty,None,200,,False,False,2013052,False,,None,0,0,None,,0,None,,0,None,
944,0,10013,Locale_Character:392_name,,Npc,7009001,0,empty,None,200,,False,False,2013053,True,event_ce004_balloon_28,None,5,0,None,,0,None,,0,None,
945,0,10013,Locale_Character:391_name,,Npc,7009003,0,empty,None,200,,False,False,2013054,True,event_ce004_balloon_29,None,5,0,None,,0,None,,0,None,
946,0,10013,Locale_Character:390_name,,Npc,7009002,0,empty,None,200,,False,False,2013055,True,event_ce004_balloon_30,None,5,0,None,,0,None,,0,None,
947,0,10013,Locale_Character:npc_9999999_name_45,,Npc,9999999,0,empty,None,200,,False,False,2013056,True,event_ce004_balloon_31,None,5,0,None,,0,None,,0,None,
948,0,10013,Locale_Character:npc_9999999_name_45,,Npc,9999999,0,empty,None,200,,False,False,2013057,True,event_ce004_balloon_32,None,5,0,None,,0,None,,0,None,
949,0,10013,Locale_Character:830_name,,Character,830,0,empty,None,200,,False,False,2013058,False,,None,0,0,None,,0,None,,0,None,
950,0,10013,Locale_Character:831_name,,Character,831,0,empty,None,200,,False,False,2013059,False,,None,0,0,None,,0,None,,0,None,
951,0,10013,Locale_Character:832_name,,Character,832,0,empty,None,200,,False,False,2013060,False,,None,0,0,None,,0,None,,0,None,
952,0,10013,Locale_Character:321_name,,Character,321,0,empty,None,200,,False,False,2013061,True,event_ce004_balloon_33,None,5,0,None,,0,None,,0,None,
953,0,10013,Locale_Character:npc_9999999_name_44,,Npc,7009004,0,empty,None,200,,False,False,2013062,True,event_ce004_balloon_34,None,5,0,None,,0,None,,0,None,
954,0,10013,Locale_Character:npc_9999999_name_44,,Npc,7009005,0,empty,None,200,,False,False,2013063,True,event_ce004_balloon_35,None,5,0,None,,0,None,,0,None,
955,0,10013,Locale_Character:830_name,,Character,830,1,empty,None,200,,False,False,2013064,False,,None,0,0,None,,0,None,,0,None,
956,0,10013,Locale_Character:831_name,,Character,831,1,empty,None,200,,False,False,2013065,False,,None,0,0,None,,0,None,,0,None,
957,0,10013,Locale_Character:832_name,,Character,832,1,empty,None,200,,False,False,2013066,False,,None,0,0,None,,0,None,,0,None,
958,0,10013,Locale_Character:833_name,,Character,833,0,empty,None,200,,False,False,2013067,False,,None,0,0,None,,0,None,,0,None,
959,0,10013,Locale_Character:291_name,,Character,291,0,empty,None,200,,False,False,2013068,False,,None,0,0,None,,0,None,,0,None,
960,0,10013,Locale_Character:npc_9999999_name_45,,Npc,9999999,0,empty,None,200,,False,False,2013069,True,event_ce004_balloon_36,None,5,0,None,,0,None,,0,None,
961,0,10013,Locale_Character:npc_9999999_name_45,,Npc,9999999,0,empty,None,200,,False,False,2013070,True,event_ce004_balloon_37,None,5,0,None,,0,None,,0,None,
962,0,10013,Locale_Character:npc_9999999_name_45,,Npc,9999999,0,empty,None,200,,False,False,2013071,True,event_ce004_balloon_38,None,5,0,None,,0,None,,0,None,
963,0,10013,Locale_Character:833_name,,Character,833,0,empty,None,200,,False,False,2013072,False,,None,0,0,None,,0,None,,0,None,
964,0,10013,Locale_Character:291_name,,Character,291,0,empty,None,200,,False,False,2013073,False,,None,0,0,None,,0,None,,0,None,
965,0,10013,Locale_Character:npc_9999999_name_44,,Npc,7009006,0,empty,None,200,,False,False,2013074,False,,None,0,0,None,,0,None,,0,None,
966,0,10013,Locale_Character:npc_9999999_name_44,,Npc,7009004,0,empty,None,200,,False,False,2013075,False,,None,0,0,None,,0,None,,0,None,
967,0,10013,Locale_Character:npc_9999999_name_44,,Npc,7009005,0,empty,None,200,,False,False,2013076,False,,None,0,0,None,,0,None,,0,None,
968,0,10013,Locale_Character:392_name,,Npc,7009001,0,empty,None,200,,False,False,2013077,True,event_ce004_balloon_39,None,5,0,None,,0,None,,0,None,
969,0,10013,Locale_Character:npc_9999999_name_44,,Npc,7009006,0,empty,None,200,,False,False,2013078,True,event_ce004_balloon_40,None,5,0,None,,0,None,,0,None,
970,0,10013,Locale_Character:npc_9999999_name_45,,Npc,7009007,0,empty,None,200,,False,False,2013079,True,event_ce004_balloon_41,None,5,0,None,,0,None,,0,None,
971,0,10013,Locale_Character:npc_9999999_name_45,,Npc,7009008,0,empty,None,200,,False,False,2013080,True,event_ce004_balloon_42,None,5,0,None,,0,None,,0,None,
972,0,10013,Locale_Character:npc_9999999_name_45,,Npc,7009009,0,empty,None,200,,False,False,2013081,True,event_ce004_balloon_43,None,5,0,None,,0,None,,0,None,
973,0,10013,Locale_Character:npc_9999999_name_44,,Npc,7009004,0,empty,None,200,,False,False,2013082,False,,None,0,0,None,,0,None,,0,None,
974,0,10013,Locale_Character:npc_9999999_name_44,,Npc,7009005,0,empty,None,200,,False,False,2013083,False,,None,0,0,None,,0,None,,0,None,
975,0,10013,Locale_Character:321_name,,Character,321,0,empty,None,200,,False,False,2013084,False,,None,0,0,None,,0,None,,0,None,
976,0,10013,Locale_Character:npc_9999999_name_44,,Npc,7009004,0,empty,None,200,,False,False,2013085,True,event_ce004_balloon_44,None,5,0,None,,0,None,,0,None,
977,0,10013,Locale_Character:npc_9999999_name_44,,Npc,7009006,0,empty,None,200,,False,False,2013086,True,event_ce004_balloon_45,None,5,0,None,,0,None,,0,None,
978,0,10013,Locale_Character:npc_9999999_name_44,,Npc,7009005,0,empty,None,200,,False,False,2013087,False,,None,0,0,None,,0,None,,0,None,
979,0,10013,Locale_Character:392_name,,Npc,7009001,0,empty,None,200,,False,False,2013088,False,,None,0,0,None,,0,None,,0,None,
980,0,10013,Locale_Character:391_name,,Npc,7009003,0,empty,None,200,,False,False,2013089,False,,None,0,0,None,,0,None,,0,None,
981,0,10013,Locale_Character:390_name,,Npc,7009002,0,empty,None,200,,False,False,2013090,False,,None,0,0,None,,0,None,,0,None,
982,0,10013,Locale_Character:npc_9999999_name_44,,Npc,7009004,0,empty,None,200,,False,False,2013091,True,event_ce004_balloon_46,None,5,0,None,,0,None,,0,None,
983,0,10013,Locale_Character:npc_9999999_name_44,,Npc,7009005,0,empty,None,200,,False,False,2013092,True,event_ce004_balloon_47,None,5,0,None,,0,None,,0,None,
984,0,10013,Locale_Character:npc_9999999_name_44,,Npc,7009006,0,empty,None,200,,False,False,2013093,True,event_ce004_balloon_48,None,5,0,None,,0,None,,0,None,
985,0,10013,Locale_Character:npc_9999999_name_45,,Npc,7009009,0,empty,None,200,,False,False,2013094,False,,None,0,0,None,,0,None,,0,None,
986,0,10013,Locale_Character:321_name,,Character,321,0,empty,None,200,,False,False,2013095,True,event_ce004_balloon_49,None,5,0,None,,0,None,,0,None,
987,0,10013,Locale_Character:391_name,,Npc,7009003,0,empty,None,200,,False,False,2013096,True,event_ce004_balloon_50,None,5,0,None,,0,None,,0,None,
988,0,10013,Locale_Character:390_name,,Npc,7009002,0,empty,None,200,,False,False,2013097,True,event_ce004_balloon_51,None,5,0,None,,0,None,,0,None,
989,0,10013,Locale_Character:392_name,,Npc,7009001,0,empty,None,200,,False,False,2013098,True,event_ce004_balloon_52,None,5,0,None,,0,None,,0,None,
990,0,10013,Locale_Character:npc_9999999_name_45,,Npc,9999999,0,empty,None,200,,False,False,2013099,True,event_ce004_balloon_53,None,5,0,None,,0,None,,0,None,
991,0,10013,Locale_Character:npc_9999999_name_45,,Npc,9999999,0,empty,None,200,,False,False,2013100,True,event_ce004_balloon_54,None,5,0,None,,0,None,,0,None,
992,0,10013,Locale_Character:npc_9999999_name_44,,Npc,7009004,0,empty,None,200,,False,False,2013101,False,,None,0,0,None,,0,None,,0,None,
993,0,10013,Locale_Character:npc_9999999_name_44,,Npc,7009005,0,empty,None,200,,False,False,2013102,False,,None,0,0,None,,0,None,,0,None,
994,0,10013,Locale_Character:npc_9999999_name_45,,Npc,7009009,0,empty,None,200,,False,False,2013103,False,,None,0,0,None,,0,None,,0,None,
995,0,10013,Locale_Character:291_name,,Character,291,0,empty,None,200,,False,False,2013104,False,,None,0,0,None,,0,None,,0,None,
996,0,10013,Locale_Character:392_name,,Npc,7009001,0,empty,None,200,,False,False,2013105,True,event_ce004_balloon_55,None,5,0,None,,0,None,,0,None,
997,0,10013,Locale_Character:npc_9999999_name_45,,Npc,7009008,0,empty,None,200,,False,False,2013106,True,event_ce004_balloon_56,None,5,0,None,,0,None,,0,None,
998,0,10013,Locale_Character:npc_9999999_name_45,,Npc,7009007,0,empty,None,200,,False,False,2013107,True,event_ce004_balloon_57,None,5,0,None,,0,None,,0,None,
999,0,10013,Locale_Character:npc_9999999_name_44,,Npc,7009004,0,empty,None,200,,False,False,2013108,False,,None,0,0,None,,0,None,,0,None,
1000,0,10013,Locale_Character:npc_9999999_name_44,,Npc,7009005,0,empty,None,200,,False,False,2013109,False,,None,0,0,None,,0,None,,0,None,
1001,0,10013,Locale_Character:npc_9999999_name_44,,Npc,7009006,0,empty,None,200,,False,False,2013110,False,,None,0,0,None,,0,None,,0,None,
1002,0,10013,,,Npc,9999999,0,empty,None,200,,False,False,2013111,False,,None,0,0,None,,0,None,,0,None,
1003,0,10013,,,Npc,9999999,0,empty,None,200,,False,False,2013112,False,,None,0,0,None,,0,None,,0,None,
1004,0,10013,,,Npc,9999999,0,empty,None,200,,False,False,2013113,False,,None,0,0,None,,0,None,,0,None,
1005,0,10013,,,Npc,9999999,0,empty,None,200,,False,False,2013114,False,,None,0,0,None,,0,None,,0,None,
1006,1,10016,Locale_Character:npc_9999999_name_46,Locale_Event:event_contents_storydungeon_before,Npc,9999999,0,,None,300,,False,False,0,False,,None,0,40061,None,,0,None,,0,None,
1007,0,10016,Locale_Character:npc_9999999_name_47,,Npc,9999999,0,,None,350,,False,False,2016001,False,,None,0,0,None,,0,None,,0,None,
1008,4,10016,Locale_Character:npc_9999999_name_47,Locale_Event:event_contents_storydungeon_after,Npc,9999999,0,,None,350,,False,False,2016002,False,,None,0,40062,None,,0,None,,0,None,
1009,2,10016,Locale_Character:npc_9999999_name_48,Locale_Event:event_contents_challenge,Npc,7001007,0,,None,200,,False,False,0,False,,None,0,60061,None,,0,None,,0,None,
1010,0,10016,Locale_Character:npc_9999999_name_49,,Npc,9999999,0,,None,200,,False,False,2016003,False,,None,0,0,None,,0,None,,0,None,
1011,5,10016,Locale_Character:npc_9999999_name_49,Locale_Event:event_contents_minigame,Npc,9999999,0,,None,200,,False,False,2016004,False,,None,0,1006,Arcade,,0,None,,0,None,
1012,3,10016,Locale_Character:npc_9999999_name_50,Locale_Event:event_contents_login,Npc,9999999,0,,None,200,,True,False,0,False,,None,0,81603,None,,0,None,,0,None,
1013,6,10016,Locale_Character:npc_9999999_name_51,Locale_Event:event_contents_shop,Npc,9999999,0,,None,200,,True,False,0,False,,None,0,81602,None,,0,None,,0,None,
1014,0,10016,,,Npc,7016003,0,,None,200,,False,False,2016005,False,,None,0,0,None,,0,None,,0,None,
1015,0,10016,,,Npc,7016004,0,,None,200,,False,False,2016006,False,,None,0,0,None,,0,None,,0,None,
1016,0,10016,,,Npc,7016005,0,,None,200,,False,False,2016007,False,,None,0,0,None,,0,None,,0,None,
1017,0,10016,,,Npc,7016006,0,,None,200,,False,False,2016008,False,,None,0,0,None,,0,None,,0,None,
1018,0,10016,,,Npc,7016007,0,,None,200,,False,False,2016009,False,,None,0,0,None,,0,None,,0,None,
1019,0,10016,,,Npc,7016001,0,,None,200,,False,False,2016010,False,,None,0,0,None,,0,None,,0,None,
1020,0,10016,,,Npc,7016003,0,,None,200,,False,False,2016011,False,,None,0,0,None,,0,None,,0,None,
1021,0,10016,,,Npc,7016004,0,,None,200,,False,False,2016012,False,,None,0,0,None,,0,None,,0,None,
1022,0,10016,,,Npc,7016005,0,,None,200,,False,False,2016013,False,,None,0,0,None,,0,None,,0,None,
1023,0,10016,,,Npc,7016006,0,,None,200,,False,False,2016014,False,,None,0,0,None,,0,None,,0,None,
1024,0,10016,,,Npc,7016007,0,,None,200,,False,False,2016015,False,,None,0,0,None,,0,None,,0,None,
1025,0,10016,,,Npc,7016008,0,,None,200,,False,False,2016016,False,,None,0,0,None,,0,None,,0,None,
1026,0,10016,,,Npc,7016009,0,,None,200,,False,False,2016017,False,,None,0,0,None,,0,None,,0,None,
1027,0,10016,,,Npc,7016010,0,,None,200,,False,False,2016018,False,,None,0,0,None,,0,None,,0,None,
1028,0,10016,,,Npc,7016011,0,,None,200,,False,False,2016019,False,,None,0,0,None,,0,None,,0,None,
1029,0,10016,,,Npc,7016014,0,,None,200,,False,False,2016020,False,,None,0,0,None,,0,None,,0,None,
1030,0,10016,,,Npc,7016002,0,,None,200,,False,False,2016021,False,,None,0,0,None,,0,None,,0,None,
1031,0,10016,,,Npc,7016008,0,,None,200,,False,False,2016022,False,,None,0,0,None,,0,None,,0,None,
1032,0,10016,,,Npc,7016009,0,,None,200,,False,False,2016023,False,,None,0,0,None,,0,None,,0,None,
1033,0,10016,,,Npc,7016010,0,,None,200,,False,False,2016024,False,,None,0,0,None,,0,None,,0,None,
1034,0,10016,,,Npc,7016012,0,,None,200,,False,False,2016025,False,,None,0,0,None,,0,None,,0,None,
1035,0,10016,,,Npc,9999999,0,,None,400,,False,False,2016026,False,,None,0,0,None,,0,None,,0,None,
1036,0,10016,,,Npc,9999999,0,,None,400,,False,False,2016027,False,,None,0,0,None,,0,None,,0,None,
1037,0,10016,,,Npc,9999999,0,,None,400,,False,False,2016028,False,,None,0,0,None,,0,None,,0,None,
1038,0,10016,,,Npc,9999999,0,,None,400,,False,False,2016029,False,,None,0,0,None,,0,None,,0,None,
1039,0,10016,,,Npc,9999999,0,,None,400,,False,False,2016030,False,,None,0,0,None,,0,None,,0,None,
1040,0,10016,,,Npc,9999999,0,,None,400,,False,False,2016031,False,,None,0,0,None,,0,None,,0,None,
831,1,10012,Locale_Character:npc_9999999_name_34,Locale_Event:event_contents_storydungeon_before,Npc,9999999,0,sprite_event_beautyfullshot_npc_tag,None,200,sprite_btn_event_beautyfullshot,False,False,0,False,,None,0,40051,None,,0,None,,0,None,
832,0,10012,Locale_Character:npc_9999999_name_35,,Npc,9999999,0,sprite_event_beautyfullshot_npc_tag,None,200,sprite_btn_event_beautyfullshot,False,False,2012001,False,,None,0,0,None,,0,None,,0,None,
833,2,10012,Locale_Character:npc_9999999_name_35,Locale_Event:event_contents_storydungeon_after,Npc,9999999,0,sprite_event_beautyfullshot_npc_tag,None,200,sprite_btn_event_beautyfullshot,False,False,2012002,False,,None,0,40052,None,,0,None,,0,None,
834,3,10012,Locale_Character:npc_5001_name,Locale_Event:event_contents_challenge,Npc,7001007,0,sprite_event_beautyfullshot_npc_tag,None,200,sprite_btn_event_beautyfullshot,False,True,0,False,,None,0,60051,None,,0,None,,0,None,
835,0,10012,,,Npc,9999999,0,,None,200,,False,False,2012003,False,,None,0,0,None,,0,None,,0,None,
836,4,10012,,Locale_Event:event_contents_coral_island_adventure,Npc,9999999,0,,Immediately,200,,False,False,2012004,False,,None,0,81401,None,,0,None,,0,None,
837,5,10012,Locale_Character:130_name,Locale_Event:event_contents_login,Character,132,0,sprite_event_beautyfullshot_npc_tag,None,200,sprite_btn_event_beautyfullshot,True,True,0,False,,None,0,81403,None,,0,None,,0,None,
838,6,10012,Locale_Character:npc_9999999_name_15,Locale_Event:event_contents_shop,Npc,9999999,0,sprite_event_beautyfullshot_npc_tag,None,200,sprite_btn_event_beautyfullshot,True,True,0,False,,None,0,81402,None,,0,None,,0,None,
839,7,10012,Locale_Character:npc_9999999_name_04,Locale_Event:cooperation_event_name,Npc,9999999,0,sprite_event_beautyfullshot_npc_tag,None,200,sprite_btn_event_beautyfullshot,True,True,0,False,,None,0,30041,Cooperation,30041,30042,Cooperation,30042,30043,Cooperation,30043
840,0,10012,,,Character,14,0,sprite_event_beautyfullshot_npc_tag,None,200,,False,False,2012006,True,event_beautyfullshot_balloon_01,None,5,0,None,,0,None,,0,None,
841,0,10012,,,Character,15,0,sprite_event_beautyfullshot_npc_tag,None,200,,False,False,2012007,True,event_beautyfullshot_balloon_02,None,5,0,None,,0,None,,0,None,
842,0,10012,,,Character,10,2,sprite_event_beautyfullshot_npc_tag,None,200,,False,False,2012008,True,event_beautyfullshot_balloon_03,None,5,0,None,,0,None,,0,None,
843,0,10012,,,Character,282,0,sprite_event_beautyfullshot_npc_tag,None,200,,False,False,2012009,True,event_beautyfullshot_balloon_04,None,5,0,None,,0,None,,0,None,
844,0,10012,,,Character,280,0,sprite_event_beautyfullshot_npc_tag,None,200,,False,False,2012010,True,event_beautyfullshot_balloon_05,None,5,0,None,,0,None,,0,None,
845,0,10012,,,Character,111,0,sprite_event_beautyfullshot_npc_tag,None,200,,False,False,2012011,True,event_beautyfullshot_balloon_06,None,5,0,None,,0,None,,0,None,
846,0,10012,,,Character,111,0,sprite_event_beautyfullshot_npc_tag,None,200,,False,False,2012012,True,event_beautyfullshot_balloon_07,None,5,0,None,,0,None,,0,None,
847,0,10012,,,Character,400,1,sprite_event_beautyfullshot_npc_tag,None,200,,False,False,2012013,True,event_beautyfullshot_balloon_08,None,5,0,None,,0,None,,0,None,
848,0,10012,,,Character,284,0,sprite_event_beautyfullshot_npc_tag,None,200,,False,False,2012014,True,event_beautyfullshot_balloon_09,None,5,0,None,,0,None,,0,None,
849,0,10012,,,Character,283,0,sprite_event_beautyfullshot_npc_tag,None,200,,False,False,2012015,True,event_beautyfullshot_balloon_10,None,5,0,None,,0,None,,0,None,
850,0,10012,,,Character,111,0,sprite_event_beautyfullshot_npc_tag,None,200,,False,False,2012016,True,event_beautyfullshot_balloon_11,None,5,0,None,,0,None,,0,None,
851,0,10012,,,Character,10,2,sprite_event_beautyfullshot_npc_tag,None,200,,False,False,2012017,True,event_beautyfullshot_balloon_12,None,5,0,None,,0,None,,0,None,
852,0,10012,,,Character,15,0,sprite_event_beautyfullshot_npc_tag,None,200,,False,False,2012018,True,event_beautyfullshot_balloon_13,None,5,0,None,,0,None,,0,None,
853,0,10012,,,Character,14,0,sprite_event_beautyfullshot_npc_tag,None,200,,False,False,2012019,True,event_beautyfullshot_balloon_14,None,5,0,None,,0,None,,0,None,
854,0,10012,,,Character,15,0,sprite_event_beautyfullshot_npc_tag,None,200,,False,False,2012020,True,event_beautyfullshot_balloon_15,None,5,0,None,,0,None,,0,None,
855,0,10012,,,Character,10,2,sprite_event_beautyfullshot_npc_tag,None,200,,False,False,2012021,True,event_beautyfullshot_balloon_16,None,5,0,None,,0,None,,0,None,
856,0,10012,,,Character,400,1,sprite_event_beautyfullshot_npc_tag,None,200,,False,False,2012022,True,event_beautyfullshot_balloon_17,None,5,0,None,,0,None,,0,None,
857,0,10012,,,Character,284,0,sprite_event_beautyfullshot_npc_tag,None,200,,False,False,2012023,True,event_beautyfullshot_balloon_18,None,5,0,None,,0,None,,0,None,
858,0,10012,,,Character,111,0,sprite_event_beautyfullshot_npc_tag,None,200,,False,False,2012024,True,event_beautyfullshot_balloon_19,None,5,0,None,,0,None,,0,None,
859,0,10012,,,Character,14,0,sprite_event_beautyfullshot_npc_tag,None,200,,False,False,2012025,True,event_beautyfullshot_balloon_20,None,5,0,None,,0,None,,0,None,
860,0,10012,,,Character,15,0,sprite_event_beautyfullshot_npc_tag,None,200,,False,False,2012026,True,event_beautyfullshot_balloon_21,None,5,0,None,,0,None,,0,None,
861,0,10012,,,Character,400,1,sprite_event_beautyfullshot_npc_tag,None,200,,False,False,2012027,True,event_beautyfullshot_balloon_22,None,5,0,None,,0,None,,0,None,
862,0,10012,,,Character,284,0,sprite_event_beautyfullshot_npc_tag,None,200,,False,False,2012028,True,event_beautyfullshot_balloon_23,None,5,0,None,,0,None,,0,None,
863,0,10012,,,Character,283,0,sprite_event_beautyfullshot_npc_tag,None,200,,False,False,2012029,True,event_beautyfullshot_balloon_24,None,5,0,None,,0,None,,0,None,
864,0,10012,,,Character,10,2,sprite_event_beautyfullshot_npc_tag,None,200,,False,False,2012030,True,event_beautyfullshot_balloon_25,None,5,0,None,,0,None,,0,None,
865,0,10012,,,Character,15,0,sprite_event_beautyfullshot_npc_tag,None,200,,False,False,2012031,True,event_beautyfullshot_balloon_26,None,5,0,None,,0,None,,0,None,
866,0,10012,,,Character,400,1,sprite_event_beautyfullshot_npc_tag,None,200,,False,False,2012032,True,event_beautyfullshot_balloon_27,None,5,0,None,,0,None,,0,None,
867,0,10012,,,Character,14,0,sprite_event_beautyfullshot_npc_tag,None,200,,False,False,2012033,True,event_beautyfullshot_balloon_28,None,5,0,None,,0,None,,0,None,
868,0,10012,,,Character,111,0,sprite_event_beautyfullshot_npc_tag,None,200,,False,False,2012034,True,event_beautyfullshot_balloon_29,None,5,0,None,,0,None,,0,None,
869,0,10012,,,Character,10,2,sprite_event_beautyfullshot_npc_tag,None,200,,False,False,2012035,True,event_beautyfullshot_balloon_30,None,5,0,None,,0,None,,0,None,
870,0,10012,,,Character,15,0,sprite_event_beautyfullshot_npc_tag,None,200,,False,False,2012036,True,event_beautyfullshot_balloon_31,None,5,0,None,,0,None,,0,None,
871,0,10012,,,Character,284,0,sprite_event_beautyfullshot_npc_tag,None,200,,False,False,2012037,True,event_beautyfullshot_balloon_32,None,5,0,None,,0,None,,0,None,
872,0,10012,,,Character,283,0,sprite_event_beautyfullshot_npc_tag,None,200,,False,False,2012038,True,event_beautyfullshot_balloon_33,None,5,0,None,,0,None,,0,None,
873,0,10012,,,Character,284,0,sprite_event_beautyfullshot_npc_tag,None,200,,False,False,2012039,True,event_beautyfullshot_balloon_34,None,5,0,None,,0,None,,0,None,
874,0,10012,,,Character,10,2,sprite_event_beautyfullshot_npc_tag,None,200,,False,False,2012040,True,event_beautyfullshot_balloon_35,None,5,0,None,,0,None,,0,None,
875,0,10012,,,Character,284,0,sprite_event_beautyfullshot_npc_tag,None,200,,False,False,2012041,True,event_beautyfullshot_balloon_36,None,5,0,None,,0,None,,0,None,
876,0,10012,,,Character,283,0,sprite_event_beautyfullshot_npc_tag,None,200,,False,False,2012042,True,event_beautyfullshot_balloon_37,None,5,0,None,,0,None,,0,None,
877,0,10012,,,Character,14,0,sprite_event_beautyfullshot_npc_tag,None,200,,False,False,2012043,True,event_beautyfullshot_balloon_38,None,5,0,None,,0,None,,0,None,
878,0,10012,,,Character,15,0,sprite_event_beautyfullshot_npc_tag,None,200,,False,False,2012044,True,event_beautyfullshot_balloon_39,None,5,0,None,,0,None,,0,None,
879,0,10012,,,Character,400,1,sprite_event_beautyfullshot_npc_tag,None,200,,False,False,2012045,True,event_beautyfullshot_balloon_40,None,5,0,None,,0,None,,0,None,
880,0,10012,,,Character,400,1,sprite_event_beautyfullshot_npc_tag,None,200,,False,False,2012046,True,event_beautyfullshot_balloon_41,None,5,0,None,,0,None,,0,None,
881,0,10012,,,Character,10,2,sprite_event_beautyfullshot_npc_tag,None,200,,False,False,2012047,True,event_beautyfullshot_balloon_42,None,5,0,None,,0,None,,0,None,
882,0,10012,,,Character,15,0,sprite_event_beautyfullshot_npc_tag,None,200,,False,False,2012048,True,event_beautyfullshot_balloon_43,None,5,0,None,,0,None,,0,None,
883,0,10012,,,Character,10,2,sprite_event_beautyfullshot_npc_tag,None,200,,False,False,2012049,True,event_beautyfullshot_balloon_44,None,5,0,None,,0,None,,0,None,
884,0,10012,,,Character,15,0,sprite_event_beautyfullshot_npc_tag,None,200,,False,False,2012050,True,event_beautyfullshot_balloon_45,None,5,0,None,,0,None,,0,None,
885,0,10012,,,Character,400,1,sprite_event_beautyfullshot_npc_tag,None,200,,False,False,2012051,True,event_beautyfullshot_balloon_46,None,5,0,None,,0,None,,0,None,
886,0,10012,,,Character,111,0,sprite_event_beautyfullshot_npc_tag,None,200,,False,False,2012052,True,event_beautyfullshot_balloon_47,None,5,0,None,,0,None,,0,None,
766,1,10011,Locale_Character:npc_9999999_name_28,Locale_Event:event_contents_storydungeon_before,Npc,9999999,0,sprite_event_goldencoinrush_npc_tag,None,300,sprite_btn_event_goldencoinrush,False,False,0,False,,None,0,40048,None,,0,None,,0,None,
767,0,10011,Locale_Character:npc_9999999_name_29,,Npc,9999999,0,sprite_event_goldencoinrush_npc_tag,None,300,sprite_btn_event_goldencoinrush,False,False,2011001,False,,None,0,0,None,,0,None,,0,None,
768,2,10011,Locale_Character:npc_9999999_name_29,Locale_Event:event_contents_storydungeon_after,Npc,9999999,0,sprite_event_goldencoinrush_npc_tag,None,300,sprite_btn_event_goldencoinrush,False,False,2011002,False,,None,0,40049,None,,0,None,,0,None,
769,3,10011,Locale_Character:npc_9999999_name_30,Locale_Event:event_contents_challenge,Npc,7001007,0,sprite_event_goldencoinrush_npc_tag,None,400,sprite_btn_event_goldencoinrush,False,True,0,False,,None,0,60048,None,,0,None,,0,None,
770,0,10011,Locale_Character:npc_9999999_name_31,,Npc,9999999,0,sprite_event_goldencoinrush_npc_tag,None,500,sprite_btn_event_goldencoinrush,False,False,2011003,False,,None,0,0,None,,0,None,,0,None,
771,4,10011,Locale_Character:npc_9999999_name_31,Locale_Event:event_contents_minigame,Npc,9999999,0,sprite_event_goldencoinrush_npc_tag,None,500,sprite_btn_event_goldencoinrush,False,False,0,False,,None,0,1007,Arcade,,0,None,,0,None,
772,5,10011,Locale_Character:npc_9999999_name_32,Locale_Event:event_contents_login,Npc,7007002,0,sprite_event_goldencoinrush_npc_tag,None,300,sprite_btn_event_goldencoinrush,True,True,0,False,,None,0,81303,None,,0,None,,0,None,
773,6,10011,Locale_Character:npc_9999999_name_33,Locale_Event:event_contents_shop,Npc,9999999,0,sprite_event_goldencoinrush_npc_tag,None,500,sprite_btn_event_goldencoinrush,True,True,0,False,,None,0,81302,None,,0,None,,0,None,
774,0,10011,,,Character,270,0,sprite_event_goldencoinrush_npc_tag,None,200,,False,False,2011005,True,event_goldencoinrush_balloon_01,None,5,0,None,,0,None,,0,None,
775,0,10011,,,Character,271,0,sprite_event_goldencoinrush_npc_tag,None,200,,False,False,2011006,True,event_goldencoinrush_balloon_02,None,5,0,None,,0,None,,0,None,
776,0,10011,,,Npc,7007007,0,sprite_event_goldencoinrush_npc_tag,None,200,,False,False,2011007,True,event_goldencoinrush_balloon_03,None,5,0,None,,0,None,,0,None,
777,0,10011,,,Npc,7007007,0,sprite_event_goldencoinrush_npc_tag,None,200,,False,False,2011008,True,event_goldencoinrush_balloon_04,None,5,0,None,,0,None,,0,None,
778,0,10011,,,Npc,7007001,0,sprite_event_goldencoinrush_npc_tag,None,200,,False,False,2011009,True,event_goldencoinrush_balloon_05,None,5,0,None,,0,None,,0,None,
779,0,10011,,,Character,314,0,sprite_event_goldencoinrush_npc_tag,None,200,,False,False,2011010,True,event_goldencoinrush_balloon_06,None,5,0,None,,0,None,,0,None,
780,0,10011,,,Character,195,0,sprite_event_goldencoinrush_npc_tag,None,200,,False,False,2011011,True,event_goldencoinrush_balloon_07,None,5,0,None,,0,None,,0,None,
781,0,10011,,,Character,431,0,sprite_event_goldencoinrush_npc_tag,None,200,,False,False,2011012,True,event_goldencoinrush_balloon_08,None,5,0,None,,0,None,,0,None,
782,0,10011,,,Character,242,1,sprite_event_goldencoinrush_npc_tag,None,200,,False,False,2011013,True,event_goldencoinrush_balloon_09,None,5,0,None,,0,None,,0,None,
783,0,10011,,,Character,141,0,sprite_event_goldencoinrush_npc_tag,None,200,,False,False,2011014,True,event_goldencoinrush_balloon_10,None,5,0,None,,0,None,,0,None,
784,0,10011,,,Character,130,1,sprite_event_goldencoinrush_npc_tag,None,200,,False,False,2011015,True,event_goldencoinrush_balloon_11,None,5,0,None,,0,None,,0,None,
785,0,10011,,,Character,200,1,sprite_event_goldencoinrush_npc_tag,None,200,,False,False,2011016,True,event_goldencoinrush_balloon_12,None,5,0,None,,0,None,,0,None,
786,0,10011,,,Npc,7007001,0,sprite_event_goldencoinrush_npc_tag,None,200,,False,False,2011017,True,event_goldencoinrush_balloon_13,None,5,0,None,,0,None,,0,None,
789,0,10011,,,Npc,7007001,0,sprite_event_goldencoinrush_npc_tag,None,200,,False,False,2011020,True,event_goldencoinrush_balloon_16,None,5,0,None,,0,None,,0,None,
790,0,10011,,,Character,200,1,sprite_event_goldencoinrush_npc_tag,None,200,,False,False,2011021,True,event_goldencoinrush_balloon_17,None,5,0,None,,0,None,,0,None,
791,0,10011,,,Character,314,0,sprite_event_goldencoinrush_npc_tag,None,200,,False,False,2011022,True,event_goldencoinrush_balloon_18,None,5,0,None,,0,None,,0,None,
792,0,10011,,,Character,195,0,sprite_event_goldencoinrush_npc_tag,None,200,,False,False,2011023,True,event_goldencoinrush_balloon_19,None,5,0,None,,0,None,,0,None,
793,0,10011,,,Character,242,1,sprite_event_goldencoinrush_npc_tag,None,200,,False,False,2011024,True,event_goldencoinrush_balloon_20,None,5,0,None,,0,None,,0,None,
794,0,10011,,,Character,430,0,sprite_event_goldencoinrush_npc_tag,None,200,,False,False,2011025,True,event_goldencoinrush_balloon_21,None,5,0,None,,0,None,,0,None,
795,0,10011,,,Character,212,0,sprite_event_goldencoinrush_npc_tag,None,200,,False,False,2011026,True,event_goldencoinrush_balloon_22,None,5,0,None,,0,None,,0,None,
796,0,10011,,,Character,242,1,sprite_event_goldencoinrush_npc_tag,None,200,,False,False,2011027,True,event_goldencoinrush_balloon_23,None,5,0,None,,0,None,,0,None,
797,0,10011,,,Character,314,0,sprite_event_goldencoinrush_npc_tag,None,200,,False,False,2011028,True,event_goldencoinrush_balloon_24,None,5,0,None,,0,None,,0,None,
798,0,10011,,,Character,195,0,sprite_event_goldencoinrush_npc_tag,None,200,,False,False,2011029,True,event_goldencoinrush_balloon_25,None,5,0,None,,0,None,,0,None,
799,0,10011,,,Character,431,0,sprite_event_goldencoinrush_npc_tag,None,200,,False,False,2011030,True,event_goldencoinrush_balloon_26,None,5,0,None,,0,None,,0,None,
800,0,10011,,,Character,432,0,sprite_event_goldencoinrush_npc_tag,None,200,,False,False,2011031,True,event_goldencoinrush_balloon_27,None,5,0,None,,0,None,,0,None,
801,0,10011,,,Character,430,0,sprite_event_goldencoinrush_npc_tag,None,200,,False,False,2011032,True,event_goldencoinrush_balloon_28,None,5,0,None,,0,None,,0,None,
802,0,10011,,,Npc,7007001,0,sprite_event_goldencoinrush_npc_tag,None,200,,False,False,2011033,True,event_goldencoinrush_balloon_29,None,5,0,None,,0,None,,0,None,
803,0,10011,,,Character,314,0,sprite_event_goldencoinrush_npc_tag,None,200,,False,False,2011034,True,event_goldencoinrush_balloon_30,None,5,0,None,,0,None,,0,None,
804,0,10011,,,Character,195,0,sprite_event_goldencoinrush_npc_tag,None,200,,False,False,2011035,True,event_goldencoinrush_balloon_31,None,5,0,None,,0,None,,0,None,
805,0,10011,,,Character,141,0,sprite_event_goldencoinrush_npc_tag,None,200,,False,False,2011036,True,event_goldencoinrush_balloon_32,None,5,0,None,,0,None,,0,None,
806,0,10011,,,Character,200,1,sprite_event_goldencoinrush_npc_tag,None,200,,False,False,2011037,True,event_goldencoinrush_balloon_33,None,5,0,None,,0,None,,0,None,
807,0,10011,,,Character,242,1,sprite_event_goldencoinrush_npc_tag,None,200,,False,False,2011038,True,event_goldencoinrush_balloon_34,None,5,0,None,,0,None,,0,None,
808,0,10011,,,Character,431,0,sprite_event_goldencoinrush_npc_tag,None,200,,False,False,2011039,True,event_goldencoinrush_balloon_35,None,5,0,None,,0,None,,0,None,
809,0,10011,,,Character,200,1,sprite_event_goldencoinrush_npc_tag,None,200,,False,False,2011040,True,event_goldencoinrush_balloon_36,None,5,0,None,,0,None,,0,None,
810,0,10011,,,Character,130,1,sprite_event_goldencoinrush_npc_tag,None,200,,False,False,2011041,True,event_goldencoinrush_balloon_37,None,5,0,None,,0,None,,0,None,
815,0,10011,,,Npc,7007002,0,sprite_event_goldencoinrush_npc_tag,None,200,,False,False,2011046,True,event_goldencoinrush_balloon_42,None,5,0,None,,0,None,,0,None,
825,0,10011,,,Npc,7007005,0,sprite_event_goldencoinrush_npc_tag,None,200,,False,False,2011056,False,,None,0,0,None,,0,None,,0,None,
826,0,10011,,,Npc,7007004,0,sprite_event_goldencoinrush_npc_tag,None,200,,False,False,0,False,,None,0,0,None,,0,None,,0,None,
827,0,10011,,,Npc,7007004,0,sprite_event_goldencoinrush_npc_tag,None,200,,False,False,0,False,,None,0,0,None,,0,None,,0,None,
828,0,10011,,,Npc,7007006,0,sprite_event_goldencoinrush_npc_tag,None,200,,False,False,2011057,False,,None,0,0,None,,0,None,,0,None,
829,0,10011,,,Npc,7007006,0,sprite_event_goldencoinrush_npc_tag,None,200,,False,False,2011058,False,,None,0,0,None,,0,None,,0,None,
830,0,10011,,,Npc,7007006,0,sprite_event_goldencoinrush_npc_tag,None,200,,False,False,2011059,False,,None,0,0,None,,0,None,,0,None,
1240,1,10019,Locale_Character:npc_9999999_name_77,Locale_Event:event_contents_storydungeon_before,Npc,7019003,0,sprite_event_unbreakablesphere_npc_tag,None,200,sprite_btn_event_unbreakablesphere,False,False,0,False,,None,0,40075,None,,0,None,,0,None,
1241,0,10019,Locale_Character:npc_9999999_name_78,,Npc,9999999,0,empty,None,200,sprite_btn_event_unbreakablesphere,False,False,2019001,False,,None,0,0,None,,0,None,,0,None,
1242,2,10019,Locale_Character:npc_9999999_name_78,Locale_Event:event_contents_storydungeon_after,Npc,9999999,0,sprite_event_unbreakablesphere_npc_tag,None,200,sprite_btn_event_unbreakablesphere,False,False,2019002,False,,None,0,40076,None,,0,None,,0,None,
1243,3,10019,Locale_Character:npc_9999999_name_76,Locale_Event:event_contents_challenge,Npc,7001007,0,sprite_event_unbreakablesphere_npc_tag,None,200,sprite_btn_event_unbreakablesphere,False,True,0,False,,None,0,60075,None,,0,None,,0,None,
1244,0,10019,Locale_Character:npc_9999999_name_77,,Npc,9999999,0,empty,None,200,sprite_btn_event_unbreakablesphere,False,False,2019003,False,,None,0,0,None,,0,None,,0,None,
1245,4,10019,Locale_Character:npc_9999999_name_77,Locale_Event:event_contents_minigame,Npc,7019010,0,sprite_event_unbreakablesphere_npc_tag,None,200,sprite_btn_event_unbreakablesphere,False,False,0,False,,None,0,1008,Arcade,,0,None,,0,None,
1246,5,10019,Locale_Character:npc_9999999_name_77,Locale_Event:event_contents_login,Npc,7019006,0,sprite_event_unbreakablesphere_npc_tag,None,200,sprite_btn_event_unbreakablesphere,True,True,0,False,,None,0,82003,None,,0,None,,0,None,
1247,6,10019,Locale_Character:npc_9999999_name_79,Locale_Event:event_contents_shop,Npc,7019011,0,sprite_event_unbreakablesphere_npc_tag,None,200,sprite_btn_event_unbreakablesphere,True,True,0,False,,None,0,82002,None,,0,None,,0,None,
1248,0,10019,,,Npc,7019016,0,,None,200,,False,False,2019005,True,event_usphere_balloon_mori_01,None,5,0,None,,0,None,,0,None,
1249,0,10019,,,Npc,7019004,0,empty,None,200,,False,False,2019006,False,,None,0,0,None,,0,None,,0,None,
1250,0,10019,,,Npc,7019008,0,empty,None,200,,False,False,2019007,False,,None,0,0,None,,0,None,,0,None,
1251,0,10019,,,Npc,7019007,0,empty,None,200,,False,False,2019008,False,,None,0,0,None,,0,None,,0,None,
1252,0,10019,,,Npc,7019005,0,empty,None,200,,False,False,2019009,False,,None,0,0,None,,0,None,,0,None,
1253,0,10019,,,Npc,7019009,0,empty,None,200,,False,False,2019010,False,,None,0,0,None,,0,None,,0,None,
1254,0,10019,,,Npc,7019001,0,empty,None,200,,False,False,2019011,False,,None,0,0,None,,0,None,,0,None,
1255,0,10019,,,Npc,7019001,0,empty,None,200,,False,False,2019012,False,,None,0,0,None,,0,None,,0,None,
1256,0,10019,,,Npc,7019001,0,empty,None,200,,False,False,2019013,False,,None,0,0,None,,0,None,,0,None,
1257,0,10019,,,Npc,7019001,0,empty,None,200,,False,False,2019014,False,,None,0,0,None,,0,None,,0,None,
1258,0,10019,,,Npc,7019001,0,empty,None,200,,False,False,2019015,False,,None,0,0,None,,0,None,,0,None,
1259,0,10019,,,Npc,7019002,0,empty,None,200,,False,False,2019016,False,,None,0,0,None,,0,None,,0,None,
1260,0,10019,,,Npc,7019002,0,empty,None,200,,False,False,2019017,False,,None,0,0,None,,0,None,,0,None,
1261,0,10019,,,Npc,7019002,0,empty,None,200,,False,False,2019018,False,,None,0,0,None,,0,None,,0,None,
1262,0,10019,,,Npc,7019002,0,empty,None,200,,False,False,2019019,False,,None,0,0,None,,0,None,,0,None,
1263,0,10019,,,Npc,7019002,0,empty,None,200,,False,False,2019020,False,,None,0,0,None,,0,None,,0,None,
1264,0,10019,,,Npc,7019003,0,empty,None,200,,False,False,2019021,False,,None,0,0,None,,0,None,,0,None,
1265,0,10019,,,Npc,7019003,0,empty,None,200,,False,False,2019022,False,,None,0,0,None,,0,None,,0,None,
1266,0,10019,,,Npc,7019003,0,empty,None,200,,False,False,2019023,False,,None,0,0,None,,0,None,,0,None,
1267,0,10019,,,Npc,7019003,0,empty,None,200,,False,False,2019024,False,,None,0,0,None,,0,None,,0,None,
1268,0,10019,,,Npc,7019003,0,empty,None,200,,False,False,2019025,False,,None,0,0,None,,0,None,,0,None,
1463,0,10019,,,Npc,7019001,0,empty,None,200,,False,False,2019220,False,,None,0,0,None,,0,None,,0,None,
1464,0,10019,,,Npc,7019001,0,empty,None,200,,False,False,2019221,False,,None,0,0,None,,0,None,,0,None,
1465,0,10019,,,Npc,7019001,0,empty,None,200,,False,False,2019222,False,,None,0,0,None,,0,None,,0,None,
1466,0,10019,,,Npc,7019002,0,empty,None,200,,False,False,2019223,False,,None,0,0,None,,0,None,,0,None,
1467,0,10019,,,Npc,7019002,0,empty,None,200,,False,False,2019224,False,,None,0,0,None,,0,None,,0,None,
1468,0,10019,,,Npc,7019002,0,empty,None,200,,False,False,2019225,False,,None,0,0,None,,0,None,,0,None,
1469,0,10019,,,Npc,7019003,0,empty,None,200,,False,False,2019226,False,,None,0,0,None,,0,None,,0,None,
1470,0,10019,,,Npc,7019003,0,empty,None,200,,False,False,2019227,False,,None,0,0,None,,0,None,,0,None,
1471,0,10019,,,Npc,7019003,0,empty,None,200,,False,False,2019228,False,,None,0,0,None,,0,None,,0,None,
1269,0,10019,,,Npc,7019016,0,empty,None,200,,False,False,2019026,True,event_usphere_balloon_mori_02,None,5,0,None,,0,None,,0,None,
1270,0,10019,,,Npc,7019012,0,empty,None,200,,False,False,2019027,True,event_usphere_balloon_mihara_01,None,5,0,None,,0,None,,0,None,
1271,0,10019,,,Npc,7019013,0,empty,None,200,,False,False,2019028,True,event_usphere_balloon_uni_01,None,5,0,None,,0,None,,0,None,
1272,0,10019,,,Npc,7019004,0,empty,None,200,,False,False,2019029,False,,None,0,0,None,,0,None,,0,None,
1273,0,10019,,,Npc,7019008,0,empty,None,200,,False,False,2019030,False,,None,0,0,None,,0,None,,0,None,
1274,0,10019,,,Npc,7019007,0,empty,None,200,,False,False,2019031,False,,None,0,0,None,,0,None,,0,None,
1275,0,10019,,,Npc,7019005,0,empty,None,200,,False,False,2019032,False,,None,0,0,None,,0,None,,0,None,
1276,0,10019,,,Npc,7019009,0,empty,None,200,,False,False,2019033,False,,None,0,0,None,,0,None,,0,None,
1277,0,10019,,,Npc,7019001,0,empty,None,200,,False,False,2019034,False,,None,0,0,None,,0,None,,0,None,
1278,0,10019,,,Npc,7019001,0,empty,None,200,,False,False,2019035,False,,None,0,0,None,,0,None,,0,None,
1279,0,10019,,,Npc,7019001,0,empty,None,200,,False,False,2019036,False,,None,0,0,None,,0,None,,0,None,
1280,0,10019,,,Npc,7019001,0,empty,None,200,,False,False,2019037,False,,None,0,0,None,,0,None,,0,None,
1281,0,10019,,,Npc,7019001,0,empty,None,200,,False,False,2019038,False,,None,0,0,None,,0,None,,0,None,
1282,0,10019,,,Npc,7019002,0,empty,None,200,,False,False,2019039,False,,None,0,0,None,,0,None,,0,None,
1283,0,10019,,,Npc,7019002,0,empty,None,200,,False,False,2019040,False,,None,0,0,None,,0,None,,0,None,
1284,0,10019,,,Npc,7019002,0,empty,None,200,,False,False,2019041,False,,None,0,0,None,,0,None,,0,None,
1285,0,10019,,,Npc,7019002,0,empty,None,200,,False,False,2019042,False,,None,0,0,None,,0,None,,0,None,
1286,0,10019,,,Npc,7019002,0,empty,None,200,,False,False,2019043,False,,None,0,0,None,,0,None,,0,None,
1287,0,10019,,,Npc,7019003,0,empty,None,200,,False,False,2019044,False,,None,0,0,None,,0,None,,0,None,
1288,0,10019,,,Npc,7019003,0,empty,None,200,,False,False,2019045,False,,None,0,0,None,,0,None,,0,None,
1289,0,10019,,,Npc,7019003,0,empty,None,200,,False,False,2019046,False,,None,0,0,None,,0,None,,0,None,
1290,0,10019,,,Npc,7019003,0,empty,None,200,,False,False,2019047,False,,None,0,0,None,,0,None,,0,None,
1291,0,10019,,,Npc,7019003,0,empty,None,200,,False,False,2019048,False,,None,0,0,None,,0,None,,0,None,
1472,0,10019,,,Npc,7019001,0,empty,None,200,,False,False,2019229,False,,None,0,0,None,,0,None,,0,None,
1473,0,10019,,,Npc,7019001,0,empty,None,200,,False,False,2019230,False,,None,0,0,None,,0,None,,0,None,
1474,0,10019,,,Npc,7019001,0,empty,None,200,,False,False,2019231,False,,None,0,0,None,,0,None,,0,None,
1475,0,10019,,,Npc,7019002,0,empty,None,200,,False,False,2019232,False,,None,0,0,None,,0,None,,0,None,
1476,0,10019,,,Npc,7019002,0,empty,None,200,,False,False,2019233,False,,None,0,0,None,,0,None,,0,None,
1477,0,10019,,,Npc,7019002,0,empty,None,200,,False,False,2019234,False,,None,0,0,None,,0,None,,0,None,
1478,0,10019,,,Npc,7019003,0,empty,None,200,,False,False,2019235,False,,None,0,0,None,,0,None,,0,None,
1479,0,10019,,,Npc,7019003,0,empty,None,200,,False,False,2019236,False,,None,0,0,None,,0,None,,0,None,
1480,0,10019,,,Npc,7019003,0,empty,None,200,,False,False,2019237,False,,None,0,0,None,,0,None,,0,None,
1292,0,10019,,,Npc,7019012,0,empty,None,200,,False,False,2019049,True,event_usphere_balloon_mihara_02,None,5,0,None,,0,None,,0,None,
1293,0,10019,,,Npc,7019013,0,empty,None,200,,False,False,2019050,True,event_usphere_balloon_uni_02,None,5,0,None,,0,None,,0,None,
1294,0,10019,,,Npc,7019004,0,empty,None,200,,False,False,2019051,False,,None,0,0,None,,0,None,,0,None,
1295,0,10019,,,Npc,7019008,0,empty,None,200,,False,False,2019052,False,,None,0,0,None,,0,None,,0,None,
1296,0,10019,,,Npc,7019007,0,empty,None,200,,False,False,2019053,False,,None,0,0,None,,0,None,,0,None,
1297,0,10019,,,Npc,7019005,0,empty,None,200,,False,False,2019054,False,,None,0,0,None,,0,None,,0,None,
1298,0,10019,,,Npc,7019009,0,empty,None,200,,False,False,2019055,False,,None,0,0,None,,0,None,,0,None,
1299,0,10019,,,Npc,7019001,0,empty,None,200,,False,False,2019056,False,,None,0,0,None,,0,None,,0,None,
1300,0,10019,,,Npc,7019001,0,empty,None,200,,False,False,2019057,False,,None,0,0,None,,0,None,,0,None,
1301,0,10019,,,Npc,7019001,0,empty,None,200,,False,False,2019058,False,,None,0,0,None,,0,None,,0,None,
1302,0,10019,,,Npc,7019001,0,empty,None,200,,False,False,2019059,False,,None,0,0,None,,0,None,,0,None,
1303,0,10019,,,Npc,7019001,0,empty,None,200,,False,False,2019060,False,,None,0,0,None,,0,None,,0,None,
1304,0,10019,,,Npc,7019002,0,empty,None,200,,False,False,2019061,False,,None,0,0,None,,0,None,,0,None,
1305,0,10019,,,Npc,7019002,0,empty,None,200,,False,False,2019062,False,,None,0,0,None,,0,None,,0,None,
1306,0,10019,,,Npc,7019002,0,empty,None,200,,False,False,2019063,False,,None,0,0,None,,0,None,,0,None,
1307,0,10019,,,Npc,7019002,0,empty,None,200,,False,False,2019064,False,,None,0,0,None,,0,None,,0,None,
1308,0,10019,,,Npc,7019002,0,empty,None,200,,False,False,2019065,False,,None,0,0,None,,0,None,,0,None,
1309,0,10019,,,Npc,7019003,0,empty,None,200,,False,False,2019066,False,,None,0,0,None,,0,None,,0,None,
1310,0,10019,,,Npc,7019003,0,empty,None,200,,False,False,2019067,False,,None,0,0,None,,0,None,,0,None,
1311,0,10019,,,Npc,7019003,0,empty,None,200,,False,False,2019068,False,,None,0,0,None,,0,None,,0,None,
1312,0,10019,,,Npc,7019003,0,empty,None,200,,False,False,2019069,False,,None,0,0,None,,0,None,,0,None,
1313,0,10019,,,Npc,7019003,0,empty,None,200,,False,False,2019070,False,,None,0,0,None,,0,None,,0,None,
1481,0,10019,,,Npc,7019001,0,empty,None,200,,False,False,2019238,False,,None,0,0,None,,0,None,,0,None,
1482,0,10019,,,Npc,7019001,0,empty,None,200,,False,False,2019239,False,,None,0,0,None,,0,None,,0,None,
1483,0,10019,,,Npc,7019001,0,empty,None,200,,False,False,2019240,False,,None,0,0,None,,0,None,,0,None,
1484,0,10019,,,Npc,7019002,0,empty,None,200,,False,False,2019241,False,,None,0,0,None,,0,None,,0,None,
1485,0,10019,,,Npc,7019002,0,empty,None,200,,False,False,2019242,False,,None,0,0,None,,0,None,,0,None,
1486,0,10019,,,Npc,7019002,0,empty,None,200,,False,False,2019243,False,,None,0,0,None,,0,None,,0,None,
1487,0,10019,,,Npc,7019003,0,empty,None,200,,False,False,2019244,False,,None,0,0,None,,0,None,,0,None,
1488,0,10019,,,Npc,7019003,0,empty,None,200,,False,False,2019245,False,,None,0,0,None,,0,None,,0,None,
1489,0,10019,,,Npc,7019003,0,empty,None,200,,False,False,2019246,False,,None,0,0,None,,0,None,,0,None,
1314,0,10019,,,Npc,7019016,0,empty,None,200,,False,False,2019071,True,event_usphere_balloon_mori_03,None,5,0,None,,0,None,,0,None,
1315,0,10019,,,Npc,7019012,0,empty,None,200,,False,False,2019072,True,event_usphere_balloon_mihara_03,None,5,0,None,,0,None,,0,None,
1316,0,10019,,,Npc,7019013,0,empty,None,200,,False,False,2019073,True,event_usphere_balloon_uni_03,None,5,0,None,,0,None,,0,None,
1317,0,10019,,,Npc,7019004,0,empty,None,200,,False,False,2019074,False,,None,0,0,None,,0,None,,0,None,
1318,0,10019,,,Npc,7019008,0,empty,None,200,,False,False,2019075,False,,None,0,0,None,,0,None,,0,None,
1319,0,10019,,,Npc,7019007,0,empty,None,200,,False,False,2019076,False,,None,0,0,None,,0,None,,0,None,
1320,0,10019,,,Npc,7019005,0,empty,None,200,,False,False,2019077,False,,None,0,0,None,,0,None,,0,None,
1321,0,10019,,,Npc,7019009,0,empty,None,200,,False,False,2019078,False,,None,0,0,None,,0,None,,0,None,
1322,0,10019,,,Npc,7019001,0,empty,None,200,,False,False,2019079,False,,None,0,0,None,,0,None,,0,None,
1323,0,10019,,,Npc,7019001,0,empty,None,200,,False,False,2019080,False,,None,0,0,None,,0,None,,0,None,
1324,0,10019,,,Npc,7019001,0,empty,None,200,,False,False,2019081,False,,None,0,0,None,,0,None,,0,None,
1325,0,10019,,,Npc,7019001,0,empty,None,200,,False,False,2019082,False,,None,0,0,None,,0,None,,0,None,
1326,0,10019,,,Npc,7019001,0,empty,None,200,,False,False,2019083,False,,None,0,0,None,,0,None,,0,None,
1327,0,10019,,,Npc,7019002,0,empty,None,200,,False,False,2019084,False,,None,0,0,None,,0,None,,0,None,
1328,0,10019,,,Npc,7019002,0,empty,None,200,,False,False,2019085,False,,None,0,0,None,,0,None,,0,None,
1329,0,10019,,,Npc,7019002,0,empty,None,200,,False,False,2019086,False,,None,0,0,None,,0,None,,0,None,
1330,0,10019,,,Npc,7019002,0,empty,None,200,,False,False,2019087,False,,None,0,0,None,,0,None,,0,None,
1331,0,10019,,,Npc,7019002,0,empty,None,200,,False,False,2019088,False,,None,0,0,None,,0,None,,0,None,
1332,0,10019,,,Npc,7019003,0,empty,None,200,,False,False,2019089,False,,None,0,0,None,,0,None,,0,None,
1333,0,10019,,,Npc,7019003,0,empty,None,200,,False,False,2019090,False,,None,0,0,None,,0,None,,0,None,
1334,0,10019,,,Npc,7019003,0,empty,None,200,,False,False,2019091,False,,None,0,0,None,,0,None,,0,None,
1335,0,10019,,,Npc,7019003,0,empty,None,200,,False,False,2019092,False,,None,0,0,None,,0,None,,0,None,
1336,0,10019,,,Npc,7019003,0,empty,None,200,,False,False,2019093,False,,None,0,0,None,,0,None,,0,None,
1490,0,10019,,,Npc,7019001,0,empty,None,200,,False,False,2019247,False,,None,0,0,None,,0,None,,0,None,
1491,0,10019,,,Npc,7019001,0,empty,None,200,,False,False,2019248,False,,None,0,0,None,,0,None,,0,None,
1492,0,10019,,,Npc,7019001,0,empty,None,200,,False,False,2019249,False,,None,0,0,None,,0,None,,0,None,
1493,0,10019,,,Npc,7019002,0,empty,None,200,,False,False,2019250,False,,None,0,0,None,,0,None,,0,None,
1494,0,10019,,,Npc,7019002,0,empty,None,200,,False,False,2019251,False,,None,0,0,None,,0,None,,0,None,
1495,0,10019,,,Npc,7019002,0,empty,None,200,,False,False,2019252,False,,None,0,0,None,,0,None,,0,None,
1496,0,10019,,,Npc,7019003,0,empty,None,200,,False,False,2019253,False,,None,0,0,None,,0,None,,0,None,
1497,0,10019,,,Npc,7019003,0,empty,None,200,,False,False,2019254,False,,None,0,0,None,,0,None,,0,None,
1498,0,10019,,,Npc,7019003,0,empty,None,200,,False,False,2019255,False,,None,0,0,None,,0,None,,0,None,
1337,0,10019,,,Npc,7019004,0,empty,None,200,,False,False,2019094,False,,None,0,0,None,,0,None,,0,None,
1338,0,10019,,,Npc,7019008,0,empty,None,200,,False,False,2019095,False,,None,0,0,None,,0,None,,0,None,
1339,0,10019,,,Npc,7019007,0,empty,None,200,,False,False,2019096,False,,None,0,0,None,,0,None,,0,None,
1340,0,10019,,,Npc,7019005,0,empty,None,200,,False,False,2019097,False,,None,0,0,None,,0,None,,0,None,
1341,0,10019,,,Npc,7019009,0,empty,None,200,,False,False,2019098,False,,None,0,0,None,,0,None,,0,None,
1342,0,10019,,,Npc,7019001,0,empty,None,200,,False,False,2019099,False,,None,0,0,None,,0,None,,0,None,
1343,0,10019,,,Npc,7019001,0,empty,None,200,,False,False,2019100,False,,None,0,0,None,,0,None,,0,None,
1344,0,10019,,,Npc,7019001,0,empty,None,200,,False,False,2019101,False,,None,0,0,None,,0,None,,0,None,
1345,0,10019,,,Npc,7019001,0,empty,None,200,,False,False,2019102,False,,None,0,0,None,,0,None,,0,None,
1346,0,10019,,,Npc,7019001,0,empty,None,200,,False,False,2019103,False,,None,0,0,None,,0,None,,0,None,
1347,0,10019,,,Npc,7019002,0,empty,None,200,,False,False,2019104,False,,None,0,0,None,,0,None,,0,None,
1348,0,10019,,,Npc,7019002,0,empty,None,200,,False,False,2019105,False,,None,0,0,None,,0,None,,0,None,
1349,0,10019,,,Npc,7019002,0,empty,None,200,,False,False,2019106,False,,None,0,0,None,,0,None,,0,None,
1350,0,10019,,,Npc,7019002,0,empty,None,200,,False,False,2019107,False,,None,0,0,None,,0,None,,0,None,
1351,0,10019,,,Npc,7019002,0,empty,None,200,,False,False,2019108,False,,None,0,0,None,,0,None,,0,None,
1352,0,10019,,,Npc,7019003,0,empty,None,200,,False,False,2019109,False,,None,0,0,None,,0,None,,0,None,
1353,0,10019,,,Npc,7019003,0,empty,None,200,,False,False,2019110,False,,None,0,0,None,,0,None,,0,None,
1354,0,10019,,,Npc,7019003,0,empty,None,200,,False,False,2019111,False,,None,0,0,None,,0,None,,0,None,
1355,0,10019,,,Npc,7019003,0,empty,None,200,,False,False,2019112,False,,None,0,0,None,,0,None,,0,None,
1356,0,10019,,,Npc,7019003,0,empty,None,200,,False,False,2019113,False,,None,0,0,None,,0,None,,0,None,
1499,0,10019,,,Npc,7019001,0,empty,None,200,,False,False,2019256,False,,None,0,0,None,,0,None,,0,None,
1500,0,10019,,,Npc,7019001,0,empty,None,200,,False,False,2019257,False,,None,0,0,None,,0,None,,0,None,
1501,0,10019,,,Npc,7019001,0,empty,None,200,,False,False,2019258,False,,None,0,0,None,,0,None,,0,None,
1502,0,10019,,,Npc,7019002,0,empty,None,200,,False,False,2019259,False,,None,0,0,None,,0,None,,0,None,
1503,0,10019,,,Npc,7019002,0,empty,None,200,,False,False,2019260,False,,None,0,0,None,,0,None,,0,None,
1504,0,10019,,,Npc,7019002,0,empty,None,200,,False,False,2019261,False,,None,0,0,None,,0,None,,0,None,
1505,0,10019,,,Npc,7019003,0,empty,None,200,,False,False,2019262,False,,None,0,0,None,,0,None,,0,None,
1506,0,10019,,,Npc,7019003,0,empty,None,200,,False,False,2019263,False,,None,0,0,None,,0,None,,0,None,
1507,0,10019,,,Npc,7019003,0,empty,None,200,,False,False,2019264,False,,None,0,0,None,,0,None,,0,None,
1357,0,10019,,,Npc,7019004,0,empty,None,200,,False,False,2019114,False,,None,0,0,None,,0,None,,0,None,
1358,0,10019,,,Npc,7019008,0,empty,None,200,,False,False,2019115,False,,None,0,0,None,,0,None,,0,None,
1359,0,10019,,,Npc,7019007,0,empty,None,200,,False,False,2019116,False,,None,0,0,None,,0,None,,0,None,
1360,0,10019,,,Npc,7019005,0,empty,None,200,,False,False,2019117,False,,None,0,0,None,,0,None,,0,None,
1361,0,10019,,,Npc,7019009,0,empty,None,200,,False,False,2019118,False,,None,0,0,None,,0,None,,0,None,
1362,0,10019,,,Npc,7019001,0,empty,None,200,,False,False,2019119,False,,None,0,0,None,,0,None,,0,None,
1363,0,10019,,,Npc,7019001,0,empty,None,200,,False,False,2019120,False,,None,0,0,None,,0,None,,0,None,
1364,0,10019,,,Npc,7019001,0,empty,None,200,,False,False,2019121,False,,None,0,0,None,,0,None,,0,None,
1365,0,10019,,,Npc,7019001,0,empty,None,200,,False,False,2019122,False,,None,0,0,None,,0,None,,0,None,
1366,0,10019,,,Npc,7019001,0,empty,None,200,,False,False,2019123,False,,None,0,0,None,,0,None,,0,None,
1367,0,10019,,,Npc,7019002,0,empty,None,200,,False,False,2019124,False,,None,0,0,None,,0,None,,0,None,
1368,0,10019,,,Npc,7019002,0,empty,None,200,,False,False,2019125,False,,None,0,0,None,,0,None,,0,None,
1369,0,10019,,,Npc,7019002,0,empty,None,200,,False,False,2019126,False,,None,0,0,None,,0,None,,0,None,
1370,0,10019,,,Npc,7019002,0,empty,None,200,,False,False,2019127,False,,None,0,0,None,,0,None,,0,None,
1371,0,10019,,,Npc,7019002,0,empty,None,200,,False,False,2019128,False,,None,0,0,None,,0,None,,0,None,
1372,0,10019,,,Npc,7019003,0,empty,None,200,,False,False,2019129,False,,None,0,0,None,,0,None,,0,None,
1373,0,10019,,,Npc,7019003,0,empty,None,200,,False,False,2019130,False,,None,0,0,None,,0,None,,0,None,
1374,0,10019,,,Npc,7019003,0,empty,None,200,,False,False,2019131,False,,None,0,0,None,,0,None,,0,None,
1375,0,10019,,,Npc,7019003,0,empty,None,200,,False,False,2019132,False,,None,0,0,None,,0,None,,0,None,
1376,0,10019,,,Npc,7019003,0,empty,None,200,,False,False,2019133,False,,None,0,0,None,,0,None,,0,None,
1508,0,10019,,,Npc,7019001,0,empty,None,200,,False,False,2019265,False,,None,0,0,None,,0,None,,0,None,
1509,0,10019,,,Npc,7019001,0,empty,None,200,,False,False,2019266,False,,None,0,0,None,,0,None,,0,None,
1510,0,10019,,,Npc,7019001,0,empty,None,200,,False,False,2019267,False,,None,0,0,None,,0,None,,0,None,
1511,0,10019,,,Npc,7019002,0,empty,None,200,,False,False,2019268,False,,None,0,0,None,,0,None,,0,None,
1512,0,10019,,,Npc,7019002,0,empty,None,200,,False,False,2019269,False,,None,0,0,None,,0,None,,0,None,
1513,0,10019,,,Npc,7019002,0,empty,None,200,,False,False,2019270,False,,None,0,0,None,,0,None,,0,None,
1514,0,10019,,,Npc,7019003,0,empty,None,200,,False,False,2019271,False,,None,0,0,None,,0,None,,0,None,
1515,0,10019,,,Npc,7019003,0,empty,None,200,,False,False,2019272,False,,None,0,0,None,,0,None,,0,None,
1516,0,10019,,,Npc,7019003,0,empty,None,200,,False,False,2019273,False,,None,0,0,None,,0,None,,0,None,
1377,0,10019,,,Npc,7019004,0,empty,None,200,,False,False,2019134,False,,None,0,0,None,,0,None,,0,None,
1378,0,10019,,,Npc,7019008,0,empty,None,200,,False,False,2019135,False,,None,0,0,None,,0,None,,0,None,
1379,0,10019,,,Npc,7019007,0,empty,None,200,,False,False,2019136,False,,None,0,0,None,,0,None,,0,None,
1380,0,10019,,,Npc,7019005,0,empty,None,200,,False,False,2019137,False,,None,0,0,None,,0,None,,0,None,
1381,0,10019,,,Npc,7019009,0,empty,None,200,,False,False,2019138,False,,None,0,0,None,,0,None,,0,None,
1382,0,10019,,,Npc,7019001,0,empty,None,200,,False,False,2019139,False,,None,0,0,None,,0,None,,0,None,
1383,0,10019,,,Npc,7019001,0,empty,None,200,,False,False,2019140,False,,None,0,0,None,,0,None,,0,None,
1384,0,10019,,,Npc,7019001,0,empty,None,200,,False,False,2019141,False,,None,0,0,None,,0,None,,0,None,
1385,0,10019,,,Npc,7019001,0,empty,None,200,,False,False,2019142,False,,None,0,0,None,,0,None,,0,None,
1386,0,10019,,,Npc,7019001,0,empty,None,200,,False,False,2019143,False,,None,0,0,None,,0,None,,0,None,
1387,0,10019,,,Npc,7019002,0,empty,None,200,,False,False,2019144,False,,None,0,0,None,,0,None,,0,None,
1388,0,10019,,,Npc,7019002,0,empty,None,200,,False,False,2019145,False,,None,0,0,None,,0,None,,0,None,
1389,0,10019,,,Npc,7019002,0,empty,None,200,,False,False,2019146,False,,None,0,0,None,,0,None,,0,None,
1390,0,10019,,,Npc,7019002,0,empty,None,200,,False,False,2019147,False,,None,0,0,None,,0,None,,0,None,
1391,0,10019,,,Npc,7019002,0,empty,None,200,,False,False,2019148,False,,None,0,0,None,,0,None,,0,None,
1392,0,10019,,,Npc,7019003,0,empty,None,200,,False,False,2019149,False,,None,0,0,None,,0,None,,0,None,
1393,0,10019,,,Npc,7019003,0,empty,None,200,,False,False,2019150,False,,None,0,0,None,,0,None,,0,None,
1394,0,10019,,,Npc,7019003,0,empty,None,200,,False,False,2019151,False,,None,0,0,None,,0,None,,0,None,
1395,0,10019,,,Npc,7019003,0,empty,None,200,,False,False,2019152,False,,None,0,0,None,,0,None,,0,None,
1396,0,10019,,,Npc,7019003,0,empty,None,200,,False,False,2019153,False,,None,0,0,None,,0,None,,0,None,
1517,0,10019,,,Npc,7019001,0,empty,None,200,,False,False,2019274,False,,None,0,0,None,,0,None,,0,None,
1518,0,10019,,,Npc,7019001,0,empty,None,200,,False,False,2019275,False,,None,0,0,None,,0,None,,0,None,
1519,0,10019,,,Npc,7019001,0,empty,None,200,,False,False,2019276,False,,None,0,0,None,,0,None,,0,None,
1520,0,10019,,,Npc,7019002,0,empty,None,200,,False,False,2019277,False,,None,0,0,None,,0,None,,0,None,
1521,0,10019,,,Npc,7019002,0,empty,None,200,,False,False,2019278,False,,None,0,0,None,,0,None,,0,None,
1522,0,10019,,,Npc,7019002,0,empty,None,200,,False,False,2019279,False,,None,0,0,None,,0,None,,0,None,
1523,0,10019,,,Npc,7019003,0,empty,None,200,,False,False,2019280,False,,None,0,0,None,,0,None,,0,None,
1524,0,10019,,,Npc,7019003,0,empty,None,200,,False,False,2019281,False,,None,0,0,None,,0,None,,0,None,
1525,0,10019,,,Npc,7019003,0,empty,None,200,,False,False,2019282,False,,None,0,0,None,,0,None,,0,None,
1397,0,10019,,,Npc,7019016,0,empty,None,200,,False,False,2019154,True,event_usphere_balloon_mori_04,None,5,0,None,,0,None,,0,None,
1398,0,10019,,,Npc,7019004,0,empty,None,200,,False,False,2019155,False,,None,0,0,None,,0,None,,0,None,
1399,0,10019,,,Npc,7019008,0,empty,None,200,,False,False,2019156,False,,None,0,0,None,,0,None,,0,None,
1400,0,10019,,,Npc,7019007,0,empty,None,200,,False,False,2019157,False,,None,0,0,None,,0,None,,0,None,
1401,0,10019,,,Npc,7019005,0,empty,None,200,,False,False,2019158,False,,None,0,0,None,,0,None,,0,None,
1402,0,10019,,,Npc,7019009,0,empty,None,200,,False,False,2019159,False,,None,0,0,None,,0,None,,0,None,
1403,0,10019,,,Npc,7019001,0,empty,None,200,,False,False,2019160,False,,None,0,0,None,,0,None,,0,None,
1404,0,10019,,,Npc,7019001,0,empty,None,200,,False,False,2019161,False,,None,0,0,None,,0,None,,0,None,
1405,0,10019,,,Npc,7019001,0,empty,None,200,,False,False,2019162,False,,None,0,0,None,,0,None,,0,None,
1406,0,10019,,,Npc,7019001,0,empty,None,200,,False,False,2019163,False,,None,0,0,None,,0,None,,0,None,
1407,0,10019,,,Npc,7019001,0,empty,None,200,,False,False,2019164,False,,None,0,0,None,,0,None,,0,None,
1408,0,10019,,,Npc,7019002,0,empty,None,200,,False,False,2019165,False,,None,0,0,None,,0,None,,0,None,
1409,0,10019,,,Npc,7019002,0,empty,None,200,,False,False,2019166,False,,None,0,0,None,,0,None,,0,None,
1410,0,10019,,,Npc,7019002,0,empty,None,200,,False,False,2019167,False,,None,0,0,None,,0,None,,0,None,
1411,0,10019,,,Npc,7019002,0,empty,None,200,,False,False,2019168,False,,None,0,0,None,,0,None,,0,None,
1412,0,10019,,,Npc,7019002,0,empty,None,200,,False,False,2019169,False,,None,0,0,None,,0,None,,0,None,
1413,0,10019,,,Npc,7019003,0,empty,None,200,,False,False,2019170,False,,None,0,0,None,,0,None,,0,None,
1414,0,10019,,,Npc,7019003,0,empty,None,200,,False,False,2019171,False,,None,0,0,None,,0,None,,0,None,
1415,0,10019,,,Npc,7019003,0,empty,None,200,,False,False,2019172,False,,None,0,0,None,,0,None,,0,None,
1416,0,10019,,,Npc,7019003,0,empty,None,200,,False,False,2019173,False,,None,0,0,None,,0,None,,0,None,
1417,0,10019,,,Npc,7019003,0,empty,None,200,,False,False,2019174,False,,None,0,0,None,,0,None,,0,None,
1526,0,10019,,,Npc,7019001,0,empty,None,200,,False,False,2019283,False,,None,0,0,None,,0,None,,0,None,
1527,0,10019,,,Npc,7019001,0,empty,None,200,,False,False,2019284,False,,None,0,0,None,,0,None,,0,None,
1528,0,10019,,,Npc,7019001,0,empty,None,200,,False,False,2019285,False,,None,0,0,None,,0,None,,0,None,
1529,0,10019,,,Npc,7019002,0,empty,None,200,,False,False,2019286,False,,None,0,0,None,,0,None,,0,None,
1530,0,10019,,,Npc,7019002,0,empty,None,200,,False,False,2019287,False,,None,0,0,None,,0,None,,0,None,
1531,0,10019,,,Npc,7019002,0,empty,None,200,,False,False,2019288,False,,None,0,0,None,,0,None,,0,None,
1532,0,10019,,,Npc,7019003,0,empty,None,200,,False,False,2019289,False,,None,0,0,None,,0,None,,0,None,
1533,0,10019,,,Npc,7019003,0,empty,None,200,,False,False,2019290,False,,None,0,0,None,,0,None,,0,None,
1534,0,10019,,,Npc,7019003,0,empty,None,200,,False,False,2019291,False,,None,0,0,None,,0,None,,0,None,
1418,0,10019,,,Npc,7019016,0,empty,None,200,,False,False,2019175,True,event_usphere_balloon_mori_05,None,5,0,None,,0,None,,0,None,
1419,0,10019,,,Npc,7019012,0,empty,None,200,,False,False,2019176,True,event_usphere_balloon_mihara_04,None,5,0,None,,0,None,,0,None,
1420,0,10019,,,Npc,7019013,0,empty,None,200,,False,False,2019177,True,event_usphere_balloon_uni_04,None,5,0,None,,0,None,,0,None,
1421,0,10019,,,Npc,7019014,0,empty,None,200,,False,False,2019178,True,event_usphere_balloon_cin_01,None,5,0,None,,0,None,,0,None,
1422,0,10019,,,Npc,7019015,0,empty,None,200,,False,False,2019179,True,event_usphere_balloon_grave_01,None,5,0,None,,0,None,,0,None,
1423,0,10019,,,Npc,7019004,0,empty,None,200,,False,False,2019180,False,,None,0,0,None,,0,None,,0,None,
1424,0,10019,,,Npc,7019008,0,empty,None,200,,False,False,2019181,False,,None,0,0,None,,0,None,,0,None,
1425,0,10019,,,Npc,7019007,0,empty,None,200,,False,False,2019182,False,,None,0,0,None,,0,None,,0,None,
1426,0,10019,,,Npc,7019005,0,empty,None,200,,False,False,2019183,False,,None,0,0,None,,0,None,,0,None,
1427,0,10019,,,Npc,7019009,0,empty,None,200,,False,False,2019184,False,,None,0,0,None,,0,None,,0,None,
1428,0,10019,,,Npc,7019001,0,empty,None,200,,False,False,2019185,False,,None,0,0,None,,0,None,,0,None,
1429,0,10019,,,Npc,7019001,0,empty,None,200,,False,False,2019186,False,,None,0,0,None,,0,None,,0,None,
1430,0,10019,,,Npc,7019001,0,empty,None,200,,False,False,2019187,False,,None,0,0,None,,0,None,,0,None,
1431,0,10019,,,Npc,7019001,0,empty,None,200,,False,False,2019188,False,,None,0,0,None,,0,None,,0,None,
1432,0,10019,,,Npc,7019001,0,empty,None,200,,False,False,2019189,False,,None,0,0,None,,0,None,,0,None,
1433,0,10019,,,Npc,7019002,0,empty,None,200,,False,False,2019190,False,,None,0,0,None,,0,None,,0,None,
1434,0,10019,,,Npc,7019002,0,empty,None,200,,False,False,2019191,False,,None,0,0,None,,0,None,,0,None,
1435,0,10019,,,Npc,7019002,0,empty,None,200,,False,False,2019192,False,,None,0,0,None,,0,None,,0,None,
1436,0,10019,,,Npc,7019002,0,empty,None,200,,False,False,2019193,False,,None,0,0,None,,0,None,,0,None,
1437,0,10019,,,Npc,7019002,0,empty,None,200,,False,False,2019194,False,,None,0,0,None,,0,None,,0,None,
1438,0,10019,,,Npc,7019003,0,empty,None,200,,False,False,2019195,False,,None,0,0,None,,0,None,,0,None,
1439,0,10019,,,Npc,7019003,0,empty,None,200,,False,False,2019196,False,,None,0,0,None,,0,None,,0,None,
1440,0,10019,,,Npc,7019003,0,empty,None,200,,False,False,2019197,False,,None,0,0,None,,0,None,,0,None,
1441,0,10019,,,Npc,7019003,0,empty,None,200,,False,False,2019198,False,,None,0,0,None,,0,None,,0,None,
1442,0,10019,,,Npc,7019003,0,empty,None,200,,False,False,2019199,False,,None,0,0,None,,0,None,,0,None,
1535,0,10019,,,Npc,7019001,0,empty,None,200,,False,False,2019292,False,,None,0,0,None,,0,None,,0,None,
1536,0,10019,,,Npc,7019001,0,empty,None,200,,False,False,2019293,False,,None,0,0,None,,0,None,,0,None,
1537,0,10019,,,Npc,7019001,0,empty,None,200,,False,False,2019294,False,,None,0,0,None,,0,None,,0,None,
1538,0,10019,,,Npc,7019002,0,empty,None,200,,False,False,2019295,False,,None,0,0,None,,0,None,,0,None,
1539,0,10019,,,Npc,7019002,0,empty,None,200,,False,False,2019296,False,,None,0,0,None,,0,None,,0,None,
1540,0,10019,,,Npc,7019002,0,empty,None,200,,False,False,2019297,False,,None,0,0,None,,0,None,,0,None,
1541,0,10019,,,Npc,7019003,0,empty,None,200,,False,False,2019298,False,,None,0,0,None,,0,None,,0,None,
1542,0,10019,,,Npc,7019003,0,empty,None,200,,False,False,2019299,False,,None,0,0,None,,0,None,,0,None,
1443,0,10019,,,Npc,7019004,0,empty,None,200,,False,False,2019200,False,,None,0,0,None,,0,None,,0,None,
1444,0,10019,,,Npc,7019008,0,empty,None,200,,False,False,2019201,False,,None,0,0,None,,0,None,,0,None,
1445,0,10019,,,Npc,7019007,0,empty,None,200,,False,False,2019202,False,,None,0,0,None,,0,None,,0,None,
1446,0,10019,,,Npc,7019005,0,empty,None,200,,False,False,2019203,False,,None,0,0,None,,0,None,,0,None,
1447,0,10019,,,Npc,7019009,0,empty,None,200,,False,False,2019204,False,,None,0,0,None,,0,None,,0,None,
1448,0,10019,,,Npc,7019001,0,empty,None,200,,False,False,2019205,False,,None,0,0,None,,0,None,,0,None,
1449,0,10019,,,Npc,7019001,0,empty,None,200,,False,False,2019206,False,,None,0,0,None,,0,None,,0,None,
1450,0,10019,,,Npc,7019001,0,empty,None,200,,False,False,2019207,False,,None,0,0,None,,0,None,,0,None,
1451,0,10019,,,Npc,7019001,0,empty,None,200,,False,False,2019208,False,,None,0,0,None,,0,None,,0,None,
1452,0,10019,,,Npc,7019001,0,empty,None,200,,False,False,2019209,False,,None,0,0,None,,0,None,,0,None,
1453,0,10019,,,Npc,7019002,0,empty,None,200,,False,False,2019210,False,,None,0,0,None,,0,None,,0,None,
1454,0,10019,,,Npc,7019002,0,empty,None,200,,False,False,2019211,False,,None,0,0,None,,0,None,,0,None,
1455,0,10019,,,Npc,7019002,0,empty,None,200,,False,False,2019212,False,,None,0,0,None,,0,None,,0,None,
1456,0,10019,,,Npc,7019002,0,empty,None,200,,False,False,2019213,False,,None,0,0,None,,0,None,,0,None,
1457,0,10019,,,Npc,7019002,0,empty,None,200,,False,False,2019214,False,,None,0,0,None,,0,None,,0,None,
1458,0,10019,,,Npc,7019003,0,empty,None,200,,False,False,2019215,False,,None,0,0,None,,0,None,,0,None,
1459,0,10019,,,Npc,7019003,0,empty,None,200,,False,False,2019216,False,,None,0,0,None,,0,None,,0,None,
1460,0,10019,,,Npc,7019003,0,empty,None,200,,False,False,2019217,False,,None,0,0,None,,0,None,,0,None,
1461,0,10019,,,Npc,7019003,0,empty,None,200,,False,False,2019218,False,,None,0,0,None,,0,None,,0,None,
1462,0,10019,,,Npc,7019003,0,empty,None,200,,False,False,2019219,False,,None,0,0,None,,0,None,,0,None,
1543,0,10019,,,Npc,7019001,0,empty,None,200,,False,False,2019300,False,,None,0,0,None,,0,None,,0,None,
1544,0,10019,,,Npc,7019001,0,empty,None,200,,False,False,2019301,False,,None,0,0,None,,0,None,,0,None,
1545,0,10019,,,Npc,7019001,0,empty,None,200,,False,False,2019302,False,,None,0,0,None,,0,None,,0,None,
1546,0,10019,,,Npc,7019002,0,empty,None,200,,False,False,2019303,False,,None,0,0,None,,0,None,,0,None,
1547,0,10019,,,Npc,7019002,0,empty,None,200,,False,False,2019304,False,,None,0,0,None,,0,None,,0,None,
1548,0,10019,,,Npc,7019002,0,empty,None,200,,False,False,2019305,False,,None,0,0,None,,0,None,,0,None,
1549,0,10019,,,Npc,7019003,0,empty,None,200,,False,False,2019306,False,,None,0,0,None,,0,None,,0,None,
1550,0,10019,,,Npc,7019003,0,empty,None,200,,False,False,2019307,False,,None,0,0,None,,0,None,,0,None,
1551,0,10019,,,Npc,7019003,0,empty,None,200,,False,False,2019308,False,,None,0,0,None,,0,None,,0,None,
1041,1,10017,Locale_Character:npc_9999999_name_52,Locale_Event:event_contents_storydungeon_before,Npc,9999999,0,sprite_event_icedragonsaga_npc_tag,None,200,sprite_btn_event_icedragonsaga,False,False,0,False,,None,0,40064,None,,0,None,,0,None,
1042,0,10017,Locale_Character:npc_9999999_name_53,,Npc,9999999,0,sprite_event_icedragonsaga_npc_tag,None,250,sprite_btn_event_icedragonsaga,False,False,2017001,False,,None,0,0,None,,0,None,,0,None,
1043,2,10017,Locale_Character:npc_9999999_name_53,Locale_Event:event_contents_storydungeon_after,Npc,9999999,0,sprite_event_icedragonsaga_npc_tag,None,250,sprite_btn_event_icedragonsaga,False,False,2017002,False,,None,0,40065,None,,0,None,,0,None,
1044,3,10017,Locale_Character:npc_9999999_name_54,Locale_Event:event_contents_challenge,Npc,7001007,0,sprite_event_icedragonsaga_npc_tag,None,200,sprite_btn_event_icedragonsaga,False,True,0,False,,None,0,60064,None,,0,None,,0,None,
1045,0,10017,Locale_Character:npc_9999999_name_55,,Npc,7017014,0,sprite_event_icedragonsaga_npc_tag,None,200,sprite_btn_event_icedragonsaga,False,False,2017003,False,,None,0,0,None,,0,None,,0,None,
1046,4,10017,Locale_Character:npc_9999999_name_55,Locale_Event:event_contents_minigame,Npc,7017014,0,sprite_event_icedragonsaga_npc_tag,None,200,sprite_btn_event_icedragonsaga,False,False,2017004,False,,None,0,1009,Arcade,,0,None,,0,None,
1047,5,10017,Locale_Character:npc_9999999_name_56,Locale_Event:event_contents_login,Npc,9999999,0,sprite_event_icedragonsaga_npc_tag,None,250,sprite_btn_event_icedragonsaga,True,True,0,False,,None,0,81703,None,,0,None,,0,None,
1048,6,10017,Locale_Character:npc_9999999_name_57,Locale_Event:event_contents_shop,Npc,9999999,0,sprite_event_icedragonsaga_npc_tag,None,250,sprite_btn_event_icedragonsaga,True,True,0,False,,None,0,81702,None,,0,None,,0,None,
1049,0,10017,,,Character,30,0,,None,200,,False,False,2017005,True,event_icedragonsaga_balloon_01,None,5,0,None,,0,None,,0,None,
1050,0,10017,,,Character,32,0,,None,200,,False,False,2017006,False,,None,5,0,None,,0,None,,0,None,
1051,0,10017,,,Character,33,0,,None,200,,False,False,2017007,False,,None,5,0,None,,0,None,,0,None,
1052,0,10017,,,Character,210,1,,None,200,,False,False,2017008,True,event_icedragonsaga_balloon_02,None,5,0,None,,0,None,,0,None,
1053,0,10017,,,Character,313,0,,None,200,,False,False,2017009,True,event_icedragonsaga_balloon_03,None,5,0,None,,0,None,,0,None,
1054,0,10017,,,Npc,7017013,0,,None,200,,False,False,2017010,True,event_icedragonsaga_balloon_04,None,5,0,None,,0,None,,0,None,
1055,0,10017,,,Character,91,1,,None,200,,False,False,2017011,True,event_icedragonsaga_balloon_05,None,5,0,None,,0,None,,0,None,
1056,0,10017,,,Character,183,0,,None,200,,False,False,2017012,True,event_icedragonsaga_balloon_06,None,5,0,None,,0,None,,0,None,
1057,0,10017,,,Character,91,1,,None,200,,False,False,2017013,True,event_icedragonsaga_balloon_07,None,5,0,None,,0,None,,0,None,
1058,0,10017,,,Npc,7017007,0,,None,200,,False,False,2017014,True,event_icedragonsaga_balloon_08,None,5,0,None,,0,None,,0,None,
1059,0,10017,,,Character,431,1,,None,200,,False,False,2017015,True,event_icedragonsaga_balloon_09,None,5,0,None,,0,None,,0,None,
1060,0,10017,,,Character,431,1,,None,200,,False,False,2017016,True,event_icedragonsaga_balloon_10,None,5,0,None,,0,None,,0,None,
1061,0,10017,,,Npc,7007001,0,,None,200,,False,False,2017017,True,event_icedragonsaga_balloon_11,None,5,0,None,,0,None,,0,None,
1062,0,10017,,,Character,183,0,,None,200,,False,False,2017018,True,event_icedragonsaga_balloon_12,None,5,0,None,,0,None,,0,None,
1063,0,10017,,,Npc,7007001,0,,None,200,,False,False,2017019,True,event_icedragonsaga_balloon_13,None,5,0,None,,0,None,,0,None,
1064,0,10017,,,Character,282,0,,None,200,,False,False,2017020,True,event_icedragonsaga_balloon_14,None,5,0,None,,0,None,,0,None,
1065,0,10017,,,Character,280,0,,None,200,,False,False,2017021,True,event_icedragonsaga_balloon_15,None,5,0,None,,0,None,,0,None,
1066,0,10017,,,Character,281,0,,None,200,,False,False,2017022,True,event_icedragonsaga_balloon_16,None,5,0,None,,0,None,,0,None,
1067,0,10017,,,Character,183,0,,None,200,,False,False,2017023,True,event_icedragonsaga_balloon_17,None,5,0,None,,0,None,,0,None,
1068,0,10017,,,Npc,7007001,0,,None,200,,False,False,2017024,True,event_icedragonsaga_balloon_18,None,5,0,None,,0,None,,0,None,
1069,0,10017,,,Character,313,0,,None,200,,False,False,2017025,True,event_icedragonsaga_balloon_19,None,5,0,None,,0,None,,0,None,
1070,0,10017,,,Character,101,2,,None,200,,False,False,2017026,True,event_icedragonsaga_balloon_20,None,5,0,None,,0,None,,0,None,
1071,0,10017,,,Character,280,0,,None,200,,False,False,2017027,True,event_icedragonsaga_balloon_21,None,5,0,None,,0,None,,0,None,
1072,0,10017,,,Character,171,0,,None,200,,False,False,2017028,True,event_icedragonsaga_balloon_22,None,5,0,None,,0,None,,0,None,
1073,0,10017,,,Character,281,0,,None,200,,False,False,2017029,True,event_icedragonsaga_balloon_23,None,5,0,None,,0,None,,0,None,
1074,0,10017,,,Character,183,0,,None,200,,False,False,2017030,True,event_icedragonsaga_balloon_24,None,5,0,None,,0,None,,0,None,
1075,0,10017,,,Character,210,1,,None,200,,False,False,2017031,True,event_icedragonsaga_balloon_25,None,5,0,None,,0,None,,0,None,
1076,0,10017,,,Character,183,0,,None,200,,False,False,2017032,True,event_icedragonsaga_balloon_26,None,5,0,None,,0,None,,0,None,
1077,0,10017,,,Character,100,0,,None,200,,False,False,2017033,True,event_icedragonsaga_balloon_27,None,5,0,None,,0,None,,0,None,
1078,0,10017,,,Character,183,0,,None,200,,False,False,2017034,True,event_icedragonsaga_balloon_28,None,5,0,None,,0,None,,0,None,
1079,0,10017,,,Character,431,1,,None,200,,False,False,2017035,True,event_icedragonsaga_balloon_29,None,5,0,None,,0,None,,0,None,
1080,0,10017,,,Character,171,0,,None,200,,False,False,2017036,True,event_icedragonsaga_balloon_30,None,5,0,None,,0,None,,0,None,
1081,0,10017,,,Character,100,0,,None,200,,False,False,2017037,True,event_icedragonsaga_balloon_31,None,5,0,None,,0,None,,0,None,
1082,0,10017,,,Character,101,2,,None,200,,False,False,2017038,True,event_icedragonsaga_balloon_32,None,5,0,None,,0,None,,0,None,
1083,0,10017,,,Character,210,1,,None,200,,False,False,2017039,True,event_icedragonsaga_balloon_33,None,5,0,None,,0,None,,0,None,
1084,0,10017,,,Character,313,0,,None,200,,False,False,2017040,True,event_icedragonsaga_balloon_34,None,5,0,None,,0,None,,0,None,
1085,0,10017,,,Character,91,1,,None,200,,False,False,2017041,True,event_icedragonsaga_balloon_35,None,5,0,None,,0,None,,0,None,
1086,0,10017,,,Character,212,0,,None,200,,False,False,2017042,True,event_icedragonsaga_balloon_36,None,5,0,None,,0,None,,0,None,
1087,0,10017,,,Character,142,0,,None,200,,False,False,2017043,True,event_icedragonsaga_balloon_37,None,5,0,None,,0,None,,0,None,
1128,0,10017,,,Npc,7017010,0,,None,200,,False,False,2017084,True,event_icedragonsaga_balloon_38,None,5,0,None,,0,None,,0,None,
1088,0,10017,,,Npc,7005005,0,,None,200,,False,False,2017044,False,,None,0,0,None,,0,None,,0,None,
1089,0,10017,,,Npc,7017005,0,,None,200,,False,False,2017045,False,,None,0,0,None,,0,None,,0,None,
1090,0,10017,,,Npc,7005002,0,,None,200,,False,False,2017046,False,,None,0,0,None,,0,None,,0,None,
1091,0,10017,,,Npc,7005008,0,,None,200,,False,False,2017047,False,,None,0,0,None,,0,None,,0,None,
1092,0,10017,,,Npc,7017006,0,,None,200,,False,False,2017048,False,,None,0,0,None,,0,None,,0,None,
1093,0,10017,,,Npc,7017001,0,,None,200,,False,False,2017049,False,,None,0,0,None,,0,None,,0,None,
1094,0,10017,,,Npc,7017002,0,,None,200,,False,False,2017050,False,,None,0,0,None,,0,None,,0,None,
1095,0,10017,,,Npc,7017003,0,,None,200,,False,False,2017051,False,,None,0,0,None,,0,None,,0,None,
1096,0,10017,,,Npc,7005005,0,,None,200,,False,False,2017052,False,,None,0,0,None,,0,None,,0,None,
1097,0,10017,,,Npc,7005008,0,,None,200,,False,False,2017053,False,,None,0,0,None,,0,None,,0,None,
1098,0,10017,,,Npc,7017004,0,,None,200,,False,False,2017054,False,,None,0,0,None,,0,None,,0,None,
1099,0,10017,,,Npc,7017005,0,,None,200,,False,False,2017055,False,,None,0,0,None,,0,None,,0,None,
1100,0,10017,,,Npc,7017006,0,,None,200,,False,False,2017056,False,,None,0,0,None,,0,None,,0,None,
1101,0,10017,,,Npc,7005001,0,,None,200,,False,False,2017057,False,,None,0,0,None,,0,None,,0,None,
1102,0,10017,,,Npc,7005002,0,,None,200,,False,False,2017058,False,,None,0,0,None,,0,None,,0,None,
1103,0,10017,,,Npc,7017001,0,,None,200,,False,False,2017059,False,,None,0,0,None,,0,None,,0,None,
1104,0,10017,,,Npc,7017002,0,,None,200,,False,False,2017060,False,,None,0,0,None,,0,None,,0,None,
1105,0,10017,,,Npc,7017003,0,,None,200,,False,False,2017061,False,,None,0,0,None,,0,None,,0,None,
1106,0,10017,,,Npc,7017004,0,,None,200,,False,False,2017062,False,,None,0,0,None,,0,None,,0,None,
1107,0,10017,,,Npc,7005001,0,,None,200,,False,False,2017063,False,,None,0,0,None,,0,None,,0,None,
1108,0,10017,,,Npc,7017004,0,,None,200,,False,False,2017064,False,,None,0,0,None,,0,None,,0,None,
1109,0,10017,,,Npc,7005001,0,,None,200,,False,False,2017065,False,,None,0,0,None,,0,None,,0,None,
1110,0,10017,,,Character,431,1,,None,200,,False,False,2017066,False,,None,0,0,None,,0,None,,0,None,
1111,0,10017,,,Character,91,1,,None,200,,False,False,2017067,False,,None,0,0,None,,0,None,,0,None,
1112,0,10017,,,Npc,7017006,0,,None,200,,False,False,2017068,False,,None,0,0,None,,0,None,,0,None,
1113,0,10017,,,Npc,7017005,0,,None,200,,False,False,2017069,False,,None,0,0,None,,0,None,,0,None,
1114,0,10017,,,Npc,7005002,0,,None,200,,False,False,2017070,False,,None,0,0,None,,0,None,,0,None,
1115,0,10017,,,Npc,7017001,0,,None,200,,False,False,2017071,False,,None,0,0,None,,0,None,,0,None,
1116,0,10017,,,Npc,7005005,0,,None,200,,False,False,2017072,False,,None,0,0,None,,0,None,,0,None,
1117,0,10017,,,Npc,7005008,0,,None,200,,False,False,2017073,False,,None,0,0,None,,0,None,,0,None,
1118,0,10017,,,Npc,7017004,0,,None,200,,False,False,2017074,False,,None,0,0,None,,0,None,,0,None,
1119,0,10017,,,Npc,7005001,0,,None,200,,False,False,2017075,False,,None,0,0,None,,0,None,,0,None,
1120,0,10017,,,Npc,7017001,0,,None,200,,False,False,2017076,False,,None,0,0,None,,0,None,,0,None,
1121,0,10017,,,Npc,7017002,0,,None,200,,False,False,2017077,False,,None,0,0,None,,0,None,,0,None,
1122,0,10017,,,Npc,7017003,0,,None,200,,False,False,2017078,False,,None,0,0,None,,0,None,,0,None,
1123,0,10017,,,Npc,7017006,0,,None,200,,False,False,2017079,False,,None,0,0,None,,0,None,,0,None,
1124,0,10017,,,Npc,7005005,0,,None,200,,False,False,2017080,False,,None,0,0,None,,0,None,,0,None,
1125,0,10017,,,Npc,7017005,0,,None,200,,False,False,2017081,False,,None,0,0,None,,0,None,,0,None,
1126,0,10017,,,Npc,7005002,0,,None,200,,False,False,2017082,False,,None,0,0,None,,0,None,,0,None,
1127,0,10017,,,Npc,7017001,0,,None,200,,False,False,2017083,False,,None,0,0,None,,0,None,,0,None,
1129,0,10017,,,Npc,7017012,0,,None,200,,False,False,2017085,False,,None,0,0,None,,0,None,,0,None,
1130,0,10017,,,Npc,9999999,0,,None,200,,False,False,2017086,False,,None,0,0,None,,0,None,,0,None,
