id,bgm_type,bgm_sub_type,type_value,event_id,default,bgm_trigger_event_type,bgm_trigger_event_value,bgm_loop
1000000,Ambient,Campaign_stage,0,0,True,None,0,ambient_chapter_0
1000001,Ambient,Campaign_stage,1,0,True,None,0,ambient_chapter_1
1000002,Ambient,Campaign_stage,2,0,True,None,0,ambient_chapter_2
1000003,Ambient,Campaign_stage,3,0,True,None,0,ambient_chapter_3
1000004,Ambient,Campaign_stage,4,0,True,None,0,ambient_chapter_4
1000005,Ambient,Campaign_stage,5,0,True,None,0,ambient_chapter_5
1000006,Ambient,Campaign_stage,6,0,True,None,0,ambient_chapter_6
1000007,Ambient,Campaign_stage,7,0,True,None,0,ambient_chapter_5
1000008,Ambient,Campaign_stage,8,0,True,None,0,ambient_chapter_8
1000009,Ambient,Campaign_stage,9,0,True,None,0,ambient_chapter_9
1000010,Ambient,Campaign_stage,10,0,True,None,0,ambient_chapter_10
1000011,Ambient,Campaign_stage,11,0,True,None,0,ambient_chapter_11
1000012,Ambient,Campaign_stage,12,0,True,None,0,ambient_chapter_12
1000013,Ambient,Campaign_stage,13,0,True,None,0,ambient_chapter_13
1000014,Ambient,Campaign_stage,14,0,True,None,0,ambient_chapter_14
1000015,Ambient,Campaign_stage,15,0,True,None,0,ambient_chapter_3
1000016,Ambient,Campaign_stage,16,0,True,None,0,ambient_chapter_5
1000017,Ambient,Campaign_stage,17,0,True,None,0,ambient_chapter_17
1000018,Ambient,Campaign_stage,18,0,True,None,0,ambient_chapter_18
1000019,Ambient,Campaign_stage,19,0,True,None,0,ambient_chapter_9
1000020,Ambient,Campaign_stage,20,0,True,None,0,ambient_chapter_10
1000021,Ambient,Campaign_stage,21,0,True,None,0,ambient_chapter_11
1000022,Ambient,Campaign_stage,22,0,True,None,0,ambient_chapter_8
1000023,Ambient,Campaign_stage,23,0,True,None,0,ambient_chapter_9
1000024,Ambient,Campaign_stage,24,0,True,None,0,ambient_chapter_9
1000025,Ambient,Campaign_stage,24,0,True,None,1,ambient_chapter_24_inmmr
1000026,Ambient,Campaign_stage,25,0,True,None,0,ambient_chapter_2
1000027,Ambient,Campaign_stage,26,0,True,None,0,ambient_chapter_26
1000028,Ambient,Campaign_stage,27,0,True,None,0,ambient_chapter_27
1000029,Ambient,Campaign_stage,28,0,True,None,0,ambient_chapter_28
1000030,Ambient,Campaign_stage,29,0,True,None,0,ambient_chapter_13
1000031,Ambient,Campaign_stage,30,0,True,None,0,ambient_chapter_14
1000032,Ambient,Campaign_stage,31,0,True,None,0,ambient_chapter_14
1000033,Ambient,Campaign_stage,32,0,True,None,0,ambient_chapter_32
1000034,Ambient,Campaign_stage,33,0,True,None,0,ambient_chapter_28
1000035,Ambient,Campaign_stage,34,0,True,None,0,ambient_chapter_32
1000036,Ambient,Campaign_stage,35,0,True,None,0,ambient_chapter_35
1000037,Ambient,Campaign_stage,36,0,True,None,0,ambient_chapter_35
1000038,Ambient,Campaign_stage,37,0,True,None,0,ambient_chapter_35
1000039,Ambient,Campaign_stage,38,0,True,None,0,ambient_chapter_35
1000040,Ambient,Campaign_stage,39,0,True,None,0,ambient_chapter_39
1000041,Ambient,Campaign_stage,40,0,True,None,0,ambient_chapter_39
1001001,Ambient,Lost_sector,1,0,True,None,0,lostsector_ambient_1
1001002,Ambient,Lost_sector,2,0,True,None,0,lostsector_ambient_2
1001003,Ambient,Lost_sector,3,0,True,None,0,lostsector_ambient_1
1001004,Ambient,Lost_sector,4,0,True,None,0,lostsector_ambient_2
1001005,Ambient,Lost_sector,5,0,True,None,0,lostsector_ambient_1
1001006,Ambient,Lost_sector,6,0,True,None,0,lostsector_ambient_2
1001007,Ambient,Lost_sector,7,0,True,None,0,lostsector_ambient_1
1001008,Ambient,Lost_sector,8,0,True,None,0,lostsector_ambient_2
1001009,Ambient,Lost_sector,9,0,True,None,0,lostsector_ambient_1
1001010,Ambient,Lost_sector,10,0,True,None,0,lostsector_ambient_2
1001011,Ambient,Lost_sector,11,0,True,None,0,lostsector_ambient_1
1001012,Ambient,Lost_sector,12,0,True,None,0,lostsector_ambient_1
1001013,Ambient,Lost_sector,13,0,True,None,0,lostsector_ambient_2
1001014,Ambient,Lost_sector,14,0,True,None,0,lostsector_ambient_1
1001015,Ambient,Lost_sector,15,0,True,None,0,lostsector_ambient_2
1001016,Ambient,Lost_sector,16,0,True,None,0,lostsector_ambient_1
1001017,Ambient,Lost_sector,17,0,True,None,0,lostsector_ambient_2
1001018,Ambient,Lost_sector,18,0,True,None,0,lostsector_ambient_1
1001019,Ambient,Lost_sector,19,0,True,None,0,lostsector_ambient_2
1001020,Ambient,Lost_sector,20,0,True,None,0,lostsector_ambient_1
1001021,Ambient,Lost_sector,21,0,True,None,0,lostsector_ambient_2
1001022,Ambient,Lost_sector,22,0,True,None,0,lostsector_ambient_1
1001023,Ambient,Lost_sector,23,0,True,None,0,lostsector_ambient_2
1001024,Ambient,Lost_sector,24,0,True,None,0,lostsector_ambient_1
1001025,Ambient,Lost_sector,25,0,True,None,0,lostsector_ambient_1
1001026,Ambient,Lost_sector,26,0,True,None,0,lostsector_ambient_2
1001027,Ambient,Lost_sector,27,0,True,None,0,lostsector_ambient_2
1001028,Ambient,Lost_sector,28,0,True,None,0,lostsector_ambient_1
1001029,Ambient,Lost_sector,29,0,True,None,0,lostsector_ambient_2
1001030,Ambient,Lost_sector,30,0,True,None,0,lostsector_ambient_1
1001031,Ambient,Lost_sector,31,0,True,None,0,lostsector_ambient_2
1001032,Ambient,Lost_sector,32,0,True,None,0,lostsector_ambient_1
1001033,Ambient,Lost_sector,33,0,True,None,0,lostsector_ambient_1
1001034,Ambient,Lost_sector,34,0,True,None,0,lostsector_ambient_2
1001035,Ambient,Lost_sector,35,0,True,None,0,lostsector_ambient_1
1001036,Ambient,Lost_sector,36,0,True,None,0,lostsector_ambient_2
1001037,Ambient,Lost_sector,37,0,True,None,0,lostsector_ambient_1
1001038,Ambient,Lost_sector,38,0,True,None,0,lostsector_ambient_2
1001039,Ambient,Lost_sector,39,0,True,None,0,lostsector_ambient_1
1001040,Ambient,Lost_sector,40,0,True,None,0,lostsector_ambient_2
1001041,Ambient,Lost_sector,41,0,True,None,0,lostsector_ambient_1
1001042,Ambient,Lost_sector,42,0,True,None,0,lostsector_ambient_2
1001043,Ambient,Lost_sector,43,0,True,None,0,lostsector_ambient_1
1001044,Ambient,Lost_sector,44,0,True,None,0,lostsector_ambient_2
2000001,Chapter_bgm,Campaign_stage,0,0,True,None,0,bgm_distress_a
2000002,Spot_bgm,Campaign_stage,6000001,0,False,Stage_enter,0,bgm_spot_crumblingcity_b
2000003,Spot_bgm,Campaign_stage,6000002,0,False,Stage_enter,0,bgm_spot_crumblingcity_b
2000004,Spot_bgm,Campaign_stage,6000003,0,False,Stage_enter,0,bgm_spot_counterattack
2001001,Chapter_bgm,Campaign_stage,1,0,True,None,0,bgm_distress_b
2001002,Spot_bgm,Campaign_stage,0,0,True,None,1,bgm_spot_encounter
2001003,Spot_bgm,Campaign_stage,6001004,0,False,Target_appear,0,bgm_boss_bbg003
2002001,Chapter_bgm,Campaign_stage,2,0,True,None,0,bgm_recognition_a
2002002,Spot_bgm,Campaign_stage,0,0,True,None,2,bgm_spot_bulletstorm_a
2002003,Chapter_bgm,Campaign_stage,2,0,False,Stage_clear,6002008,bgm_recognition_b
2002004,Spot_bgm,Campaign_stage,6002009,0,False,Stage_enter,0,bgm_spot_bulletstorm_b
2002005,Spot_bgm,Campaign_stage,6002010,0,False,Stage_enter,0,bgm_spot_bulletstorm_b
2002006,Spot_bgm,Campaign_stage,6002011,0,False,Stage_enter,0,bgm_spot_bulletstorm_b
2002007,Spot_bgm,Campaign_stage,6002012,0,False,Stage_enter,0,bgm_spot_bulletstorm_b
2002008,Spot_bgm,Campaign_stage,6002013,0,False,Stage_enter,0,bgm_spot_bulletstorm_b
2002014,Spot_bgm,Campaign_stage,6002016,0,False,Target_appear,0,bgm_boss_mbg002
2002015,Spot_bgm,Campaign_stage,6002019,0,False,Target_appear,0,bgm_boss_mbg001
2002016,Spot_bgm,Campaign_stage,6002006,0,False,Stage_enter,0,bgm_spot_incomingrapture_a
2002017,Spot_bgm,Campaign_stage,6002007,0,False,Stage_enter,0,bgm_spot_incomingrapture_b
2002018,Spot_bgm,Campaign_stage,6002014,0,False,Stage_enter,0,bgm_spot_incomingrapture_a
2002019,Spot_bgm,Campaign_stage,6002015,0,False,Stage_enter,0,bgm_spot_incomingrapture_b
2002020,Spot_bgm,Campaign_stage,6002017,0,False,Stage_enter,0,bgm_spot_incomingrapture_a
2002021,Spot_bgm,Campaign_stage,6002018,0,False,Stage_enter,0,bgm_spot_incomingrapture_b
2003001,Chapter_bgm,Campaign_stage,3,0,True,None,0,bgm_risk_a
2003002,Spot_bgm,Campaign_stage,0,0,True,None,3,bgm_spot_incomingrapture_a
2003003,Chapter_bgm,Campaign_stage,3,0,False,Stage_clear,6003011,bgm_risk_b
2003004,Spot_bgm,Campaign_stage,6003012,0,False,Stage_enter,0,bgm_spot_incomingrapture_b
2003005,Spot_bgm,Campaign_stage,6003013,0,False,Stage_enter,0,bgm_spot_incomingrapture_b
2003006,Spot_bgm,Campaign_stage,6003014,0,False,Stage_enter,0,bgm_spot_incomingrapture_b
2003007,Spot_bgm,Campaign_stage,6003015,0,False,Stage_enter,0,bgm_spot_incomingrapture_b
2003008,Spot_bgm,Campaign_stage,6003016,0,False,Stage_enter,0,bgm_spot_incomingrapture_b
2003009,Spot_bgm,Campaign_stage,6003017,0,False,Stage_enter,0,bgm_spot_incomingrapture_b
2003010,Spot_bgm,Campaign_stage,6003020,0,False,Stage_enter,0,bgm_spot_incomingrapture_b
2003013,Spot_bgm,Campaign_stage,6003021,0,False,Stage_enter,0,bgm_spot_counterattack
2003014,Spot_bgm,Campaign_stage,6003006,0,False,Stage_enter,0,bgm_spot_crumblingcity_a
2003015,Spot_bgm,Campaign_stage,6003007,0,False,Stage_enter,0,bgm_spot_crumblingcity_b
2003016,Spot_bgm,Campaign_stage,6003008,0,False,Stage_enter,0,bgm_spot_crumblingcity_a
2003017,Spot_bgm,Campaign_stage,6003018,0,False,Stage_enter,0,bgm_spot_crumblingcity_b
2003018,Spot_bgm,Campaign_stage,6003019,0,False,Stage_enter,0,bgm_spot_crumblingcity_a
2003019,Spot_bgm,Campaign_stage,6003022,0,False,Stage_enter,0,bgm_spot_crumblingcity_b
2003020,Spot_bgm,Campaign_stage,6003023,0,False,Stage_enter,0,bgm_spot_crumblingcity_a
2003021,Spot_bgm,Campaign_stage,6003024,0,False,Stage_enter,0,bgm_spot_counterattack
2004001,Chapter_bgm,Campaign_stage,4,0,True,None,0,bgm_floraltribute_a
2004002,Spot_bgm,Campaign_stage,0,0,True,None,4,bgm_spot_crumblingcity_a
2004003,Chapter_bgm,Campaign_stage,4,0,False,Stage_clear,6004006,bgm_floraltribute_b
2004004,Spot_bgm,Campaign_stage,6004006,0,False,Target_appear,0,bgm_boss_bbg002
2004005,Spot_bgm,Campaign_stage,6004007,0,False,Stage_enter,0,bgm_spot_crumblingcity_b
2004006,Spot_bgm,Campaign_stage,6004008,0,False,Stage_enter,0,bgm_spot_crumblingcity_b
2004007,Spot_bgm,Campaign_stage,6004009,0,False,Stage_enter,0,bgm_spot_crumblingcity_b
2004008,Spot_bgm,Campaign_stage,6004013,0,False,Stage_enter,0,bgm_spot_crumblingcity_b
2004009,Spot_bgm,Campaign_stage,6004014,0,False,Stage_enter,0,bgm_spot_crumblingcity_b
2004010,Spot_bgm,Campaign_stage,6004015,0,False,Stage_enter,0,bgm_spot_crumblingcity_b
2004011,Spot_bgm,Campaign_stage,6004016,0,False,Stage_enter,0,bgm_spot_crumblingcity_b
2004012,Spot_bgm,Campaign_stage,6004017,0,False,Stage_enter,0,bgm_spot_crumblingcity_b
2004013,Spot_bgm,Campaign_stage,6004018,0,False,Stage_enter,0,bgm_spot_crumblingcity_b
2004014,Spot_bgm,Campaign_stage,6004021,0,False,Stage_enter,0,bgm_spot_crumblingcity_b
2004015,Spot_bgm,Campaign_stage,6004022,0,False,Stage_enter,0,bgm_spot_crumblingcity_b
2004016,Spot_bgm,Campaign_stage,6004023,0,False,Stage_enter,0,bgm_spot_crumblingcity_b
2004018,Spot_bgm,Campaign_stage,6004010,0,False,Stage_enter,0,bgm_spot_bulletstorm_a
2004019,Spot_bgm,Campaign_stage,6004011,0,False,Stage_enter,0,bgm_spot_bulletstorm_b
2004020,Spot_bgm,Campaign_stage,6004012,0,False,Stage_enter,0,bgm_spot_bulletstorm_a
2004021,Spot_bgm,Campaign_stage,6004019,0,False,Stage_enter,0,bgm_spot_bulletstorm_b
2004022,Spot_bgm,Campaign_stage,6004020,0,False,Stage_enter,0,bgm_spot_bulletstorm_a
2004023,Spot_bgm,Campaign_stage,6004024,0,False,Stage_enter,0,bgm_spot_bulletstorm_b
2004024,Spot_bgm,Campaign_stage,6004025,0,False,Stage_enter,0,bgm_spot_bulletstorm_a
2004025,Spot_bgm,Campaign_stage,6004026,0,False,Stage_enter,0,bgm_spot_bulletstorm_b
2004026,Spot_bgm,Campaign_stage,6004027,0,False,Stage_enter,0,bgm_spot_counterattack
2004027,Spot_bgm,Campaign_stage,6004028,0,False,Stage_enter,0,bgm_spot_bulletstorm_a
2004028,Spot_bgm,Campaign_stage,6004029,0,False,Stage_enter,0,bgm_spot_bulletstorm_b
2005001,Chapter_bgm,Campaign_stage,5,0,True,None,0,bgm_secondhand_a
2005002,Spot_bgm,Campaign_stage,0,0,True,None,5,bgm_spot_silvermane_a
2005003,Chapter_bgm,Campaign_stage,5,0,False,Stage_clear,6005013,bgm_secondhand_b
2005004,Spot_bgm,Campaign_stage,6005014,0,False,Stage_enter,0,bgm_spot_silvermane_b
2005006,Spot_bgm,Campaign_stage,6005015,0,False,Stage_enter,0,bgm_spot_silvermane_b
2005007,Spot_bgm,Campaign_stage,6005016,0,False,Stage_enter,0,bgm_spot_silvermane_b
2005008,Spot_bgm,Campaign_stage,6005017,0,False,Stage_enter,0,bgm_spot_silvermane_b
2005009,Spot_bgm,Campaign_stage,6005018,0,False,Stage_enter,0,bgm_spot_silvermane_b
2005010,Spot_bgm,Campaign_stage,6005019,0,False,Stage_enter,0,bgm_spot_silvermane_b
2005011,Spot_bgm,Campaign_stage,6005020,0,False,Stage_enter,0,bgm_spot_silvermane_b
2005012,Spot_bgm,Campaign_stage,6005021,0,False,Stage_enter,0,bgm_spot_silvermane_b
2005013,Spot_bgm,Campaign_stage,6005025,0,False,Stage_enter,0,bgm_spot_silvermane_b
2005019,Spot_bgm,Campaign_stage,6005026,0,False,Target_appear,0,bgm_boss_ebg001_phase1
2005020,Spot_bgm,Campaign_stage,6005026,0,False,Change_Phase_2,0,bgm_boss_ebg001_phase2
2005021,Spot_bgm,Campaign_stage,6005007,0,False,Stage_enter,0,bgm_spot_labyrinth_a
2005022,Spot_bgm,Campaign_stage,6005008,0,False,Stage_enter,0,bgm_spot_labyrinth_b
2005023,Spot_bgm,Campaign_stage,6005009,0,False,Stage_enter,0,bgm_spot_labyrinth_a
2005024,Spot_bgm,Campaign_stage,6005022,0,False,Stage_enter,0,bgm_spot_labyrinth_b
2005025,Spot_bgm,Campaign_stage,6005023,0,False,Stage_enter,0,bgm_spot_labyrinth_a
2005026,Spot_bgm,Campaign_stage,6005024,0,False,Stage_enter,0,bgm_spot_labyrinth_b
2005027,Spot_bgm,Campaign_stage,6005027,0,False,Stage_enter,0,bgm_spot_labyrinth_a
2005028,Spot_bgm,Campaign_stage,6005028,0,False,Stage_enter,0,bgm_spot_labyrinth_b
2005029,Spot_bgm,Campaign_stage,6005029,0,False,Stage_enter,0,bgm_spot_labyrinth_a
2005030,Spot_bgm,Campaign_stage,6005030,0,False,Stage_enter,0,bgm_spot_counterattack
2005031,Spot_bgm,Campaign_stage,6005031,0,False,Stage_enter,0,bgm_spot_counterattack
2006001,Chapter_bgm,Campaign_stage,6,0,True,None,0,bgm_frostpillar_a
2006002,Spot_bgm,Campaign_stage,0,0,True,None,6,bgm_spot_labyrinth_a
2006003,Chapter_bgm,Campaign_stage,6,0,False,Stage_clear,6006020,bgm_frostpillar_b
2006004,Spot_bgm,Campaign_stage,6006020,0,False,Stage_enter,0,bgm_spot_labyrinth_b
2006005,Spot_bgm,Campaign_stage,6006021,0,False,Stage_enter,0,bgm_spot_labyrinth_b
2006006,Spot_bgm,Campaign_stage,6006022,0,False,Stage_enter,0,bgm_spot_labyrinth_b
2006007,Spot_bgm,Campaign_stage,6006023,0,False,Stage_enter,0,bgm_spot_labyrinth_b
2006008,Spot_bgm,Campaign_stage,6006024,0,False,Stage_enter,0,bgm_spot_labyrinth_b
2006009,Spot_bgm,Campaign_stage,6006025,0,False,Stage_enter,0,bgm_spot_labyrinth_b
2006010,Spot_bgm,Campaign_stage,6006026,0,False,Stage_enter,0,bgm_spot_labyrinth_b
2006011,Spot_bgm,Campaign_stage,6006030,0,False,Stage_enter,0,bgm_spot_labyrinth_b
2006012,Spot_bgm,Campaign_stage,6006031,0,False,Stage_enter,0,bgm_spot_labyrinth_b
2006013,Spot_bgm,Campaign_stage,6006032,0,False,Stage_enter,0,bgm_spot_labyrinth_b
2006014,Spot_bgm,Campaign_stage,6006033,0,False,Stage_enter,0,bgm_spot_labyrinth_b
2006015,Spot_bgm,Campaign_stage,6006034,0,False,Stage_enter,0,bgm_spot_labyrinth_b
2006016,Spot_bgm,Campaign_stage,6006035,0,False,Target_appear,0,bgm_boss_bbg002
2006017,Spot_bgm,Campaign_stage,6006016,0,False,Stage_enter,0,bgm_spot_scardi_a
2006018,Spot_bgm,Campaign_stage,6006017,0,False,Stage_enter,0,bgm_spot_scardi_b
2006019,Spot_bgm,Campaign_stage,6006027,0,False,Stage_enter,0,bgm_spot_scardi_a
2006020,Spot_bgm,Campaign_stage,6006028,0,False,Stage_enter,0,bgm_spot_scardi_b
2006021,Spot_bgm,Campaign_stage,6006029,0,False,Stage_enter,0,bgm_spot_scardi_a
2006022,Spot_bgm,Campaign_stage,6006036,0,False,Stage_enter,0,bgm_spot_scardi_b
2006023,Spot_bgm,Campaign_stage,6006037,0,False,Stage_enter,0,bgm_spot_scardi_a
2006024,Spot_bgm,Campaign_stage,6006038,0,False,Stage_enter,0,bgm_spot_scardi_b
2006029,Spot_bgm,Campaign_stage,6006039,0,False,Stage_enter,0,bgm_spot_counterattack
2006030,Spot_bgm,Campaign_stage,6006040,0,False,Stage_enter,0,bgm_spot_counterattack
2007001,Chapter_bgm,Campaign_stage,7,0,True,None,0,bgm_belowzero_a
2007002,Spot_bgm,Campaign_stage,0,0,True,None,7,bgm_spot_scardi_a
2007003,Chapter_bgm,Campaign_stage,7,0,False,Stage_clear,6007017,bgm_belowzero_b
2007004,Spot_bgm,Campaign_stage,6007017,0,False,Stage_enter,0,bgm_spot_scardi_b
2007005,Spot_bgm,Campaign_stage,6007018,0,False,Stage_enter,0,bgm_spot_scardi_b
2007006,Spot_bgm,Campaign_stage,6007019,0,False,Stage_enter,0,bgm_spot_scardi_b
2007007,Spot_bgm,Campaign_stage,6007020,0,False,Stage_enter,0,bgm_spot_scardi_b
2007008,Spot_bgm,Campaign_stage,6007021,0,False,Stage_enter,0,bgm_spot_scardi_b
2007009,Spot_bgm,Campaign_stage,6007022,0,False,Stage_enter,0,bgm_spot_scardi_b
2007010,Spot_bgm,Campaign_stage,6007023,0,False,Stage_enter,0,bgm_spot_scardi_b
2007011,Spot_bgm,Campaign_stage,6007024,0,False,Stage_enter,0,bgm_spot_scardi_b
2007012,Spot_bgm,Campaign_stage,6007025,0,False,Stage_enter,0,bgm_spot_scardi_b
2007013,Spot_bgm,Campaign_stage,6007026,0,False,Stage_enter,0,bgm_spot_scardi_b
2007014,Spot_bgm,Campaign_stage,6007027,0,False,Stage_enter,0,bgm_spot_scardi_b
2007015,Spot_bgm,Campaign_stage,6007028,0,False,Stage_enter,0,bgm_spot_scardi_b
2007016,Spot_bgm,Campaign_stage,6007029,0,False,Stage_enter,0,bgm_spot_scardi_b
2007017,Spot_bgm,Campaign_stage,6007030,0,False,Stage_enter,0,bgm_spot_scardi_b
2007018,Spot_bgm,Campaign_stage,6007036,0,False,Stage_enter,0,bgm_spot_scardi_b
2007019,Spot_bgm,Campaign_stage,6007037,0,False,Stage_enter,0,bgm_spot_scardi_b
2007020,Spot_bgm,Campaign_stage,6007038,0,False,Stage_enter,0,bgm_spot_scardi_b
2007021,Spot_bgm,Campaign_stage,6007039,0,False,Stage_enter,0,bgm_spot_scardi_b
2007022,Spot_bgm,Campaign_stage,6007040,0,False,Stage_enter,0,bgm_spot_scardi_b
2007023,Spot_bgm,Campaign_stage,6007041,0,False,Target_appear,0,bgm_boss_mbg004
2007024,Spot_bgm,Campaign_stage,6007013,0,False,Stage_enter,0,bgm_spot_silvermane_a
2007025,Spot_bgm,Campaign_stage,6007014,0,False,Stage_enter,0,bgm_spot_silvermane_b
2007026,Spot_bgm,Campaign_stage,6007031,0,False,Stage_enter,0,bgm_spot_silvermane_a
2007027,Spot_bgm,Campaign_stage,6007032,0,False,Stage_enter,0,bgm_spot_silvermane_b
2007028,Spot_bgm,Campaign_stage,6007033,0,False,Stage_enter,0,bgm_spot_silvermane_a
2007029,Spot_bgm,Campaign_stage,6007034,0,False,Stage_enter,0,bgm_spot_silvermane_b
2007030,Spot_bgm,Campaign_stage,6007035,0,False,Stage_enter,0,bgm_spot_silvermane_a
2007031,Spot_bgm,Campaign_stage,6007042,0,False,Stage_enter,0,bgm_spot_silvermane_b
2007032,Spot_bgm,Campaign_stage,6007043,0,False,Stage_enter,0,bgm_spot_silvermane_a
2007033,Spot_bgm,Campaign_stage,6007044,0,False,Stage_enter,0,bgm_spot_silvermane_b
2007034,Spot_bgm,Campaign_stage,6007042,0,False,Stage_enter,0,bgm_spot_counterattack
2007035,Spot_bgm,Campaign_stage,6007043,0,False,Stage_enter,0,bgm_spot_counterattack
2008001,Chapter_bgm,Campaign_stage,8,0,True,None,0,bgm_theruinedcity_a
2008002,Spot_bgm,Campaign_stage,0,0,True,None,8,bgm_spot_theclue_a
2008003,Chapter_bgm,Campaign_stage,8,0,False,Stage_clear,6008015,bgm_theruinedcity_b
2008004,Spot_bgm,Campaign_stage,6008016,0,False,Stage_enter,0,bgm_spot_theclue_b
2008005,Spot_bgm,Campaign_stage,6008017,0,False,Stage_enter,0,bgm_spot_theclue_b
2008006,Spot_bgm,Campaign_stage,6008018,0,False,Stage_enter,0,bgm_spot_theclue_b
2008007,Spot_bgm,Campaign_stage,6008019,0,False,Stage_enter,0,bgm_spot_theclue_b
2008008,Spot_bgm,Campaign_stage,6008020,0,False,Stage_enter,0,bgm_spot_theclue_b
2008009,Spot_bgm,Campaign_stage,6008021,0,False,Stage_enter,0,bgm_spot_theclue_b
2008010,Spot_bgm,Campaign_stage,6008024,0,False,Stage_enter,0,bgm_spot_theclue_b
2008011,Spot_bgm,Campaign_stage,6008025,0,False,Stage_enter,0,bgm_spot_theclue_b
2008012,Spot_bgm,Campaign_stage,6008026,0,False,Stage_enter,0,bgm_spot_theclue_b
2008013,Spot_bgm,Campaign_stage,6008027,0,False,Stage_enter,0,bgm_spot_theclue_b
2008014,Spot_bgm,Campaign_stage,6008028,0,False,Stage_enter,0,bgm_spot_theclue_b
2008015,Spot_bgm,Campaign_stage,6008029,0,False,Stage_enter,0,bgm_spot_theclue_b
2008016,Spot_bgm,Campaign_stage,6008030,0,False,Stage_enter,0,bgm_spot_theclue_b
2008017,Spot_bgm,Campaign_stage,6008031,0,False,Stage_enter,0,bgm_spot_theclue_b
2008018,Spot_bgm,Campaign_stage,6008032,0,False,Target_appear,0,bgm_spot_counterattack
2008019,Spot_bgm,Campaign_stage,6008010,0,False,Stage_enter,0,bgm_spot_standalone_a
2008020,Spot_bgm,Campaign_stage,6008011,0,False,Stage_enter,0,bgm_spot_standalone_b
2008021,Spot_bgm,Campaign_stage,6008012,0,False,Stage_enter,0,bgm_spot_standalone_a
2008022,Spot_bgm,Campaign_stage,6008022,0,False,Stage_enter,0,bgm_spot_standalone_b
2008023,Spot_bgm,Campaign_stage,6008023,0,False,Stage_enter,0,bgm_spot_standalone_a
2008024,Spot_bgm,Campaign_stage,6008033,0,False,Stage_enter,0,bgm_spot_standalone_b
2008025,Spot_bgm,Campaign_stage,6008034,0,False,Stage_enter,0,bgm_spot_standalone_a
2008026,Spot_bgm,Campaign_stage,6008035,0,False,Stage_enter,0,bgm_spot_standalone_b
2008027,Spot_bgm,Campaign_stage,6008036,0,False,Stage_enter,0,bgm_spot_counterattack
2008028,Spot_bgm,Campaign_stage,6008037,0,False,Stage_enter,0,bgm_spot_counterattack
2009001,Chapter_bgm,Campaign_stage,9,0,True,None,0,bgm_heartdestroyer_a
2009002,Spot_bgm,Campaign_stage,0,0,True,None,9,bgm_spot_standalone_a
2009003,Chapter_bgm,Campaign_stage,9,0,False,Stage_clear,6009017,bgm_heartdestroyer_b
2009004,Spot_bgm,Campaign_stage,6009021,0,False,Stage_enter,0,bgm_spot_standalone_b
2009005,Spot_bgm,Campaign_stage,6009022,0,False,Stage_enter,0,bgm_spot_standalone_b
2009006,Spot_bgm,Campaign_stage,6009023,0,False,Stage_enter,0,bgm_spot_standalone_b
2009007,Spot_bgm,Campaign_stage,6009024,0,False,Stage_enter,0,bgm_spot_standalone_b
2009008,Spot_bgm,Campaign_stage,6009025,0,False,Stage_enter,0,bgm_spot_standalone_b
2009009,Spot_bgm,Campaign_stage,6009026,0,False,Stage_enter,0,bgm_spot_standalone_b
2009010,Spot_bgm,Campaign_stage,6009027,0,False,Stage_enter,0,bgm_spot_standalone_b
2009011,Spot_bgm,Campaign_stage,6009028,0,False,Stage_enter,0,bgm_spot_standalone_b
2009012,Spot_bgm,Campaign_stage,6009029,0,False,Stage_enter,0,bgm_spot_standalone_b
2009013,Spot_bgm,Campaign_stage,6009030,0,False,Stage_enter,0,bgm_spot_standalone_b
2009014,Spot_bgm,Campaign_stage,6009031,0,False,Stage_enter,0,bgm_spot_standalone_b
2009015,Spot_bgm,Campaign_stage,6009032,0,False,Stage_enter,0,bgm_spot_counterattack
2009016,Spot_bgm,Campaign_stage,6009013,0,False,Stage_enter,0,bgm_spot_diehard_a
2009017,Spot_bgm,Campaign_stage,6009014,0,False,Stage_enter,0,bgm_spot_diehard_b
2009018,Spot_bgm,Campaign_stage,6009018,0,False,Stage_enter,0,bgm_spot_diehard_a
2009019,Spot_bgm,Campaign_stage,6009019,0,False,Stage_enter,0,bgm_spot_diehard_b
2009020,Spot_bgm,Campaign_stage,6009020,0,False,Stage_enter,0,bgm_spot_diehard_a
2009021,Spot_bgm,Campaign_stage,6009033,0,False,Stage_enter,0,bgm_spot_diehard_b
2009022,Spot_bgm,Campaign_stage,6009034,0,False,Stage_enter,0,bgm_spot_diehard_a
2009023,Spot_bgm,Campaign_stage,6009035,0,False,Stage_enter,0,bgm_spot_diehard_b
2009024,Spot_bgm,Campaign_stage,6009036,0,False,Stage_enter,0,bgm_spot_counterattack
2009025,Spot_bgm,Campaign_stage,6009037,0,False,Stage_enter,0,bgm_spot_counterattack
2010001,Chapter_bgm,Campaign_stage,10,0,True,None,0,bgm_areah_a
2010002,Spot_bgm,Campaign_stage,0,0,True,None,10,bgm_spot_khamsin_a
2010003,Chapter_bgm,Campaign_stage,10,0,False,Stage_clear,6010015,bgm_areah_b
2010004,Spot_bgm,Campaign_stage,6010016,0,False,Stage_enter,0,bgm_spot_khamsin_b
2010005,Spot_bgm,Campaign_stage,6010017,0,False,Stage_enter,0,bgm_spot_khamsin_b
2010006,Spot_bgm,Campaign_stage,6010018,0,False,Stage_enter,0,bgm_spot_khamsin_b
2010007,Spot_bgm,Campaign_stage,6010019,0,False,Stage_enter,0,bgm_spot_khamsin_b
2010008,Spot_bgm,Campaign_stage,6010020,0,False,Stage_enter,0,bgm_spot_khamsin_b
2010009,Spot_bgm,Campaign_stage,6010021,0,False,Stage_enter,0,bgm_spot_khamsin_b
2010010,Spot_bgm,Campaign_stage,6010022,0,False,Stage_enter,0,bgm_spot_khamsin_b
2010011,Spot_bgm,Campaign_stage,6010023,0,False,Stage_enter,0,bgm_spot_khamsin_b
2010012,Spot_bgm,Campaign_stage,6010027,0,False,Stage_enter,0,bgm_spot_khamsin_b
2010013,Spot_bgm,Campaign_stage,6010028,0,False,Stage_enter,0,bgm_spot_khamsin_b
2010014,Spot_bgm,Campaign_stage,6010029,0,False,Stage_enter,0,bgm_spot_khamsin_b
2010015,Spot_bgm,Campaign_stage,6010030,0,False,Stage_enter,0,bgm_spot_khamsin_b
2010016,Spot_bgm,Campaign_stage,6010031,0,False,Stage_enter,0,bgm_spot_khamsin_b
2010017,Spot_bgm,Campaign_stage,6010032,0,False,Stage_enter,0,bgm_spot_khamsin_b
2010018,Spot_bgm,Campaign_stage,6010033,0,False,Stage_enter,0,bgm_spot_splinter_a
2010019,Spot_bgm,Campaign_stage,6010034,0,False,Stage_enter,0,bgm_spot_splinter_b
2010020,Spot_bgm,Campaign_stage,6010035,0,False,Stage_enter,0,bgm_spot_splinter_a
2010021,Spot_bgm,Campaign_stage,6010036,0,False,Stage_enter,0,bgm_spot_counterattack
2010022,Spot_bgm,Campaign_stage,6010037,0,False,Stage_enter,0,bgm_spot_counterattack
2011001,Chapter_bgm,Campaign_stage,11,0,True,None,0,bgm_blurredvision_a
2011002,Spot_bgm,Campaign_stage,0,0,True,None,11,bgm_spot_splinter_a
2011003,Chapter_bgm,Campaign_stage,11,0,False,Stage_clear,6011012,bgm_blurredvision_b
2011004,Spot_bgm,Campaign_stage,6011018,0,False,Stage_enter,0,bgm_spot_splinter_b
2011005,Spot_bgm,Campaign_stage,6011019,0,False,Stage_enter,0,bgm_spot_splinter_b
2011006,Spot_bgm,Campaign_stage,6011020,0,False,Stage_enter,0,bgm_spot_splinter_b
2011007,Spot_bgm,Campaign_stage,6011021,0,False,Stage_enter,0,bgm_spot_splinter_b
2011008,Spot_bgm,Campaign_stage,6011022,0,False,Stage_enter,0,bgm_spot_splinter_b
2011009,Spot_bgm,Campaign_stage,6011023,0,False,Stage_enter,0,bgm_spot_splinter_b
2011010,Spot_bgm,Campaign_stage,6011024,0,False,Stage_enter,0,bgm_spot_splinter_b
2011011,Spot_bgm,Campaign_stage,6011025,0,False,Stage_enter,0,bgm_spot_splinter_b
2011012,Spot_bgm,Campaign_stage,6011026,0,False,Stage_enter,0,bgm_spot_splinter_b
2011013,Spot_bgm,Campaign_stage,6011027,0,False,Stage_enter,0,bgm_spot_splinter_b
2011014,Spot_bgm,Campaign_stage,6011028,0,False,Stage_enter,0,bgm_spot_splinter_b
2011015,Spot_bgm,Campaign_stage,6011029,0,False,Stage_enter,0,bgm_spot_splinter_b
2011016,Spot_bgm,Campaign_stage,6011030,0,False,Stage_enter,0,bgm_spot_splinter_b
2011017,Spot_bgm,Campaign_stage,6011031,0,False,Stage_enter,0,bgm_spot_splinter_b
2011018,Spot_bgm,Campaign_stage,6011032,0,False,Target_appear,0,bgm_boss_bbg001
2011019,Spot_bgm,Campaign_stage,6011013,0,False,Stage_enter,0,bgm_spot_dustrider_a
2011020,Spot_bgm,Campaign_stage,6011014,0,False,Stage_enter,0,bgm_spot_dustrider_b
2011021,Spot_bgm,Campaign_stage,6011015,0,False,Stage_enter,0,bgm_spot_dustrider_a
2011022,Spot_bgm,Campaign_stage,6011016,0,False,Stage_enter,0,bgm_spot_dustrider_b
2011023,Spot_bgm,Campaign_stage,6011017,0,False,Stage_enter,0,bgm_spot_dustrider_a
2011024,Spot_bgm,Campaign_stage,6011033,0,False,Stage_enter,0,bgm_spot_dustrider_b
2011025,Spot_bgm,Campaign_stage,6011034,0,False,Stage_enter,0,bgm_spot_dustrider_a
2011026,Spot_bgm,Campaign_stage,6011035,0,False,Stage_enter,0,bgm_spot_dustrider_b
2011027,Spot_bgm,Campaign_stage,6011036,0,False,Stage_enter,0,bgm_spot_counterattack
2011028,Spot_bgm,Campaign_stage,6011037,0,False,Stage_enter,0,bgm_spot_counterattack
2012001,Chapter_bgm,Campaign_stage,12,0,True,None,0,bgm_groundfall_a
2012002,Spot_bgm,Campaign_stage,0,0,True,None,12,bgm_spot_groundzero_a
2012003,Chapter_bgm,Campaign_stage,12,0,False,Stage_clear,6012014,bgm_groundfall_b
2012004,Spot_bgm,Campaign_stage,6012015,0,False,Stage_enter,0,bgm_spot_groundzero_b
2012005,Spot_bgm,Campaign_stage,6012016,0,False,Stage_enter,0,bgm_spot_groundzero_b
2012006,Spot_bgm,Campaign_stage,6012017,0,False,Stage_enter,0,bgm_spot_groundzero_b
2012007,Spot_bgm,Campaign_stage,6012018,0,False,Stage_enter,0,bgm_spot_groundzero_b
2012008,Spot_bgm,Campaign_stage,6012019,0,False,Stage_enter,0,bgm_spot_groundzero_b
2012009,Spot_bgm,Campaign_stage,6012020,0,False,Stage_enter,0,bgm_spot_groundzero_b
2012010,Spot_bgm,Campaign_stage,6012021,0,False,Stage_enter,0,bgm_spot_groundzero_b
2012011,Spot_bgm,Campaign_stage,6012022,0,False,Stage_enter,0,bgm_spot_groundzero_b
2012012,Spot_bgm,Campaign_stage,6012023,0,False,Stage_enter,0,bgm_spot_groundzero_b
2012013,Spot_bgm,Campaign_stage,6012024,0,False,Stage_enter,0,bgm_spot_groundzero_b
2012014,Spot_bgm,Campaign_stage,6012025,0,False,Stage_enter,0,bgm_spot_groundzero_b
2012015,Spot_bgm,Campaign_stage,6012026,0,False,Stage_enter,0,bgm_spot_groundzero_b
2012016,Spot_bgm,Campaign_stage,6012027,0,False,Stage_enter,0,bgm_spot_groundzero_b
2012017,Spot_bgm,Campaign_stage,6012028,0,False,Stage_enter,0,bgm_spot_groundzero_b
2012018,Spot_bgm,Campaign_stage,6012029,0,False,Stage_enter,0,bgm_spot_groundzero_b
2012019,Spot_bgm,Campaign_stage,6012030,0,False,Stage_enter,0,bgm_spot_groundzero_b
2012020,Spot_bgm,Campaign_stage,6012031,0,False,Stage_enter,0,bgm_spot_groundzero_b
2012021,Spot_bgm,Campaign_stage,6012032,0,False,Stage_enter,0,bgm_spot_groundzero_b
2012022,Spot_bgm,Campaign_stage,6012033,0,False,Target_appear,0,bgm_boss_ebg002
2012023,Spot_bgm,Campaign_stage,6012007,0,False,Stage_enter,0,bgm_spot_destroyedserenity_a
2012024,Spot_bgm,Campaign_stage,6012008,0,False,Stage_enter,0,bgm_spot_destroyedserenity_b
2012025,Spot_bgm,Campaign_stage,6012034,0,False,Stage_enter,0,bgm_spot_destroyedserenity_a
2012026,Spot_bgm,Campaign_stage,6012035,0,False,Stage_enter,0,bgm_spot_destroyedserenity_b
2012027,Spot_bgm,Campaign_stage,6012036,0,False,Stage_enter,0,bgm_spot_destroyedserenity_a
2012028,Spot_bgm,Campaign_stage,6012037,0,False,Stage_enter,0,bgm_spot_counterattack
2012029,Spot_bgm,Campaign_stage,6012038,0,False,Stage_enter,0,bgm_spot_counterattack
2013001,Chapter_bgm,Campaign_stage,13,0,True,None,0,bgm_thecalmbeforethestorm_a
2013002,Spot_bgm,Campaign_stage,0,0,True,None,13,bgm_spot_dustrider_a
2013003,Chapter_bgm,Campaign_stage,13,0,False,Stage_clear,6013014,bgm_thecalmbeforethestorm_b
2013004,Spot_bgm,Campaign_stage,6013014,0,False,Stage_enter,0,bgm_spot_dustrider_b
2013005,Spot_bgm,Campaign_stage,6013015,0,False,Stage_enter,0,bgm_spot_dustrider_b
2013006,Spot_bgm,Campaign_stage,6013016,0,False,Stage_enter,0,bgm_spot_dustrider_b
2013007,Spot_bgm,Campaign_stage,6013017,0,False,Target_appear,0,bgm_boss_mbg001
2013008,Spot_bgm,Campaign_stage,6013018,0,False,Stage_enter,0,bgm_spot_dustrider_b
2013009,Spot_bgm,Campaign_stage,6013019,0,False,Stage_enter,0,bgm_spot_dustrider_b
2013010,Spot_bgm,Campaign_stage,6013020,0,False,Stage_enter,0,bgm_spot_dustrider_b
2013011,Spot_bgm,Campaign_stage,6013021,0,False,Stage_enter,0,bgm_spot_dustrider_b
2013012,Spot_bgm,Campaign_stage,6013022,0,False,Target_appear,0,bgm_boss_bbg002_2
2013013,Spot_bgm,Campaign_stage,6013023,0,False,Stage_enter,0,bgm_spot_dustrider_b
2013014,Spot_bgm,Campaign_stage,6013024,0,False,Stage_enter,0,bgm_spot_dustrider_b
2013015,Spot_bgm,Campaign_stage,6013025,0,False,Stage_enter,0,bgm_spot_dustrider_b
2013016,Spot_bgm,Campaign_stage,6013026,0,False,Stage_enter,0,bgm_spot_dustrider_b
2013017,Spot_bgm,Campaign_stage,6013027,0,False,Stage_enter,0,bgm_spot_dustrider_b
2013018,Spot_bgm,Campaign_stage,6013028,0,False,Stage_enter,0,bgm_spot_dustrider_b
2013019,Spot_bgm,Campaign_stage,6013029,0,False,Stage_enter,0,bgm_spot_dustrider_b
2013020,Spot_bgm,Campaign_stage,6013030,0,False,Stage_enter,0,bgm_spot_dustrider_b
2013021,Spot_bgm,Campaign_stage,6013031,0,False,Stage_enter,0,bgm_spot_dustrider_b
2013022,Spot_bgm,Campaign_stage,6013032,0,False,Stage_enter,0,bgm_spot_dustrider_b
2013023,Spot_bgm,Campaign_stage,6013033,0,False,Stage_enter,0,bgm_spot_dustrider_b
2013024,Spot_bgm,Campaign_stage,6013035,0,False,Stage_enter,0,bgm_spot_khamsin_a
2013025,Spot_bgm,Campaign_stage,6013036,0,False,Stage_enter,0,bgm_spot_khamsin_b
2013026,Spot_bgm,Campaign_stage,6013037,0,False,Stage_enter,0,bgm_spot_khamsin_a
2013027,Spot_bgm,Campaign_stage,6013038,0,False,Stage_enter,0,bgm_spot_counterattack
2013028,Spot_bgm,Campaign_stage,6013039,0,False,Stage_enter,0,bgm_spot_counterattack
2013029,Spot_bgm,Campaign_stage,6013034,0,False,Target_appear,0,bgm_boss_mbg004
2014001,Chapter_bgm,Campaign_stage,14,0,True,None,0,bgm_distress_a
2014002,Spot_bgm,Campaign_stage,0,0,True,None,14,bgm_spot_crumblingcity_a
2014003,Chapter_bgm,Campaign_stage,14,0,False,Stage_clear,6014022,bgm_distress_b
2014004,Spot_bgm,Campaign_stage,6014022,0,False,Stage_enter,0,bgm_spot_crumblingcity_b
2014005,Spot_bgm,Campaign_stage,6014023,0,False,Stage_enter,0,bgm_spot_crumblingcity_b
2014006,Spot_bgm,Campaign_stage,6014024,0,False,Stage_enter,0,bgm_spot_crumblingcity_b
2014007,Spot_bgm,Campaign_stage,6014025,0,False,Stage_enter,0,bgm_spot_crumblingcity_b
2014008,Spot_bgm,Campaign_stage,6014026,0,False,Stage_enter,0,bgm_spot_crumblingcity_b
2014009,Spot_bgm,Campaign_stage,6014027,0,False,Stage_enter,0,bgm_spot_crumblingcity_b
2014010,Spot_bgm,Campaign_stage,6014028,0,False,Stage_enter,0,bgm_spot_crumblingcity_b
2014011,Spot_bgm,Campaign_stage,6014029,0,False,Stage_enter,0,bgm_spot_crumblingcity_b
2014012,Spot_bgm,Campaign_stage,6014030,0,False,Stage_enter,0,bgm_spot_crumblingcity_b
2014013,Spot_bgm,Campaign_stage,6014031,0,False,Stage_enter,0,bgm_spot_crumblingcity_b
2014014,Spot_bgm,Campaign_stage,6014032,0,False,Stage_enter,0,bgm_spot_crumblingcity_b
2014015,Spot_bgm,Campaign_stage,6014033,0,False,Stage_enter,0,bgm_spot_crumblingcity_b
2014016,Spot_bgm,Campaign_stage,6014034,0,False,Stage_enter,0,bgm_spot_crumblingcity_b
2014017,Spot_bgm,Campaign_stage,6014035,0,False,Stage_enter,0,bgm_spot_crumblingcity_b
2014018,Spot_bgm,Campaign_stage,6014036,0,False,Stage_enter,0,bgm_spot_crumblingcity_b
2014019,Spot_bgm,Campaign_stage,6014037,0,False,Stage_enter,0,bgm_spot_crumblingcity_b
2014020,Spot_bgm,Campaign_stage,6014038,0,False,Stage_enter,0,bgm_spot_crumblingcity_b
2014021,Spot_bgm,Campaign_stage,6014039,0,False,Stage_enter,0,bgm_spot_crumblingcity_b
2014022,Spot_bgm,Campaign_stage,6014040,0,False,Stage_enter,0,bgm_spot_counterattack
2014023,Spot_bgm,Campaign_stage,6014041,0,False,Stage_enter,0,bgm_spot_bulletstorm_a
2014024,Spot_bgm,Campaign_stage,6014042,0,False,Stage_enter,0,bgm_spot_bulletstorm_b
2014025,Spot_bgm,Campaign_stage,6014043,0,False,Stage_enter,0,bgm_spot_bulletstorm_a
2014026,Spot_bgm,Campaign_stage,6014044,0,False,Stage_enter,0,bgm_spot_counterattack
2014027,Spot_bgm,Campaign_stage,6014045,0,False,Stage_enter,0,bgm_spot_counterattack
2015001,Chapter_bgm,Campaign_stage,15,0,True,None,0,bgm_recognition_a
2015002,Spot_bgm,Campaign_stage,0,0,True,None,15,bgm_spot_bulletstorm_a
2015003,Chapter_bgm,Campaign_stage,15,0,False,Stage_clear,6015021,bgm_recognition_b
2015004,Spot_bgm,Campaign_stage,6015021,0,False,Stage_enter,0,bgm_spot_bulletstorm_b
2015005,Spot_bgm,Campaign_stage,6015022,0,False,Stage_enter,0,bgm_spot_bulletstorm_b
2015006,Spot_bgm,Campaign_stage,6015023,0,False,Stage_enter,0,bgm_spot_bulletstorm_b
2015007,Spot_bgm,Campaign_stage,6015024,0,False,Stage_enter,0,bgm_spot_bulletstorm_b
2015008,Spot_bgm,Campaign_stage,6015025,0,False,Stage_enter,0,bgm_spot_bulletstorm_b
2015009,Spot_bgm,Campaign_stage,6015026,0,False,Stage_enter,0,bgm_spot_bulletstorm_b
2015010,Spot_bgm,Campaign_stage,6015027,0,False,Stage_enter,0,bgm_spot_bulletstorm_b
2015011,Spot_bgm,Campaign_stage,6015028,0,False,Stage_enter,0,bgm_spot_bulletstorm_b
2015012,Spot_bgm,Campaign_stage,6015029,0,False,Stage_enter,0,bgm_spot_bulletstorm_b
2015013,Spot_bgm,Campaign_stage,6015030,0,False,Stage_enter,0,bgm_spot_bulletstorm_b
2015014,Spot_bgm,Campaign_stage,6015031,0,False,Stage_enter,0,bgm_spot_bulletstorm_b
2015015,Spot_bgm,Campaign_stage,6015032,0,False,Stage_enter,0,bgm_spot_bulletstorm_b
2015016,Spot_bgm,Campaign_stage,6015033,0,False,Stage_enter,0,bgm_spot_bulletstorm_b
2015017,Spot_bgm,Campaign_stage,6015034,0,False,Stage_enter,0,bgm_spot_bulletstorm_b
2015018,Spot_bgm,Campaign_stage,6015035,0,False,Stage_enter,0,bgm_spot_bulletstorm_b
2015019,Spot_bgm,Campaign_stage,6015036,0,False,Stage_enter,0,bgm_spot_bulletstorm_b
2015020,Spot_bgm,Campaign_stage,6015037,0,False,Stage_enter,0,bgm_spot_bulletstorm_b
2015021,Spot_bgm,Campaign_stage,6015038,0,False,Stage_enter,0,bgm_spot_bulletstorm_b
2015022,Spot_bgm,Campaign_stage,6015039,0,False,Stage_enter,0,bgm_spot_bulletstorm_b
2015023,Spot_bgm,Campaign_stage,6015040,0,False,Stage_enter,0,bgm_spot_bulletstorm_b
2015024,Spot_bgm,Campaign_stage,6015041,0,False,Stage_enter,0,bgm_spot_bulletstorm_b
2015025,Spot_bgm,Campaign_stage,6015042,0,False,Stage_enter,0,bgm_spot_counterattack
2015026,Spot_bgm,Campaign_stage,6015043,0,False,Stage_enter,0,bgm_spot_incomingrapture_a
2015027,Spot_bgm,Campaign_stage,6015044,0,False,Stage_enter,0,bgm_spot_incomingrapture_b
2015028,Spot_bgm,Campaign_stage,6015045,0,False,Stage_enter,0,bgm_spot_incomingrapture_a
2015029,Spot_bgm,Campaign_stage,6015046,0,False,Stage_enter,0,bgm_spot_counterattack
2015030,Spot_bgm,Campaign_stage,6015047,0,False,Stage_enter,0,bgm_spot_counterattack
2016001,Chapter_bgm,Campaign_stage,16,0,True,None,0,bgm_secondhand_a
2016002,Spot_bgm,Campaign_stage,0,0,True,None,16,bgm_spot_silvermane_a
2016003,Chapter_bgm,Campaign_stage,16,0,False,Stage_clear,6015021,bgm_secondhand_b
2016004,Spot_bgm,Campaign_stage,6016020,0,False,Stage_enter,0,bgm_spot_silvermane_b
2016005,Spot_bgm,Campaign_stage,6016021,0,False,Stage_enter,0,bgm_spot_silvermane_b
2016006,Spot_bgm,Campaign_stage,6016022,0,False,Stage_enter,0,bgm_spot_silvermane_b
2016007,Spot_bgm,Campaign_stage,6016023,0,False,Stage_enter,0,bgm_spot_silvermane_b
2016008,Spot_bgm,Campaign_stage,6016024,0,False,Stage_enter,0,bgm_spot_silvermane_b
2016009,Spot_bgm,Campaign_stage,6016025,0,False,Stage_enter,0,bgm_spot_silvermane_b
2016010,Spot_bgm,Campaign_stage,6016026,0,False,Stage_enter,0,bgm_spot_silvermane_b
2016011,Spot_bgm,Campaign_stage,6016027,0,False,Stage_enter,0,bgm_spot_silvermane_b
2016012,Spot_bgm,Campaign_stage,6016028,0,False,Stage_enter,0,bgm_spot_silvermane_b
2016013,Spot_bgm,Campaign_stage,6016029,0,False,Stage_enter,0,bgm_spot_silvermane_b
2016014,Spot_bgm,Campaign_stage,6016030,0,False,Stage_enter,0,bgm_spot_silvermane_b
2016015,Spot_bgm,Campaign_stage,6016031,0,False,Stage_enter,0,bgm_spot_silvermane_b
2016016,Spot_bgm,Campaign_stage,6016032,0,False,Stage_enter,0,bgm_spot_silvermane_b
2016017,Spot_bgm,Campaign_stage,6016033,0,False,Stage_enter,0,bgm_spot_silvermane_b
2016018,Spot_bgm,Campaign_stage,6016034,0,False,Stage_enter,0,bgm_spot_silvermane_b
2016019,Spot_bgm,Campaign_stage,6016035,0,False,Stage_enter,0,bgm_spot_silvermane_b
2016020,Spot_bgm,Campaign_stage,6016036,0,False,Stage_enter,0,bgm_spot_silvermane_b
2016021,Spot_bgm,Campaign_stage,6016037,0,False,Stage_enter,0,bgm_spot_silvermane_b
2016022,Spot_bgm,Campaign_stage,6016038,0,False,Stage_enter,0,bgm_spot_silvermane_b
2016023,Spot_bgm,Campaign_stage,6016039,0,False,Stage_enter,0,bgm_spot_counterattack
2016024,Spot_bgm,Campaign_stage,6016040,0,False,Stage_enter,0,bgm_spot_labyrinth_a
2016025,Spot_bgm,Campaign_stage,6016041,0,False,Stage_enter,0,bgm_spot_labyrinth_b
2016026,Spot_bgm,Campaign_stage,6016042,0,False,Target_appear,0,bgm_boss_ebg001_phase1
2016027,Spot_bgm,Campaign_stage,6016042,0,False,Change_Phase_2,0,bgm_boss_ebg001_phase2
2016028,Spot_bgm,Campaign_stage,6016043,0,False,Stage_enter,0,bgm_spot_counterattack
2017001,Chapter_bgm,Campaign_stage,17,0,True,None,0,bgm_blackgunsmoke_a
2017002,Spot_bgm,Campaign_stage,0,0,True,None,17,bgm_spot_metalacid_a
2017003,Chapter_bgm,Campaign_stage,17,0,False,Stage_clear,6017020,bgm_blackgunsmoke_b
2017004,Spot_bgm,Campaign_stage,6017020,0,False,Stage_enter,0,bgm_spot_metalacid_b
2017005,Spot_bgm,Campaign_stage,6017021,0,False,Stage_enter,0,bgm_spot_metalacid_b
2017006,Spot_bgm,Campaign_stage,6017022,0,False,Stage_enter,0,bgm_spot_metalacid_b
2017007,Spot_bgm,Campaign_stage,6017023,0,False,Stage_enter,0,bgm_spot_metalacid_b
2017008,Spot_bgm,Campaign_stage,6017024,0,False,Stage_enter,0,bgm_spot_metalacid_b
2017009,Spot_bgm,Campaign_stage,6017025,0,False,Stage_enter,0,bgm_spot_metalacid_b
2017010,Spot_bgm,Campaign_stage,6017026,0,False,Stage_enter,0,bgm_spot_metalacid_b
2017011,Spot_bgm,Campaign_stage,6017027,0,False,Stage_enter,0,bgm_spot_metalacid_b
2017012,Spot_bgm,Campaign_stage,6017028,0,False,Stage_enter,0,bgm_spot_metalacid_b
2017013,Spot_bgm,Campaign_stage,6017029,0,False,Stage_enter,0,bgm_spot_metalacid_b
2017014,Spot_bgm,Campaign_stage,6017030,0,False,Stage_enter,0,bgm_spot_metalacid_b
2017015,Spot_bgm,Campaign_stage,6017031,0,False,Stage_enter,0,bgm_spot_metalacid_b
2017016,Spot_bgm,Campaign_stage,6017032,0,False,Stage_enter,0,bgm_spot_metalacid_b
2017017,Spot_bgm,Campaign_stage,6017033,0,False,Stage_enter,0,bgm_spot_metalacid_b
2017018,Spot_bgm,Campaign_stage,6017034,0,False,Stage_enter,0,bgm_spot_metalacid_b
2017019,Spot_bgm,Campaign_stage,6017035,0,False,Stage_enter,0,bgm_spot_metalacid_b
2017020,Spot_bgm,Campaign_stage,6017036,0,False,Stage_enter,0,bgm_spot_metalacid_b
2017021,Spot_bgm,Campaign_stage,6017037,0,False,Stage_enter,0,bgm_spot_metalacid_b
2017022,Spot_bgm,Campaign_stage,6017038,0,False,Stage_enter,0,bgm_spot_metalacid_b
2017023,Spot_bgm,Campaign_stage,6017039,0,False,Stage_enter,0,bgm_spot_metalacid_b
2017024,Spot_bgm,Campaign_stage,6017040,0,False,Stage_enter,0,bgm_spot_metalacid_b
2017025,Spot_bgm,Campaign_stage,6017041,0,False,Stage_enter,0,bgm_spot_metalacid_b
2017026,Spot_bgm,Campaign_stage,6017042,0,False,Stage_enter,0,bgm_spot_metalacid_b
2017027,Spot_bgm,Campaign_stage,6017043,0,False,Stage_enter,0,bgm_spot_counterattack
2017028,Spot_bgm,Campaign_stage,6017044,0,False,Stage_enter,0,bgm_spot_scardi_a
2017029,Spot_bgm,Campaign_stage,6017045,0,False,Stage_enter,0,bgm_spot_scardi_b
2017030,Spot_bgm,Campaign_stage,6017046,0,False,Stage_enter,0,bgm_spot_scardi_a
2017031,Spot_bgm,Campaign_stage,6017047,0,False,Stage_enter,0,bgm_spot_counterattack
2017032,Spot_bgm,Campaign_stage,6017048,0,False,Stage_enter,0,bgm_spot_counterattack
2018001,Chapter_bgm,Campaign_stage,18,0,True,None,0,bgm_underwaterflowers_a
2018002,Spot_bgm,Campaign_stage,0,0,True,None,18,bgm_spot_wingsofvictory_a
2018003,Chapter_bgm,Campaign_stage,18,0,False,Stage_clear,6017020,bgm_underwaterflowers_b
2018004,Spot_bgm,Campaign_stage,6018020,0,False,Stage_enter,0,bgm_spot_wingsofvictory_b
2018005,Spot_bgm,Campaign_stage,6018021,0,False,Stage_enter,0,bgm_spot_wingsofvictory_b
2018006,Spot_bgm,Campaign_stage,6018022,0,False,Stage_enter,0,bgm_spot_wingsofvictory_b
2018007,Spot_bgm,Campaign_stage,6018023,0,False,Stage_enter,0,bgm_spot_wingsofvictory_b
2018008,Spot_bgm,Campaign_stage,6018024,0,False,Stage_enter,0,bgm_spot_wingsofvictory_b
2018009,Spot_bgm,Campaign_stage,6018025,0,False,Stage_enter,0,bgm_spot_wingsofvictory_b
2018010,Spot_bgm,Campaign_stage,6018026,0,False,Stage_enter,0,bgm_spot_wingsofvictory_b
2018011,Spot_bgm,Campaign_stage,6018027,0,False,Stage_enter,0,bgm_spot_wingsofvictory_b
2018012,Spot_bgm,Campaign_stage,6018028,0,False,Stage_enter,0,bgm_spot_wingsofvictory_b
2018013,Spot_bgm,Campaign_stage,6018029,0,False,Stage_enter,0,bgm_spot_wingsofvictory_b
2018014,Spot_bgm,Campaign_stage,6018030,0,False,Stage_enter,0,bgm_spot_wingsofvictory_b
2018015,Spot_bgm,Campaign_stage,6018031,0,False,Stage_enter,0,bgm_spot_wingsofvictory_b
2018016,Spot_bgm,Campaign_stage,6018032,0,False,Stage_enter,0,bgm_spot_wingsofvictory_b
2018017,Spot_bgm,Campaign_stage,6018033,0,False,Stage_enter,0,bgm_spot_wingsofvictory_b
2018018,Spot_bgm,Campaign_stage,6018034,0,False,Stage_enter,0,bgm_spot_wingsofvictory_b
2018019,Spot_bgm,Campaign_stage,6018035,0,False,Stage_enter,0,bgm_spot_wingsofvictory_b
2018020,Spot_bgm,Campaign_stage,6018036,0,False,Stage_enter,0,bgm_spot_wingsofvictory_b
2018021,Spot_bgm,Campaign_stage,6018037,0,False,Stage_enter,0,bgm_spot_wingsofvictory_b
2018022,Spot_bgm,Campaign_stage,6018038,0,False,Stage_enter,0,bgm_spot_wingsofvictory_b
2018023,Spot_bgm,Campaign_stage,6018039,0,False,Stage_enter,0,bgm_spot_wingsofvictory_b
2018024,Spot_bgm,Campaign_stage,6018040,0,False,Stage_enter,0,bgm_spot_wingsofvictory_b
2018025,Spot_bgm,Campaign_stage,6018041,0,False,Stage_enter,0,bgm_spot_wingsofvictory_b
2018026,Spot_bgm,Campaign_stage,6018042,0,False,Stage_enter,0,bgm_spot_wingsofvictory_b
2018027,Spot_bgm,Campaign_stage,6018043,0,False,Stage_enter,0,bgm_spot_wingsofvictory_b
2018028,Spot_bgm,Campaign_stage,6018044,0,False,Stage_enter,0,bgm_spot_wingsofvictory_b
2018029,Spot_bgm,Campaign_stage,6018045,0,False,Target_appear,0,bgm_boss_eba001
2018030,Spot_bgm,Campaign_stage,6018046,0,False,Stage_enter,0,bgm_spot_destroyedserenity_b
2018031,Spot_bgm,Campaign_stage,6018047,0,False,Stage_enter,0,bgm_spot_destroyedserenity_b
2018032,Spot_bgm,Campaign_stage,6018048,0,False,Stage_enter,0,bgm_spot_destroyedserenity_b
2018033,Spot_bgm,Campaign_stage,6018049,0,False,Stage_enter,0,bgm_spot_counterattack
2018034,Spot_bgm,Campaign_stage,6018050,0,False,Stage_enter,0,bgm_spot_counterattack
2019001,Chapter_bgm,Campaign_stage,19,0,True,None,0,bgm_peripeteia_a
2019002,Spot_bgm,Campaign_stage,0,0,True,None,19,bgm_spot_diehard_a
2019003,Chapter_bgm,Campaign_stage,19,0,False,Stage_clear,6019030,bgm_peripeteia_b
2019004,Spot_bgm,Campaign_stage,6019014,0,False,Stage_enter,0,bgm_spot_theclue_a
2019005,Spot_bgm,Campaign_stage,6019015,0,False,Stage_enter,0,bgm_spot_theclue_b
2019006,Spot_bgm,Campaign_stage,6019030,0,False,Stage_enter,0,bgm_spot_diehard_b
2019007,Spot_bgm,Campaign_stage,6019031,0,False,Stage_enter,0,bgm_spot_diehard_b
2019008,Spot_bgm,Campaign_stage,6019032,0,False,Stage_enter,0,bgm_spot_diehard_b
2019009,Spot_bgm,Campaign_stage,6019033,0,False,Stage_enter,0,bgm_spot_diehard_b
2019010,Spot_bgm,Campaign_stage,6019034,0,False,Stage_enter,0,bgm_spot_diehard_b
2019011,Spot_bgm,Campaign_stage,6019035,0,False,Stage_enter,0,bgm_spot_diehard_b
2019012,Spot_bgm,Campaign_stage,6019036,0,False,Stage_enter,0,bgm_spot_diehard_b
2019013,Spot_bgm,Campaign_stage,6019037,0,False,Stage_enter,0,bgm_spot_diehard_b
2019014,Spot_bgm,Campaign_stage,6019038,0,False,Stage_enter,0,bgm_spot_diehard_b
2019015,Spot_bgm,Campaign_stage,6019039,0,False,Stage_enter,0,bgm_spot_diehard_b
2019016,Spot_bgm,Campaign_stage,6019040,0,False,Stage_enter,0,bgm_spot_diehard_b
2019017,Spot_bgm,Campaign_stage,6019041,0,False,Stage_enter,0,bgm_spot_diehard_b
2019018,Spot_bgm,Campaign_stage,6019042,0,False,Stage_enter,0,bgm_spot_theclue_a
2019019,Spot_bgm,Campaign_stage,6019043,0,False,Stage_enter,0,bgm_spot_theclue_b
2019020,Spot_bgm,Campaign_stage,6019044,0,False,Stage_enter,0,bgm_spot_diehard_b
2019021,Spot_bgm,Campaign_stage,6019045,0,False,Stage_enter,0,bgm_spot_diehard_b
2019022,Spot_bgm,Campaign_stage,6019046,0,False,Stage_enter,0,bgm_spot_diehard_b
2019023,Spot_bgm,Campaign_stage,6019047,0,False,Stage_enter,0,bgm_spot_counterattack
2019024,Spot_bgm,Campaign_stage,6019048,0,False,Stage_enter,0,bgm_spot_theclue_a
2019025,Spot_bgm,Campaign_stage,6019049,0,False,Stage_enter,0,bgm_spot_theclue_b
2019026,Spot_bgm,Campaign_stage,6019050,0,False,Stage_enter,0,bgm_spot_theclue_a
2019027,Spot_bgm,Campaign_stage,6019051,0,False,Stage_enter,0,bgm_spot_counterattack
2019028,Spot_bgm,Campaign_stage,6019052,0,False,Target_appear,0,bgm_boss_ebg002
2020001,Chapter_bgm,Campaign_stage,20,0,True,None,0,bgm_volcanicnest_a
2020002,Spot_bgm,Campaign_stage,0,0,True,None,20,bgm_spot_risingfromash_a
2020003,Chapter_bgm,Campaign_stage,20,0,False,Stage_clear,6020037,bgm_volcanicnest_b
2020004,Spot_bgm,Campaign_stage,6020011,0,False,Stage_enter,0,bgm_spot_khamsin_a
2020005,Spot_bgm,Campaign_stage,6020012,0,False,Stage_enter,0,bgm_spot_khamsin_b
2020006,Spot_bgm,Campaign_stage,6020013,0,False,Stage_enter,0,bgm_spot_khamsin_a
2020007,Spot_bgm,Campaign_stage,6020029,0,False,Stage_enter,0,bgm_spot_khamsin_b
2020008,Spot_bgm,Campaign_stage,6020030,0,False,Stage_enter,0,bgm_spot_khamsin_a
2020009,Spot_bgm,Campaign_stage,6020031,0,False,Stage_enter,0,bgm_spot_khamsin_b
2020010,Spot_bgm,Campaign_stage,6020038,0,False,Stage_enter,0,bgm_spot_risingfromash_b
2020011,Spot_bgm,Campaign_stage,6020039,0,False,Stage_enter,0,bgm_spot_risingfromash_b
2020012,Spot_bgm,Campaign_stage,6020040,0,False,Stage_enter,0,bgm_spot_risingfromash_b
2020013,Spot_bgm,Campaign_stage,6020041,0,False,Stage_enter,0,bgm_spot_risingfromash_b
2020014,Spot_bgm,Campaign_stage,6020042,0,False,Stage_enter,0,bgm_spot_risingfromash_b
2020015,Spot_bgm,Campaign_stage,6020043,0,False,Stage_enter,0,bgm_spot_khamsin_a
2020016,Spot_bgm,Campaign_stage,6020044,0,False,Stage_enter,0,bgm_spot_khamsin_b
2020017,Spot_bgm,Campaign_stage,6020045,0,False,Stage_enter,0,bgm_spot_khamsin_a
2020018,Spot_bgm,Campaign_stage,6020046,0,False,Stage_enter,0,bgm_spot_risingfromash_b
2020019,Spot_bgm,Campaign_stage,6020047,0,False,Stage_enter,0,bgm_spot_risingfromash_b
2020020,Spot_bgm,Campaign_stage,6020048,0,False,Stage_enter,0,bgm_spot_risingfromash_b
2020021,Spot_bgm,Campaign_stage,6020049,0,False,Stage_enter,0,bgm_spot_risingfromash_b
2020022,Spot_bgm,Campaign_stage,6020050,0,False,Stage_enter,0,bgm_spot_risingfromash_b
2020023,Spot_bgm,Campaign_stage,6020051,0,False,Target_appear,0,bgm_boss_mba002_phase1
2020024,Spot_bgm,Campaign_stage,6020051,0,False,Change_Phase_2,0,bgm_boss_mba002_phase2
2020025,Spot_bgm,Campaign_stage,6020051,0,False,Stage_enter,0,bgm_spot_counterattack
2020026,Spot_bgm,Campaign_stage,6020052,0,False,Target_appear,0,bgm_boss_bbg001
2021001,Chapter_bgm,Campaign_stage,21,0,True,None,0,bgm_intotheswarm_a
2021002,Spot_bgm,Campaign_stage,0,0,True,None,21,bgm_spot_rapturestorm_a
2021003,Chapter_bgm,Campaign_stage,21,0,False,Stage_clear,6021024,bgm_intotheswarm_b
2021004,Spot_bgm,Campaign_stage,6021024,0,False,Stage_enter,0,bgm_spot_rapturestorm_b
2021005,Spot_bgm,Campaign_stage,6021025,0,False,Stage_enter,0,bgm_spot_rapturestorm_b
2021006,Spot_bgm,Campaign_stage,6021026,0,False,Stage_enter,0,bgm_spot_rapturestorm_b
2021007,Spot_bgm,Campaign_stage,6021027,0,False,Stage_enter,0,bgm_spot_rapturestorm_b
2021008,Spot_bgm,Campaign_stage,6021028,0,False,Stage_enter,0,bgm_spot_rapturestorm_b
2021009,Spot_bgm,Campaign_stage,6021029,0,False,Stage_enter,0,bgm_spot_khamsin_a
2021010,Spot_bgm,Campaign_stage,6021030,0,False,Stage_enter,0,bgm_spot_khamsin_b
2021011,Spot_bgm,Campaign_stage,6021031,0,False,Stage_enter,0,bgm_spot_khamsin_a
2021012,Spot_bgm,Campaign_stage,6021032,0,False,Stage_enter,0,bgm_spot_rapturestorm_b
2021013,Spot_bgm,Campaign_stage,6021033,0,False,Stage_enter,0,bgm_spot_rapturestorm_b
2021014,Spot_bgm,Campaign_stage,6021034,0,False,Stage_enter,0,bgm_spot_rapturestorm_b
2021015,Spot_bgm,Campaign_stage,6021035,0,False,Stage_enter,0,bgm_spot_rapturestorm_b
2021016,Spot_bgm,Campaign_stage,6021036,0,False,Stage_enter,0,bgm_spot_rapturestorm_b
2021017,Spot_bgm,Campaign_stage,6021037,0,False,Stage_enter,0,bgm_spot_rapturestorm_b
2021018,Spot_bgm,Campaign_stage,6021038,0,False,Stage_enter,0,bgm_spot_rapturestorm_b
2021019,Spot_bgm,Campaign_stage,6021039,0,False,Stage_enter,0,bgm_spot_rapturestorm_b
2021020,Spot_bgm,Campaign_stage,6021040,0,False,Stage_enter,0,bgm_spot_rapturestorm_b
2021021,Spot_bgm,Campaign_stage,6021041,0,False,Stage_enter,0,bgm_spot_rapturestorm_b
2021022,Spot_bgm,Campaign_stage,6021042,0,False,Stage_enter,0,bgm_spot_rapturestorm_b
2021023,Spot_bgm,Campaign_stage,6021043,0,False,Stage_enter,0,bgm_spot_rapturestorm_b
2021024,Spot_bgm,Campaign_stage,6021044,0,False,Stage_enter,0,bgm_spot_khamsin_a
2021025,Spot_bgm,Campaign_stage,6021045,0,False,Stage_enter,0,bgm_spot_khamsin_b
2021026,Spot_bgm,Campaign_stage,6021046,0,False,Stage_enter,0,bgm_spot_rapturestorm_b
2021027,Spot_bgm,Campaign_stage,6021047,0,False,Stage_enter,0,bgm_spot_rapturestorm_b
2021028,Spot_bgm,Campaign_stage,6021048,0,False,Stage_enter,0,bgm_spot_rapturestorm_b
2021029,Spot_bgm,Campaign_stage,6021049,0,False,Stage_enter,0,bgm_spot_rapturestorm_b
2021030,Spot_bgm,Campaign_stage,6021050,0,False,Target_appear,0,bgm_boss_bba001
2021031,Spot_bgm,Campaign_stage,6021051,0,False,Stage_enter,0,bgm_spot_counterattack
2021032,Spot_bgm,Campaign_stage,6021052,0,False,Stage_enter,0,bgm_spot_counterattack
2022001,Chapter_bgm,Campaign_stage,22,0,True,None,0,bgm_spot_emergencyengage_a
2022002,Spot_bgm,Campaign_stage,0,0,True,None,22,bgm_spot_emergencyengage_a
2022003,Chapter_bgm,Campaign_stage,22,0,False,Stage_clear,6022001,bgm_collapse_a
2022004,Chapter_bgm,Campaign_stage,22,0,False,Stage_clear,6022024,bgm_collapse_b
2022005,Spot_bgm,Campaign_stage,6022024,0,False,Stage_enter,0,bgm_spot_emergencyengage_b
2022006,Spot_bgm,Campaign_stage,6022025,0,False,Stage_enter,0,bgm_spot_emergencyengage_b
2022007,Spot_bgm,Campaign_stage,6022026,0,False,Stage_enter,0,bgm_spot_emergencyengage_b
2022008,Spot_bgm,Campaign_stage,6022027,0,False,Stage_enter,0,bgm_spot_emergencyengage_b
2022009,Spot_bgm,Campaign_stage,6022028,0,False,Stage_enter,0,bgm_spot_emergencyengage_b
2022010,Spot_bgm,Campaign_stage,6022029,0,False,Stage_enter,0,bgm_spot_emergencyengage_b
2022011,Spot_bgm,Campaign_stage,6022030,0,False,Stage_enter,0,bgm_spot_emergencyengage_b
2022012,Spot_bgm,Campaign_stage,6022031,0,False,Stage_enter,0,bgm_spot_emergencyengage_b
2022013,Spot_bgm,Campaign_stage,6022032,0,False,Stage_enter,0,bgm_spot_emergencyengage_b
2022014,Spot_bgm,Campaign_stage,6022033,0,False,Stage_enter,0,bgm_spot_emergencyengage_b
2022015,Spot_bgm,Campaign_stage,6022034,0,False,Stage_enter,0,bgm_spot_emergencyengage_b
2022016,Spot_bgm,Campaign_stage,6022035,0,False,Stage_enter,0,bgm_spot_emergencyengage_b
2022017,Spot_bgm,Campaign_stage,6022036,0,False,Stage_enter,0,bgm_spot_emergencyengage_b
2022018,Spot_bgm,Campaign_stage,6022037,0,False,Stage_enter,0,bgm_spot_emergencyengage_b
2022019,Spot_bgm,Campaign_stage,6022038,0,False,Stage_enter,0,bgm_spot_emergencyengage_b
2022020,Spot_bgm,Campaign_stage,6022039,0,False,Stage_enter,0,bgm_spot_emergencyengage_b
2022021,Spot_bgm,Campaign_stage,6022040,0,False,Stage_enter,0,bgm_spot_emergencyengage_b
2022022,Spot_bgm,Campaign_stage,6022041,0,False,Stage_enter,0,bgm_spot_emergencyengage_b
2022023,Spot_bgm,Campaign_stage,6022042,0,False,Stage_enter,0,bgm_spot_emergencyengage_b
2022024,Spot_bgm,Campaign_stage,6022043,0,False,Stage_enter,0,bgm_spot_emergencyengage_b
2022025,Spot_bgm,Campaign_stage,6022044,0,False,Stage_enter,0,bgm_spot_emergencyengage_b
2022026,Spot_bgm,Campaign_stage,6022045,0,False,Stage_enter,0,bgm_spot_emergencyengage_b
2022027,Spot_bgm,Campaign_stage,6022046,0,False,Stage_enter,0,bgm_spot_emergencyengage_b
2022028,Spot_bgm,Campaign_stage,6022047,0,False,Stage_enter,0,bgm_spot_emergencyengage_b
2022029,Spot_bgm,Campaign_stage,6022048,0,False,Stage_enter,0,bgm_spot_emergencyengage_b
2022030,Spot_bgm,Campaign_stage,6022049,0,False,Target_appear,0,bgm_boss_mba002_phase1
2022031,Spot_bgm,Campaign_stage,6022049,0,False,Change_Phase_2,0,bgm_boss_mba002_phase2
2022032,Spot_bgm,Campaign_stage,6022050,0,False,Stage_enter,0,bgm_spot_emergencyengage_b
2022033,Spot_bgm,Campaign_stage,6022051,0,False,Stage_enter,0,bgm_spot_emergencyengage_b
2022034,Spot_bgm,Campaign_stage,6022052,0,False,Stage_enter,0,bgm_spot_emergencyengage_b
2022035,Spot_bgm,Campaign_stage,6022053,0,False,Stage_enter,0,bgm_spot_counterattack
2022036,Spot_bgm,Campaign_stage,6022054,0,False,Stage_enter,0,bgm_spot_counterattack
2023001,Chapter_bgm,Campaign_stage,23,0,True,None,0,bgm_greyhaze_a
2023002,Spot_bgm,Campaign_stage,0,0,True,None,23,bgm_spot_thecoldfront
2023003,Chapter_bgm,Campaign_stage,23,0,False,Stage_clear,6023022,bgm_greyhaze_b
2023004,Spot_bgm,Campaign_stage,6023022,0,False,Stage_enter,0,bgm_spot_thewarmfront
2023005,Spot_bgm,Campaign_stage,6023023,0,False,Stage_enter,0,bgm_spot_thewarmfront
2023006,Spot_bgm,Campaign_stage,6023024,0,False,Stage_enter,0,bgm_spot_thewarmfront
2023007,Spot_bgm,Campaign_stage,6023025,0,False,Stage_enter,0,bgm_spot_thewarmfront
2023008,Spot_bgm,Campaign_stage,6023026,0,False,Stage_enter,0,bgm_spot_thewarmfront
2023009,Spot_bgm,Campaign_stage,6023027,0,False,Stage_enter,0,bgm_spot_thewarmfront
2023010,Spot_bgm,Campaign_stage,6023028,0,False,Stage_enter,0,bgm_spot_thewarmfront
2023011,Spot_bgm,Campaign_stage,6023029,0,False,Stage_enter,0,bgm_spot_thewarmfront
2023012,Spot_bgm,Campaign_stage,6023030,0,False,Stage_enter,0,bgm_spot_thewarmfront
2023013,Spot_bgm,Campaign_stage,6023031,0,False,Stage_enter,0,bgm_spot_thewarmfront
2023014,Spot_bgm,Campaign_stage,6023032,0,False,Stage_enter,0,bgm_spot_chaos_a
2023015,Spot_bgm,Campaign_stage,6023033,0,False,Stage_enter,0,bgm_spot_chaos_a
2023016,Spot_bgm,Campaign_stage,6023034,0,False,Stage_enter,0,bgm_spot_chaos_a
2023017,Spot_bgm,Campaign_stage,6023035,0,False,Stage_enter,0,bgm_spot_thewarmfront
2023018,Spot_bgm,Campaign_stage,6023036,0,False,Stage_enter,0,bgm_spot_thewarmfront
2023019,Spot_bgm,Campaign_stage,6023037,0,False,Stage_enter,0,bgm_spot_thewarmfront
2023020,Spot_bgm,Campaign_stage,6023038,0,False,Stage_enter,0,bgm_spot_thewarmfront
2023021,Spot_bgm,Campaign_stage,6023039,0,False,Stage_enter,0,bgm_spot_thewarmfront
2023022,Spot_bgm,Campaign_stage,6023040,0,False,Stage_enter,0,bgm_spot_thewarmfront
2023023,Spot_bgm,Campaign_stage,6023041,0,False,Stage_enter,0,bgm_spot_thewarmfront
2023024,Spot_bgm,Campaign_stage,6023042,0,False,Stage_enter,0,bgm_spot_chaos_a
2023025,Spot_bgm,Campaign_stage,6023043,0,False,Stage_enter,0,bgm_spot_chaos_a
2023026,Spot_bgm,Campaign_stage,6023044,0,False,Stage_enter,0,bgm_spot_chaos_a
2023027,Spot_bgm,Campaign_stage,6023045,0,False,Stage_enter,0,bgm_spot_thewarmfront
2023028,Spot_bgm,Campaign_stage,6023046,0,False,Stage_enter,0,bgm_spot_thewarmfront
2023029,Spot_bgm,Campaign_stage,6023047,0,False,Stage_enter,0,bgm_spot_thewarmfront
2023030,Spot_bgm,Campaign_stage,6023048,0,False,Stage_enter,0,bgm_spot_thewarmfront
2023031,Spot_bgm,Campaign_stage,6023049,0,False,Stage_enter,0,bgm_spot_thewarmfront
2023032,Spot_bgm,Campaign_stage,6023050,0,False,Stage_enter,0,bgm_spot_thewarmfront
2023033,Spot_bgm,Campaign_stage,6023051,0,False,Stage_enter,0,bgm_spot_counterattack
2023034,Spot_bgm,Campaign_stage,6023052,0,False,Stage_enter,0,bgm_spot_counterattack
2024001,Chapter_bgm,Campaign_stage,24,0,True,None,0,bgm_manifest_a
2024002,Spot_bgm,Campaign_stage,0,0,True,None,24,bgm_spot_chaos_a
2024003,Chapter_bgm,Campaign_stage,24,0,False,Stage_clear,6024025,bgm_manifest_b
2024004,Spot_bgm,Campaign_stage,6024025,0,False,Stage_enter,0,bgm_spot_chaos_b
2024005,Spot_bgm,Campaign_stage,6024026,0,False,Stage_enter,0,bgm_spot_chaos_b
2024006,Spot_bgm,Campaign_stage,6024027,0,False,Stage_enter,0,bgm_spot_chaos_b
2024007,Spot_bgm,Campaign_stage,6024028,0,False,Stage_enter,0,bgm_spot_chaos_b
2024008,Spot_bgm,Campaign_stage,6024029,0,False,Stage_enter,0,bgm_spot_chaos_b
2024009,Spot_bgm,Campaign_stage,6024030,0,False,Stage_enter,0,bgm_spot_chaos_b
2024010,Spot_bgm,Campaign_stage,6024031,0,False,Stage_enter,0,bgm_spot_chaos_b
2024011,Spot_bgm,Campaign_stage,6024032,0,False,Stage_enter,0,bgm_spot_chaos_b
2024012,Spot_bgm,Campaign_stage,6024033,0,False,Stage_enter,0,bgm_spot_chaos_b
2024013,Spot_bgm,Campaign_stage,6024034,0,False,Stage_enter,0,bgm_spot_chaos_b
2024014,Spot_bgm,Campaign_stage,6024035,0,False,Stage_enter,0,bgm_spot_chaos_b
2024015,Spot_bgm,Campaign_stage,6024036,0,False,Stage_enter,0,bgm_spot_chaos_b
2024016,Spot_bgm,Campaign_stage,6024037,0,False,Stage_enter,0,bgm_spot_chaos_b
2024017,Spot_bgm,Campaign_stage,6024038,0,False,Stage_enter,0,bgm_spot_chaos_b
2024018,Spot_bgm,Campaign_stage,6024039,0,False,Stage_enter,0,bgm_lostsector_spot_1
2024019,Spot_bgm,Campaign_stage,6024040,0,False,Stage_enter,0,bgm_lostsector_spot_2
2024020,Spot_bgm,Campaign_stage,6024041,0,False,Stage_enter,0,bgm_lostsector_spot_1
2024021,Spot_bgm,Campaign_stage,6024042,0,False,Stage_enter,0,bgm_lostsector_spot_2
2024022,Spot_bgm,Campaign_stage,6024043,0,False,Stage_enter,0,bgm_lostsector_spot_1
2024023,Spot_bgm,Campaign_stage,6024044,0,False,Stage_enter,0,bgm_lostsector_spot_2
2024024,Spot_bgm,Campaign_stage,6024045,0,False,Stage_enter,0,bgm_lostsector_spot_1
2024025,Spot_bgm,Campaign_stage,6024046,0,False,Stage_enter,0,bgm_lostsector_spot_1
2024026,Spot_bgm,Campaign_stage,6024047,0,False,Stage_enter,0,bgm_lostsector_spot_2
2024027,Spot_bgm,Campaign_stage,6024048,0,False,Stage_enter,0,bgm_lostsector_spot_1
2024028,Spot_bgm,Campaign_stage,6024049,0,False,Stage_enter,0,bgm_lostsector_spot_2
2024029,Spot_bgm,Campaign_stage,6024050,0,False,Target_appear,0,bgm_boss_ebg002
2024030,Spot_bgm,Campaign_stage,6024051,0,False,Stage_enter,0,bgm_spot_counterattack
2024031,Spot_bgm,Campaign_stage,6024052,0,False,Stage_enter,0,bgm_spot_counterattack
2025001,Chapter_bgm,Campaign_stage,25,0,True,None,0,bgm_chaser_a
2025002,Spot_bgm,Campaign_stage,0,0,True,None,25,bgm_spot_pursuit_a
2025003,Chapter_bgm,Campaign_stage,25,0,False,Stage_clear,6025023,bgm_chaser_b
2025004,Spot_bgm,Campaign_stage,6025023,0,False,Stage_enter,0,bgm_spot_pursuit_b
2025005,Spot_bgm,Campaign_stage,6025024,0,False,Stage_enter,0,bgm_spot_pursuit_b
2025006,Spot_bgm,Campaign_stage,6025025,0,False,Stage_enter,0,bgm_spot_pursuit_b
2025007,Spot_bgm,Campaign_stage,6025026,0,False,Stage_enter,0,bgm_spot_pursuit_b
2025008,Spot_bgm,Campaign_stage,6025027,0,False,Stage_enter,0,bgm_spot_pursuit_b
2025009,Spot_bgm,Campaign_stage,6025028,0,False,Stage_enter,0,bgm_spot_pursuit_b
2025010,Spot_bgm,Campaign_stage,6025029,0,False,Stage_enter,0,bgm_spot_pursuit_b
2025011,Spot_bgm,Campaign_stage,6025030,0,False,Stage_enter,0,bgm_spot_pursuit_b
2025012,Spot_bgm,Campaign_stage,6025031,0,False,Stage_enter,0,bgm_spot_pursuit_b
2025013,Spot_bgm,Campaign_stage,6025032,0,False,Stage_enter,0,bgm_spot_wilderness_a
2025014,Spot_bgm,Campaign_stage,6025033,0,False,Stage_enter,0,bgm_spot_wilderness_a
2025015,Spot_bgm,Campaign_stage,6025034,0,False,Stage_enter,0,bgm_spot_wilderness_a
2025016,Spot_bgm,Campaign_stage,6025035,0,False,Stage_enter,0,bgm_spot_pursuit_b
2025017,Spot_bgm,Campaign_stage,6025036,0,False,Stage_enter,0,bgm_spot_pursuit_b
2025018,Spot_bgm,Campaign_stage,6025037,0,False,Stage_enter,0,bgm_spot_pursuit_b
2025019,Spot_bgm,Campaign_stage,6025038,0,False,Stage_enter,0,bgm_spot_pursuit_b
2025020,Spot_bgm,Campaign_stage,6025039,0,False,Stage_enter,0,bgm_spot_pursuit_b
2025021,Spot_bgm,Campaign_stage,6025040,0,False,Stage_enter,0,bgm_spot_pursuit_b
2025022,Spot_bgm,Campaign_stage,6025041,0,False,Stage_enter,0,bgm_spot_pursuit_b
2025023,Spot_bgm,Campaign_stage,6025042,0,False,Stage_enter,0,bgm_spot_pursuit_b
2025024,Spot_bgm,Campaign_stage,6025043,0,False,Stage_enter,0,bgm_spot_pursuit_b
2025025,Spot_bgm,Campaign_stage,6025044,0,False,Stage_enter,0,bgm_spot_pursuit_b
2025026,Spot_bgm,Campaign_stage,6025045,0,False,Stage_enter,0,bgm_spot_pursuit_b
2025027,Spot_bgm,Campaign_stage,6025046,0,False,Stage_enter,0,bgm_spot_counterattack
2025028,Spot_bgm,Campaign_stage,6025047,0,False,Stage_enter,0,bgm_spot_wilderness_a
2025029,Spot_bgm,Campaign_stage,6025048,0,False,Stage_enter,0,bgm_spot_wilderness_a
2025030,Spot_bgm,Campaign_stage,6025049,0,False,Stage_enter,0,bgm_spot_wilderness_a
2025031,Spot_bgm,Campaign_stage,6025050,0,False,Stage_enter,0,bgm_spot_counterattack
2025032,Spot_bgm,Campaign_stage,6025051,0,False,Stage_enter,0,bgm_spot_counterattack
2026001,Chapter_bgm,Campaign_stage,26,0,True,None,0,bgm_highnoon_a
2026002,Spot_bgm,Campaign_stage,0,0,True,None,26,bgm_spot_wilderness_a
2026003,Chapter_bgm,Campaign_stage,26,0,False,Stage_clear,6026031,bgm_highnoon_b
2026004,Spot_bgm,Campaign_stage,6026031,0,False,Stage_enter,0,bgm_spot_wilderness_b
2026005,Spot_bgm,Campaign_stage,6026032,0,False,Stage_enter,0,bgm_spot_wilderness_b
2026006,Spot_bgm,Campaign_stage,6026033,0,False,Stage_enter,0,bgm_spot_wilderness_b
2026007,Spot_bgm,Campaign_stage,6026034,0,False,Stage_enter,0,bgm_spot_wilderness_b
2026008,Spot_bgm,Campaign_stage,6026035,0,False,Stage_enter,0,bgm_spot_wilderness_b
2026009,Spot_bgm,Campaign_stage,6026036,0,False,Stage_enter,0,bgm_spot_wilderness_b
2026010,Spot_bgm,Campaign_stage,6026037,0,False,Stage_enter,0,bgm_spot_wilderness_b
2026011,Spot_bgm,Campaign_stage,6026038,0,False,Stage_enter,0,bgm_spot_wilderness_b
2026012,Spot_bgm,Campaign_stage,6026039,0,False,Stage_enter,0,bgm_spot_wilderness_b
2026013,Spot_bgm,Campaign_stage,6026040,0,False,Stage_enter,0,bgm_spot_wilderness_b
2026014,Spot_bgm,Campaign_stage,6026041,0,False,Stage_enter,0,bgm_spot_wilderness_b
2026015,Spot_bgm,Campaign_stage,6026042,0,False,Stage_enter,0,bgm_spot_wilderness_b
2026016,Spot_bgm,Campaign_stage,6026043,0,False,Stage_enter,0,bgm_spot_wilderness_b
2026017,Spot_bgm,Campaign_stage,6026044,0,False,Stage_enter,0,bgm_spot_wilderness_b
2026018,Spot_bgm,Campaign_stage,6026045,0,False,Stage_enter,0,bgm_spot_wilderness_b
2026019,Spot_bgm,Campaign_stage,6026046,0,False,Stage_enter,0,bgm_spot_wilderness_b
2026020,Spot_bgm,Campaign_stage,6026047,0,False,Stage_enter,0,bgm_spot_wilderness_b
2026021,Spot_bgm,Campaign_stage,6026048,0,False,Stage_enter,0,bgm_spot_wilderness_b
2026022,Spot_bgm,Campaign_stage,6026049,0,False,Stage_enter,0,bgm_spot_wilderness_b
2026023,Spot_bgm,Campaign_stage,6026050,0,False,Target_appear,0,bgm_boss_bbg006
2026024,Spot_bgm,Campaign_stage,6026051,0,False,Stage_enter,0,bgm_spot_counterattack
2026025,Spot_bgm,Campaign_stage,6026052,0,False,Stage_enter,0,bgm_spot_counterattack
2027001,Chapter_bgm,Campaign_stage,27,0,True,None,0,bgm_aztec_a
2027002,Spot_bgm,Campaign_stage,0,0,True,None,27,bgm_spot_dwn_a
2027003,Chapter_bgm,Campaign_stage,27,0,False,Stage_clear,6027023,bgm_aztec_b
2027004,Spot_bgm,Campaign_stage,6027024,0,False,Stage_enter,0,bgm_spot_dwn_b
2027005,Spot_bgm,Campaign_stage,6027025,0,False,Stage_enter,0,bgm_spot_dwn_b
2027006,Spot_bgm,Campaign_stage,6027026,0,False,Stage_enter,0,bgm_spot_dwn_b
2027007,Spot_bgm,Campaign_stage,6027027,0,False,Stage_enter,0,bgm_spot_dwn_b
2027008,Spot_bgm,Campaign_stage,6027028,0,False,Stage_enter,0,bgm_spot_dwn_b
2027009,Spot_bgm,Campaign_stage,6027029,0,False,Stage_enter,0,bgm_spot_dwn_b
2027010,Spot_bgm,Campaign_stage,6027030,0,False,Stage_enter,0,bgm_spot_dwn_b
2027011,Spot_bgm,Campaign_stage,6027031,0,False,Stage_enter,0,bgm_spot_dwn_b
2027012,Spot_bgm,Campaign_stage,6027032,0,False,Stage_enter,0,bgm_spot_dwn_b
2027013,Spot_bgm,Campaign_stage,6027033,0,False,Stage_enter,0,bgm_spot_dwn_b
2027014,Spot_bgm,Campaign_stage,6027034,0,False,Stage_enter,0,bgm_spot_dwn_b
2027015,Spot_bgm,Campaign_stage,6027035,0,False,Stage_enter,0,bgm_spot_dwn_b
2027016,Spot_bgm,Campaign_stage,6027036,0,False,Stage_enter,0,bgm_spot_dwn_b
2027017,Spot_bgm,Campaign_stage,6027037,0,False,Stage_enter,0,bgm_spot_dwn_b
2027018,Spot_bgm,Campaign_stage,6027038,0,False,Stage_enter,0,bgm_spot_dwn_b
2027019,Spot_bgm,Campaign_stage,6027039,0,False,Stage_enter,0,bgm_spot_dwn_b
2027020,Spot_bgm,Campaign_stage,6027040,0,False,Stage_enter,0,bgm_spot_dwn_b
2027021,Spot_bgm,Campaign_stage,6027041,0,False,Stage_enter,0,bgm_spot_dwn_b
2027022,Spot_bgm,Campaign_stage,6027042,0,False,Stage_enter,0,bgm_spot_dwn_b
2027023,Spot_bgm,Campaign_stage,6027043,0,False,Stage_enter,0,bgm_spot_dwn_b
2027024,Spot_bgm,Campaign_stage,6027044,0,False,Stage_enter,0,bgm_spot_dwn_b
2027025,Spot_bgm,Campaign_stage,6027045,0,False,Stage_enter,0,bgm_spot_dwn_b
2027026,Spot_bgm,Campaign_stage,6027046,0,False,Stage_enter,0,bgm_spot_dwn_b
2027027,Spot_bgm,Campaign_stage,6027047,0,False,Stage_enter,0,bgm_spot_dwn_b
2027028,Spot_bgm,Campaign_stage,6027048,0,False,Stage_enter,0,bgm_spot_dwn_b
2027029,Spot_bgm,Campaign_stage,6027049,0,False,Stage_enter,0,bgm_spot_dwn_b
2027030,Spot_bgm,Campaign_stage,6027050,0,False,Stage_enter,0,bgm_spot_dwn_b
2027031,Spot_bgm,Campaign_stage,6027051,0,False,Stage_enter,0,bgm_spot_dwn_b
2027032,Spot_bgm,Campaign_stage,6027052,0,False,Stage_enter,0,bgm_spot_dwn_b
2027033,Spot_bgm,Campaign_stage,6027053,0,False,Stage_enter,0,bgm_spot_counterattack
2027034,Spot_bgm,Campaign_stage,6027054,0,False,Stage_enter,0,bgm_boss_eba001
2028001,Chapter_bgm,Campaign_stage,28,0,True,None,0,bgm_destroyingcalamity_a
2028002,Spot_bgm,Campaign_stage,0,0,True,None,28,bgm_spot_destroyedserenity_a
2028003,Chapter_bgm,Campaign_stage,28,0,False,Stage_clear,6028028,bgm_destroyingcalamity_b
2028004,Spot_bgm,Campaign_stage,6028029,0,False,Stage_enter,0,bgm_spot_destroyedserenity_b
2028005,Spot_bgm,Campaign_stage,6028030,0,False,Stage_enter,0,bgm_spot_destroyedserenity_b
2028006,Spot_bgm,Campaign_stage,6028031,0,False,Stage_enter,0,bgm_spot_destroyedserenity_b
2028007,Spot_bgm,Campaign_stage,6028032,0,False,Stage_enter,0,bgm_spot_destroyedserenity_b
2028008,Spot_bgm,Campaign_stage,6028033,0,False,Stage_enter,0,bgm_spot_destroyedserenity_b
2028009,Spot_bgm,Campaign_stage,6028034,0,False,Stage_enter,0,bgm_spot_destroyedserenity_b
2028010,Spot_bgm,Campaign_stage,6028035,0,False,Stage_enter,0,bgm_spot_destroyedserenity_b
2028011,Spot_bgm,Campaign_stage,6028036,0,False,Stage_enter,0,bgm_spot_destroyedserenity_b
2028012,Spot_bgm,Campaign_stage,6028037,0,False,Stage_enter,0,bgm_spot_destroyedserenity_b
2028013,Spot_bgm,Campaign_stage,6028038,0,False,Stage_enter,0,bgm_spot_destroyedserenity_b
2028014,Spot_bgm,Campaign_stage,6028039,0,False,Stage_enter,0,bgm_spot_destroyedserenity_b
2028015,Spot_bgm,Campaign_stage,6028040,0,False,Stage_enter,0,bgm_spot_destroyedserenity_b
2028016,Spot_bgm,Campaign_stage,6028041,0,False,Stage_enter,0,bgm_spot_destroyedserenity_b
2028017,Spot_bgm,Campaign_stage,6028042,0,False,Stage_enter,0,bgm_spot_destroyedserenity_b
2028018,Spot_bgm,Campaign_stage,6028043,0,False,Stage_enter,0,bgm_spot_destroyedserenity_b
2028019,Spot_bgm,Campaign_stage,6028044,0,False,Stage_enter,0,bgm_spot_destroyedserenity_b
2028020,Spot_bgm,Campaign_stage,6028045,0,False,Stage_enter,0,bgm_spot_destroyedserenity_b
2028021,Spot_bgm,Campaign_stage,6028046,0,False,Stage_enter,0,bgm_spot_destroyedserenity_b
2028022,Spot_bgm,Campaign_stage,6028047,0,False,Stage_enter,0,bgm_spot_destroyedserenity_b
2028023,Spot_bgm,Campaign_stage,6028048,0,False,Stage_enter,0,bgm_spot_destroyedserenity_b
2028024,Spot_bgm,Campaign_stage,6028049,0,False,Stage_enter,0,bgm_spot_destroyedserenity_b
2028025,Spot_bgm,Campaign_stage,6028050,0,False,Target_appear,0,bgm_boss_xbg001_phase1
2028026,Spot_bgm,Campaign_stage,6028050,0,False,Change_Phase_2,0,bgm_boss_xbg001_phase2
2028027,Spot_bgm,Campaign_stage,6028051,0,False,Stage_enter,0,bgm_spot_counterattack
2028028,Spot_bgm,Campaign_stage,6028052,0,False,Stage_enter,0,bgm_boss_bbg003
2029001,Chapter_bgm,Campaign_stage,29,0,True,None,0,bgm_chapter29_field_drifting_a
2029002,Spot_bgm,Campaign_stage,0,0,True,None,29,bgm_chapter29_spot_coagulation_a
2029003,Chapter_bgm,Campaign_stage,29,0,False,Stage_clear,6029027,bgm_chapter29_field_drifting_b
2029004,Spot_bgm,Campaign_stage,6029028,0,False,Stage_enter,0,bgm_chapter29_spot_coagulation_b
2029005,Spot_bgm,Campaign_stage,6029029,0,False,Stage_enter,0,bgm_chapter29_spot_coagulation_b
2029006,Spot_bgm,Campaign_stage,6029030,0,False,Stage_enter,0,bgm_chapter29_spot_coagulation_b
2029007,Spot_bgm,Campaign_stage,6029031,0,False,Stage_enter,0,bgm_chapter29_spot_coagulation_b
2029008,Spot_bgm,Campaign_stage,6029032,0,False,Stage_enter,0,bgm_chapter29_spot_coagulation_b
2029009,Spot_bgm,Campaign_stage,6029033,0,False,Stage_enter,0,bgm_chapter29_spot_coagulation_b
2029010,Spot_bgm,Campaign_stage,6029034,0,False,Stage_enter,0,bgm_chapter29_spot_coagulation_b
2029011,Spot_bgm,Campaign_stage,6029035,0,False,Stage_enter,0,bgm_chapter29_spot_coagulation_b
2029012,Spot_bgm,Campaign_stage,6029036,0,False,Stage_enter,0,bgm_chapter29_spot_coagulation_b
2029013,Spot_bgm,Campaign_stage,6029037,0,False,Stage_enter,0,bgm_chapter29_spot_coagulation_b
2029014,Spot_bgm,Campaign_stage,6029038,0,False,Stage_enter,0,bgm_chapter29_spot_coagulation_b
2029015,Spot_bgm,Campaign_stage,6029039,0,False,Stage_enter,0,bgm_chapter29_spot_coagulation_b
2029016,Spot_bgm,Campaign_stage,6029040,0,False,Stage_enter,0,bgm_chapter29_spot_coagulation_b
2029017,Spot_bgm,Campaign_stage,6029041,0,False,Stage_enter,0,bgm_chapter30_spot_encroach_a
2029018,Spot_bgm,Campaign_stage,6029042,0,False,Stage_enter,0,bgm_chapter30_spot_encroach_a
2029019,Spot_bgm,Campaign_stage,6029043,0,False,Stage_enter,0,bgm_chapter30_spot_encroach_a
2029020,Spot_bgm,Campaign_stage,6029044,0,False,Stage_enter,0,bgm_chapter29_spot_coagulation_b
2029021,Spot_bgm,Campaign_stage,6029045,0,False,Stage_enter,0,bgm_chapter29_spot_coagulation_b
2029022,Spot_bgm,Campaign_stage,6029046,0,False,Stage_enter,0,bgm_chapter29_spot_coagulation_b
2029023,Spot_bgm,Campaign_stage,6029047,0,False,Stage_enter,0,bgm_chapter29_spot_coagulation_b
2029024,Spot_bgm,Campaign_stage,6029048,0,False,Stage_enter,0,bgm_chapter29_spot_coagulation_b
2029025,Spot_bgm,Campaign_stage,6029049,0,False,Stage_enter,0,bgm_chapter29_spot_coagulation_b
2029026,Spot_bgm,Campaign_stage,6029050,0,False,Stage_enter,0,bgm_spot_counterattack
2029027,Spot_bgm,Campaign_stage,6029051,0,False,Stage_enter,0,bgm_spot_counterattack
2029028,Spot_bgm,Campaign_stage,6029052,0,False,Stage_enter,0,bgm_spot_counterattack
2030001,Chapter_bgm,Campaign_stage,30,0,True,None,0,bgm_chapter30_field_whitecity_a
2030002,Spot_bgm,Campaign_stage,0,0,True,None,30,bgm_chapter30_spot_encroach_a
2030003,Chapter_bgm,Campaign_stage,30,0,False,Stage_clear,6030026,bgm_chapter30_field_whitecity_b
2030004,Spot_bgm,Campaign_stage,6030027,0,False,Stage_enter,0,bgm_chapter30_spot_encroach_b
2030005,Spot_bgm,Campaign_stage,6030028,0,False,Stage_enter,0,bgm_chapter30_spot_encroach_b
2030006,Spot_bgm,Campaign_stage,6030029,0,False,Stage_enter,0,bgm_chapter30_spot_encroach_b
2030007,Spot_bgm,Campaign_stage,6030030,0,False,Stage_enter,0,bgm_chapter30_spot_encroach_b
2030008,Spot_bgm,Campaign_stage,6030031,0,False,Stage_enter,0,bgm_chapter30_spot_encroach_b
2030009,Spot_bgm,Campaign_stage,6030032,0,False,Stage_enter,0,bgm_chapter30_spot_encroach_b
2030010,Spot_bgm,Campaign_stage,6030033,0,False,Stage_enter,0,bgm_chapter30_spot_encroach_b
2030011,Spot_bgm,Campaign_stage,6030034,0,False,Stage_enter,0,bgm_chapter30_spot_encroach_b
2030012,Spot_bgm,Campaign_stage,6030035,0,False,Stage_enter,0,bgm_chapter30_spot_encroach_b
2030013,Spot_bgm,Campaign_stage,6030036,0,False,Stage_enter,0,bgm_chapter30_spot_encroach_b
2030014,Spot_bgm,Campaign_stage,6030037,0,False,Stage_enter,0,bgm_spot_counterattack
2030015,Spot_bgm,Campaign_stage,6030038,0,False,Stage_enter,0,bgm_spot_counterattack
2030016,Spot_bgm,Campaign_stage,6030039,0,False,Stage_enter,0,bgm_spot_counterattack
2030017,Spot_bgm,Campaign_stage,6030040,0,False,Stage_enter,0,bgm_chapter30_spot_encroach_b
2030018,Spot_bgm,Campaign_stage,6030041,0,False,Stage_enter,0,bgm_chapter30_spot_encroach_b
2030019,Spot_bgm,Campaign_stage,6030042,0,False,Stage_enter,0,bgm_chapter30_spot_encroach_b
2030020,Spot_bgm,Campaign_stage,6030043,0,False,Stage_enter,0,bgm_chapter30_spot_encroach_b
2030021,Spot_bgm,Campaign_stage,6030044,0,False,Stage_enter,0,bgm_chapter30_spot_encroach_b
2030022,Spot_bgm,Campaign_stage,6030045,0,False,Stage_enter,0,bgm_chapter30_spot_encroach_b
2030023,Spot_bgm,Campaign_stage,6030046,0,False,Stage_enter,0,bgm_chapter30_spot_encroach_b
2030024,Spot_bgm,Campaign_stage,6030047,0,False,Stage_enter,0,bgm_chapter30_spot_encroach_b
2030025,Spot_bgm,Campaign_stage,6030048,0,False,Stage_enter,0,bgm_chapter30_spot_encroach_b
2030026,Spot_bgm,Campaign_stage,6030049,0,False,Stage_enter,0,bgm_chapter30_spot_encroach_b
2030027,Spot_bgm,Campaign_stage,6030050,0,False,Target_appear,0,bgm_boss_xbg001_phase1
2030028,Spot_bgm,Campaign_stage,6030050,0,False,Change_Phase_2,0,bgm_boss_xbg001_phase2
2030029,Spot_bgm,Campaign_stage,6030051,0,False,Stage_enter,0,bgm_spot_counterattack
2030030,Spot_bgm,Campaign_stage,6030052,0,False,Stage_enter,0,bgm_spot_counterattack
2031001,Chapter_bgm,Campaign_stage,31,0,True,None,0,bgm_chapter31_field_beast_a
2031002,Spot_bgm,Campaign_stage,0,0,True,None,31,bgm_chapter31_spot_metalstrike_a
2031003,Chapter_bgm,Campaign_stage,31,0,False,Stage_clear,6031022,bgm_chapter31_field_beast_b
2031004,Spot_bgm,Campaign_stage,6031022,0,False,Stage_enter,0,bgm_chapter31_spot_metalstrike_b
2031005,Spot_bgm,Campaign_stage,6031023,0,False,Stage_enter,0,bgm_chapter31_spot_metalstrike_b
2031006,Spot_bgm,Campaign_stage,6031024,0,False,Stage_enter,0,bgm_chapter31_spot_metalstrike_b
2031007,Spot_bgm,Campaign_stage,6031025,0,False,Stage_enter,0,bgm_chapter31_spot_metalstrike_b
2031008,Spot_bgm,Campaign_stage,6031026,0,False,Stage_enter,0,bgm_chapter31_spot_metalstrike_b
2031009,Spot_bgm,Campaign_stage,6031027,0,False,Stage_enter,0,bgm_chapter31_spot_metalstrike_b
2031010,Spot_bgm,Campaign_stage,6031028,0,False,Stage_enter,0,bgm_chapter31_spot_metalstrike_b
2031011,Spot_bgm,Campaign_stage,6031029,0,False,Stage_enter,0,bgm_chapter31_spot_metalstrike_b
2031012,Spot_bgm,Campaign_stage,6031030,0,False,Stage_enter,0,bgm_chapter31_spot_metalstrike_b
2031013,Spot_bgm,Campaign_stage,6031031,0,False,Stage_enter,0,bgm_chapter31_spot_metalstrike_b
2031014,Spot_bgm,Campaign_stage,6031032,0,False,Stage_enter,0,bgm_chapter31_spot_metalstrike_b
2031015,Spot_bgm,Campaign_stage,6031033,0,False,Stage_enter,0,bgm_chapter31_spot_metalstrike_b
2031016,Spot_bgm,Campaign_stage,6031034,0,False,Stage_enter,0,bgm_chapter31_spot_metalstrike_b
2031017,Spot_bgm,Campaign_stage,6031035,0,False,Stage_enter,0,bgm_chapter31_spot_metalstrike_b
2031018,Spot_bgm,Campaign_stage,6031036,0,False,Stage_enter,0,bgm_chapter31_spot_metalstrike_b
2031019,Spot_bgm,Campaign_stage,6031037,0,False,Stage_enter,0,bgm_chapter31_spot_metalstrike_b
2031020,Spot_bgm,Campaign_stage,6031038,0,False,Stage_enter,0,bgm_chapter31_spot_metalstrike_b
2031021,Spot_bgm,Campaign_stage,6031039,0,False,Stage_enter,0,bgm_chapter31_spot_metalstrike_b
2031022,Spot_bgm,Campaign_stage,6031040,0,False,Stage_enter,0,bgm_chapter31_spot_metalstrike_b
2031023,Spot_bgm,Campaign_stage,6031041,0,False,Stage_enter,0,bgm_chapter31_spot_metalstrike_b
2031024,Spot_bgm,Campaign_stage,6031042,0,False,Stage_enter,0,bgm_chapter31_spot_metalstrike_b
2031025,Spot_bgm,Campaign_stage,6031043,0,False,Stage_enter,0,bgm_chapter31_spot_metalstrike_b
2031026,Spot_bgm,Campaign_stage,6031044,0,False,Stage_enter,0,bgm_chapter31_spot_metalstrike_b
2031027,Spot_bgm,Campaign_stage,6031045,0,False,Stage_enter,0,bgm_chapter31_spot_metalstrike_b
2031028,Spot_bgm,Campaign_stage,6031046,0,False,Stage_enter,0,bgm_chapter31_spot_metalstrike_b
2031029,Spot_bgm,Campaign_stage,6031047,0,False,Stage_enter,0,bgm_chapter31_spot_metalstrike_b
2031030,Spot_bgm,Campaign_stage,6031048,0,False,Stage_enter,0,bgm_chapter31_spot_metalstrike_b
2031031,Spot_bgm,Campaign_stage,6031049,0,False,Stage_enter,0,bgm_chapter31_spot_metalstrike_b
2031032,Spot_bgm,Campaign_stage,6031050,0,False,Target_appear,0,bgm_boss_xbg001_phase1
2031033,Spot_bgm,Campaign_stage,6031050,0,False,Change_Phase_2,0,bgm_boss_xbg001_phase2
2031034,Spot_bgm,Campaign_stage,6031051,0,False,Stage_enter,0,bgm_spot_counterattack
2031035,Spot_bgm,Campaign_stage,6031052,0,False,Stage_enter,0,bgm_spot_counterattack
2032001,Chapter_bgm,Campaign_stage,32,0,True,None,0,bgm_chapter32_field_advance_a
2032002,Spot_bgm,Campaign_stage,0,0,True,None,32,bgm_chapter32_spot_darkmatter_a
2032003,Chapter_bgm,Campaign_stage,32,0,False,Stage_clear,6032031,bgm_chapter32_field_advance_b
2032004,Spot_bgm,Campaign_stage,6032031,0,False,Stage_enter,0,bgm_chapter32_spot_darkmatter_b
2032005,Spot_bgm,Campaign_stage,6032032,0,False,Stage_enter,0,bgm_chapter32_spot_darkmatter_b
2032006,Spot_bgm,Campaign_stage,6032033,0,False,Stage_enter,0,bgm_chapter32_spot_darkmatter_b
2032007,Spot_bgm,Campaign_stage,6032034,0,False,Stage_enter,0,bgm_chapter32_spot_darkmatter_b
2032008,Spot_bgm,Campaign_stage,6032035,0,False,Stage_enter,0,bgm_chapter32_spot_darkmatter_b
2032009,Spot_bgm,Campaign_stage,6032036,0,False,Stage_enter,0,bgm_chapter32_spot_darkmatter_b
2032010,Spot_bgm,Campaign_stage,6032037,0,False,Stage_enter,0,bgm_chapter32_spot_darkmatter_b
2032011,Spot_bgm,Campaign_stage,6032038,0,False,Stage_enter,0,bgm_chapter32_spot_darkmatter_b
2032012,Spot_bgm,Campaign_stage,6032039,0,False,Stage_enter,0,bgm_chapter32_spot_darkmatter_b
2032013,Spot_bgm,Campaign_stage,6032040,0,False,Stage_enter,0,bgm_chapter32_spot_darkmatter_b
2032014,Spot_bgm,Campaign_stage,6032041,0,False,Stage_enter,0,bgm_chapter32_spot_darkmatter_b
2032015,Spot_bgm,Campaign_stage,6032042,0,False,Stage_enter,0,bgm_chapter32_spot_darkmatter_b
2032016,Spot_bgm,Campaign_stage,6032043,0,False,Stage_enter,0,bgm_chapter32_spot_darkmatter_b
2032017,Spot_bgm,Campaign_stage,6032044,0,False,Stage_enter,0,bgm_chapter32_spot_darkmatter_b
2032018,Spot_bgm,Campaign_stage,6032045,0,False,Stage_enter,0,bgm_chapter32_spot_darkmatter_b
2032019,Spot_bgm,Campaign_stage,6032046,0,False,Stage_enter,0,bgm_chapter32_spot_darkmatter_b
2032020,Spot_bgm,Campaign_stage,6032047,0,False,Stage_enter,0,bgm_chapter32_spot_darkmatter_b
2032021,Spot_bgm,Campaign_stage,6032048,0,False,Stage_enter,0,bgm_chapter32_spot_darkmatter_b
2032022,Spot_bgm,Campaign_stage,6032049,0,False,Stage_enter,0,bgm_chapter32_spot_darkmatter_b
2032023,Spot_bgm,Campaign_stage,6032050,0,False,Stage_enter,0,bgm_chapter32_spot_darkmatter_b
2032024,Spot_bgm,Campaign_stage,6032051,0,False,Stage_enter,0,bgm_chapter32_spot_darkmatter_b
2032025,Spot_bgm,Campaign_stage,6032052,0,False,Target_appear,0,bgm_boss_xba001
2032026,Spot_bgm,Campaign_stage,6032053,0,False,Stage_enter,0,bgm_spot_counterattack
2032027,Spot_bgm,Campaign_stage,6032054,0,False,Stage_enter,0,bgm_spot_counterattack
2033001,Chapter_bgm,Campaign_stage,33,0,True,None,0,bgm_chapter33_field_blackwave_a
2033002,Spot_bgm,Campaign_stage,0,0,True,None,33,bgm_chapter33_spot_outbreak_a
2033003,Chapter_bgm,Campaign_stage,33,0,False,Stage_clear,6033021,bgm_chapter33_field_blackwave_b
2033004,Spot_bgm,Campaign_stage,6033021,0,False,Stage_enter,0,bgm_chapter33_spot_outbreak_b
2033005,Spot_bgm,Campaign_stage,6033022,0,False,Stage_enter,0,bgm_chapter33_spot_outbreak_b
2033006,Spot_bgm,Campaign_stage,6033023,0,False,Stage_enter,0,bgm_chapter33_spot_outbreak_b
2033007,Spot_bgm,Campaign_stage,6033024,0,False,Stage_enter,0,bgm_chapter33_spot_outbreak_b
2033008,Spot_bgm,Campaign_stage,6033025,0,False,Stage_enter,0,bgm_chapter33_spot_outbreak_b
2033009,Spot_bgm,Campaign_stage,6033026,0,False,Stage_enter,0,bgm_chapter33_spot_outbreak_b
2033010,Spot_bgm,Campaign_stage,6033027,0,False,Stage_enter,0,bgm_chapter33_spot_outbreak_b
2033011,Spot_bgm,Campaign_stage,6033028,0,False,Stage_enter,0,bgm_chapter33_spot_outbreak_b
2033012,Spot_bgm,Campaign_stage,6033029,0,False,Stage_enter,0,bgm_chapter33_spot_outbreak_b
2033013,Spot_bgm,Campaign_stage,6033030,0,False,Stage_enter,0,bgm_chapter33_spot_outbreak_b
2033014,Spot_bgm,Campaign_stage,6033031,0,False,Stage_enter,0,bgm_chapter33_spot_outbreak_b
2033015,Spot_bgm,Campaign_stage,6033032,0,False,Stage_enter,0,bgm_chapter33_spot_outbreak_b
2033016,Spot_bgm,Campaign_stage,6033033,0,False,Stage_enter,0,bgm_chapter33_spot_outbreak_b
2033017,Spot_bgm,Campaign_stage,6033034,0,False,Stage_enter,0,bgm_chapter33_spot_outbreak_b
2033018,Spot_bgm,Campaign_stage,6033035,0,False,Stage_enter,0,bgm_chapter33_spot_outbreak_b
2033019,Spot_bgm,Campaign_stage,6033036,0,False,Stage_enter,0,bgm_chapter33_spot_outbreak_b
2033020,Spot_bgm,Campaign_stage,6033037,0,False,Stage_enter,0,bgm_chapter33_spot_outbreak_b
2033021,Spot_bgm,Campaign_stage,6033038,0,False,Stage_enter,0,bgm_chapter33_spot_outbreak_b
2033022,Spot_bgm,Campaign_stage,6033039,0,False,Stage_enter,0,bgm_chapter33_spot_outbreak_b
2033023,Spot_bgm,Campaign_stage,6033040,0,False,Stage_enter,0,bgm_chapter33_spot_outbreak_b
2033024,Spot_bgm,Campaign_stage,6033041,0,False,Stage_enter,0,bgm_chapter33_spot_outbreak_b
2033025,Spot_bgm,Campaign_stage,6033042,0,False,Stage_enter,0,bgm_chapter33_spot_outbreak_b
2033026,Spot_bgm,Campaign_stage,6033043,0,False,Stage_enter,0,bgm_chapter33_spot_outbreak_b
2033027,Spot_bgm,Campaign_stage,6033044,0,False,Target_appear,0,bgm_boss_bba001
2034001,Chapter_bgm,Campaign_stage,34,0,True,None,0,bgm_chapter34_field_clash_a
2034002,Spot_bgm,Campaign_stage,0,0,True,None,34,bgm_chapter34_spot_readytogo_a
2034003,Chapter_bgm,Campaign_stage,34,0,False,Stage_clear,6034025,bgm_chapter34_field_clash_b
2034004,Spot_bgm,Campaign_stage,6034025,0,False,Stage_enter,0,bgm_chapter34_spot_readytogo_b
2034005,Spot_bgm,Campaign_stage,6034026,0,False,Stage_enter,0,bgm_chapter34_spot_readytogo_b
2034006,Spot_bgm,Campaign_stage,6034027,0,False,Stage_enter,0,bgm_chapter34_spot_readytogo_b
2034007,Spot_bgm,Campaign_stage,6034028,0,False,Stage_enter,0,bgm_chapter34_spot_readytogo_b
2034008,Spot_bgm,Campaign_stage,6034029,0,False,Stage_enter,0,bgm_chapter34_spot_readytogo_b
2034009,Spot_bgm,Campaign_stage,6034030,0,False,Stage_enter,0,bgm_chapter34_spot_readytogo_b
2034010,Spot_bgm,Campaign_stage,6034031,0,False,Stage_enter,0,bgm_chapter34_spot_readytogo_b
2034011,Spot_bgm,Campaign_stage,6034032,0,False,Stage_enter,0,bgm_chapter34_spot_readytogo_b
2034012,Spot_bgm,Campaign_stage,6034033,0,False,Stage_enter,0,bgm_chapter34_spot_readytogo_b
2034013,Spot_bgm,Campaign_stage,6034034,0,False,Stage_enter,0,bgm_chapter34_spot_readytogo_b
2034014,Spot_bgm,Campaign_stage,6034035,0,False,Stage_enter,0,bgm_chapter34_spot_readytogo_b
2034015,Spot_bgm,Campaign_stage,6034036,0,False,Stage_enter,0,bgm_chapter34_spot_readytogo_b
2034016,Spot_bgm,Campaign_stage,6034037,0,False,Stage_enter,0,bgm_chapter34_spot_readytogo_b
2034017,Spot_bgm,Campaign_stage,6034038,0,False,Stage_enter,0,bgm_chapter34_spot_readytogo_b
2034018,Spot_bgm,Campaign_stage,6034039,0,False,Stage_enter,0,bgm_chapter34_spot_readytogo_b
2034019,Spot_bgm,Campaign_stage,6034040,0,False,Stage_enter,0,bgm_chapter34_spot_readytogo_b
2034020,Spot_bgm,Campaign_stage,6034041,0,False,Stage_enter,0,bgm_chapter34_spot_readytogo_b
2034021,Spot_bgm,Campaign_stage,6034042,0,False,Stage_enter,0,bgm_chapter34_spot_readytogo_b
2034022,Spot_bgm,Campaign_stage,6034043,0,False,Stage_enter,0,bgm_chapter34_spot_readytogo_b
2034023,Spot_bgm,Campaign_stage,6034044,0,False,Stage_enter,0,bgm_chapter34_spot_readytogo_b
2034024,Spot_bgm,Campaign_stage,6034045,0,False,Stage_enter,0,bgm_chapter34_spot_readytogo_b
2034025,Spot_bgm,Campaign_stage,6034046,0,False,Target_appear,0,bgm_boss_mbg003_phase1
2034026,Spot_bgm,Campaign_stage,6034046,0,False,Change_Phase_2,0,bgm_boss_mbg003_phase2
2034027,Spot_bgm,Campaign_stage,6034047,0,False,Stage_enter,0,bgm_chapter54_spot_darkmatter_b
2034028,Spot_bgm,Campaign_stage,6034048,0,False,Target_appear,0,bgm_boss_xbg001_phase1
2034029,Spot_bgm,Campaign_stage,6034048,0,False,Change_Phase_2,0,bgm_boss_xbg001_phase2
2035001,Chapter_bgm,Campaign_stage,35,0,True,None,0,bgm_chapter35_field_swamp_a
2035002,Spot_bgm,Campaign_stage,0,0,True,None,35,bgm_chapter35_spot_canthisbetheend_a
2035003,Chapter_bgm,Campaign_stage,35,0,False,Stage_clear,6035028,bgm_chapter35_field_swamp_b
2035004,Spot_bgm,Campaign_stage,6035028,0,False,Stage_enter,0,bgm_chapter35_spot_canthisbetheend_b
2035005,Spot_bgm,Campaign_stage,6035029,0,False,Stage_enter,0,bgm_chapter35_spot_canthisbetheend_b
2035006,Spot_bgm,Campaign_stage,6035030,0,False,Stage_enter,0,bgm_chapter35_spot_canthisbetheend_b
2035007,Spot_bgm,Campaign_stage,6035031,0,False,Stage_enter,0,bgm_chapter35_spot_canthisbetheend_b
2035008,Spot_bgm,Campaign_stage,6035032,0,False,Stage_enter,0,bgm_chapter35_spot_canthisbetheend_b
2035009,Spot_bgm,Campaign_stage,6035033,0,False,Stage_enter,0,bgm_chapter35_spot_canthisbetheend_b
2035010,Spot_bgm,Campaign_stage,6035034,0,False,Stage_enter,0,bgm_chapter35_spot_canthisbetheend_b
2035011,Spot_bgm,Campaign_stage,6035035,0,False,Stage_enter,0,bgm_chapter35_spot_canthisbetheend_b
2035012,Spot_bgm,Campaign_stage,6035036,0,False,Stage_enter,0,bgm_chapter35_spot_canthisbetheend_b
2035013,Spot_bgm,Campaign_stage,6035037,0,False,Stage_enter,0,bgm_chapter35_spot_canthisbetheend_b
2035014,Spot_bgm,Campaign_stage,6035038,0,False,Stage_enter,0,bgm_chapter35_spot_canthisbetheend_b
2035015,Spot_bgm,Campaign_stage,6035039,0,False,Stage_enter,0,bgm_chapter35_spot_canthisbetheend_b
2035016,Spot_bgm,Campaign_stage,6035040,0,False,Stage_enter,0,bgm_chapter35_spot_canthisbetheend_b
2035017,Spot_bgm,Campaign_stage,6035041,0,False,Stage_enter,0,bgm_chapter35_spot_canthisbetheend_b
2035018,Spot_bgm,Campaign_stage,6035042,0,False,Stage_enter,0,bgm_chapter35_spot_canthisbetheend_b
2035019,Spot_bgm,Campaign_stage,6035043,0,False,Stage_enter,0,bgm_chapter35_spot_canthisbetheend_b
2035020,Spot_bgm,Campaign_stage,6035044,0,False,Stage_enter,0,bgm_spot_counterattack
2035021,Spot_bgm,Campaign_stage,6035045,0,False,Stage_enter,0,bgm_spot_counterattack
2035022,Spot_bgm,Campaign_stage,6035046,0,False,Stage_enter,0,bgm_spot_counterattack
2036001,Chapter_bgm,Campaign_stage,36,0,True,None,0,bgm_chapter36_field_deals_a
2036002,Spot_bgm,Campaign_stage,0,0,True,None,36,bgm_chapter36_spot_mindover_a
2036003,Chapter_bgm,Campaign_stage,36,0,False,Stage_clear,6036027,bgm_chapter36_field_deals_b
2036004,Spot_bgm,Campaign_stage,6036027,0,False,Stage_enter,0,bgm_chapter36_spot_mindover_b
2036005,Spot_bgm,Campaign_stage,6036028,0,False,Stage_enter,0,bgm_chapter36_spot_mindover_b
2036006,Spot_bgm,Campaign_stage,6036029,0,False,Stage_enter,0,bgm_chapter36_spot_mindover_b
2036007,Spot_bgm,Campaign_stage,6036030,0,False,Stage_enter,0,bgm_chapter36_spot_mindover_b
2036008,Spot_bgm,Campaign_stage,6036031,0,False,Stage_enter,0,bgm_chapter36_spot_mindover_b
2036009,Spot_bgm,Campaign_stage,6036032,0,False,Stage_enter,0,bgm_chapter36_spot_mindover_b
2036010,Spot_bgm,Campaign_stage,6036033,0,False,Stage_enter,0,bgm_chapter36_spot_mindover_b
2036011,Spot_bgm,Campaign_stage,6036034,0,False,Stage_enter,0,bgm_chapter36_spot_mindover_b
2036012,Spot_bgm,Campaign_stage,6036035,0,False,Stage_enter,0,bgm_chapter36_spot_mindover_b
2036013,Spot_bgm,Campaign_stage,6036036,0,False,Stage_enter,0,bgm_chapter36_spot_mindover_b
2036014,Spot_bgm,Campaign_stage,6036037,0,False,Stage_enter,0,bgm_chapter36_spot_mindover_b
2036015,Spot_bgm,Campaign_stage,6036038,0,False,Stage_enter,0,bgm_chapter36_spot_mindover_b
2036016,Spot_bgm,Campaign_stage,6036039,0,False,Stage_enter,0,bgm_chapter36_spot_mindover_b
2036017,Spot_bgm,Campaign_stage,6036040,0,False,Stage_enter,0,bgm_chapter36_spot_mindover_b
2036018,Spot_bgm,Campaign_stage,6036041,0,False,Stage_enter,0,bgm_chapter36_spot_mindover_b
2036019,Spot_bgm,Campaign_stage,6036042,0,False,Stage_enter,0,bgm_chapter36_spot_mindover_b
2036020,Spot_bgm,Campaign_stage,6036043,0,False,Stage_enter,0,bgm_chapter36_spot_mindover_b
2036021,Spot_bgm,Campaign_stage,6036044,0,False,Stage_enter,0,bgm_chapter36_spot_mindover_b
2036022,Spot_bgm,Campaign_stage,6036045,0,False,Target_appear,0,bgm_boss_bbg008
2036023,Spot_bgm,Campaign_stage,6036046,0,False,Stage_enter,0,bgm_spot_counterattack
2036024,Spot_bgm,Campaign_stage,6036047,0,False,Target_appear,0,bgm_boss_bbg001
2037001,Chapter_bgm,Campaign_stage,37,0,True,None,0,bgm_chapter37_field_swarmnest_a
2037002,Spot_bgm,Campaign_stage,0,0,True,None,37,bgm_chapter37_spot_struggle_a
2037003,Chapter_bgm,Campaign_stage,37,0,False,Stage_clear,6037026,bgm_chapter37_field_swarmnest_b
2037004,Spot_bgm,Campaign_stage,6037026,0,False,Stage_enter,0,bgm_chapter37_spot_struggle_b
2037005,Spot_bgm,Campaign_stage,6037027,0,False,Stage_enter,0,bgm_chapter37_spot_struggle_b
2037006,Spot_bgm,Campaign_stage,6037028,0,False,Stage_enter,0,bgm_chapter37_spot_struggle_b
2037007,Spot_bgm,Campaign_stage,6037029,0,False,Stage_enter,0,bgm_chapter37_spot_struggle_b
2037008,Spot_bgm,Campaign_stage,6037030,0,False,Stage_enter,0,bgm_chapter37_spot_struggle_b
2037009,Spot_bgm,Campaign_stage,6037031,0,False,Stage_enter,0,bgm_chapter37_spot_struggle_b
2037010,Spot_bgm,Campaign_stage,6037032,0,False,Stage_enter,0,bgm_chapter37_spot_struggle_b
2037011,Spot_bgm,Campaign_stage,6037033,0,False,Stage_enter,0,bgm_chapter37_spot_struggle_b
2037012,Spot_bgm,Campaign_stage,6037034,0,False,Stage_enter,0,bgm_chapter37_spot_struggle_b
2037013,Spot_bgm,Campaign_stage,6037035,0,False,Stage_enter,0,bgm_chapter37_spot_struggle_b
2037014,Spot_bgm,Campaign_stage,6037036,0,False,Stage_enter,0,bgm_chapter37_spot_struggle_b
2037015,Spot_bgm,Campaign_stage,6037037,0,False,Stage_enter,0,bgm_chapter37_spot_struggle_b
2037016,Spot_bgm,Campaign_stage,6037038,0,False,Stage_enter,0,bgm_chapter37_spot_struggle_b
2037017,Spot_bgm,Campaign_stage,6037039,0,False,Stage_enter,0,bgm_chapter37_spot_struggle_b
2037018,Spot_bgm,Campaign_stage,6037040,0,False,Stage_enter,0,bgm_chapter37_spot_struggle_b
2037019,Spot_bgm,Campaign_stage,6037041,0,False,Stage_enter,0,bgm_chapter37_spot_struggle_b
2037020,Spot_bgm,Campaign_stage,6037042,0,False,Stage_enter,0,bgm_chapter37_spot_struggle_b
2037021,Spot_bgm,Campaign_stage,6037043,0,False,Stage_enter,0,bgm_chapter37_spot_struggle_b
2037022,Spot_bgm,Campaign_stage,6037044,0,False,Stage_enter,0,bgm_chapter37_spot_struggle_b
2037023,Spot_bgm,Campaign_stage,6037045,0,False,Stage_enter,0,bgm_spot_counterattack
2037024,Spot_bgm,Campaign_stage,6037046,0,False,Stage_enter,0,bgm_spot_counterattack
2038001,Chapter_bgm,Campaign_stage,38,0,True,None,0,bgm_chapter38_field_goldentree_a
2038002,Spot_bgm,Campaign_stage,0,0,True,None,38,bgm_chapter38_spot_bombard_a
2038003,Chapter_bgm,Campaign_stage,38,0,False,Stage_clear,6038023,bgm_chapter38_field_goldentree_b
2038004,Spot_bgm,Campaign_stage,6038023,0,False,Stage_enter,0,bgm_chapter38_spot_bombard_b
2038005,Spot_bgm,Campaign_stage,6038024,0,False,Stage_enter,0,bgm_chapter38_spot_bombard_b
2038006,Spot_bgm,Campaign_stage,6038025,0,False,Stage_enter,0,bgm_chapter38_spot_bombard_b
2038007,Spot_bgm,Campaign_stage,6038026,0,False,Stage_enter,0,bgm_chapter38_spot_bombard_b
2038008,Spot_bgm,Campaign_stage,6038027,0,False,Stage_enter,0,bgm_chapter38_spot_bombard_b
2038009,Spot_bgm,Campaign_stage,6038028,0,False,Stage_enter,0,bgm_chapter38_spot_bombard_b
2038010,Spot_bgm,Campaign_stage,6038029,0,False,Stage_enter,0,bgm_chapter38_spot_bombard_b
2038011,Spot_bgm,Campaign_stage,6038030,0,False,Stage_enter,0,bgm_chapter38_spot_bombard_b
2038012,Spot_bgm,Campaign_stage,6038031,0,False,Stage_enter,0,bgm_chapter38_spot_bombard_b
2038013,Spot_bgm,Campaign_stage,6038032,0,False,Stage_enter,0,bgm_chapter38_spot_bombard_b
2038014,Spot_bgm,Campaign_stage,6038033,0,False,Stage_enter,0,bgm_chapter38_spot_bombard_b
2038015,Spot_bgm,Campaign_stage,6038034,0,False,Stage_enter,0,bgm_chapter38_spot_bombard_b
2038016,Spot_bgm,Campaign_stage,6038035,0,False,Stage_enter,0,bgm_chapter38_spot_bombard_b
2038017,Spot_bgm,Campaign_stage,6038036,0,False,Stage_enter,0,bgm_chapter38_spot_bombard_b
2038018,Spot_bgm,Campaign_stage,6038037,0,False,Stage_enter,0,bgm_chapter38_spot_bombard_b
2038019,Spot_bgm,Campaign_stage,6038038,0,False,Stage_enter,0,bgm_chapter38_spot_bombard_b
2038020,Spot_bgm,Campaign_stage,6038039,0,False,Stage_enter,0,bgm_chapter38_spot_bombard_b
2038021,Spot_bgm,Campaign_stage,6038040,0,False,Stage_enter,0,bgm_chapter38_spot_bombard_b
2038022,Spot_bgm,Campaign_stage,6038041,0,False,Stage_enter,0,bgm_chapter38_spot_bombard_b
2038023,Spot_bgm,Campaign_stage,6038042,0,False,Stage_enter,0,bgm_chapter38_spot_bombard_b
2038024,Spot_bgm,Campaign_stage,6038043,0,False,Stage_enter,0,bgm_chapter38_spot_bombard_b
2038025,Spot_bgm,Campaign_stage,6038044,0,False,Stage_enter,0,bgm_chapter38_spot_bombard_b
2038026,Spot_bgm,Campaign_stage,6038045,0,False,Target_appear,0,bgm_boss_bbg009
2038027,Spot_bgm,Campaign_stage,6038046,0,False,Stage_enter,0,bgm_spot_counterattack
2038028,Spot_bgm,Campaign_stage,6038047,0,False,Target_appear,0,bgm_boss_bbg008
2039001,Chapter_bgm,Campaign_stage,39,0,True,None,0,bgm_chapter39_field_gliding_a
2039002,Spot_bgm,Campaign_stage,0,0,True,None,39,bgm_chapter39_spot_guidingstar_a
2039003,Chapter_bgm,Campaign_stage,39,0,False,Stage_clear,6039038,bgm_chapter39_field_gliding_b
2039004,Spot_bgm,Campaign_stage,6039038,0,False,Stage_enter,0,bgm_chapter39_spot_guidingstar_b
2039005,Spot_bgm,Campaign_stage,6039039,0,False,Stage_enter,0,bgm_chapter39_spot_guidingstar_b
2039006,Spot_bgm,Campaign_stage,6039040,0,False,Stage_enter,0,bgm_chapter39_spot_guidingstar_b
2039007,Spot_bgm,Campaign_stage,6039041,0,False,Stage_enter,0,bgm_chapter39_spot_guidingstar_b
2039008,Spot_bgm,Campaign_stage,6039042,0,False,Stage_enter,0,bgm_chapter39_spot_guidingstar_b
2039009,Spot_bgm,Campaign_stage,6039043,0,False,Stage_enter,0,bgm_chapter39_spot_guidingstar_b
2039010,Spot_bgm,Campaign_stage,6039044,0,False,Stage_enter,0,bgm_spot_counterattack
2039011,Spot_bgm,Campaign_stage,6039045,0,False,Stage_enter,0,bgm_chapter40_spot_abyssoftheworld_b
2039012,Spot_bgm,Campaign_stage,6039046,0,False,Stage_enter,0,bgm_chapter40_spot_abyssoftheworld_b
2040001,Chapter_bgm,Campaign_stage,40,0,True,None,0,bgm_chapter40_field_turningpoint_a
2040002,Spot_bgm,Campaign_stage,0,0,True,None,40,bgm_chapter40_spot_abyssoftheworld_a
2040003,Chapter_bgm,Campaign_stage,40,0,False,Stage_clear,6040039,bgm_chapter40_field_turningpoint_b
2040004,Spot_bgm,Campaign_stage,6040039,0,False,Stage_enter,0,bgm_chapter40_spot_abyssoftheworld_b
2040005,Spot_bgm,Campaign_stage,6040040,0,False,Stage_enter,0,bgm_chapter40_spot_abyssoftheworld_b
2040006,Spot_bgm,Campaign_stage,6040041,0,False,Stage_enter,0,bgm_chapter40_spot_abyssoftheworld_b
2040007,Spot_bgm,Campaign_stage,6040042,0,False,Stage_enter,0,bgm_chapter40_spot_abyssoftheworld_b
2040008,Spot_bgm,Campaign_stage,6040043,0,False,Stage_enter,0,bgm_chapter40_spot_abyssoftheworld_b
2040009,Spot_bgm,Campaign_stage,6040044,0,False,Target_appear,0,bgm_boss_eba005_phase1
2040010,Spot_bgm,Campaign_stage,6040044,0,False,Change_Phase_2,0,bgm_boss_eba005_phase2
2040011,Spot_bgm,Campaign_stage,6040045,0,False,Stage_enter,0,bgm_chapter39_spot_guidingstar_b
2040012,Spot_bgm,Campaign_stage,6040046,0,False,Stage_enter,0,bgm_chapter39_spot_guidingstar_b
2100001,Spot_bgm,Campaign_stage,7000001,0,False,Stage_enter,0,bgm_spot_crumblingcity_b
2100002,Spot_bgm,Campaign_stage,7000002,0,False,Stage_enter,0,bgm_spot_crumblingcity_b
2100003,Spot_bgm,Campaign_stage,7000003,0,False,Stage_enter,0,bgm_spot_counterattack
2101001,Spot_bgm,Campaign_stage,7001001,0,False,Stage_enter,0,bgm_spot_encounter
2101002,Spot_bgm,Campaign_stage,7001002,0,False,Stage_enter,0,bgm_spot_encounter
2101003,Spot_bgm,Campaign_stage,7001003,0,False,Stage_enter,0,bgm_spot_encounter
2101004,Spot_bgm,Campaign_stage,7001004,0,False,Target_appear,0,bgm_boss_bbg003
2101005,Spot_bgm,Campaign_stage,7001005,0,False,Stage_enter,0,bgm_spot_counterattack
2102001,Spot_bgm,Campaign_stage,7002005,0,False,Stage_enter,0,bgm_spot_bulletstorm_b
2102002,Spot_bgm,Campaign_stage,7002006,0,False,Stage_enter,0,bgm_spot_bulletstorm_b
2102003,Spot_bgm,Campaign_stage,7002007,0,False,Stage_enter,0,bgm_spot_bulletstorm_b
2102004,Spot_bgm,Campaign_stage,7002008,0,False,Stage_enter,0,bgm_spot_bulletstorm_b
2102005,Spot_bgm,Campaign_stage,7002009,0,False,Stage_enter,0,bgm_spot_bulletstorm_b
2102006,Spot_bgm,Campaign_stage,7002010,0,False,Stage_enter,0,bgm_spot_bulletstorm_b
2102007,Spot_bgm,Campaign_stage,7002011,0,False,Stage_enter,0,bgm_spot_bulletstorm_b
2102008,Spot_bgm,Campaign_stage,7002012,0,False,Target_appear,0,bgm_boss_mbg002
2102009,Spot_bgm,Campaign_stage,7002013,0,False,Stage_enter,0,bgm_spot_counterattack
2103001,Spot_bgm,Campaign_stage,7003008,0,False,Stage_enter,0,bgm_spot_incomingrapture_b
2103002,Spot_bgm,Campaign_stage,7003009,0,False,Stage_enter,0,bgm_spot_incomingrapture_b
2103003,Spot_bgm,Campaign_stage,7003010,0,False,Stage_enter,0,bgm_spot_incomingrapture_b
2103004,Spot_bgm,Campaign_stage,7003011,0,False,Stage_enter,0,bgm_spot_incomingrapture_b
2103005,Spot_bgm,Campaign_stage,7003012,0,False,Stage_enter,0,bgm_spot_incomingrapture_b
2103006,Spot_bgm,Campaign_stage,7003013,0,False,Stage_enter,0,bgm_spot_incomingrapture_b
2103007,Spot_bgm,Campaign_stage,7003014,0,False,Stage_enter,0,bgm_spot_incomingrapture_b
2103008,Spot_bgm,Campaign_stage,7003015,0,False,Stage_enter,0,bgm_spot_incomingrapture_b
2103009,Spot_bgm,Campaign_stage,7003016,0,False,Stage_enter,0,bgm_spot_counterattack
2103010,Spot_bgm,Campaign_stage,7003017,0,False,Stage_enter,0,bgm_spot_counterattack
2104001,Spot_bgm,Campaign_stage,7004009,0,False,Target_appear,0,bgm_boss_bbg002
2104002,Spot_bgm,Campaign_stage,7004009,0,False,Stage_enter,0,bgm_spot_crumblingcity_b
2104003,Spot_bgm,Campaign_stage,7004010,0,False,Stage_enter,0,bgm_spot_crumblingcity_b
2104004,Spot_bgm,Campaign_stage,7004011,0,False,Stage_enter,0,bgm_spot_crumblingcity_b
2104005,Spot_bgm,Campaign_stage,7004012,0,False,Stage_enter,0,bgm_spot_crumblingcity_b
2104006,Spot_bgm,Campaign_stage,7004013,0,False,Stage_enter,0,bgm_spot_crumblingcity_b
2104007,Spot_bgm,Campaign_stage,7004014,0,False,Stage_enter,0,bgm_spot_crumblingcity_b
2104008,Spot_bgm,Campaign_stage,7004015,0,False,Stage_enter,0,bgm_spot_crumblingcity_b
2104009,Spot_bgm,Campaign_stage,7004016,0,False,Stage_enter,0,bgm_spot_crumblingcity_b
2104010,Spot_bgm,Campaign_stage,7004017,0,False,Stage_enter,0,bgm_spot_crumblingcity_b
2104011,Spot_bgm,Campaign_stage,7004018,0,False,Stage_enter,0,bgm_spot_crumblingcity_b
2104012,Spot_bgm,Campaign_stage,7004019,0,False,Stage_enter,0,bgm_spot_crumblingcity_b
2105001,Spot_bgm,Campaign_stage,7005010,0,False,Stage_enter,0,bgm_spot_silvermane_b
2105002,Spot_bgm,Campaign_stage,7005011,0,False,Stage_enter,0,bgm_spot_silvermane_b
2105003,Spot_bgm,Campaign_stage,7005012,0,False,Stage_enter,0,bgm_spot_silvermane_b
2105004,Spot_bgm,Campaign_stage,7005013,0,False,Stage_enter,0,bgm_spot_silvermane_b
2105005,Spot_bgm,Campaign_stage,7005014,0,False,Stage_enter,0,bgm_spot_silvermane_b
2105006,Spot_bgm,Campaign_stage,7005015,0,False,Stage_enter,0,bgm_spot_silvermane_b
2105007,Spot_bgm,Campaign_stage,7005016,0,False,Stage_enter,0,bgm_spot_silvermane_b
2105008,Spot_bgm,Campaign_stage,7005017,0,False,Stage_enter,0,bgm_spot_silvermane_b
2105009,Spot_bgm,Campaign_stage,7005018,0,False,Stage_enter,0,bgm_spot_silvermane_b
2105010,Spot_bgm,Campaign_stage,7005019,0,False,Stage_enter,0,bgm_spot_silvermane_b
2105011,Spot_bgm,Campaign_stage,7005020,0,False,Target_appear,0,bgm_boss_ebg001_phase1
2105012,Spot_bgm,Campaign_stage,7005020,0,False,Change_Phase_2,0,bgm_boss_ebg001_phase2
2105013,Spot_bgm,Campaign_stage,7005021,0,False,Stage_enter,0,bgm_spot_counterattack
2105014,Spot_bgm,Campaign_stage,7005022,0,False,Stage_enter,0,bgm_spot_counterattack
2106001,Spot_bgm,Campaign_stage,7006018,0,False,Stage_enter,0,bgm_spot_labyrinth_b
2106002,Spot_bgm,Campaign_stage,7006019,0,False,Stage_enter,0,bgm_spot_labyrinth_b
2106003,Spot_bgm,Campaign_stage,7006020,0,False,Stage_enter,0,bgm_spot_labyrinth_b
2106004,Spot_bgm,Campaign_stage,7006021,0,False,Stage_enter,0,bgm_spot_labyrinth_b
2106005,Spot_bgm,Campaign_stage,7006022,0,False,Stage_enter,0,bgm_spot_labyrinth_b
2106006,Spot_bgm,Campaign_stage,7006023,0,False,Stage_enter,0,bgm_spot_labyrinth_b
2106007,Spot_bgm,Campaign_stage,7006024,0,False,Stage_enter,0,bgm_spot_labyrinth_b
2106008,Spot_bgm,Campaign_stage,7006025,0,False,Stage_enter,0,bgm_spot_labyrinth_b
2106009,Spot_bgm,Campaign_stage,7006026,0,False,Stage_enter,0,bgm_spot_labyrinth_b
2106010,Spot_bgm,Campaign_stage,7006027,0,False,Stage_enter,0,bgm_spot_labyrinth_b
2106011,Spot_bgm,Campaign_stage,7006028,0,False,Stage_enter,0,bgm_spot_labyrinth_b
2106012,Spot_bgm,Campaign_stage,7006029,0,False,Stage_enter,0,bgm_spot_labyrinth_b
2106013,Spot_bgm,Campaign_stage,7006030,0,False,Target_appear,0,bgm_boss_bbg002
2106014,Spot_bgm,Campaign_stage,7006031,0,False,Stage_enter,0,bgm_spot_counterattack
2106015,Spot_bgm,Campaign_stage,7006032,0,False,Stage_enter,0,bgm_spot_counterattack
2107001,Spot_bgm,Campaign_stage,7007018,0,False,Stage_enter,0,bgm_spot_scardi_b
2107002,Spot_bgm,Campaign_stage,7007019,0,False,Stage_enter,0,bgm_spot_scardi_b
2107003,Spot_bgm,Campaign_stage,7007020,0,False,Stage_enter,0,bgm_spot_scardi_b
2107004,Spot_bgm,Campaign_stage,7007021,0,False,Stage_enter,0,bgm_spot_scardi_b
2107005,Spot_bgm,Campaign_stage,7007022,0,False,Stage_enter,0,bgm_spot_scardi_b
2107006,Spot_bgm,Campaign_stage,7007023,0,False,Stage_enter,0,bgm_spot_scardi_b
2107007,Spot_bgm,Campaign_stage,7007024,0,False,Stage_enter,0,bgm_spot_scardi_b
2107008,Spot_bgm,Campaign_stage,7007025,0,False,Stage_enter,0,bgm_spot_scardi_b
2107009,Spot_bgm,Campaign_stage,7007026,0,False,Stage_enter,0,bgm_spot_scardi_b
2107010,Spot_bgm,Campaign_stage,7007027,0,False,Stage_enter,0,bgm_spot_scardi_b
2107011,Spot_bgm,Campaign_stage,7007028,0,False,Stage_enter,0,bgm_spot_scardi_b
2107012,Spot_bgm,Campaign_stage,7007029,0,False,Stage_enter,0,bgm_spot_scardi_b
2107013,Spot_bgm,Campaign_stage,7007030,0,False,Stage_enter,0,bgm_spot_scardi_b
2107014,Spot_bgm,Campaign_stage,7007031,0,False,Stage_enter,0,bgm_spot_scardi_b
2107015,Spot_bgm,Campaign_stage,7007032,0,False,Stage_enter,0,bgm_spot_scardi_b
2107016,Spot_bgm,Campaign_stage,7007033,0,False,Stage_enter,0,bgm_spot_scardi_b
2107017,Spot_bgm,Campaign_stage,7007034,0,False,Target_appear,0,bgm_boss_mbg004
2107018,Spot_bgm,Campaign_stage,7007035,0,False,Stage_enter,0,bgm_spot_counterattack
2107019,Spot_bgm,Campaign_stage,7007036,0,False,Stage_enter,0,bgm_spot_counterattack
2108001,Spot_bgm,Campaign_stage,7007036,0,False,Stage_enter,0,bgm_spot_theclue_b
2108002,Spot_bgm,Campaign_stage,7007036,0,False,Stage_enter,0,bgm_spot_theclue_b
2108003,Spot_bgm,Campaign_stage,7007036,0,False,Stage_enter,0,bgm_spot_theclue_b
2108004,Spot_bgm,Campaign_stage,7007036,0,False,Stage_enter,0,bgm_spot_theclue_b
2108005,Spot_bgm,Campaign_stage,7007036,0,False,Stage_enter,0,bgm_spot_theclue_b
2108006,Spot_bgm,Campaign_stage,7007036,0,False,Stage_enter,0,bgm_spot_theclue_b
2108007,Spot_bgm,Campaign_stage,7007036,0,False,Stage_enter,0,bgm_spot_theclue_b
2108008,Spot_bgm,Campaign_stage,7007036,0,False,Stage_enter,0,bgm_spot_theclue_b
2108009,Spot_bgm,Campaign_stage,7007036,0,False,Stage_enter,0,bgm_spot_theclue_b
2108010,Spot_bgm,Campaign_stage,7007036,0,False,Stage_enter,0,bgm_spot_theclue_b
2108011,Spot_bgm,Campaign_stage,7007036,0,False,Stage_enter,0,bgm_spot_theclue_b
2108012,Spot_bgm,Campaign_stage,7007036,0,False,Stage_enter,0,bgm_spot_theclue_b
2108013,Spot_bgm,Campaign_stage,7007036,0,False,Stage_enter,0,bgm_spot_theclue_b
2108014,Spot_bgm,Campaign_stage,7007036,0,False,Stage_enter,0,bgm_spot_counterattack
2108015,Spot_bgm,Campaign_stage,7007036,0,False,Stage_enter,0,bgm_spot_counterattack
2109001,Spot_bgm,Campaign_stage,7009015,0,False,Stage_enter,0,bgm_spot_standalone_b
2109002,Spot_bgm,Campaign_stage,7009016,0,False,Stage_enter,0,bgm_spot_standalone_b
2109003,Spot_bgm,Campaign_stage,7009017,0,False,Stage_enter,0,bgm_spot_standalone_b
2109004,Spot_bgm,Campaign_stage,7009018,0,False,Stage_enter,0,bgm_spot_standalone_b
2109005,Spot_bgm,Campaign_stage,7009019,0,False,Stage_enter,0,bgm_spot_standalone_b
2109006,Spot_bgm,Campaign_stage,7009020,0,False,Stage_enter,0,bgm_spot_standalone_b
2109007,Spot_bgm,Campaign_stage,7009021,0,False,Stage_enter,0,bgm_spot_standalone_b
2109008,Spot_bgm,Campaign_stage,7009022,0,False,Stage_enter,0,bgm_spot_standalone_b
2109009,Spot_bgm,Campaign_stage,7009023,0,False,Stage_enter,0,bgm_spot_standalone_b
2109010,Spot_bgm,Campaign_stage,7009024,0,False,Stage_enter,0,bgm_spot_standalone_b
2109011,Spot_bgm,Campaign_stage,7009025,0,False,Stage_enter,0,bgm_spot_standalone_b
2109012,Spot_bgm,Campaign_stage,7009026,0,False,Stage_enter,0,bgm_spot_standalone_b
2109013,Spot_bgm,Campaign_stage,7009027,0,False,Stage_enter,0,bgm_spot_standalone_b
2109014,Spot_bgm,Campaign_stage,7009028,0,False,Stage_enter,0,bgm_spot_counterattack
2109015,Spot_bgm,Campaign_stage,7009029,0,False,Stage_enter,0,bgm_spot_counterattack
2110001,Spot_bgm,Campaign_stage,7010013,0,False,Stage_enter,0,bgm_spot_khamsin_b
2110002,Spot_bgm,Campaign_stage,7010014,0,False,Stage_enter,0,bgm_spot_khamsin_b
2110003,Spot_bgm,Campaign_stage,7010015,0,False,Stage_enter,0,bgm_spot_khamsin_b
2110004,Spot_bgm,Campaign_stage,7010016,0,False,Stage_enter,0,bgm_spot_khamsin_b
2110005,Spot_bgm,Campaign_stage,7010017,0,False,Stage_enter,0,bgm_spot_khamsin_b
2110006,Spot_bgm,Campaign_stage,7010018,0,False,Stage_enter,0,bgm_spot_khamsin_b
2110007,Spot_bgm,Campaign_stage,7010019,0,False,Stage_enter,0,bgm_spot_khamsin_b
2110008,Spot_bgm,Campaign_stage,7010020,0,False,Stage_enter,0,bgm_spot_khamsin_b
2110009,Spot_bgm,Campaign_stage,7010021,0,False,Stage_enter,0,bgm_spot_khamsin_b
2110010,Spot_bgm,Campaign_stage,7010022,0,False,Stage_enter,0,bgm_spot_khamsin_b
2110011,Spot_bgm,Campaign_stage,7010023,0,False,Stage_enter,0,bgm_spot_khamsin_b
2110012,Spot_bgm,Campaign_stage,7010024,0,False,Stage_enter,0,bgm_spot_khamsin_b
2110013,Spot_bgm,Campaign_stage,7010025,0,False,Stage_enter,0,bgm_spot_khamsin_b
2110014,Spot_bgm,Campaign_stage,7010026,0,False,Stage_enter,0,bgm_spot_khamsin_b
2110015,Spot_bgm,Campaign_stage,7010027,0,False,Stage_enter,0,bgm_spot_khamsin_b
2110016,Spot_bgm,Campaign_stage,7010028,0,False,Stage_enter,0,bgm_spot_counterattack
2110017,Spot_bgm,Campaign_stage,7010029,0,False,Stage_enter,0,bgm_spot_counterattack
2111001,Spot_bgm,Campaign_stage,7011015,0,False,Stage_enter,0,bgm_spot_splinter_b
2111002,Spot_bgm,Campaign_stage,7011016,0,False,Stage_enter,0,bgm_spot_splinter_b
2111003,Spot_bgm,Campaign_stage,7011017,0,False,Stage_enter,0,bgm_spot_splinter_b
2111004,Spot_bgm,Campaign_stage,7011018,0,False,Stage_enter,0,bgm_spot_splinter_b
2111005,Spot_bgm,Campaign_stage,7011019,0,False,Stage_enter,0,bgm_spot_splinter_b
2111006,Spot_bgm,Campaign_stage,7011020,0,False,Stage_enter,0,bgm_spot_splinter_b
2111007,Spot_bgm,Campaign_stage,7011021,0,False,Stage_enter,0,bgm_spot_splinter_b
2111008,Spot_bgm,Campaign_stage,7011022,0,False,Stage_enter,0,bgm_spot_splinter_b
2111009,Spot_bgm,Campaign_stage,7011023,0,False,Stage_enter,0,bgm_spot_splinter_b
2111010,Spot_bgm,Campaign_stage,7011024,0,False,Stage_enter,0,bgm_spot_splinter_b
2111011,Spot_bgm,Campaign_stage,7011025,0,False,Stage_enter,0,bgm_spot_splinter_b
2111012,Spot_bgm,Campaign_stage,7011026,0,False,Stage_enter,0,bgm_spot_splinter_b
2111013,Spot_bgm,Campaign_stage,7011027,0,False,Target_appear,0,bgm_boss_bbg001
2111014,Spot_bgm,Campaign_stage,7011028,0,False,Stage_enter,0,bgm_spot_counterattack
2111015,Spot_bgm,Campaign_stage,7011029,0,False,Stage_enter,0,bgm_spot_counterattack
2112001,Spot_bgm,Campaign_stage,7012012,0,False,Stage_enter,0,bgm_spot_groundzero_b
2112002,Spot_bgm,Campaign_stage,7012013,0,False,Stage_enter,0,bgm_spot_groundzero_b
2112003,Spot_bgm,Campaign_stage,7012014,0,False,Stage_enter,0,bgm_spot_groundzero_b
2112004,Spot_bgm,Campaign_stage,7012015,0,False,Stage_enter,0,bgm_spot_groundzero_b
2112005,Spot_bgm,Campaign_stage,7012016,0,False,Stage_enter,0,bgm_spot_groundzero_b
2112006,Spot_bgm,Campaign_stage,7012017,0,False,Stage_enter,0,bgm_spot_groundzero_b
2112007,Spot_bgm,Campaign_stage,7012018,0,False,Stage_enter,0,bgm_spot_groundzero_b
2112008,Spot_bgm,Campaign_stage,7012019,0,False,Stage_enter,0,bgm_spot_groundzero_b
2112009,Spot_bgm,Campaign_stage,7012020,0,False,Stage_enter,0,bgm_spot_groundzero_b
2112010,Spot_bgm,Campaign_stage,7012021,0,False,Stage_enter,0,bgm_spot_groundzero_b
2112011,Spot_bgm,Campaign_stage,7012022,0,False,Stage_enter,0,bgm_spot_groundzero_b
2112012,Spot_bgm,Campaign_stage,7012023,0,False,Stage_enter,0,bgm_spot_groundzero_b
2112013,Spot_bgm,Campaign_stage,7012024,0,False,Stage_enter,0,bgm_spot_groundzero_b
2112014,Spot_bgm,Campaign_stage,7012025,0,False,Stage_enter,0,bgm_spot_groundzero_b
2112015,Spot_bgm,Campaign_stage,7012026,0,False,Stage_enter,0,bgm_spot_groundzero_b
2112016,Spot_bgm,Campaign_stage,7012027,0,False,Stage_enter,0,bgm_spot_groundzero_b
2112017,Spot_bgm,Campaign_stage,7012028,0,False,Target_appear,0,bgm_boss_ebg002
2112018,Spot_bgm,Campaign_stage,7012029,0,False,Stage_enter,0,bgm_spot_counterattack
2112019,Spot_bgm,Campaign_stage,7012030,0,False,Stage_enter,0,bgm_spot_counterattack
2113001,Spot_bgm,Campaign_stage,7013014,0,False,Stage_enter,0,bgm_spot_dustrider_b
2113002,Spot_bgm,Campaign_stage,7013015,0,False,Stage_enter,0,bgm_spot_dustrider_b
2113003,Spot_bgm,Campaign_stage,7013016,0,False,Stage_enter,0,bgm_spot_dustrider_b
2113004,Spot_bgm,Campaign_stage,7013017,0,False,Target_appear,0,bgm_boss_mbg001
2113005,Spot_bgm,Campaign_stage,7013020,0,False,Stage_enter,0,bgm_spot_dustrider_b
2113006,Spot_bgm,Campaign_stage,7013021,0,False,Stage_enter,0,bgm_spot_dustrider_b
2113007,Spot_bgm,Campaign_stage,7013022,0,False,Target_appear,0,bgm_boss_bbg002_2
2113008,Spot_bgm,Campaign_stage,7013023,0,False,Stage_enter,0,bgm_spot_dustrider_b
2113009,Spot_bgm,Campaign_stage,7013024,0,False,Stage_enter,0,bgm_spot_dustrider_b
2113010,Spot_bgm,Campaign_stage,7013025,0,False,Stage_enter,0,bgm_spot_dustrider_b
2113011,Spot_bgm,Campaign_stage,7013026,0,False,Stage_enter,0,bgm_spot_dustrider_b
2113012,Spot_bgm,Campaign_stage,7013027,0,False,Stage_enter,0,bgm_spot_dustrider_b
2113013,Spot_bgm,Campaign_stage,7013028,0,False,Stage_enter,0,bgm_spot_dustrider_b
2113014,Spot_bgm,Campaign_stage,7013032,0,False,Stage_enter,0,bgm_spot_dustrider_b
2113015,Spot_bgm,Campaign_stage,7013033,0,False,Stage_enter,0,bgm_spot_dustrider_b
2113016,Spot_bgm,Campaign_stage,7013034,0,False,Target_appear,0,bgm_boss_mbg004
2113017,Spot_bgm,Campaign_stage,7013038,0,False,Stage_enter,0,bgm_spot_counterattack
2113018,Spot_bgm,Campaign_stage,7013039,0,False,Stage_enter,0,bgm_spot_counterattack
2114001,Spot_bgm,Campaign_stage,7014022,0,False,Stage_enter,0,bgm_spot_crumblingcity_b
2114002,Spot_bgm,Campaign_stage,7014023,0,False,Stage_enter,0,bgm_spot_crumblingcity_b
2114003,Spot_bgm,Campaign_stage,7014024,0,False,Stage_enter,0,bgm_spot_crumblingcity_b
2114004,Spot_bgm,Campaign_stage,7014025,0,False,Stage_enter,0,bgm_spot_crumblingcity_b
2114005,Spot_bgm,Campaign_stage,7014026,0,False,Stage_enter,0,bgm_spot_crumblingcity_b
2114006,Spot_bgm,Campaign_stage,7014027,0,False,Stage_enter,0,bgm_spot_crumblingcity_b
2114007,Spot_bgm,Campaign_stage,7014028,0,False,Stage_enter,0,bgm_spot_crumblingcity_b
2114008,Spot_bgm,Campaign_stage,7014032,0,False,Stage_enter,0,bgm_spot_crumblingcity_b
2114009,Spot_bgm,Campaign_stage,7014033,0,False,Stage_enter,0,bgm_spot_crumblingcity_b
2114010,Spot_bgm,Campaign_stage,7014034,0,False,Stage_enter,0,bgm_spot_crumblingcity_b
2114011,Spot_bgm,Campaign_stage,7014035,0,False,Stage_enter,0,bgm_spot_crumblingcity_b
2114012,Spot_bgm,Campaign_stage,7014036,0,False,Stage_enter,0,bgm_spot_crumblingcity_b
2114013,Spot_bgm,Campaign_stage,7014037,0,False,Stage_enter,0,bgm_spot_crumblingcity_b
2114014,Spot_bgm,Campaign_stage,7014038,0,False,Stage_enter,0,bgm_spot_crumblingcity_b
2114015,Spot_bgm,Campaign_stage,7014039,0,False,Stage_enter,0,bgm_spot_crumblingcity_b
2114016,Spot_bgm,Campaign_stage,7014040,0,False,Stage_enter,0,bgm_spot_counterattack
2114017,Spot_bgm,Campaign_stage,7014044,0,False,Stage_enter,0,bgm_spot_bulletstorm_b
2114018,Spot_bgm,Campaign_stage,7014045,0,False,Stage_enter,0,bgm_spot_bulletstorm_b
2115001,Spot_bgm,Campaign_stage,7015021,0,False,Stage_enter,0,bgm_spot_bulletstorm_b
2115002,Spot_bgm,Campaign_stage,7015024,0,False,Stage_enter,0,bgm_spot_bulletstorm_b
2115003,Spot_bgm,Campaign_stage,7015025,0,False,Stage_enter,0,bgm_spot_bulletstorm_b
2115004,Spot_bgm,Campaign_stage,7015026,0,False,Stage_enter,0,bgm_spot_bulletstorm_b
2115005,Spot_bgm,Campaign_stage,7015027,0,False,Stage_enter,0,bgm_spot_bulletstorm_b
2115006,Spot_bgm,Campaign_stage,7015028,0,False,Stage_enter,0,bgm_spot_bulletstorm_b
2115007,Spot_bgm,Campaign_stage,7015029,0,False,Stage_enter,0,bgm_spot_bulletstorm_b
2115008,Spot_bgm,Campaign_stage,7015030,0,False,Stage_enter,0,bgm_spot_bulletstorm_b
2115009,Spot_bgm,Campaign_stage,7015031,0,False,Stage_enter,0,bgm_spot_bulletstorm_b
2115010,Spot_bgm,Campaign_stage,7015032,0,False,Stage_enter,0,bgm_spot_bulletstorm_b
2115011,Spot_bgm,Campaign_stage,7015033,0,False,Stage_enter,0,bgm_spot_bulletstorm_b
2115012,Spot_bgm,Campaign_stage,7015034,0,False,Stage_enter,0,bgm_spot_bulletstorm_b
2115013,Spot_bgm,Campaign_stage,7015035,0,False,Stage_enter,0,bgm_spot_bulletstorm_b
2115014,Spot_bgm,Campaign_stage,7015036,0,False,Stage_enter,0,bgm_spot_bulletstorm_b
2115015,Spot_bgm,Campaign_stage,7015037,0,False,Stage_enter,0,bgm_spot_bulletstorm_b
2115016,Spot_bgm,Campaign_stage,7015038,0,False,Stage_enter,0,bgm_spot_bulletstorm_b
2115017,Spot_bgm,Campaign_stage,7015039,0,False,Stage_enter,0,bgm_spot_bulletstorm_b
2115018,Spot_bgm,Campaign_stage,7015040,0,False,Stage_enter,0,bgm_spot_bulletstorm_b
2115019,Spot_bgm,Campaign_stage,7015041,0,False,Stage_enter,0,bgm_spot_bulletstorm_b
2115020,Spot_bgm,Campaign_stage,7015042,0,False,Stage_enter,0,bgm_spot_counterattack
2115021,Spot_bgm,Campaign_stage,7015046,0,False,Stage_enter,0,bgm_spot_counterattack
2115022,Spot_bgm,Campaign_stage,7015047,0,False,Stage_enter,0,bgm_spot_counterattack
2116001,Spot_bgm,Campaign_stage,7016020,0,False,Stage_enter,0,bgm_spot_silvermane_b
2116002,Spot_bgm,Campaign_stage,7016021,0,False,Stage_enter,0,bgm_spot_silvermane_b
2116003,Spot_bgm,Campaign_stage,7016022,0,False,Stage_enter,0,bgm_spot_silvermane_b
2116004,Spot_bgm,Campaign_stage,7016023,0,False,Stage_enter,0,bgm_spot_silvermane_b
2116005,Spot_bgm,Campaign_stage,7016027,0,False,Stage_enter,0,bgm_spot_silvermane_b
2116006,Spot_bgm,Campaign_stage,7016028,0,False,Stage_enter,0,bgm_spot_silvermane_b
2116007,Spot_bgm,Campaign_stage,7016029,0,False,Stage_enter,0,bgm_spot_silvermane_b
2116008,Spot_bgm,Campaign_stage,7016030,0,False,Stage_enter,0,bgm_spot_silvermane_b
2116009,Spot_bgm,Campaign_stage,7016031,0,False,Stage_enter,0,bgm_spot_silvermane_b
2116010,Spot_bgm,Campaign_stage,7016032,0,False,Stage_enter,0,bgm_spot_silvermane_b
2116011,Spot_bgm,Campaign_stage,7016033,0,False,Stage_enter,0,bgm_spot_silvermane_b
2116012,Spot_bgm,Campaign_stage,7016034,0,False,Stage_enter,0,bgm_spot_silvermane_b
2116013,Spot_bgm,Campaign_stage,7016035,0,False,Stage_enter,0,bgm_spot_silvermane_b
2116014,Spot_bgm,Campaign_stage,7016036,0,False,Stage_enter,0,bgm_spot_silvermane_b
2116015,Spot_bgm,Campaign_stage,7016037,0,False,Stage_enter,0,bgm_spot_silvermane_b
2116016,Spot_bgm,Campaign_stage,7016038,0,False,Stage_enter,0,bgm_spot_silvermane_b
2116017,Spot_bgm,Campaign_stage,7016039,0,False,Stage_enter,0,bgm_spot_counterattack
2116018,Spot_bgm,Campaign_stage,7016042,0,False,Stage_enter,0,bgm_spot_counterattack
2116019,Spot_bgm,Campaign_stage,7016043,0,False,Stage_enter,0,bgm_spot_counterattack
2117001,Spot_bgm,Campaign_stage,7017020,0,False,Stage_enter,0,bgm_spot_metalacid_b
2117002,Spot_bgm,Campaign_stage,7017021,0,False,Stage_enter,0,bgm_spot_metalacid_b
2117003,Spot_bgm,Campaign_stage,7017022,0,False,Stage_enter,0,bgm_spot_metalacid_b
2117004,Spot_bgm,Campaign_stage,7017023,0,False,Stage_enter,0,bgm_spot_metalacid_b
2117005,Spot_bgm,Campaign_stage,7017024,0,False,Stage_enter,0,bgm_spot_metalacid_b
2117006,Spot_bgm,Campaign_stage,7017025,0,False,Stage_enter,0,bgm_spot_metalacid_b
2117007,Spot_bgm,Campaign_stage,7017026,0,False,Stage_enter,0,bgm_spot_metalacid_b
2117008,Spot_bgm,Campaign_stage,7017027,0,False,Stage_enter,0,bgm_spot_metalacid_b
2117009,Spot_bgm,Campaign_stage,7017028,0,False,Stage_enter,0,bgm_spot_metalacid_b
2117010,Spot_bgm,Campaign_stage,7017029,0,False,Stage_enter,0,bgm_spot_metalacid_b
2117011,Spot_bgm,Campaign_stage,7017030,0,False,Stage_enter,0,bgm_spot_metalacid_b
2117012,Spot_bgm,Campaign_stage,7017031,0,False,Stage_enter,0,bgm_spot_metalacid_b
2117013,Spot_bgm,Campaign_stage,7017032,0,False,Stage_enter,0,bgm_spot_metalacid_b
2117014,Spot_bgm,Campaign_stage,7017033,0,False,Stage_enter,0,bgm_spot_metalacid_b
2117015,Spot_bgm,Campaign_stage,7017034,0,False,Stage_enter,0,bgm_spot_metalacid_b
2117016,Spot_bgm,Campaign_stage,7017035,0,False,Stage_enter,0,bgm_spot_metalacid_b
2117017,Spot_bgm,Campaign_stage,7017036,0,False,Stage_enter,0,bgm_spot_metalacid_b
2117018,Spot_bgm,Campaign_stage,7017037,0,False,Stage_enter,0,bgm_spot_metalacid_b
2117019,Spot_bgm,Campaign_stage,7017038,0,False,Stage_enter,0,bgm_spot_metalacid_b
2117020,Spot_bgm,Campaign_stage,7017039,0,False,Stage_enter,0,bgm_spot_metalacid_b
2117021,Spot_bgm,Campaign_stage,7017040,0,False,Stage_enter,0,bgm_spot_metalacid_b
2117022,Spot_bgm,Campaign_stage,7017041,0,False,Stage_enter,0,bgm_spot_metalacid_b
2117023,Spot_bgm,Campaign_stage,7017042,0,False,Stage_enter,0,bgm_spot_metalacid_b
2117024,Spot_bgm,Campaign_stage,7017043,0,False,Stage_enter,0,bgm_spot_counterattack
2117025,Spot_bgm,Campaign_stage,7017047,0,False,Stage_enter,0,bgm_spot_counterattack
2117026,Spot_bgm,Campaign_stage,7017048,0,False,Stage_enter,0,bgm_spot_counterattack
2118001,Spot_bgm,Campaign_stage,7018020,0,False,Stage_enter,0,bgm_spot_wingsofvictory_b
2118002,Spot_bgm,Campaign_stage,7018023,0,False,Stage_enter,0,bgm_spot_wingsofvictory_b
2118003,Spot_bgm,Campaign_stage,7018024,0,False,Stage_enter,0,bgm_spot_wingsofvictory_b
2118004,Spot_bgm,Campaign_stage,7018025,0,False,Stage_enter,0,bgm_spot_wingsofvictory_b
2118005,Spot_bgm,Campaign_stage,7018026,0,False,Stage_enter,0,bgm_spot_wingsofvictory_b
2118006,Spot_bgm,Campaign_stage,7018027,0,False,Stage_enter,0,bgm_spot_wingsofvictory_b
2118007,Spot_bgm,Campaign_stage,7018028,0,False,Stage_enter,0,bgm_spot_wingsofvictory_b
2118008,Spot_bgm,Campaign_stage,7018029,0,False,Stage_enter,0,bgm_spot_wingsofvictory_b
2118009,Spot_bgm,Campaign_stage,7018030,0,False,Stage_enter,0,bgm_spot_wingsofvictory_b
2118010,Spot_bgm,Campaign_stage,7018034,0,False,Stage_enter,0,bgm_spot_wingsofvictory_b
2118011,Spot_bgm,Campaign_stage,7018035,0,False,Stage_enter,0,bgm_spot_wingsofvictory_b
2118012,Spot_bgm,Campaign_stage,7018036,0,False,Stage_enter,0,bgm_spot_wingsofvictory_b
2118013,Spot_bgm,Campaign_stage,7018037,0,False,Stage_enter,0,bgm_spot_wingsofvictory_b
2118014,Spot_bgm,Campaign_stage,7018038,0,False,Stage_enter,0,bgm_spot_wingsofvictory_b
2118015,Spot_bgm,Campaign_stage,7018039,0,False,Stage_enter,0,bgm_spot_wingsofvictory_b
2118016,Spot_bgm,Campaign_stage,7018040,0,False,Stage_enter,0,bgm_spot_wingsofvictory_b
2118017,Spot_bgm,Campaign_stage,7018041,0,False,Stage_enter,0,bgm_spot_wingsofvictory_b
2118018,Spot_bgm,Campaign_stage,7018042,0,False,Stage_enter,0,bgm_spot_wingsofvictory_b
2118019,Spot_bgm,Campaign_stage,7018043,0,False,Stage_enter,0,bgm_spot_wingsofvictory_b
2118020,Spot_bgm,Campaign_stage,7018044,0,False,Stage_enter,0,bgm_spot_wingsofvictory_b
2118021,Spot_bgm,Campaign_stage,7018045,0,False,Target_appear,0,bgm_boss_eba001
2118022,Spot_bgm,Campaign_stage,7018049,0,False,Stage_enter,0,bgm_spot_counterattack
2118023,Spot_bgm,Campaign_stage,7018050,0,False,Stage_enter,0,bgm_spot_counterattack
2119001,Spot_bgm,Campaign_stage,7019023,0,False,Stage_enter,0,bgm_spot_diehard_b
2119002,Spot_bgm,Campaign_stage,7019024,0,False,Stage_enter,0,bgm_spot_diehard_b
2119003,Spot_bgm,Campaign_stage,7019025,0,False,Stage_enter,0,bgm_spot_diehard_b
2119004,Spot_bgm,Campaign_stage,7019026,0,False,Stage_enter,0,bgm_spot_diehard_b
2119005,Spot_bgm,Campaign_stage,7019027,0,False,Stage_enter,0,bgm_spot_diehard_b
2119006,Spot_bgm,Campaign_stage,7019028,0,False,Stage_enter,0,bgm_spot_diehard_b
2119007,Spot_bgm,Campaign_stage,7019029,0,False,Stage_enter,0,bgm_spot_diehard_b
2119008,Spot_bgm,Campaign_stage,7019030,0,False,Stage_enter,0,bgm_spot_diehard_b
2119009,Spot_bgm,Campaign_stage,7019031,0,False,Stage_enter,0,bgm_spot_diehard_b
2119010,Spot_bgm,Campaign_stage,7019032,0,False,Stage_enter,0,bgm_spot_diehard_b
2119011,Spot_bgm,Campaign_stage,7019033,0,False,Stage_enter,0,bgm_spot_diehard_b
2119012,Spot_bgm,Campaign_stage,7019034,0,False,Stage_enter,0,bgm_spot_diehard_b
2119013,Spot_bgm,Campaign_stage,7019035,0,False,Stage_enter,0,bgm_spot_diehard_b
2119014,Spot_bgm,Campaign_stage,7019036,0,False,Stage_enter,0,bgm_spot_diehard_b
2119015,Spot_bgm,Campaign_stage,7019037,0,False,Stage_enter,0,bgm_spot_diehard_b
2119016,Spot_bgm,Campaign_stage,7019038,0,False,Stage_enter,0,bgm_spot_diehard_b
2119017,Spot_bgm,Campaign_stage,7019039,0,False,Stage_enter,0,bgm_spot_diehard_b
2119018,Spot_bgm,Campaign_stage,7019040,0,False,Stage_enter,0,bgm_spot_diehard_b
2119019,Spot_bgm,Campaign_stage,7019041,0,False,Stage_enter,0,bgm_spot_diehard_b
2119020,Spot_bgm,Campaign_stage,7019045,0,False,Stage_enter,0,bgm_spot_diehard_b
2119021,Spot_bgm,Campaign_stage,7019046,0,False,Stage_enter,0,bgm_spot_diehard_b
2119022,Spot_bgm,Campaign_stage,7019047,0,False,Stage_enter,0,bgm_spot_counterattack
2119023,Spot_bgm,Campaign_stage,7019051,0,False,Stage_enter,0,bgm_spot_diehard_b
2119024,Spot_bgm,Campaign_stage,7019052,0,False,Target_appear,0,bgm_boss_mbg002
2120001,Spot_bgm,Campaign_stage,7020032,0,False,Stage_enter,0,bgm_spot_risingfromash_b
2120002,Spot_bgm,Campaign_stage,7020033,0,False,Stage_enter,0,bgm_spot_risingfromash_b
2120003,Spot_bgm,Campaign_stage,7020034,0,False,Stage_enter,0,bgm_spot_risingfromash_b
2120004,Spot_bgm,Campaign_stage,7020035,0,False,Stage_enter,0,bgm_spot_risingfromash_b
2120005,Spot_bgm,Campaign_stage,7020036,0,False,Stage_enter,0,bgm_spot_risingfromash_b
2120006,Spot_bgm,Campaign_stage,7020037,0,False,Stage_enter,0,bgm_spot_risingfromash_b
2120007,Spot_bgm,Campaign_stage,7020038,0,False,Stage_enter,0,bgm_spot_risingfromash_b
2120008,Spot_bgm,Campaign_stage,7020039,0,False,Stage_enter,0,bgm_spot_risingfromash_b
2120009,Spot_bgm,Campaign_stage,7020040,0,False,Stage_enter,0,bgm_spot_risingfromash_b
2120010,Spot_bgm,Campaign_stage,7020041,0,False,Target_appear,0,bgm_boss_mba002_phase1
2120011,Spot_bgm,Campaign_stage,7020041,0,False,Change_Phase_2,0,bgm_boss_mba002_phase2
2120012,Spot_bgm,Campaign_stage,7020042,0,False,Stage_enter,0,bgm_spot_counterattack
2120013,Spot_bgm,Campaign_stage,7020043,0,False,Stage_enter,0,bgm_boss_eba001
2121001,Spot_bgm,Campaign_stage,7021021,0,False,Stage_enter,0,bgm_spot_rapturestorm_b
2121002,Spot_bgm,Campaign_stage,7021022,0,False,Stage_enter,0,bgm_spot_rapturestorm_b
2121003,Spot_bgm,Campaign_stage,7021023,0,False,Stage_enter,0,bgm_spot_rapturestorm_b
2121004,Spot_bgm,Campaign_stage,7021024,0,False,Stage_enter,0,bgm_spot_rapturestorm_b
2121005,Spot_bgm,Campaign_stage,7021025,0,False,Stage_enter,0,bgm_spot_rapturestorm_b
2121006,Spot_bgm,Campaign_stage,7021026,0,False,Stage_enter,0,bgm_spot_rapturestorm_b
2121007,Spot_bgm,Campaign_stage,7021027,0,False,Stage_enter,0,bgm_spot_rapturestorm_b
2121008,Spot_bgm,Campaign_stage,7021028,0,False,Stage_enter,0,bgm_spot_rapturestorm_b
2121009,Spot_bgm,Campaign_stage,7021029,0,False,Stage_enter,0,bgm_spot_rapturestorm_b
2121010,Spot_bgm,Campaign_stage,7021030,0,False,Stage_enter,0,bgm_spot_rapturestorm_b
2121011,Spot_bgm,Campaign_stage,7021031,0,False,Stage_enter,0,bgm_spot_rapturestorm_b
2121012,Spot_bgm,Campaign_stage,7021032,0,False,Stage_enter,0,bgm_spot_rapturestorm_b
2121013,Spot_bgm,Campaign_stage,7021033,0,False,Stage_enter,0,bgm_spot_rapturestorm_b
2121014,Spot_bgm,Campaign_stage,7021034,0,False,Stage_enter,0,bgm_spot_rapturestorm_b
2121015,Spot_bgm,Campaign_stage,7021035,0,False,Stage_enter,0,bgm_spot_rapturestorm_b
2121016,Spot_bgm,Campaign_stage,7021036,0,False,Stage_enter,0,bgm_spot_rapturestorm_b
2121017,Spot_bgm,Campaign_stage,7021037,0,False,Stage_enter,0,bgm_spot_rapturestorm_b
2121018,Spot_bgm,Campaign_stage,7021038,0,False,Stage_enter,0,bgm_spot_rapturestorm_b
2121019,Spot_bgm,Campaign_stage,7021039,0,False,Stage_enter,0,bgm_spot_rapturestorm_b
2121020,Spot_bgm,Campaign_stage,7021040,0,False,Stage_enter,0,bgm_spot_rapturestorm_b
2121021,Spot_bgm,Campaign_stage,7021041,0,False,Stage_enter,0,bgm_spot_rapturestorm_b
2121022,Spot_bgm,Campaign_stage,7021042,0,False,Stage_enter,0,bgm_boss_bba001
2121023,Spot_bgm,Campaign_stage,7021043,0,False,Stage_enter,0,bgm_spot_counterattack
2121024,Spot_bgm,Campaign_stage,7021044,0,False,Stage_enter,0,bgm_spot_counterattack
2122001,Spot_bgm,Campaign_stage,7022021,0,False,Stage_enter,0,bgm_spot_emergencyengage_b
2122002,Spot_bgm,Campaign_stage,7022022,0,False,Stage_enter,0,bgm_spot_emergencyengage_b
2122003,Spot_bgm,Campaign_stage,7022023,0,False,Stage_enter,0,bgm_spot_emergencyengage_b
2122004,Spot_bgm,Campaign_stage,7022024,0,False,Stage_enter,0,bgm_spot_emergencyengage_b
2122005,Spot_bgm,Campaign_stage,7022025,0,False,Stage_enter,0,bgm_spot_emergencyengage_b
2122006,Spot_bgm,Campaign_stage,7022026,0,False,Stage_enter,0,bgm_spot_emergencyengage_b
2122007,Spot_bgm,Campaign_stage,7022027,0,False,Stage_enter,0,bgm_spot_emergencyengage_b
2122008,Spot_bgm,Campaign_stage,7022028,0,False,Stage_enter,0,bgm_spot_emergencyengage_b
2122009,Spot_bgm,Campaign_stage,7022029,0,False,Stage_enter,0,bgm_spot_emergencyengage_b
2122010,Spot_bgm,Campaign_stage,7022030,0,False,Stage_enter,0,bgm_spot_emergencyengage_b
2122011,Spot_bgm,Campaign_stage,7022031,0,False,Stage_enter,0,bgm_spot_emergencyengage_b
2122012,Spot_bgm,Campaign_stage,7022032,0,False,Stage_enter,0,bgm_spot_emergencyengage_b
2122013,Spot_bgm,Campaign_stage,7022033,0,False,Stage_enter,0,bgm_spot_emergencyengage_b
2122014,Spot_bgm,Campaign_stage,7022034,0,False,Stage_enter,0,bgm_spot_emergencyengage_b
2122015,Spot_bgm,Campaign_stage,7022035,0,False,Stage_enter,0,bgm_spot_emergencyengage_b
2122016,Spot_bgm,Campaign_stage,7022036,0,False,Stage_enter,0,bgm_spot_emergencyengage_b
2122017,Spot_bgm,Campaign_stage,7022037,0,False,Stage_enter,0,bgm_spot_emergencyengage_b
2122018,Spot_bgm,Campaign_stage,7022038,0,False,Stage_enter,0,bgm_spot_emergencyengage_b
2122019,Spot_bgm,Campaign_stage,7022039,0,False,Stage_enter,0,bgm_spot_emergencyengage_b
2122020,Spot_bgm,Campaign_stage,7022040,0,False,Stage_enter,0,bgm_spot_emergencyengage_b
2122021,Spot_bgm,Campaign_stage,7022041,0,False,Stage_enter,0,bgm_spot_emergencyengage_b
2122022,Spot_bgm,Campaign_stage,7022042,0,False,Stage_enter,0,bgm_spot_emergencyengage_b
2122023,Spot_bgm,Campaign_stage,7022043,0,False,Target_appear,0,bgm_boss_mba002_phase1
2122024,Spot_bgm,Campaign_stage,7022043,0,False,Change_Phase_2,0,bgm_boss_mba002_phase2
2122025,Spot_bgm,Campaign_stage,7022044,0,False,Stage_enter,0,bgm_spot_counterattack
2122026,Spot_bgm,Campaign_stage,7022045,0,False,Stage_enter,0,bgm_spot_counterattack
2123001,Spot_bgm,Campaign_stage,7023001,0,False,Stage_enter,0,bgm_spot_thewarmfront
2123002,Spot_bgm,Campaign_stage,7023002,0,False,Stage_enter,0,bgm_spot_thewarmfront
2123003,Spot_bgm,Campaign_stage,7023003,0,False,Stage_enter,0,bgm_spot_thewarmfront
2123004,Spot_bgm,Campaign_stage,7023004,0,False,Stage_enter,0,bgm_spot_thewarmfront
2123005,Spot_bgm,Campaign_stage,7023005,0,False,Stage_enter,0,bgm_spot_thewarmfront
2123006,Spot_bgm,Campaign_stage,7023006,0,False,Stage_enter,0,bgm_spot_thewarmfront
2123007,Spot_bgm,Campaign_stage,7023007,0,False,Stage_enter,0,bgm_spot_thewarmfront
2123008,Spot_bgm,Campaign_stage,7023008,0,False,Stage_enter,0,bgm_spot_thewarmfront
2123009,Spot_bgm,Campaign_stage,7023009,0,False,Stage_enter,0,bgm_spot_thewarmfront
2123010,Spot_bgm,Campaign_stage,7023010,0,False,Stage_enter,0,bgm_spot_thewarmfront
2123011,Spot_bgm,Campaign_stage,7023011,0,False,Stage_enter,0,bgm_spot_thewarmfront
2123012,Spot_bgm,Campaign_stage,7023012,0,False,Stage_enter,0,bgm_spot_thewarmfront
2123013,Spot_bgm,Campaign_stage,7023013,0,False,Stage_enter,0,bgm_spot_thewarmfront
2123014,Spot_bgm,Campaign_stage,7023014,0,False,Stage_enter,0,bgm_spot_thewarmfront
2123015,Spot_bgm,Campaign_stage,7023015,0,False,Stage_enter,0,bgm_spot_thewarmfront
2123016,Spot_bgm,Campaign_stage,7023016,0,False,Stage_enter,0,bgm_spot_thewarmfront
2123017,Spot_bgm,Campaign_stage,7023017,0,False,Stage_enter,0,bgm_spot_thewarmfront
2123018,Spot_bgm,Campaign_stage,7023018,0,False,Stage_enter,0,bgm_spot_thewarmfront
2123019,Spot_bgm,Campaign_stage,7023019,0,False,Stage_enter,0,bgm_spot_thewarmfront
2123020,Spot_bgm,Campaign_stage,7023020,0,False,Stage_enter,0,bgm_spot_thewarmfront
2123021,Spot_bgm,Campaign_stage,7023021,0,False,Stage_enter,0,bgm_spot_thewarmfront
2123022,Spot_bgm,Campaign_stage,7023022,0,False,Stage_enter,0,bgm_spot_thewarmfront
2123023,Spot_bgm,Campaign_stage,7023023,0,False,Stage_enter,0,bgm_spot_thewarmfront
2123024,Spot_bgm,Campaign_stage,7023024,0,False,Stage_enter,0,bgm_spot_thewarmfront
2123025,Spot_bgm,Campaign_stage,7023025,0,False,Stage_enter,0,bgm_spot_thewarmfront
2123026,Spot_bgm,Campaign_stage,7023026,0,False,Stage_enter,0,bgm_spot_thewarmfront
2123027,Spot_bgm,Campaign_stage,7023027,0,False,Stage_enter,0,bgm_spot_thewarmfront
2123028,Spot_bgm,Campaign_stage,7023028,0,False,Stage_enter,0,bgm_spot_thewarmfront
2123029,Spot_bgm,Campaign_stage,7023029,0,False,Stage_enter,0,bgm_spot_thewarmfront
2123030,Spot_bgm,Campaign_stage,7023030,0,False,Stage_enter,0,bgm_spot_thewarmfront
2123031,Spot_bgm,Campaign_stage,7023031,0,False,Stage_enter,0,bgm_spot_thewarmfront
2123032,Spot_bgm,Campaign_stage,7023032,0,False,Stage_enter,0,bgm_spot_thewarmfront
2123033,Spot_bgm,Campaign_stage,7023033,0,False,Stage_enter,0,bgm_spot_thewarmfront
2123034,Spot_bgm,Campaign_stage,7023034,0,False,Stage_enter,0,bgm_spot_thewarmfront
2123035,Spot_bgm,Campaign_stage,7023035,0,False,Stage_enter,0,bgm_spot_thewarmfront
2123036,Spot_bgm,Campaign_stage,7023036,0,False,Stage_enter,0,bgm_spot_thewarmfront
2123037,Spot_bgm,Campaign_stage,7023037,0,False,Stage_enter,0,bgm_spot_thewarmfront
2123038,Spot_bgm,Campaign_stage,7023038,0,False,Stage_enter,0,bgm_spot_thewarmfront
2123039,Spot_bgm,Campaign_stage,7023039,0,False,Stage_enter,0,bgm_spot_thewarmfront
2123040,Spot_bgm,Campaign_stage,7023040,0,False,Stage_enter,0,bgm_spot_thewarmfront
2123041,Spot_bgm,Campaign_stage,7023041,0,False,Stage_enter,0,bgm_spot_thewarmfront
2123042,Spot_bgm,Campaign_stage,7023042,0,False,Stage_enter,0,bgm_spot_thewarmfront
2123043,Spot_bgm,Campaign_stage,7023043,0,False,Stage_enter,0,bgm_spot_counterattack
2123044,Spot_bgm,Campaign_stage,7023044,0,False,Stage_enter,0,bgm_spot_counterattack
2124001,Spot_bgm,Campaign_stage,7024001,0,False,Stage_enter,0,bgm_spot_chaos_a
2124002,Spot_bgm,Campaign_stage,7024002,0,False,Stage_enter,0,bgm_spot_chaos_a
2124003,Spot_bgm,Campaign_stage,7024003,0,False,Stage_enter,0,bgm_spot_chaos_a
2124004,Spot_bgm,Campaign_stage,7024004,0,False,Stage_enter,0,bgm_spot_chaos_a
2124005,Spot_bgm,Campaign_stage,7024005,0,False,Stage_enter,0,bgm_spot_chaos_a
2124006,Spot_bgm,Campaign_stage,7024006,0,False,Stage_enter,0,bgm_spot_chaos_a
2124007,Spot_bgm,Campaign_stage,7024007,0,False,Stage_enter,0,bgm_spot_chaos_a
2124008,Spot_bgm,Campaign_stage,7024008,0,False,Stage_enter,0,bgm_spot_chaos_a
2124009,Spot_bgm,Campaign_stage,7024009,0,False,Stage_enter,0,bgm_spot_chaos_a
2124010,Spot_bgm,Campaign_stage,7024010,0,False,Stage_enter,0,bgm_spot_chaos_a
2124011,Spot_bgm,Campaign_stage,7024011,0,False,Stage_enter,0,bgm_spot_chaos_a
2124012,Spot_bgm,Campaign_stage,7024012,0,False,Stage_enter,0,bgm_spot_chaos_a
2124013,Spot_bgm,Campaign_stage,7024013,0,False,Stage_enter,0,bgm_spot_chaos_a
2124014,Spot_bgm,Campaign_stage,7024014,0,False,Stage_enter,0,bgm_spot_chaos_a
2124015,Spot_bgm,Campaign_stage,7024015,0,False,Stage_enter,0,bgm_spot_chaos_a
2124016,Spot_bgm,Campaign_stage,7024016,0,False,Stage_enter,0,bgm_spot_chaos_a
2124017,Spot_bgm,Campaign_stage,7024017,0,False,Stage_enter,0,bgm_spot_chaos_a
2124018,Spot_bgm,Campaign_stage,7024018,0,False,Stage_enter,0,bgm_spot_chaos_a
2124019,Spot_bgm,Campaign_stage,7024019,0,False,Stage_enter,0,bgm_spot_chaos_a
2124020,Spot_bgm,Campaign_stage,7024020,0,False,Stage_enter,0,bgm_spot_chaos_b
2124021,Spot_bgm,Campaign_stage,7024021,0,False,Stage_enter,0,bgm_spot_chaos_b
2124022,Spot_bgm,Campaign_stage,7024022,0,False,Stage_enter,0,bgm_spot_chaos_b
2124023,Spot_bgm,Campaign_stage,7024023,0,False,Stage_enter,0,bgm_spot_chaos_b
2124024,Spot_bgm,Campaign_stage,7024024,0,False,Stage_enter,0,bgm_spot_chaos_b
2124025,Spot_bgm,Campaign_stage,7024025,0,False,Stage_enter,0,bgm_spot_chaos_b
2124026,Spot_bgm,Campaign_stage,7024026,0,False,Stage_enter,0,bgm_spot_chaos_b
2124027,Spot_bgm,Campaign_stage,7024027,0,False,Stage_enter,0,bgm_spot_chaos_b
2124028,Spot_bgm,Campaign_stage,7024028,0,False,Stage_enter,0,bgm_spot_chaos_b
2124029,Spot_bgm,Campaign_stage,7024029,0,False,Stage_enter,0,bgm_spot_chaos_b
2124030,Spot_bgm,Campaign_stage,7024030,0,False,Stage_enter,0,bgm_spot_chaos_b
2124031,Spot_bgm,Campaign_stage,7024031,0,False,Stage_enter,0,bgm_spot_chaos_b
2124032,Spot_bgm,Campaign_stage,7024032,0,False,Stage_enter,0,bgm_spot_chaos_b
2124033,Spot_bgm,Campaign_stage,7024033,0,False,Stage_enter,0,bgm_spot_chaos_b
2124034,Spot_bgm,Campaign_stage,7024034,0,False,Stage_enter,0,bgm_spot_chaos_b
2124035,Spot_bgm,Campaign_stage,7024035,0,False,Stage_enter,0,bgm_lostsector_spot_1
2124036,Spot_bgm,Campaign_stage,7024036,0,False,Stage_enter,0,bgm_lostsector_spot_2
2124037,Spot_bgm,Campaign_stage,7024037,0,False,Stage_enter,0,bgm_lostsector_spot_1
2124038,Spot_bgm,Campaign_stage,7024038,0,False,Stage_enter,0,bgm_lostsector_spot_2
2124039,Spot_bgm,Campaign_stage,7024039,0,False,Stage_enter,0,bgm_lostsector_spot_1
2124040,Spot_bgm,Campaign_stage,7024040,0,False,Stage_enter,0,bgm_lostsector_spot_2
2124041,Spot_bgm,Campaign_stage,7024041,0,False,Stage_enter,0,bgm_lostsector_spot_1
2124042,Spot_bgm,Campaign_stage,7024042,0,False,Stage_enter,0,bgm_lostsector_spot_2
2124043,Spot_bgm,Campaign_stage,7024043,0,False,Stage_enter,0,bgm_lostsector_spot_1
2124044,Spot_bgm,Campaign_stage,7024044,0,False,Target_appear,0,bgm_boss_ebg002
2124045,Spot_bgm,Campaign_stage,7024045,0,False,Stage_enter,0,bgm_spot_counterattack
2124046,Spot_bgm,Campaign_stage,7024046,0,False,Stage_enter,0,bgm_spot_counterattack
2125001,Spot_bgm,Campaign_stage,7025001,0,False,Stage_enter,0,bgm_spot_pursuit_b
2125002,Spot_bgm,Campaign_stage,7025002,0,False,Stage_enter,0,bgm_spot_pursuit_b
2125003,Spot_bgm,Campaign_stage,7025003,0,False,Stage_enter,0,bgm_spot_pursuit_b
2125004,Spot_bgm,Campaign_stage,7025004,0,False,Stage_enter,0,bgm_spot_pursuit_b
2125005,Spot_bgm,Campaign_stage,7025005,0,False,Stage_enter,0,bgm_spot_pursuit_b
2125006,Spot_bgm,Campaign_stage,7025006,0,False,Stage_enter,0,bgm_spot_pursuit_b
2125007,Spot_bgm,Campaign_stage,7025007,0,False,Stage_enter,0,bgm_spot_pursuit_b
2125008,Spot_bgm,Campaign_stage,7025008,0,False,Stage_enter,0,bgm_spot_pursuit_b
2125009,Spot_bgm,Campaign_stage,7025009,0,False,Stage_enter,0,bgm_spot_pursuit_b
2125010,Spot_bgm,Campaign_stage,7025010,0,False,Stage_enter,0,bgm_spot_pursuit_b
2125011,Spot_bgm,Campaign_stage,7025011,0,False,Stage_enter,0,bgm_spot_pursuit_b
2125012,Spot_bgm,Campaign_stage,7025012,0,False,Stage_enter,0,bgm_spot_pursuit_b
2125013,Spot_bgm,Campaign_stage,7025013,0,False,Stage_enter,0,bgm_spot_pursuit_b
2125014,Spot_bgm,Campaign_stage,7025014,0,False,Stage_enter,0,bgm_spot_pursuit_b
2125015,Spot_bgm,Campaign_stage,7025015,0,False,Stage_enter,0,bgm_spot_pursuit_b
2125016,Spot_bgm,Campaign_stage,7025016,0,False,Stage_enter,0,bgm_spot_pursuit_b
2125017,Spot_bgm,Campaign_stage,7025017,0,False,Stage_enter,0,bgm_spot_pursuit_b
2125018,Spot_bgm,Campaign_stage,7025018,0,False,Stage_enter,0,bgm_spot_pursuit_b
2125019,Spot_bgm,Campaign_stage,7025019,0,False,Stage_enter,0,bgm_spot_pursuit_b
2125020,Spot_bgm,Campaign_stage,7025020,0,False,Stage_enter,0,bgm_spot_pursuit_b
2125021,Spot_bgm,Campaign_stage,7025021,0,False,Stage_enter,0,bgm_spot_pursuit_b
2125022,Spot_bgm,Campaign_stage,7025022,0,False,Stage_enter,0,bgm_spot_pursuit_b
2125023,Spot_bgm,Campaign_stage,7025023,0,False,Stage_enter,0,bgm_spot_pursuit_b
2125024,Spot_bgm,Campaign_stage,7025024,0,False,Stage_enter,0,bgm_spot_pursuit_b
2125025,Spot_bgm,Campaign_stage,7025025,0,False,Stage_enter,0,bgm_spot_pursuit_b
2125026,Spot_bgm,Campaign_stage,7025026,0,False,Stage_enter,0,bgm_spot_pursuit_b
2125027,Spot_bgm,Campaign_stage,7025027,0,False,Stage_enter,0,bgm_spot_pursuit_b
2125028,Spot_bgm,Campaign_stage,7025028,0,False,Stage_enter,0,bgm_spot_pursuit_b
2125029,Spot_bgm,Campaign_stage,7025029,0,False,Stage_enter,0,bgm_spot_pursuit_b
2125030,Spot_bgm,Campaign_stage,7025030,0,False,Stage_enter,0,bgm_spot_pursuit_b
2125031,Spot_bgm,Campaign_stage,7025031,0,False,Stage_enter,0,bgm_spot_pursuit_b
2125032,Spot_bgm,Campaign_stage,7025032,0,False,Stage_enter,0,bgm_spot_pursuit_b
2125033,Spot_bgm,Campaign_stage,7025033,0,False,Stage_enter,0,bgm_spot_pursuit_b
2125034,Spot_bgm,Campaign_stage,7025034,0,False,Stage_enter,0,bgm_spot_pursuit_b
2125035,Spot_bgm,Campaign_stage,7025035,0,False,Stage_enter,0,bgm_spot_pursuit_b
2125036,Spot_bgm,Campaign_stage,7025036,0,False,Stage_enter,0,bgm_spot_pursuit_b
2125037,Spot_bgm,Campaign_stage,7025037,0,False,Stage_enter,0,bgm_spot_pursuit_b
2125038,Spot_bgm,Campaign_stage,7025038,0,False,Stage_enter,0,bgm_spot_pursuit_b
2125039,Spot_bgm,Campaign_stage,7025039,0,False,Stage_enter,0,bgm_spot_pursuit_b
2125040,Spot_bgm,Campaign_stage,7025040,0,False,Stage_enter,0,bgm_spot_counterattack
2125041,Spot_bgm,Campaign_stage,7025041,0,False,Stage_enter,0,bgm_spot_counterattack
2125042,Spot_bgm,Campaign_stage,7025042,0,False,Stage_enter,0,bgm_spot_counterattack
2126001,Spot_bgm,Campaign_stage,7026001,0,False,Stage_enter,0,bgm_spot_wilderness_b
2126002,Spot_bgm,Campaign_stage,7026002,0,False,Stage_enter,0,bgm_spot_wilderness_b
2126003,Spot_bgm,Campaign_stage,7026003,0,False,Stage_enter,0,bgm_spot_wilderness_b
2126004,Spot_bgm,Campaign_stage,7026004,0,False,Stage_enter,0,bgm_spot_wilderness_b
2126005,Spot_bgm,Campaign_stage,7026005,0,False,Stage_enter,0,bgm_spot_wilderness_b
2126006,Spot_bgm,Campaign_stage,7026006,0,False,Stage_enter,0,bgm_spot_wilderness_b
2126007,Spot_bgm,Campaign_stage,7026007,0,False,Stage_enter,0,bgm_spot_wilderness_b
2126008,Spot_bgm,Campaign_stage,7026008,0,False,Stage_enter,0,bgm_spot_wilderness_b
2126009,Spot_bgm,Campaign_stage,7026009,0,False,Stage_enter,0,bgm_spot_wilderness_b
2126010,Spot_bgm,Campaign_stage,7026010,0,False,Stage_enter,0,bgm_spot_wilderness_b
2126011,Spot_bgm,Campaign_stage,7026011,0,False,Stage_enter,0,bgm_spot_wilderness_b
2126012,Spot_bgm,Campaign_stage,7026012,0,False,Stage_enter,0,bgm_spot_wilderness_b
2126013,Spot_bgm,Campaign_stage,7026013,0,False,Stage_enter,0,bgm_spot_wilderness_b
2126014,Spot_bgm,Campaign_stage,7026014,0,False,Stage_enter,0,bgm_spot_wilderness_b
2126015,Spot_bgm,Campaign_stage,7026015,0,False,Stage_enter,0,bgm_spot_wilderness_b
2126016,Spot_bgm,Campaign_stage,7026016,0,False,Stage_enter,0,bgm_spot_wilderness_b
2126017,Spot_bgm,Campaign_stage,7026017,0,False,Stage_enter,0,bgm_spot_wilderness_b
2126018,Spot_bgm,Campaign_stage,7026018,0,False,Stage_enter,0,bgm_spot_wilderness_b
2126019,Spot_bgm,Campaign_stage,7026019,0,False,Stage_enter,0,bgm_spot_wilderness_b
2126020,Spot_bgm,Campaign_stage,7026020,0,False,Stage_enter,0,bgm_spot_wilderness_b
2126021,Spot_bgm,Campaign_stage,7026021,0,False,Stage_enter,0,bgm_spot_wilderness_b
2126022,Spot_bgm,Campaign_stage,7026022,0,False,Stage_enter,0,bgm_spot_wilderness_b
2126023,Spot_bgm,Campaign_stage,7026023,0,False,Stage_enter,0,bgm_spot_wilderness_b
2126024,Spot_bgm,Campaign_stage,7026024,0,False,Stage_enter,0,bgm_spot_wilderness_b
2126025,Spot_bgm,Campaign_stage,7026025,0,False,Stage_enter,0,bgm_spot_wilderness_b
2126026,Spot_bgm,Campaign_stage,7026026,0,False,Stage_enter,0,bgm_spot_wilderness_b
2126027,Spot_bgm,Campaign_stage,7026027,0,False,Stage_enter,0,bgm_spot_wilderness_b
2126028,Spot_bgm,Campaign_stage,7026028,0,False,Stage_enter,0,bgm_spot_wilderness_b
2126029,Spot_bgm,Campaign_stage,7026029,0,False,Stage_enter,0,bgm_spot_wilderness_b
2126030,Spot_bgm,Campaign_stage,7026030,0,False,Stage_enter,0,bgm_spot_wilderness_b
2126031,Spot_bgm,Campaign_stage,7026031,0,False,Stage_enter,0,bgm_spot_wilderness_b
2126032,Spot_bgm,Campaign_stage,7026032,0,False,Stage_enter,0,bgm_spot_wilderness_b
2126033,Spot_bgm,Campaign_stage,7026033,0,False,Stage_enter,0,bgm_spot_wilderness_b
2126034,Spot_bgm,Campaign_stage,7026034,0,False,Stage_enter,0,bgm_spot_wilderness_b
2126035,Spot_bgm,Campaign_stage,7026035,0,False,Stage_enter,0,bgm_spot_wilderness_b
2126036,Spot_bgm,Campaign_stage,7026036,0,False,Stage_enter,0,bgm_spot_wilderness_b
2126037,Spot_bgm,Campaign_stage,7026037,0,False,Stage_enter,0,bgm_spot_wilderness_b
2126038,Spot_bgm,Campaign_stage,7026038,0,False,Stage_enter,0,bgm_spot_wilderness_b
2126039,Spot_bgm,Campaign_stage,7026039,0,False,Stage_enter,0,bgm_spot_wilderness_b
2126040,Spot_bgm,Campaign_stage,7026040,0,False,Stage_enter,0,bgm_spot_wilderness_b
2126041,Spot_bgm,Campaign_stage,7026041,0,False,Stage_enter,0,bgm_spot_wilderness_b
2126042,Spot_bgm,Campaign_stage,7026042,0,False,Target_appear,0,bgm_boss_bbg006
2126043,Spot_bgm,Campaign_stage,7026043,0,False,Stage_enter,0,bgm_spot_counterattack
2126044,Spot_bgm,Campaign_stage,7026044,0,False,Stage_enter,0,bgm_spot_counterattack
2127001,Spot_bgm,Campaign_stage,7027001,0,False,Stage_enter,0,bgm_spot_dwn_b
2127002,Spot_bgm,Campaign_stage,7027002,0,False,Stage_enter,0,bgm_spot_dwn_b
2127003,Spot_bgm,Campaign_stage,7027003,0,False,Stage_enter,0,bgm_spot_dwn_b
2127004,Spot_bgm,Campaign_stage,7027004,0,False,Stage_enter,0,bgm_spot_dwn_b
2127005,Spot_bgm,Campaign_stage,7027005,0,False,Stage_enter,0,bgm_spot_dwn_b
2127006,Spot_bgm,Campaign_stage,7027006,0,False,Stage_enter,0,bgm_spot_dwn_b
2127007,Spot_bgm,Campaign_stage,7027007,0,False,Stage_enter,0,bgm_spot_dwn_b
2127008,Spot_bgm,Campaign_stage,7027008,0,False,Stage_enter,0,bgm_spot_dwn_b
2127009,Spot_bgm,Campaign_stage,7027009,0,False,Stage_enter,0,bgm_spot_dwn_b
2127010,Spot_bgm,Campaign_stage,7027010,0,False,Stage_enter,0,bgm_spot_dwn_b
2127011,Spot_bgm,Campaign_stage,7027011,0,False,Stage_enter,0,bgm_spot_dwn_b
2127012,Spot_bgm,Campaign_stage,7027012,0,False,Stage_enter,0,bgm_spot_dwn_b
2127013,Spot_bgm,Campaign_stage,7027013,0,False,Stage_enter,0,bgm_spot_dwn_b
2127014,Spot_bgm,Campaign_stage,7027014,0,False,Stage_enter,0,bgm_spot_dwn_b
2127015,Spot_bgm,Campaign_stage,7027015,0,False,Stage_enter,0,bgm_spot_dwn_b
2127016,Spot_bgm,Campaign_stage,7027016,0,False,Stage_enter,0,bgm_spot_dwn_b
2127017,Spot_bgm,Campaign_stage,7027017,0,False,Stage_enter,0,bgm_spot_dwn_b
2127018,Spot_bgm,Campaign_stage,7027018,0,False,Stage_enter,0,bgm_spot_dwn_b
2127019,Spot_bgm,Campaign_stage,7027019,0,False,Stage_enter,0,bgm_spot_dwn_b
2127020,Spot_bgm,Campaign_stage,7027020,0,False,Stage_enter,0,bgm_spot_dwn_b
2127021,Spot_bgm,Campaign_stage,7027021,0,False,Stage_enter,0,bgm_spot_dwn_b
2127022,Spot_bgm,Campaign_stage,7027022,0,False,Stage_enter,0,bgm_spot_dwn_b
2127023,Spot_bgm,Campaign_stage,7027023,0,False,Stage_enter,0,bgm_spot_dwn_b
2127024,Spot_bgm,Campaign_stage,7027024,0,False,Stage_enter,0,bgm_spot_dwn_b
2127025,Spot_bgm,Campaign_stage,7027025,0,False,Stage_enter,0,bgm_spot_dwn_b
2127026,Spot_bgm,Campaign_stage,7027026,0,False,Stage_enter,0,bgm_spot_dwn_b
2127027,Spot_bgm,Campaign_stage,7027027,0,False,Stage_enter,0,bgm_spot_dwn_b
2127028,Spot_bgm,Campaign_stage,7027028,0,False,Stage_enter,0,bgm_spot_dwn_b
2127029,Spot_bgm,Campaign_stage,7027029,0,False,Stage_enter,0,bgm_spot_dwn_b
2127030,Spot_bgm,Campaign_stage,7027030,0,False,Stage_enter,0,bgm_spot_dwn_b
2127031,Spot_bgm,Campaign_stage,7027031,0,False,Stage_enter,0,bgm_spot_dwn_b
2127032,Spot_bgm,Campaign_stage,7027032,0,False,Stage_enter,0,bgm_spot_dwn_b
2127033,Spot_bgm,Campaign_stage,7027033,0,False,Stage_enter,0,bgm_spot_dwn_b
2127034,Spot_bgm,Campaign_stage,7027034,0,False,Stage_enter,0,bgm_spot_dwn_b
2127035,Spot_bgm,Campaign_stage,7027035,0,False,Stage_enter,0,bgm_spot_dwn_b
2127036,Spot_bgm,Campaign_stage,7027036,0,False,Stage_enter,0,bgm_spot_dwn_b
2127037,Spot_bgm,Campaign_stage,7027037,0,False,Stage_enter,0,bgm_spot_dwn_b
2127038,Spot_bgm,Campaign_stage,7027038,0,False,Stage_enter,0,bgm_spot_dwn_b
2127039,Spot_bgm,Campaign_stage,7027039,0,False,Stage_enter,0,bgm_spot_dwn_b
2127040,Spot_bgm,Campaign_stage,7027040,0,False,Stage_enter,0,bgm_spot_dwn_b
2127041,Spot_bgm,Campaign_stage,7027041,0,False,Stage_enter,0,bgm_spot_dwn_b
2127042,Spot_bgm,Campaign_stage,7027042,0,False,Stage_enter,0,bgm_spot_dwn_b
2127043,Spot_bgm,Campaign_stage,7027043,0,False,Stage_enter,0,bgm_spot_dwn_b
2127044,Spot_bgm,Campaign_stage,7027044,0,False,Stage_enter,0,bgm_spot_dwn_b
2127045,Spot_bgm,Campaign_stage,7027045,0,False,Stage_enter,0,bgm_spot_counterattack
2127046,Spot_bgm,Campaign_stage,7027046,0,False,Stage_enter,0,bgm_spot_counterattack
2128001,Spot_bgm,Campaign_stage,7028001,0,False,Stage_enter,0,bgm_spot_destroyedserenity_b
2128002,Spot_bgm,Campaign_stage,7028002,0,False,Stage_enter,0,bgm_spot_destroyedserenity_b
2128003,Spot_bgm,Campaign_stage,7028003,0,False,Stage_enter,0,bgm_spot_destroyedserenity_b
2128004,Spot_bgm,Campaign_stage,7028004,0,False,Stage_enter,0,bgm_spot_destroyedserenity_b
2128005,Spot_bgm,Campaign_stage,7028005,0,False,Stage_enter,0,bgm_spot_destroyedserenity_b
2128006,Spot_bgm,Campaign_stage,7028006,0,False,Stage_enter,0,bgm_spot_destroyedserenity_b
2128007,Spot_bgm,Campaign_stage,7028007,0,False,Stage_enter,0,bgm_spot_destroyedserenity_b
2128008,Spot_bgm,Campaign_stage,7028008,0,False,Stage_enter,0,bgm_spot_destroyedserenity_b
2128009,Spot_bgm,Campaign_stage,7028009,0,False,Stage_enter,0,bgm_spot_destroyedserenity_b
2128010,Spot_bgm,Campaign_stage,7028010,0,False,Stage_enter,0,bgm_spot_destroyedserenity_b
2128011,Spot_bgm,Campaign_stage,7028011,0,False,Stage_enter,0,bgm_spot_destroyedserenity_b
2128012,Spot_bgm,Campaign_stage,7028012,0,False,Stage_enter,0,bgm_spot_destroyedserenity_b
2128013,Spot_bgm,Campaign_stage,7028013,0,False,Stage_enter,0,bgm_spot_destroyedserenity_b
2128014,Spot_bgm,Campaign_stage,7028014,0,False,Stage_enter,0,bgm_spot_destroyedserenity_b
2128015,Spot_bgm,Campaign_stage,7028015,0,False,Stage_enter,0,bgm_spot_destroyedserenity_b
2128016,Spot_bgm,Campaign_stage,7028016,0,False,Stage_enter,0,bgm_spot_destroyedserenity_b
2128017,Spot_bgm,Campaign_stage,7028017,0,False,Stage_enter,0,bgm_spot_destroyedserenity_b
2128018,Spot_bgm,Campaign_stage,7028018,0,False,Stage_enter,0,bgm_spot_destroyedserenity_b
2128019,Spot_bgm,Campaign_stage,7028019,0,False,Stage_enter,0,bgm_spot_destroyedserenity_b
2128020,Spot_bgm,Campaign_stage,7028020,0,False,Stage_enter,0,bgm_spot_destroyedserenity_b
2128021,Spot_bgm,Campaign_stage,7028021,0,False,Stage_enter,0,bgm_spot_destroyedserenity_b
2128022,Spot_bgm,Campaign_stage,7028022,0,False,Stage_enter,0,bgm_spot_destroyedserenity_b
2128023,Spot_bgm,Campaign_stage,7028023,0,False,Stage_enter,0,bgm_spot_destroyedserenity_b
2128024,Spot_bgm,Campaign_stage,7028024,0,False,Stage_enter,0,bgm_spot_destroyedserenity_b
2128025,Spot_bgm,Campaign_stage,7028025,0,False,Stage_enter,0,bgm_spot_destroyedserenity_b
2128026,Spot_bgm,Campaign_stage,7028026,0,False,Stage_enter,0,bgm_spot_destroyedserenity_b
2128027,Spot_bgm,Campaign_stage,7028027,0,False,Stage_enter,0,bgm_spot_destroyedserenity_b
2128028,Spot_bgm,Campaign_stage,7028028,0,False,Stage_enter,0,bgm_spot_destroyedserenity_b
2128029,Spot_bgm,Campaign_stage,7028029,0,False,Stage_enter,0,bgm_spot_destroyedserenity_b
2128030,Spot_bgm,Campaign_stage,7028030,0,False,Stage_enter,0,bgm_spot_destroyedserenity_b
2128031,Spot_bgm,Campaign_stage,7028031,0,False,Stage_enter,0,bgm_spot_destroyedserenity_b
2128032,Spot_bgm,Campaign_stage,7028032,0,False,Stage_enter,0,bgm_spot_destroyedserenity_b
2128033,Spot_bgm,Campaign_stage,7028033,0,False,Stage_enter,0,bgm_spot_destroyedserenity_b
2128034,Spot_bgm,Campaign_stage,7028034,0,False,Stage_enter,0,bgm_spot_destroyedserenity_b
2128035,Spot_bgm,Campaign_stage,7028035,0,False,Stage_enter,0,bgm_spot_destroyedserenity_b
2128036,Spot_bgm,Campaign_stage,7028036,0,False,Stage_enter,0,bgm_spot_destroyedserenity_b
2128037,Spot_bgm,Campaign_stage,7028037,0,False,Stage_enter,0,bgm_spot_destroyedserenity_b
2128038,Spot_bgm,Campaign_stage,7028038,0,False,Stage_enter,0,bgm_spot_destroyedserenity_b
2128039,Spot_bgm,Campaign_stage,7028039,0,False,Stage_enter,0,bgm_spot_destroyedserenity_b
2128040,Spot_bgm,Campaign_stage,7028040,0,False,Stage_enter,0,bgm_spot_destroyedserenity_b
2128041,Spot_bgm,Campaign_stage,7028041,0,False,Stage_enter,0,bgm_spot_destroyedserenity_b
2128042,Spot_bgm,Campaign_stage,7028042,0,False,Stage_enter,0,bgm_spot_destroyedserenity_b
2128043,Spot_bgm,Campaign_stage,7028043,0,False,Target_appear,0,bgm_boss_xbg001_phase1
2128044,Spot_bgm,Campaign_stage,7028043,0,False,Change_Phase_2,0,bgm_boss_xbg001_phase2
2128045,Spot_bgm,Campaign_stage,7028044,0,False,Stage_enter,0,bgm_spot_counterattack
2128046,Spot_bgm,Campaign_stage,7028045,0,False,Target_appear,0,bgm_boss_ebg001_phase1
2128047,Spot_bgm,Campaign_stage,7028045,0,False,Change_Phase_2,0,bgm_boss_ebg001_phase2
2129001,Spot_bgm,Campaign_stage,7029001,0,False,Stage_enter,0,bgm_chapter29_spot_coagulation_b
2129002,Spot_bgm,Campaign_stage,7029002,0,False,Stage_enter,0,bgm_chapter29_spot_coagulation_b
2129003,Spot_bgm,Campaign_stage,7029003,0,False,Stage_enter,0,bgm_chapter29_spot_coagulation_b
2129004,Spot_bgm,Campaign_stage,7029004,0,False,Stage_enter,0,bgm_chapter29_spot_coagulation_b
2129005,Spot_bgm,Campaign_stage,7029005,0,False,Stage_enter,0,bgm_chapter29_spot_coagulation_b
2129006,Spot_bgm,Campaign_stage,7029006,0,False,Stage_enter,0,bgm_chapter29_spot_coagulation_b
2129007,Spot_bgm,Campaign_stage,7029007,0,False,Stage_enter,0,bgm_chapter29_spot_coagulation_b
2129008,Spot_bgm,Campaign_stage,7029008,0,False,Stage_enter,0,bgm_chapter29_spot_coagulation_b
2129009,Spot_bgm,Campaign_stage,7029009,0,False,Stage_enter,0,bgm_chapter29_spot_coagulation_b
2129010,Spot_bgm,Campaign_stage,7029010,0,False,Stage_enter,0,bgm_chapter29_spot_coagulation_b
2129011,Spot_bgm,Campaign_stage,7029011,0,False,Stage_enter,0,bgm_chapter29_spot_coagulation_b
2129012,Spot_bgm,Campaign_stage,7029012,0,False,Stage_enter,0,bgm_chapter29_spot_coagulation_b
2129013,Spot_bgm,Campaign_stage,7029013,0,False,Stage_enter,0,bgm_chapter29_spot_coagulation_b
2129014,Spot_bgm,Campaign_stage,7029014,0,False,Stage_enter,0,bgm_chapter29_spot_coagulation_b
2129015,Spot_bgm,Campaign_stage,7029015,0,False,Stage_enter,0,bgm_chapter29_spot_coagulation_b
2129016,Spot_bgm,Campaign_stage,7029016,0,False,Stage_enter,0,bgm_chapter29_spot_coagulation_b
2129017,Spot_bgm,Campaign_stage,7029017,0,False,Stage_enter,0,bgm_chapter29_spot_coagulation_b
2129018,Spot_bgm,Campaign_stage,7029018,0,False,Stage_enter,0,bgm_chapter29_spot_coagulation_b
2129019,Spot_bgm,Campaign_stage,7029019,0,False,Stage_enter,0,bgm_chapter29_spot_coagulation_b
2129020,Spot_bgm,Campaign_stage,7029020,0,False,Stage_enter,0,bgm_chapter29_spot_coagulation_b
2129021,Spot_bgm,Campaign_stage,7029021,0,False,Stage_enter,0,bgm_chapter29_spot_coagulation_b
2129022,Spot_bgm,Campaign_stage,7029022,0,False,Stage_enter,0,bgm_chapter29_spot_coagulation_b
2129023,Spot_bgm,Campaign_stage,7029023,0,False,Stage_enter,0,bgm_chapter29_spot_coagulation_b
2129024,Spot_bgm,Campaign_stage,7029024,0,False,Stage_enter,0,bgm_chapter29_spot_coagulation_b
2129025,Spot_bgm,Campaign_stage,7029025,0,False,Stage_enter,0,bgm_chapter29_spot_coagulation_b
2129026,Spot_bgm,Campaign_stage,7029026,0,False,Stage_enter,0,bgm_chapter29_spot_coagulation_b
2129027,Spot_bgm,Campaign_stage,7029027,0,False,Stage_enter,0,bgm_chapter29_spot_coagulation_b
2129028,Spot_bgm,Campaign_stage,7029028,0,False,Stage_enter,0,bgm_chapter29_spot_coagulation_b
2129029,Spot_bgm,Campaign_stage,7029029,0,False,Stage_enter,0,bgm_chapter29_spot_coagulation_b
2129030,Spot_bgm,Campaign_stage,7029030,0,False,Stage_enter,0,bgm_chapter29_spot_coagulation_b
2129031,Spot_bgm,Campaign_stage,7029031,0,False,Stage_enter,0,bgm_chapter29_spot_coagulation_b
2129032,Spot_bgm,Campaign_stage,7029032,0,False,Stage_enter,0,bgm_chapter29_spot_coagulation_b
2129033,Spot_bgm,Campaign_stage,7029033,0,False,Stage_enter,0,bgm_chapter29_spot_coagulation_b
2129034,Spot_bgm,Campaign_stage,7029034,0,False,Stage_enter,0,bgm_chapter29_spot_coagulation_b
2129035,Spot_bgm,Campaign_stage,7029035,0,False,Stage_enter,0,bgm_chapter29_spot_coagulation_b
2129036,Spot_bgm,Campaign_stage,7029036,0,False,Stage_enter,0,bgm_chapter29_spot_coagulation_b
2129037,Spot_bgm,Campaign_stage,7029037,0,False,Stage_enter,0,bgm_chapter29_spot_coagulation_b
2129038,Spot_bgm,Campaign_stage,7029038,0,False,Stage_enter,0,bgm_chapter29_spot_coagulation_b
2129039,Spot_bgm,Campaign_stage,7029039,0,False,Stage_enter,0,bgm_chapter29_spot_coagulation_b
2129040,Spot_bgm,Campaign_stage,7029040,0,False,Stage_enter,0,bgm_chapter29_spot_coagulation_b
2129041,Spot_bgm,Campaign_stage,7029041,0,False,Stage_enter,0,bgm_chapter29_spot_coagulation_b
2129042,Spot_bgm,Campaign_stage,7029042,0,False,Stage_enter,0,bgm_chapter29_spot_coagulation_b
2129043,Spot_bgm,Campaign_stage,7029043,0,False,Stage_enter,0,bgm_spot_counterattack
2129044,Spot_bgm,Campaign_stage,7029044,0,False,Stage_enter,0,bgm_spot_counterattack
2130001,Spot_bgm,Campaign_stage,7030001,0,False,Stage_enter,0,bgm_chapter30_spot_encroach_b
2130002,Spot_bgm,Campaign_stage,7030002,0,False,Stage_enter,0,bgm_chapter30_spot_encroach_b
2130003,Spot_bgm,Campaign_stage,7030003,0,False,Stage_enter,0,bgm_chapter30_spot_encroach_b
2130004,Spot_bgm,Campaign_stage,7030004,0,False,Stage_enter,0,bgm_chapter30_spot_encroach_b
2130005,Spot_bgm,Campaign_stage,7030005,0,False,Stage_enter,0,bgm_chapter30_spot_encroach_b
2130006,Spot_bgm,Campaign_stage,7030006,0,False,Stage_enter,0,bgm_chapter30_spot_encroach_b
2130007,Spot_bgm,Campaign_stage,7030007,0,False,Stage_enter,0,bgm_chapter30_spot_encroach_b
2130008,Spot_bgm,Campaign_stage,7030008,0,False,Stage_enter,0,bgm_chapter30_spot_encroach_b
2130009,Spot_bgm,Campaign_stage,7030009,0,False,Stage_enter,0,bgm_chapter30_spot_encroach_b
2130010,Spot_bgm,Campaign_stage,7030010,0,False,Stage_enter,0,bgm_chapter30_spot_encroach_b
2130011,Spot_bgm,Campaign_stage,7030011,0,False,Stage_enter,0,bgm_chapter30_spot_encroach_b
2130012,Spot_bgm,Campaign_stage,7030012,0,False,Stage_enter,0,bgm_chapter30_spot_encroach_b
2130013,Spot_bgm,Campaign_stage,7030013,0,False,Stage_enter,0,bgm_chapter30_spot_encroach_b
2130014,Spot_bgm,Campaign_stage,7030014,0,False,Stage_enter,0,bgm_chapter30_spot_encroach_b
2130015,Spot_bgm,Campaign_stage,7030015,0,False,Stage_enter,0,bgm_chapter30_spot_encroach_b
2130016,Spot_bgm,Campaign_stage,7030016,0,False,Stage_enter,0,bgm_chapter30_spot_encroach_b
2130017,Spot_bgm,Campaign_stage,7030017,0,False,Stage_enter,0,bgm_chapter30_spot_encroach_b
2130018,Spot_bgm,Campaign_stage,7030018,0,False,Stage_enter,0,bgm_chapter30_spot_encroach_b
2130019,Spot_bgm,Campaign_stage,7030019,0,False,Stage_enter,0,bgm_chapter30_spot_encroach_b
2130020,Spot_bgm,Campaign_stage,7030020,0,False,Stage_enter,0,bgm_chapter30_spot_encroach_b
2130021,Spot_bgm,Campaign_stage,7030021,0,False,Stage_enter,0,bgm_chapter30_spot_encroach_b
2130022,Spot_bgm,Campaign_stage,7030022,0,False,Stage_enter,0,bgm_chapter30_spot_encroach_b
2130023,Spot_bgm,Campaign_stage,7030023,0,False,Stage_enter,0,bgm_chapter30_spot_encroach_b
2130024,Spot_bgm,Campaign_stage,7030024,0,False,Stage_enter,0,bgm_chapter30_spot_encroach_b
2130025,Spot_bgm,Campaign_stage,7030025,0,False,Stage_enter,0,bgm_chapter30_spot_encroach_b
2130026,Spot_bgm,Campaign_stage,7030026,0,False,Stage_enter,0,bgm_chapter30_spot_encroach_b
2130027,Spot_bgm,Campaign_stage,7030027,0,False,Stage_enter,0,bgm_chapter30_spot_encroach_b
2130028,Spot_bgm,Campaign_stage,7030028,0,False,Stage_enter,0,bgm_chapter30_spot_encroach_b
2130029,Spot_bgm,Campaign_stage,7030029,0,False,Stage_enter,0,bgm_chapter30_spot_encroach_b
2130030,Spot_bgm,Campaign_stage,7030030,0,False,Stage_enter,0,bgm_chapter30_spot_encroach_b
2130031,Spot_bgm,Campaign_stage,7030031,0,False,Stage_enter,0,bgm_chapter30_spot_encroach_b
2130032,Spot_bgm,Campaign_stage,7030032,0,False,Stage_enter,0,bgm_chapter30_spot_encroach_b
2130033,Spot_bgm,Campaign_stage,7030033,0,False,Stage_enter,0,bgm_chapter30_spot_encroach_b
2130034,Spot_bgm,Campaign_stage,7030034,0,False,Stage_enter,0,bgm_chapter30_spot_encroach_b
2130035,Spot_bgm,Campaign_stage,7030035,0,False,Stage_enter,0,bgm_chapter30_spot_encroach_b
2130036,Spot_bgm,Campaign_stage,7030036,0,False,Stage_enter,0,bgm_chapter30_spot_encroach_b
2130037,Spot_bgm,Campaign_stage,7030037,0,False,Stage_enter,0,bgm_chapter30_spot_encroach_b
2130038,Spot_bgm,Campaign_stage,7030038,0,False,Stage_enter,0,bgm_chapter30_spot_encroach_b
2130039,Spot_bgm,Campaign_stage,7030039,0,False,Stage_enter,0,bgm_chapter30_spot_encroach_b
2130040,Spot_bgm,Campaign_stage,7030040,0,False,Stage_enter,0,bgm_chapter30_spot_encroach_b
2130041,Spot_bgm,Campaign_stage,7030041,0,False,Stage_enter,0,bgm_chapter30_spot_encroach_b
2130042,Spot_bgm,Campaign_stage,7030042,0,False,Target_appear,0,bgm_boss_xbg001_phase1
2130043,Spot_bgm,Campaign_stage,7030042,0,False,Change_Phase_2,0,bgm_boss_xbg001_phase2
2130044,Spot_bgm,Campaign_stage,7030043,0,False,Stage_enter,0,bgm_spot_counterattack
2130045,Spot_bgm,Campaign_stage,7030044,0,False,Stage_enter,0,bgm_spot_counterattack
2131001,Spot_bgm,Campaign_stage,7031001,0,False,Stage_enter,0,bgm_chapter31_spot_metalstrike_b
2131002,Spot_bgm,Campaign_stage,7031002,0,False,Stage_enter,0,bgm_chapter31_spot_metalstrike_b
2131003,Spot_bgm,Campaign_stage,7031003,0,False,Stage_enter,0,bgm_chapter31_spot_metalstrike_b
2131004,Spot_bgm,Campaign_stage,7031004,0,False,Stage_enter,0,bgm_chapter31_spot_metalstrike_b
2131005,Spot_bgm,Campaign_stage,7031005,0,False,Stage_enter,0,bgm_chapter31_spot_metalstrike_b
2131006,Spot_bgm,Campaign_stage,7031006,0,False,Stage_enter,0,bgm_chapter31_spot_metalstrike_b
2131007,Spot_bgm,Campaign_stage,7031007,0,False,Stage_enter,0,bgm_chapter31_spot_metalstrike_b
2131008,Spot_bgm,Campaign_stage,7031008,0,False,Stage_enter,0,bgm_chapter31_spot_metalstrike_b
2131009,Spot_bgm,Campaign_stage,7031009,0,False,Stage_enter,0,bgm_chapter31_spot_metalstrike_b
2131010,Spot_bgm,Campaign_stage,7031010,0,False,Stage_enter,0,bgm_chapter31_spot_metalstrike_b
2131011,Spot_bgm,Campaign_stage,7031011,0,False,Stage_enter,0,bgm_chapter31_spot_metalstrike_b
2131012,Spot_bgm,Campaign_stage,7031012,0,False,Stage_enter,0,bgm_chapter31_spot_metalstrike_b
2131013,Spot_bgm,Campaign_stage,7031013,0,False,Stage_enter,0,bgm_chapter31_spot_metalstrike_b
2131014,Spot_bgm,Campaign_stage,7031014,0,False,Stage_enter,0,bgm_chapter31_spot_metalstrike_b
2131015,Spot_bgm,Campaign_stage,7031015,0,False,Stage_enter,0,bgm_chapter31_spot_metalstrike_b
2131016,Spot_bgm,Campaign_stage,7031016,0,False,Stage_enter,0,bgm_chapter31_spot_metalstrike_b
2131017,Spot_bgm,Campaign_stage,7031017,0,False,Stage_enter,0,bgm_chapter31_spot_metalstrike_b
2131018,Spot_bgm,Campaign_stage,7031018,0,False,Stage_enter,0,bgm_chapter31_spot_metalstrike_b
2131019,Spot_bgm,Campaign_stage,7031019,0,False,Stage_enter,0,bgm_chapter31_spot_metalstrike_b
2131020,Spot_bgm,Campaign_stage,7031020,0,False,Stage_enter,0,bgm_chapter31_spot_metalstrike_b
2131021,Spot_bgm,Campaign_stage,7031021,0,False,Stage_enter,0,bgm_chapter31_spot_metalstrike_b
2131022,Spot_bgm,Campaign_stage,7031022,0,False,Stage_enter,0,bgm_chapter31_spot_metalstrike_b
2131023,Spot_bgm,Campaign_stage,7031023,0,False,Stage_enter,0,bgm_chapter31_spot_metalstrike_b
2131024,Spot_bgm,Campaign_stage,7031024,0,False,Stage_enter,0,bgm_chapter31_spot_metalstrike_b
2131025,Spot_bgm,Campaign_stage,7031025,0,False,Stage_enter,0,bgm_chapter31_spot_metalstrike_b
2131026,Spot_bgm,Campaign_stage,7031026,0,False,Stage_enter,0,bgm_chapter31_spot_metalstrike_b
2131027,Spot_bgm,Campaign_stage,7031027,0,False,Stage_enter,0,bgm_chapter31_spot_metalstrike_b
2131028,Spot_bgm,Campaign_stage,7031028,0,False,Stage_enter,0,bgm_chapter31_spot_metalstrike_b
2131029,Spot_bgm,Campaign_stage,7031029,0,False,Stage_enter,0,bgm_chapter31_spot_metalstrike_b
2131030,Spot_bgm,Campaign_stage,7031030,0,False,Stage_enter,0,bgm_chapter31_spot_metalstrike_b
2131031,Spot_bgm,Campaign_stage,7031031,0,False,Stage_enter,0,bgm_chapter31_spot_metalstrike_b
2131032,Spot_bgm,Campaign_stage,7031032,0,False,Stage_enter,0,bgm_chapter31_spot_metalstrike_b
2131033,Spot_bgm,Campaign_stage,7031033,0,False,Stage_enter,0,bgm_chapter31_spot_metalstrike_b
2131034,Spot_bgm,Campaign_stage,7031034,0,False,Stage_enter,0,bgm_chapter31_spot_metalstrike_b
2131035,Spot_bgm,Campaign_stage,7031035,0,False,Stage_enter,0,bgm_chapter31_spot_metalstrike_b
2131036,Spot_bgm,Campaign_stage,7031036,0,False,Stage_enter,0,bgm_chapter31_spot_metalstrike_b
2131037,Spot_bgm,Campaign_stage,7031037,0,False,Stage_enter,0,bgm_chapter31_spot_metalstrike_b
2131038,Spot_bgm,Campaign_stage,7031038,0,False,Stage_enter,0,bgm_chapter31_spot_metalstrike_b
2131039,Spot_bgm,Campaign_stage,7031039,0,False,Stage_enter,0,bgm_chapter31_spot_metalstrike_b
2131040,Spot_bgm,Campaign_stage,7031040,0,False,Stage_enter,0,bgm_chapter31_spot_metalstrike_b
2131041,Spot_bgm,Campaign_stage,7031041,0,False,Stage_enter,0,bgm_chapter31_spot_metalstrike_b
2131042,Spot_bgm,Campaign_stage,7031042,0,False,Stage_enter,0,bgm_chapter31_spot_metalstrike_b
2131043,Spot_bgm,Campaign_stage,7031043,0,False,Stage_enter,0,bgm_chapter31_spot_metalstrike_b
2131044,Spot_bgm,Campaign_stage,7031044,0,False,Target_appear,0,bgm_boss_xbg001_phase1
2131045,Spot_bgm,Campaign_stage,7031044,0,False,Change_Phase_2,0,bgm_boss_xbg001_phase2
2131046,Spot_bgm,Campaign_stage,7031045,0,False,Stage_enter,0,bgm_spot_counterattack
2131047,Spot_bgm,Campaign_stage,7031046,0,False,Stage_enter,0,bgm_spot_counterattack
2132001,Spot_bgm,Campaign_stage,7032001,0,False,Stage_enter,0,bgm_chapter32_spot_darkmatter_b
2132002,Spot_bgm,Campaign_stage,7032002,0,False,Stage_enter,0,bgm_chapter32_spot_darkmatter_b
2132003,Spot_bgm,Campaign_stage,7032003,0,False,Stage_enter,0,bgm_chapter32_spot_darkmatter_b
2132004,Spot_bgm,Campaign_stage,7032004,0,False,Stage_enter,0,bgm_chapter32_spot_darkmatter_b
2132005,Spot_bgm,Campaign_stage,7032005,0,False,Stage_enter,0,bgm_chapter32_spot_darkmatter_b
2132006,Spot_bgm,Campaign_stage,7032006,0,False,Stage_enter,0,bgm_chapter32_spot_darkmatter_b
2132007,Spot_bgm,Campaign_stage,7032007,0,False,Stage_enter,0,bgm_chapter32_spot_darkmatter_b
2132008,Spot_bgm,Campaign_stage,7032008,0,False,Stage_enter,0,bgm_chapter32_spot_darkmatter_b
2132009,Spot_bgm,Campaign_stage,7032009,0,False,Stage_enter,0,bgm_chapter32_spot_darkmatter_b
2132010,Spot_bgm,Campaign_stage,7032010,0,False,Stage_enter,0,bgm_chapter32_spot_darkmatter_b
2132011,Spot_bgm,Campaign_stage,7032011,0,False,Stage_enter,0,bgm_chapter32_spot_darkmatter_b
2132012,Spot_bgm,Campaign_stage,7032012,0,False,Stage_enter,0,bgm_chapter32_spot_darkmatter_b
2132013,Spot_bgm,Campaign_stage,7032013,0,False,Stage_enter,0,bgm_chapter32_spot_darkmatter_b
2132014,Spot_bgm,Campaign_stage,7032014,0,False,Stage_enter,0,bgm_chapter32_spot_darkmatter_b
2132015,Spot_bgm,Campaign_stage,7032015,0,False,Stage_enter,0,bgm_chapter32_spot_darkmatter_b
2132016,Spot_bgm,Campaign_stage,7032016,0,False,Stage_enter,0,bgm_chapter32_spot_darkmatter_b
2132017,Spot_bgm,Campaign_stage,7032017,0,False,Stage_enter,0,bgm_chapter32_spot_darkmatter_b
2132018,Spot_bgm,Campaign_stage,7032018,0,False,Stage_enter,0,bgm_chapter32_spot_darkmatter_b
2132019,Spot_bgm,Campaign_stage,7032019,0,False,Stage_enter,0,bgm_chapter32_spot_darkmatter_b
2132020,Spot_bgm,Campaign_stage,7032020,0,False,Stage_enter,0,bgm_chapter32_spot_darkmatter_b
2132021,Spot_bgm,Campaign_stage,7032021,0,False,Stage_enter,0,bgm_chapter32_spot_darkmatter_b
2132022,Spot_bgm,Campaign_stage,7032022,0,False,Stage_enter,0,bgm_chapter32_spot_darkmatter_b
2132023,Spot_bgm,Campaign_stage,7032023,0,False,Stage_enter,0,bgm_chapter32_spot_darkmatter_b
2132024,Spot_bgm,Campaign_stage,7032024,0,False,Stage_enter,0,bgm_chapter32_spot_darkmatter_b
2132025,Spot_bgm,Campaign_stage,7032025,0,False,Stage_enter,0,bgm_chapter32_spot_darkmatter_b
2132026,Spot_bgm,Campaign_stage,7032026,0,False,Stage_enter,0,bgm_chapter32_spot_darkmatter_b
2132027,Spot_bgm,Campaign_stage,7032027,0,False,Stage_enter,0,bgm_chapter32_spot_darkmatter_b
2132028,Spot_bgm,Campaign_stage,7032028,0,False,Stage_enter,0,bgm_chapter32_spot_darkmatter_b
2132029,Spot_bgm,Campaign_stage,7032029,0,False,Stage_enter,0,bgm_chapter32_spot_darkmatter_b
2132030,Spot_bgm,Campaign_stage,7032030,0,False,Stage_enter,0,bgm_chapter32_spot_darkmatter_b
2132031,Spot_bgm,Campaign_stage,7032031,0,False,Stage_enter,0,bgm_chapter32_spot_darkmatter_b
2132032,Spot_bgm,Campaign_stage,7032032,0,False,Stage_enter,0,bgm_chapter32_spot_darkmatter_b
2132033,Spot_bgm,Campaign_stage,7032033,0,False,Stage_enter,0,bgm_chapter32_spot_darkmatter_b
2132034,Spot_bgm,Campaign_stage,7032034,0,False,Stage_enter,0,bgm_chapter32_spot_darkmatter_b
2132035,Spot_bgm,Campaign_stage,7032035,0,False,Stage_enter,0,bgm_chapter32_spot_darkmatter_b
2132036,Spot_bgm,Campaign_stage,7032036,0,False,Stage_enter,0,bgm_chapter32_spot_darkmatter_b
2132037,Spot_bgm,Campaign_stage,7032037,0,False,Stage_enter,0,bgm_chapter32_spot_darkmatter_b
2132038,Spot_bgm,Campaign_stage,7032038,0,False,Stage_enter,0,bgm_chapter32_spot_darkmatter_b
2132039,Spot_bgm,Campaign_stage,7032039,0,False,Stage_enter,0,bgm_chapter32_spot_darkmatter_b
2132040,Spot_bgm,Campaign_stage,7032040,0,False,Stage_enter,0,bgm_chapter32_spot_darkmatter_b
2132041,Spot_bgm,Campaign_stage,7032041,0,False,Stage_enter,0,bgm_chapter32_spot_darkmatter_b
2132042,Spot_bgm,Campaign_stage,7032042,0,False,Stage_enter,0,bgm_chapter32_spot_darkmatter_b
2132043,Spot_bgm,Campaign_stage,7032043,0,False,Stage_enter,0,bgm_chapter32_spot_darkmatter_b
2132044,Spot_bgm,Campaign_stage,7032044,0,False,Stage_enter,0,bgm_chapter32_spot_darkmatter_b
2132045,Spot_bgm,Campaign_stage,7032045,0,False,Target_appear,0,bgm_boss_xba001
2132046,Spot_bgm,Campaign_stage,7032046,0,False,Stage_enter,0,bgm_spot_counterattack
2132047,Spot_bgm,Campaign_stage,7032047,0,False,Stage_enter,0,bgm_spot_counterattack
2133001,Spot_bgm,Campaign_stage,7033001,0,False,Stage_enter,0,bgm_chapter33_spot_outbreak_b
2133002,Spot_bgm,Campaign_stage,7033002,0,False,Stage_enter,0,bgm_chapter33_spot_outbreak_b
2133003,Spot_bgm,Campaign_stage,7033003,0,False,Stage_enter,0,bgm_chapter33_spot_outbreak_b
2133004,Spot_bgm,Campaign_stage,7033004,0,False,Stage_enter,0,bgm_chapter33_spot_outbreak_b
2133005,Spot_bgm,Campaign_stage,7033005,0,False,Stage_enter,0,bgm_chapter33_spot_outbreak_b
2133006,Spot_bgm,Campaign_stage,7033006,0,False,Stage_enter,0,bgm_chapter33_spot_outbreak_b
2133007,Spot_bgm,Campaign_stage,7033007,0,False,Stage_enter,0,bgm_chapter33_spot_outbreak_b
2133008,Spot_bgm,Campaign_stage,7033008,0,False,Stage_enter,0,bgm_chapter33_spot_outbreak_b
2133009,Spot_bgm,Campaign_stage,7033009,0,False,Stage_enter,0,bgm_chapter33_spot_outbreak_b
2133010,Spot_bgm,Campaign_stage,7033010,0,False,Stage_enter,0,bgm_chapter33_spot_outbreak_b
2133011,Spot_bgm,Campaign_stage,7033011,0,False,Stage_enter,0,bgm_chapter33_spot_outbreak_b
2133012,Spot_bgm,Campaign_stage,7033012,0,False,Stage_enter,0,bgm_chapter33_spot_outbreak_b
2133013,Spot_bgm,Campaign_stage,7033013,0,False,Stage_enter,0,bgm_chapter33_spot_outbreak_b
2133014,Spot_bgm,Campaign_stage,7033014,0,False,Stage_enter,0,bgm_chapter33_spot_outbreak_b
2133015,Spot_bgm,Campaign_stage,7033015,0,False,Stage_enter,0,bgm_chapter33_spot_outbreak_b
2133016,Spot_bgm,Campaign_stage,7033016,0,False,Stage_enter,0,bgm_chapter33_spot_outbreak_b
2133017,Spot_bgm,Campaign_stage,7033017,0,False,Stage_enter,0,bgm_chapter33_spot_outbreak_b
2133018,Spot_bgm,Campaign_stage,7033018,0,False,Stage_enter,0,bgm_chapter33_spot_outbreak_b
2133019,Spot_bgm,Campaign_stage,7033019,0,False,Stage_enter,0,bgm_chapter33_spot_outbreak_b
2133020,Spot_bgm,Campaign_stage,7033020,0,False,Stage_enter,0,bgm_chapter33_spot_outbreak_b
2133021,Spot_bgm,Campaign_stage,7033021,0,False,Stage_enter,0,bgm_chapter33_spot_outbreak_b
2133022,Spot_bgm,Campaign_stage,7033022,0,False,Stage_enter,0,bgm_chapter33_spot_outbreak_b
2133023,Spot_bgm,Campaign_stage,7033023,0,False,Stage_enter,0,bgm_chapter33_spot_outbreak_b
2133024,Spot_bgm,Campaign_stage,7033024,0,False,Stage_enter,0,bgm_chapter33_spot_outbreak_b
2133025,Spot_bgm,Campaign_stage,7033025,0,False,Stage_enter,0,bgm_chapter33_spot_outbreak_b
2133026,Spot_bgm,Campaign_stage,7033026,0,False,Stage_enter,0,bgm_chapter33_spot_outbreak_b
2133027,Spot_bgm,Campaign_stage,7033027,0,False,Stage_enter,0,bgm_chapter33_spot_outbreak_b
2133028,Spot_bgm,Campaign_stage,7033028,0,False,Stage_enter,0,bgm_chapter33_spot_outbreak_b
2133029,Spot_bgm,Campaign_stage,7033029,0,False,Stage_enter,0,bgm_chapter33_spot_outbreak_b
2133030,Spot_bgm,Campaign_stage,7033030,0,False,Stage_enter,0,bgm_chapter33_spot_outbreak_b
2133031,Spot_bgm,Campaign_stage,7033031,0,False,Stage_enter,0,bgm_chapter33_spot_outbreak_b
2133032,Spot_bgm,Campaign_stage,7033032,0,False,Stage_enter,0,bgm_chapter33_spot_outbreak_b
2133033,Spot_bgm,Campaign_stage,7033033,0,False,Stage_enter,0,bgm_chapter33_spot_outbreak_b
2133034,Spot_bgm,Campaign_stage,7033034,0,False,Stage_enter,0,bgm_chapter33_spot_outbreak_b
2133035,Spot_bgm,Campaign_stage,7033035,0,False,Stage_enter,0,bgm_chapter33_spot_outbreak_b
2133036,Spot_bgm,Campaign_stage,7033036,0,False,Stage_enter,0,bgm_chapter33_spot_outbreak_b
2133037,Spot_bgm,Campaign_stage,7033037,0,False,Stage_enter,0,bgm_chapter33_spot_outbreak_b
2133038,Spot_bgm,Campaign_stage,7033038,0,False,Stage_enter,0,bgm_chapter33_spot_outbreak_b
2133039,Spot_bgm,Campaign_stage,7033039,0,False,Stage_enter,0,bgm_chapter33_spot_outbreak_b
2133040,Spot_bgm,Campaign_stage,7033040,0,False,Stage_enter,0,bgm_chapter33_spot_outbreak_b
2133041,Spot_bgm,Campaign_stage,7033041,0,False,Stage_enter,0,bgm_chapter33_spot_outbreak_b
2133042,Spot_bgm,Campaign_stage,7033042,0,False,Stage_enter,0,bgm_spot_counterattack
2133043,Spot_bgm,Campaign_stage,7033043,0,False,Stage_enter,0,bgm_spot_counterattack
2133044,Spot_bgm,Campaign_stage,7033044,0,False,Target_appear,0,bgm_boss_bba001
2134001,Spot_bgm,Campaign_stage,7034001,0,False,Stage_enter,0,bgm_chapter34_spot_readytogo_b
2134002,Spot_bgm,Campaign_stage,7034002,0,False,Stage_enter,0,bgm_chapter34_spot_readytogo_b
2134003,Spot_bgm,Campaign_stage,7034003,0,False,Stage_enter,0,bgm_chapter34_spot_readytogo_b
2134004,Spot_bgm,Campaign_stage,7034004,0,False,Stage_enter,0,bgm_chapter34_spot_readytogo_b
2134005,Spot_bgm,Campaign_stage,7034005,0,False,Stage_enter,0,bgm_chapter34_spot_readytogo_b
2134006,Spot_bgm,Campaign_stage,7034006,0,False,Stage_enter,0,bgm_chapter34_spot_readytogo_b
2134007,Spot_bgm,Campaign_stage,7034007,0,False,Stage_enter,0,bgm_chapter34_spot_readytogo_b
2134008,Spot_bgm,Campaign_stage,7034008,0,False,Stage_enter,0,bgm_chapter34_spot_readytogo_b
2134009,Spot_bgm,Campaign_stage,7034009,0,False,Stage_enter,0,bgm_chapter34_spot_readytogo_b
2134010,Spot_bgm,Campaign_stage,7034010,0,False,Stage_enter,0,bgm_chapter34_spot_readytogo_b
2134011,Spot_bgm,Campaign_stage,7034011,0,False,Stage_enter,0,bgm_chapter34_spot_readytogo_b
2134012,Spot_bgm,Campaign_stage,7034012,0,False,Stage_enter,0,bgm_chapter34_spot_readytogo_b
2134013,Spot_bgm,Campaign_stage,7034013,0,False,Stage_enter,0,bgm_chapter34_spot_readytogo_b
2134014,Spot_bgm,Campaign_stage,7034014,0,False,Stage_enter,0,bgm_chapter34_spot_readytogo_b
2134015,Spot_bgm,Campaign_stage,7034015,0,False,Stage_enter,0,bgm_chapter34_spot_readytogo_b
2134016,Spot_bgm,Campaign_stage,7034016,0,False,Stage_enter,0,bgm_chapter34_spot_readytogo_b
2134017,Spot_bgm,Campaign_stage,7034017,0,False,Stage_enter,0,bgm_chapter34_spot_readytogo_b
2134018,Spot_bgm,Campaign_stage,7034018,0,False,Stage_enter,0,bgm_chapter34_spot_readytogo_b
2134019,Spot_bgm,Campaign_stage,7034019,0,False,Stage_enter,0,bgm_chapter34_spot_readytogo_b
2134020,Spot_bgm,Campaign_stage,7034020,0,False,Stage_enter,0,bgm_chapter34_spot_readytogo_b
2134021,Spot_bgm,Campaign_stage,7034021,0,False,Stage_enter,0,bgm_chapter34_spot_readytogo_b
2134022,Spot_bgm,Campaign_stage,7034022,0,False,Stage_enter,0,bgm_chapter34_spot_readytogo_b
2134023,Spot_bgm,Campaign_stage,7034023,0,False,Stage_enter,0,bgm_chapter34_spot_readytogo_b
2134024,Spot_bgm,Campaign_stage,7034024,0,False,Stage_enter,0,bgm_chapter34_spot_readytogo_b
2134025,Spot_bgm,Campaign_stage,7034025,0,False,Stage_enter,0,bgm_chapter34_spot_readytogo_b
2134026,Spot_bgm,Campaign_stage,7034026,0,False,Stage_enter,0,bgm_chapter34_spot_readytogo_b
2134027,Spot_bgm,Campaign_stage,7034027,0,False,Stage_enter,0,bgm_chapter34_spot_readytogo_b
2134028,Spot_bgm,Campaign_stage,7034028,0,False,Stage_enter,0,bgm_chapter34_spot_readytogo_b
2134029,Spot_bgm,Campaign_stage,7034029,0,False,Stage_enter,0,bgm_chapter34_spot_readytogo_b
2134030,Spot_bgm,Campaign_stage,7034030,0,False,Stage_enter,0,bgm_chapter34_spot_readytogo_b
2134031,Spot_bgm,Campaign_stage,7034031,0,False,Stage_enter,0,bgm_chapter34_spot_readytogo_b
2134032,Spot_bgm,Campaign_stage,7034032,0,False,Stage_enter,0,bgm_chapter34_spot_readytogo_b
2134033,Spot_bgm,Campaign_stage,7034033,0,False,Stage_enter,0,bgm_chapter34_spot_readytogo_b
2134034,Spot_bgm,Campaign_stage,7034034,0,False,Stage_enter,0,bgm_chapter34_spot_readytogo_b
2134035,Spot_bgm,Campaign_stage,7034035,0,False,Stage_enter,0,bgm_chapter34_spot_readytogo_b
2134036,Spot_bgm,Campaign_stage,7034036,0,False,Stage_enter,0,bgm_chapter34_spot_readytogo_b
2134037,Spot_bgm,Campaign_stage,7034037,0,False,Stage_enter,0,bgm_chapter34_spot_readytogo_b
2134038,Spot_bgm,Campaign_stage,7034038,0,False,Stage_enter,0,bgm_chapter34_spot_readytogo_b
2134039,Spot_bgm,Campaign_stage,7034039,0,False,Stage_enter,0,bgm_chapter34_spot_readytogo_b
2134040,Spot_bgm,Campaign_stage,7034040,0,False,Stage_enter,0,bgm_chapter34_spot_readytogo_b
2134041,Spot_bgm,Campaign_stage,7034041,0,False,Stage_enter,0,bgm_chapter34_spot_readytogo_b
2134042,Spot_bgm,Campaign_stage,7034042,0,False,Stage_enter,0,bgm_chapter34_spot_readytogo_b
2134043,Spot_bgm,Campaign_stage,7034043,0,False,Stage_enter,0,bgm_chapter34_spot_readytogo_b
2134044,Spot_bgm,Campaign_stage,7034044,0,False,Stage_enter,0,bgm_chapter34_spot_readytogo_b
2134045,Spot_bgm,Campaign_stage,7034045,0,False,Stage_enter,0,bgm_chapter34_spot_readytogo_b
2134046,Spot_bgm,Campaign_stage,7034046,0,False,Target_appear,0,bgm_boss_mbg003_phase1
2134047,Spot_bgm,Campaign_stage,7034046,0,False,Change_Phase_2,0,bgm_boss_mbg003_phase2
2134048,Spot_bgm,Campaign_stage,7034047,0,False,Stage_enter,0,bgm_chapter35_spot_canthisbetheend_a
2134049,Spot_bgm,Campaign_stage,7034048,0,False,Target_appear,0,bgm_boss_xbg001_phase1
2134050,Spot_bgm,Campaign_stage,7034048,0,False,Change_Phase_2,0,bgm_boss_xbg001_phase2
2135001,Spot_bgm,Campaign_stage,7035001,0,False,Stage_enter,0,bgm_chapter35_spot_canthisbetheend_b
2135002,Spot_bgm,Campaign_stage,7035002,0,False,Stage_enter,0,bgm_chapter35_spot_canthisbetheend_b
2135003,Spot_bgm,Campaign_stage,7035003,0,False,Stage_enter,0,bgm_chapter35_spot_canthisbetheend_b
2135004,Spot_bgm,Campaign_stage,7035004,0,False,Stage_enter,0,bgm_chapter35_spot_canthisbetheend_b
2135005,Spot_bgm,Campaign_stage,7035005,0,False,Stage_enter,0,bgm_chapter35_spot_canthisbetheend_b
2135006,Spot_bgm,Campaign_stage,7035006,0,False,Stage_enter,0,bgm_chapter35_spot_canthisbetheend_b
2135007,Spot_bgm,Campaign_stage,7035007,0,False,Stage_enter,0,bgm_chapter35_spot_canthisbetheend_b
2135008,Spot_bgm,Campaign_stage,7035008,0,False,Stage_enter,0,bgm_chapter35_spot_canthisbetheend_b
2135009,Spot_bgm,Campaign_stage,7035009,0,False,Stage_enter,0,bgm_chapter35_spot_canthisbetheend_b
2135010,Spot_bgm,Campaign_stage,7035010,0,False,Stage_enter,0,bgm_chapter35_spot_canthisbetheend_b
2135011,Spot_bgm,Campaign_stage,7035011,0,False,Stage_enter,0,bgm_chapter35_spot_canthisbetheend_b
2135012,Spot_bgm,Campaign_stage,7035012,0,False,Stage_enter,0,bgm_chapter35_spot_canthisbetheend_b
2135013,Spot_bgm,Campaign_stage,7035013,0,False,Stage_enter,0,bgm_chapter35_spot_canthisbetheend_b
2135014,Spot_bgm,Campaign_stage,7035014,0,False,Stage_enter,0,bgm_chapter35_spot_canthisbetheend_b
2135015,Spot_bgm,Campaign_stage,7035015,0,False,Stage_enter,0,bgm_chapter35_spot_canthisbetheend_b
2135016,Spot_bgm,Campaign_stage,7035016,0,False,Stage_enter,0,bgm_chapter35_spot_canthisbetheend_b
2135017,Spot_bgm,Campaign_stage,7035017,0,False,Stage_enter,0,bgm_chapter35_spot_canthisbetheend_b
2135018,Spot_bgm,Campaign_stage,7035018,0,False,Stage_enter,0,bgm_chapter35_spot_canthisbetheend_b
2135019,Spot_bgm,Campaign_stage,7035019,0,False,Stage_enter,0,bgm_chapter35_spot_canthisbetheend_b
2135020,Spot_bgm,Campaign_stage,7035020,0,False,Stage_enter,0,bgm_chapter35_spot_canthisbetheend_b
2135021,Spot_bgm,Campaign_stage,7035021,0,False,Stage_enter,0,bgm_chapter35_spot_canthisbetheend_b
2135022,Spot_bgm,Campaign_stage,7035022,0,False,Stage_enter,0,bgm_chapter35_spot_canthisbetheend_b
2135023,Spot_bgm,Campaign_stage,7035023,0,False,Stage_enter,0,bgm_chapter35_spot_canthisbetheend_b
2135024,Spot_bgm,Campaign_stage,7035024,0,False,Stage_enter,0,bgm_chapter35_spot_canthisbetheend_b
2135025,Spot_bgm,Campaign_stage,7035025,0,False,Stage_enter,0,bgm_chapter35_spot_canthisbetheend_b
2135026,Spot_bgm,Campaign_stage,7035026,0,False,Stage_enter,0,bgm_chapter35_spot_canthisbetheend_b
2135027,Spot_bgm,Campaign_stage,7035027,0,False,Stage_enter,0,bgm_chapter35_spot_canthisbetheend_b
2135028,Spot_bgm,Campaign_stage,7035028,0,False,Stage_enter,0,bgm_chapter35_spot_canthisbetheend_b
2135029,Spot_bgm,Campaign_stage,7035029,0,False,Stage_enter,0,bgm_chapter35_spot_canthisbetheend_b
2135030,Spot_bgm,Campaign_stage,7035030,0,False,Stage_enter,0,bgm_chapter35_spot_canthisbetheend_b
2135031,Spot_bgm,Campaign_stage,7035031,0,False,Stage_enter,0,bgm_chapter35_spot_canthisbetheend_b
2135032,Spot_bgm,Campaign_stage,7035032,0,False,Stage_enter,0,bgm_chapter35_spot_canthisbetheend_b
2135033,Spot_bgm,Campaign_stage,7035033,0,False,Stage_enter,0,bgm_chapter35_spot_canthisbetheend_b
2135034,Spot_bgm,Campaign_stage,7035034,0,False,Stage_enter,0,bgm_chapter35_spot_canthisbetheend_b
2135035,Spot_bgm,Campaign_stage,7035035,0,False,Stage_enter,0,bgm_chapter35_spot_canthisbetheend_b
2135036,Spot_bgm,Campaign_stage,7035036,0,False,Stage_enter,0,bgm_chapter35_spot_canthisbetheend_b
2135037,Spot_bgm,Campaign_stage,7035037,0,False,Stage_enter,0,bgm_chapter35_spot_canthisbetheend_b
2135038,Spot_bgm,Campaign_stage,7035038,0,False,Stage_enter,0,bgm_chapter35_spot_canthisbetheend_b
2135039,Spot_bgm,Campaign_stage,7035039,0,False,Stage_enter,0,bgm_chapter35_spot_canthisbetheend_b
2135040,Spot_bgm,Campaign_stage,7035040,0,False,Stage_enter,0,bgm_chapter35_spot_canthisbetheend_b
2135041,Spot_bgm,Campaign_stage,7035041,0,False,Stage_enter,0,bgm_chapter35_spot_canthisbetheend_b
2135042,Spot_bgm,Campaign_stage,7035042,0,False,Stage_enter,0,bgm_chapter35_spot_canthisbetheend_b
2135043,Spot_bgm,Campaign_stage,7035043,0,False,Stage_enter,0,bgm_chapter35_spot_canthisbetheend_b
2135044,Spot_bgm,Campaign_stage,7035044,0,False,Stage_enter,0,bgm_spot_counterattack
2135045,Spot_bgm,Campaign_stage,7035045,0,False,Stage_enter,0,bgm_chapter36_spot_mindover_b
2135046,Spot_bgm,Campaign_stage,7035046,0,False,Stage_enter,0,bgm_chapter36_spot_mindover_b
2136001,Spot_bgm,Campaign_stage,7036001,0,False,Stage_enter,0,bgm_chapter36_spot_mindover_b
2136002,Spot_bgm,Campaign_stage,7036002,0,False,Stage_enter,0,bgm_chapter36_spot_mindover_b
2136003,Spot_bgm,Campaign_stage,7036003,0,False,Stage_enter,0,bgm_chapter36_spot_mindover_b
2136004,Spot_bgm,Campaign_stage,7036004,0,False,Stage_enter,0,bgm_chapter36_spot_mindover_b
2136005,Spot_bgm,Campaign_stage,7036005,0,False,Stage_enter,0,bgm_chapter36_spot_mindover_b
2136006,Spot_bgm,Campaign_stage,7036006,0,False,Stage_enter,0,bgm_chapter36_spot_mindover_b
2136007,Spot_bgm,Campaign_stage,7036007,0,False,Stage_enter,0,bgm_chapter36_spot_mindover_b
2136008,Spot_bgm,Campaign_stage,7036008,0,False,Stage_enter,0,bgm_chapter36_spot_mindover_b
2136009,Spot_bgm,Campaign_stage,7036009,0,False,Stage_enter,0,bgm_chapter36_spot_mindover_b
2136010,Spot_bgm,Campaign_stage,7036010,0,False,Stage_enter,0,bgm_chapter36_spot_mindover_b
2136011,Spot_bgm,Campaign_stage,7036011,0,False,Stage_enter,0,bgm_chapter36_spot_mindover_b
2136012,Spot_bgm,Campaign_stage,7036012,0,False,Stage_enter,0,bgm_chapter36_spot_mindover_b
2136013,Spot_bgm,Campaign_stage,7036013,0,False,Stage_enter,0,bgm_chapter36_spot_mindover_b
2136014,Spot_bgm,Campaign_stage,7036014,0,False,Stage_enter,0,bgm_chapter36_spot_mindover_b
2136015,Spot_bgm,Campaign_stage,7036015,0,False,Stage_enter,0,bgm_chapter36_spot_mindover_b
2136016,Spot_bgm,Campaign_stage,7036016,0,False,Stage_enter,0,bgm_chapter36_spot_mindover_b
2136017,Spot_bgm,Campaign_stage,7036017,0,False,Stage_enter,0,bgm_chapter36_spot_mindover_b
2136018,Spot_bgm,Campaign_stage,7036018,0,False,Stage_enter,0,bgm_chapter36_spot_mindover_b
2136019,Spot_bgm,Campaign_stage,7036019,0,False,Stage_enter,0,bgm_chapter36_spot_mindover_b
2136020,Spot_bgm,Campaign_stage,7036020,0,False,Stage_enter,0,bgm_chapter36_spot_mindover_b
2136021,Spot_bgm,Campaign_stage,7036021,0,False,Stage_enter,0,bgm_chapter36_spot_mindover_b
2136022,Spot_bgm,Campaign_stage,7036022,0,False,Stage_enter,0,bgm_chapter36_spot_mindover_b
2136023,Spot_bgm,Campaign_stage,7036023,0,False,Stage_enter,0,bgm_chapter36_spot_mindover_b
2136024,Spot_bgm,Campaign_stage,7036024,0,False,Stage_enter,0,bgm_chapter36_spot_mindover_b
2136025,Spot_bgm,Campaign_stage,7036025,0,False,Stage_enter,0,bgm_chapter36_spot_mindover_b
2136026,Spot_bgm,Campaign_stage,7036026,0,False,Stage_enter,0,bgm_chapter36_spot_mindover_b
2136027,Spot_bgm,Campaign_stage,7036027,0,False,Stage_enter,0,bgm_chapter36_spot_mindover_b
2136028,Spot_bgm,Campaign_stage,7036028,0,False,Stage_enter,0,bgm_chapter36_spot_mindover_b
2136029,Spot_bgm,Campaign_stage,7036029,0,False,Stage_enter,0,bgm_chapter36_spot_mindover_b
2136030,Spot_bgm,Campaign_stage,7036030,0,False,Stage_enter,0,bgm_chapter36_spot_mindover_b
2136031,Spot_bgm,Campaign_stage,7036031,0,False,Stage_enter,0,bgm_chapter36_spot_mindover_b
2136032,Spot_bgm,Campaign_stage,7036032,0,False,Stage_enter,0,bgm_chapter36_spot_mindover_b
2136033,Spot_bgm,Campaign_stage,7036033,0,False,Stage_enter,0,bgm_chapter36_spot_mindover_b
2136034,Spot_bgm,Campaign_stage,7036034,0,False,Stage_enter,0,bgm_chapter36_spot_mindover_b
2136035,Spot_bgm,Campaign_stage,7036035,0,False,Stage_enter,0,bgm_chapter36_spot_mindover_b
2136036,Spot_bgm,Campaign_stage,7036036,0,False,Stage_enter,0,bgm_chapter36_spot_mindover_b
2136037,Spot_bgm,Campaign_stage,7036037,0,False,Stage_enter,0,bgm_chapter36_spot_mindover_b
2136038,Spot_bgm,Campaign_stage,7036038,0,False,Stage_enter,0,bgm_chapter36_spot_mindover_b
2136039,Spot_bgm,Campaign_stage,7036039,0,False,Stage_enter,0,bgm_chapter36_spot_mindover_b
2136040,Spot_bgm,Campaign_stage,7036040,0,False,Stage_enter,0,bgm_chapter36_spot_mindover_b
2136041,Spot_bgm,Campaign_stage,7036041,0,False,Stage_enter,0,bgm_chapter36_spot_mindover_b
2136042,Spot_bgm,Campaign_stage,7036042,0,False,Stage_enter,0,bgm_chapter36_spot_mindover_b
2136043,Spot_bgm,Campaign_stage,7036043,0,False,Stage_enter,0,bgm_chapter36_spot_mindover_b
2136044,Spot_bgm,Campaign_stage,7036044,0,False,Stage_enter,0,bgm_chapter36_spot_mindover_b
2136045,Spot_bgm,Campaign_stage,7036045,0,False,Target_appear,0,bgm_boss_bbg008
2136046,Spot_bgm,Campaign_stage,7036046,0,False,Stage_enter,0,bgm_spot_counterattack
2136047,Spot_bgm,Campaign_stage,7036047,0,False,Target_appear,0,bgm_boss_bbg001
2137001,Spot_bgm,Campaign_stage,7037001,0,False,Stage_enter,0,bgm_chapter37_spot_struggle_b
2137002,Spot_bgm,Campaign_stage,7037002,0,False,Stage_enter,0,bgm_chapter37_spot_struggle_b
2137003,Spot_bgm,Campaign_stage,7037003,0,False,Stage_enter,0,bgm_chapter37_spot_struggle_b
2137004,Spot_bgm,Campaign_stage,7037004,0,False,Stage_enter,0,bgm_chapter37_spot_struggle_b
2137005,Spot_bgm,Campaign_stage,7037005,0,False,Stage_enter,0,bgm_chapter37_spot_struggle_b
2137006,Spot_bgm,Campaign_stage,7037006,0,False,Stage_enter,0,bgm_chapter37_spot_struggle_b
2137007,Spot_bgm,Campaign_stage,7037007,0,False,Stage_enter,0,bgm_chapter37_spot_struggle_b
2137008,Spot_bgm,Campaign_stage,7037008,0,False,Stage_enter,0,bgm_chapter37_spot_struggle_b
2137009,Spot_bgm,Campaign_stage,7037009,0,False,Stage_enter,0,bgm_chapter37_spot_struggle_b
2137010,Spot_bgm,Campaign_stage,7037010,0,False,Stage_enter,0,bgm_chapter37_spot_struggle_b
2137011,Spot_bgm,Campaign_stage,7037011,0,False,Stage_enter,0,bgm_chapter37_spot_struggle_b
2137012,Spot_bgm,Campaign_stage,7037012,0,False,Stage_enter,0,bgm_chapter37_spot_struggle_b
2137013,Spot_bgm,Campaign_stage,7037013,0,False,Stage_enter,0,bgm_chapter37_spot_struggle_b
2137014,Spot_bgm,Campaign_stage,7037014,0,False,Stage_enter,0,bgm_chapter37_spot_struggle_b
2137015,Spot_bgm,Campaign_stage,7037015,0,False,Stage_enter,0,bgm_chapter37_spot_struggle_b
2137016,Spot_bgm,Campaign_stage,7037016,0,False,Stage_enter,0,bgm_chapter37_spot_struggle_b
2137017,Spot_bgm,Campaign_stage,7037017,0,False,Stage_enter,0,bgm_chapter37_spot_struggle_b
2137018,Spot_bgm,Campaign_stage,7037018,0,False,Stage_enter,0,bgm_chapter37_spot_struggle_b
2137019,Spot_bgm,Campaign_stage,7037019,0,False,Stage_enter,0,bgm_chapter37_spot_struggle_b
2137020,Spot_bgm,Campaign_stage,7037020,0,False,Stage_enter,0,bgm_chapter37_spot_struggle_b
2137021,Spot_bgm,Campaign_stage,7037021,0,False,Stage_enter,0,bgm_chapter37_spot_struggle_b
2137022,Spot_bgm,Campaign_stage,7037022,0,False,Stage_enter,0,bgm_chapter37_spot_struggle_b
2137023,Spot_bgm,Campaign_stage,7037023,0,False,Stage_enter,0,bgm_chapter37_spot_struggle_b
2137024,Spot_bgm,Campaign_stage,7037024,0,False,Stage_enter,0,bgm_chapter37_spot_struggle_b
2137025,Spot_bgm,Campaign_stage,7037025,0,False,Stage_enter,0,bgm_chapter37_spot_struggle_b
2137026,Spot_bgm,Campaign_stage,7037026,0,False,Stage_enter,0,bgm_chapter37_spot_struggle_b
2137027,Spot_bgm,Campaign_stage,7037027,0,False,Stage_enter,0,bgm_chapter37_spot_struggle_b
2137028,Spot_bgm,Campaign_stage,7037028,0,False,Stage_enter,0,bgm_chapter37_spot_struggle_b
2137029,Spot_bgm,Campaign_stage,7037029,0,False,Stage_enter,0,bgm_chapter37_spot_struggle_b
2137030,Spot_bgm,Campaign_stage,7037030,0,False,Stage_enter,0,bgm_chapter37_spot_struggle_b
2137031,Spot_bgm,Campaign_stage,7037031,0,False,Stage_enter,0,bgm_chapter37_spot_struggle_b
2137032,Spot_bgm,Campaign_stage,7037032,0,False,Stage_enter,0,bgm_chapter37_spot_struggle_b
2137033,Spot_bgm,Campaign_stage,7037033,0,False,Stage_enter,0,bgm_chapter37_spot_struggle_b
2137034,Spot_bgm,Campaign_stage,7037034,0,False,Stage_enter,0,bgm_chapter37_spot_struggle_b
2137035,Spot_bgm,Campaign_stage,7037035,0,False,Stage_enter,0,bgm_chapter37_spot_struggle_b
2137036,Spot_bgm,Campaign_stage,7037036,0,False,Stage_enter,0,bgm_chapter37_spot_struggle_b
2137037,Spot_bgm,Campaign_stage,7037037,0,False,Stage_enter,0,bgm_chapter37_spot_struggle_b
2137038,Spot_bgm,Campaign_stage,7037038,0,False,Stage_enter,0,bgm_chapter37_spot_struggle_b
2137039,Spot_bgm,Campaign_stage,7037039,0,False,Stage_enter,0,bgm_chapter37_spot_struggle_b
2137040,Spot_bgm,Campaign_stage,7037040,0,False,Stage_enter,0,bgm_chapter37_spot_struggle_b
2137041,Spot_bgm,Campaign_stage,7037041,0,False,Stage_enter,0,bgm_chapter37_spot_struggle_b
2137042,Spot_bgm,Campaign_stage,7037042,0,False,Stage_enter,0,bgm_chapter37_spot_struggle_b
2137043,Spot_bgm,Campaign_stage,7037043,0,False,Stage_enter,0,bgm_chapter37_spot_struggle_b
2137044,Spot_bgm,Campaign_stage,7037044,0,False,Stage_enter,0,bgm_chapter37_spot_struggle_b
2137045,Spot_bgm,Campaign_stage,7037045,0,False,Stage_enter,0,bgm_chapter37_spot_struggle_b
2137046,Spot_bgm,Campaign_stage,7037046,0,False,Stage_enter,0,bgm_chapter37_spot_struggle_b
2138001,Spot_bgm,Campaign_stage,7038001,0,False,Stage_enter,0,bgm_chapter38_spot_bombard_b
2138002,Spot_bgm,Campaign_stage,7038002,0,False,Stage_enter,0,bgm_chapter38_spot_bombard_b
2138003,Spot_bgm,Campaign_stage,7038003,0,False,Stage_enter,0,bgm_chapter38_spot_bombard_b
2138004,Spot_bgm,Campaign_stage,7038004,0,False,Stage_enter,0,bgm_chapter38_spot_bombard_b
2138005,Spot_bgm,Campaign_stage,7038005,0,False,Stage_enter,0,bgm_chapter38_spot_bombard_b
2138006,Spot_bgm,Campaign_stage,7038006,0,False,Stage_enter,0,bgm_chapter38_spot_bombard_b
2138007,Spot_bgm,Campaign_stage,7038007,0,False,Stage_enter,0,bgm_chapter38_spot_bombard_b
2138008,Spot_bgm,Campaign_stage,7038008,0,False,Stage_enter,0,bgm_chapter38_spot_bombard_b
2138009,Spot_bgm,Campaign_stage,7038009,0,False,Stage_enter,0,bgm_chapter38_spot_bombard_b
2138010,Spot_bgm,Campaign_stage,7038010,0,False,Stage_enter,0,bgm_chapter38_spot_bombard_b
2138011,Spot_bgm,Campaign_stage,7038011,0,False,Stage_enter,0,bgm_chapter38_spot_bombard_b
2138012,Spot_bgm,Campaign_stage,7038012,0,False,Stage_enter,0,bgm_chapter38_spot_bombard_b
2138013,Spot_bgm,Campaign_stage,7038013,0,False,Stage_enter,0,bgm_chapter38_spot_bombard_b
2138014,Spot_bgm,Campaign_stage,7038014,0,False,Stage_enter,0,bgm_chapter38_spot_bombard_b
2138015,Spot_bgm,Campaign_stage,7038015,0,False,Stage_enter,0,bgm_chapter38_spot_bombard_b
2138016,Spot_bgm,Campaign_stage,7038016,0,False,Stage_enter,0,bgm_chapter38_spot_bombard_b
2138017,Spot_bgm,Campaign_stage,7038017,0,False,Stage_enter,0,bgm_chapter38_spot_bombard_b
2138018,Spot_bgm,Campaign_stage,7038018,0,False,Stage_enter,0,bgm_chapter38_spot_bombard_b
2138019,Spot_bgm,Campaign_stage,7038019,0,False,Stage_enter,0,bgm_chapter38_spot_bombard_b
2138020,Spot_bgm,Campaign_stage,7038020,0,False,Stage_enter,0,bgm_chapter38_spot_bombard_b
2138021,Spot_bgm,Campaign_stage,7038021,0,False,Stage_enter,0,bgm_chapter38_spot_bombard_b
2138022,Spot_bgm,Campaign_stage,7038022,0,False,Stage_enter,0,bgm_chapter38_spot_bombard_b
2138023,Spot_bgm,Campaign_stage,7038023,0,False,Stage_enter,0,bgm_chapter38_spot_bombard_b
2138024,Spot_bgm,Campaign_stage,7038024,0,False,Stage_enter,0,bgm_chapter38_spot_bombard_b
2138025,Spot_bgm,Campaign_stage,7038025,0,False,Stage_enter,0,bgm_chapter38_spot_bombard_b
2138026,Spot_bgm,Campaign_stage,7038026,0,False,Stage_enter,0,bgm_chapter38_spot_bombard_b
2138027,Spot_bgm,Campaign_stage,7038027,0,False,Stage_enter,0,bgm_chapter38_spot_bombard_b
2138028,Spot_bgm,Campaign_stage,7038028,0,False,Stage_enter,0,bgm_chapter38_spot_bombard_b
2138029,Spot_bgm,Campaign_stage,7038029,0,False,Stage_enter,0,bgm_chapter38_spot_bombard_b
2138030,Spot_bgm,Campaign_stage,7038030,0,False,Stage_enter,0,bgm_chapter38_spot_bombard_b
2138031,Spot_bgm,Campaign_stage,7038031,0,False,Stage_enter,0,bgm_chapter38_spot_bombard_b
2138032,Spot_bgm,Campaign_stage,7038032,0,False,Stage_enter,0,bgm_chapter38_spot_bombard_b
2138033,Spot_bgm,Campaign_stage,7038033,0,False,Stage_enter,0,bgm_chapter38_spot_bombard_b
2138034,Spot_bgm,Campaign_stage,7038034,0,False,Stage_enter,0,bgm_chapter38_spot_bombard_b
2138035,Spot_bgm,Campaign_stage,7038035,0,False,Stage_enter,0,bgm_chapter38_spot_bombard_b
2138036,Spot_bgm,Campaign_stage,7038036,0,False,Stage_enter,0,bgm_chapter38_spot_bombard_b
2138037,Spot_bgm,Campaign_stage,7038037,0,False,Stage_enter,0,bgm_chapter38_spot_bombard_b
2138038,Spot_bgm,Campaign_stage,7038038,0,False,Stage_enter,0,bgm_chapter38_spot_bombard_b
2138039,Spot_bgm,Campaign_stage,7038039,0,False,Stage_enter,0,bgm_chapter38_spot_bombard_b
2138040,Spot_bgm,Campaign_stage,7038040,0,False,Stage_enter,0,bgm_chapter38_spot_bombard_b
2138041,Spot_bgm,Campaign_stage,7038041,0,False,Stage_enter,0,bgm_chapter38_spot_bombard_b
2138042,Spot_bgm,Campaign_stage,7038042,0,False,Stage_enter,0,bgm_chapter38_spot_bombard_b
2138043,Spot_bgm,Campaign_stage,7038043,0,False,Stage_enter,0,bgm_chapter38_spot_bombard_b
2138044,Spot_bgm,Campaign_stage,7038044,0,False,Stage_enter,0,bgm_chapter38_spot_bombard_b
2138045,Spot_bgm,Campaign_stage,7038045,0,False,Stage_enter,0,bgm_boss_bbg009
2138046,Spot_bgm,Campaign_stage,7038046,0,False,Stage_enter,0,bgm_spot_counterattack
2138047,Spot_bgm,Campaign_stage,7038047,0,False,Target_appear,0,bgm_boss_bbg008
2139001,Spot_bgm,Campaign_stage,7039001,0,False,Stage_enter,0,bgm_chapter39_spot_guidingstar_b
2139002,Spot_bgm,Campaign_stage,7039002,0,False,Stage_enter,0,bgm_chapter39_spot_guidingstar_b
2139003,Spot_bgm,Campaign_stage,7039003,0,False,Stage_enter,0,bgm_chapter39_spot_guidingstar_b
2139004,Spot_bgm,Campaign_stage,7039004,0,False,Stage_enter,0,bgm_chapter39_spot_guidingstar_b
2139005,Spot_bgm,Campaign_stage,7039005,0,False,Stage_enter,0,bgm_chapter39_spot_guidingstar_b
2139006,Spot_bgm,Campaign_stage,7039006,0,False,Stage_enter,0,bgm_chapter39_spot_guidingstar_b
2139007,Spot_bgm,Campaign_stage,7039007,0,False,Stage_enter,0,bgm_chapter39_spot_guidingstar_b
2139008,Spot_bgm,Campaign_stage,7039008,0,False,Stage_enter,0,bgm_chapter39_spot_guidingstar_b
2139009,Spot_bgm,Campaign_stage,7039009,0,False,Stage_enter,0,bgm_chapter39_spot_guidingstar_b
2139010,Spot_bgm,Campaign_stage,7039010,0,False,Stage_enter,0,bgm_chapter39_spot_guidingstar_b
2139011,Spot_bgm,Campaign_stage,7039011,0,False,Stage_enter,0,bgm_chapter39_spot_guidingstar_b
2139012,Spot_bgm,Campaign_stage,7039012,0,False,Stage_enter,0,bgm_chapter39_spot_guidingstar_b
2139013,Spot_bgm,Campaign_stage,7039013,0,False,Stage_enter,0,bgm_chapter39_spot_guidingstar_b
2139014,Spot_bgm,Campaign_stage,7039014,0,False,Stage_enter,0,bgm_chapter39_spot_guidingstar_b
2139015,Spot_bgm,Campaign_stage,7039015,0,False,Stage_enter,0,bgm_chapter39_spot_guidingstar_b
2139016,Spot_bgm,Campaign_stage,7039016,0,False,Stage_enter,0,bgm_chapter39_spot_guidingstar_b
2139017,Spot_bgm,Campaign_stage,7039017,0,False,Stage_enter,0,bgm_chapter39_spot_guidingstar_b
2139018,Spot_bgm,Campaign_stage,7039018,0,False,Stage_enter,0,bgm_chapter39_spot_guidingstar_b
2139019,Spot_bgm,Campaign_stage,7039019,0,False,Stage_enter,0,bgm_chapter39_spot_guidingstar_b
2139020,Spot_bgm,Campaign_stage,7039020,0,False,Stage_enter,0,bgm_chapter39_spot_guidingstar_b
2139021,Spot_bgm,Campaign_stage,7039021,0,False,Stage_enter,0,bgm_chapter39_spot_guidingstar_b
2139022,Spot_bgm,Campaign_stage,7039022,0,False,Stage_enter,0,bgm_chapter39_spot_guidingstar_b
2139023,Spot_bgm,Campaign_stage,7039023,0,False,Stage_enter,0,bgm_chapter39_spot_guidingstar_b
2139024,Spot_bgm,Campaign_stage,7039024,0,False,Stage_enter,0,bgm_chapter39_spot_guidingstar_b
2139025,Spot_bgm,Campaign_stage,7039025,0,False,Stage_enter,0,bgm_chapter39_spot_guidingstar_b
2139026,Spot_bgm,Campaign_stage,7039026,0,False,Stage_enter,0,bgm_chapter39_spot_guidingstar_b
2139027,Spot_bgm,Campaign_stage,7039027,0,False,Stage_enter,0,bgm_chapter39_spot_guidingstar_b
2139028,Spot_bgm,Campaign_stage,7039028,0,False,Stage_enter,0,bgm_chapter39_spot_guidingstar_b
2139029,Spot_bgm,Campaign_stage,7039029,0,False,Stage_enter,0,bgm_chapter39_spot_guidingstar_b
2139030,Spot_bgm,Campaign_stage,7039030,0,False,Stage_enter,0,bgm_chapter39_spot_guidingstar_b
2139031,Spot_bgm,Campaign_stage,7039031,0,False,Stage_enter,0,bgm_chapter39_spot_guidingstar_b
2139032,Spot_bgm,Campaign_stage,7039032,0,False,Stage_enter,0,bgm_chapter39_spot_guidingstar_b
2139033,Spot_bgm,Campaign_stage,7039033,0,False,Stage_enter,0,bgm_chapter39_spot_guidingstar_b
2139034,Spot_bgm,Campaign_stage,7039034,0,False,Stage_enter,0,bgm_chapter39_spot_guidingstar_b
2139035,Spot_bgm,Campaign_stage,7039035,0,False,Stage_enter,0,bgm_chapter39_spot_guidingstar_b
2139036,Spot_bgm,Campaign_stage,7039036,0,False,Stage_enter,0,bgm_chapter39_spot_guidingstar_b
2139037,Spot_bgm,Campaign_stage,7039037,0,False,Stage_enter,0,bgm_chapter39_spot_guidingstar_b
2139038,Spot_bgm,Campaign_stage,7039038,0,False,Stage_enter,0,bgm_chapter39_spot_guidingstar_b
2139039,Spot_bgm,Campaign_stage,7039039,0,False,Stage_enter,0,bgm_chapter39_spot_guidingstar_b
2139040,Spot_bgm,Campaign_stage,7039040,0,False,Stage_enter,0,bgm_chapter39_spot_guidingstar_b
2139041,Spot_bgm,Campaign_stage,7039041,0,False,Stage_enter,0,bgm_chapter39_spot_guidingstar_b
2139042,Spot_bgm,Campaign_stage,7039042,0,False,Stage_enter,0,bgm_chapter39_spot_guidingstar_b
2139043,Spot_bgm,Campaign_stage,7039043,0,False,Stage_enter,0,bgm_chapter39_spot_guidingstar_b
2139044,Spot_bgm,Campaign_stage,7039044,0,False,Stage_enter,0,bgm_chapter39_spot_guidingstar_b
2139045,Spot_bgm,Campaign_stage,7039045,0,False,Stage_enter,0,bgm_spot_counterattack
2139046,Spot_bgm,Campaign_stage,7039046,0,False,Stage_enter,0,bgm_spot_counterattack
2140001,Spot_bgm,Campaign_stage,7040001,0,False,Stage_enter,0,bgm_chapter40_spot_abyssoftheworld_b
2140002,Spot_bgm,Campaign_stage,7040002,0,False,Stage_enter,0,bgm_chapter40_spot_abyssoftheworld_b
2140003,Spot_bgm,Campaign_stage,7040003,0,False,Stage_enter,0,bgm_chapter40_spot_abyssoftheworld_b
2140004,Spot_bgm,Campaign_stage,7040004,0,False,Stage_enter,0,bgm_chapter40_spot_abyssoftheworld_b
2140005,Spot_bgm,Campaign_stage,7040005,0,False,Stage_enter,0,bgm_chapter40_spot_abyssoftheworld_b
2140006,Spot_bgm,Campaign_stage,7040006,0,False,Stage_enter,0,bgm_chapter40_spot_abyssoftheworld_b
2140007,Spot_bgm,Campaign_stage,7040007,0,False,Stage_enter,0,bgm_chapter40_spot_abyssoftheworld_b
2140008,Spot_bgm,Campaign_stage,7040008,0,False,Stage_enter,0,bgm_chapter40_spot_abyssoftheworld_b
2140009,Spot_bgm,Campaign_stage,7040009,0,False,Stage_enter,0,bgm_chapter40_spot_abyssoftheworld_b
2140010,Spot_bgm,Campaign_stage,7040010,0,False,Stage_enter,0,bgm_chapter40_spot_abyssoftheworld_b
2140011,Spot_bgm,Campaign_stage,7040011,0,False,Stage_enter,0,bgm_chapter40_spot_abyssoftheworld_b
2140012,Spot_bgm,Campaign_stage,7040012,0,False,Stage_enter,0,bgm_chapter40_spot_abyssoftheworld_b
2140013,Spot_bgm,Campaign_stage,7040013,0,False,Stage_enter,0,bgm_chapter40_spot_abyssoftheworld_b
2140014,Spot_bgm,Campaign_stage,7040014,0,False,Stage_enter,0,bgm_chapter40_spot_abyssoftheworld_b
2140015,Spot_bgm,Campaign_stage,7040015,0,False,Stage_enter,0,bgm_chapter40_spot_abyssoftheworld_b
2140016,Spot_bgm,Campaign_stage,7040016,0,False,Stage_enter,0,bgm_chapter40_spot_abyssoftheworld_b
2140017,Spot_bgm,Campaign_stage,7040017,0,False,Stage_enter,0,bgm_chapter40_spot_abyssoftheworld_b
2140018,Spot_bgm,Campaign_stage,7040018,0,False,Stage_enter,0,bgm_chapter40_spot_abyssoftheworld_b
2140019,Spot_bgm,Campaign_stage,7040019,0,False,Stage_enter,0,bgm_chapter40_spot_abyssoftheworld_b
2140020,Spot_bgm,Campaign_stage,7040020,0,False,Stage_enter,0,bgm_chapter40_spot_abyssoftheworld_b
2140021,Spot_bgm,Campaign_stage,7040021,0,False,Stage_enter,0,bgm_chapter40_spot_abyssoftheworld_b
2140022,Spot_bgm,Campaign_stage,7040022,0,False,Stage_enter,0,bgm_chapter40_spot_abyssoftheworld_b
2140023,Spot_bgm,Campaign_stage,7040023,0,False,Stage_enter,0,bgm_chapter40_spot_abyssoftheworld_b
2140024,Spot_bgm,Campaign_stage,7040024,0,False,Stage_enter,0,bgm_chapter40_spot_abyssoftheworld_b
2140025,Spot_bgm,Campaign_stage,7040025,0,False,Stage_enter,0,bgm_chapter40_spot_abyssoftheworld_b
2140026,Spot_bgm,Campaign_stage,7040026,0,False,Stage_enter,0,bgm_chapter40_spot_abyssoftheworld_b
2140027,Spot_bgm,Campaign_stage,7040027,0,False,Stage_enter,0,bgm_chapter40_spot_abyssoftheworld_b
2140028,Spot_bgm,Campaign_stage,7040028,0,False,Stage_enter,0,bgm_chapter40_spot_abyssoftheworld_b
2140029,Spot_bgm,Campaign_stage,7040029,0,False,Stage_enter,0,bgm_chapter40_spot_abyssoftheworld_b
2140030,Spot_bgm,Campaign_stage,7040030,0,False,Stage_enter,0,bgm_chapter40_spot_abyssoftheworld_b
2140031,Spot_bgm,Campaign_stage,7040031,0,False,Stage_enter,0,bgm_chapter40_spot_abyssoftheworld_b
2140032,Spot_bgm,Campaign_stage,7040032,0,False,Stage_enter,0,bgm_chapter40_spot_abyssoftheworld_b
2140033,Spot_bgm,Campaign_stage,7040033,0,False,Stage_enter,0,bgm_chapter40_spot_abyssoftheworld_b
2140034,Spot_bgm,Campaign_stage,7040034,0,False,Stage_enter,0,bgm_chapter40_spot_abyssoftheworld_b
2140035,Spot_bgm,Campaign_stage,7040035,0,False,Stage_enter,0,bgm_chapter40_spot_abyssoftheworld_b
2140036,Spot_bgm,Campaign_stage,7040036,0,False,Stage_enter,0,bgm_chapter40_spot_abyssoftheworld_b
2140037,Spot_bgm,Campaign_stage,7040037,0,False,Stage_enter,0,bgm_chapter40_spot_abyssoftheworld_b
2140038,Spot_bgm,Campaign_stage,7040038,0,False,Stage_enter,0,bgm_chapter40_spot_abyssoftheworld_b
2140039,Spot_bgm,Campaign_stage,7040039,0,False,Stage_enter,0,bgm_chapter40_spot_abyssoftheworld_b
2140040,Spot_bgm,Campaign_stage,7040040,0,False,Stage_enter,0,bgm_chapter40_spot_abyssoftheworld_b
2140041,Spot_bgm,Campaign_stage,7040041,0,False,Stage_enter,0,bgm_chapter40_spot_abyssoftheworld_b
2140042,Spot_bgm,Campaign_stage,7040042,0,False,Stage_enter,0,bgm_chapter40_spot_abyssoftheworld_b
2140043,Spot_bgm,Campaign_stage,7040043,0,False,Stage_enter,0,bgm_chapter40_spot_abyssoftheworld_b
2140044,Spot_bgm,Campaign_stage,7040044,0,False,Target_appear,0,bgm_boss_eba005_phase1
2140045,Spot_bgm,Campaign_stage,7040044,0,False,Change_Phase_2,0,bgm_boss_eba005_phase2
2140046,Spot_bgm,Campaign_stage,7040045,0,False,Stage_enter,0,bgm_spot_counterattack
2140047,Spot_bgm,Campaign_stage,7040046,0,False,Stage_enter,0,bgm_spot_counterattack
3001001,Chapter_bgm,Lost_sector,1,0,True,None,0,bgm_lostsector_mazeinabyss
3001002,Chapter_bgm,Lost_sector,2,0,True,None,0,bgm_lostsector_backandforth
3001003,Chapter_bgm,Lost_sector,3,0,True,None,0,bgm_lostsector_labyrinthofvoid
3001004,Chapter_bgm,Lost_sector,4,0,True,None,0,bgm_lostsector_mazeinabyss
3001005,Chapter_bgm,Lost_sector,5,0,True,None,0,bgm_lostsector_backandforth
3001006,Chapter_bgm,Lost_sector,6,0,True,None,0,bgm_lostsector_labyrinthofvoid
3001007,Chapter_bgm,Lost_sector,7,0,True,None,0,bgm_lostsector_mazeinabyss
3001008,Chapter_bgm,Lost_sector,8,0,True,None,0,bgm_lostsector_backandforth
3001009,Chapter_bgm,Lost_sector,9,0,True,None,0,bgm_lostsector_labyrinthofvoid
3001010,Chapter_bgm,Lost_sector,10,0,True,None,0,bgm_lostsector_mazeinabyss
3001011,Chapter_bgm,Lost_sector,11,0,True,None,0,bgm_lostsector_backandforth
3001012,Chapter_bgm,Lost_sector,12,0,True,None,0,bgm_lostsector_labyrinthofvoid
3001013,Chapter_bgm,Lost_sector,13,0,True,None,0,bgm_lostsector_mazeinabyss
3001014,Chapter_bgm,Lost_sector,14,0,True,None,0,bgm_lostsector_backandforth
3001015,Chapter_bgm,Lost_sector,15,0,True,None,0,bgm_lostsector_labyrinthofvoid
3001016,Chapter_bgm,Lost_sector,16,0,True,None,0,bgm_lostsector_mazeinabyss
3001017,Chapter_bgm,Lost_sector,17,0,True,None,0,bgm_lostsector_backandforth
3001018,Chapter_bgm,Lost_sector,18,0,True,None,0,bgm_lostsector_labyrinthofvoid
3001019,Chapter_bgm,Lost_sector,19,0,True,None,0,bgm_lostsector_mazeinabyss
3001020,Chapter_bgm,Lost_sector,20,0,True,None,0,bgm_lostsector_backandforth
3001021,Chapter_bgm,Lost_sector,21,0,True,None,0,bgm_lostsector_labyrinthofvoid
3001022,Chapter_bgm,Lost_sector,22,0,True,None,0,bgm_lostsector_mazeinabyss
3001023,Chapter_bgm,Lost_sector,23,0,True,None,0,bgm_lostsector_backandforth
3001024,Chapter_bgm,Lost_sector,24,0,True,None,0,bgm_lostsector_labyrinthofvoid
3001025,Chapter_bgm,Lost_sector,25,0,True,None,0,bgm_lostsector_mazeinabyss
3001026,Chapter_bgm,Lost_sector,26,0,True,None,0,bgm_lostsector_backandforth
3001027,Chapter_bgm,Lost_sector,27,0,True,None,0,bgm_lostsector_labyrinthofvoid
3001028,Chapter_bgm,Lost_sector,28,0,True,None,0,bgm_lostsector_mazeinabyss
3001029,Chapter_bgm,Lost_sector,29,0,True,None,0,bgm_lostsector_backandforth
3001030,Chapter_bgm,Lost_sector,30,0,True,None,0,bgm_lostsector_labyrinthofvoid
3001031,Chapter_bgm,Lost_sector,31,0,True,None,0,bgm_lostsector_mazeinabyss
3001032,Chapter_bgm,Lost_sector,32,0,True,None,0,bgm_lostsector_backandforth
3001033,Chapter_bgm,Lost_sector,33,0,True,None,0,bgm_lostsector_labyrinthofvoid
3001034,Chapter_bgm,Lost_sector,34,0,True,None,0,bgm_lostsector_mazeinabyss
3001035,Chapter_bgm,Lost_sector,35,0,True,None,0,bgm_lostsector_backandforth
3001036,Chapter_bgm,Lost_sector,36,0,True,None,0,bgm_lostsector_labyrinthofvoid
3001037,Chapter_bgm,Lost_sector,37,0,True,None,0,bgm_lostsector_mazeinabyss
3001038,Chapter_bgm,Lost_sector,38,0,True,None,0,bgm_lostsector_backandforth
3001039,Chapter_bgm,Lost_sector,39,0,True,None,0,bgm_lostsector_labyrinthofvoid
3001040,Chapter_bgm,Lost_sector,40,0,True,None,0,bgm_lostsector_mazeinabyss
3001041,Chapter_bgm,Lost_sector,41,0,True,None,0,bgm_lostsector_backandforth
3001042,Chapter_bgm,Lost_sector,42,0,True,None,0,bgm_lostsector_labyrinthofvoid
7000001,Spot_bgm,Raid,bbg001,0,False,Target_appear,0,bgm_boss_bbg001
7000002,Spot_bgm,Raid,bbg002,0,False,Target_appear,0,bgm_boss_bbg002
7000003,Spot_bgm,Raid,bbg003,0,False,Target_appear,0,bgm_boss_bbg003
7000004,Spot_bgm,Raid,mbg001,0,False,Target_appear,0,bgm_boss_mbg001
7000005,Spot_bgm,Raid,mbg002,0,False,Target_appear,0,bgm_boss_mbg002
7000006,Spot_bgm,Raid,mbg004,0,False,Target_appear,0,bgm_boss_mbg004
7000007,Spot_bgm,Raid,ebg001,0,False,Target_appear,0,bgm_boss_ebg001_phase1
7000008,Spot_bgm,Raid,ebg001,0,False,Change_Phase_2,0,bgm_boss_ebg001_phase2
7000009,Spot_bgm,Raid,ebg002,0,False,Target_appear,0,bgm_boss_ebg002
7000010,Spot_bgm,Raid,ebg002_dmtr,0,False,Target_appear,0,bgm_boss_ebg002
7000011,Spot_bgm,Raid,eba001,0,False,Target_appear,0,bgm_boss_eba001
7000012,Spot_bgm,Raid,bba001,0,False,Target_appear,0,bgm_boss_bba001
7000013,Spot_bgm,Raid,mba002,0,False,Target_appear,0,bgm_boss_mba002_phase1
7000014,Spot_bgm,Raid,mba002,0,False,Change_Phase_2,0,bgm_boss_mba002_phase2
7000015,Spot_bgm,Raid,eba003,0,False,Target_appear,0,event_bgm_ubsphere_hunger
7000016,Spot_bgm,Raid,eba003_hsta,0,False,Target_appear,0,event_bgm_ubsphere_hunger
7000017,Spot_bgm,Raid,eba003_dmtr,0,False,Target_appear,0,event_bgm_ubsphere_hunger
7000018,Spot_bgm,Raid,bbg004_psid,0,False,Target_appear,0,bgm_boss_bbg004
7000019,Spot_bgm,Raid,bbg004_zeus,0,False,Target_appear,0,bgm_boss_bbg004
7000020,Spot_bgm,Raid,bbg004_dmtr,0,False,Target_appear,0,bgm_boss_bbg004
7000021,Spot_bgm,Raid,mbg001_psid,0,False,Target_appear,0,bgm_boss_mbg001
7000022,Spot_bgm,Raid,eba003_psid,0,False,Target_appear,0,event_bgm_ubsphere_hunger
7000023,Spot_bgm,Raid,eba003_zeus,0,False,Target_appear,0,event_bgm_ubsphere_hunger
7000024,Spot_bgm,Raid,bbg003_ce002,0,False,Target_appear,0,event_bgm_ce002_boss
7000025,Spot_bgm,Raid,bbg006,0,False,Target_appear,0,bgm_boss_bbg006
7000026,Spot_bgm,Raid,bbg006_zeus,0,False,Target_appear,0,bgm_boss_bbg006
7000027,Spot_bgm,Raid,xbg001_psid,0,False,Target_appear,0,bgm_boss_xbg001_phase1
7000028,Spot_bgm,Raid,xbg001_psid,0,False,Change_Phase_2,0,bgm_boss_xbg001_phase2
7000029,Spot_bgm,Raid,xbg001_hsta,0,False,Target_appear,0,bgm_boss_xbg001_phase1
7000030,Spot_bgm,Raid,xbg001_hsta,0,False,Change_Phase_2,0,bgm_boss_xbg001_phase2
7000031,Spot_bgm,Raid,eba001_anmi,0,False,Target_appear,0,bgm_boss_eba001
7000032,Spot_bgm,Raid,ebg003,0,False,Target_appear,0,licensed_bgm_boss_ebg003_phase1
7000033,Spot_bgm,Raid,ebg003,0,False,Change_Phase_2,0,bgm_boss_ebg003_phase2
7000034,Spot_bgm,Raid,ebg003_anmi,0,False,Target_appear,0,bgm_boss_ebg003_phase1
7000035,Spot_bgm,Raid,ebg003_anmi,0,False,Change_Phase_2,0,bgm_boss_ebg003_phase2
7000036,Spot_bgm,Raid,ebg003_zeus,0,False,Target_appear,0,bgm_boss_ebg003_phase1
7000037,Spot_bgm,Raid,ebg003_zeus,0,False,Change_Phase_2,0,bgm_boss_ebg003_phase2
7000038,Spot_bgm,Raid,mbg002_raid,0,False,Target_appear,0,bgm_boss_mbg002
7000039,Spot_bgm,Raid,bbg004_golden,0,False,Target_appear,0,bgm_boss_bbg004
7000040,Spot_bgm,Raid,xba001,0,False,Target_appear,0,bgm_boss_xba001
7000041,Spot_bgm,Raid,eba004,0,False,Target_appear,0,event_bgm_ce004_boss
7000042,Spot_bgm,Raid,eba004_dmtr,0,False,Target_appear,0,event_bgm_ce004_boss
7000043,Spot_bgm,Raid,bbg001_hsta_intercept,0,False,Target_appear,0,bgm_boss_bbg001
7000044,Spot_bgm,Raid,bbg004_dmtr_intercept,0,False,Target_appear,0,bgm_boss_bbg004
7000045,Spot_bgm,Raid,bbg006_zeus_intercept,0,False,Target_appear,0,bgm_boss_bbg006
7000046,Spot_bgm,Raid,ebg003_anmi_intercept,0,False,Target_appear,0,bgm_boss_ebg003_phase1
7000047,Spot_bgm,Raid,ebg003_anmi_intercept,0,False,Change_Phase_2,0,bgm_boss_ebg003_phase2
7000048,Spot_bgm,Raid,xba001_psid_intercept,0,False,Target_appear,0,bgm_boss_xba001
7000049,Spot_bgm,Raid,ebg001_hsta,0,False,Target_appear,0,bgm_boss_ebg001_hsta_phase1
7000050,Spot_bgm,Raid,ebg001_hsta,0,False,Change_Phase_2,0,bgm_boss_ebg001_hsta_phase2
7000051,Spot_bgm,Raid,mbg003_psid,0,False,Target_appear,0,bgm_boss_mbg003_phase1
7000052,Spot_bgm,Raid,mbg003_psid,0,False,Change_Phase_2,0,bgm_boss_mbg003_phase2
7000053,Spot_bgm,Raid,mba002_whiteice_psid,0,False,Target_appear,0,bgm_boss_mba002_whiteice_psid
7000054,Spot_bgm,Raid,mbg004_anmi,0,False,Target_appear,0,bgm_boss_mbg004
7000055,Spot_bgm,Raid,ebg002_hsta,0,False,Target_appear,0,bgm_boss_ebg002
7000056,Spot_bgm,Raid,bbg008_hsta,0,False,Target_appear,0,bgm_boss_bbg008
7000057,Spot_bgm,Raid,bbg009_anmi,0,False,Target_appear,0,bgm_boss_bbg009
7000058,Spot_bgm,Raid,xbg002_zeus,0,False,Target_appear,0,collab_bgm_sb_boss_xbg002_remix
7000059,Spot_bgm,Raid,bbg004_hologram_hsta,0,False,Target_appear,0,bgm_boss_bbg004_vip
7000060,Spot_bgm,Raid,eba005_anmi,0,False,Target_appear,0,bgm_boss_eba005_phase1
7000061,Spot_bgm,Raid,eba005_anmi,0,False,Change_Phase_2,0,bgm_boss_eba005_phase2
7000062,Spot_bgm,Raid,bba001_zeus,0,False,Target_appear,0,bgm_boss_bba001
7000063,Spot_bgm,Raid,bbg009_bh_psid,0,False,Target_appear,0,bgm_boss_bbg009
7100001,Spot_bgm,Raid,bba001_psid_museum,0,False,Target_appear,0,bgm_boss_bba001
7100002,Spot_bgm,Raid,bbg003_hasta_museum,0,False,Target_appear,0,bgm_boss_bbg003
7100003,Spot_bgm,Raid,bbg006_zeus_museum,0,False,Target_appear,0,bgm_boss_bbg006
8000001,Spot_bgm,Event_stage,100110101,0,False,None,0,bgm_spot_destroyedserenity_b
8000002,Spot_bgm,Event_stage,100110102,0,False,None,0,bgm_spot_bulletstorm_b
8000003,Spot_bgm,Event_stage,100210101,0,False,None,0,bgm_spot_destroyedserenity_b
8000004,Spot_bgm,Event_stage,100210102,0,False,None,0,bgm_spot_bulletstorm_b
8010001,Spot_bgm,Event_stage,100810101,0,False,None,0,event_bgm_spot_ce01
8010002,Spot_bgm,Event_stage,100810102,0,False,None,0,event_bgm_spot_ce01
8010003,Spot_bgm,Event_stage,100810103,0,False,None,0,event_bgm_spot_ce01
8010004,Spot_bgm,Event_stage,100810104,0,False,None,0,event_bgm_spot_ce01
8010005,Spot_bgm,Event_stage,100810105,0,False,None,0,event_bgm_spot_ce01
8010006,Spot_bgm,Event_stage,100810106,0,False,None,0,event_bgm_spot_ce01
8010007,Spot_bgm,Event_stage,100810107,0,False,None,0,event_bgm_spot_ce01
8010008,Spot_bgm,Event_stage,100810108,0,False,None,0,event_bgm_spot_ce01
8010009,Spot_bgm,Event_stage,100810109,0,False,None,0,event_bgm_spot_ce01
8010010,Spot_bgm,Event_stage,100810110,0,False,None,0,event_bgm_spot_ce01
8010011,Spot_bgm,Event_stage,100910101,0,False,None,0,event_bgm_spot_ce01
8010012,Spot_bgm,Event_stage,100910102,0,False,None,0,event_bgm_spot_ce01
8010013,Spot_bgm,Event_stage,100910103,0,False,None,0,event_bgm_spot_ce01
8010014,Spot_bgm,Event_stage,100910104,0,False,None,0,event_bgm_spot_ce01
8010015,Spot_bgm,Event_stage,100910105,0,False,None,0,event_bgm_spot_ce01
8010016,Spot_bgm,Event_stage,100910106,0,False,None,0,event_bgm_spot_ce01
8010017,Spot_bgm,Event_stage,100910107,0,False,None,0,event_bgm_spot_ce01
8010018,Spot_bgm,Event_stage,100910108,0,False,None,0,event_bgm_spot_ce01
8010019,Spot_bgm,Event_stage,100910109,0,False,None,0,event_bgm_spot_ce01
8010020,Spot_bgm,Event_stage,100910110,0,False,None,0,event_bgm_spot_ce01
8010021,Spot_bgm,Event_stage,100920101,0,False,None,0,event_bgm_spot_ce01
8010022,Spot_bgm,Event_stage,100920102,0,False,None,0,event_bgm_spot_ce01
8010023,Spot_bgm,Event_stage,100920103,0,False,None,0,event_bgm_spot_ce01
8010024,Spot_bgm,Event_stage,100920104,0,False,None,0,event_bgm_spot_ce01
8010025,Spot_bgm,Event_stage,100920105,0,False,None,0,event_bgm_spot_ce01
8010026,Spot_bgm,Event_stage,100920106,0,False,None,0,event_bgm_spot_ce01
8010027,Spot_bgm,Event_stage,100920107,0,False,None,0,event_bgm_spot_ce01
8010028,Spot_bgm,Event_stage,100920108,0,False,None,0,event_bgm_spot_ce01
8010029,Spot_bgm,Event_stage,100920109,0,False,None,0,event_bgm_spot_ce01
8010030,Spot_bgm,Event_stage,100920110,0,False,None,0,event_bgm_spot_ce01
8020001,Spot_bgm,Event_stage,101310101,0,False,None,0,event_bgm_spot_goddessofvictory_a
8020002,Spot_bgm,Event_stage,101310102,0,False,None,0,event_bgm_spot_goddessofvictory_a
8020003,Spot_bgm,Event_stage,101310103,0,False,None,0,event_bgm_spot_goddessofvictory_a
8020004,Spot_bgm,Event_stage,101310104,0,False,None,0,event_bgm_spot_goddessofvictory_a
8020005,Spot_bgm,Event_stage,101310105,0,False,None,0,event_bgm_spot_goddessofvictory_a
8020006,Spot_bgm,Event_stage,101310106,0,False,None,0,event_bgm_spot_goddessofvictory_a
8020007,Spot_bgm,Event_stage,101310107,0,False,None,0,event_bgm_spot_goddessofvictory_a
8020008,Spot_bgm,Event_stage,101310108,0,False,None,0,event_bgm_spot_goddessofvictory_a
8020009,Spot_bgm,Event_stage,101310109,0,False,None,0,event_bgm_spot_goddessofvictory_a
8020010,Spot_bgm,Event_stage,101310110,0,False,None,0,event_bgm_spot_goddessofvictory_a
8020011,Spot_bgm,Event_stage,101310111,0,False,None,0,event_bgm_spot_goddessofvictory_b
8020012,Spot_bgm,Event_stage,101310112,0,False,None,0,event_bgm_spot_goddessofvictory_b
8020013,Spot_bgm,Event_stage,101410101,0,False,None,0,event_bgm_spot_goddessofvictory_b
8020014,Spot_bgm,Event_stage,101410102,0,False,None,0,event_bgm_spot_goddessofvictory_b
8020015,Spot_bgm,Event_stage,101410103,0,False,None,0,event_bgm_spot_goddessofvictory_b
8020016,Spot_bgm,Event_stage,101410104,0,False,None,0,event_bgm_spot_goddessofvictory_b
8020017,Spot_bgm,Event_stage,101410105,0,False,None,0,event_bgm_spot_goddessofvictory_b
8020018,Spot_bgm,Event_stage,101410106,0,False,None,0,event_bgm_spot_goddessofvictory_b
8020019,Spot_bgm,Event_stage,101410107,0,False,None,0,event_bgm_spot_goddessofvictory_b
8020020,Spot_bgm,Event_stage,101410108,0,False,None,0,event_bgm_spot_goddessofvictory_b
8020021,Spot_bgm,Event_stage,101410109,0,False,None,0,event_bgm_spot_goddessofvictory_b
8020022,Spot_bgm,Event_stage,101410110,0,False,None,0,event_bgm_satellites
8020023,Spot_bgm,Event_stage,101410111,0,False,None,0,event_bgm_spot_goddessofvictory_b
8020024,Spot_bgm,Event_stage,101410112,0,False,None,0,event_bgm_spot_goddessofvictory_b
8020025,Spot_bgm,Event_stage,101420101,0,False,None,0,event_bgm_spot_goddessofvictory_b
8020026,Spot_bgm,Event_stage,101420102,0,False,None,0,event_bgm_spot_goddessofvictory_b
8020027,Spot_bgm,Event_stage,101420103,0,False,None,0,event_bgm_spot_goddessofvictory_b
8020028,Spot_bgm,Event_stage,101420104,0,False,None,0,event_bgm_spot_goddessofvictory_b
8020029,Spot_bgm,Event_stage,101420105,0,False,None,0,event_bgm_spot_goddessofvictory_b
8020030,Spot_bgm,Event_stage,101420106,0,False,None,0,event_bgm_spot_goddessofvictory_b
8020031,Spot_bgm,Event_stage,101420107,0,False,None,0,event_bgm_spot_goddessofvictory_b
8020032,Spot_bgm,Event_stage,101420108,0,False,None,0,event_bgm_spot_goddessofvictory_b
8020033,Spot_bgm,Event_stage,101420109,0,False,None,0,event_bgm_spot_goddessofvictory_b
8020034,Spot_bgm,Event_stage,101420110,0,False,None,0,event_bgm_spot_goddessofvictory_b
8020035,Spot_bgm,Event_stage,101420111,0,False,None,0,event_bgm_spot_goddessofvictory_b
8020036,Spot_bgm,Event_stage,101420112,0,False,None,0,event_bgm_spot_goddessofvictory_b
8030001,Spot_bgm,Event_stage,102010101,0,False,None,0,event_bgm_spot_holycrab
8030002,Spot_bgm,Event_stage,102010102,0,False,None,0,event_bgm_spot_holycrab
8030003,Spot_bgm,Event_stage,102010103,0,False,None,0,event_bgm_spot_holycrab
8030004,Spot_bgm,Event_stage,102010104,0,False,None,0,event_bgm_spot_holycrab
8030005,Spot_bgm,Event_stage,102010105,0,False,None,0,event_bgm_spot_holycrab
8030006,Spot_bgm,Event_stage,102010106,0,False,None,0,event_bgm_spot_holycrab
8030007,Spot_bgm,Event_stage,102010107,0,False,None,0,event_bgm_spot_holycrab
8030008,Spot_bgm,Event_stage,102010108,0,False,None,0,event_bgm_spot_holycrab
8030009,Spot_bgm,Event_stage,102010109,0,False,None,0,event_bgm_spot_holycrab
8030010,Spot_bgm,Event_stage,102010110,0,False,None,0,event_bgm_spot_holycrab
8030011,Spot_bgm,Event_stage,102010111,0,False,None,0,event_bgm_spot_holycrab
8030012,Spot_bgm,Event_stage,102010112,0,False,None,0,event_bgm_spot_holycrab
8030013,Spot_bgm,Event_stage,102110101,0,False,None,0,event_bgm_spot_bassbomb
8030014,Spot_bgm,Event_stage,102110102,0,False,None,0,event_bgm_spot_bassbomb
8030015,Spot_bgm,Event_stage,102110103,0,False,None,0,event_bgm_spot_bassbomb
8030016,Spot_bgm,Event_stage,102110104,0,False,None,0,event_bgm_spot_bassbomb
8030017,Spot_bgm,Event_stage,102110105,0,False,None,0,event_bgm_spot_bassbomb
8030018,Spot_bgm,Event_stage,102110106,0,False,None,0,event_bgm_spot_bassbomb
8030019,Spot_bgm,Event_stage,102110107,0,False,None,0,event_bgm_spot_bassbomb
8030020,Spot_bgm,Event_stage,102110108,0,False,None,0,event_bgm_spot_bassbomb
8030021,Spot_bgm,Event_stage,102110109,0,False,None,0,event_bgm_spot_bassbomb
8030022,Spot_bgm,Event_stage,102110110,0,False,None,0,event_bgm_spot_bassbomb
8030023,Spot_bgm,Event_stage,102110111,0,False,None,0,event_bgm_spot_bassbomb
8030024,Spot_bgm,Event_stage,102110112,0,False,None,0,event_bgm_spot_bassbomb
8030025,Spot_bgm,Event_stage,102120101,0,False,None,0,event_bgm_spot_holycrab
8030026,Spot_bgm,Event_stage,102120102,0,False,None,0,event_bgm_spot_bassbomb
8030027,Spot_bgm,Event_stage,102120103,0,False,None,0,event_bgm_spot_holycrab
8030028,Spot_bgm,Event_stage,102120104,0,False,None,0,event_bgm_spot_bassbomb
8030029,Spot_bgm,Event_stage,102120105,0,False,None,0,event_bgm_spot_holycrab
8030030,Spot_bgm,Event_stage,102120106,0,False,None,0,event_bgm_spot_bassbomb
8030031,Spot_bgm,Event_stage,102120107,0,False,None,0,event_bgm_spot_holycrab
8030032,Spot_bgm,Event_stage,102120108,0,False,None,0,event_bgm_spot_bassbomb
8030033,Spot_bgm,Event_stage,102120109,0,False,None,0,event_bgm_spot_holycrab
8030034,Spot_bgm,Event_stage,102120110,0,False,None,0,event_bgm_spot_bassbomb
8030035,Spot_bgm,Event_stage,102120111,0,False,None,0,event_bgm_spot_bassbomb
8030036,Spot_bgm,Event_stage,102120112,0,False,None,0,event_bgm_spot_bassbomb
8040001,Spot_bgm,Event_stage,102610101,0,False,None,0,event_bgm_spot_oblivion
8040002,Spot_bgm,Event_stage,102610102,0,False,None,0,event_bgm_spot_oblivion
8040003,Spot_bgm,Event_stage,102610103,0,False,None,0,event_bgm_spot_oblivion
8040004,Spot_bgm,Event_stage,102610104,0,False,None,0,event_bgm_spot_oblivion
8040005,Spot_bgm,Event_stage,102610105,0,False,None,0,event_bgm_spot_oblivion
8040006,Spot_bgm,Event_stage,102610106,0,False,None,0,event_bgm_spot_oblivion
8040007,Spot_bgm,Event_stage,102610107,0,False,None,0,event_bgm_spot_oblivion
8040008,Spot_bgm,Event_stage,102610108,0,False,None,0,event_bgm_spot_oblivion
8040009,Spot_bgm,Event_stage,102610109,0,False,None,0,event_bgm_spot_oblivion
8040010,Spot_bgm,Event_stage,102610110,0,False,None,0,event_bgm_spot_oblivion
8040011,Spot_bgm,Event_stage,102610111,0,False,None,0,event_bgm_spot_oblivion
8040012,Spot_bgm,Event_stage,102610112,0,False,None,0,event_bgm_spot_oblivion
8040013,Spot_bgm,Event_stage,102610113,0,False,None,0,event_bgm_spot_oblivion
8040014,Spot_bgm,Event_stage,102610114,0,False,None,0,event_bgm_spot_oblivion
8040015,Spot_bgm,Event_stage,102610115,0,False,None,0,event_bgm_spot_oblivion
8040016,Spot_bgm,Event_stage,102710101,0,False,None,0,event_bgm_spot_oblivion
8040017,Spot_bgm,Event_stage,102710102,0,False,None,0,event_bgm_spot_oblivion
8040018,Spot_bgm,Event_stage,102710103,0,False,None,0,event_bgm_spot_oblivion
8040019,Spot_bgm,Event_stage,102710104,0,False,None,0,event_bgm_spot_oblivion
8040020,Spot_bgm,Event_stage,102710105,0,False,None,0,event_bgm_spot_oblivion
8040021,Spot_bgm,Event_stage,102710106,0,False,None,0,event_bgm_spot_oblivion
8040022,Spot_bgm,Event_stage,102710107,0,False,None,0,event_bgm_spot_oblivion
8040023,Spot_bgm,Event_stage,102710108,0,False,None,0,event_bgm_spot_oblivion
8040024,Spot_bgm,Event_stage,102710109,0,False,None,0,event_bgm_spot_oblivion
8040025,Spot_bgm,Event_stage,102710110,0,False,None,0,event_bgm_spot_oblivion
8040026,Spot_bgm,Event_stage,102710111,0,False,None,0,event_bgm_spot_oblivion
8040027,Spot_bgm,Event_stage,102710112,0,False,None,0,event_bgm_spot_oblivion
8040028,Spot_bgm,Event_stage,102710113,0,False,None,0,event_bgm_spot_oblivion
8040029,Spot_bgm,Event_stage,102710114,0,False,None,0,event_bgm_spot_oblivion
8040030,Spot_bgm,Event_stage,102710115,0,False,None,0,event_bgm_spot_oblivion
8040031,Spot_bgm,Event_stage,102710116,0,False,None,0,event_bgm_ce002_boss
8040032,Spot_bgm,Event_stage,102720101,0,False,None,0,event_bgm_spot_oblivion
8040033,Spot_bgm,Event_stage,102720102,0,False,None,0,event_bgm_spot_oblivion
8040034,Spot_bgm,Event_stage,102720103,0,False,None,0,event_bgm_spot_oblivion
8040035,Spot_bgm,Event_stage,102720104,0,False,None,0,event_bgm_spot_oblivion
8040036,Spot_bgm,Event_stage,102720105,0,False,None,0,event_bgm_spot_oblivion
8040037,Spot_bgm,Event_stage,102720106,0,False,None,0,event_bgm_spot_oblivion
8040038,Spot_bgm,Event_stage,102720107,0,False,None,0,event_bgm_spot_oblivion
8040039,Spot_bgm,Event_stage,102720108,0,False,None,0,event_bgm_spot_oblivion
8040040,Spot_bgm,Event_stage,102720109,0,False,None,0,event_bgm_spot_oblivion
8040041,Spot_bgm,Event_stage,102720110,0,False,None,0,event_bgm_spot_oblivion
8040042,Spot_bgm,Event_stage,102720111,0,False,None,0,event_bgm_spot_oblivion
8040043,Spot_bgm,Event_stage,102720112,0,False,None,0,event_bgm_spot_oblivion
8040044,Spot_bgm,Event_stage,102720113,0,False,None,0,event_bgm_spot_oblivion
8040045,Spot_bgm,Event_stage,102720114,0,False,None,0,event_bgm_spot_oblivion
8040046,Spot_bgm,Event_stage,102720115,0,False,None,0,event_bgm_spot_oblivion
8040047,Spot_bgm,Event_stage,102720116,0,False,None,0,event_bgm_ce002_boss
8050001,Spot_bgm,Event_stage,103110101,0,False,None,0,event_bgm_redash_goddesssquadready
8050002,Spot_bgm,Event_stage,103110102,0,False,None,0,event_bgm_redash_goddesssquadready
8050003,Spot_bgm,Event_stage,103110103,0,False,None,0,event_bgm_redash_goddesssquadready
8050004,Spot_bgm,Event_stage,103110104,0,False,None,0,event_bgm_redash_goddesssquadready
8050005,Spot_bgm,Event_stage,103110105,0,False,None,0,event_bgm_redash_goddesssquadready
8050006,Spot_bgm,Event_stage,103110106,0,False,None,0,event_bgm_redash_goddesssquadready
8050007,Spot_bgm,Event_stage,103110107,0,False,None,0,event_bgm_redash_goddesssquadready
8050008,Spot_bgm,Event_stage,103110108,0,False,None,0,event_bgm_redash_goddesssquadready
8050009,Spot_bgm,Event_stage,103110109,0,False,None,0,event_bgm_redash_goddesssquadready
8050010,Spot_bgm,Event_stage,103110110,0,False,None,0,event_bgm_redash_goddesssquadready
8050011,Spot_bgm,Event_stage,103110111,0,False,None,0,event_bgm_redash_goddesssquadready
8050012,Spot_bgm,Event_stage,103110112,0,False,None,0,event_bgm_redash_goddesssquadready
8050013,Spot_bgm,Event_stage,103210101,0,False,None,0,event_bgm_redash_goddesssquadready
8050014,Spot_bgm,Event_stage,103210102,0,False,None,0,event_bgm_redash_goddesssquadready
8050015,Spot_bgm,Event_stage,103210103,0,False,None,0,event_bgm_redash_goddesssquadready
8050016,Spot_bgm,Event_stage,103210104,0,False,None,0,event_bgm_redash_goddesssquadready
8050017,Spot_bgm,Event_stage,103210105,0,False,None,0,event_bgm_redash_finalbattle
8050018,Spot_bgm,Event_stage,103210106,0,False,None,0,event_bgm_redash_goddesssquadready
8050019,Spot_bgm,Event_stage,103210107,0,False,None,0,event_bgm_redash_goddesssquadready
8050020,Spot_bgm,Event_stage,103210108,0,False,None,0,event_bgm_redash_goddesssquadready
8050021,Spot_bgm,Event_stage,103210109,0,False,None,0,event_bgm_redash_goddesssquadready
8050022,Spot_bgm,Event_stage,103210110,0,False,None,0,event_bgm_redash_facethat
8050023,Spot_bgm,Event_stage,103210111,0,False,None,0,event_bgm_redash_finalbattle
8050024,Spot_bgm,Event_stage,103210112,0,False,None,0,event_bgm_redash_finalbattle
8050025,Spot_bgm,Event_stage,103220101,0,False,None,0,event_bgm_redash_goddesssquadready
8050026,Spot_bgm,Event_stage,103220102,0,False,None,0,event_bgm_redash_goddesssquadready
8050027,Spot_bgm,Event_stage,103220103,0,False,None,0,event_bgm_redash_goddesssquadready
8050028,Spot_bgm,Event_stage,103220104,0,False,None,0,event_bgm_redash_goddesssquadready
8050029,Spot_bgm,Event_stage,103220105,0,False,None,0,event_bgm_redash_goddesssquadready
8050030,Spot_bgm,Event_stage,103220106,0,False,None,0,event_bgm_redash_goddesssquadready
8050031,Spot_bgm,Event_stage,103220107,0,False,None,0,event_bgm_redash_goddesssquadready
8050032,Spot_bgm,Event_stage,103220108,0,False,None,0,event_bgm_redash_goddesssquadready
8050033,Spot_bgm,Event_stage,103220109,0,False,None,0,event_bgm_redash_goddesssquadready
8050034,Spot_bgm,Event_stage,103220110,0,False,None,0,event_bgm_redash_goddesssquadready
8050035,Spot_bgm,Event_stage,103220111,0,False,None,0,event_bgm_redash_goddesssquadready
8050036,Spot_bgm,Event_stage,103220112,0,False,None,0,event_bgm_redash_finalbattle
8060012,Spot_bgm,Event_stage,104110112,0,False,None,0,event_bgm_ce003_boss
8060024,Spot_bgm,Event_stage,104210112,0,False,None,0,event_bgm_ce003_boss
8070001,Spot_bgm,Event_stage,104510101,0,False,None,0,event_bgm_lastkingdom_tothelast
8070002,Spot_bgm,Event_stage,104510102,0,False,None,0,event_bgm_lastkingdom_tothelast
8070003,Spot_bgm,Event_stage,104510103,0,False,None,0,event_bgm_lastkingdom_tothelast
8070004,Spot_bgm,Event_stage,104510104,0,False,None,0,event_bgm_lastkingdom_tothelast
8070005,Spot_bgm,Event_stage,104510105,0,False,None,0,event_bgm_lastkingdom_tothelast
8070006,Spot_bgm,Event_stage,104510106,0,False,None,0,event_bgm_lastkingdom_tothelast
8070007,Spot_bgm,Event_stage,104510107,0,False,None,0,event_bgm_lastkingdom_tothelast
8070008,Spot_bgm,Event_stage,104510108,0,False,None,0,event_bgm_lastkingdom_tothelast
8070009,Spot_bgm,Event_stage,104510109,0,False,None,0,event_bgm_lastkingdom_tothelast
8070010,Spot_bgm,Event_stage,104510110,0,False,None,0,event_bgm_lastkingdom_tothelast
8070011,Spot_bgm,Event_stage,104510111,0,False,None,0,event_bgm_lastkingdom_tothelast
8070012,Spot_bgm,Event_stage,104510112,0,False,None,0,event_bgm_lastkingdom_tothelast
8070013,Spot_bgm,Event_stage,104510113,0,False,None,0,event_bgm_lastkingdom_tothelast
8070014,Spot_bgm,Event_stage,104510114,0,False,None,0,event_bgm_lastkingdom_tothelast
8070015,Spot_bgm,Event_stage,104510115,0,False,None,0,event_bgm_lastkingdom_tothelast
8070016,Spot_bgm,Event_stage,104610101,0,False,None,0,event_bgm_lastkingdom_tothelast
8070017,Spot_bgm,Event_stage,104610102,0,False,None,0,event_bgm_lastkingdom_tothelast
8070018,Spot_bgm,Event_stage,104610103,0,False,Target_appear,0,bgm_boss_bbg002_2
8070019,Spot_bgm,Event_stage,104610104,0,False,None,0,event_bgm_lastkingdom_tothelast
8070020,Spot_bgm,Event_stage,104610105,0,False,None,0,event_bgm_lastkingdom_tothelast
8070021,Spot_bgm,Event_stage,104610106,0,False,None,0,event_bgm_lastkingdom_tothelast
8070022,Spot_bgm,Event_stage,104610107,0,False,None,0,event_bgm_lastkingdom_tothelast
8070023,Spot_bgm,Event_stage,104610108,0,False,None,0,event_bgm_lastkingdom_tothelast
8070024,Spot_bgm,Event_stage,104610109,0,False,Target_appear,0,bgm_boss_bbg002_2
8070025,Spot_bgm,Event_stage,104610110,0,False,None,0,event_bgm_lastkingdom_tothelast
8070026,Spot_bgm,Event_stage,104610111,0,False,None,0,event_bgm_lastkingdom_tothelast
8070027,Spot_bgm,Event_stage,104610112,0,False,None,0,event_bgm_lastkingdom_tothelast
8070028,Spot_bgm,Event_stage,104610113,0,False,None,0,event_bgm_lastkingdom_tothelast
8070029,Spot_bgm,Event_stage,104610114,0,False,None,0,event_bgm_lastkingdom_tothelast
8070030,Spot_bgm,Event_stage,104610115,0,False,Target_appear,0,licensed_bgm_boss_ebg003_phase1
8070031,Spot_bgm,Event_stage,104610115,0,False,Change_Phase_2,0,bgm_boss_ebg003_phase2
8070032,Spot_bgm,Event_stage,104620101,0,False,None,0,event_bgm_lastkingdom_tothelast
8070033,Spot_bgm,Event_stage,104620102,0,False,None,0,event_bgm_lastkingdom_tothelast
8070034,Spot_bgm,Event_stage,104620103,0,False,None,0,event_bgm_lastkingdom_tothelast
8070035,Spot_bgm,Event_stage,104620104,0,False,None,0,event_bgm_lastkingdom_tothelast
8070036,Spot_bgm,Event_stage,104620105,0,False,None,0,event_bgm_lastkingdom_tothelast
8070037,Spot_bgm,Event_stage,104620106,0,False,None,0,event_bgm_lastkingdom_tothelast
8070038,Spot_bgm,Event_stage,104620107,0,False,None,0,event_bgm_lastkingdom_tothelast
8070039,Spot_bgm,Event_stage,104620108,0,False,None,0,event_bgm_lastkingdom_tothelast
8070040,Spot_bgm,Event_stage,104620109,0,False,None,0,event_bgm_lastkingdom_tothelast
8070041,Spot_bgm,Event_stage,104620110,0,False,None,0,event_bgm_lastkingdom_tothelast
8070042,Spot_bgm,Event_stage,104620111,0,False,None,0,event_bgm_lastkingdom_tothelast
8070043,Spot_bgm,Event_stage,104620112,0,False,Target_appear,0,licensed_bgm_boss_ebg003_phase1
8070044,Spot_bgm,Event_stage,104620112,0,False,Change_Phase_2,0,bgm_boss_ebg003_phase2
8080001,Spot_bgm,Event_stage,105110101,0,False,None,0,event_bgm_spot_beautyfullshot
8080002,Spot_bgm,Event_stage,105110102,0,False,None,0,event_bgm_spot_beautyfullshot
8080003,Spot_bgm,Event_stage,105110103,0,False,None,0,event_bgm_spot_beautyfullshot
8080004,Spot_bgm,Event_stage,105110104,0,False,None,0,event_bgm_spot_beautyfullshot
8080005,Spot_bgm,Event_stage,105110105,0,False,None,0,event_bgm_spot_beautyfullshot
8080006,Spot_bgm,Event_stage,105110106,0,False,None,0,event_bgm_spot_beautyfullshot
8080007,Spot_bgm,Event_stage,105110107,0,False,None,0,event_bgm_spot_beautyfullshot
8080008,Spot_bgm,Event_stage,105110108,0,False,None,0,event_bgm_spot_beautyfullshot
8080009,Spot_bgm,Event_stage,105110109,0,False,None,0,event_bgm_spot_beautyfullshot
8080010,Spot_bgm,Event_stage,105110110,0,False,None,0,event_bgm_spot_beautyfullshot
8080011,Spot_bgm,Event_stage,105110111,0,False,None,0,event_bgm_spot_beautyfullshot
8080012,Spot_bgm,Event_stage,105110112,0,False,None,0,event_bgm_spot_holycrab
8080013,Spot_bgm,Event_stage,105210101,0,False,None,0,event_bgm_spot_beautyfullshot
8080014,Spot_bgm,Event_stage,105210102,0,False,None,0,event_bgm_spot_beautyfullshot
8080015,Spot_bgm,Event_stage,105210103,0,False,None,0,event_bgm_spot_beautyfullshot
8080016,Spot_bgm,Event_stage,105210104,0,False,None,0,event_bgm_spot_beautyfullshot
8080017,Spot_bgm,Event_stage,105210105,0,False,None,0,event_bgm_spot_beautyfullshot
8080018,Spot_bgm,Event_stage,105210106,0,False,None,0,event_bgm_spot_beautyfullshot
8080019,Spot_bgm,Event_stage,105210107,0,False,None,0,event_bgm_spot_beautyfullshot
8080020,Spot_bgm,Event_stage,105210108,0,False,None,0,event_bgm_spot_beautyfullshot
8080021,Spot_bgm,Event_stage,105210109,0,False,None,0,event_bgm_spot_beautyfullshot
8080022,Spot_bgm,Event_stage,105210110,0,False,None,0,event_bgm_spot_beautyfullshot
8080023,Spot_bgm,Event_stage,105210111,0,False,None,0,event_bgm_spot_beautyfullshot
8080024,Spot_bgm,Event_stage,105210112,0,False,Target_appear,0,bgm_boss_bbg004
8080025,Spot_bgm,Event_stage,105220101,0,False,None,0,event_bgm_spot_beautyfullshot
8080026,Spot_bgm,Event_stage,105220102,0,False,None,0,event_bgm_spot_beautyfullshot
8080027,Spot_bgm,Event_stage,105220103,0,False,None,0,event_bgm_spot_beautyfullshot
8080028,Spot_bgm,Event_stage,105220104,0,False,None,0,event_bgm_spot_beautyfullshot
8080029,Spot_bgm,Event_stage,105220105,0,False,None,0,event_bgm_spot_beautyfullshot
8080030,Spot_bgm,Event_stage,105220106,0,False,None,0,event_bgm_spot_beautyfullshot
8080031,Spot_bgm,Event_stage,105220107,0,False,None,0,event_bgm_spot_beautyfullshot
8080032,Spot_bgm,Event_stage,105220108,0,False,None,0,event_bgm_spot_beautyfullshot
8080033,Spot_bgm,Event_stage,105220109,0,False,None,0,event_bgm_spot_beautyfullshot
8080034,Spot_bgm,Event_stage,105220110,0,False,None,0,event_bgm_spot_beautyfullshot
8080035,Spot_bgm,Event_stage,105220111,0,False,None,0,event_bgm_spot_beautyfullshot
8080036,Spot_bgm,Event_stage,105220112,0,False,Target_appear,0,bgm_boss_bbg004
8090001,Spot_bgm,Event_stage,105510101,0,False,None,0,event_bgm_ce004_compte
8090002,Spot_bgm,Event_stage,105510102,0,False,None,0,event_bgm_ce004_compte
8090003,Spot_bgm,Event_stage,105510103,0,False,None,0,event_bgm_ce004_compte
8090004,Spot_bgm,Event_stage,105510104,0,False,None,0,event_bgm_ce004_compte
8090005,Spot_bgm,Event_stage,105510105,0,False,None,0,event_bgm_ce004_compte
8090006,Spot_bgm,Event_stage,105510106,0,False,None,0,event_bgm_ce004_compte
8090007,Spot_bgm,Event_stage,105510107,0,False,None,0,event_bgm_ce004_compte
8090008,Spot_bgm,Event_stage,105510108,0,False,None,0,event_bgm_ce004_compte
8090009,Spot_bgm,Event_stage,105510109,0,False,None,0,event_bgm_ce004_compte
8090010,Spot_bgm,Event_stage,105510110,0,False,None,0,event_bgm_ce004_compte
8090011,Spot_bgm,Event_stage,105510111,0,False,None,0,event_bgm_ce004_compte
8090012,Spot_bgm,Event_stage,105510112,0,False,None,0,event_bgm_ce004_compte
8090013,Spot_bgm,Event_stage,105610101,0,False,None,0,event_bgm_ce004_compte
8090014,Spot_bgm,Event_stage,105610102,0,False,None,0,event_bgm_ce004_compte
8090015,Spot_bgm,Event_stage,105610103,0,False,None,0,event_bgm_ce004_compte
8090016,Spot_bgm,Event_stage,105610104,0,False,None,0,event_bgm_ce004_compte
8090017,Spot_bgm,Event_stage,105610105,0,False,None,0,event_bgm_ce004_compte
8090018,Spot_bgm,Event_stage,105610106,0,False,None,0,event_bgm_ce004_compte
8090019,Spot_bgm,Event_stage,105610107,0,False,None,0,event_bgm_ce004_compte
8090020,Spot_bgm,Event_stage,105610108,0,False,None,0,event_bgm_ce004_compte
8090021,Spot_bgm,Event_stage,105610109,0,False,None,0,event_bgm_ce004_compte
8090022,Spot_bgm,Event_stage,105610110,0,False,None,0,event_bgm_ce004_compte
8090023,Spot_bgm,Event_stage,105610111,0,False,None,0,event_bgm_ce004_compte
8090024,Spot_bgm,Event_stage,105610112,0,False,None,0,event_bgm_ce004_compte
8090025,Spot_bgm,Event_stage,105710101,0,False,None,0,event_bgm_ce004_nereculepas
8090026,Spot_bgm,Event_stage,105710102,0,False,None,0,event_bgm_ce004_nereculepas
8090027,Spot_bgm,Event_stage,105710103,0,False,None,0,event_bgm_ce004_nereculepas
8090028,Spot_bgm,Event_stage,105710104,0,False,None,0,event_bgm_ce004_nereculepas
8090029,Spot_bgm,Event_stage,105710105,0,False,None,0,event_bgm_ce004_nereculepas
8090030,Spot_bgm,Event_stage,105710106,0,False,None,0,event_bgm_ce004_nereculepas
8090031,Spot_bgm,Event_stage,105710107,0,False,None,0,event_bgm_ce004_nereculepas
8090032,Spot_bgm,Event_stage,105710108,0,False,None,0,event_bgm_ce004_nereculepas
8090033,Spot_bgm,Event_stage,105710109,0,False,None,0,event_bgm_ce004_nereculepas
8090034,Spot_bgm,Event_stage,105710110,0,False,None,0,event_bgm_ce004_nereculepas
8090035,Spot_bgm,Event_stage,105710111,0,False,None,0,event_bgm_ce004_nereculepas
8090036,Spot_bgm,Event_stage,105710112,0,False,Target_appear,0,event_bgm_ce004_boss
8090037,Spot_bgm,Event_stage,105720101,0,False,None,0,event_bgm_ce004_nereculepas
8090038,Spot_bgm,Event_stage,105720102,0,False,None,0,event_bgm_ce004_nereculepas
8090039,Spot_bgm,Event_stage,105720103,0,False,None,0,event_bgm_ce004_nereculepas
8090040,Spot_bgm,Event_stage,105720104,0,False,None,0,event_bgm_ce004_nereculepas
8090041,Spot_bgm,Event_stage,105720105,0,False,None,0,event_bgm_ce004_nereculepas
8090042,Spot_bgm,Event_stage,105720106,0,False,None,0,event_bgm_ce004_nereculepas
8090043,Spot_bgm,Event_stage,105720107,0,False,None,0,event_bgm_ce004_nereculepas
8090044,Spot_bgm,Event_stage,105720108,0,False,None,0,event_bgm_ce004_nereculepas
8090045,Spot_bgm,Event_stage,105720109,0,False,None,0,event_bgm_ce004_nereculepas
8090046,Spot_bgm,Event_stage,105720110,0,False,None,0,event_bgm_ce004_nereculepas
8090047,Spot_bgm,Event_stage,105720111,0,False,None,0,event_bgm_ce004_nereculepas
8090048,Spot_bgm,Event_stage,105720112,0,False,Target_appear,0,event_bgm_ce004_boss
8100001,Spot_bgm,Event_stage,106110101,0,False,None,0,event_bgm_oldtales_starseeker
8100002,Spot_bgm,Event_stage,106110102,0,False,None,0,event_bgm_oldtales_starseeker
8100003,Spot_bgm,Event_stage,106110103,0,False,None,0,event_bgm_oldtales_starseeker
8100004,Spot_bgm,Event_stage,106110104,0,False,None,0,event_bgm_oldtales_starseeker
8100005,Spot_bgm,Event_stage,106110105,0,False,None,0,event_bgm_oldtales_apathwithbrokenheels
8100006,Spot_bgm,Event_stage,106110106,0,False,None,0,event_bgm_oldtales_apathwithbrokenheels
8100007,Spot_bgm,Event_stage,106110107,0,False,None,0,event_bgm_oldtales_apathwithbrokenheels
8100008,Spot_bgm,Event_stage,106110108,0,False,None,0,event_bgm_oldtales_apathwithbrokenheels
8100009,Spot_bgm,Event_stage,106110109,0,False,None,0,event_bgm_oldtales_apathwithbrokenheels
8100010,Spot_bgm,Event_stage,106110110,0,False,None,0,event_bgm_oldtales_apathwithbrokenheels
8100011,Spot_bgm,Event_stage,106110111,0,False,None,0,event_bgm_oldtales_apathwithbrokenheels
8100012,Spot_bgm,Event_stage,106110112,0,False,None,0,event_bgm_oldtales_apathwithbrokenheels
8100013,Spot_bgm,Event_stage,106210101,0,False,None,0,event_bgm_oldtales_starseeker
8100014,Spot_bgm,Event_stage,106210102,0,False,None,0,event_bgm_oldtales_starseeker
8100015,Spot_bgm,Event_stage,106210103,0,False,None,0,event_bgm_oldtales_starseeker
8100016,Spot_bgm,Event_stage,106210104,0,False,None,0,event_bgm_oldtales_starseeker
8100017,Spot_bgm,Event_stage,106210105,0,False,None,0,event_bgm_oldtales_starseeker
8100018,Spot_bgm,Event_stage,106210106,0,False,None,0,event_bgm_oldtales_apathwithbrokenheels
8100019,Spot_bgm,Event_stage,106210107,0,False,None,0,event_bgm_oldtales_starseeker
8100020,Spot_bgm,Event_stage,106210108,0,False,None,0,event_bgm_oldtales_starseeker
8100021,Spot_bgm,Event_stage,106210109,0,False,None,0,event_bgm_oldtales_starseeker
8100022,Spot_bgm,Event_stage,106210110,0,False,None,0,event_bgm_oldtales_starseeker
8100023,Spot_bgm,Event_stage,106210111,0,False,None,0,event_bgm_oldtales_starseeker
8100024,Spot_bgm,Event_stage,106210112,0,False,None,0,event_bgm_oldtales_apathwithbrokenheels
8100025,Spot_bgm,Event_stage,106220101,0,False,None,0,event_bgm_oldtales_starseeker
8100026,Spot_bgm,Event_stage,106220102,0,False,None,0,event_bgm_oldtales_starseeker
8100027,Spot_bgm,Event_stage,106220103,0,False,None,0,event_bgm_oldtales_starseeker
8100028,Spot_bgm,Event_stage,106220104,0,False,None,0,event_bgm_oldtales_starseeker
8100029,Spot_bgm,Event_stage,106220105,0,False,None,0,event_bgm_oldtales_starseeker
8100030,Spot_bgm,Event_stage,106220106,0,False,None,0,event_bgm_oldtales_starseeker
8100031,Spot_bgm,Event_stage,106220107,0,False,None,0,event_bgm_oldtales_starseeker
8100032,Spot_bgm,Event_stage,106220108,0,False,None,0,event_bgm_oldtales_starseeker
8100033,Spot_bgm,Event_stage,106220109,0,False,None,0,event_bgm_oldtales_starseeker
8100034,Spot_bgm,Event_stage,106220110,0,False,None,0,event_bgm_oldtales_starseeker
8100035,Spot_bgm,Event_stage,106220111,0,False,None,0,event_bgm_oldtales_starseeker
8100036,Spot_bgm,Event_stage,106220112,0,False,None,0,event_bgm_oldtales_apathwithbrokenheels
8200001,Spot_bgm,Event_stage,106510112,0,False,None,0,bgm_boss_mba002_whiteice_psid
8200002,Spot_bgm,Event_stage,106520112,0,False,None,0,bgm_boss_mba002_whiteice_psid
8300001,Spot_bgm,Event_stage,107010101,0,False,None,0,event_bgm_ce005_field_1
8300002,Spot_bgm,Event_stage,107010102,0,False,None,0,event_bgm_ce005_field_1
8300003,Spot_bgm,Event_stage,107010103,0,False,None,0,event_bgm_ce005_field_1
8300004,Spot_bgm,Event_stage,107010104,0,False,None,0,event_bgm_ce005_field_1
8300005,Spot_bgm,Event_stage,107010105,0,False,None,0,event_bgm_ce005_field_1
8300006,Spot_bgm,Event_stage,107010107,0,False,None,0,event_bgm_ce005_field_1
8300007,Spot_bgm,Event_stage,107010108,0,False,None,0,event_bgm_ce005_field_1
8300008,Spot_bgm,Event_stage,107010109,0,False,None,0,event_bgm_ce005_field_1
8300009,Spot_bgm,Event_stage,107010110,0,False,None,0,event_bgm_ce005_field_1
8300010,Spot_bgm,Event_stage,107010111,0,False,None,0,event_bgm_ce005_field_1
8300011,Spot_bgm,Event_stage,107010112,0,False,None,0,event_bgm_ce005_field_1
8300012,Spot_bgm,Event_stage,107010113,0,False,None,0,event_bgm_ce005_field_1
8300013,Spot_bgm,Event_stage,107110101,0,False,None,0,event_bgm_ce005_field_2
8300014,Spot_bgm,Event_stage,107110102,0,False,None,0,event_bgm_ce005_field_2
8300015,Spot_bgm,Event_stage,107110103,0,False,None,0,event_bgm_ce005_field_2
8300016,Spot_bgm,Event_stage,107110104,0,False,None,0,event_bgm_ce005_field_2
8300017,Spot_bgm,Event_stage,107110105,0,False,None,0,event_bgm_ce005_field_2
8300018,Spot_bgm,Event_stage,107110106,0,False,None,0,event_bgm_ce005_field_2
8300019,Spot_bgm,Event_stage,107110107,0,False,None,0,event_bgm_ce005_field_2
8300020,Spot_bgm,Event_stage,107110108,0,False,None,0,event_bgm_ce005_field_2
8300021,Spot_bgm,Event_stage,107110109,0,False,None,0,event_bgm_ce005_field_2
8300022,Spot_bgm,Event_stage,107110110,0,False,None,0,event_bgm_ce005_field_2
8300023,Spot_bgm,Event_stage,107110111,0,False,None,0,event_bgm_ce005_field_2
8300024,Spot_bgm,Event_stage,107110112,0,False,Target_appear,0,event_bgm_ce004_boss
8300025,Spot_bgm,Event_stage,107120101,0,False,None,0,event_bgm_ce005_field_2
8300026,Spot_bgm,Event_stage,107120102,0,False,None,0,event_bgm_ce005_field_2
8300027,Spot_bgm,Event_stage,107120103,0,False,None,0,event_bgm_ce005_field_2
8300028,Spot_bgm,Event_stage,107120104,0,False,None,0,event_bgm_ce005_field_2
8300029,Spot_bgm,Event_stage,107120105,0,False,None,0,event_bgm_ce005_field_2
8300030,Spot_bgm,Event_stage,107120106,0,False,None,0,event_bgm_ce005_field_2
8300031,Spot_bgm,Event_stage,107120107,0,False,None,0,event_bgm_ce005_field_2
8300032,Spot_bgm,Event_stage,107120108,0,False,None,0,event_bgm_ce005_field_2
8300033,Spot_bgm,Event_stage,107120109,0,False,None,0,event_bgm_ce005_field_2
8300034,Spot_bgm,Event_stage,107120110,0,False,None,0,event_bgm_ce005_field_2
8300035,Spot_bgm,Event_stage,107120111,0,False,None,0,event_bgm_ce005_field_2
8300036,Spot_bgm,Event_stage,107120112,0,False,Target_appear,0,event_bgm_ce004_boss
8400001,Spot_bgm,Event_stage,107510101,0,False,None,0,event_bgm_ubsphere_aapiller
8400002,Spot_bgm,Event_stage,107510102,0,False,None,0,event_bgm_ubsphere_aapiller
8400003,Spot_bgm,Event_stage,107510103,0,False,None,0,event_bgm_ubsphere_aapiller
8400004,Spot_bgm,Event_stage,107510104,0,False,None,0,event_bgm_ubsphere_aapiller
8400005,Spot_bgm,Event_stage,107510105,0,False,None,0,event_bgm_ubsphere_aapiller
8400006,Spot_bgm,Event_stage,107510106,0,False,None,0,event_bgm_ubsphere_aapiller
8400007,Spot_bgm,Event_stage,107510107,0,False,None,0,event_bgm_ubsphere_aapiller
8400008,Spot_bgm,Event_stage,107510108,0,False,None,0,event_bgm_ubsphere_aapiller
8400009,Spot_bgm,Event_stage,107510109,0,False,None,0,event_bgm_ubsphere_aapiller
8400010,Spot_bgm,Event_stage,107510110,0,False,None,0,event_bgm_ubsphere_aapiller
8400011,Spot_bgm,Event_stage,107510111,0,False,None,0,event_bgm_ubsphere_aapiller
8400012,Spot_bgm,Event_stage,107510112,0,False,None,0,event_bgm_ubsphere_aapiller
8400013,Spot_bgm,Event_stage,107610101,0,False,None,0,event_bgm_ubsphere_aapiller
8400014,Spot_bgm,Event_stage,107610102,0,False,None,0,event_bgm_ubsphere_aapiller
8400015,Spot_bgm,Event_stage,107610103,0,False,None,0,event_bgm_ubsphere_aapiller
8400016,Spot_bgm,Event_stage,107610104,0,False,None,0,event_bgm_ubsphere_aapiller
8400017,Spot_bgm,Event_stage,107610105,0,False,None,0,event_bgm_ubsphere_aapiller
8400018,Spot_bgm,Event_stage,107610106,0,False,None,0,event_bgm_ubsphere_aapiller
8400019,Spot_bgm,Event_stage,107610107,0,False,None,0,event_bgm_ubsphere_aapiller
8400020,Spot_bgm,Event_stage,107610108,0,False,None,0,event_bgm_ubsphere_aapiller
8400021,Spot_bgm,Event_stage,107610109,0,False,None,0,event_bgm_ubsphere_aapiller
8400022,Spot_bgm,Event_stage,107610110,0,False,None,0,event_bgm_ubsphere_aapiller
8400023,Spot_bgm,Event_stage,107610111,0,False,None,0,event_bgm_ubsphere_aapiller
8400024,Spot_bgm,Event_stage,107610112,0,False,Target_appear,0,bgm_boss_bbg009
8400025,Spot_bgm,Event_stage,107620101,0,False,None,0,event_bgm_ubsphere_aapiller
8400026,Spot_bgm,Event_stage,107620102,0,False,None,0,event_bgm_ubsphere_aapiller
8400027,Spot_bgm,Event_stage,107620103,0,False,None,0,event_bgm_ubsphere_aapiller
8400028,Spot_bgm,Event_stage,107620104,0,False,None,0,event_bgm_ubsphere_aapiller
8400029,Spot_bgm,Event_stage,107620105,0,False,None,0,event_bgm_ubsphere_aapiller
8400030,Spot_bgm,Event_stage,107620106,0,False,None,0,event_bgm_ubsphere_aapiller
8400031,Spot_bgm,Event_stage,107620107,0,False,None,0,event_bgm_ubsphere_aapiller
8400032,Spot_bgm,Event_stage,107620108,0,False,None,0,event_bgm_ubsphere_aapiller
8400033,Spot_bgm,Event_stage,107620109,0,False,None,0,event_bgm_ubsphere_aapiller
8400034,Spot_bgm,Event_stage,107620110,0,False,None,0,event_bgm_ubsphere_aapiller
8400035,Spot_bgm,Event_stage,107620111,0,False,None,0,event_bgm_ubsphere_aapiller
8400036,Spot_bgm,Event_stage,107620112,0,False,Target_appear,0,bgm_boss_bbg009
8410001,Spot_bgm,Event_stage,107910101,0,False,None,0,collab_bgm_sb_battle_nm
8410002,Spot_bgm,Event_stage,107910102,0,False,None,0,collab_bgm_sb_battle_nm
8410003,Spot_bgm,Event_stage,107910103,0,False,None,0,collab_bgm_sb_battle_nm
8410004,Spot_bgm,Event_stage,107910104,0,False,None,0,collab_bgm_sb_battle_nm
8410005,Spot_bgm,Event_stage,107910105,0,False,None,0,collab_bgm_sb_battle_nm
8410006,Spot_bgm,Event_stage,107910106,0,False,None,0,collab_bgm_sb_battle_nm
8410007,Spot_bgm,Event_stage,107910107,0,False,None,0,collab_bgm_sb_battle_nm
8410008,Spot_bgm,Event_stage,107910108,0,False,None,0,collab_bgm_sb_battle_nm
8410009,Spot_bgm,Event_stage,107910109,0,False,None,0,collab_bgm_sb_battle_nm
8410010,Spot_bgm,Event_stage,107910110,0,False,None,0,collab_bgm_sb_battle_nm
8410011,Spot_bgm,Event_stage,107910111,0,False,None,0,collab_bgm_sb_battle_nm
8410012,Spot_bgm,Event_stage,107910112,0,False,None,0,collab_bgm_sb_battle_nm
8410013,Spot_bgm,Event_stage,108010101,0,False,None,0,collab_bgm_sb_battle_nm
8410014,Spot_bgm,Event_stage,108010102,0,False,None,0,collab_bgm_sb_battle_nm
8410015,Spot_bgm,Event_stage,108010103,0,False,None,0,collab_bgm_sb_battle_nm
8410016,Spot_bgm,Event_stage,108010104,0,False,None,0,collab_bgm_sb_battle_nm
8410017,Spot_bgm,Event_stage,108010105,0,False,None,0,collab_bgm_sb_battle_nm
8410018,Spot_bgm,Event_stage,108010106,0,False,None,0,collab_bgm_sb_battle_nm
8410019,Spot_bgm,Event_stage,108010107,0,False,None,0,collab_bgm_sb_battle_nm
8410020,Spot_bgm,Event_stage,108010108,0,False,None,0,collab_bgm_sb_battle_nm
8410021,Spot_bgm,Event_stage,108010109,0,False,None,0,collab_bgm_sb_battle_nm
8410022,Spot_bgm,Event_stage,108010110,0,False,None,0,collab_bgm_sb_battle_nm
8410023,Spot_bgm,Event_stage,108010111,0,False,None,0,collab_bgm_sb_battle_nm
8410024,Spot_bgm,Event_stage,108010112,0,False,None,0,collab_bgm_sb_battle_nm
8410025,Spot_bgm,Event_stage,108010113,0,False,None,0,collab_bgm_sb_battle_nm
8410026,Spot_bgm,Event_stage,108010114,0,False,None,0,collab_bgm_sb_battle_nm
8410027,Spot_bgm,Event_stage,108010115,0,False,Target_appear,0,collab_bgm_sb_boss_xbg002_remix
8410028,Spot_bgm,Event_stage,108020101,0,False,None,0,collab_bgm_sb_battle_nm
8410029,Spot_bgm,Event_stage,108020102,0,False,None,0,collab_bgm_sb_battle_nm
8410030,Spot_bgm,Event_stage,108020103,0,False,None,0,collab_bgm_sb_battle_nm
8410031,Spot_bgm,Event_stage,108020104,0,False,None,0,collab_bgm_sb_battle_nm
8410032,Spot_bgm,Event_stage,108020105,0,False,None,0,collab_bgm_sb_battle_nm
8410033,Spot_bgm,Event_stage,108020106,0,False,None,0,collab_bgm_sb_battle_nm
8410034,Spot_bgm,Event_stage,108020107,0,False,None,0,collab_bgm_sb_battle_nm
8410035,Spot_bgm,Event_stage,108020108,0,False,None,0,collab_bgm_sb_battle_nm
8410036,Spot_bgm,Event_stage,108020109,0,False,None,0,collab_bgm_sb_battle_nm
8410037,Spot_bgm,Event_stage,108020110,0,False,None,0,collab_bgm_sb_battle_nm
8410038,Spot_bgm,Event_stage,108020111,0,False,None,0,collab_bgm_sb_battle_nm
8410039,Spot_bgm,Event_stage,108020112,0,False,None,0,collab_bgm_sb_battle_nm
8410040,Spot_bgm,Event_stage,108020113,0,False,None,0,collab_bgm_sb_battle_nm
8410041,Spot_bgm,Event_stage,108020114,0,False,None,0,collab_bgm_sb_battle_nm
8410042,Spot_bgm,Event_stage,108020115,0,False,Target_appear,0,collab_bgm_sb_boss_xbg002_remix
8430001,Spot_bgm,Event_stage,108210101,0,False,None,0,event_bgm_spot_oblivion
8430002,Spot_bgm,Event_stage,108210102,0,False,None,0,event_bgm_spot_oblivion
8430003,Spot_bgm,Event_stage,108210103,0,False,None,0,event_bgm_spot_oblivion
8430004,Spot_bgm,Event_stage,108210104,0,False,None,0,event_bgm_spot_oblivion
8430005,Spot_bgm,Event_stage,108210105,0,False,None,0,event_bgm_spot_oblivion
8430006,Spot_bgm,Event_stage,108210106,0,False,None,0,event_bgm_spot_oblivion
8430007,Spot_bgm,Event_stage,108210107,0,False,None,0,event_bgm_spot_oblivion
8430008,Spot_bgm,Event_stage,108210108,0,False,None,0,event_bgm_spot_oblivion
8430009,Spot_bgm,Event_stage,108210109,0,False,None,0,event_bgm_spot_oblivion
8430010,Spot_bgm,Event_stage,108210110,0,False,None,0,event_bgm_spot_oblivion
8430011,Spot_bgm,Event_stage,108210111,0,False,None,0,event_bgm_spot_oblivion
8430012,Spot_bgm,Event_stage,108210112,0,False,None,0,event_bgm_spot_oblivion
8430013,Spot_bgm,Event_stage,108210113,0,False,None,0,event_bgm_spot_oblivion
8430014,Spot_bgm,Event_stage,108210114,0,False,None,0,event_bgm_spot_oblivion
8430015,Spot_bgm,Event_stage,108210115,0,False,None,0,event_bgm_spot_oblivion
8430016,Spot_bgm,Event_stage,108310101,0,False,None,0,event_bgm_spot_oblivion
8430017,Spot_bgm,Event_stage,108310102,0,False,None,0,event_bgm_spot_oblivion
8430018,Spot_bgm,Event_stage,108310103,0,False,None,0,event_bgm_spot_oblivion
8430019,Spot_bgm,Event_stage,108310104,0,False,None,0,event_bgm_spot_oblivion
8430020,Spot_bgm,Event_stage,108310105,0,False,None,0,event_bgm_spot_oblivion
8430021,Spot_bgm,Event_stage,108310106,0,False,None,0,event_bgm_spot_oblivion
8430022,Spot_bgm,Event_stage,108310107,0,False,None,0,event_bgm_spot_oblivion
8430023,Spot_bgm,Event_stage,108310108,0,False,None,0,event_bgm_spot_oblivion
8430024,Spot_bgm,Event_stage,108310109,0,False,None,0,event_bgm_spot_oblivion
8430025,Spot_bgm,Event_stage,108310110,0,False,None,0,event_bgm_spot_oblivion
8430026,Spot_bgm,Event_stage,108310111,0,False,None,0,event_bgm_spot_oblivion
8430027,Spot_bgm,Event_stage,108310112,0,False,None,0,event_bgm_spot_oblivion
8430028,Spot_bgm,Event_stage,108310113,0,False,None,0,event_bgm_spot_oblivion
8430029,Spot_bgm,Event_stage,108310114,0,False,None,0,event_bgm_spot_oblivion
8430030,Spot_bgm,Event_stage,108310115,0,False,None,0,event_bgm_spot_oblivion
8430031,Spot_bgm,Event_stage,108310116,0,False,None,0,event_bgm_ce002_boss
8430032,Spot_bgm,Event_stage,108320101,0,False,None,0,event_bgm_spot_oblivion
8430033,Spot_bgm,Event_stage,108320102,0,False,None,0,event_bgm_spot_oblivion
8430034,Spot_bgm,Event_stage,108320103,0,False,None,0,event_bgm_spot_oblivion
8430035,Spot_bgm,Event_stage,108320104,0,False,None,0,event_bgm_spot_oblivion
8430036,Spot_bgm,Event_stage,108320105,0,False,None,0,event_bgm_spot_oblivion
8430037,Spot_bgm,Event_stage,108320106,0,False,None,0,event_bgm_spot_oblivion
8430038,Spot_bgm,Event_stage,108320107,0,False,None,0,event_bgm_spot_oblivion
8430039,Spot_bgm,Event_stage,108320108,0,False,None,0,event_bgm_spot_oblivion
8430040,Spot_bgm,Event_stage,108320109,0,False,None,0,event_bgm_spot_oblivion
8430041,Spot_bgm,Event_stage,108320110,0,False,None,0,event_bgm_spot_oblivion
8430042,Spot_bgm,Event_stage,108320111,0,False,None,0,event_bgm_spot_oblivion
8430043,Spot_bgm,Event_stage,108320112,0,False,None,0,event_bgm_spot_oblivion
8430044,Spot_bgm,Event_stage,108320113,0,False,None,0,event_bgm_spot_oblivion
8430045,Spot_bgm,Event_stage,108320114,0,False,None,0,event_bgm_spot_oblivion
8430046,Spot_bgm,Event_stage,108320115,0,False,None,0,event_bgm_spot_oblivion
8430047,Spot_bgm,Event_stage,108320116,0,False,None,0,event_bgm_ce002_boss
8440001,Spot_bgm,Event_stage,108610101,0,False,None,0,bgm_story_ash
8440002,Spot_bgm,Event_stage,108610102,0,False,None,0,bgm_story_ash
8440003,Spot_bgm,Event_stage,108610103,0,False,None,0,bgm_story_ash
8440004,Spot_bgm,Event_stage,108610104,0,False,None,0,bgm_story_ash
8440005,Spot_bgm,Event_stage,108610105,0,False,None,0,bgm_story_ash
8440006,Spot_bgm,Event_stage,108610106,0,False,None,0,bgm_story_ash
8440007,Spot_bgm,Event_stage,108610107,0,False,None,0,bgm_story_ash
8440008,Spot_bgm,Event_stage,108610108,0,False,None,0,bgm_story_ash
8440009,Spot_bgm,Event_stage,108610109,0,False,None,0,bgm_story_ash
8440010,Spot_bgm,Event_stage,108610110,0,False,None,0,bgm_story_ash
8440011,Spot_bgm,Event_stage,108610111,0,False,None,0,bgm_story_ash
8440012,Spot_bgm,Event_stage,108610112,0,False,None,0,bgm_story_ash
8440013,Spot_bgm,Event_stage,108710101,0,False,None,0,bgm_story_ash
8440014,Spot_bgm,Event_stage,108710102,0,False,None,0,bgm_story_ash
8440015,Spot_bgm,Event_stage,108710103,0,False,None,0,bgm_story_ash
8440016,Spot_bgm,Event_stage,108710104,0,False,None,0,bgm_story_ash
8440017,Spot_bgm,Event_stage,108710105,0,False,None,0,bgm_story_ash
8440018,Spot_bgm,Event_stage,108710106,0,False,None,0,bgm_story_ash
8440019,Spot_bgm,Event_stage,108710107,0,False,None,0,bgm_story_ash
8440020,Spot_bgm,Event_stage,108710108,0,False,None,0,bgm_story_ash
8440021,Spot_bgm,Event_stage,108710109,0,False,None,0,bgm_story_ash
8440022,Spot_bgm,Event_stage,108710110,0,False,None,0,bgm_story_ash
8440023,Spot_bgm,Event_stage,108710111,0,False,None,0,bgm_story_ash
8440024,Spot_bgm,Event_stage,108710112,0,False,None,0,bgm_story_ash
8440025,Spot_bgm,Event_stage,108720101,0,False,None,0,bgm_story_ash
8440026,Spot_bgm,Event_stage,108720102,0,False,None,0,bgm_story_ash
8440027,Spot_bgm,Event_stage,108720103,0,False,None,0,bgm_story_ash
8440028,Spot_bgm,Event_stage,108720104,0,False,None,0,bgm_story_ash
8440029,Spot_bgm,Event_stage,108720105,0,False,None,0,bgm_story_ash
8440030,Spot_bgm,Event_stage,108720106,0,False,None,0,bgm_story_ash
8440031,Spot_bgm,Event_stage,108720107,0,False,None,0,bgm_story_ash
8440032,Spot_bgm,Event_stage,108720108,0,False,None,0,bgm_story_ash
8440033,Spot_bgm,Event_stage,108720109,0,False,None,0,bgm_story_ash
8440034,Spot_bgm,Event_stage,108720110,0,False,None,0,bgm_story_ash
8440035,Spot_bgm,Event_stage,108720111,0,False,None,0,bgm_story_ash
8440036,Spot_bgm,Event_stage,108720112,0,False,None,0,bgm_story_ash
8450001,Spot_bgm,Event_stage,109010101,0,False,None,0,event_bgm_ce007_fanatic
8450002,Spot_bgm,Event_stage,109010102,0,False,None,0,event_bgm_ce007_fanatic
8450003,Spot_bgm,Event_stage,109010103,0,False,None,0,event_bgm_ce007_fanatic
8450004,Spot_bgm,Event_stage,109010104,0,False,None,0,event_bgm_ce007_fanatic
8450005,Spot_bgm,Event_stage,109010105,0,False,None,0,event_bgm_ce007_fanatic
8450006,Spot_bgm,Event_stage,109010106,0,False,None,0,event_bgm_ce007_fanatic
8450007,Spot_bgm,Event_stage,109010107,0,False,None,0,event_bgm_ce007_fanatic
8450008,Spot_bgm,Event_stage,109010108,0,False,None,0,event_bgm_ce007_fanatic
8450009,Spot_bgm,Event_stage,109010109,0,False,None,0,event_bgm_ce007_fanatic
8450010,Spot_bgm,Event_stage,109010110,0,False,None,0,event_bgm_ce007_fanatic
8450011,Spot_bgm,Event_stage,109010111,0,False,None,0,event_bgm_ce007_fanatic
8450012,Spot_bgm,Event_stage,109010112,0,False,None,0,event_bgm_ce007_fanatic
8450013,Spot_bgm,Event_stage,109110101,0,False,None,0,event_bgm_ce007_fanatic
8450014,Spot_bgm,Event_stage,109110102,0,False,None,0,event_bgm_ce007_fanatic
8450015,Spot_bgm,Event_stage,109110103,0,False,None,0,event_bgm_ce007_fanatic
8450016,Spot_bgm,Event_stage,109110104,0,False,None,0,event_bgm_ce007_fanatic
8450017,Spot_bgm,Event_stage,109110105,0,False,None,0,event_bgm_ce007_fanatic
8450018,Spot_bgm,Event_stage,109110106,0,False,None,0,event_bgm_ce007_fanatic
8450019,Spot_bgm,Event_stage,109110107,0,False,None,0,event_bgm_ce007_fanatic
8450020,Spot_bgm,Event_stage,109110108,0,False,None,0,event_bgm_ce007_fanatic
8450021,Spot_bgm,Event_stage,109110109,0,False,None,0,event_bgm_ce007_fanatic
8450022,Spot_bgm,Event_stage,109110110,0,False,None,0,event_bgm_ce007_fanatic
8450023,Spot_bgm,Event_stage,109110111,0,False,None,0,event_bgm_ce007_fanatic
8450024,Spot_bgm,Event_stage,109110112,0,False,Target_appear,0,bgm_boss_bbg009
8450025,Spot_bgm,Event_stage,109120101,0,False,None,0,event_bgm_ce007_fanatic
8450026,Spot_bgm,Event_stage,109120102,0,False,None,0,event_bgm_ce007_fanatic
8450027,Spot_bgm,Event_stage,109120103,0,False,None,0,event_bgm_ce007_fanatic
8450028,Spot_bgm,Event_stage,109120104,0,False,None,0,event_bgm_ce007_fanatic
8450029,Spot_bgm,Event_stage,109120105,0,False,None,0,event_bgm_ce007_fanatic
8450030,Spot_bgm,Event_stage,109120106,0,False,None,0,event_bgm_ce007_fanatic
8450031,Spot_bgm,Event_stage,109120107,0,False,None,0,event_bgm_ce007_fanatic
8450032,Spot_bgm,Event_stage,109120108,0,False,None,0,event_bgm_ce007_fanatic
8450033,Spot_bgm,Event_stage,109120109,0,False,None,0,event_bgm_ce007_fanatic
8450034,Spot_bgm,Event_stage,109120110,0,False,None,0,event_bgm_ce007_fanatic
8450035,Spot_bgm,Event_stage,109120111,0,False,None,0,event_bgm_ce007_fanatic
8450036,Spot_bgm,Event_stage,109120112,0,False,Target_appear,0,bgm_boss_bbg009
8450037,Spot_bgm,Event_stage,109210101,0,False,None,0,event_bgm_goninjathief
8450038,Spot_bgm,Event_stage,109210102,0,False,None,0,event_bgm_goninjathief
8450039,Spot_bgm,Event_stage,109210103,0,False,None,0,event_bgm_goninjathief
8450040,Spot_bgm,Event_stage,109210104,0,False,None,0,event_bgm_goninjathief
8450041,Spot_bgm,Event_stage,109210105,0,False,None,0,event_bgm_goninjathief
8450042,Spot_bgm,Event_stage,109210106,0,False,None,0,event_bgm_goninjathief
8450043,Spot_bgm,Event_stage,109210107,0,False,None,0,event_bgm_goninjathief
8450044,Spot_bgm,Event_stage,109210108,0,False,None,0,event_bgm_goninjathief
8450045,Spot_bgm,Event_stage,109210109,0,False,None,0,event_bgm_goninjathief
8450046,Spot_bgm,Event_stage,109210110,0,False,None,0,event_bgm_goninjathief
8450047,Spot_bgm,Event_stage,109210111,0,False,None,0,event_bgm_goninjathief
8450048,Spot_bgm,Event_stage,109210112,0,False,None,0,event_bgm_goninjathief
8450049,Spot_bgm,Event_stage,109220101,0,False,None,0,event_bgm_goninjathief
8450050,Spot_bgm,Event_stage,109220102,0,False,None,0,event_bgm_goninjathief
8450051,Spot_bgm,Event_stage,109220103,0,False,None,0,event_bgm_goninjathief
8450052,Spot_bgm,Event_stage,109220104,0,False,None,0,event_bgm_goninjathief
8450053,Spot_bgm,Event_stage,109220105,0,False,None,0,event_bgm_goninjathief
8450054,Spot_bgm,Event_stage,109220106,0,False,None,0,event_bgm_goninjathief
8450055,Spot_bgm,Event_stage,109220107,0,False,None,0,event_bgm_goninjathief
8450056,Spot_bgm,Event_stage,109220108,0,False,None,0,event_bgm_goninjathief
8450057,Spot_bgm,Event_stage,109220109,0,False,None,0,event_bgm_goninjathief
8450058,Spot_bgm,Event_stage,109220110,0,False,None,0,event_bgm_goninjathief
8450059,Spot_bgm,Event_stage,109220111,0,False,None,0,event_bgm_goninjathief
8450060,Spot_bgm,Event_stage,109220112,0,False,None,0,event_bgm_goninjathief
9000001,Outgame_bgm,Jukebox_lobby,6028,0,True,None,0,
9000002,Outgame_bgm,Jukebox_lobby,6029,0,True,None,0,
9000003,Outgame_bgm,Jukebox_lobby,6012,0,True,None,0,
9000004,Outgame_bgm,Jukebox_lobby,6036,0,True,None,0,
9000005,Outgame_bgm,Jukebox_lobby,6034,0,True,None,0,
9000006,Outgame_bgm,None,7007,0,True,None,0,bgm_menu_outpost_2025
9000007,Outgame_bgm,Jukebox_commandcenter,2000,0,True,None,0,
9000008,Outgame_bgm,Jukebox_commandcenter,2001,0,True,None,0,
9000012,Outgame_bgm,Jukebox_commandcenter,2002,0,True,None,0,
9000013,Outgame_bgm,None,22001,0,True,None,0,bgm_spot_standalone_b
9000014,Outgame_bgm,None,21001,0,True,None,0,bgm_menu_soloraid
9000015,Outgame_bgm,None,21101,0,True,None,0,bgm_menu_museum
9000016,Outgame_bgm,None,21102,0,True,None,0,bgm_menu_museum
9600001,Outgame_bgm,None,15100,0,True,None,0,event_bgm_bunny777
9600002,Outgame_bgm,None,15101,0,True,None,0,event_bgm_bunny777
9500001,Outgame_bgm,Gacha,0,0,True,None,0,bgm_menu_lobby
9500002,Outgame_bgm,Gacha,103,0,False,None,0,event_bgm_modernia
9500003,Outgame_bgm,Gacha,108,0,False,None,0,event_bgm_weaponxweapon
9500004,Outgame_bgm,Gacha,109,0,False,None,0,event_bgm_weaponxweapon
9500006,Outgame_bgm,Gacha,135,0,False,None,0,event_bgm_camellia_loop
9500007,Outgame_bgm,Gacha,145,0,False,None,0,event_bgm_lastkingdom_theclarioncall_inst
9500008,Outgame_bgm,Gacha,10019,0,False,None,0,event_bgm_camellia_loop
9500009,Outgame_bgm,Gacha,10020,0,False,None,0,event_bgm_footstepwalkrun_2
9000009,Outgame_bgm,None,6008,0,True,None,0,bgm_menu_ark
9990002,Outgame_bgm,None,70002,0,True,None,0,bgm_menu_realkindness
9990003,Outgame_bgm,None,70003,0,True,None,0,bgm_menu_realkindness
9990004,Outgame_bgm,None,70004,0,True,None,0,bgm_menu_heretic
9990005,Outgame_bgm,None,70005,0,True,None,0,bgm_menu_heretic
9990006,Outgame_bgm,None,2030,0,True,None,0,bgm_menu_sidestory
9010001,Outgame_bgm,None,6047,0,True,None,0,bgm_menu_tower_a
9010002,Outgame_bgm,None,6035,0,True,None,0,bgm_menu_tower_a
9010005,Outgame_bgm,None,6031,0,True,None,0,bgm_menu_ark
9100001,Outgame_bgm,None,13000,0,True,None,0,bgm_menu_arena
9100002,Outgame_bgm,None,6000,0,True,None,0,bgm_menu_arena
9100003,Outgame_bgm,None,13001,0,True,None,0,bgm_menu_arena
9100004,Outgame_bgm,None,,0,True,None,0,bgm_menu_arena
9100101,Arena_bgm,ArenaNormal,0,0,True,None,0,bgm_menu_arenabattle
9100102,Arena_bgm,ArenaSpecial,0,0,True,None,0,bgm_menu_arenabattle
9020001,Outgame_bgm,None,15003,0,True,None,0,bgm_disaster
9020002,Outgame_bgm,None,16001,0,True,None,0,bgm_chapter32_spot_darkmatter_b
9020003,Outgame_bgm,None,15003,30016,False,None,0,event_bgm_stormfield
9020004,Outgame_bgm,None,15003,30017,False,None,0,event_bgm_stormfield
9020005,Outgame_bgm,None,15003,30018,False,None,0,event_bgm_stormfield
9020006,Outgame_bgm,None,15003,30046,False,None,0,event_bgm_ce004_nereculepas
9020007,Outgame_bgm,None,15003,30047,False,None,0,event_bgm_ce004_nereculepas
9020008,Outgame_bgm,None,15003,30048,False,None,0,event_bgm_ce004_nereculepas
9020009,Outgame_bgm,None,24000,0,True,None,0,bgm_story_alittlestar
9030001,Outgame_bgm,None,6059,0,True,None,0,bgm_menu_interception
9030002,Outgame_bgm,None,6060,0,True,None,0,bgm_menu_interception
9030003,Outgame_bgm,None,6061,0,True,None,0,bgm_menu_interception
9030004,Outgame_bgm,None,6062,0,True,None,0,bgm_menu_interception
9030005,Outgame_bgm,None,6067,0,True,None,0,bgm_menu_interception
9910101,Story_event_bgm,None,10001,0,True,None,0,bgm_menu_shop
9910201,Story_event_bgm,None,10002,0,True,None,0,event_bgm_laplace_main
9910202,Outgame_bgm,None,40001,80500,True,None,0,event_bgm_laplace
9910301,Event_field_bgm,None,10001,0,True,None,0,event_bgm_2022winter
9910302,Event_field_bgm,None,100105,0,False,None,0,event_bgm_2022winter_complete
9910303,Outgame_bgm,None,60001,80105,True,None,0,event_bgm_2022winter_minigame_main
9910304,Outgame_bgm,None,60003,80105,True,None,0,event_bgm_2022winter_minigame_main
9910305,Ambient,Event_field,10001,0,True,None,0,ambient_chapter_2
9910401,Story_event_bgm,None,10005,0,True,None,0,event_bgm_modernia
9910402,Story_event_bgm,None,10006,0,True,None,0,bgm_theruinedcity
9910403,Story_event_bgm,None,10007,0,True,None,0,event_bgm_valentine
9910404,Event_field_bgm,None,10002,0,True,None,0,event_bgm_weaponxweapon
9910405,Story_event_bgm,None,10010,0,True,None,0,event_bgm_bwparadise
9910406,Story_event_bgm,None,10011,0,True,None,0,event_bgm_cherryblossom
9910407,Story_event_bgm,None,10012,0,True,None,0,event_bgm_ltk
9910501,Event_field_bgm,None,10003,0,True,None,0,event_bgm_overzone
9910502,Ambient,Event_field,10003,0,True,None,0,ambient_chapter_overzone
9910503,Event_field_bgm,None,100308,0,False,None,0,event_bgm_satellites
9910504,Outgame_bgm,None,41001,0,True,None,0,bgm_story_thepilgrimacv
9910505,Outgame_bgm,None,41002,0,True,None,0,bgm_story_thepilgrimacv
9910506,Outgame_bgm,None,41003,0,True,None,0,bgm_story_thepilgrimacv
9910507,Outgame_bgm,None,41004,0,True,None,0,bgm_story_thepilgrimacv
9910508,Outgame_bgm,None,41009,0,True,None,0,bgm_story_thepilgrimacv
9910509,Outgame_bgm,None,41010,0,True,None,0,bgm_story_thepilgrimacv
9910510,Event_field_bgm,None,1010003,0,True,None,0,event_bgm_overzone
9910511,Ambient,Event_field,1010003,0,True,None,0,ambient_chapter_overzone
9910512,Event_field_bgm,None,10100307,0,False,None,0,event_bgm_satellites
9910513,Outgame_bgm,None,60001,0,True,None,0,event_bgm_2022winter_minigame_main
9910514,Outgame_bgm,None,60003,0,True,None,0,event_bgm_2022winter_minigame_main
9911001,Event_field_bgm,None,100533,0,True,None,0,event_bgm_soplayful
9911002,Event_field_bgm,None,100535,0,False,None,0,event_bgm_summerseaside
9911004,Event_field_bgm,None,100537,0,False,None,0,event_bgm_stormfield
9911006,Event_field_bgm,None,100539,0,False,None,0,event_bgm_summerseaside
9911008,Event_field_bgm,None,100541,0,False,None,0,event_bgm_soplayful
9911010,Event_field_bgm,None,100543,0,False,None,0,event_bgm_stormfield
9911011,Event_field_bgm,None,100545,0,False,None,0,event_bgm_summerseaside
9911012,Ambient,Event_field,100534,0,True,None,0,ambient_chapter_bluewaterisland
9911013,Ambient,Event_field,100535,0,False,None,0,ambient_chapter_summernight
9911014,Ambient,Event_field,100537,0,False,None,0,ambient_chapter_storm
9911015,Ambient,Event_field,100539,0,False,None,0,ambient_chapter_summernight
9911016,Ambient,Event_field,100541,0,False,None,0,ambient_chapter_bluewaterisland
9911017,Ambient,Event_field,100543,0,False,None,0,ambient_chapter_storm
9911018,Ambient,Event_field,100545,0,False,None,0,ambient_chapter_summernight
9910408,Story_event_bgm,None,10015,0,True,None,0,event_bgm_bunny777
9910409,Story_event_bgm,None,10016,0,True,None,0,event_bgm_queensorder
9910601,Event_field_bgm,None,10004,0,True,None,0,event_bgm_bluewaterisland
9110602,Ambient,Event_field,10004,0,True,None,0,ambient_chapter_bluewaterisland
8310603,Outgame_bgm,None,40001,80403,True,None,0,event_bgm_bluewater_minigame
9910410,Story_event_bgm,None,10022,0,True,None,0,event_bgm_lovelylonelycat
9910411,Story_event_bgm,None,10023,0,True,None,0,event_bgm_goldenship
9910701,Event_field_bgm,None,10005,0,True,None,0,event_bgm_soplayful
9910702,Event_field_bgm,None,100502,0,False,None,0,event_bgm_stormfield
9910703,Event_field_bgm,None,100505,0,False,None,0,event_bgm_soplayful
9910704,Event_field_bgm,None,100508,0,False,None,0,event_bgm_summerseaside_inst
9910705,Event_field_bgm,None,100511,0,False,None,0,event_bgm_stormfield
9910706,Event_field_bgm,None,100514,0,False,None,0,event_bgm_soplayful
9910707,Event_field_bgm,None,100517,0,False,None,0,event_bgm_summerseaside
9910708,Event_field_bgm,None,100520,0,False,None,0,event_bgm_stormfield
9910709,Event_field_bgm,None,100523,0,False,None,0,event_bgm_soplayful
9910710,Event_field_bgm,None,100526,0,False,None,0,event_bgm_summerseaside
9910711,Story_event_bgm,None,10024,0,True,None,0,event_bgm_summerseaside_inst
9910712,Story_event_bgm,None,10025,0,True,None,0,event_bgm_stormfield
9910713,Outgame_bgm,None,80001,0,True,None,0,event_bgm_bbq_minigame_title
9910714,Outgame_bgm,None,80002,0,True,None,0,event_bgm_bbq_minigame_main
9910715,Outgame_bgm,None,80003,0,True,None,0,event_bgm_bbq_minigame_title
9910716,Ambient,Event_field,10005,0,True,None,0,ambient_chapter_summernight
9910717,Ambient,Event_field,100502,0,False,None,0,ambient_chapter_storm
9910718,Ambient,Event_field,100505,0,False,None,0,ambient_chapter_bluewaterisland
9910719,Ambient,Event_field,100508,0,False,None,0,ambient_chapter_summernight
9910720,Ambient,Event_field,100511,0,False,None,0,ambient_chapter_storm
9910721,Ambient,Event_field,100514,0,False,None,0,ambient_chapter_bluewaterisland
9910722,Ambient,Event_field,100517,0,False,None,0,ambient_chapter_summernight
9910723,Ambient,Event_field,100520,0,False,None,0,ambient_chapter_storm
9910724,Ambient,Event_field,100523,0,False,None,0,ambient_chapter_bluewaterisland
9910725,Ambient,Event_field,100526,0,False,None,0,ambient_chapter_summernight
9910801,Event_field_bgm,None,10021,0,True,None,0,event_bgm_ce002_field
9910802,Event_field_bgm,None,102103,0,False,None,0,event_bgm_ce002_story_2
9910803,Ambient,Event_field,10021,0,True,None,0,ambient_chapter_1
9910412,Story_event_bgm,None,10028,0,True,None,0,event_bgm_schooloflock
9910413,Story_event_bgm,None,10029,0,True,None,0,event_bgm_dazzlingcupid
9910414,Story_event_bgm,None,10030,0,True,None,0,event_bgm_acpufreeze
9910901,Event_field_bgm,None,10007,0,True,None,0,event_bgm_redash_goddesssquadready
9910902,Ambient,Event_field,10007,0,True,None,0,ambient_redash_1
9910903,Ambient,Event_field,100703,0,False,None,0,ambient_redash_2
9910904,Ambient,Event_field,100706,0,False,None,0,ambient_redash_2
9910905,Ambient,Event_field,100708,0,False,None,0,ambient_redash_2
9910906,Ambient,Event_field,100710,0,False,None,0,ambient_redash_2
9910907,Ambient,Event_field,100711,0,False,None,0,ambient_redash_1
9910908,Ambient,Event_field,100712,0,False,None,0,ambient_redash_1
9910909,Ambient,Event_field,100715,0,False,None,0,ambient_redash_1
9910910,Ambient,Event_field,100716,0,False,None,0,ambient_redash_1
9910911,Ambient,Event_field,100717,0,False,None,0,ambient_redash_1
9910912,Ambient,Event_field,100719,0,False,None,0,ambient_redash_1
9910913,Ambient,Event_field,100721,0,False,None,0,ambient_redash_2
9910914,Ambient,Event_field,100722,0,False,None,0,ambient_redash_2
9910915,Ambient,Event_field,100724,0,False,None,0,ambient_redash_1
9910916,Ambient,Event_field,100725,0,False,None,0,ambient_redash_1
9910917,Ambient,Event_field,100727,0,False,None,0,ambient_redash_1
9910920,Outgame_bgm,None,42001,0,True,None,0,event_bgm_redash_minigame_title
9910921,Outgame_bgm,None,42002,0,True,None,0,event_bgm_redash_minigame_title
9910415,Story_event_bgm,None,10033,0,True,None,0,event_bgm_alonesurvivor
9901001,Event_field_bgm,None,10008,0,True,None,0,event_bgm_inneverland_1
9901002,Ambient,Event_field,10008,0,True,None,0,ambient_neverland_1
9901003,Event_field_bgm,None,100802,0,False,None,0,event_bgm_inneverland_2
9901004,Event_field_bgm,None,100803,0,False,None,0,event_bgm_inneverland_1
9910416,Story_event_bgm,None,10036,0,True,None,0,event_bgm_camellia
9910417,Story_event_bgm,None,10037,0,True,None,0,event_bgm_lionheart
9910418,Story_event_bgm,None,10038,0,True,None,0,event_bgm_dirtybackyard
9910419,Story_event_bgm,None,10039,0,True,None,0,event_bgm_perfectmaid
9910420,Outgame_bgm,None,60101,81000,True,None,0,event_bgm_perfectmaid_minimain
9910421,Outgame_bgm,None,60103,81000,True,None,0,event_bgm_perfectmaid_minimain
9910422,Story_event_bgm,None,10040,0,True,None,0,event_bgm_boomsday
9912011,Event_field_bgm,None,10009,0,True,None,0,event_bgm_ce003_main
9912012,Ambient,Event_field,10009,0,True,None,0,ambient_ce003
9912013,Outgame_bgm,None,91002,81101,True,None,0,event_bgm_ce003_minimain
9912014,Outgame_bgm,None,91003,81101,True,None,0,event_bgm_ce003_minimain
9912015,Outgame_bgm,None,91005,81101,True,None,0,event_bgm_ce003_minimain
9912016,Outgame_bgm,None,91001,81101,True,None,0,event_bgm_ce003_minigame
9910423,Story_event_bgm,None,10043,0,True,None,0,event_bgm_killthelord
9910424,Story_event_bgm,None,10044,0,True,None,0,event_bgm_onemoretime
9913001,Event_field_bgm,None,10010,0,True,None,0,event_bgm_lastkingdom_lastkingdom
9913002,Ambient,Event_field,10010,0,True,None,0,ambient_lastkingdom_1
9913003,Event_field_bgm,None,101003,0,False,None,0,event_bgm_lastkingdom_tothelast
9913004,Ambient,Event_field,101003,0,False,None,0,ambient_lastkingdom_2
9913005,Event_field_bgm,None,101004,0,False,None,0,event_bgm_lastkingdom_lastkingdom
9913006,Ambient,Event_field,101004,0,False,None,0,ambient_lastkingdom_1
9913007,Event_field_bgm,None,101005,0,False,None,0,event_bgm_lastkingdom_tothelast
9913008,Ambient,Event_field,101005,0,False,None,0,ambient_lastkingdom_2
9913009,Event_field_bgm,None,101006,0,False,None,0,event_bgm_lastkingdom_lastkingdom
9913010,Ambient,Event_field,101006,0,False,None,0,ambient_lastkingdom_1
9913011,Event_field_bgm,None,101007,0,False,None,0,event_bgm_lastkingdom_tothelast
9913012,Ambient,Event_field,101007,0,False,None,0,ambient_lastkingdom_2
9913013,Event_field_bgm,None,101008,0,False,None,0,event_bgm_lastkingdom_tothelast
9913014,Ambient,Event_field,101008,0,False,None,0,ambient_lastkingdom_3
9913015,Event_field_bgm,None,101010,0,False,None,0,event_bgm_lastkingdom_lastkingdom
9913016,Ambient,Event_field,101010,0,False,None,0,ambient_lastkingdom_1
9913017,Event_field_bgm,None,101011,0,False,None,0,event_bgm_lastkingdom_tothelast
9913018,Ambient,Event_field,101011,0,False,None,0,ambient_lastkingdom_3
9913019,Event_field_bgm,None,101012,0,False,None,0,event_bgm_lastkingdom_lastkingdom
9913020,Ambient,Event_field,101012,0,False,None,0,ambient_lastkingdom_1
9913021,Outgame_bgm,None,44005,0,True,None,0,event_bgm_lastkingdom_lastkingdom
9910425,Story_event_bgm,None,10047,0,True,None,0,event_bgm_darkhero
9914001,Event_field_bgm,None,10011,0,True,None,0,event_bgm_goldcoinrush
9914002,Ambient,Event_field,10011,0,True,None,0,ambient_goldencoinrush
9914003,Outgame_bgm,None,100009,0,True,None,0,event_bgm_goldcoinrush_mini_main
9914004,Outgame_bgm,None,100006,0,True,None,0,event_bgm_goldcoinrush_mini_main
9910426,Story_event_bgm,None,10050,0,True,None,0,event_bgm_claymore
9915001,Event_field_bgm,None,10012,0,True,None,0,event_bgm_beautyfullshot_setsail
9915002,Ambient,Event_field,10012,0,True,None,0,ambient_beautyfullshot_day
9915003,Event_field_bgm,None,101203,0,False,None,0,event_bgm_beautyfullshot_setsail
9915004,Ambient,Event_field,101203,0,False,None,0,ambient_beautyfullshot_day
9915005,Event_field_bgm,None,101204,0,False,None,0,event_bgm_beautyfullshot_setsail
9915006,Ambient,Event_field,101204,0,False,None,0,ambient_beautyfullshot_day
9915007,Event_field_bgm,None,101205,0,False,None,0,event_bgm_beautyfullshot_midnightmemories
9915008,Ambient,Event_field,101205,0,False,None,0,ambient_beautyfullshot_night
9915009,Event_field_bgm,None,101206,0,False,None,0,event_bgm_beautyfullshot_setsail
9915010,Ambient,Event_field,101206,0,False,None,0,ambient_beautyfullshot_day
9915011,Event_field_bgm,None,101207,0,False,None,0,event_bgm_beautyfullshot_midnightmemories
9915012,Ambient,Event_field,101207,0,False,None,0,ambient_beautyfullshot_night
9915013,Event_field_bgm,None,101208,0,False,None,0,event_bgm_beautyfullshot_setsail
9915014,Ambient,Event_field,101208,0,False,None,0,ambient_beautyfullshot_day
9915015,Event_field_bgm,None,101209,0,False,None,0,event_bgm_beautyfullshot_midnightmemories
9915016,Ambient,Event_field,101209,0,False,None,0,ambient_beautyfullshot_night
9915017,Event_field_bgm,None,101210,0,False,None,0,event_bgm_beautyfullshot_setsail
9915018,Ambient,Event_field,101210,0,False,None,0,ambient_beautyfullshot_day
9915019,Event_field_bgm,None,101211,0,False,None,0,event_bgm_beautyfullshot_midnightmemories
9915020,Ambient,Event_field,101211,0,False,None,0,ambient_beautyfullshot_night
9915021,Event_field_bgm,None,101212,0,False,None,0,event_bgm_beautyfullshot_setsail
9915022,Ambient,Event_field,101212,0,False,None,0,ambient_beautyfullshot_day
9910427,Story_event_bgm,None,10053,0,True,None,0,event_bgm_juveniledays_inst
9910428,Story_event_bgm,None,10054,0,True,None,0,event_bgm_colorless
9916011,Event_field_bgm,None,10013,0,True,None,0,event_bgm_juveniledays_inst
9916012,Ambient,Event_field,10013,0,True,None,0,ambient_ce004_normal
9916013,Event_field_bgm,None,201311201,0,False,None,0,event_bgm_ce004_nouvellesortie
9916014,Event_field_bgm,None,201311301,0,False,None,0,event_bgm_ce004_nereculepas
9916015,Event_field_bgm,None,201311401,0,False,None,0,event_bgm_juveniledays_inst
9916016,Outgame_bgm,None,110004,81501,True,None,0,event_bgm_ce004_minigame_title
9916017,Story_event_bgm,None,10055,0,True,None,0,event_bgm_ce004_compte
9916018,Story_event_bgm,None,10056,0,True,None,0,event_bgm_ce004_nouvellesortie
9916019,Story_event_bgm,None,10057,0,True,None,0,event_bgm_ce004_nereculepas
9910429,Story_event_bgm,None,10058,0,True,None,0,event_bgm_jinxplayer
9910430,Story_event_bgm,None,10059,0,True,None,0,event_bgm_phantomthief
9910431,Story_event_bgm,None,10060,0,True,None,0,event_bgm_lifeagain
9916001,Event_field_bgm,None,10016,0,True,None,0,event_bgm_oldtales_firstpage
9916002,Ambient,Event_field,10016,0,True,None,0,ambient_oldtales
9916003,Event_field_bgm,None,101603,0,False,None,0,event_bgm_oldtales_mirror
9916004,Event_field_bgm,None,101605,0,False,None,0,event_bgm_oldtales_alongwait
9916005,Event_field_bgm,None,101607,0,False,None,0,event_bgm_oldtales_orgel_1
9916006,Event_field_bgm,None,101609,0,False,None,0,event_bgm_oldtales_orgel_2
9910432,Story_event_bgm,None,10063,0,True,None,0,event_bgm_secretgarden
9917001,Event_field_bgm,None,10017,0,True,None,0,event_bgm_icedragonsaga_title
9917002,Ambient,Event_field,10017,0,True,None,0,ambient_icedragonsaga
9917003,Event_field_bgm,None,201708601,0,False,None,0,event_bgm_icedragonsaga_christmas
9917004,Outgame_bgm,None,130001,0,True,None,0,event_bgm_icedragon_ddr_title
9910433,Story_event_bgm_set,None,footstepwalkrun_part1,0,True,None,0,event_bgm_footstepwalkrun_1
9910434,Story_event_bgm_set,None,footstepwalkrun_part2,0,True,None,0,event_bgm_risinghigher
9910435,Story_event_bgm,None,10068,0,True,None,0,event_bgm_wisdomspring
9910436,Story_event_bgm,None,10069,0,True,None,0,event_bgm_romanticvalentine
9910437,Outgame_bgm,None,140002,0,True,None,0,event_bgm_romanticvalentine_minigame_main
9910438,Outgame_bgm,None,140003,0,True,None,0,event_bgm_romanticvalentine_minigame_main
9910439,Outgame_bgm,None,140005,0,True,None,0,event_bgm_romanticvalentine_minigame_main
9910440,Outgame_bgm,None,140001,0,True,None,0,event_bgm_romanticvalentine_minigame_loop
9910441,Outgame_bgm,Arcade,60101,1005,True,None,0,event_bgm_perfectmaid_minimain
9910442,Outgame_bgm,Arcade,60103,1005,True,None,0,event_bgm_perfectmaid_minimain
9918001,Event_field_bgm,None,10018,0,True,None,0,event_bgm_ce005_field_1
9918002,Ambient,Event_field,10018,0,True,None,0,ambient_ce005_1
9918003,Event_field_bgm,None,101804,0,False,None,0,event_bgm_ce005_field_2
9918004,Ambient,Event_field,101804,0,False,None,0,ambient_ce005_2
9918005,Outgame_bgm,None,800010,0,True,None,0,event_bgm_ce005_minimain
9918006,Event_field_bgm,None,101805,0,False,None,0,event_bgm_ce005_beforedawn_loop
9918007,Ambient,Event_field,101805,0,False,None,0,ambient_ce005_1
9910443,Story_event_bgm,None,10072,0,True,None,0,event_bgm_forrest
9910444,Story_event_bgm,None,10073,0,True,None,0,event_bgm_newflavor
9910445,Story_event_bgm,None,10074,0,True,None,0,event_bgm_trueflavor
9910446,Event_field_bgm,None,10019,0,True,None,0,event_bgm_ubsphere_waterdrop
9910447,Ambient,Event_field,10019,0,True,None,0,ambient_ubsphere_1
9910448,Outgame_bgm,None,45004,0,True,None,0,event_bgm_ubsphere_bbm_main
9910449,Event_field_bgm,None,101903,0,False,None,0,event_bgm_ubsphere_blackspace
9910450,Ambient,Event_field,101903,0,False,None,0,ambient_ubsphere_2
9910451,Event_field_bgm,None,101904,0,False,None,0,event_bgm_ubsphere_blackspace
9910452,Ambient,Event_field,101904,0,False,None,0,ambient_ubsphere_3
9910453,Event_field_bgm,None,101908,0,False,None,0,event_bgm_ubsphere_unbreakablesphere_inst
9910454,Ambient,Event_field,101908,0,False,None,0,ambient_ubsphere_1
9910455,Story_event_bgm,None,10077,0,True,None,0,event_bgm_arcanearchive
9910456,Story_event_bgm,None,10078,0,True,None,0,event_bgm_lordforjustice
9912001,Event_field_bgm,None,10020,0,True,None,0,collab_bgm_sb_field_floodedcs_inst
9912002,Ambient,Event_field,10020,0,True,None,0,ambient_ce006
9912003,Event_field_bgm,None,102002,0,False,None,0,collab_bgm_sb_field_floodedcs
9912004,Event_field_bgm,None,102004,0,False,None,0,collab_bgm_sb_everglow
9912005,Outgame_bgm,None,170001,0,True,None,0,collab_bgm_sb_menu_shelter
9912006,Outgame_bgm,None,170002,0,True,None,0,collab_bgm_sb_menu_bosschallenge
9910457,Story_event_bgm,None,10081,0,True,None,0,event_bgm_overthehorizon
9910458,Event_field_bgm,None,10024,0,True,None,0,bgm_story_littlehauntedwaltz
9910459,Ambient,Event_field,10024,0,True,None,0,ambient_btg_ghost
9910460,Event_field_bgm,None,202408903,0,False,None,0,bgm_story_spookaboo
9910461,Event_field_bgm,None,202409002,0,False,None,0,event_bgm_boomtheghost_2
9910462,Ambient,Event_field,202409002,0,False,None,0,ambient_btg
9910463,Event_field_bgm,None,202409003,0,False,None,0,bgm_story_littlehauntedwaltz
9910464,Outgame_bgm,None,180001,0,True,None,0,event_bgm_btg_mini_title
9910465,Story_event_bgm_set,None,absolute_part1,0,True,None,0,event_bgm_absolute_1
9910466,Story_event_bgm_set,None,absolute_part2,0,True,None,0,event_bgm_absolute_2
9910467,Event_field_bgm,None,10025,0,True,None,0,event_bgm_coinsinrush
9910468,Ambient,Event_field,10025,0,True,None,0,ambient_goldencoinrush
9910469,Outgame_bgm,None,190001,0,True,None,0,event_bgm_mir_title
9910470,Outgame_bgm,None,190004,0,True,None,0,event_bgm_mir_title
9910471,Event_field_bgm,None,10026,0,True,None,0,event_bgm_ce007_field
9910472,Ambient,Event_field,10026,0,True,None,0,ambient_ce007
9910473,Outgame_bgm,None,210008,0,True,None,0,event_bgm_ce007_mg_title
9910474,Story_event_bgm,None,10092,0,True,None,0,event_bgm_goninjathief
