id,versiongroup,groupid,subgroupid,isshow,clearedstageid,closestageid,triggervalue,triggervalueextrakey,closevalue,closevalueextrakey,charresourceid,title_textlocale,textlocale,textlocation,background,fieldmovingroutecontrol,hiddenitemmarkresource,unmaskcontrol,unmasktextlocale,unmaskinputcontrol,nextid,savetutorial,reconnectiontutorialid,reconnectiontriggervalue,skipbuttoncontrol,addonresource/0/name,addonresource/0/value,markhiddenitemid/0/name,markhiddenitemid/0/value,unmaskkeylist/0/name,unmaskkeylist/0/value,unmaskkeylist/1/name,unmaskkeylist/1/value,unmaskkeylist/2/name,unmaskkeylist/2/value,unmaskkeylist/3/name,unmaskkeylist/3/value,unmaskkeylist/4/name,unmaskkeylist/4/value
1000011,1,1000,None,True,6000001,6000002,EnterField,,EncounterMonster,,si_c013_00_s,Locale_Tutorial:field_tuto01_01_title,Locale_Tutorial:field_tuto01_01_description,Top,0,True,,False,,True,1000021,True,1000021,None,False,addonresource,fx_f_move_line_tuto_01,,,,,,,,,,,,
1000021,1,1000,None,True,6000001,6000002,EnterCampaignStageSelectView,,TouchBattleEntry,,si_c013_00_s,Locale_Tutorial:field_tuto01_02_title,Locale_Tutorial:field_tuto01_02_description,Top,1,False,,True,,True,1000031,False,0,EnterCampaignStageSelectView,True,addonresource,None,,,unmaskkeylist,tuto_battle_enter,,,,,,,,
1000031,1,1000,None,False,6000001,6000002,EnterStageClearView,,EncounterStageClear,,,,,None,0,False,,False,,True,0,True,0,None,False,addonresource,None,,,,,,,,,,,,
1010011,1,1010,None,True,6000002,6000003,EnterField,,EncounterMonster,,,,,None,0,True,,False,,True,1010021,True,1010021,None,False,addonresource,fx_f_move_line_tuto_02,,,,,,,,,,,,
1010021,1,1010,None,True,6000002,6000003,EnterCampaignStageSelectView,,TouchBattleEntry,,,,,None,1,False,,True,,True,1010031,False,0,None,True,addonresource,None,,,unmaskkeylist,tuto_battle_enter,,,,,,,,
1010031,1,1010,None,False,6000002,6000003,EnterStageClearView,,EncounterStageClear,,,,,None,0,False,,False,,True,0,True,0,None,False,addonresource,None,,,,,,,,,,,,
1020011,1,1020,None,True,6000003,6001001,EnterChapter1FieldStart,,EnterChapter1,,,,,None,0,False,,True,,False,1020021,True,1020011,EnterChapter1FieldStart,True,addonresource,None,,,,,,,,,,,,
1020021,1,1020,None,True,6000003,6001001,EnterChapter1,,None,,si_c013_00_s,Locale_Tutorial:field_mission_01_title,Locale_Tutorial:field_mission_01_description,Bottom,1,False,,True,,True,1020031,False,0,None,True,addonresource,None,,,,,,,,,,,,
1020031,1,1020,None,True,6000003,6001001,None,,EnterMissionPopup,,,,,None,1,False,,True,,True,1020041,False,0,None,True,addonresource,None,,,unmaskkeylist,field_tuto02_02,,,,,,,,
1020041,1,1020,None,True,6000003,6001001,EnterMissionPopup,,None,,si_c013_00_s,Locale_Tutorial:field_mission_02_title,Locale_Tutorial:field_mission_02_description,Bottom,1,False,,True,,False,1020051,False,0,None,True,addonresource,None,,,,,,,,,,,,
1020051,1,1020,None,True,6000003,6001001,None,,None,,si_c013_00_s,Locale_Tutorial:field_mission_03_title,Locale_Tutorial:field_mission_03_description,Bottom,1,False,,True,,False,1020061,False,0,None,True,addonresource,None,,,unmaskkeylist,field_tuto_mission_03,,,,,,,,
1020061,1,1020,None,True,6000003,6001001,None,,TouchMainMissionTab,,si_c013_00_s,Locale_Tutorial:field_mission_04_title,Locale_Tutorial:field_mission_04_description,Bottom,1,False,,True,,True,1020071,False,0,None,True,addonresource,None,,,unmaskkeylist,field_tuto_mission_04,,,,,,,,
1020071,1,1020,None,True,6000003,6001001,TouchMainMissionTab,,None,,si_c013_00_s,Locale_Tutorial:field_mission_05_title,Locale_Tutorial:field_mission_05_description,Bottom,1,False,,True,,False,1020081,False,0,None,True,addonresource,None,,,,,,,,,,,,
1020081,1,1020,None,True,6000003,6001001,None,,TouchAllReceiveButton,,,,,None,1,False,,True,,True,1020091,True,1,None,True,addonresource,None,,,unmaskkeylist,tuto_all_receive_button,,,,,,,,
1020091,1,1020,None,True,6000003,6001001,CloseRewardPopup,,None,,si_c013_00_s,Locale_Tutorial:field_mission_06_title,Locale_Tutorial:field_mission_06_description,Top,1,False,,True,,True,1020101,False,0,None,True,addonresource,None,,,,,,,,,,,,
1020101,1,1020,None,True,6000003,6001001,None,,TouchMissionPopupCloseButton,,si_c013_00_s,Locale_Tutorial:field_mission_07_title,Locale_Tutorial:field_mission_07_description,Bottom,1,False,,True,,True,0,True,1,None,True,addonresource,None,,,unmaskkeylist,tuto_mission_close_button_touch,,,,,,,,
102101,0,1021,None,True,6001001,6001002,OnHintRing,,None,,si_c013_00_s,Locale_Tutorial:field_hint_ring_01_title,Locale_Tutorial:field_hint_ring_01_description,Bottom,0,False,,True,,False,102102,True,102101,OnHintRing,True,addonresource,None,,,,,,,,,,,,
102102,0,1021,None,True,6001001,6001002,None,,None,,si_c013_00_s,Locale_Tutorial:field_hint_ring_01_title,Locale_Tutorial:field_hint_ring_02_description,Bottom,1,False,ContentsTutorialUnmask_Square,True,,False,102103,False,0,None,True,addonresource,None,markhiddenitemid,field_tuto_squad_hint_ring,,,,,,,,,,
102103,0,1021,None,True,6001001,6001002,None,,None,,si_c013_00_s,Locale_Tutorial:field_hint_ring_01_title,Locale_Tutorial:field_hint_ring_03_description,Bottom,0,False,,True,,False,0,True,1,None,True,addonresource,None,,,,,,,,,,,,
103001,0,1030,None,True,6001001,6001002,DiscoverHiddenItem,,None,,si_c013_00_s,Locale_Tutorial:field_tuto03_01_title,Locale_Tutorial:field_tuto03_01_description,Bottom,0,False,,True,,False,103002,False,0,DiscoverHiddenItem,True,addonresource,None,,,unmaskkeylist,field_tuto05_01,,,,,,,,
103002,0,1030,None,True,6001001,6001002,None,,None,,si_c013_00_s,Locale_Tutorial:field_tuto03_02_title,Locale_Tutorial:field_tuto03_02_description,Bottom,1,False,ContentsTutorialUnmask_Circle,True,,False,103003,False,0,None,True,addonresource,None,markhiddenitemid,field_tuto_hidden_item_01,,,,,,,,,,
103003,0,1030,None,True,6001001,6001002,None,,GetHiddenItem,,si_c013_00_s,Locale_Tutorial:field_tuto03_03_title,Locale_Tutorial:field_tuto03_03_description,Bottom,1,False,ContentsTutorialUnmask_Circle,True,,True,103004,True,104001,None,True,addonresource,None,markhiddenitemid,field_tuto_hidden_item_01_mark,,,,,,,,,,
103004,0,1030,None,True,6001001,6001002,CloseRewardPopup,,None,,si_c013_00_s,Locale_Tutorial:field_tuto03_04_title,Locale_Tutorial:field_tuto03_04_description,Bottom,1,False,,True,,True,103005,False,0,None,True,addonresource,None,,,,,,,,,,,,
103005,0,1030,None,True,6001001,6001002,None,,None,,si_c013_00_s,Locale_Tutorial:field_tuto03_05_title,Locale_Tutorial:field_tuto03_05_description,Bottom,1,False,,True,,True,103006,False,0,None,True,addonresource,None,,,,,,,,,,,,
103006,0,1030,None,True,6001001,6001002,None,,None,,si_c013_00_s,Locale_Tutorial:field_tuto03_06_title,Locale_Tutorial:field_tuto03_06_description,Bottom,1,False,,True,,True,0,True,1,None,True,addonresource,None,,,,,,,,,,,,
1040011,1,1040,None,True,6001004,6002001,FinishLobbyAnimation,,None,,si_c907_00_s,Locale_Tutorial:field_tuto05_01_title,Locale_Tutorial:field_tuto05_01_description,Top,1,False,,True,,True,1040021,False,0,FinishLobbyAnimation,True,addonresource,None,,,,,,,,,,,,
1040021,1,1040,None,True,6001004,6002001,None,,EnterSummonView,,si_c907_00_s,Locale_Tutorial:field_tuto05_02_title,Locale_Tutorial:field_tuto05_02_description,Middle,1,False,,True,,True,1040031,False,0,None,True,addonresource,None,,,unmaskkeylist,field_tuto05_02,,,,,,,,
1040031,1,1040,None,True,6001004,6002001,EnterSummonView,,GachaButtonTouch,,si_c907_00_s,Locale_Tutorial:field_tuto05_03_title,Locale_Tutorial:field_tuto05_03_description,Middle,1,False,,True,,True,1040041,True,1040271,None,True,addonresource,None,,,unmaskkeylist,field_tuto05_03,,,,,,,,
1040041,1,1040,None,True,6001004,6002001,FinishGacha,,None,,si_c907_00_s,Locale_Tutorial:field_tuto06_00_title,Locale_Tutorial:field_tuto06_00_description,Top,0,False,,True,,True,1040051,False,0,None,True,addonresource,None,,,,,,,,,,,,
1040051,1,1040,None,True,6001004,6002001,None,,ConfirmButtonTouch,,si_c907_00_s,Locale_Tutorial:field_tuto06_01_title,Locale_Tutorial:field_tuto06_01_description,Middle,1,False,,True,,True,1040061,False,0,None,True,addonresource,None,,,unmaskkeylist,field_tuto06_01,,,,,,,,
1040061,1,1040,None,True,6001004,6002001,None,,EnterPartySetView,,si_c907_00_s,Locale_Tutorial:field_tuto06_02_title,Locale_Tutorial:field_tuto06_02_description,Middle,1,False,,True,,True,1040071,False,0,None,True,addonresource,None,,,unmaskkeylist,field_tuto06_02,,,,,,,,
1040071,1,1040,None,True,6001004,6002001,EnterPartySetView,,None,,si_c907_00_s,Locale_Tutorial:field_tuto06_03_title,Locale_Tutorial:field_tuto06_03_description,Top,1,False,,True,,False,1040081,False,0,None,True,addonresource,None,,,unmaskkeylist,field_tuto06_03,,,,,,,,
1040081,1,1040,None,True,6001004,6002001,None,,None,,si_c907_00_s,Locale_Tutorial:field_tuto06_04_title,Locale_Tutorial:field_tuto06_04_description,Top,1,False,,True,,False,1040091,False,0,None,True,addonresource,None,,,unmaskkeylist,field_tuto06_04,,,,,,,,
1040091,1,1040,None,True,6001004,6002001,None,,None,,si_c907_00_s,Locale_Tutorial:field_tuto06_05_title,Locale_Tutorial:field_tuto06_05_description,Top,0,False,,True,,True,1040101,False,0,None,True,addonresource,popup_field_tuto06_05,,,,,,,,,,,,
1040101,1,1040,None,True,6001004,6002001,None,,None,,si_c907_00_s,Locale_Tutorial:field_tuto06_06_title,Locale_Tutorial:field_tuto06_06_description,Top,1,False,,True,,False,1040111,False,0,None,True,addonresource,None,,,unmaskkeylist,field_tuto06_06_a,unmaskkeylist,field_tuto06_06_b,unmaskkeylist,field_tuto06_06_c,unmaskkeylist,field_tuto06_06_d,unmaskkeylist,field_tuto06_06_e
1040111,1,1040,None,True,6001004,6002001,None,,PartySetSlotTouch,,si_c907_00_s,Locale_Tutorial:field_tuto06_08_title,Locale_Tutorial:field_tuto06_08_description,Top,1,False,,True,,True,1040121,False,0,None,True,addonresource,None,,,unmaskkeylist,field_tuto06_08,,,,,,,,
1040121,1,1040,None,True,6001004,6002001,FinishPartySetAnimation,,None,,si_c907_00_s,Locale_Tutorial:tuto_team_setting_01_title,Locale_Tutorial:tuto_team_setting_01_description,Top,0,False,,True,,False,1040131,False,0,None,True,addonresource,None,,,,,,,,,,,,
1040131,1,1040,None,True,6001004,6002001,None,,None,,si_c907_00_s,Locale_Tutorial:tuto_team_setting_02_title,Locale_Tutorial:tuto_team_setting_02_description,Top,1,False,,True,,False,1040141,False,0,None,True,addonresource,None,,,unmaskkeylist,tuto_team_setting_slot,,,,,,,,
1040141,1,1040,None,True,6001004,6002001,None,,None,,si_c907_00_s,Locale_Tutorial:tuto_team_setting_03_title,Locale_Tutorial:tuto_team_setting_03_description,Top,1,False,,True,,False,1040151,False,0,None,True,addonresource,None,,,unmaskkeylist,field_tuto07_01,,,,,,,,
1040151,1,1040,None,True,6001004,6002001,None,,None,,si_c907_00_s,Locale_Tutorial:tuto_team_setting_04_title,Locale_Tutorial:tuto_team_setting_04_description,Top,0,False,,True,,False,1040161,False,0,None,True,addonresource,None,,,,,,,,,,,,
1040161,1,1040,None,True,6001004,6002001,None,,None,,si_c907_00_s,Locale_Tutorial:tuto_team_setting_05_title,Locale_Tutorial:tuto_team_setting_05_description,Top,0,False,,True,,False,1040171,False,0,None,True,addonresource,None,,,,,,,,,,,,
1040171,1,1040,None,True,6001004,6002001,None,,CharacterSelectCancel,,,,,None,1,False,,True,,True,1040181,False,0,None,True,addonresource,None,,,unmaskkeylist,tuto_icon_slot_large,,,,,,,,
1040181,1,1040,None,True,6001004,6002001,CharacterSelectCancel,,None,,si_c907_00_s,Locale_Tutorial:tuto_team_setting_06_title,Locale_Tutorial:tuto_team_setting_06_description,Top,1,False,,True,,False,1040191,False,0,None,True,addonresource,None,,,unmaskkeylist,field_tuto07_03,,,,,,,,
1040191,1,1040,None,True,6001004,6002001,None,,None,,si_c907_00_s,Locale_Tutorial:tuto_team_setting_07_title,Locale_Tutorial:tuto_team_setting_07_description,Top,1,False,,True,,False,1040201,False,0,None,True,addonresource,None,,,unmaskkeylist,field_tuto07_03,,,,,,,,
1040201,1,1040,None,True,6001004,6002001,None,,CharacterSelect,,,,,None,1,False,,True,,True,1040211,False,0,None,True,addonresource,None,,,unmaskkeylist,tuto_icon_slot_large,,,,,,,,
1040211,1,1040,None,True,6001004,6002001,CharacterSelect,,None,,si_c907_00_s,Locale_Tutorial:field_tuto07_05_title,Locale_Tutorial:field_tuto07_05_description,Top,0,False,,True,,False,1040221,False,0,None,True,addonresource,None,,,,,,,,,,,,
1040221,1,1040,None,True,6001004,6002001,None,,None,,si_c907_00_s,Locale_Tutorial:field_tuto07_06_title,Locale_Tutorial:field_tuto07_06_description,Top,0,False,,True,,False,1040231,False,0,None,True,addonresource,None,,,,,,,,,,,,
1040231,1,1040,None,True,6001004,6002001,None,,TouchAutoSettingButton,,,,,None,1,False,,True,,True,1040241,False,0,None,True,addonresource,None,,,unmaskkeylist,tuto_auto_setting_button,,,,,,,,
1040241,1,1040,None,True,6001004,6002001,TouchAutoSettingButton,,None,,si_c907_00_s,Locale_Tutorial:field_tuto07_07_title,Locale_Tutorial:field_tuto07_07_description,Top,1,False,,True,,False,1040251,False,0,None,True,addonresource,None,,,unmaskkeylist,tuto_team_setting_slot,,,,,,,,
1040251,1,1040,None,True,6001004,6002001,None,,TouchSavePartySetButton,,,,,None,1,False,,True,,True,1040261,True,1,None,True,addonresource,None,,,unmaskkeylist,tuto_save_party_set_button,,,,,,,,
1040261,1,1040,None,True,6001004,6002001,EnterPartySetView,,None,,si_c907_00_s,Locale_Tutorial:field_tuto07_08_title,Locale_Tutorial:field_tuto07_08_description,Top,1,False,,True,,False,1040491,False,0,None,True,addonresource,None,,,unmaskkeylist,field_tuto06_03,,,,,,,,
1040271,1,1040,None,True,6001004,6002001,FinishLobbyAnimation,,None,,si_c907_00_s,Locale_Tutorial:field_tuto06_01_title,Locale_Tutorial:field_tuto06_01_description,Top,1,False,,True,,False,1040281,False,0,FinishLobbyAnimation,True,addonresource,None,,,,,,,,,,,,
1040281,1,1040,None,True,6001004,6002001,None,,EnterPartySetView,,si_c907_00_s,Locale_Tutorial:field_tuto06_02_title,Locale_Tutorial:field_tuto06_02_description,Middle,1,False,,True,,True,1040291,False,0,None,True,addonresource,None,,,unmaskkeylist,field_tuto06_02,,,,,,,,
1040291,1,1040,None,True,6001004,6002001,EnterPartySetView,,None,,si_c907_00_s,Locale_Tutorial:field_tuto06_03_title,Locale_Tutorial:field_tuto06_03_description,Top,1,False,,True,,False,1040301,False,0,None,True,addonresource,None,,,unmaskkeylist,field_tuto06_03,,,,,,,,
1040301,1,1040,None,True,6001004,6002001,None,,None,,si_c907_00_s,Locale_Tutorial:field_tuto06_04_title,Locale_Tutorial:field_tuto06_04_description,Top,1,False,,True,,False,1040311,False,0,None,True,addonresource,None,,,unmaskkeylist,field_tuto06_04,,,,,,,,
1040311,1,1040,None,True,6001004,6002001,None,,None,,si_c907_00_s,Locale_Tutorial:field_tuto06_05_title,Locale_Tutorial:field_tuto06_05_description,Top,0,False,,True,,True,1040321,False,0,None,True,addonresource,popup_field_tuto06_05,,,,,,,,,,,,
1040321,1,1040,None,True,6001004,6002001,None,,None,,si_c907_00_s,Locale_Tutorial:field_tuto06_06_title,Locale_Tutorial:field_tuto06_06_description,Top,1,False,,True,,False,1040331,False,0,None,True,addonresource,None,,,unmaskkeylist,field_tuto06_06_a,unmaskkeylist,field_tuto06_06_b,unmaskkeylist,field_tuto06_06_c,unmaskkeylist,field_tuto06_06_d,unmaskkeylist,field_tuto06_06_e
1040331,1,1040,None,True,6001004,6002001,None,,PartySetSlotTouch,,si_c907_00_s,Locale_Tutorial:field_tuto06_08_title,Locale_Tutorial:field_tuto06_08_description,Top,1,False,,True,,True,1040341,False,0,None,True,addonresource,None,,,unmaskkeylist,field_tuto06_08,,,,,,,,
1040341,1,1040,None,True,6001004,6002001,FinishPartySetAnimation,,None,,si_c907_00_s,Locale_Tutorial:tuto_team_setting_01_title,Locale_Tutorial:tuto_team_setting_01_description,Top,0,False,,True,,False,1040351,False,0,None,True,addonresource,None,,,,,,,,,,,,
1040351,1,1040,None,True,6001004,6002001,None,,None,,si_c907_00_s,Locale_Tutorial:tuto_team_setting_02_title,Locale_Tutorial:tuto_team_setting_02_description,Top,1,False,,True,,False,1040361,False,0,None,True,addonresource,None,,,unmaskkeylist,tuto_team_setting_slot,,,,,,,,
1040361,1,1040,None,True,6001004,6002001,None,,None,,si_c907_00_s,Locale_Tutorial:tuto_team_setting_03_title,Locale_Tutorial:tuto_team_setting_03_description,Top,1,False,,True,,False,1040371,False,0,None,True,addonresource,None,,,unmaskkeylist,field_tuto07_01,,,,,,,,
1040371,1,1040,None,True,6001004,6002001,None,,None,,si_c907_00_s,Locale_Tutorial:tuto_team_setting_04_title,Locale_Tutorial:tuto_team_setting_04_description,Top,0,False,,True,,False,1040381,False,0,None,True,addonresource,None,,,,,,,,,,,,
1040381,1,1040,None,True,6001004,6002001,None,,None,,si_c907_00_s,Locale_Tutorial:tuto_team_setting_05_title,Locale_Tutorial:tuto_team_setting_05_description,Top,0,False,,True,,False,1040391,False,0,None,True,addonresource,None,,,,,,,,,,,,
1040391,1,1040,None,True,6001004,6002001,None,,CharacterSelectCancel,,,,,None,1,False,,True,,True,1040401,False,0,None,True,addonresource,None,,,unmaskkeylist,tuto_icon_slot_large,,,,,,,,
1040401,1,1040,None,True,6001004,6002001,CharacterSelectCancel,,None,,si_c907_00_s,Locale_Tutorial:tuto_team_setting_06_title,Locale_Tutorial:tuto_team_setting_06_description,Top,1,False,,True,,False,1040411,False,0,None,True,addonresource,None,,,unmaskkeylist,field_tuto07_03,,,,,,,,
1040411,1,1040,None,True,6001004,6002001,None,,None,,si_c907_00_s,Locale_Tutorial:tuto_team_setting_07_title,Locale_Tutorial:tuto_team_setting_07_description,Top,1,False,,True,,False,1040421,False,0,None,True,addonresource,None,,,unmaskkeylist,field_tuto07_03,,,,,,,,
1040421,1,1040,None,True,6001004,6002001,None,,CharacterSelect,,,,,None,1,False,,True,,True,1040431,False,0,None,True,addonresource,None,,,unmaskkeylist,tuto_icon_slot_large,,,,,,,,
1040431,1,1040,None,True,6001004,6002001,CharacterSelect,,None,,si_c907_00_s,Locale_Tutorial:field_tuto07_05_title,Locale_Tutorial:field_tuto07_05_description,Top,0,False,,True,,False,1040441,False,0,None,True,addonresource,None,,,,,,,,,,,,
1040441,1,1040,None,True,6001004,6002001,None,,None,,si_c907_00_s,Locale_Tutorial:field_tuto07_06_title,Locale_Tutorial:field_tuto07_06_description,Top,0,False,,True,,False,1040451,False,0,None,True,addonresource,None,,,,,,,,,,,,
1040451,1,1040,None,True,6001004,6002001,None,,TouchAutoSettingButton,,,,,None,1,False,,True,,True,1040461,False,0,None,True,addonresource,None,,,unmaskkeylist,tuto_auto_setting_button,,,,,,,,
1040461,1,1040,None,True,6001004,6002001,TouchAutoSettingButton,,None,,si_c907_00_s,Locale_Tutorial:field_tuto07_07_title,Locale_Tutorial:field_tuto07_07_description,Top,1,False,,True,,False,1040471,False,0,None,True,addonresource,None,,,unmaskkeylist,tuto_team_setting_slot,,,,,,,,
1040471,1,1040,None,True,6001004,6002001,None,,TouchSavePartySetButton,,,,,None,1,False,,True,,True,1040481,True,1,None,True,addonresource,None,,,unmaskkeylist,tuto_save_party_set_button,,,,,,,,
1040481,1,1040,None,True,6001004,6002001,EnterPartySetView,,None,,si_c907_00_s,Locale_Tutorial:field_tuto07_08_title,Locale_Tutorial:field_tuto07_08_description,Top,1,False,,True,,False,1040491,False,0,None,True,addonresource,None,,,unmaskkeylist,field_tuto06_03,,,,,,,,
1040491,1,1040,None,True,6001004,6002001,None,,LobbyButtonTouch,,si_c907_00_s,Locale_Tutorial:field_tuto07_10_title,Locale_Tutorial:field_tuto07_10_description,Top,1,False,,True,,True,0,True,1,None,True,addonresource,None,,,unmaskkeylist,tuto_lobby_button_touch,,,,,,,,
1050016,6,1050,None,True,6001004,6002001,FinishLobbyAnimation,,None,,si_c907_00_s,Locale_Tutorial:tuto_next_mission_01_title,Locale_Tutorial:tuto_next_mission_01_description,Top,1,False,,True,,False,1050026,False,0,None,True,addonresource,None,,,,,,,,,,,,
1050026,6,1050,None,True,6001004,6002001,None,,None,,si_c907_00_s,Locale_Tutorial:tuto_next_mission_02_title,Locale_Tutorial:tuto_next_mission_02_description,Middle,1,False,,True,,False,1050036,False,0,None,True,addonresource,None,,,unmaskkeylist,tuto_mission_tab,,,,,,,,
1050036,6,1050,None,True,6001004,6002001,None,,None,,si_c907_00_s,Locale_Tutorial:tuto_next_mission_03_title,Locale_Tutorial:tuto_next_mission_03_description,Middle,1,False,,True,,False,1050046,False,0,None,True,addonresource,None,,,unmaskkeylist,tuto_mission_tab_short_cut,,,,,,,,
1050046,6,1050,None,True,6001004,6002001,None,,None,,si_c907_00_s,Locale_Tutorial:tuto_next_mission_04_title,Locale_Tutorial:tuto_next_mission_04_description,Middle,1,False,,True,,False,1050056,False,0,None,True,addonresource,None,,,unmaskkeylist,tuto_mission_tab_short_cut,,,,,,,,
1050056,6,1050,None,True,6001004,6002001,None,,None,,si_c907_00_s,Locale_Tutorial:tuto_next_mission_05_title,Locale_Tutorial:tuto_next_mission_05_description,Top,1,False,,True,,False,1050066,False,0,None,True,addonresource,None,,,,,,,,,,,,
1050066,6,1050,None,True,6001004,6002001,None,,TouchArkButton,,,,,None,1,False,,True,,True,1050076,False,0,None,True,addonresource,None,,,unmaskkeylist,tuto_ark_button,,,,,,,,
1050076,6,1050,None,False,6001004,6002001,ScenarioStart,d_main_01af_01,ScenarioEnd,d_main_01af_01,,,,None,0,False,,True,,False,1050086,True,1050166,None,True,addonresource,None,,,,,,,,,,,,
1050086,6,1050,None,True,6001004,6002001,ScenarioEnd,d_main_01af_01,TouchArkMarkerButton,,si_c907_00_s,Locale_Tutorial:tuto_next_mission_06_title,Locale_Tutorial:tuto_next_mission_06_description,Top,1,False,,True,,True,1050096,False,0,None,True,addonresource,None,,,unmaskkeylist,tuto_ark_maker_button,,,,,,,,
1050096,6,1050,None,False,6001004,6002001,ScenarioStart,d_main_01af_02,ScenarioEnd,d_main_01af_02,,,,None,0,False,,True,,False,1050106,True,1050266,None,True,addonresource,None,,,,,,,,,,,,
1050106,6,1050,None,True,6001004,6002001,FinishContentsOpenAnimation,,TouchSimulationRoomButtonNoEntry,,si_c907_00_s,Locale_Tutorial:tuto_next_mission_08_title,Locale_Tutorial:tuto_next_mission_08_description,Top,1,False,,True,,True,1050116,True,1050266,None,True,addonresource,None,,,unmaskkeylist,tuto_simulation_room_button,,,,,,,,
1050116,6,1050,None,False,6001004,6002001,ScenarioStart,d_main_01af_03,ScenarioEnd,d_main_01af_03,,,,None,0,False,,False,,False,1050126,True,1050336,None,True,addonresource,None,,,,,,,,,,,,
1050126,6,1050,None,True,6001004,6002001,ScenarioEnd,d_main_01af_03,BackButtonTouch,,,,,None,1,False,,True,,True,1050136,False,0,None,True,addonresource,None,,,unmaskkeylist,tuto_back_btn,,,,,,,,
1050136,6,1050,None,True,6001004,6002001,ScenarioEnd,d_main_01af_04,None,,si_c010_00_s,Locale_Tutorial:tuto_simulation_room_38_title,Locale_Tutorial:tuto_simulation_room_38_description,Top,1,False,,True,,True,1050146,True,1050366,None,True,addonresource,None,,,,,,,,,,,,
1050146,6,1050,None,True,6001004,6002001,None,,TouchLobbyStartButton,,si_c010_00_s,Locale_Tutorial:tuto_simulation_room_39_title,Locale_Tutorial:tuto_simulation_room_39_description,Top,1,False,,True,,True,1050156,False,0,None,True,addonresource,None,,,unmaskkeylist,tuto_lobby_start_button,,,,,,,,
1050156,6,1050,None,True,6001004,6002001,EnterField,,None,,si_c010_00_s,Locale_Tutorial:tuto_simulation_room_40_title,Locale_Tutorial:tuto_simulation_room_40_description,Top,1,False,,True,,False,0,True,1,None,True,addonresource,None,,,,,,,,,,,,
1050166,6,1050,None,True,6001004,6002001,FinishLobbyAnimation,,None,,si_c907_00_s,Locale_Tutorial:tuto_next_mission_07_title,Locale_Tutorial:tuto_next_mission_07_description,Top,1,False,,True,,False,1050176,False,0,FinishLobbyAnimation,True,addonresource,None,,,,,,,,,,,,
1050176,6,1050,None,True,6001004,6002001,None,,TouchArkButton,,,,,None,1,False,,True,,True,1050186,False,0,None,True,addonresource,None,,,unmaskkeylist,tuto_ark_button,,,,,,,,
1050186,6,1050,None,True,6001004,6002001,EnterArkView,,TouchArkMarkerButton,,si_c907_00_s,Locale_Tutorial:tuto_next_mission_06_title,Locale_Tutorial:tuto_next_mission_06_description,Top,1,False,,True,,True,1050196,False,0,None,True,addonresource,None,,,unmaskkeylist,tuto_ark_maker_button,,,,,,,,
1050196,6,1050,None,False,6001004,6002001,ScenarioStart,d_main_01af_02,ScenarioEnd,d_main_01af_02,,,,None,0,False,,True,,False,1050206,True,1050266,None,True,addonresource,None,,,,,,,,,,,,
1050206,6,1050,None,True,6001004,6002001,FinishContentsOpenAnimation,,TouchSimulationRoomButtonNoEntry,,si_c907_00_s,Locale_Tutorial:tuto_next_mission_08_title,Locale_Tutorial:tuto_next_mission_08_description,Top,1,False,,True,,True,1050216,True,1050266,None,True,addonresource,None,,,unmaskkeylist,tuto_simulation_room_button,,,,,,,,
1050216,6,1050,None,False,6001004,6002001,ScenarioStart,d_main_01af_03,ScenarioEnd,d_main_01af_03,,,,None,0,False,,False,,False,1050226,True,1050336,None,True,addonresource,None,,,,,,,,,,,,
1050226,6,1050,None,True,6001004,6002001,ScenarioEnd,d_main_01af_03,BackButtonTouch,,,,,None,1,False,,True,,True,1050236,False,0,None,True,addonresource,None,,,unmaskkeylist,tuto_back_btn,,,,,,,,
1050236,6,1050,None,True,6001004,6002001,ScenarioEnd,d_main_01af_04,None,,si_c010_00_s,Locale_Tutorial:tuto_simulation_room_38_title,Locale_Tutorial:tuto_simulation_room_38_description,Top,1,False,,True,,True,1050246,True,1050366,None,True,addonresource,None,,,,,,,,,,,,
1050246,6,1050,None,True,6001004,6002001,None,,TouchLobbyStartButton,,si_c010_00_s,Locale_Tutorial:tuto_simulation_room_39_title,Locale_Tutorial:tuto_simulation_room_39_description,Top,1,False,,True,,True,1050256,False,0,None,True,addonresource,None,,,unmaskkeylist,tuto_lobby_start_button,,,,,,,,
1050256,6,1050,None,True,6001004,6002001,EnterField,,None,,si_c010_00_s,Locale_Tutorial:tuto_simulation_room_40_title,Locale_Tutorial:tuto_simulation_room_40_description,Top,1,False,,True,,False,0,True,1,None,True,addonresource,None,,,,,,,,,,,,
1050266,6,1050,None,True,6001004,6002001,FinishLobbyAnimation,,TouchArkButton,,,,,None,1,False,,True,,True,1050276,False,0,FinishLobbyAnimation,True,addonresource,None,,,unmaskkeylist,tuto_ark_button,,,,,,,,
1050276,6,1050,None,True,6001004,6002001,EnterArkView,,TouchSimulationRoomButtonNoEntry,,si_c907_00_s,Locale_Tutorial:tuto_next_mission_08_title,Locale_Tutorial:tuto_next_mission_08_description,Top,1,False,,True,,True,1050286,False,0,None,True,addonresource,None,,,unmaskkeylist,tuto_simulation_room_button,,,,,,,,
1050286,6,1050,None,False,6001004,6002001,ScenarioStart,d_main_01af_03,ScenarioEnd,d_main_01af_03,,,,None,0,False,,False,,False,1050296,True,1050336,None,True,addonresource,None,,,,,,,,,,,,
1050296,6,1050,None,True,6001004,6002001,ScenarioEnd,d_main_01af_03,BackButtonTouch,,,,,None,1,False,,True,,True,1050306,False,0,None,True,addonresource,None,,,unmaskkeylist,tuto_back_btn,,,,,,,,
1050306,6,1050,None,True,6001004,6002001,ScenarioEnd,d_main_01af_04,None,,si_c010_00_s,Locale_Tutorial:tuto_simulation_room_38_title,Locale_Tutorial:tuto_simulation_room_38_description,Top,1,False,,True,,True,1050316,True,1050366,None,True,addonresource,None,,,,,,,,,,,,
1050316,6,1050,None,True,6001004,6002001,None,,TouchLobbyStartButton,,si_c010_00_s,Locale_Tutorial:tuto_simulation_room_39_title,Locale_Tutorial:tuto_simulation_room_39_description,Top,1,False,,True,,True,1050326,False,0,None,True,addonresource,None,,,unmaskkeylist,tuto_lobby_start_button,,,,,,,,
1050326,6,1050,None,True,6001004,6002001,EnterField,,None,,si_c010_00_s,Locale_Tutorial:tuto_simulation_room_40_title,Locale_Tutorial:tuto_simulation_room_40_description,Top,1,False,,True,,False,0,True,1,None,True,addonresource,None,,,,,,,,,,,,
1050336,6,1050,None,True,6001004,6002001,ScenarioEnd,,None,,si_c010_00_s,Locale_Tutorial:tuto_simulation_room_38_title,Locale_Tutorial:tuto_simulation_room_38_description,Top,1,False,,True,,False,1050346,True,1050366,ScenarioEnd,True,addonresource,None,,,,,,,,,,,,
1050346,6,1050,None,True,6001004,6002001,None,,TouchLobbyStartButton,,si_c010_00_s,Locale_Tutorial:tuto_simulation_room_39_title,Locale_Tutorial:tuto_simulation_room_39_description,Top,1,False,,True,,True,1050356,False,0,None,True,addonresource,None,,,unmaskkeylist,tuto_lobby_start_button,,,,,,,,
1050356,6,1050,None,True,6001004,6002001,EnterField,,None,,si_c010_00_s,Locale_Tutorial:tuto_simulation_room_40_title,Locale_Tutorial:tuto_simulation_room_40_description,Top,1,False,,True,,False,0,True,1,None,True,addonresource,None,,,,,,,,,,,,
1050366,6,1050,None,True,6001004,6002001,FinishLobbyAnimation,,None,,si_c010_00_s,Locale_Tutorial:tuto_simulation_room_38_title,Locale_Tutorial:tuto_simulation_room_38_description,Top,1,False,,True,,False,1050376,False,0,FinishLobbyAnimation,True,addonresource,None,,,,,,,,,,,,
1050376,6,1050,None,True,6001004,6002001,None,,TouchLobbyStartButton,,si_c010_00_s,Locale_Tutorial:tuto_simulation_room_39_title,Locale_Tutorial:tuto_simulation_room_39_description,Top,1,False,,True,,True,1050386,False,0,None,True,addonresource,None,,,unmaskkeylist,tuto_lobby_start_button,,,,,,,,
1050386,6,1050,None,True,6001004,6002001,EnterField,,None,,si_c010_00_s,Locale_Tutorial:tuto_simulation_room_40_title,Locale_Tutorial:tuto_simulation_room_40_description,Top,1,False,,True,,False,0,True,1,None,True,addonresource,None,,,,,,,,,,,,
200001,0,2000,Cube,True,6001004,0,EnterCubeDetailView,,None,,,,,None,1,False,,True,Locale_Tutorial:tuto_cube_01_description,False,200002,False,0,None,True,addonresource,None,,,unmaskkeylist,tuto_cube_01,,,,,,,,
200002,0,2000,Cube,True,6001004,0,None,,None,,,,,None,1,False,,True,Locale_Tutorial:tuto_cube_02_description,False,0,True,0,None,True,addonresource,None,,,unmaskkeylist,tuto_cube_02,,,,,,,,
200601,0,2006,None,True,6002008,6002009,EnterField,,None,,si_c907_00_s,Locale_Tutorial:field_tuto08_01_title,Locale_Tutorial:field_tuto08_01_description,Top,1,False,,True,,False,200602,True,200613,None,True,addonresource,None,,,,,,,,,,,,
200602,0,2006,None,True,6002008,6002009,None,,BackButtonTouch,,,,,None,1,False,,True,,True,200603,False,0,None,True,addonresource,None,,,unmaskkeylist,tuto_back_btn,,,,,,,,
200603,0,2006,None,True,6002008,6002009,FinishLobbyAnimation,,EnterUnitView,,si_c907_00_s,Locale_Tutorial:field_tuto08_02_title,Locale_Tutorial:field_tuto08_02_description,Top,1,False,,True,,True,200604,False,0,None,True,addonresource,None,,,unmaskkeylist,field_tuto08_02,,,,,,,,
200604,0,2006,None,True,6002008,6002009,EnterUnitView,,None,,si_c907_00_s,Locale_Tutorial:field_tuto09_01_title,Locale_Tutorial:field_tuto09_01_description,Top,0,False,,True,,False,200605,False,0,None,True,addonresource,None,,,,,,,,,,,,
200605,0,2006,None,True,6002008,6002009,None,,None,,si_c907_00_s,Locale_Tutorial:tuto_level_up_01_title,Locale_Tutorial:tuto_level_up_01_description,Top,1,False,,True,,False,200606,False,0,None,True,addonresource,None,,,,,,,,,,,,
200606,0,2006,None,True,6002008,6002009,None,,CharacterSelect,,,,,None,1,False,,True,,True,200607,False,0,None,True,addonresource,None,,,unmaskkeylist,field_tuto09_02,,,,,,,,
200607,0,2006,None,True,6002008,6002009,EnterCharacterDetailView,,None,,si_c907_00_s,Locale_Tutorial:field_tuto09_03_title,Locale_Tutorial:field_tuto09_03_description,Top,0,False,,True,,False,200608,False,0,None,True,addonresource,None,,,,,,,,,,,,
200608,0,2006,None,True,6002008,6002009,None,,LevelUpButtonTouch,,si_c907_00_s,Locale_Tutorial:field_tuto09_04_title,Locale_Tutorial:field_tuto09_04_description,Top,1,False,,True,,True,200609,False,0,None,True,addonresource,None,,,unmaskkeylist,field_tuto09_04,,,,,,,,
200609,0,2006,None,True,6002008,6002009,EnterLevelUpPopup,,None,,si_c907_00_s,Locale_Tutorial:tuto_level_up_02_title,Locale_Tutorial:tuto_level_up_02_description,Top,0,False,,True,,False,200610,False,0,None,True,addonresource,None,,,,,,,,,,,,
200610,0,2006,None,True,6002008,6002009,None,,None,,si_c907_00_s,Locale_Tutorial:tuto_level_up_03_title,Locale_Tutorial:tuto_level_up_03_description,Top,1,False,,True,,False,200611,False,0,None,True,addonresource,None,,,unmaskkeylist,tuto_level_up_popup_material,,,,,,,,
200611,0,2006,None,True,6002008,6002009,None,,None,,si_c907_00_s,Locale_Tutorial:tuto_level_up_04_title,Locale_Tutorial:tuto_level_up_04_description,Top,1,False,,True,,False,200612,False,0,None,True,addonresource,None,,,unmaskkeylist,tuto_level_up_popup_status,,,,,,,,
200612,0,2006,None,True,6002008,6002009,None,,None,,si_c907_00_s,Locale_Tutorial:tuto_level_up_05_title,Locale_Tutorial:tuto_level_up_05_description,Top,0,False,,True,,False,200624,False,0,None,True,addonresource,None,,,,,,,,,,,,
200613,0,2006,None,True,6002008,6002009,FinishLobbyAnimation,,None,,si_c907_00_s,Locale_Tutorial:field_tuto08_00_title,Locale_Tutorial:field_tuto08_00_description,Top,1,False,,True,,False,200614,False,0,FinishLobbyAnimation,True,addonresource,None,,,,,,,,,,,,
200614,0,2006,None,True,6002008,6002009,None,,EnterUnitView,,si_c907_00_s,Locale_Tutorial:field_tuto08_02_title,Locale_Tutorial:field_tuto08_02_description,Top,1,False,,True,,True,200615,False,0,None,True,addonresource,None,,,unmaskkeylist,field_tuto08_02,,,,,,,,
200615,0,2006,None,True,6002008,6002009,EnterUnitView,,None,,si_c907_00_s,Locale_Tutorial:field_tuto09_01_title,Locale_Tutorial:field_tuto09_01_description,Top,0,False,,True,,False,200616,False,0,None,True,addonresource,None,,,,,,,,,,,,
200616,0,2006,None,True,6002008,6002009,None,,None,,si_c907_00_s,Locale_Tutorial:tuto_level_up_01_title,Locale_Tutorial:tuto_level_up_01_description,Top,0,False,,True,,False,200617,False,0,None,True,addonresource,None,,,,,,,,,,,,
200617,0,2006,None,True,6002008,6002009,None,,CharacterSelect,,,,,None,1,False,,True,,True,200618,False,0,None,True,addonresource,None,,,unmaskkeylist,field_tuto09_02,,,,,,,,
200618,0,2006,None,True,6002008,6002009,EnterCharacterDetailView,,None,,si_c907_00_s,Locale_Tutorial:field_tuto09_03_title,Locale_Tutorial:field_tuto09_03_description,Top,0,False,,True,,False,200619,False,0,None,True,addonresource,None,,,,,,,,,,,,
200619,0,2006,None,True,6002008,6002009,None,,LevelUpButtonTouch,,si_c907_00_s,Locale_Tutorial:field_tuto09_04_title,Locale_Tutorial:field_tuto09_04_description,Top,1,False,,True,,True,200620,False,0,None,True,addonresource,None,,,unmaskkeylist,field_tuto09_04,,,,,,,,
200620,0,2006,None,True,6002008,6002009,EnterLevelUpPopup,,None,,si_c907_00_s,Locale_Tutorial:tuto_level_up_02_title,Locale_Tutorial:tuto_level_up_02_description,Top,0,False,,True,,False,200621,False,0,None,True,addonresource,None,,,,,,,,,,,,
200621,0,2006,None,True,6002008,6002009,None,,None,,si_c907_00_s,Locale_Tutorial:tuto_level_up_03_title,Locale_Tutorial:tuto_level_up_03_description,Top,1,False,,True,,False,200622,False,0,None,True,addonresource,None,,,unmaskkeylist,tuto_level_up_popup_material,,,,,,,,
200622,0,2006,None,True,6002008,6002009,None,,None,,si_c907_00_s,Locale_Tutorial:tuto_level_up_04_title,Locale_Tutorial:tuto_level_up_04_description,Top,1,False,,True,,False,200623,False,0,None,True,addonresource,None,,,unmaskkeylist,tuto_level_up_popup_status,,,,,,,,
200623,0,2006,None,True,6002008,6002009,None,,None,,si_c907_00_s,Locale_Tutorial:tuto_level_up_05_title,Locale_Tutorial:tuto_level_up_05_description,Top,0,False,,True,,False,200624,False,0,None,True,addonresource,None,,,,,,,,,,,,
200624,0,2006,None,True,6002008,6002009,None,,CloseButtonTouch,,,,,None,1,False,,True,,True,0,True,1,None,True,addonresource,None,,,unmaskkeylist,field_tuto09_06,,,,,,,,
2011011,1,2011,None,True,6002013,6002016,EnterFieldStart,,EnterField,,,,,None,0,False,,True,,False,2011021,True,2011091,None,True,addonresource,None,,,,,,,,,,,,
2011021,1,2011,None,True,6002013,6002016,EnterField,,None,,si_c907_00_s,Locale_Tutorial:tuto_easy_equip_01_title,Locale_Tutorial:tuto_easy_equip_01_description,Top,1,False,,True,,False,2011031,True,0,None,True,addonresource,None,,,,,,,,,,,,
2011031,1,2011,None,True,6002013,6002016,None,,BackButtonTouch,,,,,None,1,False,,True,,True,2011041,False,0,None,True,addonresource,None,,,unmaskkeylist,tuto_back_btn,,,,,,,,
2011041,1,2011,None,True,6002013,6002016,FinishLobbyAnimation,,EnterUnitView,,,,,None,1,False,,True,,True,2011051,False,0,None,True,addonresource,None,,,unmaskkeylist,field_tuto08_02,,,,,,,,
2011051,1,2011,None,True,6002013,6002016,EnterUnitView,,CharacterSelect,,,,,None,1,False,,True,,True,2011061,False,0,None,True,addonresource,None,,,unmaskkeylist,field_tuto09_02,,,,,,,,
2011061,1,2011,None,True,6002013,6002016,EnterCharacterDetailView,,None,,si_c907_00_s,Locale_Tutorial:tuto_easy_equip_02_title,Locale_Tutorial:tuto_easy_equip_02_description,Top,1,False,,True,,False,2011071,False,0,None,True,addonresource,None,,,unmaskkeylist,field_tuto10_02,,,,,,,,
2011071,1,2011,None,True,6002013,6002016,None,,None,,si_c907_00_s,Locale_Tutorial:tuto_easy_equip_03_title,Locale_Tutorial:tuto_easy_equip_03_description,Top,1,False,,True,,False,2011081,False,0,None,True,addonresource,None,,,unmaskkeylist,tuto_easy_equip_btn,,,,,,,,
2011081,1,2011,None,True,6002013,6002016,None,,None,,si_c907_00_s,Locale_Tutorial:tuto_easy_equip_04_title,Locale_Tutorial:tuto_easy_equip_04_description,Top,1,False,,True,,False,2011151,False,0,None,True,addonresource,None,,,,,,,,,,,,
2011091,1,2011,None,True,6002013,6002016,FinishLobbyAnimation,,None,,si_c907_00_s,Locale_Tutorial:tuto_easy_equip_06_title,Locale_Tutorial:tuto_easy_equip_06_description,Top,1,False,,True,,False,2011101,False,0,FinishLobbyAnimation,True,addonresource,None,,,,,,,,,,,,
2011101,1,2011,None,True,6002013,6002016,None,,EnterUnitView,,,,,None,1,False,,True,,True,2011111,False,0,None,True,addonresource,None,,,unmaskkeylist,field_tuto08_02,,,,,,,,
2011111,1,2011,None,True,6002013,6002016,EnterUnitView,,CharacterSelect,,,,,None,1,False,,True,,True,2011121,False,0,None,True,addonresource,None,,,unmaskkeylist,field_tuto09_02,,,,,,,,
2011121,1,2011,None,True,6002013,6002016,EnterCharacterDetailView,,None,,si_c907_00_s,Locale_Tutorial:tuto_easy_equip_02_title,Locale_Tutorial:tuto_easy_equip_02_description,Top,1,False,,True,,False,2011131,False,0,None,True,addonresource,None,,,unmaskkeylist,field_tuto10_02,,,,,,,,
2011131,1,2011,None,True,6002013,6002016,None,,None,,si_c907_00_s,Locale_Tutorial:tuto_easy_equip_03_title,Locale_Tutorial:tuto_easy_equip_03_description,Top,1,False,,True,,False,2011141,False,0,None,True,addonresource,None,,,unmaskkeylist,tuto_easy_equip_btn,,,,,,,,
2011141,1,2011,None,True,6002013,6002016,None,,None,,si_c907_00_s,Locale_Tutorial:tuto_easy_equip_04_title,Locale_Tutorial:tuto_easy_equip_04_description,Top,1,False,,True,,False,2011151,False,0,None,True,addonresource,None,,,,,,,,,,,,
2011151,1,2011,None,True,6002013,6002016,None,,None,,si_c907_00_s,Locale_Tutorial:tuto_easy_equip_05_title,Locale_Tutorial:tuto_easy_equip_05_description,Top,0,False,,True,,False,0,True,1,None,True,addonresource,None,,,,,,,,,,,,
2100012,2,2100,None,True,6002016,6003001,EnterOutpost,,None,,si_c907_00_s,Locale_Tutorial:tuto_outpost_01_title,Locale_Tutorial:tuto_outpost_01_description,Top,0,False,,True,,False,2100022,True,2100012,EnterOutpost,True,addonresource,None,,,,,,,,,,,,
2100022,2,2100,None,True,6002016,6003001,None,,None,,si_c907_00_s,Locale_Tutorial:tuto_outpost_02_title,Locale_Tutorial:tuto_outpost_02_description,Top,0,False,,True,,False,2100032,False,0,None,True,addonresource,None,,,,,,,,,,,,
2100032,2,2100,None,True,6002016,6003001,None,,None,,si_c907_00_s,Locale_Tutorial:tuto_outpost_03_title,Locale_Tutorial:tuto_outpost_03_description,Top,1,False,,True,,False,2100042,False,0,None,True,addonresource,None,,,unmaskkeylist,tuto_outpost_00,,,,,,,,
2100042,2,2100,None,True,6002016,6003001,None,,None,,si_c907_00_s,Locale_Tutorial:tuto_outpost_04_title,Locale_Tutorial:tuto_outpost_04_description,Top,1,False,,True,,False,2100052,False,0,None,True,addonresource,None,,,unmaskkeylist,tuto_outpost_00,,,,,,,,
2100052,2,2100,None,True,6002016,6003001,None,,None,,si_c907_00_s,Locale_Tutorial:tuto_outpost_05_title,Locale_Tutorial:tuto_outpost_05_description,Top,1,False,,True,,False,2100062,False,0,None,True,addonresource,None,,,,,,,,,,,,
2100062,2,2100,None,True,6002016,6003001,None,,None,,si_c907_00_s,Locale_Tutorial:tuto_outpost_06_title,Locale_Tutorial:tuto_outpost_06_description,Top,1,False,,True,,False,2100072,False,0,None,True,addonresource,None,,,,,,,,,,,,
2100072,2,2100,OutpostHUD,True,6002016,0,None,,None,,,,,None,1,False,,True,Locale_Tutorial:tuto_outpost_hud_decription_01,False,2100082,False,0,None,True,addonresource,None,,,unmaskkeylist,tuto_outpost_hud_01,,,,,,,,
2100082,2,2100,OutpostHUD,True,6002016,0,None,,None,,,,,None,1,False,,True,Locale_Tutorial:tuto_outpost_hud_decription_03,False,2100092,False,0,None,True,addonresource,None,,,unmaskkeylist,tuto_outpost_hud_03,,,,,,,,
2100092,2,2100,OutpostHUD,True,6002016,0,None,,None,,,,,None,1,False,,True,Locale_Tutorial:tuto_outpost_hud_decription_04,False,2100102,False,0,None,True,addonresource,None,,,unmaskkeylist,tuto_outpost_hud_04,,,,,,,,
2100102,2,2100,OutpostHUD,True,6002016,0,None,,None,,,,,None,1,False,,True,Locale_Tutorial:tuto_outpost_hud_decription_02,False,2100112,False,0,None,True,addonresource,None,,,unmaskkeylist,tuto_outpost_hud_02,,,,,,,,
2100112,2,2100,OutpostHUD,True,6002016,0,None,,None,,,,,None,1,False,,True,Locale_Tutorial:tuto_outpost_hud_decription_05,False,2100122,False,0,None,True,addonresource,None,,,unmaskkeylist,tuto_outpost_hud_05,,,,,,,,
2100122,2,2100,OutpostHUD,True,6002016,0,None,,None,,,,,None,1,False,,True,Locale_Tutorial:tuto_outpost_hud_decription_06,False,2100132,True,2100252,None,True,addonresource,None,,,unmaskkeylist,tuto_outpost_hud_06,,,,,,,,
2100132,2,2100,None,True,6002016,6003001,None,,None,,si_c907_00_s,Locale_Tutorial:tuto_oupostbattle_01_title,Locale_Tutorial:tuto_oupostbattle_01_description,Top,0,False,,True,,True,2100142,False,0,None,True,addonresource,None,,,,,,,,,,,,
2100142,2,2100,None,True,6002016,6003001,None,,OutpostBattleShortCutTouch,,si_c907_00_s,Locale_Tutorial:tuto_oupostbattle_02_title,Locale_Tutorial:tuto_oupostbattle_02_description,Top,1,False,,True,,True,2100152,False,0,None,True,addonresource,None,,,unmaskkeylist,tuto_outpostbattle_02,,,,,,,,
2100152,2,2100,OutpostBattle,True,6002016,0,EnterOutpostBattlePopup,,None,,,,,None,1,False,,True,Locale_Tutorial:tuto_oupostbattle_03_01_description,False,2100162,False,0,None,True,addonresource,None,,,unmaskkeylist,tuto_outpostbattle_03_01,,,,,,,,
2100162,2,2100,OutpostBattle,True,6002016,0,None,,None,,,,,None,1,False,,True,Locale_Tutorial:tuto_oupostbattle_03_02_description,False,2100172,False,0,None,True,addonresource,None,,,unmaskkeylist,tuto_outpostbattle_03_02,,,,,,,,
2100172,2,2100,OutpostBattle,True,6002016,0,None,,None,,,,,None,1,False,,True,Locale_Tutorial:tuto_oupostbattle_03_03_description,False,2100182,False,0,None,True,addonresource,None,,,unmaskkeylist,tuto_outpostbattle_03_03,,,,,,,,
2100182,2,2100,OutpostBattle,True,6002016,0,None,,None,,,,,None,1,False,,True,Locale_Tutorial:tuto_oupostbattle_03_04_description,False,2100192,False,0,None,True,addonresource,None,,,unmaskkeylist,tuto_outpostbattle_03_04,,,,,,,,
2100192,2,2100,OutpostBattle,True,6002016,0,None,,None,,,,,None,1,False,,True,Locale_Tutorial:tuto_oupostbattle_03_05_description,False,2100202,False,0,None,True,addonresource,None,,,unmaskkeylist,tuto_outpostbattle_03_05,,,,,,,,
2100202,2,2100,None,True,6002016,6003001,None,,ReceiveRewardButtonTouch,,si_c907_00_s,Locale_Tutorial:tuto_oupostbattle_04_title,Locale_Tutorial:tuto_oupostbattle_04_description,Top,1,False,,True,,True,2100212,True,2100382,None,True,addonresource,None,,,unmaskkeylist,tuto_outpostbattle_04,,,,,,,,
2100212,2,2100,None,True,6002016,6003001,CloseRewardPopup,,None,,si_c907_00_s,Locale_Tutorial:tuto_oupostbattle_05_title,Locale_Tutorial:tuto_oupostbattle_0_01_description,Top,0,False,,True,,True,2100222,False,0,None,True,addonresource,None,,,,,,,,,,,,
2100222,2,2100,None,True,6002016,6003001,None,,None,,si_c907_00_s,Locale_Tutorial:tuto_oupostbattle_05_title,Locale_Tutorial:tuto_oupostbattle_0_02_description,Top,0,False,,True,,True,2100232,False,0,None,True,addonresource,None,,,,,,,,,,,,
2100232,2,2100,None,True,6002016,6003001,None,,TouchOutpostBattlePopupCloseButton,,si_c907_00_s,Locale_Tutorial:tuto_outpost_07_title,Locale_Tutorial:tuto_outpost_07_description,Middle,1,False,,True,,True,2100242,False,0,None,True,addonresource,None,,,unmaskkeylist,tuto_outpost_battle_close_button_touch,,,,,,,,
2100242,2,2100,None,True,6002016,6003001,TouchOutpostBattlePopupCloseButton,,TouchCommanderCenterShortCutButton,,,,,None,1,False,,True,,True,0,True,1,None,True,addonresource,None,,,unmaskkeylist,tuto_outpost_hud_commander_btn,,,,,,,,
2100252,2,2100,None,True,6002016,6003001,FinishLobbyAnimation,,OutpostButtonTouch,,si_c907_00_s,Locale_Tutorial:field_tuto11_02_title,Locale_Tutorial:field_tuto11_02_description,Top,1,False,,True,,True,2100262,False,0,FinishLobbyAnimation,True,addonresource,None,,,unmaskkeylist,tuto_synchrodevice_02,,,,,,,,
2100262,2,2100,None,True,6002016,6003001,EnterOutpost,,None,,si_c907_00_s,Locale_Tutorial:tuto_oupostbattle_01_title,Locale_Tutorial:tuto_oupostbattle_01_description,Top,0,False,,True,,True,2100272,False,0,None,True,addonresource,None,,,,,,,,,,,,
2100272,2,2100,None,True,6002016,6003001,None,,OutpostBattleShortCutTouch,,si_c907_00_s,Locale_Tutorial:tuto_oupostbattle_02_title,Locale_Tutorial:tuto_oupostbattle_02_description,Top,1,False,,True,,True,2100282,False,0,None,True,addonresource,None,,,unmaskkeylist,tuto_outpostbattle_02,,,,,,,,
2100282,2,2100,None,True,6002016,0,EnterOutpostBattlePopup,,None,,,,,None,1,False,,True,Locale_Tutorial:tuto_oupostbattle_03_01_description,False,2100292,False,0,None,True,addonresource,None,,,unmaskkeylist,tuto_outpostbattle_03_01,,,,,,,,
2100292,2,2100,None,True,6002016,0,None,,None,,,,,None,1,False,,True,Locale_Tutorial:tuto_oupostbattle_03_02_description,False,2100302,False,0,None,True,addonresource,None,,,unmaskkeylist,tuto_outpostbattle_03_02,,,,,,,,
2100302,2,2100,None,True,6002016,0,None,,None,,,,,None,1,False,,True,Locale_Tutorial:tuto_oupostbattle_03_03_description,False,2100312,False,0,None,True,addonresource,None,,,unmaskkeylist,tuto_outpostbattle_03_03,,,,,,,,
2100312,2,2100,None,True,6002016,0,None,,None,,,,,None,1,False,,True,Locale_Tutorial:tuto_oupostbattle_03_04_description,False,2100322,False,0,None,True,addonresource,None,,,unmaskkeylist,tuto_outpostbattle_03_04,,,,,,,,
2100322,2,2100,None,True,6002016,0,None,,None,,,,,None,1,False,,True,Locale_Tutorial:tuto_oupostbattle_03_05_description,False,2100332,False,0,None,True,addonresource,None,,,unmaskkeylist,tuto_outpostbattle_03_05,,,,,,,,
2100332,2,2100,None,True,6002016,6003001,None,,ReceiveRewardButtonTouch,,si_c907_00_s,Locale_Tutorial:tuto_oupostbattle_04_title,Locale_Tutorial:tuto_oupostbattle_04_description,Top,1,False,,True,,True,2100342,True,2100382,None,True,addonresource,None,,,unmaskkeylist,tuto_outpostbattle_04,,,,,,,,
2100342,2,2100,None,True,6002016,6003001,CloseRewardPopup,,None,,si_c907_00_s,Locale_Tutorial:tuto_oupostbattle_05_title,Locale_Tutorial:tuto_oupostbattle_0_01_description,Top,0,False,,True,,True,2100352,False,0,None,True,addonresource,None,,,,,,,,,,,,
2100352,2,2100,None,True,6002016,6003001,None,,None,,si_c907_00_s,Locale_Tutorial:tuto_oupostbattle_05_title,Locale_Tutorial:tuto_oupostbattle_0_02_description,Top,0,False,,True,,True,2100362,False,0,None,True,addonresource,None,,,,,,,,,,,,
2100362,2,2100,None,True,6002016,6003001,None,,TouchOutpostBattlePopupCloseButton,,si_c907_00_s,Locale_Tutorial:tuto_outpost_07_title,Locale_Tutorial:tuto_outpost_07_description,Middle,1,False,,True,,True,2100372,False,0,None,True,addonresource,None,,,unmaskkeylist,tuto_outpost_battle_close_button_touch,,,,,,,,
2100372,2,2100,None,True,6002016,6003001,TouchOutpostBattlePopupCloseButton,,TouchCommanderCenterShortCutButton,,,,,None,1,False,,True,,True,0,True,1,None,True,addonresource,None,,,unmaskkeylist,tuto_outpost_hud_commander_btn,,,,,,,,
2100382,2,2100,None,True,6002016,6003001,FinishLobbyAnimation,,None,,si_c907_00_s,Locale_Tutorial:tuto_outpost_08_title,Locale_Tutorial:tuto_outpost_08_description,Top,1,False,,True,,False,2100392,False,0,FinishLobbyAnimation,True,addonresource,None,,,,,,,,,,,,
2100392,2,2100,None,True,6002016,6003001,None,,OutpostButtonTouch,,,,,None,1,False,,True,,True,2100402,False,0,None,True,addonresource,None,,,unmaskkeylist,tuto_synchrodevice_02,,,,,,,,
2100402,2,2100,None,True,6002016,6003001,EnterOutpost,,TouchCommanderCenterShortCutButton,,,,,None,1,False,,True,,True,0,True,1,None,True,addonresource,None,,,unmaskkeylist,tuto_outpost_hud_commander_btn,,,,,,,,
220001,0,2200,Attractive,True,6001004,0,EnterCharacterAttractiveView,,None,,,,,None,1,False,,True,Locale_Tutorial:tuto_attractive_01_description,False,220002,False,0,None,True,addonresource,None,,,unmaskkeylist,tuto_attractive_01,,,,,,,,
220002,0,2200,Attractive,True,6001004,0,None,,None,,,,,None,1,False,,True,Locale_Tutorial:tuto_attractive_02_description,False,220003,False,0,None,True,addonresource,None,,,unmaskkeylist,tuto_attractive_02,,,,,,,,
220003,0,2200,Attractive,True,6001004,0,None,,None,,,,,None,1,False,,True,Locale_Tutorial:tuto_attractive_03_description,False,220004,False,0,None,True,addonresource,None,,,unmaskkeylist,tuto_attractive_03,,,,,,,,
220004,0,2200,Attractive,True,6001004,0,None,,None,,,,,None,1,False,,True,Locale_Tutorial:tuto_attractive_04_description,False,0,True,0,None,True,addonresource,None,,,unmaskkeylist,tuto_attractive_04,,,,,,,,
230001,0,2300,Dispatch,True,6001004,0,EnterDispatchBoardView,,None,,,,,None,1,False,,True,Locale_Tutorial:tuto_dispatch_01_description,False,230002,False,0,None,True,addonresource,None,,,unmaskkeylist,tuto_dispatch_01,,,,,,,,
230002,0,2300,Dispatch,True,6001004,0,None,,None,,,,,None,1,False,,True,Locale_Tutorial:tuto_dispatch_02_description,False,230003,False,0,None,True,addonresource,None,,,unmaskkeylist,tuto_dispatch_02,,,,,,,,
230003,0,2300,Dispatch,True,6001004,0,None,,None,,,,,None,1,False,,True,Locale_Tutorial:tuto_dispatch_03_description,False,0,True,0,None,True,addonresource,None,,,unmaskkeylist,tuto_dispatch_03,,,,,,,,
240001,0,2400,Tower,True,6001004,0,EnterTowerStageSelectView,,None,,,,,None,1,False,,True,Locale_Tutorial:tuto_tower_01_description,False,240002,False,0,None,True,addonresource,None,,,unmaskkeylist,tuto_tower_01,,,,,,,,
240002,0,2400,Tower,True,6001004,0,None,,None,,,,,None,1,False,,True,Locale_Tutorial:tuto_tower_02_description,False,0,True,0,None,True,addonresource,None,,,unmaskkeylist,tuto_tower_02,,,,,,,,
2500011,1,2500,None,True,6004018,6004021,EnterField,,BackButtonTouch,,si_c010_00_s,Locale_Tutorial:field_tuto11_01_title,Locale_Tutorial:field_tuto11_01_description,Top,1,False,,True,,True,2500021,True,2500021,None,True,addonresource,None,,,unmaskkeylist,tuto_back_btn,,,,,,,,
2500021,1,2500,None,True,6004018,6004021,FinishLobbyAnimation,,OutpostButtonTouch,,si_c010_00_s,Locale_Tutorial:field_tuto11_02_title,Locale_Tutorial:field_tuto11_02_description,Top,1,False,,True,,True,2500031,False,0,FinishLobbyAnimation,True,addonresource,None,,,unmaskkeylist,tuto_synchrodevice_02,,,,,,,,
2500031,1,2500,None,True,6004018,6004021,EnterOutpost,,SynchroDeviceShortCutButtonTouch,,si_c010_00_s,Locale_Tutorial:field_tuto12_01_title,Locale_Tutorial:field_tuto12_01_description,Top,1,False,,True,,True,2500041,False,0,None,True,addonresource,None,,,unmaskkeylist,tuto_synchrodevice_03,,,,,,,,
2500041,1,2500,None,True,6004018,6004021,EnterBuildingPopup,,BuildingEnterButtonTouch,,si_c010_00_s,Locale_Tutorial:field_tuto12_05_title,Locale_Tutorial:field_tuto12_05_description,None,1,False,,True,,True,2500051,True,1,None,True,addonresource,None,,,unmaskkeylist,tuto_synchrodevice_09,,,,,,,,
2500051,1,2500,None,True,6004018,6004021,EnterSynchroDeviceView,,None,,si_c010_00_s,Locale_Tutorial:field_tuto12_06_title,Locale_Tutorial:field_tuto12_06_description,Top,0,False,,True,,False,2500061,False,0,None,True,addonresource,None,,,,,,,,,,,,
2500061,1,2500,SynchroDevice,True,6004018,0,None,,None,,,,,None,1,False,,True,Locale_Tutorial:tuto_synchrodevice_01_description,False,2500071,False,0,EnterSynchroDeviceView,True,addonresource,None,,,unmaskkeylist,tuto_synchrodevice_10_01,,,,,,,,
2500071,1,2500,SynchroDevice,True,6004018,0,None,,None,,,,,None,1,False,,True,Locale_Tutorial:tuto_synchrodevice_02_description,False,2500081,False,0,None,True,addonresource,None,,,unmaskkeylist,tuto_synchrodevice_10_02,,,,,,,,
2500081,1,2500,SynchroDevice,True,6004018,0,None,,None,,,,,None,1,False,,True,Locale_Tutorial:tuto_synchrodevice_03_description,False,2500091,True,1,None,True,addonresource,None,,,unmaskkeylist,tuto_synchrodevice_10_03,,,,,,,,
2500091,1,2500,None,True,6004018,0,None,,AutoPositionButtonTouch,,si_c010_00_s,Locale_Tutorial:tuto_synchrodevice_04_title,Locale_Tutorial:tuto_synchrodevice_04_description,Top,1,False,,True,,True,2500101,False,0,None,True,addonresource,None,,,unmaskkeylist,field_tuto_synchro_CharacterAutoSelect,,,,,,,,
2500101,1,2500,None,True,6004018,0,AutoPositionButtonTouch,,AutoUpgradeButtonTouch,,si_c010_00_s,Locale_Tutorial:tuto_synchrodevice_05_title,Locale_Tutorial:tuto_synchrodevice_05_description,Top,1,False,,True,,True,2500111,False,1,None,True,addonresource,None,,,unmaskkeylist,field_tuto_synchro_LevelUp,,,,,,,,
2500111,1,2500,None,True,6004018,0,AutoUpgradeButtonTouch,,None,,si_c010_00_s,Locale_Tutorial:tuto_synchrodevice_05_title,Locale_Tutorial:tuto_synchrodevice_05_description,Top,0,False,,True,,False,2500121,False,1,None,True,addonresource,None,,,,,,,,,,,,
2500121,1,2500,None,True,6004018,0,None,,CloseButtonTouch,,,,,None,1,False,,True,,True,2500131,False,1,None,True,addonresource,None,,,unmaskkeylist,tuto_synchro_device_upgrade_close_button_touch,,,,,,,,
2500131,1,2500,None,True,6004018,6004021,CloseButtonTouch,,HomeButtonTouch,,si_c010_00_s,,,None,1,False,,True,,True,2500141,False,0,None,True,addonresource,None,,,unmaskkeylist,tuto_synchro_device_home_btn,,,,,,,,
2500141,1,2500,None,True,6004018,6004021,FinishLobbyAnimation,,TouchLobbyStartButton,,si_c010_00_s,Locale_Tutorial:tuto_simulation_room_38_title,Locale_Tutorial:tuto_simulation_room_38_description,Top,1,False,,True,,True,0,True,1,None,True,addonresource,None,,,unmaskkeylist,tuto_lobby_start_button_event_dim,,,,,,,,
260001,0,2600,RecycleRoom,True,6005013,0,EnterRecycleRoomView,,None,,,,,None,1,False,,True,Locale_Tutorial:tuto_recycleroom_01_description,False,260002,False,0,None,True,addonresource,unmask_tuto_recycleroom_02,,,unmaskkeylist,unmask_tuto_recycleroom_01,,,,,,,,
260002,0,2600,RecycleRoom,True,6005013,0,None,,None,,,,,None,1,False,,True,Locale_Tutorial:tuto_recycleroom_02_description,False,260003,False,0,None,True,addonresource,unmask_tuto_recycleroom_01,,,unmaskkeylist,unmask_tuto_recycleroom_02,,,,,,,,
260003,0,2600,RecycleRoom,True,6005013,0,None,,None,,,,,None,1,False,,True,Locale_Tutorial:tuto_recycleroom_03_description,False,0,True,1,None,True,addonresource,unmask_tuto_recycleroom_03,,,unmaskkeylist,unmask_tuto_recycleroom_03,,,,,,,,
270001,0,2700,Academy,True,6002016,0,EnterAcademyView,,None,,,,,None,1,False,,True,Locale_Tutorial:tuto_academy_01_description,False,270002,False,0,None,True,addonresource,None,,,unmaskkeylist,tuto_academy_01,,,,,,,,
270002,0,2700,Academy,True,6002016,0,None,,None,,,,,None,1,False,,True,Locale_Tutorial:tuto_academy_02_description,False,270003,False,0,None,True,addonresource,None,,,unmaskkeylist,tuto_academy_01,,,,,,,,
270003,0,2700,Academy,True,6002016,0,None,,None,,,,,None,1,False,,True,Locale_Tutorial:tuto_academy_03_description,False,270004,False,0,None,True,addonresource,None,,,unmaskkeylist,tuto_academy_01,,,,,,,,
270004,0,2700,Academy,True,6002016,0,None,,None,,,,,None,1,False,,True,Locale_Tutorial:tuto_academy_04_description,False,270005,False,0,None,True,addonresource,None,,,unmaskkeylist,tuto_academy_04,,,,,,,,
270005,0,2700,Academy,True,6002016,0,None,,None,,,,,None,1,False,,True,Locale_Tutorial:tuto_academy_05_description,False,0,True,1,None,True,addonresource,None,,,unmaskkeylist,tuto_academy_03,,,,,,,,
280001,0,2800,None,True,6001004,0,UnlockWishList,,ConfirmButtonTouch,,si_c907_00_s,Locale_Tutorial:tuto_wishlist_01_title,Locale_Tutorial:tuto_wishlist_01_description,Top,1,False,,True,,True,280002,True,1,None,True,addonresource,None,,,unmaskkeylist,field_tuto06_01,,,,,,,,
280002,0,2800,None,True,6001004,0,EnterSummonView,,WishListButtonTouch,,,,,None,1,False,,True,,True,280003,False,0,None,True,addonresource,None,,,unmaskkeylist,tuto_wishlist_01,,,,,,,,
280003,0,2800,None,True,6001004,0,EnterWishListPopup,,None,,si_c907_00_s,Locale_Tutorial:tuto_wishlist_02_title,Locale_Tutorial:tuto_wishlist_02_description,Top,1,False,,True,,False,280004,False,0,None,True,addonresource,None,,,unmaskkeylist,tuto_wishlist_02,,,,,,,,
280004,0,2800,None,True,6001004,0,None,,None,,si_c907_00_s,Locale_Tutorial:tuto_wishlist_03_title,Locale_Tutorial:tuto_wishlist_03_description_01,Top,1,False,,True,,False,0,True,1,None,True,addonresource,None,,,unmaskkeylist,tuto_wishlist_02,,,,,,,,
290001,0,2900,None,True,6001004,0,EnterLostSectorField,,None,,si_c907_00_s,Locale_Tutorial:tuto_lost_sector_field_01_title,Locale_Tutorial:tuto_lost_sector_field_01_description,Bottom,0,False,,True,,False,290002,True,290008,None,True,addonresource,None,,,,,,,,,,,,
290002,0,2900,None,True,6001004,0,None,,None,,si_c907_00_s,Locale_Tutorial:tuto_lost_sector_field_02_title,Locale_Tutorial:tuto_lost_sector_field_02_description,Middle,1,False,,True,,False,290003,False,0,None,True,addonresource,None,,,unmaskkeylist,tuto_lost_sector_field_02,,,,,,,,
290003,0,2900,None,True,6001004,0,None,,TouchPartySetButton,,si_c907_00_s,Locale_Tutorial:tuto_lost_sector_field_03_title,Locale_Tutorial:tuto_lost_sector_field_03_description,Bottom,1,False,ContentsTutorialUnmask_Circle_01,True,,True,290004,False,0,None,True,addonresource,None,markhiddenitemid,StartSquadMarker,unmaskkeylist,tuto_lost_sector_field_03,,,,,,,,
290004,0,2900,None,True,6001004,0,EnterLostSectorPartySetView,,None,,si_c907_00_s,Locale_Tutorial:tuto_lost_sector_field_04_title,Locale_Tutorial:tuto_lost_sector_field_04_description,Middle,1,False,,True,,False,290005,False,0,None,True,addonresource,None,,,unmaskkeylist,tuto_lost_sector_field_04,,,,,,,,
290005,0,2900,None,True,6001004,0,None,,TouchAutoSettingButton,,si_c907_00_s,Locale_Tutorial:tuto_lost_sector_field_05_title,Locale_Tutorial:tuto_lost_sector_field_05_description,Middle,1,False,,True,,True,290006,False,0,None,True,addonresource,None,,,unmaskkeylist,tuto_auto_setting_button,,,,,,,,
290006,0,2900,None,True,6001004,0,TouchAutoSettingButton,,TouchSavePartySetButton,,si_c907_00_s,Locale_Tutorial:tuto_lost_sector_field_06_title,Locale_Tutorial:tuto_lost_sector_field_06_description,Middle,1,False,,True,,True,290007,True,290019,None,True,addonresource,None,,,unmaskkeylist,tuto_save_party_set_button,,,,,,,,
290007,0,2900,None,True,6001004,0,OpenLostSectorHud,,TouchExplorationButton,,si_c907_00_s,Locale_Tutorial:tuto_lost_sector_field_07_title,Locale_Tutorial:tuto_lost_sector_field_07_description,Middle,1,False,,True,,True,0,True,1,None,True,addonresource,None,,,unmaskkeylist,tuto_exploration_button,,,,,,,,
290008,0,2900,None,True,6001004,0,FinishLobbyAnimation,,TouchArkButton,,si_c907_00_s,Locale_Tutorial:tuto_lost_sector_re_start_title,Locale_Tutorial:tuto_lost_sector_re_start_description,Top,1,False,,True,,True,290009,False,0,FinishLobbyAnimation,True,addonresource,None,,,unmaskkeylist,tuto_ark_button,,,,,,,,
290009,0,2900,None,True,6001004,0,EnterArkView,,TouchLostSectorButton,,,,,None,1,False,,True,,True,290010,False,0,None,True,addonresource,None,,,unmaskkeylist,tuto_lost_sector_button,,,,,,,,
290010,0,2900,None,True,6001004,0,EnterLostSectorMainView,,TouchLostSectorStageButton,,,,,None,1,False,,True,,True,290011,False,0,None,True,addonresource,None,,,unmaskkeylist,tuto_lost_sector_stage_button,,,,,,,,
290011,0,2900,None,True,6001004,0,EnterLostSectorStagePopup,,TouchLostSectorExplorationButton,,,,,None,1,False,,True,,True,290012,False,0,None,True,addonresource,None,,,unmaskkeylist,tuto_lost_sector_exploration_button,,,,,,,,
290012,0,2900,None,True,6001004,0,EnterLostSectorField,,None,,si_c907_00_s,Locale_Tutorial:tuto_lost_sector_field_01_title,Locale_Tutorial:tuto_lost_sector_field_01_description,Bottom,0,False,,True,,False,290013,False,0,None,True,addonresource,None,,,,,,,,,,,,
290013,0,2900,None,True,6001004,0,None,,None,,si_c907_00_s,Locale_Tutorial:tuto_lost_sector_field_02_title,Locale_Tutorial:tuto_lost_sector_field_02_description,Middle,1,False,,True,,False,290014,False,0,None,True,addonresource,None,,,unmaskkeylist,tuto_lost_sector_field_02,,,,,,,,
290014,0,2900,None,True,6001004,0,None,,TouchPartySetButton,,si_c907_00_s,Locale_Tutorial:tuto_lost_sector_field_03_title,Locale_Tutorial:tuto_lost_sector_field_03_description,Bottom,1,False,ContentsTutorialUnmask_Circle_01,True,,True,290015,False,0,None,True,addonresource,None,markhiddenitemid,StartSquadMarker,unmaskkeylist,tuto_lost_sector_field_03,,,,,,,,
290015,0,2900,None,True,6001004,0,EnterLostSectorPartySetView,,None,,si_c907_00_s,Locale_Tutorial:tuto_lost_sector_field_04_title,Locale_Tutorial:tuto_lost_sector_field_04_description,Middle,1,False,,True,,False,290016,False,0,None,True,addonresource,None,,,unmaskkeylist,tuto_lost_sector_field_04,,,,,,,,
290016,0,2900,None,True,6001004,0,None,,TouchAutoSettingButton,,si_c907_00_s,Locale_Tutorial:tuto_lost_sector_field_05_title,Locale_Tutorial:tuto_lost_sector_field_05_description,Middle,1,False,,True,,True,290017,False,0,None,True,addonresource,None,,,unmaskkeylist,tuto_auto_setting_button,,,,,,,,
290017,0,2900,None,True,6001004,0,TouchAutoSettingButton,,TouchSavePartySetButton,,si_c907_00_s,Locale_Tutorial:tuto_lost_sector_field_06_title,Locale_Tutorial:tuto_lost_sector_field_06_description,Middle,1,False,,True,,True,290018,True,290019,None,True,addonresource,None,,,unmaskkeylist,tuto_save_party_set_button,,,,,,,,
290018,0,2900,None,True,6001004,0,OpenLostSectorHud,,TouchExplorationButton,,si_c907_00_s,Locale_Tutorial:tuto_lost_sector_field_07_title,Locale_Tutorial:tuto_lost_sector_field_07_description,Middle,1,False,,True,,True,0,True,1,None,True,addonresource,None,,,unmaskkeylist,tuto_exploration_button,,,,,,,,
290019,0,2900,None,True,6001004,0,FinishLobbyAnimation,,TouchArkButton,,si_c907_00_s,Locale_Tutorial:tuto_lost_sector_re_start_title,Locale_Tutorial:tuto_lost_sector_re_start_description,Top,1,False,,True,,True,290020,False,0,FinishLobbyAnimation,True,addonresource,None,,,unmaskkeylist,tuto_ark_button,,,,,,,,
290020,0,2900,None,True,6001004,0,EnterArkView,,TouchLostSectorButton,,,,,None,1,False,,True,,True,290021,False,0,None,True,addonresource,None,,,unmaskkeylist,tuto_lost_sector_button,,,,,,,,
290021,0,2900,None,True,6001004,0,EnterLostSectorMainView,,TouchLostSectorStageButton,,,,,None,1,False,,True,,True,290022,False,0,None,True,addonresource,None,,,unmaskkeylist,tuto_lost_sector_stage_button,,,,,,,,
290022,0,2900,None,True,6001004,0,EnterLostSectorStagePopup,,TouchLostSectorExplorationButton,,,,,None,1,False,,True,,True,290023,False,0,None,True,addonresource,None,,,unmaskkeylist,tuto_lost_sector_exploration_button,,,,,,,,
290023,0,2900,None,True,6001004,0,OpenLostSectorHud,,TouchExplorationButton,,si_c907_00_s,Locale_Tutorial:tuto_lost_sector_field_07_title,Locale_Tutorial:tuto_lost_sector_field_07_description,Middle,1,False,,True,,True,0,True,1,None,True,addonresource,None,,,unmaskkeylist,tuto_exploration_button,,,,,,,,
3000013,3,3000,None,True,6001004,0,EnterSimulationRoomTitleView,,None,,si_c900_00_s,Locale_Tutorial:tuto_simulation_room_01_title,Locale_Tutorial:tuto_simulation_room_01_description,Middle,0,False,,True,,False,3000023,True,1,None,True,addonresource,None,,,,,,,,,,,,
3000023,3,3000,None,True,6001004,0,None,,TouchSimulationRoomLevelButton,,si_c900_00_s,Locale_Tutorial:tuto_simulation_room_02_title,Locale_Tutorial:tuto_simulation_room_02_description,Middle,1,False,,True,,True,3000033,True,1,None,True,addonresource,None,,,unmaskkeylist,tuto_simulation_room_02,,,,,,,,
3000033,3,3000,None,True,6001004,0,EnterSimulationRoomLevelPopup,,None,,si_c900_00_s,Locale_Tutorial:tuto_simulation_room_03_title,Locale_Tutorial:tuto_simulation_room_03_description,Top,1,False,,True,,False,3000043,True,1,None,True,addonresource,None,,,unmaskkeylist,tuto_simulation_room_03,,,,,,,,
3000043,3,3000,None,True,6001004,0,None,,None,,si_c900_00_s,Locale_Tutorial:tuto_simulation_room_04_title,Locale_Tutorial:tuto_simulation_room_04_description,Top,1,False,,True,,False,3000053,True,1,None,True,addonresource,None,,,unmaskkeylist,tuto_simulation_room_04,,,,,,,,
3000053,3,3000,None,True,6001004,0,None,,None,,si_c900_00_s,Locale_Tutorial:tuto_simulation_room_05_title,Locale_Tutorial:tuto_simulation_room_05_description,Top,1,False,,True,,False,3000063,True,1,None,True,addonresource,None,,,unmaskkeylist,tuto_simulation_room_05,,,,,,,,
3000063,3,3000,None,True,6001004,0,None,,TouchSimulationRoomStartButton,,si_c900_00_s,Locale_Tutorial:tuto_simulation_room_06_title,Locale_Tutorial:tuto_simulation_room_06_description,Top,1,False,,True,,True,3000073,True,1,None,True,addonresource,None,,,unmaskkeylist,tuto_simulation_room_06,,,,,,,,
3000073,3,3000,None,True,6001004,0,EnterSimulationRoomStageView,,None,,si_c900_00_s,Locale_Tutorial:tuto_simulation_room_07_title,Locale_Tutorial:tuto_simulation_room_07_description,Middle,1,False,,True,,False,3000083,True,1,None,True,addonresource,None,,,unmaskkeylist,tuto_simulation_event_slot,,,,,,,,
3000083,3,3000,None,True,6001004,0,None,,None,,si_c900_00_s,Locale_Tutorial:tuto_simulation_room_09_title,Locale_Tutorial:tuto_simulation_room_09_description,Middle,1,False,,True,,False,3000093,True,1,None,True,addonresource,None,,,,,,,,,,,,
3000093,3,3000,None,True,6001004,0,None,,TouchSimulationEventSlot,,,,,None,1,False,,True,,True,3000103,True,1,None,True,addonresource,None,,,unmaskkeylist,tuto_simulation_event_slot_first_touch,,,,,,,,
3000103,3,3000,None,True,6001004,0,EnterStageSelectView,,TouchTemaPresetSlot,,si_c900_00_s,Locale_Tutorial:tuto_simulation_room_11_title,Locale_Tutorial:tuto_simulation_room_11_description,Top,1,False,,True,,True,3000113,True,1,None,True,addonresource,None,,,unmaskkeylist,tuto_simulation_room_11,,,,,,,,
3000113,3,3000,None,True,6001004,0,EnterSimulationRoomPartySetView,,TouchAutoSettingButton,,si_c900_00_s,Locale_Tutorial:tuto_simulation_room_12_title,Locale_Tutorial:tuto_simulation_room_12_description,Top,1,False,,True,,True,3000123,True,1,None,True,addonresource,None,,,unmaskkeylist,tuto_auto_setting_button,,,,,,,,
3000123,3,3000,None,True,6001004,0,TouchAutoSettingButton,,TouchSavePartySetButton,,si_c900_00_s,Locale_Tutorial:tuto_simulation_room_13_title,Locale_Tutorial:tuto_simulation_room_13_description,Top,1,False,,True,,True,3000133,True,1,None,True,addonresource,None,,,unmaskkeylist,tuto_save_party_set_button,,,,,,,,
3000133,3,3000,None,True,6001004,0,EnterSimulationRoomStageView,,None,,si_c900_00_s,Locale_Tutorial:tuto_simulation_room_14_title,Locale_Tutorial:tuto_simulation_room_14_description,Top,1,False,,True,,False,3000143,True,1,None,True,addonresource,None,,,unmaskkeylist,tuto_fast_battle_button,,,,,,,,
3000143,3,3000,None,True,6001004,0,None,,None,,si_c900_00_s,Locale_Tutorial:tuto_simulation_room_15_title,Locale_Tutorial:tuto_simulation_room_15_description,Top,1,False,,True,,False,3000153,True,1,None,True,addonresource,None,,,unmaskkeylist,tuto_simulation_room_15,,,,,,,,
3000153,3,3000,None,True,6001004,0,None,,None,,si_c900_00_s,Locale_Tutorial:tuto_simulation_room_16_title,Locale_Tutorial:tuto_simulation_room_16_description,Top,1,False,,True,,False,3000163,True,1,None,True,addonresource,None,,,,,,,,,,,,
3000163,3,3000,None,True,6001004,0,None,,TouchFastBattleButton,,,,,None,1,False,,True,,True,3000173,True,1,None,True,addonresource,None,,,unmaskkeylist,tuto_fast_battle_button_touch,,,,,,,,
3000173,3,3000,None,True,6001004,0,EnterBuffSelectPopup,,None,,si_c900_00_s,Locale_Tutorial:tuto_simulation_room_17_title,Locale_Tutorial:tuto_simulation_room_17_description,Top,1,False,,True,,False,3000183,True,1,None,True,addonresource,None,,,unmaskkeylist,tuto_simulation_room_buff_list_spot,,,,,,,,
3000183,3,3000,None,True,6001004,0,None,,None,,si_c900_00_s,Locale_Tutorial:tuto_simulation_room_18_title,Locale_Tutorial:tuto_simulation_room_18_description,Top,1,False,,True,,False,3000193,True,1,None,True,addonresource,None,,,,,,,,,,,,
3000193,3,3000,None,True,6001004,0,None,,TouchBuffSlot,,si_c900_00_s,Locale_Tutorial:tuto_simulation_room_19_title,Locale_Tutorial:tuto_simulation_room_19_description,Top,1,False,,True,,True,3000203,True,1,None,True,addonresource,None,,,unmaskkeylist,tuto_simulation_room_buff_slot_spot,,,,,,,,
3000203,3,3000,None,True,6001004,0,TouchBuffSlot,,TouchConfirmButton,,,,,None,1,False,,True,,True,3000213,True,1,None,True,addonresource,None,,,unmaskkeylist,tuto_simulation_room_buff_confirm_spot,,,,,,,,
3000213,3,3000,None,True,6001004,0,TouchConfirmButton,,None,,si_c900_00_s,Locale_Tutorial:tuto_simulation_room_29_title,Locale_Tutorial:tuto_simulation_room_29_description,Top,1,False,,True,,False,3000223,True,1,None,True,addonresource,None,,,unmaskkeylist,tuto_simulation_room_buff_chain,,,,,,,,
3000223,3,3000,None,True,6001004,0,None,,None,,si_c900_00_s,Locale_Tutorial:tuto_simulation_room_30_title,Locale_Tutorial:tuto_simulation_room_30_description,Top,1,False,,True,,False,3000233,True,1,None,True,addonresource,None,,,unmaskkeylist,tuto_simulation_room_buff_chain_obtain,,,,,,,,
3000233,3,3000,None,True,6001004,0,None,,None,,si_c900_00_s,Locale_Tutorial:tuto_simulation_room_31_title,Locale_Tutorial:tuto_simulation_room_31_description,Top,1,False,,True,,False,3000243,True,1,None,True,addonresource,None,,,unmaskkeylist,tuto_simulation_room_buff_chain,,,,,,,,
3000243,3,3000,None,True,6001004,0,None,,None,,si_c900_00_s,Locale_Tutorial:tuto_simulation_room_32_title,Locale_Tutorial:tuto_simulation_room_32_description,Top,1,False,,True,,False,3000253,True,1,None,True,addonresource,None,,,,,,,,,,,,
3000253,3,3000,None,True,6001004,0,None,,None,,si_c900_00_s,Locale_Tutorial:tuto_simulation_room_21_title,Locale_Tutorial:tuto_simulation_room_21_description,Middle,1,False,,True,,False,3000263,True,1,None,True,addonresource,None,,,unmaskkeylist,tuto_simulation_event_slot,,,,,,,,
3000263,3,3000,None,True,6001004,0,None,,None,,si_c900_00_s,Locale_Tutorial:tuto_simulation_room_22_title,Locale_Tutorial:tuto_simulation_room_22_description,Middle,1,False,,True,,False,3000273,True,1,None,True,addonresource,None,,,unmaskkeylist,tuto_simulation_event_slot,,,,,,,,
3000273,3,3000,None,True,6001004,0,None,,TouchSimulationEventSlot,,,,,None,1,False,,True,,True,3000283,True,1,None,True,addonresource,None,,,unmaskkeylist,tuto_simulation_event_slot_first_touch,,,,,,,,
3000283,3,3000,None,True,6001004,0,EnterBuffSelectPopup,,None,,si_c900_00_s,Locale_Tutorial:tuto_simulation_room_24_title,Locale_Tutorial:tuto_simulation_room_24_description,Top,1,False,,True,,False,3000293,True,1,None,True,addonresource,None,,,unmaskkeylist,tuto_simulation_room_buff_list_heal,,,,,,,,
3000293,3,3000,None,True,6001004,0,None,,TouchBuffSlot,,,,,None,1,False,,True,,True,3000303,True,1,None,True,addonresource,None,,,unmaskkeylist,tuto_simulation_room_buff_slot_heal,,,,,,,,
3000303,3,3000,None,True,6001004,0,TouchBuffSlot,,TouchConfirmButton,,,,,None,1,False,,True,,True,3000313,True,1,None,True,addonresource,None,,,unmaskkeylist,tuto_simulation_room_buff_confirm_heal,,,,,,,,
3000313,3,3000,None,True,6001004,0,EnterSimulationRoomResultPopup,,TouchResultPopupConfirmButton,,,,,None,1,False,,True,,True,3000323,True,1,None,True,addonresource,None,,,unmaskkeylist,tuto_simulation_room_result_popup_confirm,,,,,,,,
3000323,3,3000,None,True,6001004,0,TouchResultPopupConfirmButton,,None,,si_c900_00_s,Locale_Tutorial:tuto_simulation_room_27_title,Locale_Tutorial:tuto_simulation_room_27_description,Top,1,False,,True,,False,3000333,True,1,None,True,addonresource,None,,,unmaskkeylist,tuto_simulation_event_slot,,,,,,,,
3000333,3,3000,None,True,6001004,0,None,,TouchSimulationEventSlot,,si_c900_00_s,Locale_Tutorial:tuto_simulation_room_28_title,Locale_Tutorial:tuto_simulation_room_28_description,Top,1,False,,True,,True,3000343,True,1,None,True,addonresource,None,,,unmaskkeylist,tuto_simulation_event_slot_first_touch,,,,,,,,
3000343,3,3000,None,True,6001004,0,EnterStageSelectView,,TouchBattleEntry,,,,,None,1,False,,True,,True,3000353,True,1,None,True,addonresource,None,,,unmaskkeylist,tuto_battle_enter,,,,,,,,
3000353,3,3000,None,True,6001004,0,EnterBuffSelectPopup,,TouchBuffSlot,,,,,None,1,False,,True,,True,3000363,True,1,None,True,addonresource,None,,,unmaskkeylist,tuto_simulation_room_buff_slot_spot,,,,,,,,
3000363,3,3000,None,True,6001004,0,TouchBuffSlot,,TouchConfirmButton,,,,,None,1,False,,True,,True,3000373,True,1,None,True,addonresource,None,,,unmaskkeylist,tuto_simulation_room_buff_confirm_spot,,,,,,,,
3000373,3,3000,None,True,6001004,0,TouchConfirmButton,,TouchGiveUpButton,,si_c900_00_s,Locale_Tutorial:tuto_simulation_room_33_title,Locale_Tutorial:tuto_simulation_room_33_description,Top,1,False,,True,,True,3000383,True,1,None,True,addonresource,None,,,unmaskkeylist,tuto_simulation_room_give_up_button,,,,,,,,
3000383,3,3000,None,True,6001004,0,EnterAlertPopup,,ConfirmButtonTouch,,si_c900_00_s,Locale_Tutorial:tuto_simulation_room_34_title,Locale_Tutorial:tuto_simulation_room_34_description,Top,1,False,,True,,True,3000393,True,1,None,True,addonresource,None,,,unmaskkeylist,tuto_outpostbuilding_04,,,,,,,,
3000393,3,3000,None,True,6001004,0,ConfirmButtonTouch,,None,,si_c900_00_s,Locale_Tutorial:tuto_simulation_room_35_title,Locale_Tutorial:tuto_simulation_room_35_description,Top,0,False,,True,,False,3000403,True,1,None,True,addonresource,None,,,,,,,,,,,,
3000403,3,3000,None,True,6001004,0,None,,TouchBuffLegacySlot,,si_c900_00_s,Locale_Tutorial:tuto_simulation_room_36_title,Locale_Tutorial:tuto_simulation_room_36_description,Top,1,False,,True,,True,3000413,True,1,None,True,addonresource,None,,,unmaskkeylist,tuto_simulation_buff_legacy_btn,,,,,,,,
3000413,3,3000,None,True,6001004,0,TouchBuffLegacySlot,,TouchBuffLegacyConfirmButton,,,,,None,1,False,,True,,True,3000423,True,1,None,True,addonresource,None,,,unmaskkeylist,tuto_simulation_buff_legacy_confirm_btn,,,,,,,,
3000423,3,3000,None,True,6001004,0,EnterSimulationRoomTitleView,,None,,si_c900_00_s,Locale_Tutorial:tuto_simulation_room_41_title,Locale_Tutorial:tuto_simulation_room_41_description,Top,1,False,,True,,False,0,True,1,None,True,addonresource,None,,,,,,,,,,,,
301001,0,3010,None,True,6001004,0,TouchSimulationOverClockModeBtn,,FinishSimulationOverClockModeAnimation,,,,,None,0,False,,True,,False,301002,True,1,None,False,addonresource,None,,,,,,,,,,,,
301002,0,3010,None,True,6001004,0,FinishSimulationOverClockModeAnimation,,None,,si_c928_00_s,Locale_Tutorial:tuto_simulation_room_oc_01_title,Locale_Tutorial:tuto_simulation_room_oc_01_description,Bottom,1,False,,True,,True,301003,True,1,None,True,addonresource,None,,,,,,,,,,,,
301003,0,3010,None,True,6001004,0,None,,None,,si_c928_00_s,Locale_Tutorial:tuto_simulation_room_oc_01_title,Locale_Tutorial:tuto_simulation_room_oc_02_description,Bottom,1,False,,True,,True,301004,True,1,None,True,addonresource,None,,,,,,,,,,,,
301004,0,3010,None,True,6001004,0,None,,EnterSimulationOverClockModeOptionPopup,,,,,None,1,False,,True,,True,301005,True,1,None,True,addonresource,None,,,unmaskkeylist,tuto_overclock_popup_open_btn,,,,,,,,
301005,0,3010,None,True,6001004,0,EnterSimulationOverClockModeOptionPopup,,None,,si_c928_00_s,Locale_Tutorial:tuto_simulation_room_oc_01_title,Locale_Tutorial:tuto_simulation_room_oc_03_description,Bottom,0,False,,True,,True,301006,True,1,None,True,addonresource,None,,,,,,,,,,,,
301006,0,3010,None,True,6001004,0,None,,None,,si_c928_00_s,Locale_Tutorial:tuto_simulation_room_oc_01_title,Locale_Tutorial:tuto_simulation_room_oc_04_description,Bottom,0,False,,True,,True,301007,True,1,None,True,addonresource,None,,,,,,,,,,,,
301007,0,3010,None,True,6001004,0,None,,None,,si_c928_00_s,Locale_Tutorial:tuto_simulation_room_oc_02_title,Locale_Tutorial:tuto_simulation_room_oc_05_description,Bottom,0,False,,True,,True,301008,True,1,None,True,addonresource,None,,,,,,,,,,,,
301008,0,3010,None,True,6001004,0,None,,None,,si_c928_00_s,Locale_Tutorial:tuto_simulation_room_oc_03_01_title,Locale_Tutorial:tuto_simulation_room_oc_06_description,Bottom,1,False,,True,,False,301009,True,1,None,True,addonresource,None,,,unmaskkeylist,tuto_overclock_option_type_group,,,,,,,,
301009,0,3010,None,True,6001004,0,None,,None,,si_c928_00_s,Locale_Tutorial:tuto_simulation_room_oc_03_01_title,Locale_Tutorial:tuto_simulation_room_oc_07_description,Bottom,1,False,,True,,True,301010,True,1,None,True,addonresource,OverClockOption_01,,,,,,,,,,,,
301010,0,3010,None,True,6001004,0,None,,None,,si_c928_00_s,Locale_Tutorial:tuto_simulation_room_oc_04_title,Locale_Tutorial:tuto_simulation_room_oc_08_description,Bottom,1,False,,True,,False,301011,True,1,None,True,addonresource,None,,,unmaskkeylist,tuto_overclock_option_level_group,,,,,,,,
301011,0,3010,None,True,6001004,0,None,,None,,si_c928_00_s,Locale_Tutorial:tuto_simulation_room_oc_04_title,Locale_Tutorial:tuto_simulation_room_oc_09_description,Bottom,1,False,,True,,True,301012,True,1,None,True,addonresource,OverClockOption_02,,,,,,,,,,,,
301012,0,3010,None,True,6001004,0,None,,None,,si_c928_00_s,Locale_Tutorial:tuto_simulation_room_oc_05_title,Locale_Tutorial:tuto_simulation_room_oc_11_description,Top,1,False,,True,,True,301013,True,1,None,True,addonresource,OverClockOption_03,,,,,,,,,,,,
301013,0,3010,None,True,6001004,0,None,,None,,si_c928_00_s,Locale_Tutorial:tuto_simulation_room_oc_07_title,Locale_Tutorial:tuto_simulation_room_oc_10_description,Top,1,False,,True,,False,301014,True,1,None,True,addonresource,None,,,unmaskkeylist,tuto_overclock_option_difficulty,,,,,,,,
301014,0,3010,None,True,6001004,0,None,,None,,si_c928_00_s,Locale_Tutorial:tuto_simulation_room_oc_06_title,Locale_Tutorial:tuto_simulation_room_oc_12_description,Top,1,False,,True,,True,301015,True,1,None,True,addonresource,OverClockOption_04,,,,,,,,,,,,
301015,0,3010,None,True,6001004,0,None,,None,,si_c928_00_s,Locale_Tutorial:tuto_simulation_room_oc_08_title,Locale_Tutorial:tuto_simulation_room_oc_13_description,Bottom,1,False,,True,,True,301016,True,1,None,True,addonresource,None,,,,,,,,,,,,
301016,0,3010,None,True,6001004,0,None,,None,,si_c928_00_s,Locale_Tutorial:tuto_simulation_room_oc_08_title,Locale_Tutorial:tuto_simulation_room_oc_14_description,Bottom,1,False,,True,,True,301017,True,1,None,True,addonresource,None,,,,,,,,,,,,
301017,0,3010,None,True,6001004,0,None,,None,,si_c928_00_s,Locale_Tutorial:tuto_simulation_room_oc_01_title,Locale_Tutorial:tuto_simulation_room_oc_17_description,Bottom,1,False,,True,,True,0,True,1,None,True,addonresource,None,,,,,,,,,,,,
301018,0,3010,OverClock,True,6001004,0,None,,None,,si_c928_00_s,Locale_Tutorial:tuto_simulation_room_oc_01_title,Locale_Tutorial:tuto_simulation_room_oc_02_description,Bottom,1,False,,True,,True,301019,True,1,None,True,addonresource,None,,,,,,,,,,,,
301019,0,3010,OverClock,True,6001004,0,None,,None,,si_c928_00_s,Locale_Tutorial:tuto_simulation_room_oc_03_01_title,Locale_Tutorial:tuto_simulation_room_oc_06_description,Bottom,1,False,,True,,False,301020,True,1,None,True,addonresource,None,,,unmaskkeylist,tuto_overclock_option_type_group,,,,,,,,
301020,0,3010,OverClock,True,6001004,0,None,,None,,si_c928_00_s,Locale_Tutorial:tuto_simulation_room_oc_03_01_title,Locale_Tutorial:tuto_simulation_room_oc_07_description,Bottom,1,False,,True,,True,301021,True,1,None,True,addonresource,OverClockOption_01,,,,,,,,,,,,
301021,0,3010,OverClock,True,6001004,0,None,,None,,si_c928_00_s,Locale_Tutorial:tuto_simulation_room_oc_04_title,Locale_Tutorial:tuto_simulation_room_oc_08_description,Bottom,1,False,,True,,False,301022,True,1,None,True,addonresource,None,,,unmaskkeylist,tuto_overclock_option_level_group,,,,,,,,
301022,0,3010,OverClock,True,6001004,0,None,,None,,si_c928_00_s,Locale_Tutorial:tuto_simulation_room_oc_04_title,Locale_Tutorial:tuto_simulation_room_oc_09_description,Bottom,1,False,,True,,True,301023,True,1,None,True,addonresource,OverClockOption_02,,,,,,,,,,,,
301023,0,3010,OverClock,True,6001004,0,None,,None,,si_c928_00_s,Locale_Tutorial:tuto_simulation_room_oc_05_title,Locale_Tutorial:tuto_simulation_room_oc_11_description,Top,1,False,,True,,True,301024,True,1,None,True,addonresource,OverClockOption_03,,,,,,,,,,,,
301024,0,3010,OverClock,True,6001004,0,None,,None,,si_c928_00_s,Locale_Tutorial:tuto_simulation_room_oc_07_title,Locale_Tutorial:tuto_simulation_room_oc_10_description,Top,1,False,,True,,False,301025,True,1,None,True,addonresource,None,,,unmaskkeylist,tuto_overclock_option_difficulty,,,,,,,,
301025,0,3010,OverClock,True,6001004,0,None,,None,,si_c928_00_s,Locale_Tutorial:tuto_simulation_room_oc_06_title,Locale_Tutorial:tuto_simulation_room_oc_12_description,Top,1,False,,True,,True,301026,True,1,None,True,addonresource,OverClockOption_04,,,,,,,,,,,,
301026,0,3010,OverClock,True,6001004,0,None,,None,,si_c928_00_s,Locale_Tutorial:tuto_simulation_room_oc_08_title,Locale_Tutorial:tuto_simulation_room_oc_13_description,Bottom,1,False,,True,,True,0,True,1,None,True,addonresource,None,,,,,,,,,,,,
310001,0,3100,None,True,6004006,6004007,EnterField,,None,,si_c907_00_s,Locale_Tutorial:tuto_equip_levelup_12_title,Locale_Tutorial:tuto_equip_levelup_12_description,Top,1,False,,True,,False,310002,True,1,None,True,addonresource,None,,,,,,,,,,,,
310002,0,3100,None,True,6004006,6004007,None,,None,,si_c907_00_s,Locale_Tutorial:tuto_equip_levelup_13_title,Locale_Tutorial:tuto_equip_levelup_13_description,Top,1,False,,True,,False,310003,False,0,None,True,addonresource,unmask_equip_levelup_01,,,,,,,,,,,,
310003,0,3100,None,True,6004006,6004007,None,,None,,si_c907_00_s,Locale_Tutorial:tuto_equip_levelup_14_title,Locale_Tutorial:tuto_equip_levelup_14_description,Top,1,False,,True,,False,0,True,1,None,True,addonresource,None,,,,,,,,,,,,
320001,0,3200,None,True,6001004,0,EnterSkillInfoPopup,,None,,si_c907_00_s,Locale_Tutorial:tuto_skill_level_up_01_title,Locale_Tutorial:tuto_skill_level_up_01_description,Top,1,False,,True,,True,320002,True,1,None,True,addonresource,None,,,,,,,,,,,,
320002,0,3200,None,True,6001004,0,None,,TouchSkillLevelUpButton,,si_c907_00_s,,,None,1,False,,True,,True,320003,True,1,None,True,addonresource,None,,,unmaskkeylist,tuto_skill_level_up_02,,,,,,,,
320003,0,3200,None,True,6001004,0,EnterSkillLevelUpPopup,,None,,si_c907_00_s,Locale_Tutorial:tuto_skill_level_up_03_title,Locale_Tutorial:tuto_skill_level_up_03_description,Top,1,False,,True,,False,320004,True,1,None,True,addonresource,None,,,unmaskkeylist,tuto_skill_level_up_03,,,,,,,,
320004,0,3200,None,True,6001004,0,None,,None,,si_c907_00_s,Locale_Tutorial:tuto_skill_level_up_04_title,Locale_Tutorial:tuto_skill_level_up_04_description,Top,1,False,,True,,False,0,True,1,None,True,addonresource,None,,,unmaskkeylist,tuto_skill_level_up_04,,,,,,,,
330001,0,3300,None,True,6002016,0,EnterBuildingListPopup,,None,,si_c907_00_s,Locale_Tutorial:tuto_outpost_build_01_title,Locale_Tutorial:tuto_outpost_build_01_description,Bottom,0,False,,True,,True,330002,True,1,None,True,addonresource,None,,,,,,,,,,,,
330002,0,3300,None,True,6002016,0,None,,None,,si_c907_00_s,Locale_Tutorial:tuto_outpost_build_02_title,Locale_Tutorial:tuto_outpost_build_02_description,Bottom,0,False,,True,,True,330003,True,1,None,True,addonresource,None,,,,,,,,,,,,
330003,0,3300,None,True,6002016,0,None,,None,,si_c907_00_s,Locale_Tutorial:tuto_outpost_build_03_title,Locale_Tutorial:tuto_outpost_build_03_description,Bottom,1,False,,True,,False,330004,True,1,None,True,addonresource,None,,,unmaskkeylist,tuto_building_condition_tap,,,,,,,,
330004,0,3300,None,True,6002016,0,None,,None,,si_c907_00_s,Locale_Tutorial:tuto_outpost_build_04_title,Locale_Tutorial:tuto_outpost_build_04_description,Bottom,1,False,,True,,False,330005,True,1,None,True,addonresource,None,,,unmaskkeylist,tuto_building_material,,,,,,,,
330005,0,3300,None,True,6002016,0,None,,None,,si_c907_00_s,Locale_Tutorial:tuto_outpost_build_05_title,Locale_Tutorial:tuto_outpost_build_05_description,Bottom,1,False,,True,,False,330006,True,1,None,True,addonresource,None,,,unmaskkeylist,tuto_building_material,,,,,,,,
330006,0,3300,None,True,6002016,0,None,,None,,si_c907_00_s,Locale_Tutorial:tuto_outpost_build_06_title,Locale_Tutorial:tuto_outpost_build_06_description,Bottom,1,False,,True,,True,0,True,1,None,True,addonresource,None,,,,,,,,,,,,
340001,0,3400,None,True,6003021,0,EnterRookieArenaView,,None,,si_c902_00_s,Locale_Tutorial:tuto_rookie_arena_01_title,Locale_Tutorial:tuto_rookie_arena_01_description,Top,0,False,,True,,True,340002,True,1,None,True,addonresource,None,,,,,,,,,,,,
340002,0,3400,None,True,6003021,0,None,,None,,si_c902_00_s,Locale_Tutorial:tuto_rookie_arena_02_title,Locale_Tutorial:tuto_rookie_arena_02_description,Top,0,False,,True,,True,340003,False,0,None,True,addonresource,None,,,,,,,,,,,,
340003,0,3400,None,True,6003021,0,None,,None,,si_c902_00_s,Locale_Tutorial:tuto_rookie_arena_03_title,Locale_Tutorial:tuto_rookie_arena_03_description,Top,0,False,,True,,True,340004,False,0,None,True,addonresource,None,,,,,,,,,,,,
340004,0,3400,None,True,6003021,0,None,,None,,si_c902_00_s,Locale_Tutorial:tuto_rookie_arena_04_title,Locale_Tutorial:tuto_rookie_arena_04_description,Top,1,False,,True,,False,340005,False,0,None,True,addonresource,None,,,unmaskkeylist,tuto_rookie_arena_squad_info,,,,,,,,
340005,0,3400,None,True,6003021,0,None,,None,,si_c902_00_s,Locale_Tutorial:tuto_rookie_arena_05_title,Locale_Tutorial:tuto_rookie_arena_05_description,Top,1,False,,True,,False,340006,False,0,None,True,addonresource,None,,,unmaskkeylist,tuto_rookie_arena_squad_info,,,,,,,,
340006,0,3400,None,True,6003021,0,None,,TouchArenaSquadSettingButton,,si_c902_00_s,Locale_Tutorial:tuto_rookie_arena_06_title,Locale_Tutorial:tuto_rookie_arena_06_description,Top,1,False,,True,,True,340007,False,0,None,True,addonresource,None,,,unmaskkeylist,tuto_arena_squad_setting_button_touch,,,,,,,,
340007,0,3400,None,True,6003021,0,EnterRookieArenaSquadSettingView,,TouchAutoSettingButton,,si_c902_00_s,Locale_Tutorial:tuto_rookie_arena_07_title,Locale_Tutorial:tuto_rookie_arena_07_description,Top,1,False,,True,,True,340008,False,0,None,True,addonresource,None,,,unmaskkeylist,tuto_auto_setting_button,,,,,,,,
340008,0,3400,None,True,6003021,0,TouchAutoSettingButton,,None,,si_c902_00_s,Locale_Tutorial:tuto_rookie_arena_08_title,Locale_Tutorial:tuto_rookie_arena_08_description,Bottom,1,False,,True,,False,340009,False,0,None,True,addonresource,None,,,unmaskkeylist,tuto_team_setting_slot,,,,,,,,
340009,0,3400,None,True,6003021,0,None,,TouchDefensePartySetButton,,si_c902_00_s,Locale_Tutorial:tuto_rookie_arena_08_title,Locale_Tutorial:tuto_rookie_arena_08_description,Bottom,1,False,,True,,True,340010,False,0,None,True,addonresource,None,,,unmaskkeylist,tuto_defence_setting_button,,,,,,,,
340010,0,3400,None,True,6003021,0,EnterAlertPopup,,ConfirmButtonTouch,,,,,None,1,False,,True,,True,340011,False,0,None,True,addonresource,None,,,unmaskkeylist,tuto_outpostbuilding_04,,,,,,,,
340011,0,3400,None,True,6003021,0,ConfirmButtonTouch,,TouchAutoSettingButton,,,,,None,1,False,,True,,True,340012,False,0,None,True,addonresource,None,,,unmaskkeylist,tuto_auto_setting_button,,,,,,,,
340012,0,3400,None,True,6003021,0,TouchAutoSettingButton,,TouchSavePartySetButton,,,,,None,1,False,,True,,True,340013,False,0,None,True,addonresource,None,,,unmaskkeylist,tuto_save_party_set_button,,,,,,,,
340013,0,3400,None,True,6003021,0,EnterRookieArenaView,,None,,si_c902_00_s,Locale_Tutorial:tuto_rookie_arena_09_title,Locale_Tutorial:tuto_rookie_arena_09_description,Top,1,False,,True,,False,340014,False,0,None,True,addonresource,None,,,unmaskkeylist,tuto_rookie_arena_squad_info,,,,,,,,
340014,0,3400,None,True,6003021,0,None,,None,,si_c902_00_s,Locale_Tutorial:tuto_rookie_arena_10_title,Locale_Tutorial:tuto_rookie_arena_10_description,Top,1,False,,True,,False,340015,False,0,None,True,addonresource,None,,,unmaskkeylist,tuto_arena_rival_list,,,,,,,,
340015,0,3400,None,True,6003021,0,None,,None,,si_c902_00_s,Locale_Tutorial:tuto_rookie_arena_11_title,Locale_Tutorial:tuto_rookie_arena_11_description,Top,1,False,,True,,False,340016,False,0,None,True,addonresource,None,,,unmaskkeylist,tuto_arena_battle_enter,,,,,,,,
340016,0,3400,None,True,6003021,0,None,,None,,si_c902_00_s,Locale_Tutorial:tuto_rookie_arena_12_title,Locale_Tutorial:tuto_rookie_arena_12_description,Bottom,1,False,,True,,False,340017,False,0,None,True,addonresource,None,,,unmaskkeylist,tuto_arena_ticket_tab,,,,,,,,
340017,0,3400,None,True,6003021,0,None,,None,,si_c902_00_s,Locale_Tutorial:tuto_rookie_arena_13_title,Locale_Tutorial:tuto_rookie_arena_13_description,Bottom,1,False,,True,,True,0,True,1,None,True,addonresource,None,,,,,,,,,,,,
3500011,1,3500,None,True,6011018,0,EnterSpecialArenaView,,None,,si_c902_00_s,Locale_Tutorial:tuto_special_arena_01_title,Locale_Tutorial:tuto_special_arena_01_description,Top,0,False,,True,,True,3500021,True,1,None,True,addonresource,None,,,,,,,,,,,,
3500021,1,3500,None,True,6011018,0,None,,None,,si_c902_00_s,Locale_Tutorial:tuto_special_arena_03_title,Locale_Tutorial:tuto_special_arena_03_description,Top,0,False,,True,,True,3500031,False,0,None,True,addonresource,None,,,,,,,,,,,,
3500031,1,3500,None,True,6011018,0,None,,None,,si_c902_00_s,Locale_Tutorial:tuto_special_arena_04_title,Locale_Tutorial:tuto_special_arena_04_description,Top,0,False,,True,,True,3500041,False,0,None,True,addonresource,None,,,,,,,,,,,,
3500041,1,3500,None,True,6011018,0,None,,None,,si_c902_00_s,Locale_Tutorial:tuto_special_arena_05_title,Locale_Tutorial:tuto_special_arena_05_description,Top,1,False,,True,,False,3500051,False,0,None,True,addonresource,None,,,unmaskkeylist,tuto_special_arena_squad_info,,,,,,,,
3500051,1,3500,None,True,6011018,0,None,,None,,si_c902_00_s,Locale_Tutorial:tuto_special_arena_06_title,Locale_Tutorial:tuto_special_arena_06_description,Top,0,False,,True,,True,3500061,False,0,None,True,addonresource,None,,,,,,,,,,,,
3500061,1,3500,None,True,6011018,0,None,,None,,si_c902_00_s,Locale_Tutorial:tuto_special_arena_07_title,Locale_Tutorial:tuto_special_arena_07_description,Top,0,False,,True,,True,3500071,False,0,None,True,addonresource,None,,,,,,,,,,,,
3500071,1,3500,None,True,6011018,0,None,,None,,si_c902_00_s,Locale_Tutorial:tuto_special_arena_08_title,Locale_Tutorial:tuto_special_arena_08_description,Bottom,1,False,,True,,False,3500081,False,0,None,True,addonresource,None,,,unmaskkeylist,tuto_special_arena_reward_box,,,,,,,,
3500081,1,3500,None,True,6011018,0,None,,None,,si_c902_00_s,Locale_Tutorial:tuto_special_arena_09_title,Locale_Tutorial:tuto_special_arena_09_description,Bottom,1,False,,True,,False,0,True,1,None,True,addonresource,None,,,unmaskkeylist,tuto_special_arena_reward_box,,,,,,,,
3700011,1,3700,None,True,6001004,0,AchievementCharacterHurdleLevel,,None,,si_c907_00_s,Locale_Tutorial:tuto_limit_level_01_title,Locale_Tutorial:tuto_limit_level_01_description,Bottom,1,False,,True,,False,3700021,True,1,None,True,addonresource,None,,,unmaskkeylist,tuto_level_max_01,,,,,,,,
3700021,1,3700,Nikke,True,6001004,0,None,,None,,si_c907_00_s,Locale_Tutorial:tuto_limit_level_01_title,Locale_Tutorial:tuto_limit_level_10_description,Bottom,1,False,,True,,False,3700031,False,0,None,True,addonresource,None,,,,,,,,,,,,
3700031,1,3700,Nikke,True,6001004,0,None,,None,,si_c907_00_s,Locale_Tutorial:tuto_limit_level_01_title,Locale_Tutorial:tuto_limit_level_11_description,Bottom,1,False,,True,,False,3700041,False,0,None,True,addonresource,ContentsTutorial_CharacterRare,,,,,,,,,,,,
3700041,1,3700,Nikke,True,6001004,0,None,,None,,si_c907_00_s,Locale_Tutorial:tuto_limit_level_01_title,Locale_Tutorial:tuto_limit_level_12_description,Bottom,1,False,,True,,False,3700051,False,0,None,True,addonresource,ContentsTutorial_Limit_SynchroLevel_Desc_01,,,,,,,,,,,,
3700051,1,3700,Nikke,True,6001004,0,None,,None,,si_c907_00_s,Locale_Tutorial:tuto_limit_level_04_title,Locale_Tutorial:tuto_limit_level_04_description,Bottom,1,False,,True,,False,3700061,False,0,None,True,addonresource,None,,,,,,,,,,,,
3700061,1,3700,Nikke,True,6001004,0,None,,None,,si_c907_00_s,Locale_Tutorial:tuto_limit_level_05_title,Locale_Tutorial:tuto_limit_level_05_01_description,Bottom,1,False,,True,,False,3700071,False,0,None,True,addonresource,ContentsTutorial_LevelReset,,,,,,,,,,,,
3700071,1,3700,Nikke,True,6001004,0,None,,None,,si_c907_00_s,Locale_Tutorial:tuto_limit_level_06_title,Locale_Tutorial:tuto_limit_level_06_description,Bottom,1,False,,True,,False,3700081,False,0,None,True,addonresource,ContentsTutorial_SynchroLevel_01,,,,,,,,,,,,
3700081,1,3700,Nikke,True,6001004,0,None,,None,,si_c907_00_s,Locale_Tutorial:tuto_limit_level_07_title,Locale_Tutorial:tuto_limit_level_07_description,Bottom,1,False,,True,,False,3700091,False,0,None,True,addonresource,ContentsTutorial_SynchroLevel_02,,,,,,,,,,,,
3700091,1,3700,Nikke,True,6001004,0,None,,None,,si_c907_00_s,Locale_Tutorial:tuto_limit_level_08_title,Locale_Tutorial:tuto_limit_level_08_description,Bottom,1,False,,True,,False,3700101,False,0,None,True,addonresource,ContentsTutorial_SynchroLevel_03,,,,,,,,,,,,
3700101,1,3700,Nikke,True,6001004,0,None,,None,,si_c907_00_s,Locale_Tutorial:tuto_limit_level_09_title,Locale_Tutorial:tuto_limit_level_09_description,Bottom,1,False,,True,,False,0,True,1,None,True,addonresource,ContentsTutorial_SynchroLevel_04,,,,,,,,,,,,
380001,0,3800,SynchroDeviceLimitLevel,True,6001004,0,AchievementSynchroHurdleLevel,,None,,si_c907_00_s,Locale_Tutorial:tuto_limit_level_synchro_01_title,Locale_Tutorial:tuto_limit_level_synchro_01_description,Bottom,1,False,,True,,False,380002,True,1,None,True,addonresource,None,,,,,,,,,,,,
380002,0,3800,SynchroDeviceLimitLevel,True,6001004,0,None,,None,,si_c907_00_s,Locale_Tutorial:tuto_limit_level_synchro_02_title,Locale_Tutorial:tuto_limit_level_synchro_02_description,Bottom,1,False,,True,,False,380003,False,0,None,True,addonresource,ContentsTutorial_Limit_SynchroLevel_Desc_01,,,,,,,,,,,,
380003,0,3800,SynchroDeviceLimitLevel,True,6001004,0,None,,None,,si_c907_00_s,Locale_Tutorial:tuto_limit_level_synchro_03_title,Locale_Tutorial:tuto_limit_level_synchro_03_description,Bottom,1,False,,True,,False,380004,False,0,None,True,addonresource,ContentsTutorial_Limit_SynchroLevel_Desc_02,,,,,,,,,,,,
380004,0,3800,SynchroDeviceLimitLevel,True,6001004,0,None,,None,,si_c907_00_s,Locale_Tutorial:tuto_limit_level_synchro_04_title,Locale_Tutorial:tuto_limit_level_synchro_04_description,Bottom,1,False,,True,,False,380005,False,0,None,True,addonresource,ContentsTutorial_SynchroLevel_04,,,,,,,,,,,,
380005,0,3800,SynchroDeviceLimitLevel,True,6001004,0,None,,None,,si_c907_00_s,Locale_Tutorial:tuto_limit_level_synchro_05_title,Locale_Tutorial:tuto_limit_level_synchro_05_description,Bottom,1,False,,True,,False,0,True,1,None,True,addonresource,ContentsTutorial_SynchroLevel_03,,,,,,,,,,,,
390001,0,3900,None,True,6001004,0,TouchArchiveCategoryBtn,,None,,si_c907_00_s,Locale_Tutorial:tuto_archive_01_title,Locale_Tutorial:tuto_archive_01_description,Bottom,0,False,,True,,False,390002,True,1,None,True,,,,,,,,,,,,,,
390002,0,3900,Archive,True,6001004,0,None,,None,,si_c907_00_s,Locale_Tutorial:tuto_archive_01_title,Locale_Tutorial:tuto_archive_02_description,Bottom,0,False,,True,,False,390003,True,1,None,True,,,,,,,,,,,,,,
390003,0,3900,Archive,True,6001004,0,None,,None,,si_c907_00_s,Locale_Tutorial:tuto_archive_02_title,Locale_Tutorial:tuto_archive_03_description,Bottom,1,False,,True,,False,390004,True,1,None,True,,,,,unmaskkeylist,tuto_archive_record,,,,,,,,
390004,0,3900,Archive,True,6001004,0,None,,None,,si_c907_00_s,Locale_Tutorial:tuto_archive_02_title,Locale_Tutorial:tuto_archive_04_description,Bottom,1,False,,True,,False,390005,True,1,None,True,,,,,unmaskkeylist,tuto_archive_record,,,,,,,,
390005,0,3900,Archive,True,6001004,0,None,,None,,si_c907_00_s,Locale_Tutorial:tuto_archive_02_title,Locale_Tutorial:tuto_archive_05_description,Bottom,0,False,,True,,False,390006,True,1,None,True,,,,,,,,,,,,,,
390006,0,3900,Archive,True,6001004,0,None,,None,,si_c907_00_s,Locale_Tutorial:tuto_archive_03_title,Locale_Tutorial:tuto_archive_06_description,Bottom,1,False,,True,,False,390007,True,1,None,True,,,,,unmaskkeylist,tuto_archive_memory_film,,,,,,,,
390007,0,3900,Archive,True,6001004,0,None,,None,,si_c907_00_s,Locale_Tutorial:tuto_archive_03_title,Locale_Tutorial:tuto_archive_07_description,Bottom,1,False,,True,,False,390008,True,1,None,True,,,,,unmaskkeylist,tuto_archive_memory_film,,,,,,,,
390008,0,3900,Archive,True,6001004,0,None,,None,,si_c907_00_s,Locale_Tutorial:tuto_archive_04_title,Locale_Tutorial:tuto_archive_08_description,Bottom,1,False,,True,,False,390009,True,1,None,True,,,,,,,,,,,,,,
390009,0,3900,Archive,True,6001004,0,None,,None,,si_c907_00_s,Locale_Tutorial:tuto_archive_04_title,Locale_Tutorial:tuto_archive_09_description,Bottom,1,False,,True,,False,390010,True,1,None,True,addonresource,ContentsTutorial_Archive_Reward,,,,,,,,,,,,
390010,0,3900,Archive,True,6001004,0,None,,None,,si_c907_00_s,Locale_Tutorial:tuto_archive_01_title,Locale_Tutorial:tuto_archive_10_description,Bottom,0,False,,True,,False,0,True,1,None,True,,,,,,,,,,,,,,
4100011,1,4100,None,True,6002016,6003001,EnterCampaignStageSelectView,6003001,None,,si_c907_00_s,Locale_Tutorial:tuto_temporary_01_title,Locale_Tutorial:tuto_temporary_01_description,Top,1,False,,True,,True,4100021,True,1,None,True,addonresource,None,,,,,,,,,,,,
4100021,1,4100,None,True,6002016,6003001,None,,TouchTemaPresetSlot,,,,,None,1,False,,True,,True,4100031,True,1,None,True,addonresource,None,,,unmaskkeylist,tuto_simulation_room_11,,,,,,,,
4100031,1,4100,None,True,6002016,6003001,FinishPartySetAnimation,,None,,si_c907_00_s,Locale_Tutorial:tuto_temporary_01_title,Locale_Tutorial:tuto_temporary_02_description,Top,0,False,,True,,False,4100041,True,1,None,True,addonresource,None,,,,,,,,,,,,
4100041,1,4100,None,True,6002016,6003001,None,,TouchAutoSettingButton,,,,,None,1,False,,True,,True,4100051,True,1,None,True,addonresource,None,,,unmaskkeylist,tuto_auto_setting_button,,,,,,,,
4100051,1,4100,None,True,6002016,6003001,TouchAutoSettingButton,,None,,si_c907_00_s,Locale_Tutorial:tuto_temporary_01_title,Locale_Tutorial:tuto_temporary_03_description,Bottom,1,False,,True,,False,4100061,True,1,None,True,addonresource,None,,,unmaskkeylist,tuto_team_setting_slot,,,,,,,,
4100061,1,4100,None,True,6002016,6003001,None,,None,,si_c907_00_s,Locale_Tutorial:tuto_temporary_01_title,Locale_Tutorial:tuto_temporary_04_description,Bottom,1,False,,True,,False,4100071,True,1,None,True,addonresource,None,,,unmaskkeylist,tuto_team_setting_slot,,,,,,,,
4100071,1,4100,None,True,6002016,6003001,None,,None,,si_c907_00_s,Locale_Tutorial:tuto_temporary_01_title,Locale_Tutorial:tuto_temporary_05_description,Bottom,1,False,,True,,False,4100081,True,1,None,True,addonresource,None,,,unmaskkeylist,tuto_temporary_join_popup_btn,,,,,,,,
4100081,1,4100,None,True,6002016,6003001,None,,None,,si_c907_00_s,Locale_Tutorial:tuto_temporary_01_title,Locale_Tutorial:tuto_temporary_06_description,Bottom,1,False,,True,,False,4100091,True,1,None,True,addonresource,None,,,unmaskkeylist,tuto_temporary_join_popup_btn,,,,,,,,
4100091,1,4100,None,True,6002016,6003001,None,,TouchSavePartySetButton,,si_c907_00_s,Locale_Tutorial:tuto_temporary_01_title,Locale_Tutorial:tuto_temporary_07_description,Top,1,False,,True,,True,4100101,True,1,None,True,addonresource,None,,,unmaskkeylist,tuto_save_party_set_button,,,,,,,,
4100101,1,4100,None,True,6002016,6003001,TouchSavePartySetButton,,None,,si_c907_00_s,Locale_Tutorial:tuto_temporary_01_title,Locale_Tutorial:tuto_temporary_08_description,Top,1,False,,True,,False,0,True,1,None,True,addonresource,None,,,,,,,,,,,,
500001,0,5000,None,True,6006004,0,EnterCollectionView,,None,,si_c907_00_s,Locale_Tutorial:tuto_collection,Locale_Tutorial:tuto_collection_select_01_description,Bottom,0,False,,True,,False,500002,True,1,None,True,addonresource,None,,,,,,,,,,,,
500002,0,5000,None,True,6006004,0,None,,EnterCollectionSelectPopup,,si_c907_00_s,Locale_Tutorial:tuto_collection,Locale_Tutorial:tuto_collection_select_02_description,Bottom,1,False,,True,,True,500003,True,1,None,True,addonresource,None,,,unmaskkeylist,tuto_collection_add_btn,,,,,,,,
500003,0,5000,None,True,6006004,0,EnterCollectionSelectPopup,,None,,si_c907_00_s,Locale_Tutorial:tuto_collection_select_title_02,Locale_Tutorial:tuto_collection_select_03_description,Bottom,0,False,,True,,False,500004,True,1,None,True,addonresource,None,,,,,,,,,,,,
500004,0,5000,None,True,6006004,0,None,,None,,si_c907_00_s,Locale_Tutorial:tuto_collection_select_title_03,Locale_Tutorial:tuto_collection_select_04_description,Bottom,1,False,,True,,False,500005,True,1,None,True,addonresource,CollectionType,,,,,,,,,,,,
500005,0,5000,None,True,6006004,0,None,,None,,si_c907_00_s,Locale_Tutorial:tuto_collection_select_title_04,Locale_Tutorial:tuto_collection_select_05_description,Bottom,1,False,,True,,False,500006,True,1,None,True,addonresource,CollectionObtainContents,,,,,,,,,,,,
500006,0,5000,None,True,6006004,0,None,,None,,si_c907_00_s,Locale_Tutorial:tuto_collection,Locale_Tutorial:tuto_collection_select_06_description,Bottom,0,False,,True,,False,0,True,1,None,True,addonresource,None,,,,,,,,,,,,
5100011,1,5100,None,True,6006004,0,EnterCollectionInfoView,,None,,si_c907_00_s,Locale_Tutorial:tuto_collection,Locale_Tutorial:tuto_collection_info_01_description,Bottom,0,False,,True,,False,5100021,True,1,None,True,addonresource,None,,,,,,,,,,,,
5100021,1,5100,None,True,6006004,0,None,,None,,si_c907_00_s,Locale_Tutorial:tuto_collection_info_title_01,Locale_Tutorial:tuto_collection_info_02_description,Bottom,1,False,,True,,False,5100031,True,1,None,True,addonresource,None,,,unmaskkeylist,tuto_collection_info_01,,,,,,,,
5100031,1,5100,None,True,6006004,0,None,,None,,si_c907_00_s,Locale_Tutorial:tuto_collection_info_title_02,Locale_Tutorial:tuto_collection_info_03_description,Top,1,False,,True,,False,5100041,True,1,None,True,addonresource,None,,,unmaskkeylist,tuto_collection_info_02,,,,,,,,
5100041,1,5100,None,True,6006004,0,None,,None,,si_c907_00_s,Locale_Tutorial:tuto_collection_info_title_03,Locale_Tutorial:tuto_collection_info_04_description,Bottom,1,False,,True,,False,5100051,True,1,None,True,addonresource,None,,,unmaskkeylist,tuto_collection_info_03,,,,,,,,
5100051,1,5100,None,True,6006004,0,None,,None,,si_c907_00_s,Locale_Tutorial:tuto_collection_info_title_06,Locale_Tutorial:tuto_collection_info_08_description,Bottom,1,False,,True,,False,5100061,True,1,None,True,addonresource,None,,,unmaskkeylist,tuto_collection_info_05,,,,,,,,
5100061,1,5100,None,True,6006004,0,None,,None,,si_c907_00_s,Locale_Tutorial:tuto_collection_info_title_04,Locale_Tutorial:tuto_collection_info_05_description,Bottom,1,False,,True,,False,5100071,True,1,None,True,addonresource,None,,,unmaskkeylist,tuto_collection_info_04,,,,,,,,
5100071,1,5100,None,True,6006004,0,None,,None,,si_c907_00_s,Locale_Tutorial:tuto_collection_info_title_05,Locale_Tutorial:tuto_collection_info_06_description,Bottom,1,False,,True,,False,5100081,True,1,None,True,addonresource,CollectionInfoChangeBtn,,,,,,,,,,,,
5100081,1,5100,None,True,6006004,0,None,,None,,si_c907_00_s,Locale_Tutorial:tuto_collection,Locale_Tutorial:tuto_collection_info_07_description,Bottom,0,False,,True,,False,0,True,1,None,True,addonresource,None,,,,,,,,,,,,
520001,0,5200,None,True,6006004,0,EnterCollectionManagementUI,,None,,si_c907_00_s,Locale_Tutorial:tuto_collection_manager_title_01,Locale_Tutorial:tuto_collection_manager_01_description,Bottom,0,False,,True,,False,520002,True,1,None,True,addonresource,None,,,,,,,,,,,,
520002,0,5200,None,True,6006004,0,None,,None,,si_c907_00_s,Locale_Tutorial:tuto_collection_manager_title_02,Locale_Tutorial:tuto_collection_manager_02_description,Bottom,0,False,,True,,False,520003,True,1,None,True,addonresource,None,,,,,,,,,,,,
520003,0,5200,None,True,6006004,0,None,,None,,si_c907_00_s,Locale_Tutorial:tuto_collection_manager_title_03,Locale_Tutorial:tuto_collection_manager_03_description,Bottom,1,False,,True,,False,520004,True,1,None,True,addonresource,None,,,unmaskkeylist,tuto_collection_manager_material,,,,,,,,
520004,0,5200,None,True,6006004,0,None,,None,,si_c907_00_s,Locale_Tutorial:tuto_collection_manager_title_03,Locale_Tutorial:tuto_collection_manager_04_description,Bottom,1,False,,True,,False,520005,True,1,None,True,addonresource,None,,,unmaskkeylist,tuto_collection_manager_material,,,,,,,,
520005,0,5200,None,True,6006004,0,None,,None,,si_c907_00_s,Locale_Tutorial:tuto_collection_manager_title_04,Locale_Tutorial:tuto_collection_manager_05_description,Bottom,1,False,,True,,False,520006,True,1,None,True,addonresource,CollectionManagerUI_01,,,,,,,,,,,,
520006,0,5200,None,True,6006004,0,None,,None,,si_c907_00_s,Locale_Tutorial:tuto_collection_manager_title_05,Locale_Tutorial:tuto_collection_manager_06_description,Top,1,False,,True,,False,520007,True,1,None,True,addonresource,None,,,unmaskkeylist,tuto_collection_manager_info,,,,,,,,
520007,0,5200,None,True,6006004,0,None,,None,,si_c907_00_s,Locale_Tutorial:tuto_collection_manager_title_01,Locale_Tutorial:tuto_collection_manager_07_description,Bottom,1,False,,True,,False,520008,True,1,None,True,addonresource,None,,,unmaskkeylist,tuto_collection_manager_btn,,,,,,,,
520008,0,5200,None,True,6006004,0,None,,None,,si_c907_01_s,Locale_Tutorial:tuto_collection_manager_title_01,Locale_Tutorial:tuto_collection_manager_08_description,Bottom,1,False,,True,,False,0,True,1,None,True,addonresource,CollectionObtainContents,,,,,,,,,,,,
530001,0,5300,None,True,6006004,0,EnterCollectionCombinePopup,,None,,si_c907_00_s,Locale_Tutorial:tuto_collection_combine_title_01,Locale_Tutorial:tuto_collection_combine_01_description,Bottom,0,False,,True,,False,530002,True,1,None,True,addonresource,None,,,,,,,,,,,,
530002,0,5300,None,True,6006004,0,None,,None,,si_c907_00_s,Locale_Tutorial:tuto_collection_combine_title_02,Locale_Tutorial:tuto_collection_combine_02_01_description,Bottom,0,False,,True,,False,530003,True,1,None,True,addonresource,None,,,,,,,,,,,,
530003,0,5300,None,True,6006004,0,None,,None,,si_c907_00_s,Locale_Tutorial:tuto_collection_combine_title_02,Locale_Tutorial:tuto_collection_combine_03_01_description,Bottom,1,False,,True,,False,530004,True,1,None,True,addonresource,None,,,unmaskkeylist,tuto_collection_combine_material,,,,,,,,
530004,0,5300,None,True,6006004,0,None,,None,,si_c907_00_s,Locale_Tutorial:tuto_collection_combine_title_02,Locale_Tutorial:tuto_collection_combine_04_description,Bottom,1,False,,True,,False,530005,True,1,None,True,addonresource,CollectionCombine_01,,,,,,,,,,,,
530005,0,5300,None,True,6006004,0,None,,None,,si_c907_00_s,Locale_Tutorial:tuto_collection_combine_title_01,Locale_Tutorial:tuto_collection_combine_05_description,Bottom,0,False,,True,,False,0,True,1,None,True,addonresource,None,,,,,,,,,,,,
540001,0,5400,None,True,6006004,0,EnterCollectionChangeView,,None,,si_c907_00_s,Locale_Tutorial:tuto_collection_change_title_01,Locale_Tutorial:tuto_collection_change_01_description,Bottom,0,False,,True,,False,540002,True,1,None,True,addonresource,None,,,,,,,,,,,,
540002,0,5400,None,True,6006004,0,None,,None,,si_c907_00_s,Locale_Tutorial:tuto_collection_change_title_02,Locale_Tutorial:tuto_collection_change_02_description,Bottom,1,False,,True,,False,540003,True,1,None,True,addonresource,CollectionChange_01,,,,,,,,,,,,
540003,0,5400,None,True,6006004,0,None,,None,,si_c907_00_s,Locale_Tutorial:tuto_collection_change_title_03,Locale_Tutorial:tuto_collection_change_03_description,Bottom,1,False,,True,,False,540004,True,1,None,True,addonresource,CollectionChange_02,,,,,,,,,,,,
540004,0,5400,None,True,6006004,0,None,,None,,si_c907_00_s,Locale_Tutorial:tuto_collection_change_title_01,Locale_Tutorial:tuto_collection_change_04_description,Bottom,0,False,,True,,False,0,True,1,None,True,addonresource,None,,,,,,,,,,,,
600001,0,6000,None,True,6005026,0,EnterCampaignStageSelectView,,None,,si_c010_00_s,Locale_Tutorial:tuto_campaign_quick_battle_title_01,Locale_Tutorial:tuto_campaign_quick_battle_description_01,Bottom,1,False,,True,,False,600002,True,600006,None,True,addonresource,None,,,,,,,,,,,,
600002,0,6000,None,True,6005026,0,None,,None,,si_c010_00_s,Locale_Tutorial:tuto_campaign_quick_battle_title_01,Locale_Tutorial:tuto_campaign_quick_battle_description_02,Bottom,1,False,,True,,False,600003,False,0,None,True,addonresource,None,,,,,,,,,,,,
600003,0,6000,None,True,6005026,0,None,,None,,si_c010_00_s,Locale_Tutorial:tuto_campaign_quick_battle_title_01,Locale_Tutorial:tuto_campaign_quick_battle_description_03,Bottom,1,False,,True,,False,600004,False,0,None,True,addonresource,campaign_quick_battle_tuto_01,,,,,,,,,,,,
600004,0,6000,None,True,6005026,0,None,,None,,si_c010_00_s,Locale_Tutorial:tuto_campaign_quick_battle_title_01,Locale_Tutorial:tuto_campaign_quick_battle_description_04,Bottom,1,False,,True,,False,600005,False,0,None,True,addonresource,campaign_quick_battle_tuto_02,,,,,,,,,,,,
600005,0,6000,None,True,6005026,0,None,,None,,si_c010_00_s,Locale_Tutorial:tuto_campaign_quick_battle_title_01,Locale_Tutorial:tuto_campaign_quick_battle_description_05,Bottom,1,False,,True,,False,0,True,1,None,True,addonresource,None,,,,,,,,,,,,
600006,0,6000,None,True,6005026,0,FinishLobbyAnimation,,None,,si_c010_00_s,Locale_Tutorial:tuto_campaign_quick_battle_title_01,Locale_Tutorial:tuto_campaign_quick_battle_description_00,Bottom,1,False,,True,,False,600007,True,0,FinishLobbyAnimation,True,addonresource,None,,,,,,,,,,,,
600007,0,6000,None,True,6005026,0,None,,None,,si_c010_00_s,Locale_Tutorial:tuto_campaign_quick_battle_title_01,Locale_Tutorial:tuto_campaign_quick_battle_description_02,Bottom,1,False,,True,,False,600008,False,0,None,True,addonresource,campaign_quick_battle_tuto_01,,,,,,,,,,,,
600008,0,6000,None,True,6005026,0,None,,None,,si_c010_00_s,Locale_Tutorial:tuto_campaign_quick_battle_title_01,Locale_Tutorial:tuto_campaign_quick_battle_description_03,Bottom,1,False,,True,,False,600009,False,0,None,True,addonresource,campaign_quick_battle_tuto_02,,,,,,,,,,,,
600009,0,6000,None,True,6005026,0,None,,None,,si_c010_00_s,Locale_Tutorial:tuto_campaign_quick_battle_title_01,Locale_Tutorial:tuto_campaign_quick_battle_description_04,Bottom,1,False,,True,,False,0,True,1,None,True,addonresource,None,,,,,,,,,,,,
