id,group_id,timeline_value,timeline_isloop,timeline_spawn_group,timeline_loop_count,timeline_loop_interval,timeline_actiontype,timeline_actiontype_value/0/timeline_actiontype_value,timeline_actiontype_value/1/timeline_actiontype_value,timeline_actiontype_value/10/timeline_actiontype_value,timeline_actiontype_value/11/timeline_actiontype_value,timeline_actiontype_value/2/timeline_actiontype_value,timeline_actiontype_value/3/timeline_actiontype_value,timeline_actiontype_value/4/timeline_actiontype_value,timeline_actiontype_value/5/timeline_actiontype_value,timeline_actiontype_value/6/timeline_actiontype_value,timeline_actiontype_value/7/timeline_actiontype_value,timeline_actiontype_value/8/timeline_actiontype_value,timeline_actiontype_value/9/timeline_actiontype_value
110001,101001,0,False,0,0,0,Countdown,,,,,,,,,,,,
110002,101001,0,False,800500,0,0,ItemSpawn,,,,,,,,,,,,
110003,101001,0,True,110101,-1,700,MonsterGroupSpawn,,,,,,,,,,,,
110004,101001,6000,True,112001,-1,4000,MonsterGroupSpawn,,,,,4000,,,,,,,
110005,101001,12000,False,110101,0,0,StopMonsterGroupSpawn,,,,,1,,,,,,,
110006,101001,12000,True,110102,-1,600,MonsterGroupSpawn,,,,,2,,,,,,,
110007,101001,18000,False,119001,0,0,TargetNormalMonsterSpawn,,,,,3,,,,,,,
110008,101001,24000,False,110102,0,0,StopMonsterGroupSpawn,,,,,4,,,,,,,
110009,101001,24000,True,110103,-1,500,MonsterGroupSpawn,,,,,5,,,,,,,
110010,101001,30000,False,112001,0,0,StopMonsterGroupSpawn,,,,,4000,,,,,,,
110011,101001,30000,True,112002,-1,4000,MonsterGroupSpawn,,,,,,,,,,,,
110012,101001,30000,True,118001,-1,4000,MonsterGroupSpawn,,,,,6,,,,,,,
110013,101001,36000,False,119002,0,0,TargetNormalMonsterSpawn,,,,,7,,,,,,,
110014,101001,36000,False,110103,0,0,StopMonsterGroupSpawn,,,,,8,,,,,,,
110015,101001,36000,True,110104,-1,350,MonsterGroupSpawn,,,,,9,,,,,,,
110016,101001,48000,False,110104,0,0,StopMonsterGroupSpawn,,,,,10,,,,,,,
110017,101001,48000,True,110105,-1,250,MonsterGroupSpawn,,,,,11,,,,,,,
110018,101001,53990,False,0,0,0,Balloon,NKS_Balloon_SNW_Group_22,,,,,,,,,,,
110019,101001,53990,False,0,0,0,Balloon,NKS_Balloon_DRT_Group_22,,,,,,,,,,,
110020,101001,53990,False,0,0,0,Balloon,NKS_Balloon_SCR_Group_22,,,,,,,,,,,
110021,101001,53990,False,0,0,0,Balloon,NKS_Balloon_RPZ_Group_22,,,,,,,,,,,
110022,101001,53990,False,0,0,0,Balloon,NKS_Balloon_RHD_Group_22,,,,,,,,,,,
110023,101001,54000,False,119003,0,0,TargetNormalMonsterSpawn,,,,,12,,,,,,,
110024,101001,59990,False,0,0,0,Dialog,1ann_mini_ending_snowwhite,,,,,,,,,,,
110025,101001,60000,False,0,0,0,Stage_Clear,,,,,,,,,,,,
120001,102001,0,False,0,0,0,Countdown,,,,,,,,,,,,
120002,102001,0,False,800100,0,0,ItemSpawn,,,,,,,,,,,,
120003,102001,0,True,110101,-1,700,MonsterGroupSpawn,,,,,,,,,,,,
120004,102001,6000,True,112001,-1,4000,MonsterGroupSpawn,,,,,4000,,,,,,,
120005,102001,12000,False,110101,0,0,StopMonsterGroupSpawn,,,,,1,,,,,,,
120006,102001,12000,True,110102,-1,600,MonsterGroupSpawn,,,,,2,,,,,,,
120007,102001,18000,False,119001,0,0,TargetNormalMonsterSpawn,,,,,3,,,,,,,
120008,102001,24000,False,110102,0,0,StopMonsterGroupSpawn,,,,,4,,,,,,,
120009,102001,24000,True,110103,-1,500,MonsterGroupSpawn,,,,,5,,,,,,,
120010,102001,30000,False,112001,0,0,StopMonsterGroupSpawn,,,,,4000,,,,,,,
120011,102001,30000,True,112002,-1,4000,MonsterGroupSpawn,,,,,,,,,,,,
120012,102001,30000,True,118001,-1,4000,MonsterGroupSpawn,,,,,6,,,,,,,
120013,102001,36000,False,119002,0,0,TargetNormalMonsterSpawn,,,,,7,,,,,,,
120014,102001,36000,False,110103,0,0,StopMonsterGroupSpawn,,,,,8,,,,,,,
120015,102001,36000,True,110104,-1,350,MonsterGroupSpawn,,,,,9,,,,,,,
120016,102001,48000,False,110104,0,0,StopMonsterGroupSpawn,,,,,10,,,,,,,
120017,102001,48000,True,110105,-1,250,MonsterGroupSpawn,,,,,11,,,,,,,
120018,102001,53990,False,0,0,0,Balloon,NKS_Balloon_SNW_Group_22,,,,,,,,,,,
120019,102001,53990,False,0,0,0,Balloon,NKS_Balloon_DRT_Group_22,,,,,,,,,,,
120020,102001,53990,False,0,0,0,Balloon,NKS_Balloon_SCR_Group_22,,,,,,,,,,,
120021,102001,53990,False,0,0,0,Balloon,NKS_Balloon_RPZ_Group_22,,,,,,,,,,,
120022,102001,53990,False,0,0,0,Balloon,NKS_Balloon_RHD_Group_22,,,,,,,,,,,
120023,102001,54000,False,119003,0,0,TargetNormalMonsterSpawn,,,,,12,,,,,,,
120024,102001,59970,False,0,0,0,Balloon,NKS_Balloon_SNW_Group_23,,,,,,,,,,,
120025,102001,59970,False,0,0,0,Balloon,NKS_Balloon_DRT_Group_23,,,,,,,,,,,
120026,102001,59970,False,0,0,0,Balloon,NKS_Balloon_SCR_Group_23,,,,,,,,,,,
120027,102001,59970,False,0,0,0,Balloon,NKS_Balloon_RPZ_Group_23,,,,,,,,,,,
120028,102001,59970,False,0,0,0,Balloon,NKS_Balloon_RHD_Group_23,,,,,,,,,,,
120029,102001,59980,False,110105,0,0,StopMonsterGroupSpawn,,,,,11,,,,,,,
120030,102001,59980,True,110110,-1,100,MonsterGroupSpawn,,,,,,,,,,,,
120031,102001,59980,False,110101,0,0,StopMonsterGroupSpawn,,,,,,,,,,,,
120032,102001,59980,False,110102,0,0,StopMonsterGroupSpawn,,,,,,,,,,,,
120033,102001,59980,False,110103,0,0,StopMonsterGroupSpawn,,,,,,,,,,,,
120034,102001,59980,False,110104,0,0,StopMonsterGroupSpawn,,,,,,,,,,,,
120035,102001,59980,False,110105,0,0,StopMonsterGroupSpawn,,,,,,,,,,,,
120036,102001,59980,False,600001,0,0,BossMonsterSpawn,,,,,,,,,,,,
120037,102001,60000,False,0,0,0,Stage_Clear,,,,,,,,,,,,
130001,103001,0,False,0,0,0,Countdown,,,,,,,,,,,,
130002,103001,0,True,110101,-1,700,MonsterGroupSpawn,,,,,,,,,,,,
130003,103001,6000,True,112001,-1,4000,MonsterGroupSpawn,,,,,4000,,,,,,,
130004,103001,12000,False,110101,0,0,StopMonsterGroupSpawn,,,,,1,,,,,,,
130005,103001,12000,True,110102,-1,600,MonsterGroupSpawn,,,,,2,,,,,,,
130006,103001,18000,False,119001,0,0,TargetNormalMonsterSpawn,,,,,3,,,,,,,
130007,103001,24000,False,110102,0,0,StopMonsterGroupSpawn,,,,,4,,,,,,,
130008,103001,24000,True,110103,-1,500,MonsterGroupSpawn,,,,,5,,,,,,,
130009,103001,30000,False,112001,0,0,StopMonsterGroupSpawn,,,,,4000,,,,,,,
130010,103001,30000,True,112002,-1,4000,MonsterGroupSpawn,,,,,,,,,,,,
130011,103001,30000,True,118001,-1,4000,MonsterGroupSpawn,,,,,6,,,,,,,
130012,103001,30000,False,0,0,0,Balloon,NKS_Balloon_SNW_Group_22,,,,,,,,,,,
130013,103001,30000,False,0,0,0,Balloon,NKS_Balloon_DRT_Group_22,,,,,,,,,,,
130014,103001,30000,False,0,0,0,Balloon,NKS_Balloon_SCR_Group_22,,,,,,,,,,,
130015,103001,30000,False,0,0,0,Balloon,NKS_Balloon_RPZ_Group_22,,,,,,,,,,,
130016,103001,30000,False,0,0,0,Balloon,NKS_Balloon_RHD_Group_22,,,,,,,,,,,
130017,103001,30000,False,119002,0,0,TargetNormalMonsterSpawn,,,,,7,,,,,,,
130018,103001,30100,False,0,0,0,Stage_Clear,,,,,,,,,,,,
210001,201001,0,False,0,0,0,Countdown,,,,,,,,,,,,
210002,201001,0,False,800200,0,0,ItemSpawn,,,,,,,,,,,,
210003,201001,0,True,120101,-1,700,MonsterGroupSpawn,,,,,,,,,,,,
210004,201001,6000,True,122001,-1,4000,MonsterGroupSpawn,,,,,4000,,,,,,,
210005,201001,12000,False,120101,0,0,StopMonsterGroupSpawn,,,,,1,,,,,,,
210006,201001,12000,True,120102,-1,600,MonsterGroupSpawn,,,,,2,,,,,,,
210007,201001,18000,False,129001,0,0,TargetNormalMonsterSpawn,,,,,3,,,,,,,
210008,201001,24000,False,120102,0,0,StopMonsterGroupSpawn,,,,,4,,,,,,,
210009,201001,24000,True,120103,-1,500,MonsterGroupSpawn,,,,,5,,,,,,,
210010,201001,30000,False,122001,0,0,StopMonsterGroupSpawn,,,,,4000,,,,,,,
210011,201001,30000,True,122002,-1,4000,MonsterGroupSpawn,,,,,,,,,,,,
210012,201001,30000,True,128001,-1,4000,MonsterGroupSpawn,,,,,6,,,,,,,
210013,201001,36000,False,129002,0,0,TargetNormalMonsterSpawn,,,,,7,,,,,,,
210014,201001,36000,False,120103,0,0,StopMonsterGroupSpawn,,,,,8,,,,,,,
210015,201001,36000,True,120104,-1,350,MonsterGroupSpawn,,,,,9,,,,,,,
210016,201001,48000,False,120104,0,0,StopMonsterGroupSpawn,,,,,10,,,,,,,
210017,201001,48000,True,120105,-1,250,MonsterGroupSpawn,,,,,11,,,,,,,
210018,201001,53990,False,0,0,0,Balloon,NKS_Balloon_SNW_Group_22,,,,,,,,,,,
210019,201001,53990,False,0,0,0,Balloon,NKS_Balloon_DRT_Group_22,,,,,,,,,,,
210020,201001,53990,False,0,0,0,Balloon,NKS_Balloon_SCR_Group_22,,,,,,,,,,,
210021,201001,53990,False,0,0,0,Balloon,NKS_Balloon_RPZ_Group_22,,,,,,,,,,,
210022,201001,53990,False,0,0,0,Balloon,NKS_Balloon_RHD_Group_22,,,,,,,,,,,
210023,201001,54000,False,129003,0,0,TargetNormalMonsterSpawn,,,,,12,,,,,,,
210024,201001,60000,False,120105,0,0,StopMonsterGroupSpawn,,,,,13,,,,,,,
210025,201001,60000,True,120106,-1,200,MonsterGroupSpawn,,,,,14,,,,,,,
210026,201001,72000,False,120106,0,0,StopMonsterGroupSpawn,,,,,15,,,,,,,
210027,201001,72000,True,120107,-1,200,MonsterGroupSpawn,,,,,,,,,,,,
210028,201001,84000,False,120107,0,0,StopMonsterGroupSpawn,,,,,,,,,,,,
210029,201001,84000,True,120108,-1,100,MonsterGroupSpawn,,,,,,,,,,,,
210030,201001,90000,False,0,0,0,Stage_Clear,,,,,,,,,,,,
220001,202001,0,False,0,0,0,Countdown,,,,,,,,,,,,
220002,202001,0,False,800800,0,0,ItemSpawn,,,,,,,,,,,,
220003,202001,0,True,120101,-1,700,MonsterGroupSpawn,,,,,,,,,,,,
220004,202001,6000,True,122001,-1,4000,MonsterGroupSpawn,,,,,4000,,,,,,,
220005,202001,12000,False,120101,0,0,StopMonsterGroupSpawn,,,,,1,,,,,,,
220006,202001,12000,True,120102,-1,600,MonsterGroupSpawn,,,,,2,,,,,,,
220007,202001,18000,False,129001,0,0,TargetNormalMonsterSpawn,,,,,3,,,,,,,
220008,202001,24000,False,120102,0,0,StopMonsterGroupSpawn,,,,,4,,,,,,,
220009,202001,24000,True,120103,-1,500,MonsterGroupSpawn,,,,,5,,,,,,,
220010,202001,30000,False,122001,0,0,StopMonsterGroupSpawn,,,,,4000,,,,,,,
220011,202001,30000,True,122002,-1,4000,MonsterGroupSpawn,,,,,,,,,,,,
220012,202001,30000,True,128001,-1,4000,MonsterGroupSpawn,,,,,6,,,,,,,
220013,202001,36000,False,129002,0,0,TargetNormalMonsterSpawn,,,,,7,,,,,,,
220014,202001,36000,False,120103,0,0,StopMonsterGroupSpawn,,,,,8,,,,,,,
220015,202001,36000,True,120104,-1,350,MonsterGroupSpawn,,,,,9,,,,,,,
220016,202001,48000,False,120104,0,0,StopMonsterGroupSpawn,,,,,10,,,,,,,
220017,202001,48000,True,120105,-1,250,MonsterGroupSpawn,,,,,11,,,,,,,
220018,202001,53990,False,0,0,0,Balloon,NKS_Balloon_SNW_Group_22,,,,,,,,,,,
220019,202001,53990,False,0,0,0,Balloon,NKS_Balloon_DRT_Group_22,,,,,,,,,,,
220020,202001,53990,False,0,0,0,Balloon,NKS_Balloon_SCR_Group_22,,,,,,,,,,,
220021,202001,53990,False,0,0,0,Balloon,NKS_Balloon_RPZ_Group_22,,,,,,,,,,,
220022,202001,53990,False,0,0,0,Balloon,NKS_Balloon_RHD_Group_22,,,,,,,,,,,
220023,202001,54000,False,129003,0,0,TargetNormalMonsterSpawn,,,,,12,,,,,,,
220024,202001,60000,False,120105,0,0,StopMonsterGroupSpawn,,,,,13,,,,,,,
220025,202001,60000,True,120106,-1,200,MonsterGroupSpawn,,,,,14,,,,,,,
220026,202001,72000,False,120106,0,0,StopMonsterGroupSpawn,,,,,15,,,,,,,
220027,202001,72000,True,120107,-1,200,MonsterGroupSpawn,,,,,,,,,,,,
220028,202001,84000,False,120107,0,0,StopMonsterGroupSpawn,,,,,,,,,,,,
220029,202001,84000,True,120108,-1,100,MonsterGroupSpawn,,,,,,,,,,,,
220030,202001,89970,False,0,0,0,Balloon,NKS_Balloon_SNW_Group_24,,,,,,,,,,,
220031,202001,89970,False,0,0,0,Balloon,NKS_Balloon_DRT_Group_24,,,,,,,,,,,
220032,202001,89970,False,0,0,0,Balloon,NKS_Balloon_SCR_Group_24,,,,,,,,,,,
220033,202001,89970,False,0,0,0,Balloon,NKS_Balloon_RPZ_Group_24,,,,,,,,,,,
220034,202001,89970,False,0,0,0,Balloon,NKS_Balloon_RHD_Group_24,,,,,,,,,,,
220035,202001,89980,False,120108,0,0,StopMonsterGroupSpawn,,,,,,,,,,,,
220036,202001,89980,False,122002,0,0,StopMonsterGroupSpawn,,,,,,,,,,,,
220037,202001,89980,False,128001,0,0,StopMonsterGroupSpawn,,,,,,,,,,,,
220038,202001,89980,True,120110,-1,90,MonsterGroupSpawn,,,,,,,,,,,,
220039,202001,89980,False,120101,0,0,StopMonsterGroupSpawn,,,,,,,,,,,,
220040,202001,89980,False,120102,0,0,StopMonsterGroupSpawn,,,,,,,,,,,,
220041,202001,89980,False,120103,0,0,StopMonsterGroupSpawn,,,,,,,,,,,,
220042,202001,89980,False,120104,0,0,StopMonsterGroupSpawn,,,,,,,,,,,,
220043,202001,89980,False,120105,0,0,StopMonsterGroupSpawn,,,,,,,,,,,,
220044,202001,89980,False,120106,0,0,StopMonsterGroupSpawn,,,,,,,,,,,,
220045,202001,89980,False,120107,0,0,StopMonsterGroupSpawn,,,,,,,,,,,,
220046,202001,89980,False,120108,0,0,StopMonsterGroupSpawn,,,,,,,,,,,,
220047,202001,89990,False,0,0,0,Dialog,1ann_mini_ending_dorothy,,,,,,,,,,,
220048,202001,89980,False,600002,0,0,BossMonsterSpawn,,,,,,,,,,,,
220049,202001,90000,False,0,0,0,Stage_Clear,,,,,,,,,,,,
230001,203001,0,False,0,0,0,Countdown,,,,,,,,,,,,
230002,203001,0,True,120101,-1,700,MonsterGroupSpawn,,,,,,,,,,,,
230003,203001,6000,True,122001,-1,4000,MonsterGroupSpawn,,,,,4000,,,,,,,
230004,203001,12000,False,120101,0,0,StopMonsterGroupSpawn,,,,,1,,,,,,,
230005,203001,12000,True,120102,-1,600,MonsterGroupSpawn,,,,,2,,,,,,,
230006,203001,18000,False,129001,0,0,TargetNormalMonsterSpawn,,,,,3,,,,,,,
230007,203001,24000,False,120102,0,0,StopMonsterGroupSpawn,,,,,4,,,,,,,
230008,203001,24000,True,120103,-1,500,MonsterGroupSpawn,,,,,5,,,,,,,
230009,203001,30000,False,122001,0,0,StopMonsterGroupSpawn,,,,,4000,,,,,,,
230010,203001,30000,True,122002,-1,4000,MonsterGroupSpawn,,,,,,,,,,,,
230011,203001,30000,True,128001,-1,4000,MonsterGroupSpawn,,,,,6,,,,,,,
230012,203001,30000,False,129002,0,0,TargetNormalMonsterSpawn,,,,,7,,,,,,,
230013,203001,30000,False,0,0,0,Balloon,NKS_Balloon_SNW_Group_22,,,,,,,,,,,
230014,203001,30000,False,0,0,0,Balloon,NKS_Balloon_DRT_Group_22,,,,,,,,,,,
230015,203001,30000,False,0,0,0,Balloon,NKS_Balloon_SCR_Group_22,,,,,,,,,,,
230016,203001,30000,False,0,0,0,Balloon,NKS_Balloon_RPZ_Group_22,,,,,,,,,,,
230017,203001,30000,False,0,0,0,Balloon,NKS_Balloon_RHD_Group_22,,,,,,,,,,,
230018,203001,30100,False,0,0,0,Stage_Clear,,,,,,,,,,,,
310001,301001,0,False,0,0,0,Countdown,,,,,,,,,,,,
310002,301001,0,False,800300,0,0,ItemSpawn,,,,,,,,,,,,
310003,301001,0,True,130101,-1,600,MonsterGroupSpawn,,,,,,,,,,,,
310004,301001,6000,True,132001,-1,4000,MonsterGroupSpawn,,,,,4000,,,,,,,
310005,301001,12000,False,130101,0,0,StopMonsterGroupSpawn,,,,,1,,,,,,,
310006,301001,12000,True,130102,-1,500,MonsterGroupSpawn,,,,,2,,,,,,,
310007,301001,18000,False,139001,0,0,TargetNormalMonsterSpawn,,,,,3,,,,,,,
310008,301001,24000,False,130102,0,0,StopMonsterGroupSpawn,,,,,4,,,,,,,
310009,301001,24000,True,130103,-1,400,MonsterGroupSpawn,,,,,5,,,,,,,
310010,301001,30000,False,132001,0,0,StopMonsterGroupSpawn,,,,,4000,,,,,,,
310011,301001,30000,True,132002,-1,4000,MonsterGroupSpawn,,,,,,,,,,,,
310012,301001,30000,True,138001,-1,4000,MonsterGroupSpawn,,,,,6,,,,,,,
310013,301001,36000,False,139002,0,0,TargetNormalMonsterSpawn,,,,,7,,,,,,,
310014,301001,36000,False,130103,0,0,StopMonsterGroupSpawn,,,,,8,,,,,,,
310015,301001,36000,True,130104,-1,300,MonsterGroupSpawn,,,,,9,,,,,,,
310016,301001,48000,False,130104,0,0,StopMonsterGroupSpawn,,,,,10,,,,,,,
310017,301001,48000,True,130105,-1,200,MonsterGroupSpawn,,,,,11,,,,,,,
310018,301001,53990,False,0,0,0,Balloon,NKS_Balloon_SNW_Group_22,,,,,,,,,,,
310019,301001,53990,False,0,0,0,Balloon,NKS_Balloon_DRT_Group_22,,,,,,,,,,,
310020,301001,53990,False,0,0,0,Balloon,NKS_Balloon_SCR_Group_22,,,,,,,,,,,
310021,301001,53990,False,0,0,0,Balloon,NKS_Balloon_RPZ_Group_22,,,,,,,,,,,
310022,301001,53990,False,0,0,0,Balloon,NKS_Balloon_RHD_Group_22,,,,,,,,,,,
310023,301001,54000,False,139003,0,0,TargetNormalMonsterSpawn,,,,,12,,,,,,,
310024,301001,60000,False,130105,0,0,StopMonsterGroupSpawn,,,,,13,,,,,,,
310025,301001,60000,True,130106,-1,150,MonsterGroupSpawn,,,,,14,,,,,,,
310026,301001,72000,False,130106,0,0,StopMonsterGroupSpawn,,,,,15,,,,,,,
310027,301001,72000,True,130107,-1,100,MonsterGroupSpawn,,,,,,,,,,,,
310028,301001,84000,False,130107,0,0,StopMonsterGroupSpawn,,,,,,,,,,,,
310029,301001,84000,True,130108,-1,90,MonsterGroupSpawn,,,,,,,,,,,,
310030,301001,90000,False,0,0,0,Stage_Clear,,,,,,,,,,,,
320001,302001,0,False,0,0,0,Countdown,,,,,,,,,,,,
320002,302001,0,False,800900,0,0,ItemSpawn,,,,,,,,,,,,
320003,302001,0,True,130101,-1,600,MonsterGroupSpawn,,,,,,,,,,,,
320004,302001,6000,True,132001,-1,4000,MonsterGroupSpawn,,,,,4000,,,,,,,
320005,302001,12000,False,130101,0,0,StopMonsterGroupSpawn,,,,,1,,,,,,,
320006,302001,12000,True,130102,-1,500,MonsterGroupSpawn,,,,,2,,,,,,,
320007,302001,18000,False,139001,0,0,TargetNormalMonsterSpawn,,,,,3,,,,,,,
320008,302001,24000,False,130102,0,0,StopMonsterGroupSpawn,,,,,4,,,,,,,
320009,302001,24000,True,130103,-1,400,MonsterGroupSpawn,,,,,5,,,,,,,
320010,302001,30000,False,132001,0,0,StopMonsterGroupSpawn,,,,,4000,,,,,,,
320011,302001,30000,True,132002,-1,4000,MonsterGroupSpawn,,,,,,,,,,,,
320012,302001,30000,True,138001,-1,4000,MonsterGroupSpawn,,,,,6,,,,,,,
320013,302001,36000,False,139002,0,0,TargetNormalMonsterSpawn,,,,,7,,,,,,,
320014,302001,36000,False,130103,0,0,StopMonsterGroupSpawn,,,,,8,,,,,,,
320015,302001,36000,True,130104,-1,300,MonsterGroupSpawn,,,,,9,,,,,,,
320016,302001,48000,False,130104,0,0,StopMonsterGroupSpawn,,,,,10,,,,,,,
320017,302001,48000,True,130105,-1,200,MonsterGroupSpawn,,,,,11,,,,,,,
320018,302001,53990,False,0,0,0,Balloon,NKS_Balloon_SNW_Group_22,,,,,,,,,,,
320019,302001,53990,False,0,0,0,Balloon,NKS_Balloon_DRT_Group_22,,,,,,,,,,,
320020,302001,53990,False,0,0,0,Balloon,NKS_Balloon_SCR_Group_22,,,,,,,,,,,
320021,302001,53990,False,0,0,0,Balloon,NKS_Balloon_RPZ_Group_22,,,,,,,,,,,
320022,302001,53990,False,0,0,0,Balloon,NKS_Balloon_RHD_Group_22,,,,,,,,,,,
320023,302001,54000,False,139003,0,0,TargetNormalMonsterSpawn,,,,,12,,,,,,,
320024,302001,60000,False,130105,0,0,StopMonsterGroupSpawn,,,,,13,,,,,,,
320025,302001,60000,True,130106,-1,150,MonsterGroupSpawn,,,,,14,,,,,,,
320026,302001,72000,False,130106,0,0,StopMonsterGroupSpawn,,,,,15,,,,,,,
320027,302001,72000,True,130107,-1,100,MonsterGroupSpawn,,,,,,,,,,,,
320028,302001,84000,False,130107,0,0,StopMonsterGroupSpawn,,,,,,,,,,,,
320029,302001,84000,True,130108,-1,90,MonsterGroupSpawn,,,,,,,,,,,,
320030,302001,89970,False,0,0,0,Balloon,NKS_Balloon_SNW_Group_25,,,,,,,,,,,
320031,302001,89970,False,0,0,0,Balloon,NKS_Balloon_DRT_Group_25,,,,,,,,,,,
320032,302001,89970,False,0,0,0,Balloon,NKS_Balloon_SCR_Group_25,,,,,,,,,,,
320033,302001,89970,False,0,0,0,Balloon,NKS_Balloon_RPZ_Group_25,,,,,,,,,,,
320034,302001,89970,False,0,0,0,Balloon,NKS_Balloon_RHD_Group_25,,,,,,,,,,,
320035,302001,89980,False,130108,0,0,StopMonsterGroupSpawn,,,,,,,,,,,,
320036,302001,89980,False,132002,0,0,StopMonsterGroupSpawn,,,,,,,,,,,,
320037,302001,89980,False,138001,0,0,StopMonsterGroupSpawn,,,,,,,,,,,,
320038,302001,89980,True,130110,-1,90,MonsterGroupSpawn,,,,,,,,,,,,
320039,302001,89980,False,130101,0,0,StopMonsterGroupSpawn,,,,,,,,,,,,
320040,302001,89980,False,130102,0,0,StopMonsterGroupSpawn,,,,,,,,,,,,
320041,302001,89980,False,130103,0,0,StopMonsterGroupSpawn,,,,,,,,,,,,
320042,302001,89980,False,130104,0,0,StopMonsterGroupSpawn,,,,,,,,,,,,
320043,302001,89980,False,130105,0,0,StopMonsterGroupSpawn,,,,,,,,,,,,
320044,302001,89980,False,130106,0,0,StopMonsterGroupSpawn,,,,,,,,,,,,
320045,302001,89980,False,130107,0,0,StopMonsterGroupSpawn,,,,,,,,,,,,
320046,302001,89980,False,130108,0,0,StopMonsterGroupSpawn,,,,,,,,,,,,
320047,302001,89980,False,600003,0,0,BossMonsterSpawn,,,,,,,,,,,,
320048,302001,89990,False,0,0,0,Dialog,1ann_mini_ending_redhood,,,,,,,,,,,
320049,302001,90000,False,0,0,0,Stage_Clear,,,,,,,,,,,,
330001,303001,0,False,0,0,0,Countdown,,,,,,,,,,,,
330002,303001,0,True,130101,-1,600,MonsterGroupSpawn,,,,,,,,,,,,
330003,303001,6000,True,132001,-1,4000,MonsterGroupSpawn,,,,,4000,,,,,,,
330004,303001,12000,False,130101,0,0,StopMonsterGroupSpawn,,,,,1,,,,,,,
330005,303001,12000,True,130102,-1,500,MonsterGroupSpawn,,,,,2,,,,,,,
330006,303001,18000,False,139001,0,0,TargetNormalMonsterSpawn,,,,,3,,,,,,,
330007,303001,24000,False,130102,0,0,StopMonsterGroupSpawn,,,,,4,,,,,,,
330008,303001,24000,True,130103,-1,400,MonsterGroupSpawn,,,,,5,,,,,,,
330009,303001,30000,False,132001,0,0,StopMonsterGroupSpawn,,,,,4000,,,,,,,
330010,303001,30000,True,132002,-1,4000,MonsterGroupSpawn,,,,,,,,,,,,
330011,303001,30000,True,138001,-1,4000,MonsterGroupSpawn,,,,,6,,,,,,,
330012,303001,30000,False,139002,0,0,TargetNormalMonsterSpawn,,,,,7,,,,,,,
330013,303001,30000,False,0,0,0,Balloon,NKS_Balloon_SNW_Group_22,,,,,,,,,,,
330014,303001,30000,False,0,0,0,Balloon,NKS_Balloon_DRT_Group_22,,,,,,,,,,,
330015,303001,30000,False,0,0,0,Balloon,NKS_Balloon_SCR_Group_22,,,,,,,,,,,
330016,303001,30000,False,0,0,0,Balloon,NKS_Balloon_RPZ_Group_22,,,,,,,,,,,
330017,303001,30000,False,0,0,0,Balloon,NKS_Balloon_RHD_Group_22,,,,,,,,,,,
330018,303001,30100,False,0,0,0,Stage_Clear,,,,,,,,,,,,
410001,401001,0,False,0,0,0,Countdown,,,,,,,,,,,,
410002,401001,0,False,800400,0,0,ItemSpawn,,,,,,,,,,,,
410004,401001,0,True,140101,-1,600,MonsterGroupSpawn,,,,,,,,,,,,
410005,401001,6000,True,142001,-1,4000,MonsterGroupSpawn,,,,,4000,,,,,,,
410006,401001,12000,False,140101,0,0,StopMonsterGroupSpawn,,,,,1,,,,,,,
410007,401001,12000,True,140102,-1,500,MonsterGroupSpawn,,,,,2,,,,,,,
410008,401001,18000,False,149001,0,0,TargetNormalMonsterSpawn,,,,,3,,,,,,,
410009,401001,24000,False,140102,0,0,StopMonsterGroupSpawn,,,,,4,,,,,,,
410010,401001,24000,True,140103,-1,400,MonsterGroupSpawn,,,,,5,,,,,,,
410011,401001,30000,False,142001,0,0,StopMonsterGroupSpawn,,,,,4000,,,,,,,
410012,401001,30000,True,142002,-1,4000,MonsterGroupSpawn,,,,,,,,,,,,
410013,401001,30000,True,148001,-1,4000,MonsterGroupSpawn,,,,,6,,,,,,,
410014,401001,36000,False,149002,0,0,TargetNormalMonsterSpawn,,,,,7,,,,,,,
410015,401001,36000,False,140103,0,0,StopMonsterGroupSpawn,,,,,8,,,,,,,
410016,401001,36000,True,140104,-1,300,MonsterGroupSpawn,,,,,9,,,,,,,
410017,401001,48000,False,140104,0,0,StopMonsterGroupSpawn,,,,,10,,,,,,,
410018,401001,48000,True,140105,-1,200,MonsterGroupSpawn,,,,,11,,,,,,,
410019,401001,53990,False,0,0,0,Balloon,NKS_Balloon_SNW_Group_22,,,,,,,,,,,
410020,401001,53990,False,0,0,0,Balloon,NKS_Balloon_DRT_Group_22,,,,,,,,,,,
410021,401001,53990,False,0,0,0,Balloon,NKS_Balloon_SCR_Group_22,,,,,,,,,,,
410022,401001,53990,False,0,0,0,Balloon,NKS_Balloon_RPZ_Group_22,,,,,,,,,,,
410023,401001,53990,False,0,0,0,Balloon,NKS_Balloon_RHD_Group_22,,,,,,,,,,,
410024,401001,54000,False,149003,0,0,TargetNormalMonsterSpawn,,,,,12,,,,,,,
410025,401001,60000,False,140105,0,0,StopMonsterGroupSpawn,,,,,13,,,,,,,
410026,401001,60000,True,140106,-1,150,MonsterGroupSpawn,,,,,14,,,,,,,
410027,401001,72000,False,140106,0,0,StopMonsterGroupSpawn,,,,,15,,,,,,,
410028,401001,72000,True,140107,-1,100,MonsterGroupSpawn,,,,,,,,,,,,
410029,401001,84000,False,140107,0,0,StopMonsterGroupSpawn,,,,,,,,,,,,
410030,401001,84000,True,140108,-1,90,MonsterGroupSpawn,,,,,,,,,,,,
410031,401001,90000,False,0,0,0,Stage_Clear,,,,,,,,,,,,
420001,402001,0,False,0,0,0,Countdown,,,,,,,,,,,,
420002,402001,0,False,800700,0,0,ItemSpawn,,,,,,,,,,,,
420003,402001,0,False,800600,0,0,ItemSpawn,,,,,,,,,,,,
420004,402001,0,True,140101,-1,600,MonsterGroupSpawn,,,,,,,,,,,,
420005,402001,6000,True,142001,-1,4000,MonsterGroupSpawn,,,,,4000,,,,,,,
420006,402001,12000,False,140101,0,0,StopMonsterGroupSpawn,,,,,1,,,,,,,
420007,402001,12000,True,140102,-1,500,MonsterGroupSpawn,,,,,2,,,,,,,
420008,402001,18000,False,149001,0,0,TargetNormalMonsterSpawn,,,,,3,,,,,,,
420009,402001,24000,False,140102,0,0,StopMonsterGroupSpawn,,,,,4,,,,,,,
420010,402001,24000,True,140103,-1,400,MonsterGroupSpawn,,,,,5,,,,,,,
420011,402001,30000,False,142001,0,0,StopMonsterGroupSpawn,,,,,4000,,,,,,,
420012,402001,30000,True,142002,-1,4000,MonsterGroupSpawn,,,,,,,,,,,,
420013,402001,30000,True,148001,-1,4000,MonsterGroupSpawn,,,,,6,,,,,,,
420014,402001,36000,False,149002,0,0,TargetNormalMonsterSpawn,,,,,7,,,,,,,
420015,402001,36000,False,140103,0,0,StopMonsterGroupSpawn,,,,,8,,,,,,,
420016,402001,36000,True,140104,-1,300,MonsterGroupSpawn,,,,,9,,,,,,,
420017,402001,48000,False,140104,0,0,StopMonsterGroupSpawn,,,,,10,,,,,,,
420018,402001,48000,True,140105,-1,200,MonsterGroupSpawn,,,,,11,,,,,,,
420019,402001,53990,False,0,0,0,Balloon,NKS_Balloon_SNW_Group_22,,,,,,,,,,,
420020,402001,53990,False,0,0,0,Balloon,NKS_Balloon_DRT_Group_22,,,,,,,,,,,
420021,402001,53990,False,0,0,0,Balloon,NKS_Balloon_SCR_Group_22,,,,,,,,,,,
420022,402001,53990,False,0,0,0,Balloon,NKS_Balloon_RPZ_Group_22,,,,,,,,,,,
420023,402001,53990,False,0,0,0,Balloon,NKS_Balloon_RHD_Group_22,,,,,,,,,,,
420024,402001,54000,False,149003,0,0,TargetNormalMonsterSpawn,,,,,12,,,,,,,
420025,402001,60000,False,140105,0,0,StopMonsterGroupSpawn,,,,,13,,,,,,,
420026,402001,60000,True,140106,-1,150,MonsterGroupSpawn,,,,,14,,,,,,,
420027,402001,72000,False,140106,0,0,StopMonsterGroupSpawn,,,,,15,,,,,,,
420028,402001,72000,True,140107,-1,100,MonsterGroupSpawn,,,,,,,,,,,,
420029,402001,84000,False,140107,0,0,StopMonsterGroupSpawn,,,,,,,,,,,,
420030,402001,84000,True,140108,-1,90,MonsterGroupSpawn,,,,,,,,,,,,
420031,402001,89970,False,0,0,0,Balloon,NKS_Balloon_SNW_Group_26,,,,,,,,,,,
420032,402001,89970,False,0,0,0,Balloon,NKS_Balloon_DRT_Group_26,,,,,,,,,,,
420033,402001,89970,False,0,0,0,Balloon,NKS_Balloon_SCR_Group_26,,,,,,,,,,,
420034,402001,89970,False,0,0,0,Balloon,NKS_Balloon_RPZ_Group_26,,,,,,,,,,,
420035,402001,89970,False,0,0,0,Balloon,NKS_Balloon_RHD_Group_26,,,,,,,,,,,
420036,402001,89980,False,140108,0,0,StopMonsterGroupSpawn,,,,,,,,,,,,
420037,402001,89980,False,142002,0,0,StopMonsterGroupSpawn,,,,,,,,,,,,
420038,402001,89980,False,148001,0,0,StopMonsterGroupSpawn,,,,,,,,,,,,
420039,402001,89980,True,140110,-1,70,MonsterGroupSpawn,,,,,,,,,,,,
420040,402001,89980,False,140101,0,0,StopMonsterGroupSpawn,,,,,,,,,,,,
420041,402001,89980,False,140102,0,0,StopMonsterGroupSpawn,,,,,,,,,,,,
420042,402001,89980,False,140103,0,0,StopMonsterGroupSpawn,,,,,,,,,,,,
420043,402001,89980,False,140104,0,0,StopMonsterGroupSpawn,,,,,,,,,,,,
420044,402001,89980,False,140105,0,0,StopMonsterGroupSpawn,,,,,,,,,,,,
420045,402001,89980,False,140106,0,0,StopMonsterGroupSpawn,,,,,,,,,,,,
420046,402001,89980,False,140107,0,0,StopMonsterGroupSpawn,,,,,,,,,,,,
420047,402001,89980,False,140108,0,0,StopMonsterGroupSpawn,,,,,,,,,,,,
420048,402001,89980,False,600004,0,0,BossMonsterSpawn,,,,,,,,,,,,
420049,402001,89990,False,0,0,0,Dialog,1ann_mini_ending_hongryeon,,,,,,,,,,,
420050,402001,89990,False,0,0,0,Dialog,1ann_mini_ending_rapunzel,,,,,,,,,,,
420051,402001,90000,False,0,0,0,Stage_Clear,,,,,,,,,,,,
430001,403001,0,False,0,0,0,Countdown,,,,,,,,,,,,
430002,403001,0,True,140101,-1,600,MonsterGroupSpawn,,,,,,,,,,,,
430003,403001,6000,True,142001,-1,4000,MonsterGroupSpawn,,,,,4000,,,,,,,
430004,403001,12000,False,140101,0,0,StopMonsterGroupSpawn,,,,,1,,,,,,,
430005,403001,12000,True,140102,-1,500,MonsterGroupSpawn,,,,,2,,,,,,,
430006,403001,18000,False,149001,0,0,TargetNormalMonsterSpawn,,,,,3,,,,,,,
430007,403001,24000,False,140102,0,0,StopMonsterGroupSpawn,,,,,4,,,,,,,
430008,403001,24000,True,140103,-1,400,MonsterGroupSpawn,,,,,5,,,,,,,
430009,403001,30000,False,142001,0,0,StopMonsterGroupSpawn,,,,,4000,,,,,,,
430010,403001,30000,True,142002,-1,4000,MonsterGroupSpawn,,,,,,,,,,,,
430011,403001,30000,True,148001,-1,4000,MonsterGroupSpawn,,,,,6,,,,,,,
430012,403001,30000,False,149002,0,0,TargetNormalMonsterSpawn,,,,,7,,,,,,,
430013,403001,30000,False,0,0,0,Balloon,NKS_Balloon_SNW_Group_22,,,,,,,,,,,
430014,403001,30000,False,0,0,0,Balloon,NKS_Balloon_DRT_Group_22,,,,,,,,,,,
430015,403001,30000,False,0,0,0,Balloon,NKS_Balloon_SCR_Group_22,,,,,,,,,,,
430016,403001,30000,False,0,0,0,Balloon,NKS_Balloon_RPZ_Group_22,,,,,,,,,,,
430017,403001,30000,False,0,0,0,Balloon,NKS_Balloon_RHD_Group_22,,,,,,,,,,,
430018,403001,30100,False,0,0,0,Stage_Clear,,,,,,,,,,,,
510001,501001,0,False,0,0,0,Countdown,,,,,,,,,,,,
510002,501001,0,True,150101,-1,500,MonsterGroupSpawn,,,,,,,,,,,,
510003,501001,6000,True,152001,-1,4000,MonsterGroupSpawn,,,,,4000,,,,,,,
510004,501001,12000,False,150101,0,0,StopMonsterGroupSpawn,,,,,1,,,,,,,
510005,501001,12000,True,150102,-1,450,MonsterGroupSpawn,,,,,2,,,,,,,
510006,501001,18000,False,159001,0,0,TargetNormalMonsterSpawn,,,,,3,,,,,,,
510007,501001,24000,False,150102,0,0,StopMonsterGroupSpawn,,,,,4,,,,,,,
510008,501001,24000,True,150103,-1,350,MonsterGroupSpawn,,,,,5,,,,,,,
510009,501001,30000,False,152001,0,0,StopMonsterGroupSpawn,,,,,4000,,,,,,,
510010,501001,30000,True,152002,-1,4000,MonsterGroupSpawn,,,,,,,,,,,,
510011,501001,30000,True,158001,-1,4000,MonsterGroupSpawn,,,,,6,,,,,,,
510012,501001,36000,False,159002,0,0,TargetNormalMonsterSpawn,,,,,7,,,,,,,
510013,501001,36000,False,150103,0,0,StopMonsterGroupSpawn,,,,,8,,,,,,,
510014,501001,36000,True,150104,-1,250,MonsterGroupSpawn,,,,,9,,,,,,,
510015,501001,48000,False,150104,0,0,StopMonsterGroupSpawn,,,,,10,,,,,,,
510016,501001,48000,True,150105,-1,150,MonsterGroupSpawn,,,,,11,,,,,,,
510017,501001,53990,False,0,0,0,Balloon,NKS_Balloon_SNW_Group_22,,,,,,,,,,,
510018,501001,53990,False,0,0,0,Balloon,NKS_Balloon_DRT_Group_22,,,,,,,,,,,
510019,501001,53990,False,0,0,0,Balloon,NKS_Balloon_SCR_Group_22,,,,,,,,,,,
510020,501001,53990,False,0,0,0,Balloon,NKS_Balloon_RPZ_Group_22,,,,,,,,,,,
510021,501001,53990,False,0,0,0,Balloon,NKS_Balloon_RHD_Group_22,,,,,,,,,,,
510022,501001,54000,False,159003,0,0,TargetNormalMonsterSpawn,,,,,12,,,,,,,
510023,501001,60000,False,150105,0,0,StopMonsterGroupSpawn,,,,,13,,,,,,,
510024,501001,60000,True,150106,-1,100,MonsterGroupSpawn,,,,,14,,,,,,,
510025,501001,72000,False,150106,0,0,StopMonsterGroupSpawn,,,,,15,,,,,,,
510026,501001,72000,True,150107,-1,90,MonsterGroupSpawn,,,,,,,,,,,,
510027,501001,84000,False,150107,0,0,StopMonsterGroupSpawn,,,,,,,,,,,,
510028,501001,84000,True,150108,-1,70,MonsterGroupSpawn,,,,,,,,,,,,
510029,501001,90000,False,0,0,0,Stage_Clear,,,,,,,,,,,,
520001,502001,0,False,0,0,0,Countdown,,,,,,,,,,,,
520002,502001,0,False,801000,0,0,ItemSpawn,,,,,,,,,,,,
520003,502001,0,True,150101,-1,500,MonsterGroupSpawn,,,,,,,,,,,,
520004,502001,6000,True,152001,-1,4000,MonsterGroupSpawn,,,,,4000,,,,,,,
520005,502001,12000,False,150101,0,0,StopMonsterGroupSpawn,,,,,1,,,,,,,
520006,502001,12000,True,150102,-1,450,MonsterGroupSpawn,,,,,2,,,,,,,
520007,502001,18000,False,159001,0,0,TargetNormalMonsterSpawn,,,,,3,,,,,,,
520008,502001,24000,False,150102,0,0,StopMonsterGroupSpawn,,,,,4,,,,,,,
520009,502001,24000,True,150103,-1,350,MonsterGroupSpawn,,,,,5,,,,,,,
520010,502001,30000,False,152001,0,0,StopMonsterGroupSpawn,,,,,4000,,,,,,,
520011,502001,30000,True,152002,-1,4000,MonsterGroupSpawn,,,,,,,,,,,,
520012,502001,30000,True,158001,-1,4000,MonsterGroupSpawn,,,,,6,,,,,,,
520013,502001,36000,False,159002,0,0,TargetNormalMonsterSpawn,,,,,7,,,,,,,
520014,502001,36000,False,150103,0,0,StopMonsterGroupSpawn,,,,,8,,,,,,,
520015,502001,36000,True,150104,-1,250,MonsterGroupSpawn,,,,,9,,,,,,,
520016,502001,48000,False,150104,0,0,StopMonsterGroupSpawn,,,,,10,,,,,,,
520017,502001,48000,True,150105,-1,150,MonsterGroupSpawn,,,,,11,,,,,,,
520018,502001,53990,False,0,0,0,Balloon,NKS_Balloon_SNW_Group_22,,,,,,,,,,,
520019,502001,53990,False,0,0,0,Balloon,NKS_Balloon_DRT_Group_22,,,,,,,,,,,
520020,502001,53990,False,0,0,0,Balloon,NKS_Balloon_SCR_Group_22,,,,,,,,,,,
520021,502001,53990,False,0,0,0,Balloon,NKS_Balloon_RPZ_Group_22,,,,,,,,,,,
520022,502001,53990,False,0,0,0,Balloon,NKS_Balloon_RHD_Group_22,,,,,,,,,,,
520023,502001,54000,False,159003,0,0,TargetNormalMonsterSpawn,,,,,12,,,,,,,
520024,502001,60000,False,150105,0,0,StopMonsterGroupSpawn,,,,,13,,,,,,,
520025,502001,60000,True,150106,-1,100,MonsterGroupSpawn,,,,,14,,,,,,,
520026,502001,72000,False,150106,0,0,StopMonsterGroupSpawn,,,,,15,,,,,,,
520027,502001,72000,True,150107,-1,90,MonsterGroupSpawn,,,,,,,,,,,,
520028,502001,84000,False,150107,0,0,StopMonsterGroupSpawn,,,,,,,,,,,,
520029,502001,84000,True,150108,-1,70,MonsterGroupSpawn,,,,,,,,,,,,
520030,502001,89970,False,0,0,0,Balloon,NKS_Balloon_SNW_Group_27,,,,,,,,,,,
520031,502001,89970,False,0,0,0,Balloon,NKS_Balloon_DRT_Group_27,,,,,,,,,,,
520032,502001,89970,False,0,0,0,Balloon,NKS_Balloon_SCR_Group_27,,,,,,,,,,,
520033,502001,89970,False,0,0,0,Balloon,NKS_Balloon_RPZ_Group_27,,,,,,,,,,,
520034,502001,89970,False,0,0,0,Balloon,NKS_Balloon_RHD_Group_27,,,,,,,,,,,
520035,502001,89980,False,150108,0,0,StopMonsterGroupSpawn,,,,,,,,,,,,
520036,502001,89980,False,152002,0,0,StopMonsterGroupSpawn,,,,,,,,,,,,
520037,502001,89980,False,158001,0,0,StopMonsterGroupSpawn,,,,,,,,,,,,
520038,502001,89980,True,150110,-1,50,MonsterGroupSpawn,,,,,,,,,,,,
520039,502001,89980,False,150101,0,0,StopMonsterGroupSpawn,,,,,,,,,,,,
520040,502001,89980,False,150102,0,0,StopMonsterGroupSpawn,,,,,,,,,,,,
520041,502001,89980,False,150103,0,0,StopMonsterGroupSpawn,,,,,,,,,,,,
520042,502001,89980,False,150104,0,0,StopMonsterGroupSpawn,,,,,,,,,,,,
520043,502001,89980,False,150105,0,0,StopMonsterGroupSpawn,,,,,,,,,,,,
520044,502001,89980,False,150106,0,0,StopMonsterGroupSpawn,,,,,,,,,,,,
520045,502001,89980,False,150107,0,0,StopMonsterGroupSpawn,,,,,,,,,,,,
520046,502001,89980,False,150108,0,0,StopMonsterGroupSpawn,,,,,,,,,,,,
520047,502001,89980,False,600005,0,0,BossMonsterSpawn,,,,,,,,,,,,
520048,502001,89990,False,0,0,0,Dialog,1ann_mini_ending_anarchyorr,,,,,,,,,,,
520049,502001,90000,False,0,0,0,Stage_Clear,,,,,,,,,,,,
530001,503001,0,False,0,0,0,Countdown,,,,,,,,,,,,
530002,503001,0,True,150101,-1,500,MonsterGroupSpawn,,,,,,,,,,,,
530003,503001,6000,True,152001,-1,4000,MonsterGroupSpawn,,,,,4000,,,,,,,
530004,503001,12000,False,150101,0,0,StopMonsterGroupSpawn,,,,,1,,,,,,,
530005,503001,12000,True,150102,-1,450,MonsterGroupSpawn,,,,,2,,,,,,,
530006,503001,18000,False,159001,0,0,TargetNormalMonsterSpawn,,,,,3,,,,,,,
530007,503001,24000,False,150102,0,0,StopMonsterGroupSpawn,,,,,4,,,,,,,
530008,503001,24000,True,150103,-1,350,MonsterGroupSpawn,,,,,5,,,,,,,
530009,503001,30000,False,152001,0,0,StopMonsterGroupSpawn,,,,,4000,,,,,,,
530010,503001,30000,True,152002,-1,4000,MonsterGroupSpawn,,,,,,,,,,,,
530011,503001,30000,True,158001,-1,4000,MonsterGroupSpawn,,,,,6,,,,,,,
530012,503001,30000,False,159002,0,0,TargetNormalMonsterSpawn,,,,,7,,,,,,,
530013,503001,30000,False,0,0,0,Balloon,NKS_Balloon_SNW_Group_22,,,,,,,,,,,
530014,503001,30000,False,0,0,0,Balloon,NKS_Balloon_DRT_Group_22,,,,,,,,,,,
530015,503001,30000,False,0,0,0,Balloon,NKS_Balloon_SCR_Group_22,,,,,,,,,,,
530016,503001,30000,False,0,0,0,Balloon,NKS_Balloon_RPZ_Group_22,,,,,,,,,,,
530017,503001,30000,False,0,0,0,Balloon,NKS_Balloon_RHD_Group_22,,,,,,,,,,,
530018,503001,30100,False,0,0,0,Stage_Clear,,,,,,,,,,,,
610001,601001,0,False,0,0,0,Countdown,,,,,,,,,,,,
610002,601001,0,True,160101,-1,500,MonsterGroupSpawn,,,,,,,,,,,,
610003,601001,50,False,0,0,0,Dialog,1ann_mini_ending_einkk,,,,,,,,,,,
610004,601001,6000,True,162001,-1,1500,MonsterGroupSpawn,,,,,4000,,,,,,,
610005,601001,12000,False,160101,0,0,StopMonsterGroupSpawn,,,,,1,,,,,,,
610006,601001,12000,True,160102,-1,450,MonsterGroupSpawn,,,,,2,,,,,,,
610007,601001,18000,False,160102,0,0,StopMonsterGroupSpawn,,,,,,,,,,,,
610008,601001,18000,False,162001,0,0,StopMonsterGroupSpawn,,,,,,,,,,,,
610009,601001,18000,False,169001,0,0,TargetNormalMonsterSpawn,,,,,3,,,,,,,
610010,601001,18010,True,160102,-1,450,MonsterGroupSpawn,,,,,,,,,,,,
610011,601001,18010,True,162001,-1,1500,MonsterGroupSpawn,,,,,,,,,,,,
610012,601001,18050,False,0,0,0,Dialog,1ann_mini_ending_hidden,,,,,,,,,,,
610013,601001,24000,False,160102,0,0,StopMonsterGroupSpawn,,,,,4,,,,,,,
610014,601001,24000,True,160103,-1,350,MonsterGroupSpawn,,,,,5,,,,,,,
610015,601001,30000,False,162001,0,0,StopMonsterGroupSpawn,,,,,4000,,,,,,,
610016,601001,30000,True,162002,-1,1500,MonsterGroupSpawn,,,,,,,,,,,,
610017,601001,30000,True,168001,-1,2000,MonsterGroupSpawn,,,,,6,,,,,,,
610018,601001,36000,False,160103,0,0,StopMonsterGroupSpawn,,,,,,,,,,,,
610019,601001,36000,False,162002,0,0,StopMonsterGroupSpawn,,,,,,,,,,,,
610020,601001,36000,False,168001,0,0,StopMonsterGroupSpawn,,,,,,,,,,,,
610021,601001,36000,False,169002,0,0,TargetNormalMonsterSpawn,,,,,7,,,,,,,
610022,601001,36010,True,160103,-1,1500,MonsterGroupSpawn,,,,,,,,,,,,
610023,601001,36010,True,160104,-1,250,MonsterGroupSpawn,,,,,9,,,,,,,
610024,601001,36010,False,168001,0,0,StopMonsterGroupSpawn,,,,,,,,,,,,
610025,601001,36010,True,168002,-1,2000,MonsterGroupSpawn,,,,,,,,,,,,
610026,601001,42000,False,168002,0,0,StopMonsterGroupSpawn,,,,,,,,,,,,
610027,601001,42000,True,168003,-1,2000,MonsterGroupSpawn,,,,,,,,,,,,
610028,601001,48000,False,160104,0,0,StopMonsterGroupSpawn,,,,,10,,,,,,,
610029,601001,48000,True,160105,-1,100,MonsterGroupSpawn,,,,,11,,,,,,,
610030,601001,48000,False,168003,0,0,StopMonsterGroupSpawn,,,,,,,,,,,,
610031,601001,48000,True,168004,-1,2000,MonsterGroupSpawn,,,,,,,,,,,,
610032,601001,53990,False,0,0,0,Balloon,NKS_Balloon_SNW_Group_22,,,,,,,,,,,
610033,601001,53990,False,0,0,0,Balloon,NKS_Balloon_DRT_Group_22,,,,,,,,,,,
610034,601001,53990,False,0,0,0,Balloon,NKS_Balloon_SCR_Group_22,,,,,,,,,,,
610035,601001,53990,False,0,0,0,Balloon,NKS_Balloon_RPZ_Group_22,,,,,,,,,,,
610036,601001,53990,False,0,0,0,Balloon,NKS_Balloon_RHD_Group_22,,,,,,,,,,,
610037,601001,54000,False,168004,0,0,StopMonsterGroupSpawn,,,,,,,,,,,,
610038,601001,54000,False,162002,0,0,StopMonsterGroupSpawn,,,,,,,,,,,,
610039,601001,54000,False,160101,0,0,StopMonsterGroupSpawn,,,,,,,,,,,,
610040,601001,54000,False,160102,0,0,StopMonsterGroupSpawn,,,,,,,,,,,,
610041,601001,54000,False,160103,0,0,StopMonsterGroupSpawn,,,,,,,,,,,,
610042,601001,54000,False,160104,0,0,StopMonsterGroupSpawn,,,,,,,,,,,,
610043,601001,54000,False,160105,0,0,StopMonsterGroupSpawn,,,,,,,,,,,,
610044,601001,54000,False,168005,0,0,StopMonsterGroupSpawn,,,,,,,,,,,,
610045,601001,54000,False,169003,0,0,TargetNormalMonsterSpawn,,,,,12,,,,,,,
610046,601001,54010,True,162002,-1,1500,MonsterGroupSpawn,,,,,,,,,,,,
610047,601001,54010,True,160105,-1,250,MonsterGroupSpawn,,,,,,,,,,,,
610048,601001,54010,True,168005,-1,2000,MonsterGroupSpawn,,,,,,,,,,,,
610049,601001,60000,False,160105,0,0,StopMonsterGroupSpawn,,,,,13,,,,,,,
610050,601001,60000,True,160106,-1,250,MonsterGroupSpawn,,,,,14,,,,,,,
610051,601001,60000,False,168005,0,0,StopMonsterGroupSpawn,,,,,,,,,,,,
610052,601001,60000,True,168006,-1,2000,MonsterGroupSpawn,,,,,,,,,,,,
610053,601001,66000,False,168006,0,0,StopMonsterGroupSpawn,,,,,,,,,,,,
610054,601001,66000,True,168007,-1,2000,MonsterGroupSpawn,,,,,,,,,,,,
610055,601001,72000,False,168007,0,0,StopMonsterGroupSpawn,,,,,,,,,,,,
610056,601001,72000,True,168008,-1,2000,MonsterGroupSpawn,,,,,,,,,,,,
610057,601001,72000,False,160106,0,0,StopMonsterGroupSpawn,,,,,15,,,,,,,
610058,601001,72000,True,160107,-1,250,MonsterGroupSpawn,,,,,,,,,,,,
610059,601001,78000,False,168008,0,0,StopMonsterGroupSpawn,,,,,,,,,,,,
610060,601001,78000,True,168009,-1,2000,MonsterGroupSpawn,,,,,,,,,,,,
610061,601001,84000,False,168009,0,0,StopMonsterGroupSpawn,,,,,,,,,,,,
610062,601001,84000,True,168010,-1,2000,MonsterGroupSpawn,,,,,,,,,,,,
610063,601001,84000,False,160107,0,0,StopMonsterGroupSpawn,,,,,,,,,,,,
610064,601001,84000,True,160109,-1,250,MonsterGroupSpawn,,,,,,,,,,,,
610065,601001,90000,False,168010,0,0,StopMonsterGroupSpawn,,,,,,,,,,,,
610066,601001,90000,True,162003,-1,2000,MonsterGroupSpawn,,,,,,,,,,,,
610067,601001,90000,False,162002,0,0,StopMonsterGroupSpawn,,,,,,,,,,,,
610068,601001,90000,True,163001,-1,3500,MonsterGroupSpawn,,,,,,,,,,,,
610069,601001,90000,False,160109,0,0,StopMonsterGroupSpawn,,,,,,,,,,,,
610070,601001,90000,True,160110,-1,250,MonsterGroupSpawn,,,,,,,,,,,,
610071,601001,96000,False,160110,0,0,StopMonsterGroupSpawn,,,,,,,,,,,,
610072,601001,96000,True,160111,-1,250,MonsterGroupSpawn,,,,,,,,,,,,
610073,601001,102000,False,160111,0,0,StopMonsterGroupSpawn,,,,,,,,,,,,
610074,601001,102000,True,160112,-1,250,MonsterGroupSpawn,,,,,,,,,,,,
610075,601001,102000,True,164001,-1,1000,MonsterGroupSpawn,,,,,,,,,,,,
610076,601001,102000,False,163001,0,0,StopMonsterGroupSpawn,,,,,,,,,,,,
610077,601001,108000,False,160112,0,0,StopMonsterGroupSpawn,,,,,,,,,,,,
610078,601001,108000,True,160113,-1,250,MonsterGroupSpawn,,,,,,,,,,,,
610079,601001,114000,False,160113,0,0,StopMonsterGroupSpawn,,,,,,,,,,,,
610080,601001,114000,True,160114,-1,250,MonsterGroupSpawn,,,,,,,,,,,,
610081,601001,120000,False,160114,0,0,StopMonsterGroupSpawn,,,,,,,,,,,,
610082,601001,120000,True,160115,-1,250,MonsterGroupSpawn,,,,,,,,,,,,
610083,601001,126000,False,160115,0,0,StopMonsterGroupSpawn,,,,,,,,,,,,
610084,601001,126000,True,160116,-1,250,MonsterGroupSpawn,,,,,,,,,,,,
610085,601001,132000,False,160116,0,0,StopMonsterGroupSpawn,,,,,,,,,,,,
610086,601001,132000,True,160117,-1,250,MonsterGroupSpawn,,,,,,,,,,,,
610087,601001,138000,False,160117,0,0,StopMonsterGroupSpawn,,,,,,,,,,,,
610088,601001,138000,True,160118,-1,250,MonsterGroupSpawn,,,,,,,,,,,,
610089,601001,144000,False,160118,0,0,StopMonsterGroupSpawn,,,,,,,,,,,,
610090,601001,144000,True,160119,-1,250,MonsterGroupSpawn,,,,,,,,,,,,
610091,601001,150000,False,160119,0,0,StopMonsterGroupSpawn,,,,,,,,,,,,
610092,601001,150000,True,160120,-1,250,MonsterGroupSpawn,,,,,,,,,,,,
610093,601001,179970,False,0,0,0,Balloon,NKS_Balloon_SNW_Group_28,,,,,,,,,,,
610094,601001,179970,False,0,0,0,Balloon,NKS_Balloon_DRT_Group_28,,,,,,,,,,,
610095,601001,179970,False,0,0,0,Balloon,NKS_Balloon_SCR_Group_28,,,,,,,,,,,
610096,601001,179970,False,0,0,0,Balloon,NKS_Balloon_RPZ_Group_28,,,,,,,,,,,
610097,601001,179970,False,0,0,0,Balloon,NKS_Balloon_RHD_Group_28,,,,,,,,,,,
610098,601001,179980,False,160101,0,0,StopMonsterGroupSpawn,,,,,,,,,,,,
610099,601001,179980,False,160102,0,0,StopMonsterGroupSpawn,,,,,,,,,,,,
610100,601001,179980,False,160103,0,0,StopMonsterGroupSpawn,,,,,,,,,,,,
610101,601001,179980,False,160104,0,0,StopMonsterGroupSpawn,,,,,,,,,,,,
610102,601001,179980,False,160105,0,0,StopMonsterGroupSpawn,,,,,,,,,,,,
610103,601001,179980,False,160106,0,0,StopMonsterGroupSpawn,,,,,,,,,,,,
610104,601001,179980,False,160107,0,0,StopMonsterGroupSpawn,,,,,,,,,,,,
610105,601001,179980,False,160108,0,0,StopMonsterGroupSpawn,,,,,,,,,,,,
610106,601001,179980,False,160109,0,0,StopMonsterGroupSpawn,,,,,,,,,,,,
610107,601001,179980,False,160110,0,0,StopMonsterGroupSpawn,,,,,,,,,,,,
610108,601001,179980,False,160111,0,0,StopMonsterGroupSpawn,,,,,,,,,,,,
610109,601001,179980,False,160112,0,0,StopMonsterGroupSpawn,,,,,,,,,,,,
610110,601001,179980,False,160113,0,0,StopMonsterGroupSpawn,,,,,,,,,,,,
610111,601001,179980,False,160114,0,0,StopMonsterGroupSpawn,,,,,,,,,,,,
610112,601001,179980,False,160115,0,0,StopMonsterGroupSpawn,,,,,,,,,,,,
610113,601001,179980,False,160116,0,0,StopMonsterGroupSpawn,,,,,,,,,,,,
610114,601001,179980,False,600006,0,0,BossMonsterSpawn,,,,,,,,,,,,
610115,601001,180000,False,0,0,0,Stage_Clear,,,,,,,,,,,,
800101,800100,0,False,0,0,0,Countdown,,,,,,,,,,,,
800102,800100,100,False,1000001,0,0,BossMonsterSpawnWithAdvanceTime,,,,,,,,,,,,
800103,800100,17700,False,0,0,0,KillBoss,800001,,,,,,,,,,,
800104,800100,18000,False,0,0,0,CommonStageClear,,,,,,,,,,,,
800201,800200,0,False,0,0,0,Countdown,,,,,,,,,,,,
800202,800200,100,False,1000002,0,0,BossMonsterSpawnWithAdvanceTime,,,,,,,,,,,,
800203,800200,17700,False,0,0,0,KillBoss,800002,,,,,,,,,,,
800204,800200,18000,False,0,0,0,CommonStageClear,,,,,,,,,,,,
800301,800300,0,False,0,0,0,Countdown,,,,,,,,,,,,
800302,800300,100,False,1000003,0,0,BossMonsterSpawnWithAdvanceTime,,,,,,,,,,,,
800303,800300,17700,False,0,0,0,KillBoss,800003,,,,,,,,,,,
800304,800300,18000,False,0,0,0,CommonStageClear,,,,,,,,,,,,
1100000,1100000,0,False,0,0,0,Countdown,,,,,,,,,,,,
1100001,1100000,0,False,0,0,0,Countdown,,,,,,,,,,,,
1100002,1100000,0,True,900700,-1,40,MonsterGroupSpawn,,,,,,,,,,,,
1110001,1101001,0,False,0,0,0,Countdown,,,,,,,,,,,,
1110002,1101001,0,False,800500,0,0,ItemSpawn,,,,,,,,,,,,
1110003,1101001,0,True,110101,-1,700,MonsterGroupSpawn,,,,,,,,,,,,
1110004,1101001,6000,True,112001,-1,4000,MonsterGroupSpawn,,,,,4000,,,,,,,
1110005,1101001,12000,False,110101,0,0,StopMonsterGroupSpawn,,,,,1,,,,,,,
1110006,1101001,12000,True,110102,-1,600,MonsterGroupSpawn,,,,,2,,,,,,,
1110007,1101001,18000,False,2119001,0,0,TargetNormalMonsterSpawn,,,,,3,,,,,,,
1110008,1101001,24000,False,110102,0,0,StopMonsterGroupSpawn,,,,,4,,,,,,,
1110009,1101001,24000,True,110103,-1,500,MonsterGroupSpawn,,,,,5,,,,,,,
1110010,1101001,30000,False,112001,0,0,StopMonsterGroupSpawn,,,,,4000,,,,,,,
1110011,1101001,30000,True,112002,-1,4000,MonsterGroupSpawn,,,,,,,,,,,,
1110012,1101001,30000,True,118001,-1,4000,MonsterGroupSpawn,,,,,6,,,,,,,
1110013,1101001,36000,False,2119002,0,0,TargetNormalMonsterSpawn,,,,,7,,,,,,,
1110014,1101001,36000,False,110103,0,0,StopMonsterGroupSpawn,,,,,8,,,,,,,
1110015,1101001,36000,True,110104,-1,350,MonsterGroupSpawn,,,,,9,,,,,,,
1110016,1101001,48000,False,110104,0,0,StopMonsterGroupSpawn,,,,,10,,,,,,,
1110017,1101001,48000,True,110105,-1,250,MonsterGroupSpawn,,,,,11,,,,,,,
1110018,1101001,59980,False,0,0,0,Balloon,NKS_Balloon_SNW_Group_22,,,,,,,,,,,
1110019,1101001,59980,False,0,0,0,Balloon,NKS_Balloon_DRT_Group_22,,,,,,,,,,,
1110020,1101001,59980,False,0,0,0,Balloon,NKS_Balloon_SCR_Group_22,,,,,,,,,,,
1110021,1101001,59980,False,0,0,0,Balloon,NKS_Balloon_RPZ_Group_22,,,,,,,,,,,
1110022,1101001,59980,False,0,0,0,Balloon,NKS_Balloon_RHD_Group_22,,,,,,,,,,,
1110023,1101001,59980,False,0,0,0,Balloon,NKS_Balloon_EXI_Group_22,,,,,,,,,,,
1110024,1101001,59980,False,2119003,0,0,TargetNormalMonsterSpawn,,,,,12,,,,,,,
1110025,1101001,60000,False,0,0,0,Stage_Clear,,,,,,,,,,,,
1120001,1102001,0,False,0,0,0,Countdown,,,,,,,,,,,,
1120002,1102001,0,False,800100,0,0,ItemSpawn,,,,,,,,,,,,
1120003,1102001,0,True,110101,-1,700,MonsterGroupSpawn,,,,,,,,,,,,
1120004,1102001,6000,True,112001,-1,4000,MonsterGroupSpawn,,,,,4000,,,,,,,
1120005,1102001,12000,False,110101,0,0,StopMonsterGroupSpawn,,,,,1,,,,,,,
1120006,1102001,12000,True,110102,-1,600,MonsterGroupSpawn,,,,,2,,,,,,,
1120007,1102001,18000,False,2119001,0,0,TargetNormalMonsterSpawn,,,,,3,,,,,,,
1120008,1102001,24000,False,110102,0,0,StopMonsterGroupSpawn,,,,,4,,,,,,,
1120009,1102001,24000,True,110103,-1,500,MonsterGroupSpawn,,,,,5,,,,,,,
1120010,1102001,30000,False,112001,0,0,StopMonsterGroupSpawn,,,,,4000,,,,,,,
1120011,1102001,30000,True,112002,-1,4000,MonsterGroupSpawn,,,,,,,,,,,,
1120012,1102001,30000,True,118001,-1,4000,MonsterGroupSpawn,,,,,6,,,,,,,
1120013,1102001,36000,False,2119002,0,0,TargetNormalMonsterSpawn,,,,,7,,,,,,,
1120014,1102001,36000,False,110103,0,0,StopMonsterGroupSpawn,,,,,8,,,,,,,
1120015,1102001,36000,True,110104,-1,350,MonsterGroupSpawn,,,,,9,,,,,,,
1120016,1102001,48000,False,110104,0,0,StopMonsterGroupSpawn,,,,,10,,,,,,,
1120017,1102001,48000,True,110105,-1,250,MonsterGroupSpawn,,,,,11,,,,,,,
1120018,1102001,53990,False,0,0,0,Balloon,NKS_Balloon_SNW_Group_22,,,,,,,,,,,
1120019,1102001,53990,False,0,0,0,Balloon,NKS_Balloon_DRT_Group_22,,,,,,,,,,,
1120020,1102001,53990,False,0,0,0,Balloon,NKS_Balloon_SCR_Group_22,,,,,,,,,,,
1120021,1102001,53990,False,0,0,0,Balloon,NKS_Balloon_RPZ_Group_22,,,,,,,,,,,
1120022,1102001,53990,False,0,0,0,Balloon,NKS_Balloon_RHD_Group_22,,,,,,,,,,,
1120023,1102001,53990,False,0,0,0,Balloon,NKS_Balloon_EXI_Group_22,,,,,,,,,,,
1120024,1102001,54000,False,2119003,0,0,TargetNormalMonsterSpawn,,,,,12,,,,,,,
1120025,1102001,59970,False,0,0,0,Balloon,NKS_Balloon_SNW_Group_23,,,,,,,,,,,
1120026,1102001,59970,False,0,0,0,Balloon,NKS_Balloon_DRT_Group_23,,,,,,,,,,,
1120027,1102001,59970,False,0,0,0,Balloon,NKS_Balloon_SCR_Group_23,,,,,,,,,,,
1120028,1102001,59970,False,0,0,0,Balloon,NKS_Balloon_RPZ_Group_23,,,,,,,,,,,
1120029,1102001,59970,False,0,0,0,Balloon,NKS_Balloon_RHD_Group_23,,,,,,,,,,,
1120030,1102001,59970,False,0,0,0,Balloon,NKS_Balloon_EXI_Group_23,,,,,,,,,,,
1120031,1102001,59980,False,110105,0,0,StopMonsterGroupSpawn,,,,,11,,,,,,,
1120032,1102001,59980,True,110110,-1,100,MonsterGroupSpawn,,,,,,,,,,,,
1120033,1102001,59980,False,110101,0,0,StopMonsterGroupSpawn,,,,,,,,,,,,
1120034,1102001,59980,False,110102,0,0,StopMonsterGroupSpawn,,,,,,,,,,,,
1120035,1102001,59980,False,110103,0,0,StopMonsterGroupSpawn,,,,,,,,,,,,
1120036,1102001,59980,False,110104,0,0,StopMonsterGroupSpawn,,,,,,,,,,,,
1120037,1102001,59980,False,110105,0,0,StopMonsterGroupSpawn,,,,,,,,,,,,
1120038,1102001,59980,False,600101,0,0,BossMonsterSpawn,,,,,,,,,,,,
1120039,1102001,60000,False,0,0,0,Stage_Clear,,,,,,,,,,,,
1130001,1103001,0,False,0,0,0,Countdown,,,,,,,,,,,,
1130002,1103001,0,True,110101,-1,700,MonsterGroupSpawn,,,,,,,,,,,,
1130003,1103001,6000,True,112001,-1,4000,MonsterGroupSpawn,,,,,4000,,,,,,,
1130004,1103001,12000,False,110101,0,0,StopMonsterGroupSpawn,,,,,1,,,,,,,
1130005,1103001,12000,True,110102,-1,600,MonsterGroupSpawn,,,,,2,,,,,,,
1130006,1103001,18000,False,2119001,0,0,TargetNormalMonsterSpawn,,,,,3,,,,,,,
1130007,1103001,24000,False,110102,0,0,StopMonsterGroupSpawn,,,,,4,,,,,,,
1130008,1103001,24000,True,110103,-1,500,MonsterGroupSpawn,,,,,5,,,,,,,
1130009,1103001,30000,False,112001,0,0,StopMonsterGroupSpawn,,,,,4000,,,,,,,
1130010,1103001,30000,True,112002,-1,4000,MonsterGroupSpawn,,,,,,,,,,,,
1130011,1103001,30000,True,118001,-1,4000,MonsterGroupSpawn,,,,,6,,,,,,,
1130012,1103001,30000,False,0,0,0,Balloon,NKS_Balloon_SNW_Group_22,,,,,,,,,,,
1130013,1103001,30000,False,0,0,0,Balloon,NKS_Balloon_DRT_Group_22,,,,,,,,,,,
1130014,1103001,30000,False,0,0,0,Balloon,NKS_Balloon_SCR_Group_22,,,,,,,,,,,
1130015,1103001,30000,False,0,0,0,Balloon,NKS_Balloon_RPZ_Group_22,,,,,,,,,,,
1130016,1103001,30000,False,0,0,0,Balloon,NKS_Balloon_RHD_Group_22,,,,,,,,,,,
1130017,1103001,30000,False,0,0,0,Balloon,NKS_Balloon_EXI_Group_22,,,,,,,,,,,
1130018,1103001,30000,False,2119002,0,0,TargetNormalMonsterSpawn,,,,,7,,,,,,,
1130019,1103001,30100,False,0,0,0,Stage_Clear,,,,,,,,,,,,
1210001,1201001,0,False,0,0,0,Countdown,,,,,,,,,,,,
1210002,1201001,0,False,800200,0,0,ItemSpawn,,,,,,,,,,,,
1210003,1201001,0,True,120101,-1,700,MonsterGroupSpawn,,,,,,,,,,,,
1210004,1201001,6000,True,122001,-1,4000,MonsterGroupSpawn,,,,,4000,,,,,,,
1210005,1201001,12000,False,120101,0,0,StopMonsterGroupSpawn,,,,,1,,,,,,,
1210006,1201001,12000,True,120102,-1,600,MonsterGroupSpawn,,,,,2,,,,,,,
1210007,1201001,18000,False,2129001,0,0,TargetNormalMonsterSpawn,,,,,3,,,,,,,
1210008,1201001,24000,False,120102,0,0,StopMonsterGroupSpawn,,,,,4,,,,,,,
1210009,1201001,24000,True,120103,-1,500,MonsterGroupSpawn,,,,,5,,,,,,,
1210010,1201001,30000,False,122001,0,0,StopMonsterGroupSpawn,,,,,4000,,,,,,,
1210011,1201001,30000,True,122002,-1,4000,MonsterGroupSpawn,,,,,,,,,,,,
1210012,1201001,30000,True,128001,-1,4000,MonsterGroupSpawn,,,,,6,,,,,,,
1210013,1201001,36000,False,2129002,0,0,TargetNormalMonsterSpawn,,,,,7,,,,,,,
1210014,1201001,36000,False,120103,0,0,StopMonsterGroupSpawn,,,,,8,,,,,,,
1210015,1201001,36000,True,120104,-1,350,MonsterGroupSpawn,,,,,9,,,,,,,
1210016,1201001,48000,False,120104,0,0,StopMonsterGroupSpawn,,,,,10,,,,,,,
1210017,1201001,48000,True,120105,-1,250,MonsterGroupSpawn,,,,,11,,,,,,,
1210018,1201001,60000,False,120105,0,0,StopMonsterGroupSpawn,,,,,13,,,,,,,
1210019,1201001,60000,True,120106,-1,200,MonsterGroupSpawn,,,,,14,,,,,,,
1210020,1201001,72000,False,120106,0,0,StopMonsterGroupSpawn,,,,,15,,,,,,,
1210021,1201001,72000,True,120107,-1,200,MonsterGroupSpawn,,,,,,,,,,,,
1210022,1201001,84000,False,120107,0,0,StopMonsterGroupSpawn,,,,,,,,,,,,
1210023,1201001,84000,True,120108,-1,100,MonsterGroupSpawn,,,,,,,,,,,,
1210024,1201001,90000,False,0,0,0,Balloon,NKS_Balloon_SNW_Group_22,,,,,,,,,,,
1210025,1201001,90000,False,0,0,0,Balloon,NKS_Balloon_DRT_Group_22,,,,,,,,,,,
1210026,1201001,90000,False,0,0,0,Balloon,NKS_Balloon_SCR_Group_22,,,,,,,,,,,
1210027,1201001,90000,False,0,0,0,Balloon,NKS_Balloon_RPZ_Group_22,,,,,,,,,,,
1210028,1201001,90000,False,0,0,0,Balloon,NKS_Balloon_RHD_Group_22,,,,,,,,,,,
1210029,1201001,90000,False,0,0,0,Balloon,NKS_Balloon_EXI_Group_22,,,,,,,,,,,
1210030,1201001,90000,False,2129003,0,0,TargetNormalMonsterSpawn,,,,,12,,,,,,,
1210031,1201001,90300,False,0,0,0,Stage_Clear,,,,,,,,,,,,
1220001,1202001,0,False,0,0,0,Countdown,,,,,,,,,,,,
1220002,1202001,0,False,800800,0,0,ItemSpawn,,,,,,,,,,,,
1220003,1202001,0,True,120101,-1,700,MonsterGroupSpawn,,,,,,,,,,,,
1220004,1202001,6000,True,122001,-1,4000,MonsterGroupSpawn,,,,,4000,,,,,,,
1220005,1202001,12000,False,120101,0,0,StopMonsterGroupSpawn,,,,,1,,,,,,,
1220006,1202001,12000,True,120102,-1,600,MonsterGroupSpawn,,,,,2,,,,,,,
1220007,1202001,18000,False,2129001,0,0,TargetNormalMonsterSpawn,,,,,3,,,,,,,
1220008,1202001,24000,False,120102,0,0,StopMonsterGroupSpawn,,,,,4,,,,,,,
1220009,1202001,24000,True,120103,-1,500,MonsterGroupSpawn,,,,,5,,,,,,,
1220010,1202001,30000,False,122001,0,0,StopMonsterGroupSpawn,,,,,4000,,,,,,,
1220011,1202001,30000,True,122002,-1,4000,MonsterGroupSpawn,,,,,,,,,,,,
1220012,1202001,30000,True,128001,-1,4000,MonsterGroupSpawn,,,,,6,,,,,,,
1220013,1202001,36000,False,2129002,0,0,TargetNormalMonsterSpawn,,,,,7,,,,,,,
1220014,1202001,36000,False,120103,0,0,StopMonsterGroupSpawn,,,,,8,,,,,,,
1220015,1202001,36000,True,120104,-1,350,MonsterGroupSpawn,,,,,9,,,,,,,
1220016,1202001,48000,False,120104,0,0,StopMonsterGroupSpawn,,,,,10,,,,,,,
1220017,1202001,48000,True,120105,-1,250,MonsterGroupSpawn,,,,,11,,,,,,,
1220018,1202001,53990,False,0,0,0,Balloon,NKS_Balloon_SNW_Group_22,,,,,,,,,,,
1220019,1202001,53990,False,0,0,0,Balloon,NKS_Balloon_DRT_Group_22,,,,,,,,,,,
1220020,1202001,53990,False,0,0,0,Balloon,NKS_Balloon_SCR_Group_22,,,,,,,,,,,
1220021,1202001,53990,False,0,0,0,Balloon,NKS_Balloon_RPZ_Group_22,,,,,,,,,,,
1220022,1202001,53990,False,0,0,0,Balloon,NKS_Balloon_RHD_Group_22,,,,,,,,,,,
1220023,1202001,53990,False,0,0,0,Balloon,NKS_Balloon_EXI_Group_22,,,,,,,,,,,
1220024,1202001,54000,False,2129003,0,0,TargetNormalMonsterSpawn,,,,,12,,,,,,,
1220025,1202001,60000,False,120105,0,0,StopMonsterGroupSpawn,,,,,13,,,,,,,
1220026,1202001,60000,True,120106,-1,200,MonsterGroupSpawn,,,,,14,,,,,,,
1220027,1202001,72000,False,120106,0,0,StopMonsterGroupSpawn,,,,,15,,,,,,,
1220028,1202001,72000,True,120107,-1,200,MonsterGroupSpawn,,,,,,,,,,,,
1220029,1202001,84000,False,120107,0,0,StopMonsterGroupSpawn,,,,,,,,,,,,
1220030,1202001,84000,True,120108,-1,100,MonsterGroupSpawn,,,,,,,,,,,,
1220031,1202001,89970,False,0,0,0,Balloon,NKS_Balloon_SNW_Group_24,,,,,,,,,,,
1220032,1202001,89970,False,0,0,0,Balloon,NKS_Balloon_DRT_Group_24,,,,,,,,,,,
1220033,1202001,89970,False,0,0,0,Balloon,NKS_Balloon_SCR_Group_24,,,,,,,,,,,
1220034,1202001,89970,False,0,0,0,Balloon,NKS_Balloon_RPZ_Group_24,,,,,,,,,,,
1220035,1202001,89970,False,0,0,0,Balloon,NKS_Balloon_RHD_Group_24,,,,,,,,,,,
1220036,1202001,89970,False,0,0,0,Balloon,NKS_Balloon_EXI_Group_24,,,,,,,,,,,
1220037,1202001,89980,False,120108,0,0,StopMonsterGroupSpawn,,,,,,,,,,,,
1220038,1202001,89980,False,122002,0,0,StopMonsterGroupSpawn,,,,,,,,,,,,
1220039,1202001,89980,False,128001,0,0,StopMonsterGroupSpawn,,,,,,,,,,,,
1220040,1202001,89980,True,120110,-1,90,MonsterGroupSpawn,,,,,,,,,,,,
1220041,1202001,89980,False,120101,0,0,StopMonsterGroupSpawn,,,,,,,,,,,,
1220042,1202001,89980,False,120102,0,0,StopMonsterGroupSpawn,,,,,,,,,,,,
1220043,1202001,89980,False,120103,0,0,StopMonsterGroupSpawn,,,,,,,,,,,,
1220044,1202001,89980,False,120104,0,0,StopMonsterGroupSpawn,,,,,,,,,,,,
1220045,1202001,89980,False,120105,0,0,StopMonsterGroupSpawn,,,,,,,,,,,,
1220046,1202001,89980,False,120106,0,0,StopMonsterGroupSpawn,,,,,,,,,,,,
1220047,1202001,89980,False,120107,0,0,StopMonsterGroupSpawn,,,,,,,,,,,,
1220048,1202001,89980,False,120108,0,0,StopMonsterGroupSpawn,,,,,,,,,,,,
1220049,1202001,89980,False,600102,0,0,BossMonsterSpawn,,,,,,,,,,,,
1220050,1202001,90000,False,0,0,0,Stage_Clear,,,,,,,,,,,,
1230001,1203001,0,False,0,0,0,Countdown,,,,,,,,,,,,
1230002,1203001,0,True,120101,-1,700,MonsterGroupSpawn,,,,,,,,,,,,
1230003,1203001,6000,True,122001,-1,4000,MonsterGroupSpawn,,,,,4000,,,,,,,
1230004,1203001,12000,False,120101,0,0,StopMonsterGroupSpawn,,,,,1,,,,,,,
1230005,1203001,12000,True,120102,-1,600,MonsterGroupSpawn,,,,,2,,,,,,,
1230006,1203001,18000,False,2129001,0,0,TargetNormalMonsterSpawn,,,,,3,,,,,,,
1230007,1203001,24000,False,120102,0,0,StopMonsterGroupSpawn,,,,,4,,,,,,,
1230008,1203001,24000,True,120103,-1,500,MonsterGroupSpawn,,,,,5,,,,,,,
1230009,1203001,30000,False,122001,0,0,StopMonsterGroupSpawn,,,,,4000,,,,,,,
1230010,1203001,30000,True,122002,-1,4000,MonsterGroupSpawn,,,,,,,,,,,,
1230011,1203001,30000,True,128001,-1,4000,MonsterGroupSpawn,,,,,6,,,,,,,
1230012,1203001,30000,False,2129002,0,0,TargetNormalMonsterSpawn,,,,,7,,,,,,,
1230013,1203001,30000,False,0,0,0,Balloon,NKS_Balloon_SNW_Group_22,,,,,,,,,,,
1230014,1203001,30000,False,0,0,0,Balloon,NKS_Balloon_DRT_Group_22,,,,,,,,,,,
1230015,1203001,30000,False,0,0,0,Balloon,NKS_Balloon_SCR_Group_22,,,,,,,,,,,
1230016,1203001,30000,False,0,0,0,Balloon,NKS_Balloon_RPZ_Group_22,,,,,,,,,,,
1230017,1203001,30000,False,0,0,0,Balloon,NKS_Balloon_RHD_Group_22,,,,,,,,,,,
1230018,1203001,30000,False,0,0,0,Balloon,NKS_Balloon_EXI_Group_22,,,,,,,,,,,
1230019,1203001,30100,False,0,0,0,Stage_Clear,,,,,,,,,,,,
1310001,1301001,0,False,0,0,0,Countdown,,,,,,,,,,,,
1310002,1301001,0,False,800300,0,0,ItemSpawn,,,,,,,,,,,,
1310003,1301001,0,True,130101,-1,600,MonsterGroupSpawn,,,,,,,,,,,,
1310004,1301001,6000,True,132001,-1,4000,MonsterGroupSpawn,,,,,4000,,,,,,,
1310005,1301001,12000,False,130101,0,0,StopMonsterGroupSpawn,,,,,1,,,,,,,
1310006,1301001,12000,True,130102,-1,500,MonsterGroupSpawn,,,,,2,,,,,,,
1310007,1301001,18000,False,2139001,0,0,TargetNormalMonsterSpawn,,,,,3,,,,,,,
1310008,1301001,24000,False,130102,0,0,StopMonsterGroupSpawn,,,,,4,,,,,,,
1310009,1301001,24000,True,130103,-1,400,MonsterGroupSpawn,,,,,5,,,,,,,
1310010,1301001,30000,False,132001,0,0,StopMonsterGroupSpawn,,,,,4000,,,,,,,
1310011,1301001,30000,True,132002,-1,4000,MonsterGroupSpawn,,,,,,,,,,,,
1310012,1301001,30000,True,138001,-1,4000,MonsterGroupSpawn,,,,,6,,,,,,,
1310013,1301001,36000,False,2139002,0,0,TargetNormalMonsterSpawn,,,,,7,,,,,,,
1310014,1301001,36000,False,130103,0,0,StopMonsterGroupSpawn,,,,,8,,,,,,,
1310015,1301001,36000,True,130104,-1,300,MonsterGroupSpawn,,,,,9,,,,,,,
1310016,1301001,48000,False,130104,0,0,StopMonsterGroupSpawn,,,,,10,,,,,,,
1310017,1301001,48000,True,130105,-1,200,MonsterGroupSpawn,,,,,11,,,,,,,
1310018,1301001,60000,False,130105,0,0,StopMonsterGroupSpawn,,,,,13,,,,,,,
1310019,1301001,60000,True,130106,-1,150,MonsterGroupSpawn,,,,,14,,,,,,,
1310020,1301001,72000,False,130106,0,0,StopMonsterGroupSpawn,,,,,15,,,,,,,
1310021,1301001,72000,True,130107,-1,100,MonsterGroupSpawn,,,,,,,,,,,,
1310022,1301001,84000,False,130107,0,0,StopMonsterGroupSpawn,,,,,,,,,,,,
1310023,1301001,84000,True,130108,-1,90,MonsterGroupSpawn,,,,,,,,,,,,
1310024,1301001,90000,False,0,0,0,Balloon,NKS_Balloon_SNW_Group_22,,,,,,,,,,,
1310025,1301001,90000,False,0,0,0,Balloon,NKS_Balloon_DRT_Group_22,,,,,,,,,,,
1310026,1301001,90000,False,0,0,0,Balloon,NKS_Balloon_SCR_Group_22,,,,,,,,,,,
1310027,1301001,90000,False,0,0,0,Balloon,NKS_Balloon_RPZ_Group_22,,,,,,,,,,,
1310028,1301001,90000,False,0,0,0,Balloon,NKS_Balloon_RHD_Group_22,,,,,,,,,,,
1310029,1301001,90000,False,0,0,0,Balloon,NKS_Balloon_EXI_Group_22,,,,,,,,,,,
1310030,1301001,90000,False,2139003,0,0,TargetNormalMonsterSpawn,,,,,12,,,,,,,
1310031,1301001,90300,False,0,0,0,Stage_Clear,,,,,,,,,,,,
1320001,1302001,0,False,0,0,0,Countdown,,,,,,,,,,,,
1320002,1302001,0,False,800900,0,0,ItemSpawn,,,,,,,,,,,,
1320003,1302001,0,True,130101,-1,600,MonsterGroupSpawn,,,,,,,,,,,,
1320004,1302001,6000,True,132001,-1,4000,MonsterGroupSpawn,,,,,4000,,,,,,,
1320005,1302001,12000,False,130101,0,0,StopMonsterGroupSpawn,,,,,1,,,,,,,
1320006,1302001,12000,True,130102,-1,500,MonsterGroupSpawn,,,,,2,,,,,,,
1320007,1302001,18000,False,2139001,0,0,TargetNormalMonsterSpawn,,,,,3,,,,,,,
1320008,1302001,24000,False,130102,0,0,StopMonsterGroupSpawn,,,,,4,,,,,,,
1320009,1302001,24000,True,130103,-1,400,MonsterGroupSpawn,,,,,5,,,,,,,
1320010,1302001,30000,False,132001,0,0,StopMonsterGroupSpawn,,,,,4000,,,,,,,
1320011,1302001,30000,True,132002,-1,4000,MonsterGroupSpawn,,,,,,,,,,,,
1320012,1302001,30000,True,138001,-1,4000,MonsterGroupSpawn,,,,,6,,,,,,,
1320013,1302001,36000,False,2139002,0,0,TargetNormalMonsterSpawn,,,,,7,,,,,,,
1320014,1302001,36000,False,130103,0,0,StopMonsterGroupSpawn,,,,,8,,,,,,,
1320015,1302001,36000,True,130104,-1,300,MonsterGroupSpawn,,,,,9,,,,,,,
1320016,1302001,48000,False,130104,0,0,StopMonsterGroupSpawn,,,,,10,,,,,,,
1320017,1302001,48000,True,130105,-1,200,MonsterGroupSpawn,,,,,11,,,,,,,
1320018,1302001,53990,False,0,0,0,Balloon,NKS_Balloon_SNW_Group_22,,,,,,,,,,,
1320019,1302001,53990,False,0,0,0,Balloon,NKS_Balloon_DRT_Group_22,,,,,,,,,,,
1320020,1302001,53990,False,0,0,0,Balloon,NKS_Balloon_SCR_Group_22,,,,,,,,,,,
1320021,1302001,53990,False,0,0,0,Balloon,NKS_Balloon_RPZ_Group_22,,,,,,,,,,,
1320022,1302001,53990,False,0,0,0,Balloon,NKS_Balloon_RHD_Group_22,,,,,,,,,,,
1320023,1302001,53990,False,0,0,0,Balloon,NKS_Balloon_EXI_Group_22,,,,,,,,,,,
1320024,1302001,54000,False,2139003,0,0,TargetNormalMonsterSpawn,,,,,12,,,,,,,
1320025,1302001,60000,False,130105,0,0,StopMonsterGroupSpawn,,,,,13,,,,,,,
1320026,1302001,60000,True,130106,-1,150,MonsterGroupSpawn,,,,,14,,,,,,,
1320027,1302001,72000,False,130106,0,0,StopMonsterGroupSpawn,,,,,15,,,,,,,
1320028,1302001,72000,True,130107,-1,100,MonsterGroupSpawn,,,,,,,,,,,,
1320029,1302001,84000,False,130107,0,0,StopMonsterGroupSpawn,,,,,,,,,,,,
1320030,1302001,84000,True,130108,-1,90,MonsterGroupSpawn,,,,,,,,,,,,
1320031,1302001,89970,False,0,0,0,Balloon,NKS_Balloon_SNW_Group_25,,,,,,,,,,,
1320032,1302001,89970,False,0,0,0,Balloon,NKS_Balloon_DRT_Group_25,,,,,,,,,,,
1320033,1302001,89970,False,0,0,0,Balloon,NKS_Balloon_SCR_Group_25,,,,,,,,,,,
1320034,1302001,89970,False,0,0,0,Balloon,NKS_Balloon_RPZ_Group_25,,,,,,,,,,,
1320035,1302001,89970,False,0,0,0,Balloon,NKS_Balloon_RHD_Group_25,,,,,,,,,,,
1320036,1302001,89970,False,0,0,0,Balloon,NKS_Balloon_EXI_Group_25,,,,,,,,,,,
1320037,1302001,89980,False,130108,0,0,StopMonsterGroupSpawn,,,,,,,,,,,,
1320038,1302001,89980,False,132002,0,0,StopMonsterGroupSpawn,,,,,,,,,,,,
1320039,1302001,89980,False,138001,0,0,StopMonsterGroupSpawn,,,,,,,,,,,,
1320040,1302001,89980,True,130110,-1,90,MonsterGroupSpawn,,,,,,,,,,,,
1320041,1302001,89980,False,130101,0,0,StopMonsterGroupSpawn,,,,,,,,,,,,
1320042,1302001,89980,False,130102,0,0,StopMonsterGroupSpawn,,,,,,,,,,,,
1320043,1302001,89980,False,130103,0,0,StopMonsterGroupSpawn,,,,,,,,,,,,
1320044,1302001,89980,False,130104,0,0,StopMonsterGroupSpawn,,,,,,,,,,,,
1320045,1302001,89980,False,130105,0,0,StopMonsterGroupSpawn,,,,,,,,,,,,
1320046,1302001,89980,False,130106,0,0,StopMonsterGroupSpawn,,,,,,,,,,,,
1320047,1302001,89980,False,130107,0,0,StopMonsterGroupSpawn,,,,,,,,,,,,
1320048,1302001,89980,False,130108,0,0,StopMonsterGroupSpawn,,,,,,,,,,,,
1320049,1302001,89980,False,600103,0,0,BossMonsterSpawn,,,,,,,,,,,,
1320050,1302001,90000,False,0,0,0,Stage_Clear,,,,,,,,,,,,
1330001,1303001,0,False,0,0,0,Countdown,,,,,,,,,,,,
1330002,1303001,0,True,130101,-1,600,MonsterGroupSpawn,,,,,,,,,,,,
1330003,1303001,6000,True,132001,-1,4000,MonsterGroupSpawn,,,,,4000,,,,,,,
1330004,1303001,12000,False,130101,0,0,StopMonsterGroupSpawn,,,,,1,,,,,,,
1330005,1303001,12000,True,130102,-1,500,MonsterGroupSpawn,,,,,2,,,,,,,
1330006,1303001,18000,False,2139001,0,0,TargetNormalMonsterSpawn,,,,,3,,,,,,,
1330007,1303001,24000,False,130102,0,0,StopMonsterGroupSpawn,,,,,4,,,,,,,
1330008,1303001,24000,True,130103,-1,400,MonsterGroupSpawn,,,,,5,,,,,,,
1330009,1303001,30000,False,132001,0,0,StopMonsterGroupSpawn,,,,,4000,,,,,,,
1330010,1303001,30000,True,132002,-1,4000,MonsterGroupSpawn,,,,,,,,,,,,
1330011,1303001,30000,True,138001,-1,4000,MonsterGroupSpawn,,,,,6,,,,,,,
1330012,1303001,30000,False,2139002,0,0,TargetNormalMonsterSpawn,,,,,7,,,,,,,
1330013,1303001,30000,False,0,0,0,Balloon,NKS_Balloon_SNW_Group_22,,,,,,,,,,,
1330014,1303001,30000,False,0,0,0,Balloon,NKS_Balloon_DRT_Group_22,,,,,,,,,,,
1330015,1303001,30000,False,0,0,0,Balloon,NKS_Balloon_SCR_Group_22,,,,,,,,,,,
1330016,1303001,30000,False,0,0,0,Balloon,NKS_Balloon_RPZ_Group_22,,,,,,,,,,,
1330017,1303001,30000,False,0,0,0,Balloon,NKS_Balloon_RHD_Group_22,,,,,,,,,,,
1330018,1303001,30000,False,0,0,0,Balloon,NKS_Balloon_EXI_Group_22,,,,,,,,,,,
1330019,1303001,30100,False,0,0,0,Stage_Clear,,,,,,,,,,,,
1410001,1401001,0,False,0,0,0,Countdown,,,,,,,,,,,,
1410002,1401001,0,False,800400,0,0,ItemSpawn,,,,,,,,,,,,
1410003,1401001,0,True,140101,-1,600,MonsterGroupSpawn,,,,,,,,,,,,
1410004,1401001,6000,True,142001,-1,4000,MonsterGroupSpawn,,,,,4000,,,,,,,
1410005,1401001,12000,False,140101,0,0,StopMonsterGroupSpawn,,,,,1,,,,,,,
1410006,1401001,12000,True,140102,-1,500,MonsterGroupSpawn,,,,,2,,,,,,,
1410007,1401001,18000,False,2149001,0,0,TargetNormalMonsterSpawn,,,,,3,,,,,,,
1410008,1401001,24000,False,140102,0,0,StopMonsterGroupSpawn,,,,,4,,,,,,,
1410009,1401001,24000,True,140103,-1,400,MonsterGroupSpawn,,,,,5,,,,,,,
1410010,1401001,30000,False,142001,0,0,StopMonsterGroupSpawn,,,,,4000,,,,,,,
1410011,1401001,30000,True,142002,-1,4000,MonsterGroupSpawn,,,,,,,,,,,,
1410012,1401001,30000,True,148001,-1,4000,MonsterGroupSpawn,,,,,6,,,,,,,
1410013,1401001,36000,False,2149002,0,0,TargetNormalMonsterSpawn,,,,,7,,,,,,,
1410014,1401001,36000,False,140103,0,0,StopMonsterGroupSpawn,,,,,8,,,,,,,
1410015,1401001,36000,True,140104,-1,300,MonsterGroupSpawn,,,,,9,,,,,,,
1410016,1401001,48000,False,140104,0,0,StopMonsterGroupSpawn,,,,,10,,,,,,,
1410017,1401001,48000,True,140105,-1,200,MonsterGroupSpawn,,,,,11,,,,,,,
1410018,1401001,60000,False,140105,0,0,StopMonsterGroupSpawn,,,,,13,,,,,,,
1410019,1401001,60000,True,140106,-1,150,MonsterGroupSpawn,,,,,14,,,,,,,
1410020,1401001,72000,False,140106,0,0,StopMonsterGroupSpawn,,,,,15,,,,,,,
1410021,1401001,72000,True,140107,-1,100,MonsterGroupSpawn,,,,,,,,,,,,
1410022,1401001,84000,False,140107,0,0,StopMonsterGroupSpawn,,,,,,,,,,,,
1410023,1401001,84000,True,140108,-1,90,MonsterGroupSpawn,,,,,,,,,,,,
1410024,1401001,90000,False,0,0,0,Balloon,NKS_Balloon_SNW_Group_22,,,,,,,,,,,
1410025,1401001,90000,False,0,0,0,Balloon,NKS_Balloon_DRT_Group_22,,,,,,,,,,,
1410026,1401001,90000,False,0,0,0,Balloon,NKS_Balloon_SCR_Group_22,,,,,,,,,,,
1410027,1401001,90000,False,0,0,0,Balloon,NKS_Balloon_RPZ_Group_22,,,,,,,,,,,
1410028,1401001,90000,False,0,0,0,Balloon,NKS_Balloon_RHD_Group_22,,,,,,,,,,,
1410029,1401001,90000,False,0,0,0,Balloon,NKS_Balloon_EXI_Group_22,,,,,,,,,,,
1410030,1401001,90000,False,2149003,0,0,TargetNormalMonsterSpawn,,,,,12,,,,,,,
1410031,1401001,90300,False,0,0,0,Stage_Clear,,,,,,,,,,,,
1420001,1402001,0,False,0,0,0,Countdown,,,,,,,,,,,,
1420002,1402001,0,False,800700,0,0,ItemSpawn,,,,,,,,,,,,
1420003,1402001,0,False,800600,0,0,ItemSpawn,,,,,,,,,,,,
1420004,1402001,0,True,140101,-1,600,MonsterGroupSpawn,,,,,,,,,,,,
1420005,1402001,6000,True,142001,-1,4000,MonsterGroupSpawn,,,,,4000,,,,,,,
1420006,1402001,12000,False,140101,0,0,StopMonsterGroupSpawn,,,,,1,,,,,,,
1420007,1402001,12000,True,140102,-1,500,MonsterGroupSpawn,,,,,2,,,,,,,
1420008,1402001,18000,False,2149001,0,0,TargetNormalMonsterSpawn,,,,,3,,,,,,,
1420009,1402001,24000,False,140102,0,0,StopMonsterGroupSpawn,,,,,4,,,,,,,
1420010,1402001,24000,True,140103,-1,400,MonsterGroupSpawn,,,,,5,,,,,,,
1420011,1402001,30000,False,142001,0,0,StopMonsterGroupSpawn,,,,,4000,,,,,,,
1420012,1402001,30000,True,142002,-1,4000,MonsterGroupSpawn,,,,,,,,,,,,
1420013,1402001,30000,True,148001,-1,4000,MonsterGroupSpawn,,,,,6,,,,,,,
1420014,1402001,36000,False,2149002,0,0,TargetNormalMonsterSpawn,,,,,7,,,,,,,
1420015,1402001,36000,False,140103,0,0,StopMonsterGroupSpawn,,,,,8,,,,,,,
1420016,1402001,36000,True,140104,-1,300,MonsterGroupSpawn,,,,,9,,,,,,,
1420017,1402001,48000,False,140104,0,0,StopMonsterGroupSpawn,,,,,10,,,,,,,
1420018,1402001,48000,True,140105,-1,200,MonsterGroupSpawn,,,,,11,,,,,,,
1420019,1402001,53990,False,0,0,0,Balloon,NKS_Balloon_SNW_Group_22,,,,,,,,,,,
1420020,1402001,53990,False,0,0,0,Balloon,NKS_Balloon_DRT_Group_22,,,,,,,,,,,
1420021,1402001,53990,False,0,0,0,Balloon,NKS_Balloon_SCR_Group_22,,,,,,,,,,,
1420022,1402001,53990,False,0,0,0,Balloon,NKS_Balloon_RPZ_Group_22,,,,,,,,,,,
1420023,1402001,53990,False,0,0,0,Balloon,NKS_Balloon_RHD_Group_22,,,,,,,,,,,
1420024,1402001,53990,False,0,0,0,Balloon,NKS_Balloon_EXI_Group_22,,,,,,,,,,,
1420025,1402001,54000,False,2149003,0,0,TargetNormalMonsterSpawn,,,,,12,,,,,,,
1420026,1402001,60000,False,140105,0,0,StopMonsterGroupSpawn,,,,,13,,,,,,,
1420027,1402001,60000,True,140106,-1,150,MonsterGroupSpawn,,,,,14,,,,,,,
1420028,1402001,72000,False,140106,0,0,StopMonsterGroupSpawn,,,,,15,,,,,,,
1420029,1402001,72000,True,140107,-1,100,MonsterGroupSpawn,,,,,,,,,,,,
1420030,1402001,84000,False,140107,0,0,StopMonsterGroupSpawn,,,,,,,,,,,,
1420031,1402001,84000,True,140108,-1,90,MonsterGroupSpawn,,,,,,,,,,,,
1420032,1402001,89970,False,0,0,0,Balloon,NKS_Balloon_SNW_Group_26,,,,,,,,,,,
1420033,1402001,89970,False,0,0,0,Balloon,NKS_Balloon_DRT_Group_26,,,,,,,,,,,
1420034,1402001,89970,False,0,0,0,Balloon,NKS_Balloon_SCR_Group_26,,,,,,,,,,,
1420035,1402001,89970,False,0,0,0,Balloon,NKS_Balloon_RPZ_Group_26,,,,,,,,,,,
1420036,1402001,89970,False,0,0,0,Balloon,NKS_Balloon_RHD_Group_26,,,,,,,,,,,
1420037,1402001,89970,False,0,0,0,Balloon,NKS_Balloon_EXI_Group_26,,,,,,,,,,,
1420038,1402001,89980,False,140108,0,0,StopMonsterGroupSpawn,,,,,,,,,,,,
1420039,1402001,89980,False,142002,0,0,StopMonsterGroupSpawn,,,,,,,,,,,,
1420040,1402001,89980,False,148001,0,0,StopMonsterGroupSpawn,,,,,,,,,,,,
1420041,1402001,89980,True,140110,-1,70,MonsterGroupSpawn,,,,,,,,,,,,
1420042,1402001,89980,False,140101,0,0,StopMonsterGroupSpawn,,,,,,,,,,,,
1420043,1402001,89980,False,140102,0,0,StopMonsterGroupSpawn,,,,,,,,,,,,
1420044,1402001,89980,False,140103,0,0,StopMonsterGroupSpawn,,,,,,,,,,,,
1420045,1402001,89980,False,140104,0,0,StopMonsterGroupSpawn,,,,,,,,,,,,
1420046,1402001,89980,False,140105,0,0,StopMonsterGroupSpawn,,,,,,,,,,,,
1420047,1402001,89980,False,140106,0,0,StopMonsterGroupSpawn,,,,,,,,,,,,
1420048,1402001,89980,False,140107,0,0,StopMonsterGroupSpawn,,,,,,,,,,,,
1420049,1402001,89980,False,140108,0,0,StopMonsterGroupSpawn,,,,,,,,,,,,
1420050,1402001,89980,False,600104,0,0,BossMonsterSpawn,,,,,,,,,,,,
1420051,1402001,90000,False,0,0,0,Stage_Clear,,,,,,,,,,,,
1430001,1403001,0,False,0,0,0,Countdown,,,,,,,,,,,,
1430002,1403001,0,True,140101,-1,600,MonsterGroupSpawn,,,,,,,,,,,,
1430003,1403001,6000,True,142001,-1,4000,MonsterGroupSpawn,,,,,4000,,,,,,,
1430004,1403001,12000,False,140101,0,0,StopMonsterGroupSpawn,,,,,1,,,,,,,
1430005,1403001,12000,True,140102,-1,500,MonsterGroupSpawn,,,,,2,,,,,,,
1430006,1403001,18000,False,2149001,0,0,TargetNormalMonsterSpawn,,,,,3,,,,,,,
1430007,1403001,24000,False,140102,0,0,StopMonsterGroupSpawn,,,,,4,,,,,,,
1430008,1403001,24000,True,140103,-1,400,MonsterGroupSpawn,,,,,5,,,,,,,
1430009,1403001,30000,False,142001,0,0,StopMonsterGroupSpawn,,,,,4000,,,,,,,
1430010,1403001,30000,True,142002,-1,4000,MonsterGroupSpawn,,,,,,,,,,,,
1430011,1403001,30000,True,148001,-1,4000,MonsterGroupSpawn,,,,,6,,,,,,,
1430012,1403001,30000,False,2149002,0,0,TargetNormalMonsterSpawn,,,,,7,,,,,,,
1430013,1403001,30000,False,0,0,0,Balloon,NKS_Balloon_SNW_Group_22,,,,,,,,,,,
1430014,1403001,30000,False,0,0,0,Balloon,NKS_Balloon_DRT_Group_22,,,,,,,,,,,
1430015,1403001,30000,False,0,0,0,Balloon,NKS_Balloon_SCR_Group_22,,,,,,,,,,,
1430016,1403001,30000,False,0,0,0,Balloon,NKS_Balloon_RPZ_Group_22,,,,,,,,,,,
1430017,1403001,30000,False,0,0,0,Balloon,NKS_Balloon_RHD_Group_22,,,,,,,,,,,
1430018,1403001,30000,False,0,0,0,Balloon,NKS_Balloon_EXI_Group_22,,,,,,,,,,,
1430019,1403001,30100,False,0,0,0,Stage_Clear,,,,,,,,,,,,
1510001,1501001,0,False,0,0,0,Countdown,,,,,,,,,,,,
1510002,1501001,0,True,150101,-1,500,MonsterGroupSpawn,,,,,,,,,,,,
1510003,1501001,6000,True,152001,-1,4000,MonsterGroupSpawn,,,,,4000,,,,,,,
1510004,1501001,12000,False,150101,0,0,StopMonsterGroupSpawn,,,,,1,,,,,,,
1510005,1501001,12000,True,150102,-1,450,MonsterGroupSpawn,,,,,2,,,,,,,
1510006,1501001,18000,False,2159001,0,0,TargetNormalMonsterSpawn,,,,,3,,,,,,,
1510007,1501001,24000,False,150102,0,0,StopMonsterGroupSpawn,,,,,4,,,,,,,
1510008,1501001,24000,True,150103,-1,350,MonsterGroupSpawn,,,,,5,,,,,,,
1510009,1501001,30000,False,152001,0,0,StopMonsterGroupSpawn,,,,,4000,,,,,,,
1510010,1501001,30000,True,152002,-1,4000,MonsterGroupSpawn,,,,,,,,,,,,
1510011,1501001,30000,True,158001,-1,4000,MonsterGroupSpawn,,,,,6,,,,,,,
1510012,1501001,36000,False,2159002,0,0,TargetNormalMonsterSpawn,,,,,7,,,,,,,
1510013,1501001,36000,False,150103,0,0,StopMonsterGroupSpawn,,,,,8,,,,,,,
1510014,1501001,36000,True,150104,-1,250,MonsterGroupSpawn,,,,,9,,,,,,,
1510015,1501001,48000,False,150104,0,0,StopMonsterGroupSpawn,,,,,10,,,,,,,
1510016,1501001,48000,True,150105,-1,150,MonsterGroupSpawn,,,,,11,,,,,,,
1510017,1501001,60000,False,150105,0,0,StopMonsterGroupSpawn,,,,,13,,,,,,,
1510018,1501001,60000,True,150106,-1,100,MonsterGroupSpawn,,,,,14,,,,,,,
1510019,1501001,72000,False,150106,0,0,StopMonsterGroupSpawn,,,,,15,,,,,,,
1510020,1501001,72000,True,150107,-1,90,MonsterGroupSpawn,,,,,,,,,,,,
1510021,1501001,84000,False,150107,0,0,StopMonsterGroupSpawn,,,,,,,,,,,,
1510022,1501001,84000,True,150108,-1,70,MonsterGroupSpawn,,,,,,,,,,,,
1510023,1501001,90000,False,0,0,0,Balloon,NKS_Balloon_SNW_Group_22,,,,,,,,,,,
1510024,1501001,90000,False,0,0,0,Balloon,NKS_Balloon_DRT_Group_22,,,,,,,,,,,
1510025,1501001,90000,False,0,0,0,Balloon,NKS_Balloon_SCR_Group_22,,,,,,,,,,,
1510026,1501001,90000,False,0,0,0,Balloon,NKS_Balloon_RPZ_Group_22,,,,,,,,,,,
1510027,1501001,90000,False,0,0,0,Balloon,NKS_Balloon_RHD_Group_22,,,,,,,,,,,
1510028,1501001,90000,False,0,0,0,Balloon,NKS_Balloon_EXI_Group_22,,,,,,,,,,,
1510029,1501001,90000,False,2159003,0,0,TargetNormalMonsterSpawn,,,,,12,,,,,,,
1510030,1501001,90300,False,0,0,0,Stage_Clear,,,,,,,,,,,,
1520001,1502001,0,False,0,0,0,Countdown,,,,,,,,,,,,
1520002,1502001,0,False,801000,0,0,ItemSpawn,,,,,,,,,,,,
1520003,1502001,0,True,150101,-1,500,MonsterGroupSpawn,,,,,,,,,,,,
1520004,1502001,6000,True,152001,-1,4000,MonsterGroupSpawn,,,,,4000,,,,,,,
1520005,1502001,12000,False,150101,0,0,StopMonsterGroupSpawn,,,,,1,,,,,,,
1520006,1502001,12000,True,150102,-1,450,MonsterGroupSpawn,,,,,2,,,,,,,
1520007,1502001,18000,False,2159001,0,0,TargetNormalMonsterSpawn,,,,,3,,,,,,,
1520008,1502001,24000,False,150102,0,0,StopMonsterGroupSpawn,,,,,4,,,,,,,
1520009,1502001,24000,True,150103,-1,350,MonsterGroupSpawn,,,,,5,,,,,,,
1520010,1502001,30000,False,152001,0,0,StopMonsterGroupSpawn,,,,,4000,,,,,,,
1520011,1502001,30000,True,152002,-1,4000,MonsterGroupSpawn,,,,,,,,,,,,
1520012,1502001,30000,True,158001,-1,4000,MonsterGroupSpawn,,,,,6,,,,,,,
1520013,1502001,36000,False,2159002,0,0,TargetNormalMonsterSpawn,,,,,7,,,,,,,
1520014,1502001,36000,False,150103,0,0,StopMonsterGroupSpawn,,,,,8,,,,,,,
1520015,1502001,36000,True,150104,-1,250,MonsterGroupSpawn,,,,,9,,,,,,,
1520016,1502001,48000,False,150104,0,0,StopMonsterGroupSpawn,,,,,10,,,,,,,
1520017,1502001,48000,True,150105,-1,150,MonsterGroupSpawn,,,,,11,,,,,,,
1520018,1502001,53990,False,0,0,0,Balloon,NKS_Balloon_SNW_Group_22,,,,,,,,,,,
1520019,1502001,53990,False,0,0,0,Balloon,NKS_Balloon_DRT_Group_22,,,,,,,,,,,
1520020,1502001,53990,False,0,0,0,Balloon,NKS_Balloon_SCR_Group_22,,,,,,,,,,,
1520021,1502001,53990,False,0,0,0,Balloon,NKS_Balloon_RPZ_Group_22,,,,,,,,,,,
1520022,1502001,53990,False,0,0,0,Balloon,NKS_Balloon_RHD_Group_22,,,,,,,,,,,
1520023,1502001,53990,False,0,0,0,Balloon,NKS_Balloon_EXI_Group_22,,,,,,,,,,,
1520024,1502001,54000,False,2159003,0,0,TargetNormalMonsterSpawn,,,,,12,,,,,,,
1520025,1502001,60000,False,150105,0,0,StopMonsterGroupSpawn,,,,,13,,,,,,,
1520026,1502001,60000,True,150106,-1,100,MonsterGroupSpawn,,,,,14,,,,,,,
1520027,1502001,72000,False,150106,0,0,StopMonsterGroupSpawn,,,,,15,,,,,,,
1520028,1502001,72000,True,150107,-1,90,MonsterGroupSpawn,,,,,,,,,,,,
1520029,1502001,84000,False,150107,0,0,StopMonsterGroupSpawn,,,,,,,,,,,,
1520030,1502001,84000,True,150108,-1,70,MonsterGroupSpawn,,,,,,,,,,,,
1520031,1502001,89970,False,0,0,0,Balloon,NKS_Balloon_SNW_Group_27,,,,,,,,,,,
1520032,1502001,89970,False,0,0,0,Balloon,NKS_Balloon_DRT_Group_27,,,,,,,,,,,
1520033,1502001,89970,False,0,0,0,Balloon,NKS_Balloon_SCR_Group_27,,,,,,,,,,,
1520034,1502001,89970,False,0,0,0,Balloon,NKS_Balloon_RPZ_Group_27,,,,,,,,,,,
1520035,1502001,89970,False,0,0,0,Balloon,NKS_Balloon_RHD_Group_27,,,,,,,,,,,
1520036,1502001,89970,False,0,0,0,Balloon,NKS_Balloon_EXI_Group_27,,,,,,,,,,,
1520037,1502001,89980,False,150108,0,0,StopMonsterGroupSpawn,,,,,,,,,,,,
1520038,1502001,89980,False,152002,0,0,StopMonsterGroupSpawn,,,,,,,,,,,,
1520039,1502001,89980,False,158001,0,0,StopMonsterGroupSpawn,,,,,,,,,,,,
1520040,1502001,89980,True,150110,-1,50,MonsterGroupSpawn,,,,,,,,,,,,
1520041,1502001,89980,False,150101,0,0,StopMonsterGroupSpawn,,,,,,,,,,,,
1520042,1502001,89980,False,150102,0,0,StopMonsterGroupSpawn,,,,,,,,,,,,
1520043,1502001,89980,False,150103,0,0,StopMonsterGroupSpawn,,,,,,,,,,,,
1520044,1502001,89980,False,150104,0,0,StopMonsterGroupSpawn,,,,,,,,,,,,
1520045,1502001,89980,False,150105,0,0,StopMonsterGroupSpawn,,,,,,,,,,,,
1520046,1502001,89980,False,150106,0,0,StopMonsterGroupSpawn,,,,,,,,,,,,
1520047,1502001,89980,False,150107,0,0,StopMonsterGroupSpawn,,,,,,,,,,,,
1520048,1502001,89980,False,150108,0,0,StopMonsterGroupSpawn,,,,,,,,,,,,
1520049,1502001,89980,False,600105,0,0,BossMonsterSpawn,,,,,,,,,,,,
1520050,1502001,90000,False,0,0,0,Stage_Clear,,,,,,,,,,,,
1530001,1503001,0,False,0,0,0,Countdown,,,,,,,,,,,,
1530002,1503001,0,True,150101,-1,500,MonsterGroupSpawn,,,,,,,,,,,,
1530003,1503001,6000,True,152001,-1,4000,MonsterGroupSpawn,,,,,4000,,,,,,,
1530004,1503001,12000,False,150101,0,0,StopMonsterGroupSpawn,,,,,1,,,,,,,
1530005,1503001,12000,True,150102,-1,450,MonsterGroupSpawn,,,,,2,,,,,,,
1530006,1503001,18000,False,2159001,0,0,TargetNormalMonsterSpawn,,,,,3,,,,,,,
1530007,1503001,24000,False,150102,0,0,StopMonsterGroupSpawn,,,,,4,,,,,,,
1530008,1503001,24000,True,150103,-1,350,MonsterGroupSpawn,,,,,5,,,,,,,
1530009,1503001,30000,False,152001,0,0,StopMonsterGroupSpawn,,,,,4000,,,,,,,
1530010,1503001,30000,True,152002,-1,4000,MonsterGroupSpawn,,,,,,,,,,,,
1530011,1503001,30000,True,158001,-1,4000,MonsterGroupSpawn,,,,,6,,,,,,,
1530012,1503001,30000,False,2159002,0,0,TargetNormalMonsterSpawn,,,,,7,,,,,,,
1530013,1503001,30000,False,0,0,0,Balloon,NKS_Balloon_SNW_Group_22,,,,,,,,,,,
1530014,1503001,30000,False,0,0,0,Balloon,NKS_Balloon_DRT_Group_22,,,,,,,,,,,
1530015,1503001,30000,False,0,0,0,Balloon,NKS_Balloon_SCR_Group_22,,,,,,,,,,,
1530016,1503001,30000,False,0,0,0,Balloon,NKS_Balloon_RPZ_Group_22,,,,,,,,,,,
1530017,1503001,30000,False,0,0,0,Balloon,NKS_Balloon_RHD_Group_22,,,,,,,,,,,
1530018,1503001,30000,False,0,0,0,Balloon,NKS_Balloon_EXI_Group_22,,,,,,,,,,,
1530019,1503001,30100,False,0,0,0,Stage_Clear,,,,,,,,,,,,
1610001,1601001,0,False,0,0,0,Countdown,,,,,,,,,,,,
1610002,1601001,0,True,170101,-1,500,MonsterGroupSpawn,,,,,,,,,,,,
1610003,1601001,6000,True,172001,-1,4000,MonsterGroupSpawn,,,,,4000,,,,,,,
1610004,1601001,12000,False,170101,0,0,StopMonsterGroupSpawn,,,,,1,,,,,,,
1610005,1601001,12000,True,170102,-1,450,MonsterGroupSpawn,,,,,2,,,,,,,
1610006,1601001,18000,False,2169001,0,0,TargetNormalMonsterSpawn,,,,,3,,,,,,,
1610007,1601001,24000,True,170201,5,200,MonsterGroupSpawn,,,,,,,,,,,,
1610008,1601001,24000,False,170102,0,0,StopMonsterGroupSpawn,,,,,4,,,,,,,
1610009,1601001,24000,True,170103,-1,350,MonsterGroupSpawn,,,,,5,,,,,,,
1610010,1601001,30000,False,172001,0,0,StopMonsterGroupSpawn,,,,,4000,,,,,,,
1610011,1601001,30000,True,172002,-1,4000,MonsterGroupSpawn,,,,,,,,,,,,
1610012,1601001,30000,True,178001,-1,4000,MonsterGroupSpawn,,,,,6,,,,,,,
1610013,1601001,36000,False,2169002,0,0,TargetNormalMonsterSpawn,,,,,7,,,,,,,
1610014,1601001,36000,False,170103,0,0,StopMonsterGroupSpawn,,,,,8,,,,,,,
1610015,1601001,36000,True,170104,-1,250,MonsterGroupSpawn,,,,,9,,,,,,,
1610016,1601001,42000,True,170202,5,200,MonsterGroupSpawn,,,,,,,,,,,,
1610017,1601001,48000,False,170104,0,0,StopMonsterGroupSpawn,,,,,10,,,,,,,
1610018,1601001,48000,True,170105,-1,150,MonsterGroupSpawn,,,,,11,,,,,,,
1610019,1601001,60000,False,170105,0,0,StopMonsterGroupSpawn,,,,,13,,,,,,,
1610020,1601001,60000,True,170106,-1,100,MonsterGroupSpawn,,,,,14,,,,,,,
1610021,1601001,66000,True,170202,5,200,MonsterGroupSpawn,,,,,,,,,,,,
1610022,1601001,66000,True,170202,5,200,MonsterGroupSpawn,,,,,,,,,,,,
1610023,1601001,72000,False,170106,0,0,StopMonsterGroupSpawn,,,,,15,,,,,,,
1610024,1601001,72000,True,170107,-1,90,MonsterGroupSpawn,,,,,,,,,,,,
1610025,1601001,84000,False,170107,0,0,StopMonsterGroupSpawn,,,,,,,,,,,,
1610026,1601001,84000,True,170108,-1,70,MonsterGroupSpawn,,,,,,,,,,,,
1610027,1601001,90000,False,0,0,0,Balloon,NKS_Balloon_SNW_Group_22,,,,,,,,,,,
1610028,1601001,90000,False,0,0,0,Balloon,NKS_Balloon_DRT_Group_22,,,,,,,,,,,
1610029,1601001,90000,False,0,0,0,Balloon,NKS_Balloon_SCR_Group_22,,,,,,,,,,,
1610030,1601001,90000,False,0,0,0,Balloon,NKS_Balloon_RPZ_Group_22,,,,,,,,,,,
1610031,1601001,90000,False,0,0,0,Balloon,NKS_Balloon_RHD_Group_22,,,,,,,,,,,
1610032,1601001,90000,False,0,0,0,Balloon,NKS_Balloon_EXI_Group_22,,,,,,,,,,,
1610033,1601001,90000,False,2169003,0,0,TargetNormalMonsterSpawn,,,,,12,,,,,,,
1610034,1601001,90300,False,0,0,0,Stage_Clear,,,,,,,,,,,,
1620001,1602001,0,False,0,0,0,Countdown,,,,,,,,,,,,
1620002,1602001,0,True,170101,-1,500,MonsterGroupSpawn,,,,,,,,,,,,
1620003,1602001,6000,True,172001,-1,4000,MonsterGroupSpawn,,,,,4000,,,,,,,
1620004,1602001,12000,False,170101,0,0,StopMonsterGroupSpawn,,,,,1,,,,,,,
1620005,1602001,12000,True,170102,-1,450,MonsterGroupSpawn,,,,,2,,,,,,,
1620006,1602001,18000,False,2169001,0,0,TargetNormalMonsterSpawn,,,,,3,,,,,,,
1620007,1602001,24000,False,170102,0,0,StopMonsterGroupSpawn,,,,,4,,,,,,,
1620008,1602001,24000,True,170103,-1,350,MonsterGroupSpawn,,,,,5,,,,,,,
1620009,1602001,30000,False,170401,0,0,MonsterGroupSpawn,,,,,,,,,,,,
1620010,1602001,30000,True,170301,-1,700,MonsterGroupSpawn,,,,,,,,,,,,
1620011,1602001,30000,False,172001,0,0,StopMonsterGroupSpawn,,,,,4000,,,,,,,
1620012,1602001,30000,True,172002,-1,4000,MonsterGroupSpawn,,,,,,,,,,,,
1620013,1602001,30000,True,178001,-1,4000,MonsterGroupSpawn,,,,,6,,,,,,,
1620014,1602001,36000,False,2169002,0,0,TargetNormalMonsterSpawn,,,,,7,,,,,,,
1620015,1602001,36000,False,170103,0,0,StopMonsterGroupSpawn,,,,,8,,,,,,,
1620016,1602001,36000,True,170104,-1,250,MonsterGroupSpawn,,,,,9,,,,,,,
1620017,1602001,42000,True,170201,5,200,MonsterGroupSpawn,,,,,,,,,,,,
1620018,1602001,42000,True,170202,5,200,MonsterGroupSpawn,,,,,,,,,,,,
1620019,1602001,42000,True,170203,5,200,MonsterGroupSpawn,,,,,,,,,,,,
1620020,1602001,42000,True,170204,5,200,MonsterGroupSpawn,,,,,,,,,,,,
1620021,1602001,48000,False,170104,0,0,StopMonsterGroupSpawn,,,,,10,,,,,,,
1620022,1602001,48000,True,170105,-1,150,MonsterGroupSpawn,,,,,11,,,,,,,
1620023,1602001,53990,False,0,0,0,Balloon,NKS_Balloon_SNW_Group_22,,,,,,,,,,,
1620024,1602001,53990,False,0,0,0,Balloon,NKS_Balloon_DRT_Group_22,,,,,,,,,,,
1620025,1602001,53990,False,0,0,0,Balloon,NKS_Balloon_SCR_Group_22,,,,,,,,,,,
1620026,1602001,53990,False,0,0,0,Balloon,NKS_Balloon_RPZ_Group_22,,,,,,,,,,,
1620027,1602001,53990,False,0,0,0,Balloon,NKS_Balloon_RHD_Group_22,,,,,,,,,,,
1620028,1602001,53990,False,0,0,0,Balloon,NKS_Balloon_EXI_Group_22,,,,,,,,,,,
1620029,1602001,54000,False,2169003,0,0,TargetNormalMonsterSpawn,,,,,12,,,,,,,
1620030,1602001,60000,False,170402,0,0,MonsterGroupSpawn,,,,,,,,,,,,
1620031,1602001,60000,False,170105,0,0,StopMonsterGroupSpawn,,,,,13,,,,,,,
1620032,1602001,60000,True,170106,-1,100,MonsterGroupSpawn,,,,,14,,,,,,,
1620033,1602001,66000,True,170201,5,200,MonsterGroupSpawn,,,,,,,,,,,,
1620034,1602001,66000,True,170202,5,200,MonsterGroupSpawn,,,,,,,,,,,,
1620035,1602001,66000,True,170203,5,200,MonsterGroupSpawn,,,,,,,,,,,,
1620036,1602001,66000,True,170204,5,200,MonsterGroupSpawn,,,,,,,,,,,,
1620037,1602001,72000,False,170106,0,0,StopMonsterGroupSpawn,,,,,15,,,,,,,
1620038,1602001,72000,True,170107,-1,90,MonsterGroupSpawn,,,,,,,,,,,,
1620039,1602001,84000,False,170107,0,0,StopMonsterGroupSpawn,,,,,,,,,,,,
1620040,1602001,84000,True,170108,-1,70,MonsterGroupSpawn,,,,,,,,,,,,
1620041,1602001,89970,False,0,0,0,Balloon,NKS_Balloon_SNW_Group_29,,,,,,,,,,,
1620042,1602001,89970,False,0,0,0,Balloon,NKS_Balloon_DRT_Group_29,,,,,,,,,,,
1620043,1602001,89970,False,0,0,0,Balloon,NKS_Balloon_SCR_Group_29,,,,,,,,,,,
1620044,1602001,89970,False,0,0,0,Balloon,NKS_Balloon_RPZ_Group_29,,,,,,,,,,,
1620045,1602001,89970,False,0,0,0,Balloon,NKS_Balloon_RHD_Group_29,,,,,,,,,,,
1620046,1602001,89970,False,0,0,0,Balloon,NKS_Balloon_EXI_Group_29,,,,,,,,,,,
1620047,1602001,89980,False,170108,0,0,StopMonsterGroupSpawn,,,,,,,,,,,,
1620048,1602001,89980,False,172002,0,0,StopMonsterGroupSpawn,,,,,,,,,,,,
1620049,1602001,89980,False,178001,0,0,StopMonsterGroupSpawn,,,,,,,,,,,,
1620050,1602001,89980,False,170101,0,0,StopMonsterGroupSpawn,,,,,,,,,,,,
1620051,1602001,89980,False,170102,0,0,StopMonsterGroupSpawn,,,,,,,,,,,,
1620052,1602001,89980,False,170103,0,0,StopMonsterGroupSpawn,,,,,,,,,,,,
1620053,1602001,89980,False,170104,0,0,StopMonsterGroupSpawn,,,,,,,,,,,,
1620054,1602001,89980,False,170105,0,0,StopMonsterGroupSpawn,,,,,,,,,,,,
1620055,1602001,89980,False,170106,0,0,StopMonsterGroupSpawn,,,,,,,,,,,,
1620056,1602001,89980,False,170107,0,0,StopMonsterGroupSpawn,,,,,,,,,,,,
1620057,1602001,89980,False,170108,0,0,StopMonsterGroupSpawn,,,,,,,,,,,,
1620058,1602001,89980,False,600201,0,0,BossMonsterSpawn,,,,,,,,,,,,
1620059,1602001,90000,False,0,0,0,Stage_Clear,,,,,,,,,,,,
1630001,1603001,0,False,0,0,0,Countdown,,,,,,,,,,,,
1630002,1603001,0,True,170101,-1,500,MonsterGroupSpawn,,,,,,,,,,,,
1630003,1603001,6000,True,172001,-1,4000,MonsterGroupSpawn,,,,,4000,,,,,,,
1630004,1603001,12000,False,170101,0,0,StopMonsterGroupSpawn,,,,,1,,,,,,,
1630005,1603001,12000,True,170102,-1,450,MonsterGroupSpawn,,,,,2,,,,,,,
1630006,1603001,18000,False,2169001,0,0,TargetNormalMonsterSpawn,,,,,3,,,,,,,
1630007,1603001,24000,False,170102,0,0,StopMonsterGroupSpawn,,,,,4,,,,,,,
1630008,1603001,24000,True,170103,-1,350,MonsterGroupSpawn,,,,,5,,,,,,,
1630009,1603001,30000,False,172001,0,0,StopMonsterGroupSpawn,,,,,4000,,,,,,,
1630010,1603001,30000,True,172002,-1,4000,MonsterGroupSpawn,,,,,,,,,,,,
1630011,1603001,30000,True,178001,-1,4000,MonsterGroupSpawn,,,,,6,,,,,,,
1630012,1603001,30000,False,2169002,0,0,TargetNormalMonsterSpawn,,,,,7,,,,,,,
1630013,1603001,30000,False,0,0,0,Balloon,NKS_Balloon_SNW_Group_22,,,,,,,,,,,
1630014,1603001,30000,False,0,0,0,Balloon,NKS_Balloon_DRT_Group_22,,,,,,,,,,,
1630015,1603001,30000,False,0,0,0,Balloon,NKS_Balloon_SCR_Group_22,,,,,,,,,,,
1630016,1603001,30000,False,0,0,0,Balloon,NKS_Balloon_RPZ_Group_22,,,,,,,,,,,
1630017,1603001,30000,False,0,0,0,Balloon,NKS_Balloon_RHD_Group_22,,,,,,,,,,,
1630018,1603001,30000,False,0,0,0,Balloon,NKS_Balloon_EXI_Group_22,,,,,,,,,,,
1630019,1603001,30100,False,0,0,0,Stage_Clear,,,,,,,,,,,,
1710001,1701001,0,False,0,0,0,Countdown,,,,,,,,,,,,
1710002,1701001,0,True,160101,-1,500,MonsterGroupSpawn,,,,,,,,,,,,
1710003,1701001,6000,True,162001,-1,1500,MonsterGroupSpawn,,,,,4000,,,,,,,
1710004,1701001,12000,False,160101,0,0,StopMonsterGroupSpawn,,,,,1,,,,,,,
1710005,1701001,12000,True,160102,-1,450,MonsterGroupSpawn,,,,,2,,,,,,,
1710006,1701001,18000,False,160102,0,0,StopMonsterGroupSpawn,,,,,,,,,,,,
1710007,1701001,18000,False,162001,0,0,StopMonsterGroupSpawn,,,,,,,,,,,,
1710008,1701001,18000,False,2179001,0,0,TargetNormalMonsterSpawn,,,,,3,,,,,,,
1710009,1701001,18010,True,160102,-1,450,MonsterGroupSpawn,,,,,,,,,,,,
1710010,1701001,18010,True,162001,-1,1500,MonsterGroupSpawn,,,,,,,,,,,,
1710011,1701001,24000,False,160102,0,0,StopMonsterGroupSpawn,,,,,4,,,,,,,
1710012,1701001,24000,True,160103,-1,350,MonsterGroupSpawn,,,,,5,,,,,,,
1710013,1701001,30000,False,162001,0,0,StopMonsterGroupSpawn,,,,,4000,,,,,,,
1710014,1701001,30000,True,162002,-1,1500,MonsterGroupSpawn,,,,,,,,,,,,
1710015,1701001,30000,True,168001,-1,2000,MonsterGroupSpawn,,,,,6,,,,,,,
1710016,1701001,36000,False,160103,0,0,StopMonsterGroupSpawn,,,,,,,,,,,,
1710017,1701001,36000,False,162002,0,0,StopMonsterGroupSpawn,,,,,,,,,,,,
1710018,1701001,36000,False,168001,0,0,StopMonsterGroupSpawn,,,,,,,,,,,,
1710019,1701001,36000,False,2179002,0,0,TargetNormalMonsterSpawn,,,,,7,,,,,,,
1710020,1701001,36010,True,160103,-1,1500,MonsterGroupSpawn,,,,,,,,,,,,
1710021,1701001,36010,True,160104,-1,250,MonsterGroupSpawn,,,,,9,,,,,,,
1710022,1701001,36010,False,168001,0,0,StopMonsterGroupSpawn,,,,,,,,,,,,
1710023,1701001,36010,True,168002,-1,2000,MonsterGroupSpawn,,,,,,,,,,,,
1710024,1701001,42000,False,168002,0,0,StopMonsterGroupSpawn,,,,,,,,,,,,
1710025,1701001,42000,True,168003,-1,2000,MonsterGroupSpawn,,,,,,,,,,,,
1710026,1701001,48000,False,160104,0,0,StopMonsterGroupSpawn,,,,,10,,,,,,,
1710027,1701001,48000,True,160105,-1,100,MonsterGroupSpawn,,,,,11,,,,,,,
1710028,1701001,48000,False,168003,0,0,StopMonsterGroupSpawn,,,,,,,,,,,,
1710029,1701001,48000,True,168004,-1,2000,MonsterGroupSpawn,,,,,,,,,,,,
1710030,1701001,53990,False,0,0,0,Balloon,NKS_Balloon_SNW_Group_22,,,,,,,,,,,
1710031,1701001,53990,False,0,0,0,Balloon,NKS_Balloon_DRT_Group_22,,,,,,,,,,,
1710032,1701001,53990,False,0,0,0,Balloon,NKS_Balloon_SCR_Group_22,,,,,,,,,,,
1710033,1701001,53990,False,0,0,0,Balloon,NKS_Balloon_RPZ_Group_22,,,,,,,,,,,
1710034,1701001,53990,False,0,0,0,Balloon,NKS_Balloon_RHD_Group_22,,,,,,,,,,,
1710035,1701001,53990,False,0,0,0,Balloon,NKS_Balloon_EXI_Group_22,,,,,,,,,,,
1710036,1701001,54000,False,168004,0,0,StopMonsterGroupSpawn,,,,,,,,,,,,
1710037,1701001,54000,False,162002,0,0,StopMonsterGroupSpawn,,,,,,,,,,,,
1710038,1701001,54000,False,160101,0,0,StopMonsterGroupSpawn,,,,,,,,,,,,
1710039,1701001,54000,False,160102,0,0,StopMonsterGroupSpawn,,,,,,,,,,,,
1710040,1701001,54000,False,160103,0,0,StopMonsterGroupSpawn,,,,,,,,,,,,
1710041,1701001,54000,False,160104,0,0,StopMonsterGroupSpawn,,,,,,,,,,,,
1710042,1701001,54000,False,160105,0,0,StopMonsterGroupSpawn,,,,,,,,,,,,
1710043,1701001,54000,False,168005,0,0,StopMonsterGroupSpawn,,,,,,,,,,,,
1710044,1701001,54000,False,2179003,0,0,TargetNormalMonsterSpawn,,,,,12,,,,,,,
1710045,1701001,54010,True,162002,-1,1500,MonsterGroupSpawn,,,,,,,,,,,,
1710046,1701001,54010,True,160105,-1,250,MonsterGroupSpawn,,,,,,,,,,,,
1710047,1701001,54010,True,168005,-1,2000,MonsterGroupSpawn,,,,,,,,,,,,
1710048,1701001,60000,False,160105,0,0,StopMonsterGroupSpawn,,,,,13,,,,,,,
1710049,1701001,60000,True,160106,-1,250,MonsterGroupSpawn,,,,,14,,,,,,,
1710050,1701001,60000,False,168005,0,0,StopMonsterGroupSpawn,,,,,,,,,,,,
1710051,1701001,60000,True,168006,-1,2000,MonsterGroupSpawn,,,,,,,,,,,,
1710052,1701001,66000,False,168006,0,0,StopMonsterGroupSpawn,,,,,,,,,,,,
1710053,1701001,66000,True,168007,-1,2000,MonsterGroupSpawn,,,,,,,,,,,,
1710054,1701001,72000,False,168007,0,0,StopMonsterGroupSpawn,,,,,,,,,,,,
1710055,1701001,72000,True,168008,-1,2000,MonsterGroupSpawn,,,,,,,,,,,,
1710056,1701001,72000,False,160106,0,0,StopMonsterGroupSpawn,,,,,15,,,,,,,
1710057,1701001,72000,True,160107,-1,250,MonsterGroupSpawn,,,,,,,,,,,,
1710058,1701001,78000,False,168008,0,0,StopMonsterGroupSpawn,,,,,,,,,,,,
1710059,1701001,78000,True,168009,-1,2000,MonsterGroupSpawn,,,,,,,,,,,,
1710060,1701001,84000,False,168009,0,0,StopMonsterGroupSpawn,,,,,,,,,,,,
1710061,1701001,84000,True,168010,-1,2000,MonsterGroupSpawn,,,,,,,,,,,,
1710062,1701001,84000,False,160107,0,0,StopMonsterGroupSpawn,,,,,,,,,,,,
1710063,1701001,84000,True,160109,-1,250,MonsterGroupSpawn,,,,,,,,,,,,
1710064,1701001,90000,False,168010,0,0,StopMonsterGroupSpawn,,,,,,,,,,,,
1710065,1701001,90000,True,162003,-1,2000,MonsterGroupSpawn,,,,,,,,,,,,
1710066,1701001,90000,False,162002,0,0,StopMonsterGroupSpawn,,,,,,,,,,,,
1710067,1701001,90000,True,163001,-1,3500,MonsterGroupSpawn,,,,,,,,,,,,
1710068,1701001,90000,False,160109,0,0,StopMonsterGroupSpawn,,,,,,,,,,,,
1710069,1701001,90000,True,160110,-1,250,MonsterGroupSpawn,,,,,,,,,,,,
1710070,1701001,96000,False,160110,0,0,StopMonsterGroupSpawn,,,,,,,,,,,,
1710071,1701001,96000,True,160111,-1,250,MonsterGroupSpawn,,,,,,,,,,,,
1710072,1701001,102000,False,160111,0,0,StopMonsterGroupSpawn,,,,,,,,,,,,
1710073,1701001,102000,True,160112,-1,250,MonsterGroupSpawn,,,,,,,,,,,,
1710074,1701001,102000,True,164001,-1,1000,MonsterGroupSpawn,,,,,,,,,,,,
1710075,1701001,102000,False,163001,0,0,StopMonsterGroupSpawn,,,,,,,,,,,,
1710076,1701001,108000,False,160112,0,0,StopMonsterGroupSpawn,,,,,,,,,,,,
1710077,1701001,108000,True,160113,-1,250,MonsterGroupSpawn,,,,,,,,,,,,
1710078,1701001,114000,False,160113,0,0,StopMonsterGroupSpawn,,,,,,,,,,,,
1710079,1701001,114000,True,160114,-1,250,MonsterGroupSpawn,,,,,,,,,,,,
1710080,1701001,120000,False,160114,0,0,StopMonsterGroupSpawn,,,,,,,,,,,,
1710081,1701001,120000,True,160115,-1,250,MonsterGroupSpawn,,,,,,,,,,,,
1710082,1701001,126000,False,160115,0,0,StopMonsterGroupSpawn,,,,,,,,,,,,
1710083,1701001,126000,True,160116,-1,250,MonsterGroupSpawn,,,,,,,,,,,,
1710084,1701001,132000,False,160116,0,0,StopMonsterGroupSpawn,,,,,,,,,,,,
1710085,1701001,132000,True,160117,-1,250,MonsterGroupSpawn,,,,,,,,,,,,
1710086,1701001,138000,False,160117,0,0,StopMonsterGroupSpawn,,,,,,,,,,,,
1710087,1701001,138000,True,160118,-1,250,MonsterGroupSpawn,,,,,,,,,,,,
1710088,1701001,144000,False,160118,0,0,StopMonsterGroupSpawn,,,,,,,,,,,,
1710089,1701001,144000,True,160119,-1,250,MonsterGroupSpawn,,,,,,,,,,,,
1710090,1701001,150000,False,160119,0,0,StopMonsterGroupSpawn,,,,,,,,,,,,
1710091,1701001,150000,True,160120,-1,250,MonsterGroupSpawn,,,,,,,,,,,,
1710092,1701001,179970,False,0,0,0,Balloon,NKS_Balloon_SNW_Group_28,,,,,,,,,,,
1710093,1701001,179970,False,0,0,0,Balloon,NKS_Balloon_DRT_Group_28,,,,,,,,,,,
1710094,1701001,179970,False,0,0,0,Balloon,NKS_Balloon_SCR_Group_28,,,,,,,,,,,
1710095,1701001,179970,False,0,0,0,Balloon,NKS_Balloon_RPZ_Group_28,,,,,,,,,,,
1710096,1701001,179970,False,0,0,0,Balloon,NKS_Balloon_RHD_Group_28,,,,,,,,,,,
1710097,1701001,179970,False,0,0,0,Balloon,NKS_Balloon_EXI_Group_28,,,,,,,,,,,
1710098,1701001,179980,False,160101,0,0,StopMonsterGroupSpawn,,,,,,,,,,,,
1710099,1701001,179980,False,160102,0,0,StopMonsterGroupSpawn,,,,,,,,,,,,
1710100,1701001,179980,False,160103,0,0,StopMonsterGroupSpawn,,,,,,,,,,,,
1710101,1701001,179980,False,160104,0,0,StopMonsterGroupSpawn,,,,,,,,,,,,
1710102,1701001,179980,False,160105,0,0,StopMonsterGroupSpawn,,,,,,,,,,,,
1710103,1701001,179980,False,160106,0,0,StopMonsterGroupSpawn,,,,,,,,,,,,
1710104,1701001,179980,False,160107,0,0,StopMonsterGroupSpawn,,,,,,,,,,,,
1710105,1701001,179980,False,160108,0,0,StopMonsterGroupSpawn,,,,,,,,,,,,
1710106,1701001,179980,False,160109,0,0,StopMonsterGroupSpawn,,,,,,,,,,,,
1710107,1701001,179980,False,160110,0,0,StopMonsterGroupSpawn,,,,,,,,,,,,
1710108,1701001,179980,False,160111,0,0,StopMonsterGroupSpawn,,,,,,,,,,,,
1710109,1701001,179980,False,160112,0,0,StopMonsterGroupSpawn,,,,,,,,,,,,
1710110,1701001,179980,False,160113,0,0,StopMonsterGroupSpawn,,,,,,,,,,,,
1710111,1701001,179980,False,160114,0,0,StopMonsterGroupSpawn,,,,,,,,,,,,
1710112,1701001,179980,False,160115,0,0,StopMonsterGroupSpawn,,,,,,,,,,,,
1710113,1701001,179980,False,160116,0,0,StopMonsterGroupSpawn,,,,,,,,,,,,
1710114,1701001,179980,False,600106,0,0,BossMonsterSpawn,,,,,,,,,,,,
1710115,1701001,180000,False,0,0,0,Stage_Clear,,,,,,,,,,,,
1720001,1702001,0,False,0,0,0,Countdown,,,,,,,,,,,,
1720002,1702001,300,True,200001,-1,500,MonsterGroupSpawn,,,,,,,,,,,,
1720003,1702001,6000,True,210001,-1,1500,MonsterGroupSpawn,,,,,,,,,,,,
1720004,1702001,12000,True,230001,-1,700,MonsterGroupSpawn,,,,,,,,,,,,
1720005,1702001,12000,False,200001,0,0,StopMonsterGroupSpawn,,,,,,,,,,,,
1720006,1702001,12000,True,200002,-1,450,MonsterGroupSpawn,,,,,,,,,,,,
1720007,1702001,14900,False,200002,0,0,StopMonsterGroupSpawn,,,,,,,,,,,,
1720008,1702001,14900,False,210001,0,0,StopMonsterGroupSpawn,,,,,,,,,,,,
1720009,1702001,14900,False,230001,0,0,StopMonsterGroupSpawn,,,,,,,,,,,,
1720010,1702001,15000,False,250001,0,0,TargetNormalMonsterSpawn,,,,,,,,,,,,
1720011,1702001,15100,True,200002,-1,450,MonsterGroupSpawn,,,,,,,,,,,,
1720012,1702001,15100,True,210001,-1,1500,MonsterGroupSpawn,,,,,,,,,,,,
1720013,1702001,15100,True,230001,-1,700,MonsterGroupSpawn,,,,,,,,,,,,
1720014,1702001,18000,False,220001,0,0,MonsterGroupSpawn,,,,,,,,,,,,
1720015,1702001,21000,True,230006,-1,700,MonsterGroupSpawn,,,,,,,,,,,,
1720016,1702001,24000,False,210001,0,0,StopMonsterGroupSpawn,,,,,,,,,,,,
1720017,1702001,24000,True,210002,-1,1500,MonsterGroupSpawn,,,,,,,,,,,,
1720018,1702001,24000,False,200002,0,0,StopMonsterGroupSpawn,,,,,,,,,,,,
1720019,1702001,24000,True,200003,-1,400,MonsterGroupSpawn,,,,,,,,,,,,
1720020,1702001,29900,False,200003,0,0,StopMonsterGroupSpawn,,,,,,,,,,,,
1720021,1702001,29900,False,210002,0,0,StopMonsterGroupSpawn,,,,,,,,,,,,
1720022,1702001,29900,False,230001,0,0,StopMonsterGroupSpawn,,,,,,,,,,,,
1720023,1702001,29900,False,230006,0,0,StopMonsterGroupSpawn,,,,,,,,,,,,
1720024,1702001,30000,False,600111,0,0,TargetBossMonsterSpawn,,,,,,,,,,,,
1720025,1702001,30100,True,230006,-1,700,MonsterGroupSpawn,,,,,,,,,,,,
1720026,1702001,30100,True,200003,-1,400,MonsterGroupSpawn,,,,,,,,,,,,
1720027,1702001,30100,True,210002,-1,1500,MonsterGroupSpawn,,,,,,,,,,,,
1720028,1702001,30100,True,230001,-1,700,MonsterGroupSpawn,,,,,,,,,,,,
1720029,1702001,36000,False,200003,0,0,StopMonsterGroupSpawn,,,,,,,,,,,,
1720030,1702001,36000,True,200004,-1,350,MonsterGroupSpawn,,,,,,,,,,,,
1720031,1702001,39000,False,240001,0,0,MonsterGroupSpawn,,,,,,,,,,,,
1720032,1702001,42000,False,210002,0,0,StopMonsterGroupSpawn,,,,,,,,,,,,
1720033,1702001,42000,True,210003,-1,1500,MonsterGroupSpawn,,,,,,,,,,,,
1720034,1702001,44900,False,200004,0,0,StopMonsterGroupSpawn,,,,,,,,,,,,
1720035,1702001,44900,False,210003,0,0,StopMonsterGroupSpawn,,,,,,,,,,,,
1720036,1702001,44900,False,230001,0,0,StopMonsterGroupSpawn,,,,,,,,,,,,
1720037,1702001,44900,False,230006,0,0,StopMonsterGroupSpawn,,,,,,,,,,,,
1720038,1702001,45000,False,250002,0,0,TargetNormalMonsterSpawn,,,,,,,,,,,,
1720039,1702001,45100,True,230006,-1,700,MonsterGroupSpawn,,,,,,,,,,,,
1720040,1702001,45100,True,200004,-1,350,MonsterGroupSpawn,,,,,,,,,,,,
1720041,1702001,45100,True,210003,-1,1500,MonsterGroupSpawn,,,,,,,,,,,,
1720042,1702001,45100,True,230001,-1,700,MonsterGroupSpawn,,,,,,,,,,,,
1720043,1702001,48000,False,230001,0,0,StopMonsterGroupSpawn,,,,,,,,,,,,
1720044,1702001,48000,True,230002,-1,700,MonsterGroupSpawn,,,,,,,,,,,,
1720045,1702001,48000,False,200004,0,0,StopMonsterGroupSpawn,,,,,,,,,,,,
1720046,1702001,48000,True,200005,-1,300,MonsterGroupSpawn,,,,,,,,,,,,
1720047,1702001,54000,False,210003,0,0,StopMonsterGroupSpawn,,,,,,,,,,,,
1720048,1702001,54000,True,210004,-1,1500,MonsterGroupSpawn,,,,,,,,,,,,
1720049,1702001,54000,False,200005,0,0,StopMonsterGroupSpawn,,,,,,,,,,,,
1720050,1702001,54000,True,200006,-1,250,MonsterGroupSpawn,,,,,,,,,,,,
1720051,1702001,59900,False,200006,0,0,StopMonsterGroupSpawn,,,,,,,,,,,,
1720052,1702001,59900,False,210004,0,0,StopMonsterGroupSpawn,,,,,,,,,,,,
1720053,1702001,59900,False,230002,0,0,StopMonsterGroupSpawn,,,,,,,,,,,,
1720054,1702001,60000,False,600112,0,0,TargetBossMonsterSpawn,,,,,,,,,,,,
1720055,1702001,60100,True,200006,-1,250,MonsterGroupSpawn,,,,,,,,,,,,
1720056,1702001,60100,True,210004,-1,1500,MonsterGroupSpawn,,,,,,,,,,,,
1720057,1702001,60100,True,230002,-1,700,MonsterGroupSpawn,,,,,,,,,,,,
1720058,1702001,63000,False,230006,0,0,StopMonsterGroupSpawn,,,,,,,,,,,,
1720059,1702001,63000,True,230007,-1,700,MonsterGroupSpawn,,,,,,,,,,,,
1720060,1702001,66000,False,220002,0,0,MonsterGroupSpawn,,,,,,,,,,,,
1720061,1702001,66000,False,200006,0,0,StopMonsterGroupSpawn,,,,,,,,,,,,
1720062,1702001,66000,True,200007,-1,200,MonsterGroupSpawn,,,,,,,,,,,,
1720063,1702001,69000,False,240002,0,0,MonsterGroupSpawn,,,,,,,,,,,,
1720064,1702001,72000,False,200007,0,0,StopMonsterGroupSpawn,,,,,,,,,,,,
1720065,1702001,72000,True,200008,-1,150,MonsterGroupSpawn,,,,,,,,,,,,
1720066,1702001,74900,False,200008,0,0,StopMonsterGroupSpawn,,,,,,,,,,,,
1720067,1702001,74900,False,210004,0,0,StopMonsterGroupSpawn,,,,,,,,,,,,
1720068,1702001,74900,False,230002,0,0,StopMonsterGroupSpawn,,,,,,,,,,,,
1720069,1702001,74900,False,230007,0,0,StopMonsterGroupSpawn,,,,,,,,,,,,
1720070,1702001,75000,False,250003,0,0,TargetNormalMonsterSpawn,,,,,,,,,,,,
1720071,1702001,75100,True,230007,-1,700,MonsterGroupSpawn,,,,,,,,,,,,
1720072,1702001,75500,True,200008,-1,150,MonsterGroupSpawn,,,,,,,,,,,,
1720073,1702001,75500,True,210004,-1,1500,MonsterGroupSpawn,,,,,,,,,,,,
1720074,1702001,75500,True,230002,-1,700,MonsterGroupSpawn,,,,,,,,,,,,
1720075,1702001,84000,False,230002,0,0,StopMonsterGroupSpawn,,,,,,,,,,,,
1720076,1702001,84000,True,230003,-1,600,MonsterGroupSpawn,,,,,,,,,,,,
1720077,1702001,84000,False,200008,0,0,StopMonsterGroupSpawn,,,,,,,,,,,,
1720078,1702001,84000,True,200009,-1,100,MonsterGroupSpawn,,,,,,,,,,,,
1720079,1702001,89900,False,200009,0,0,StopMonsterGroupSpawn,,,,,,,,,,,,
1720080,1702001,89900,False,210004,0,0,StopMonsterGroupSpawn,,,,,,,,,,,,
1720081,1702001,89900,False,230003,0,0,StopMonsterGroupSpawn,,,,,,,,,,,,
1720082,1702001,89900,False,230007,0,0,StopMonsterGroupSpawn,,,,,,,,,,,,
1720083,1702001,90000,False,600113,0,0,TargetBossMonsterSpawn,,,,,,,,,,,,
1720084,1702001,90100,True,230007,-1,700,MonsterGroupSpawn,,,,,,,,,,,,
1720085,1702001,90100,True,200009,-1,100,MonsterGroupSpawn,,,,,,,,,,,,
1720086,1702001,90100,True,210004,-1,1500,MonsterGroupSpawn,,,,,,,,,,,,
1720087,1702001,90100,True,230003,-1,600,MonsterGroupSpawn,,,,,,,,,,,,
1720088,1702001,96000,False,210004,0,0,StopMonsterGroupSpawn,,,,,,,,,,,,
1720089,1702001,96000,True,210005,-1,1000,MonsterGroupSpawn,,,,,,,,,,,,
1720090,1702001,96000,False,200009,0,0,StopMonsterGroupSpawn,,,,,,,,,,,,
1720091,1702001,96000,True,200100,-1,500,MonsterGroupSpawn,,,,,,,,,,,,
1720092,1702001,96000,True,200010,-1,100,MonsterGroupSpawn,,,,,,,,,,,,
1720093,1702001,104900,False,200100,0,0,StopMonsterGroupSpawn,,,,,,,,,,,,
1720094,1702001,104900,False,200010,0,0,StopMonsterGroupSpawn,,,,,,,,,,,,
1720095,1702001,104900,False,210005,0,0,StopMonsterGroupSpawn,,,,,,,,,,,,
1720096,1702001,104900,False,230003,0,0,StopMonsterGroupSpawn,,,,,,,,,,,,
1720097,1702001,104900,False,230007,0,0,StopMonsterGroupSpawn,,,,,,,,,,,,
1720098,1702001,105000,False,250004,0,0,TargetNormalMonsterSpawn,,,,,,,,,,,,
1720099,1702001,105100,True,230007,-1,700,MonsterGroupSpawn,,,,,,,,,,,,
1720100,1702001,105100,True,200100,-1,500,MonsterGroupSpawn,,,,,,,,,,,,
1720101,1702001,105100,True,200010,-1,100,MonsterGroupSpawn,,,,,,,,,,,,
1720102,1702001,105100,True,210005,-1,1500,MonsterGroupSpawn,,,,,,,,,,,,
1720103,1702001,105100,True,230003,-1,600,MonsterGroupSpawn,,,,,,,,,,,,
1720104,1702001,108000,False,200010,0,0,StopMonsterGroupSpawn,,,,,,,,,,,,
1720105,1702001,108000,True,200011,-1,100,MonsterGroupSpawn,,,,,,,,,,,,
1720106,1702001,108000,False,200100,0,0,StopMonsterGroupSpawn,,,,,,,,,,,,
1720107,1702001,108000,True,200101,-1,500,MonsterGroupSpawn,,,,,,,,,,,,
1720108,1702001,110000,False,230007,0,0,StopMonsterGroupSpawn,,,,,,,,,,,,
1720109,1702001,110000,True,230008,-1,700,MonsterGroupSpawn,,,,,,,,,,,,
1720110,1702001,110000,False,240003,0,0,MonsterGroupSpawn,,,,,,,,,,,,
1720111,1702001,114000,False,210005,0,0,StopMonsterGroupSpawn,,,,,,,,,,,,
1720112,1702001,114000,True,210006,-1,1000,MonsterGroupSpawn,,,,,,,,,,,,
1720113,1702001,114000,False,200011,0,0,StopMonsterGroupSpawn,,,,,,,,,,,,
1720114,1702001,114000,True,200012,-1,100,MonsterGroupSpawn,,,,,,,,,,,,
1720115,1702001,114000,False,200101,0,0,StopMonsterGroupSpawn,,,,,,,,,,,,
1720116,1702001,114000,True,200102,-1,500,MonsterGroupSpawn,,,,,,,,,,,,
1720117,1702001,119900,False,200012,0,0,StopMonsterGroupSpawn,,,,,,,,,,,,
1720118,1702001,119900,False,200102,0,0,StopMonsterGroupSpawn,,,,,,,,,,,,
1720119,1702001,119900,False,210006,0,0,StopMonsterGroupSpawn,,,,,,,,,,,,
1720120,1702001,119900,False,230003,0,0,StopMonsterGroupSpawn,,,,,,,,,,,,
1720121,1702001,119900,False,230008,0,0,StopMonsterGroupSpawn,,,,,,,,,,,,
1720122,1702001,120000,False,600114,0,0,TargetBossMonsterSpawn,,,,,,,,,,,,
1720123,1702001,120100,True,230008,-1,700,MonsterGroupSpawn,,,,,,,,,,,,
1720124,1702001,120100,True,200012,-1,100,MonsterGroupSpawn,,,,,,,,,,,,
1720125,1702001,120100,True,200102,-1,500,MonsterGroupSpawn,,,,,,,,,,,,
1720126,1702001,120100,True,210006,-1,1000,MonsterGroupSpawn,,,,,,,,,,,,
1720127,1702001,120100,True,230003,-1,600,MonsterGroupSpawn,,,,,,,,,,,,
1720128,1702001,126000,False,230003,0,0,StopMonsterGroupSpawn,,,,,,,,,,,,
1720129,1702001,126000,True,230004,-1,600,MonsterGroupSpawn,,,,,,,,,,,,
1720130,1702001,126000,False,220003,0,0,MonsterGroupSpawn,,,,,,,,,,,,
1720131,1702001,126000,False,200012,0,0,StopMonsterGroupSpawn,,,,,,,,,,,,
1720132,1702001,126000,False,200102,0,0,StopMonsterGroupSpawn,,,,,,,,,,,,
1720133,1702001,126000,True,200103,-1,500,MonsterGroupSpawn,,,,,,,,,,,,
1720134,1702001,126000,True,200013,-1,100,MonsterGroupSpawn,,,,,,,,,,,,
1720135,1702001,132000,False,210006,0,0,StopMonsterGroupSpawn,,,,,,,,,,,,
1720136,1702001,132000,True,210007,-1,1000,MonsterGroupSpawn,,,,,,,,,,,,
1720137,1702001,132000,False,200013,0,0,StopMonsterGroupSpawn,,,,,,,,,,,,
1720138,1702001,132000,True,200014,-1,100,MonsterGroupSpawn,,,,,,,,,,,,
1720139,1702001,132000,False,200103,0,0,StopMonsterGroupSpawn,,,,,,,,,,,,
1720140,1702001,132000,True,200104,-1,500,MonsterGroupSpawn,,,,,,,,,,,,
1720141,1702001,134900,False,200014,0,0,StopMonsterGroupSpawn,,,,,,,,,,,,
1720142,1702001,134900,False,200104,0,0,StopMonsterGroupSpawn,,,,,,,,,,,,
1720143,1702001,134900,False,210007,0,0,StopMonsterGroupSpawn,,,,,,,,,,,,
1720144,1702001,134900,False,230004,0,0,StopMonsterGroupSpawn,,,,,,,,,,,,
1720145,1702001,134900,False,230008,0,0,StopMonsterGroupSpawn,,,,,,,,,,,,
1720146,1702001,135000,False,250005,0,0,TargetNormalMonsterSpawn,,,,,,,,,,,,
1720147,1702001,135100,True,230008,-1,700,MonsterGroupSpawn,,,,,,,,,,,,
1720148,1702001,135100,True,200014,-1,100,MonsterGroupSpawn,,,,,,,,,,,,
1720149,1702001,135100,True,200104,-1,500,MonsterGroupSpawn,,,,,,,,,,,,
1720150,1702001,135100,True,210007,-1,1000,MonsterGroupSpawn,,,,,,,,,,,,
1720151,1702001,135100,True,230004,-1,600,MonsterGroupSpawn,,,,,,,,,,,,
1720152,1702001,138000,False,200014,0,0,StopMonsterGroupSpawn,,,,,,,,,,,,
1720153,1702001,138000,True,200015,-1,100,MonsterGroupSpawn,,,,,,,,,,,,
1720154,1702001,138000,False,200104,0,0,StopMonsterGroupSpawn,,,,,,,,,,,,
1720155,1702001,138000,True,200105,-1,500,MonsterGroupSpawn,,,,,,,,,,,,
1720156,1702001,141000,False,230008,0,0,StopMonsterGroupSpawn,,,,,,,,,,,,
1720157,1702001,141000,True,230009,-1,700,MonsterGroupSpawn,,,,,,,,,,,,
1720158,1702001,144000,False,210007,0,0,StopMonsterGroupSpawn,,,,,,,,,,,,
1720159,1702001,144000,True,210008,-1,500,MonsterGroupSpawn,,,,,,,,,,,,
1720160,1702001,144000,False,200015,0,0,StopMonsterGroupSpawn,,,,,,,,,,,,
1720161,1702001,144000,True,200016,-1,100,MonsterGroupSpawn,,,,,,,,,,,,
1720162,1702001,144000,False,200105,0,0,StopMonsterGroupSpawn,,,,,,,,,,,,
1720163,1702001,144000,True,200106,-1,500,MonsterGroupSpawn,,,,,,,,,,,,
1720164,1702001,149900,False,200016,0,0,StopMonsterGroupSpawn,,,,,,,,,,,,
1720165,1702001,149900,False,200106,0,0,StopMonsterGroupSpawn,,,,,,,,,,,,
1720166,1702001,149900,False,210008,0,0,StopMonsterGroupSpawn,,,,,,,,,,,,
1720167,1702001,149900,False,230004,0,0,StopMonsterGroupSpawn,,,,,,,,,,,,
1720168,1702001,141000,False,230009,0,0,StopMonsterGroupSpawn,,,,,,,,,,,,
1720169,1702001,150000,False,600115,0,0,TargetBossMonsterSpawn,,,,,,,,,,,,
1720170,1702001,150100,True,230009,-1,700,MonsterGroupSpawn,,,,,,,,,,,,
1720171,1702001,150100,True,200016,-1,100,MonsterGroupSpawn,,,,,,,,,,,,
1720172,1702001,150100,True,200106,-1,500,MonsterGroupSpawn,,,,,,,,,,,,
1720173,1702001,150100,True,210008,-1,500,MonsterGroupSpawn,,,,,,,,,,,,
1720174,1702001,150100,True,230004,-1,500,MonsterGroupSpawn,,,,,,,,,,,,
1720175,1702001,156000,False,230004,0,0,StopMonsterGroupSpawn,,,,,,,,,,,,
1720176,1702001,156000,True,230005,-1,500,MonsterGroupSpawn,,,,,,,,,,,,
1720177,1702001,156000,False,200016,0,0,StopMonsterGroupSpawn,,,,,,,,,,,,
1720178,1702001,156000,True,200017,-1,100,MonsterGroupSpawn,,,,,,,,,,,,
1720179,1702001,156000,False,200106,0,0,StopMonsterGroupSpawn,,,,,,,,,,,,
1720180,1702001,156000,True,200107,-1,500,MonsterGroupSpawn,,,,,,,,,,,,
1720181,1702001,162000,False,210008,0,0,StopMonsterGroupSpawn,,,,,,,,,,,,
1720182,1702001,162000,True,210009,-1,500,MonsterGroupSpawn,,,,,,,,,,,,
1720183,1702001,162000,False,200017,0,0,StopMonsterGroupSpawn,,,,,,,,,,,,
1720184,1702001,162000,True,200018,-1,100,MonsterGroupSpawn,,,,,,,,,,,,
1720185,1702001,162000,False,200107,0,0,StopMonsterGroupSpawn,,,,,,,,,,,,
1720186,1702001,162000,True,200108,-1,500,MonsterGroupSpawn,,,,,,,,,,,,
1720187,1702001,164900,False,200016,0,0,StopMonsterGroupSpawn,,,,,,,,,,,,
1720188,1702001,164900,False,200017,0,0,StopMonsterGroupSpawn,,,,,,,,,,,,
1720189,1702001,164900,False,200018,0,0,StopMonsterGroupSpawn,,,,,,,,,,,,
1720190,1702001,164900,False,200108,0,0,StopMonsterGroupSpawn,,,,,,,,,,,,
1720191,1702001,164900,False,210009,0,0,StopMonsterGroupSpawn,,,,,,,,,,,,
1720192,1702001,164900,False,230005,0,0,StopMonsterGroupSpawn,,,,,,,,,,,,
1720193,1702001,164900,False,230009,0,0,StopMonsterGroupSpawn,,,,,,,,,,,,
1720194,1702001,165000,False,600116,0,0,TargetBossMonsterSpawn,,,,,,,,,,,,
1720195,1702001,165100,True,230009,-1,700,MonsterGroupSpawn,,,,,,,,,,,,
1720196,1702001,165100,True,200018,-1,100,MonsterGroupSpawn,,,,,,,,,,,,
1720197,1702001,165100,True,200108,-1,500,MonsterGroupSpawn,,,,,,,,,,,,
1720198,1702001,165100,True,210009,-1,500,MonsterGroupSpawn,,,,,,,,,,,,
1720199,1702001,165100,True,230005,-1,500,MonsterGroupSpawn,,,,,,,,,,,,
1720200,1702001,167000,False,230009,0,0,StopMonsterGroupSpawn,,,,,,,,,,,,
1720201,1702001,167000,True,230010,-1,700,MonsterGroupSpawn,,,,,,,,,,,,
1720202,1702001,168000,False,220004,0,0,MonsterGroupSpawn,,,,,,,,,,,,
1720203,1702001,168000,False,210009,0,0,StopMonsterGroupSpawn,,,,,,,,,,,,
1720204,1702001,168000,True,210010,-1,500,MonsterGroupSpawn,,,,,,,,,,,,
1720205,1702001,168000,False,200018,0,0,StopMonsterGroupSpawn,,,,,,,,,,,,
1720206,1702001,168000,True,200019,-1,100,MonsterGroupSpawn,,,,,,,,,,,,
1720207,1702001,168000,False,200108,0,0,StopMonsterGroupSpawn,,,,,,,,,,,,
1720208,1702001,168000,True,200109,-1,500,MonsterGroupSpawn,,,,,,,,,,,,
1720209,1702001,174000,False,200019,0,0,StopMonsterGroupSpawn,,,,,,,,,,,,
1720210,1702001,174000,True,200020,-1,100,MonsterGroupSpawn,,,,,,,,,,,,
1720211,1702001,168000,False,200109,0,0,StopMonsterGroupSpawn,,,,,,,,,,,,
1720212,1702001,168000,True,200110,-1,500,MonsterGroupSpawn,,,,,,,,,,,,
1720213,1702001,179900,False,200020,0,0,StopMonsterGroupSpawn,,,,,,,,,,,,
1720214,1702001,179900,False,200110,0,0,StopMonsterGroupSpawn,,,,,,,,,,,,
1720215,1702001,179900,False,210010,0,0,StopMonsterGroupSpawn,,,,,,,,,,,,
1720216,1702001,179900,False,230005,0,0,StopMonsterGroupSpawn,,,,,,,,,,,,
1720217,1702001,179900,False,230010,0,0,StopMonsterGroupSpawn,,,,,,,,,,,,
1720218,1702001,179900,False,0,0,0,Balloon,NKS_Balloon_SNW_Group_29,,,,,,,,,,,
1720219,1702001,179900,False,0,0,0,Balloon,NKS_Balloon_DRT_Group_29,,,,,,,,,,,
1720220,1702001,179900,False,0,0,0,Balloon,NKS_Balloon_SCR_Group_29,,,,,,,,,,,
1720221,1702001,179900,False,0,0,0,Balloon,NKS_Balloon_RPZ_Group_29,,,,,,,,,,,
1720222,1702001,179900,False,0,0,0,Balloon,NKS_Balloon_RHD_Group_29,,,,,,,,,,,
1720223,1702001,179900,False,0,0,0,Balloon,NKS_Balloon_EXI_Group_29,,,,,,,,,,,
1720224,1702001,180000,False,600202,0,0,BossMonsterSpawn,,,,,,,,,,,,
1720225,1702001,180100,False,0,0,0,Stage_Clear,,,,,,,,,,,,
8000000,8000000,300,False,9900105,0,0,MonsterGroupSpawn,,,,,,,,,,,,
8000010,8000010,250,False,9900104,0,0,MonsterGroupSpawn,,,,,,,,,,,,
9000000,9000001,250,False,9900101,0,0,MonsterGroupSpawn,,,,,,,,,,,,
9000001,9000000,300,False,600201,0,0,TargetBossMonsterSpawn,,,,,,,,,,,,
19000000,19000000,300,True,2000100,-1,1000,MonsterGroupSpawn,,,,,,,,,,,,
19000001,19000000,300,True,2000200,-1,2000,MonsterGroupSpawn,,,,,,,,,,,,
