id,list_button_index,event_field_id,npc_localkey_name,npc_localkey_contents,npc_type,resource_id,costume_index,forced_name_tag_resource,interaction_type,interaction_distance,forced_interaction_marker,is_interaction_after_end,progress_event_group_id,is_use_balloon_talk,balloon_always_id,balloon_always_play_type,balloon_always_cycle,event_field_npc_event_data_list/0/event_id,event_field_npc_event_data_list/0/event_type,event_field_npc_event_data_list/0/event_resource_value,event_field_npc_event_data_list/1/event_id,event_field_npc_event_data_list/1/event_type,event_field_npc_event_data_list/1/event_resource_value,event_field_npc_event_data_list/2/event_id,event_field_npc_event_data_list/2/event_type,event_field_npc_event_data_list/2/event_resource_value
1,1,10001,Locale_Character:203_name,Locale_Event:event_contents_storydungeon_before,Character,203,0,sprite_event_ce_01_npc_tag,None,200,sprite_btn_event_miraclesnow,False,0,False,,None,0,40003,None,,0,None,,0,None,
2,0,10001,Locale_Character:121_name,,Character,121,0,sprite_event_ce_01_npc_tag,None,200,sprite_btn_event_miraclesnow,False,200102,False,,None,0,0,None,,0,None,,0,None,
3,2,10001,Locale_Character:121_name,Locale_Event:event_contents_storydungeon_after,Character,121,0,sprite_event_ce_01_npc_tag,None,200,sprite_btn_event_miraclesnow,False,200103,False,,None,0,40004,None,,0,None,,0,None,
4,3,10001,Locale_Character:90_name,Locale_Event:event_contents_login,Character,90,1,sprite_event_ce_01_npc_tag,None,200,sprite_btn_event_miraclesnow,False,0,False,,None,0,80103,None,,0,None,,0,None,
5,4,10001,Locale_Character:193_name,Locale_Event:event_contents_shop,Character,193,0,sprite_event_ce_01_npc_tag,None,200,sprite_btn_event_miraclesnow,True,0,False,,None,0,80104,None,,0,None,,0,None,
6,0,10001,Locale_Character:210_name,,Character,210,1,sprite_event_ce_01_npc_tag,None,200,sprite_btn_event_miraclesnow,False,200106,False,,None,0,0,None,,0,None,,0,None,
7,5,10001,Locale_Character:210_name,Locale_Event:event_contents_minigame,Character,210,1,sprite_event_ce_01_npc_tag,None,200,sprite_btn_event_miraclesnow,False,200107,False,,None,0,80105,None,,0,None,,0,None,
8,0,10001,Locale_Character:191_name,,Character,191,0,sprite_event_ce_01_npc_tag,None,200,sprite_btn_event_miraclesnow,False,200108,True,event_miraclesnow_ballon_01,Random,4,0,None,,0,None,,0,None,
9,0,10001,Locale_Character:191_name,,Character,191,0,sprite_event_ce_01_npc_tag,None,200,sprite_btn_event_miraclesnow,False,200109,True,event_miraclesnow_ballon_02,Random,4,0,None,,0,None,,0,None,
10,0,10001,Locale_Character:191_name,,Character,191,0,sprite_event_ce_01_npc_tag,None,200,sprite_btn_event_miraclesnow,False,200110,True,event_miraclesnow_ballon_03,Random,4,0,None,,0,None,,0,None,
11,0,10001,Locale_Character:191_name,,Character,191,0,sprite_event_ce_01_npc_tag,None,200,sprite_btn_event_miraclesnow,False,200111,True,event_miraclesnow_ballon_04,Random,4,0,None,,0,None,,0,None,
12,0,10001,Locale_Character:191_name,,Character,191,0,sprite_event_ce_01_npc_tag,None,200,sprite_btn_event_miraclesnow,False,200112,True,event_miraclesnow_ballon_05,Random,4,0,None,,0,None,,0,None,
13,0,10001,Locale_Character:190_name,,Character,190,0,sprite_event_ce_01_npc_tag,None,200,sprite_btn_event_miraclesnow,False,200113,True,event_miraclesnow_ballon_06,Random,4,0,None,,0,None,,0,None,
14,0,10001,Locale_Character:190_name,,Character,190,0,sprite_event_ce_01_npc_tag,None,200,sprite_btn_event_miraclesnow,False,200114,True,event_miraclesnow_ballon_07,Random,4,0,None,,0,None,,0,None,
15,0,10001,Locale_Character:190_name,,Character,190,0,sprite_event_ce_01_npc_tag,None,200,sprite_btn_event_miraclesnow,False,200115,True,event_miraclesnow_ballon_08,Random,4,0,None,,0,None,,0,None,
16,0,10001,Locale_Character:190_name,,Character,190,0,sprite_event_ce_01_npc_tag,None,200,sprite_btn_event_miraclesnow,False,200116,True,event_miraclesnow_ballon_09,Random,4,0,None,,0,None,,0,None,
17,1,10002,Locale_Character:802_name,Locale_Event:event_contents_storydungeon_before,Character,802,0,sprite_event_ce_01_npc_tag,None,200,sprite_btn_event_ce_01,False,0,False,,None,0,40008,None,,0,None,,0,None,
18,0,10002,Locale_Character:801_name,,Character,801,0,sprite_event_ce_01_npc_tag,None,200,sprite_btn_event_ce_01,False,200201,False,,None,0,0,None,,0,None,,0,None,
19,2,10002,Locale_Character:801_name,Locale_Event:event_contents_storydungeon_after,Character,801,0,sprite_event_ce_01_npc_tag,None,200,sprite_btn_event_ce_01,False,200202,False,,None,0,40009,None,,0,None,,0,None,
20,3,10002,Locale_Character:12_name,Locale_Event:event_contents_login,Character,12,0,sprite_event_ce_01_npc_tag,None,200,sprite_btn_event_ce_01,False,0,False,,None,0,80201,None,,0,None,,0,None,
21,4,10002,Locale_Character:10_name,Locale_Event:event_contents_shop,Character,10,0,sprite_event_ce_01_npc_tag,None,200,sprite_btn_event_ce_01,True,0,False,,None,0,80202,None,,0,None,,0,None,
22,5,10002,Locale_Character:800_name,Locale_Event:cooperation_event_name,Character,800,0,sprite_event_ce_01_npc_tag,None,200,sprite_btn_event_ce_01,False,0,False,,None,0,300101,Cooperation,300101,300102,Cooperation,300102,300103,Cooperation,300103
23,0,10002,Locale_Character:11_name,,Character,11,0,sprite_event_ce_01_npc_tag,None,200,sprite_btn_event_ce_01,False,200203,True,event_ce_01_balloon_01,Random,4,0,None,,0,None,,0,None,
24,0,10002,Locale_Character:11_name,,Character,11,0,sprite_event_ce_01_npc_tag,None,200,sprite_btn_event_ce_01,False,200204,True,event_ce_01_balloon_02,Random,4,0,None,,0,None,,0,None,
25,0,10002,Locale_Character:11_name,,Character,11,0,sprite_event_ce_01_npc_tag,None,200,sprite_btn_event_ce_01,False,200205,True,event_ce_01_balloon_03,Random,4,0,None,,0,None,,0,None,
26,0,10002,Locale_Character:101_name,,Character,101,0,sprite_event_ce_01_npc_tag,None,200,sprite_btn_event_ce_01,False,200206,True,event_ce_01_balloon_04,None,4,0,None,,0,None,,0,None,
27,0,10002,Locale_Character:101_name,,Character,101,0,sprite_event_ce_01_npc_tag,None,200,sprite_btn_event_ce_01,False,200207,True,event_ce_01_balloon_05,Random,4,0,None,,0,None,,0,None,
28,0,10002,Locale_Character:101_name,,Character,101,0,sprite_event_ce_01_npc_tag,None,200,sprite_btn_event_ce_01,False,200208,True,event_ce_01_balloon_06,None,4,0,None,,0,None,,0,None,
29,0,10002,Locale_Character:30_name,,Character,30,0,sprite_event_ce_01_npc_tag,None,200,sprite_btn_event_ce_01,False,200209,True,event_ce_01_balloon_07,None,4,0,None,,0,None,,0,None,
30,0,10002,Locale_Character:30_name,,Character,30,0,sprite_event_ce_01_npc_tag,None,200,sprite_btn_event_ce_01,False,200210,True,event_ce_01_balloon_08,None,4,0,None,,0,None,,0,None,
31,0,10002,Locale_Character:30_name,,Character,30,0,sprite_event_ce_01_npc_tag,None,200,sprite_btn_event_ce_01,False,200211,True,event_ce_01_balloon_09,None,4,0,None,,0,None,,0,None,
32,0,10002,Locale_Character:32_name,,Character,32,0,sprite_event_ce_01_npc_tag,None,200,sprite_btn_event_ce_01,False,200212,True,event_ce_01_balloon_10,None,4,0,None,,0,None,,0,None,
33,1,10003,Locale_Character:npc_956_name_var_01,Locale_Event:event_contents_storydungeon_before,Npc,7001004,0,sprite_event_overzone_npc_tag,None,200,sprite_btn_event_overzone,True,0,False,,None,0,80303,None,,0,None,,0,None,
34,0,10003,Locale_Character:npc_956_name_var_02,,Npc,7001005,0,sprite_event_overzone_npc_tag,None,200,sprite_btn_event_overzone,False,200323,False,,None,0,0,None,,0,None,,0,None,
35,2,10003,Locale_Character:npc_956_name_var_02,Locale_Event:event_contents_storydungeon_after,Npc,7001005,0,sprite_event_overzone_npc_tag,None,200,sprite_btn_event_overzone,True,200324,False,,None,0,80304,None,,0,None,,0,None,
36,3,10003,Locale_Character:npc_5001_name,Locale_Event:event_contents_challenge,Npc,7001007,0,sprite_event_overzone_npc_tag,None,200,sprite_btn_event_overzone,True,200336,False,,None,0,60001,None,,0,None,,0,None,
37,0,10003,Locale_Character:npc_954_name_var_02,,Npc,7001002,0,sprite_event_overzone_npc_tag,None,200,sprite_btn_event_overzone,False,200337,False,,None,0,0,None,,0,None,,0,None,
38,5,10003,Locale_Character:npc_954_name_var_01,Locale_Event:event_contents_login,Npc,7001001,0,sprite_event_overzone_npc_tag,None,200,sprite_btn_event_overzone,False,0,False,,None,0,80301,None,,0,None,,0,None,
39,6,10003,Locale_Character:npc_954_name_var_03,Locale_Event:event_contents_shop,Npc,7001003,0,sprite_event_overzone_npc_tag,None,200,sprite_btn_event_overzone,True,0,False,,None,0,80302,None,,0,None,,0,None,
40,0,10003,Locale_Character:220_name,,Character,220,0,sprite_event_overzone_npc_tag,None,200,sprite_btn_event_overzone,False,200301,True,event_overzone_balloon_01,Random,4,0,None,,0,None,,0,None,
41,0,10003,Locale_Character:220_name,,Character,220,0,sprite_event_overzone_npc_tag,None,200,sprite_btn_event_overzone,False,200302,True,event_overzone_balloon_02,Random,4,0,None,,0,None,,0,None,
42,0,10003,Locale_Character:220_name,,Character,220,0,sprite_event_overzone_npc_tag,None,200,sprite_btn_event_overzone,False,200303,True,event_overzone_balloon_03,Random,4,0,None,,0,None,,0,None,
43,0,10003,Locale_Character:220_name,,Character,220,0,sprite_event_overzone_npc_tag,None,200,sprite_btn_event_overzone,False,200304,True,event_overzone_balloon_04,Random,4,0,None,,0,None,,0,None,
44,0,10003,Locale_Character:220_name,,Character,220,0,sprite_event_overzone_npc_tag,None,200,sprite_btn_event_overzone,False,200305,True,event_overzone_balloon_05,Random,4,0,None,,0,None,,0,None,
45,0,10003,Locale_Character:220_name,,Character,220,0,sprite_event_overzone_npc_tag,None,200,sprite_btn_event_overzone,False,200306,True,event_overzone_balloon_06,Random,4,0,None,,0,None,,0,None,
46,0,10003,Locale_Character:221_name,,Character,221,0,sprite_event_overzone_npc_tag,None,200,sprite_btn_event_overzone,False,200307,True,event_overzone_balloon_07,Random,4,0,None,,0,None,,0,None,
47,0,10003,Locale_Character:221_name,,Character,221,0,sprite_event_overzone_npc_tag,None,200,sprite_btn_event_overzone,False,200308,True,event_overzone_balloon_08,Random,4,0,None,,0,None,,0,None,
48,0,10003,Locale_Character:221_name,,Character,221,0,sprite_event_overzone_npc_tag,None,200,sprite_btn_event_overzone,False,200309,True,event_overzone_balloon_09,Random,4,0,None,,0,None,,0,None,
49,0,10003,Locale_Character:221_name,,Character,221,0,sprite_event_overzone_npc_tag,None,200,sprite_btn_event_overzone,False,200310,True,event_overzone_balloon_10,Random,4,0,None,,0,None,,0,None,
50,0,10003,Locale_Character:221_name,,Character,221,0,sprite_event_overzone_npc_tag,None,200,sprite_btn_event_overzone,False,200311,True,event_overzone_balloon_11,Random,4,0,None,,0,None,,0,None,
51,0,10003,Locale_Character:221_name,,Character,221,0,sprite_event_overzone_npc_tag,None,200,sprite_btn_event_overzone,False,200312,True,event_overzone_balloon_12,Random,4,0,None,,0,None,,0,None,
52,0,10003,Locale_Character:222_name,,Character,222,0,sprite_event_overzone_npc_tag,None,200,sprite_btn_event_overzone,False,200313,True,event_overzone_balloon_13,Random,4,0,None,,0,None,,0,None,
53,0,10003,Locale_Character:222_name,,Character,222,0,sprite_event_overzone_npc_tag,None,200,sprite_btn_event_overzone,False,200314,True,event_overzone_balloon_14,Random,4,0,None,,0,None,,0,None,
54,0,10003,Locale_Character:222_name,,Character,222,0,sprite_event_overzone_npc_tag,None,200,sprite_btn_event_overzone,False,200315,True,event_overzone_balloon_15,Random,4,0,None,,0,None,,0,None,
55,0,10003,Locale_Character:222_name,,Character,222,0,sprite_event_overzone_npc_tag,None,200,sprite_btn_event_overzone,False,200316,True,event_overzone_balloon_16,Random,4,0,None,,0,None,,0,None,
56,0,10003,Locale_Character:222_name,,Character,222,0,sprite_event_overzone_npc_tag,None,200,sprite_btn_event_overzone,False,200317,True,event_overzone_balloon_17,Random,4,0,None,,0,None,,0,None,
57,0,10003,Locale_Character:222_name,,Character,222,0,sprite_event_overzone_npc_tag,None,200,sprite_btn_event_overzone,False,200318,True,event_overzone_balloon_18,Random,4,0,None,,0,None,,0,None,
58,0,10003,Locale_Character:934_name,,Character,307,0,sprite_event_overzone_npc_tag,None,200,sprite_btn_event_overzone,False,200319,True,event_overzone_balloon_19,Random,4,0,None,,0,None,,0,None,
59,0,10003,Locale_Character:934_name,,Character,307,0,sprite_event_overzone_npc_tag,None,200,sprite_btn_event_overzone,False,200320,True,event_overzone_balloon_20,Random,4,0,None,,0,None,,0,None,
60,0,10003,Locale_Character:934_name,,Character,307,0,sprite_event_overzone_npc_tag,None,200,sprite_btn_event_overzone,False,200321,True,event_overzone_balloon_21,Random,4,0,None,,0,None,,0,None,
61,0,10003,Locale_Character:934_name,,Character,307,0,sprite_event_overzone_npc_tag,None,200,sprite_btn_event_overzone,False,200322,True,event_overzone_balloon_22,Random,4,0,None,,0,None,,0,None,
62,0,10003,Locale_Character:npc_956_name_var_03,,Npc,7001006,0,sprite_event_overzone_npc_tag,None,200,sprite_btn_event_overzone,False,200325,True,event_overzone_balloon_23,Random,4,0,None,,0,None,,0,None,
63,0,10003,Locale_Character:npc_956_name_var_03,,Npc,7001006,0,sprite_event_overzone_npc_tag,None,200,sprite_btn_event_overzone,False,200326,True,event_overzone_balloon_24,Random,4,0,None,,0,None,,0,None,
64,0,10003,Locale_Character:npc_956_name_var_03,,Npc,7001006,0,sprite_event_overzone_npc_tag,None,200,sprite_btn_event_overzone,False,200327,True,event_overzone_balloon_25,Random,4,0,None,,0,None,,0,None,
65,0,10003,Locale_Character:npc_956_name_var_03,,Npc,7001006,0,sprite_event_overzone_npc_tag,None,200,sprite_btn_event_overzone,False,0,True,,None,8,0,None,,0,None,,0,None,
66,0,10003,Locale_Character:npc_956_name_var_03,,Npc,7001006,0,sprite_event_overzone_npc_tag,None,200,sprite_btn_event_overzone,False,200329,True,event_overzone_balloon_27,Random,4,0,None,,0,None,,0,None,
67,0,10003,Locale_Character:npc_956_name_var_03,,Npc,7001006,0,sprite_event_overzone_npc_tag,None,200,sprite_btn_event_overzone,False,200330,True,event_overzone_balloon_28,Random,4,0,None,,0,None,,0,None,
68,0,10003,Locale_Character:npc_956_name_var_03,,Npc,7001006,0,sprite_event_overzone_npc_tag,None,200,sprite_btn_event_overzone,False,200331,True,event_overzone_balloon_29,Random,4,0,None,,0,None,,0,None,
69,0,10003,Locale_Character:npc_956_name_var_03,,Npc,7001006,0,sprite_event_overzone_npc_tag,None,200,sprite_btn_event_overzone,False,200332,True,event_overzone_balloon_30,Random,4,0,None,,0,None,,0,None,
70,0,10003,Locale_Character:npc_956_name_var_03,,Npc,7001006,0,sprite_event_overzone_npc_tag,None,200,sprite_btn_event_overzone,False,200333,False,,None,0,0,None,,0,None,,0,None,
71,0,10003,Locale_Character:npc_956_name_var_03,,Npc,7001006,0,sprite_event_overzone_npc_tag,None,200,sprite_btn_event_overzone,False,200334,True,event_overzone_balloon_26,None,8,0,None,,0,None,,0,None,
72,0,10003,Locale_Character:npc_956_name_var_03,,Npc,7001006,0,sprite_event_overzone_npc_tag,None,200,sprite_btn_event_overzone,False,200335,True,event_overzone_balloon_31,None,8,0,None,,0,None,,0,None,
73,4,10003,Locale_Character:npc_954_name_var_02,Locale_Event:event_contents_whitememory,Npc,7001002,0,sprite_event_overzone_npc_tag,None,200,sprite_btn_event_overzone,False,200338,False,,None,0,80305,None,,0,None,,0,None,
74,1,10004,Locale_Character:142_name,Locale_Event:event_contents_storydungeon_before,Character,142,1,sprite_event_bluewaterisland_npc_tag,None,200,sprite_btn_event_bluewaterisland,False,0,False,,None,0,40020,None,,0,None,,0,None,
75,0,10004,Locale_Character:npc_9999999_name_01,,Npc,9999999,0,sprite_event_bluewaterisland_npc_tag,None,200,sprite_btn_event_bluewaterisland,False,200401,False,,None,0,0,None,,0,None,,0,None,
76,2,10004,Locale_Character:npc_9999999_name_01,Locale_Event:event_contents_storydungeon_after,Npc,9999999,0,sprite_event_bluewaterisland_npc_tag,None,200,sprite_btn_event_bluewaterisland,False,200402,False,,None,0,40021,None,,0,None,,0,None,
77,5,10004,Locale_Character:npc_9999999_name_02,Locale_Event:event_contents_login,Npc,9999999,0,sprite_event_bluewaterisland_npc_tag,None,200,sprite_btn_event_bluewaterisland,False,0,False,,None,0,80401,None,,0,None,,0,None,
78,6,10004,Locale_Character:201_name,Locale_Event:event_contents_shop,Character,201,1,sprite_event_bluewaterisland_npc_tag,None,200,sprite_btn_event_bluewaterisland,True,0,False,,None,0,80402,None,,0,None,,0,None,
79,0,10004,Locale_Character:npc_107_name,,Npc,7002001,0,sprite_event_bluewaterisland_npc_tag,None,200,sprite_btn_event_bluewaterisland,True,200403,False,,None,0,0,None,,0,None,,0,None,
80,4,10004,Locale_Character:npc_107_name,Locale_Event:event_contents_minigame,Npc,7002001,0,sprite_event_bluewaterisland_npc_tag,None,200,sprite_btn_event_bluewaterisland,True,200404,False,,None,0,80403,None,,0,None,,0,None,
81,3,10004,Locale_Character:npc_5001_name,Locale_Event:event_contents_challenge,Npc,7001007,0,sprite_event_bluewaterisland_npc_tag,None,200,sprite_btn_event_bluewaterisland,False,200405,False,,None,0,60020,None,,0,None,,0,None,
82,0,10004,Locale_Character:11_name,,Character,14,0,sprite_event_bluewaterisland_npc_tag,None,200,sprite_btn_event_bluewaterisland,False,200406,False,,None,0,0,None,,0,None,,0,None,
83,0,10004,Locale_Character:131_name,,Character,131,1,sprite_event_bluewaterisland_npc_tag,None,200,sprite_btn_event_bluewaterisland,False,200407,False,,None,0,0,None,,0,None,,0,None,
84,0,10004,Locale_Character:130_name,,Character,132,0,sprite_event_bluewaterisland_npc_tag,None,200,sprite_btn_event_bluewaterisland,False,200408,False,,None,0,0,None,,0,None,,0,None,
85,0,10004,Locale_Character:10_name,,Character,10,2,sprite_event_bluewaterisland_npc_tag,None,200,sprite_btn_event_bluewaterisland,False,200409,False,,None,0,0,None,,0,None,,0,None,
86,0,10004,Locale_Character:82_name,,Character,82,1,sprite_event_bluewaterisland_npc_tag,None,200,sprite_btn_event_bluewaterisland,False,200410,False,,None,0,0,None,,0,None,,0,None,
87,0,10004,Locale_Character:11_name,,Character,14,0,sprite_event_bluewaterisland_npc_tag,None,200,sprite_btn_event_bluewaterisland,False,200411,True,event_BlueWaterIsland_balloon_01,Random,4,0,None,,0,None,,0,None,
88,0,10004,Locale_Character:131_name,,Character,131,1,sprite_event_bluewaterisland_npc_tag,None,200,sprite_btn_event_bluewaterisland,False,200412,True,event_BlueWaterIsland_balloon_02,Random,5,0,None,,0,None,,0,None,
89,0,10004,Locale_Character:130_name,,Character,132,0,sprite_event_bluewaterisland_npc_tag,None,200,sprite_btn_event_bluewaterisland,False,200413,True,event_BlueWaterIsland_balloon_03,Random,6,0,None,,0,None,,0,None,
90,0,10004,Locale_Character:10_name,,Character,10,2,sprite_event_bluewaterisland_npc_tag,None,200,sprite_btn_event_bluewaterisland,False,200414,False,,None,0,0,None,,0,None,,0,None,
91,0,10004,Locale_Character:82_name,,Character,82,1,sprite_event_bluewaterisland_npc_tag,None,200,sprite_btn_event_bluewaterisland,False,200415,False,,None,0,0,None,,0,None,,0,None,
92,0,10004,Locale_Character:11_name,,Character,14,0,sprite_event_bluewaterisland_npc_tag,None,200,sprite_btn_event_bluewaterisland,False,200416,False,,None,0,0,None,,0,None,,0,None,
93,0,10004,Locale_Character:131_name,,Character,131,1,sprite_event_bluewaterisland_npc_tag,None,200,sprite_btn_event_bluewaterisland,False,200417,True,event_BlueWaterIsland_balloon_06,Random,4,0,None,,0,None,,0,None,
94,0,10004,Locale_Character:130_name,,Character,132,0,sprite_event_bluewaterisland_npc_tag,None,200,sprite_btn_event_bluewaterisland,False,200418,False,,None,0,0,None,,0,None,,0,None,
95,0,10004,Locale_Character:10_name,,Character,10,2,sprite_event_bluewaterisland_npc_tag,None,200,sprite_btn_event_bluewaterisland,False,200419,True,event_BlueWaterIsland_balloon_05,Random,5,0,None,,0,None,,0,None,
96,0,10004,Locale_Character:82_name,,Character,82,1,sprite_event_bluewaterisland_npc_tag,None,200,sprite_btn_event_bluewaterisland,False,200420,True,event_BlueWaterIsland_balloon_04,Random,6,0,None,,0,None,,0,None,
97,0,10004,Locale_Character:11_name,,Character,14,0,sprite_event_bluewaterisland_npc_tag,None,200,sprite_btn_event_bluewaterisland,False,200421,True,event_BlueWaterIsland_balloon_07,Random,4,0,None,,0,None,,0,None,
98,0,10004,Locale_Character:131_name,,Character,131,1,sprite_event_bluewaterisland_npc_tag,None,200,sprite_btn_event_bluewaterisland,False,200422,False,,None,0,0,None,,0,None,,0,None,
99,0,10004,Locale_Character:130_name,,Character,132,0,sprite_event_bluewaterisland_npc_tag,None,200,sprite_btn_event_bluewaterisland,False,200423,True,event_BlueWaterIsland_balloon_08,Random,5,0,None,,0,None,,0,None,
100,0,10004,Locale_Character:10_name,,Character,10,2,sprite_event_bluewaterisland_npc_tag,None,200,sprite_btn_event_bluewaterisland,False,200424,False,,None,0,0,None,,0,None,,0,None,
101,0,10004,Locale_Character:82_name,,Character,82,1,sprite_event_bluewaterisland_npc_tag,None,200,sprite_btn_event_bluewaterisland,False,200425,False,,None,0,0,None,,0,None,,0,None,
102,0,10004,Locale_Character:11_name,,Character,14,0,sprite_event_bluewaterisland_npc_tag,None,200,sprite_btn_event_bluewaterisland,False,200426,False,,None,0,0,None,,0,None,,0,None,
103,0,10004,Locale_Character:131_name,,Character,131,1,sprite_event_bluewaterisland_npc_tag,None,200,sprite_btn_event_bluewaterisland,False,200427,True,event_BlueWaterIsland_balloon_09,Random,4,0,None,,0,None,,0,None,
104,0,10004,Locale_Character:130_name,,Character,132,0,sprite_event_bluewaterisland_npc_tag,None,200,sprite_btn_event_bluewaterisland,False,200428,True,event_BlueWaterIsland_balloon_10,Random,5,0,None,,0,None,,0,None,
105,0,10004,Locale_Character:10_name,,Character,10,2,sprite_event_bluewaterisland_npc_tag,None,200,sprite_btn_event_bluewaterisland,False,200429,False,,None,0,0,None,,0,None,,0,None,
106,0,10004,Locale_Character:82_name,,Character,82,1,sprite_event_bluewaterisland_npc_tag,None,200,sprite_btn_event_bluewaterisland,False,200430,False,,None,0,0,None,,0,None,,0,None,
107,0,10004,Locale_Character:11_name,,Character,14,0,sprite_event_bluewaterisland_npc_tag,None,200,sprite_btn_event_bluewaterisland,False,200431,True,event_BlueWaterIsland_balloon_13,Random,4,0,None,,0,None,,0,None,
108,0,10004,Locale_Character:131_name,,Character,131,1,sprite_event_bluewaterisland_npc_tag,None,200,sprite_btn_event_bluewaterisland,False,200432,False,,None,0,0,None,,0,None,,0,None,
109,0,10004,Locale_Character:130_name,,Character,132,0,sprite_event_bluewaterisland_npc_tag,None,200,sprite_btn_event_bluewaterisland,False,200433,True,event_BlueWaterIsland_balloon_12,Random,5,0,None,,0,None,,0,None,
110,0,10004,Locale_Character:10_name,,Character,10,2,sprite_event_bluewaterisland_npc_tag,None,200,sprite_btn_event_bluewaterisland,False,200434,False,,None,0,0,None,,0,None,,0,None,
111,0,10004,Locale_Character:82_name,,Character,82,1,sprite_event_bluewaterisland_npc_tag,None,200,sprite_btn_event_bluewaterisland,False,200435,True,event_BlueWaterIsland_balloon_11,Random,6,0,None,,0,None,,0,None,
112,1,10005,Locale_Character:npc_5025_name,Locale_Event:event_contents_storydungeon_before,Npc,7003003,0,sprite_event_seayouagain,None,200,sprite_btn_event_seayouagain,False,0,False,,None,0,40024,None,,0,None,,0,None,
113,0,10005,Locale_Character:npc_5024_name,,Npc,7003002,0,sprite_event_seayouagain,None,200,sprite_btn_event_seayouagain,False,200501,False,,None,0,0,None,,0,None,,0,None,
114,2,10005,Locale_Character:npc_5024_name,Locale_Event:event_contents_storydungeon_after,Npc,7003002,0,sprite_event_seayouagain,None,200,sprite_btn_event_seayouagain,False,200502,False,,None,0,40025,None,,0,None,,0,None,
115,5,10005,Locale_Character:npc_5023_name,Locale_Event:event_contents_login,Npc,7003001,0,sprite_event_seayouagain,None,200,sprite_btn_event_seayouagain,True,0,False,,None,0,80601,None,,0,None,,0,None,
116,6,10005,Locale_Character:npc_9999999_name_03,Locale_Event:event_contents_shop,Npc,9999999,0,sprite_event_seayouagain,None,200,sprite_btn_event_seayouagain,True,0,False,,None,0,80602,None,,0,None,,0,None,
117,0,10005,Locale_Character:npc_9999999_name_05,,Npc,9999999,0,sprite_event_seayouagain,None,200,sprite_btn_event_seayouagain,False,200503,False,,None,0,0,None,,0,None,,0,None,
118,4,10005,Locale_Character:npc_9999999_name_05,Locale_Event:event_contents_minigame,Npc,9999999,0,sprite_event_seayouagain,None,200,sprite_btn_event_seayouagain,False,200504,False,,None,0,80603,None,,0,None,,0,None,
119,3,10005,Locale_Character:npc_5001_name,Locale_Event:event_contents_challenge,Npc,7001007,0,sprite_event_seayouagain,None,200,sprite_btn_event_seayouagain,False,0,False,,None,0,60024,None,,0,None,,0,None,
120,7,10005,Locale_Character:npc_9999999_name_04,Locale_Event:cooperation_event_name,Npc,9999999,0,sprite_event_seayouagain,None,200,sprite_btn_event_seayouagain,False,0,False,,None,0,30016,Cooperation,30016,30017,Cooperation,30017,30018,Cooperation,30018
121,0,10005,,,Character,353,0,sprite_event_seayouagain,None,200,sprite_btn_event_seayouagain,False,200505,True,event_seayouagain_balloon_01,Random,4,0,None,,0,None,,0,None,
122,0,10005,,,Character,15,0,sprite_event_seayouagain,None,200,sprite_btn_event_seayouagain,False,200506,True,event_seayouagain_balloon_02,Random,4,0,None,,0,None,,0,None,
123,0,10005,,,Character,10,2,sprite_event_seayouagain,None,200,sprite_btn_event_seayouagain,False,200507,True,event_seayouagain_balloon_03,Random,4,0,None,,0,None,,0,None,
124,0,10005,,,Character,14,0,sprite_event_seayouagain,None,200,sprite_btn_event_seayouagain,False,200508,True,event_seayouagain_balloon_04,Random,4,0,None,,0,None,,0,None,
125,0,10005,,,Character,132,0,sprite_event_seayouagain,None,200,sprite_btn_event_seayouagain,False,200509,True,event_seayouagain_balloon_05,Random,4,0,None,,0,None,,0,None,
126,0,10005,,,Character,131,1,sprite_event_seayouagain,None,200,sprite_btn_event_seayouagain,False,200510,True,event_seayouagain_balloon_06,Random,4,0,None,,0,None,,0,None,
127,0,10005,,,Character,201,1,sprite_event_seayouagain,None,200,sprite_btn_event_seayouagain,False,200511,True,event_seayouagain_balloon_07,Random,4,0,None,,0,None,,0,None,
128,0,10005,,,Character,142,1,sprite_event_seayouagain,None,200,sprite_btn_event_seayouagain,False,200512,True,event_seayouagain_balloon_08,Random,4,0,None,,0,None,,0,None,
129,0,10005,,,Character,82,1,sprite_event_seayouagain,None,200,sprite_btn_event_seayouagain,False,200513,True,event_seayouagain_balloon_09,Random,4,0,None,,0,None,,0,None,
130,0,10005,,,Character,353,0,sprite_event_seayouagain,None,200,sprite_btn_event_seayouagain,False,200514,True,event_seayouagain_balloon_10,Random,4,0,None,,0,None,,0,None,
131,0,10005,,,Character,15,0,sprite_event_seayouagain,None,200,sprite_btn_event_seayouagain,False,200515,True,event_seayouagain_balloon_11,Random,4,0,None,,0,None,,0,None,
132,0,10005,,,Character,10,2,sprite_event_seayouagain,None,200,sprite_btn_event_seayouagain,False,200516,True,event_seayouagain_balloon_12,Random,4,0,None,,0,None,,0,None,
133,0,10005,,,Character,14,0,sprite_event_seayouagain,None,200,sprite_btn_event_seayouagain,False,200517,True,event_seayouagain_balloon_13,Random,4,0,None,,0,None,,0,None,
134,0,10005,,,Character,132,0,sprite_event_seayouagain,None,200,sprite_btn_event_seayouagain,False,200518,True,event_seayouagain_balloon_14,Random,4,0,None,,0,None,,0,None,
135,0,10005,,,Character,131,1,sprite_event_seayouagain,None,200,sprite_btn_event_seayouagain,False,200519,True,event_seayouagain_balloon_15,Random,4,0,None,,0,None,,0,None,
136,0,10005,,,Character,201,1,sprite_event_seayouagain,None,200,sprite_btn_event_seayouagain,False,200520,True,event_seayouagain_balloon_16,Random,4,0,None,,0,None,,0,None,
137,0,10005,,,Character,142,1,sprite_event_seayouagain,None,200,sprite_btn_event_seayouagain,False,200521,True,event_seayouagain_balloon_17,Random,4,0,None,,0,None,,0,None,
138,0,10005,,,Character,82,1,sprite_event_seayouagain,None,200,sprite_btn_event_seayouagain,False,200522,True,event_seayouagain_balloon_18,Random,4,0,None,,0,None,,0,None,
139,0,10005,,,Character,353,0,sprite_event_seayouagain,None,200,sprite_btn_event_seayouagain,False,200523,True,event_seayouagain_balloon_19,Random,4,0,None,,0,None,,0,None,
140,0,10005,,,Character,15,0,sprite_event_seayouagain,None,200,sprite_btn_event_seayouagain,False,200524,True,event_seayouagain_balloon_20,Random,4,0,None,,0,None,,0,None,
141,0,10005,,,Character,82,1,sprite_event_seayouagain,None,200,sprite_btn_event_seayouagain,False,200525,True,event_seayouagain_balloon_21,Random,4,0,None,,0,None,,0,None,
142,0,10005,,,Character,353,0,sprite_event_seayouagain,None,200,sprite_btn_event_seayouagain,False,200526,True,event_seayouagain_balloon_22,Random,4,0,None,,0,None,,0,None,
143,0,10005,,,Character,15,0,sprite_event_seayouagain,None,200,sprite_btn_event_seayouagain,False,200527,True,event_seayouagain_balloon_23,Random,4,0,None,,0,None,,0,None,
144,0,10005,,,Character,10,2,sprite_event_seayouagain,None,200,sprite_btn_event_seayouagain,False,200528,True,event_seayouagain_balloon_24,Random,4,0,None,,0,None,,0,None,
145,0,10005,,,Character,14,0,sprite_event_seayouagain,None,200,sprite_btn_event_seayouagain,False,200529,True,event_seayouagain_balloon_25,Random,4,0,None,,0,None,,0,None,
146,0,10005,,,Character,132,0,sprite_event_seayouagain,None,200,sprite_btn_event_seayouagain,False,200530,True,event_seayouagain_balloon_26,Random,4,0,None,,0,None,,0,None,
147,0,10005,,,Character,131,1,sprite_event_seayouagain,None,200,sprite_btn_event_seayouagain,False,200531,True,event_seayouagain_balloon_27,Random,4,0,None,,0,None,,0,None,
148,0,10005,,,Character,201,1,sprite_event_seayouagain,None,200,sprite_btn_event_seayouagain,False,200532,True,event_seayouagain_balloon_28,Random,4,0,None,,0,None,,0,None,
149,0,10005,,,Character,142,1,sprite_event_seayouagain,None,200,sprite_btn_event_seayouagain,False,200533,True,event_seayouagain_balloon_29,Random,4,0,None,,0,None,,0,None,
150,0,10005,,,Character,82,1,sprite_event_seayouagain,None,200,sprite_btn_event_seayouagain,False,200534,True,event_seayouagain_balloon_30,Random,4,0,None,,0,None,,0,None,
151,0,10005,,,Character,353,0,sprite_event_seayouagain,None,200,sprite_btn_event_seayouagain,False,200535,True,event_seayouagain_balloon_31,Random,4,0,None,,0,None,,0,None,
152,0,10005,,,Character,15,0,sprite_event_seayouagain,None,200,sprite_btn_event_seayouagain,False,200536,True,event_seayouagain_balloon_32,Random,4,0,None,,0,None,,0,None,
153,0,10005,,,Character,132,0,sprite_event_seayouagain,None,200,sprite_btn_event_seayouagain,False,200537,True,event_seayouagain_balloon_33,Random,4,0,None,,0,None,,0,None,
154,0,10005,,,Character,131,1,sprite_event_seayouagain,None,200,sprite_btn_event_seayouagain,False,200538,True,event_seayouagain_balloon_34,Random,4,0,None,,0,None,,0,None,
155,0,10005,,,Character,353,0,sprite_event_seayouagain,None,200,sprite_btn_event_seayouagain,False,200539,True,event_seayouagain_balloon_35,Random,4,0,None,,0,None,,0,None,
156,0,10005,,,Character,15,0,sprite_event_seayouagain,None,200,sprite_btn_event_seayouagain,False,200540,True,event_seayouagain_balloon_36,Random,4,0,None,,0,None,,0,None,
157,0,10005,,,Character,10,2,sprite_event_seayouagain,None,200,sprite_btn_event_seayouagain,False,200541,True,event_seayouagain_balloon_37,Random,4,0,None,,0,None,,0,None,
158,0,10005,,,Character,14,0,sprite_event_seayouagain,None,200,sprite_btn_event_seayouagain,False,200542,True,event_seayouagain_balloon_38,Random,4,0,None,,0,None,,0,None,
159,0,10005,,,Character,132,0,sprite_event_seayouagain,None,200,sprite_btn_event_seayouagain,False,200543,True,event_seayouagain_balloon_39,Random,4,0,None,,0,None,,0,None,
160,0,10005,,,Character,131,1,sprite_event_seayouagain,None,200,sprite_btn_event_seayouagain,False,200544,True,event_seayouagain_balloon_40,Random,4,0,None,,0,None,,0,None,
161,0,10005,,,Character,201,1,sprite_event_seayouagain,None,200,sprite_btn_event_seayouagain,False,200545,True,event_seayouagain_balloon_41,Random,4,0,None,,0,None,,0,None,
162,0,10005,,,Character,142,1,sprite_event_seayouagain,None,200,sprite_btn_event_seayouagain,False,200546,True,event_seayouagain_balloon_42,Random,4,0,None,,0,None,,0,None,
163,0,10005,,,Character,82,1,sprite_event_seayouagain,None,200,sprite_btn_event_seayouagain,False,200547,True,event_seayouagain_balloon_43,Random,4,0,None,,0,None,,0,None,
164,0,10005,,,Character,353,0,sprite_event_seayouagain,None,200,sprite_btn_event_seayouagain,False,200548,True,event_seayouagain_balloon_44,Random,4,0,None,,0,None,,0,None,
165,0,10005,,,Character,15,0,sprite_event_seayouagain,None,200,sprite_btn_event_seayouagain,False,200549,True,event_seayouagain_balloon_45,Random,4,0,None,,0,None,,0,None,
166,0,10005,,,Character,10,2,sprite_event_seayouagain,None,200,sprite_btn_event_seayouagain,False,200550,True,event_seayouagain_balloon_46,Random,4,0,None,,0,None,,0,None,
167,0,10005,,,Character,14,0,sprite_event_seayouagain,None,200,sprite_btn_event_seayouagain,False,200551,True,event_seayouagain_balloon_47,Random,4,0,None,,0,None,,0,None,
168,0,10005,,,Character,132,0,sprite_event_seayouagain,None,200,sprite_btn_event_seayouagain,False,200552,True,event_seayouagain_balloon_48,Random,4,0,None,,0,None,,0,None,
169,0,10005,,,Character,131,1,sprite_event_seayouagain,None,200,sprite_btn_event_seayouagain,False,200553,True,event_seayouagain_balloon_49,Random,4,0,None,,0,None,,0,None,
170,0,10005,,,Character,201,1,sprite_event_seayouagain,None,200,sprite_btn_event_seayouagain,False,200554,True,event_seayouagain_balloon_50,Random,4,0,None,,0,None,,0,None,
171,0,10005,,,Character,142,1,sprite_event_seayouagain,None,200,sprite_btn_event_seayouagain,False,200555,True,event_seayouagain_balloon_51,Random,4,0,None,,0,None,,0,None,
172,0,10005,,,Character,82,1,sprite_event_seayouagain,None,200,sprite_btn_event_seayouagain,False,200556,True,event_seayouagain_balloon_52,Random,4,0,None,,0,None,,0,None,
173,0,10005,,,Character,15,0,sprite_event_seayouagain,None,200,sprite_btn_event_seayouagain,False,200557,True,event_seayouagain_balloon_53,Random,4,0,None,,0,None,,0,None,
174,0,10005,,,Character,10,2,sprite_event_seayouagain,None,200,sprite_btn_event_seayouagain,False,200558,True,event_seayouagain_balloon_54,Random,4,0,None,,0,None,,0,None,
175,0,10005,,,Character,14,0,sprite_event_seayouagain,None,200,sprite_btn_event_seayouagain,False,200559,True,event_seayouagain_balloon_55,Random,4,0,None,,0,None,,0,None,
176,0,10005,,,Character,132,0,sprite_event_seayouagain,None,200,sprite_btn_event_seayouagain,False,200560,True,event_seayouagain_balloon_56,Random,4,0,None,,0,None,,0,None,
177,0,10005,,,Character,131,1,sprite_event_seayouagain,None,200,sprite_btn_event_seayouagain,False,200561,True,event_seayouagain_balloon_57,Random,4,0,None,,0,None,,0,None,
178,0,10005,,,Character,201,1,sprite_event_seayouagain,None,200,sprite_btn_event_seayouagain,False,200562,True,event_seayouagain_balloon_58,Random,4,0,None,,0,None,,0,None,
179,0,10005,,,Character,142,1,sprite_event_seayouagain,None,200,sprite_btn_event_seayouagain,False,200563,True,event_seayouagain_balloon_59,Random,4,0,None,,0,None,,0,None,
180,0,10005,,,Character,82,1,sprite_event_seayouagain,None,200,sprite_btn_event_seayouagain,False,200564,True,event_seayouagain_balloon_60,Random,4,0,None,,0,None,,0,None,
181,0,10005,,,Npc,7003007,0,sprite_event_seayouagain,None,200,sprite_btn_event_seayouagain,False,200565,False,,None,0,0,None,,0,None,,0,None,
182,0,10005,,,Npc,7003008,0,sprite_event_seayouagain,None,200,sprite_btn_event_seayouagain,False,200566,False,,None,0,0,None,,0,None,,0,None,
183,0,10005,,,Npc,7003009,0,sprite_event_seayouagain,None,200,sprite_btn_event_seayouagain,False,200567,False,,None,0,0,None,,0,None,,0,None,
184,0,10005,,,Npc,7003010,0,sprite_event_seayouagain,None,200,sprite_btn_event_seayouagain,False,200568,False,,None,0,0,None,,0,None,,0,None,
185,0,10005,,,Npc,7003011,0,sprite_event_seayouagain,None,200,sprite_btn_event_seayouagain,False,200569,False,,None,0,0,None,,0,None,,0,None,
186,0,10005,,,Npc,7003012,0,sprite_event_seayouagain,None,200,sprite_btn_event_seayouagain,False,200570,False,,None,0,0,None,,0,None,,0,None,
187,0,10005,,,Npc,7003013,0,sprite_event_seayouagain,None,200,sprite_btn_event_seayouagain,False,200571,False,,None,0,0,None,,0,None,,0,None,
188,0,10005,,,Npc,7003014,0,sprite_event_seayouagain,None,200,sprite_btn_event_seayouagain,False,200572,False,,None,0,0,None,,0,None,,0,None,
189,0,10005,,,Npc,7003015,0,sprite_event_seayouagain,None,200,sprite_btn_event_seayouagain,False,200573,False,,None,0,0,None,,0,None,,0,None,
190,0,10005,,,Npc,7003016,0,sprite_event_seayouagain,None,200,sprite_btn_event_seayouagain,False,200574,False,,None,0,0,None,,0,None,,0,None,
191,0,10005,,,Npc,7003017,0,sprite_event_seayouagain,None,200,sprite_btn_event_seayouagain,False,200575,False,,None,0,0,None,,0,None,,0,None,
192,0,10005,,,Npc,7003018,0,sprite_event_seayouagain,None,200,sprite_btn_event_seayouagain,False,200576,False,,None,0,0,None,,0,None,,0,None,
193,0,10005,,,Character,353,0,sprite_event_seayouagain,None,200,sprite_btn_event_seayouagain,False,200577,True,event_seayouagain_balloon_72,Random,4,0,None,,0,None,,0,None,
194,0,10005,,,Character,15,0,sprite_event_seayouagain,None,200,sprite_btn_event_seayouagain,False,200578,True,event_seayouagain_balloon_73,Random,4,0,None,,0,None,,0,None,
195,0,10005,,,Character,10,2,sprite_event_seayouagain,None,200,sprite_btn_event_seayouagain,False,200579,True,event_seayouagain_balloon_74,Random,4,0,None,,0,None,,0,None,
196,0,10005,,,Character,14,0,sprite_event_seayouagain,None,200,sprite_btn_event_seayouagain,False,200580,True,event_seayouagain_balloon_75,Random,4,0,None,,0,None,,0,None,
197,0,10005,,,Character,132,0,sprite_event_seayouagain,None,200,sprite_btn_event_seayouagain,False,200581,True,event_seayouagain_balloon_76,Random,4,0,None,,0,None,,0,None,
198,0,10005,,,Character,131,1,sprite_event_seayouagain,None,200,sprite_btn_event_seayouagain,False,200582,True,event_seayouagain_balloon_77,Random,4,0,None,,0,None,,0,None,
199,0,10005,,,Character,201,1,sprite_event_seayouagain,None,200,sprite_btn_event_seayouagain,False,200583,True,event_seayouagain_balloon_78,Random,4,0,None,,0,None,,0,None,
200,0,10005,,,Character,142,1,sprite_event_seayouagain,None,200,sprite_btn_event_seayouagain,False,200584,True,event_seayouagain_balloon_79,Random,4,0,None,,0,None,,0,None,
201,0,10005,,,Character,82,1,sprite_event_seayouagain,None,200,sprite_btn_event_seayouagain,False,200585,True,event_seayouagain_balloon_80,Random,4,0,None,,0,None,,0,None,
202,0,10005,,,Character,350,1,sprite_event_seayouagain,None,200,sprite_btn_event_seayouagain,False,200586,True,event_seayouagain_balloon_81,Random,4,0,None,,0,None,,0,None,
203,0,10005,,,Character,351,0,sprite_event_seayouagain,None,200,sprite_btn_event_seayouagain,False,200587,True,event_seayouagain_balloon_82,Random,4,0,None,,0,None,,0,None,
204,0,10005,,,Character,353,0,sprite_event_seayouagain,None,200,sprite_btn_event_seayouagain,False,200588,True,event_seayouagain_balloon_83,Random,4,0,None,,0,None,,0,None,
205,0,10005,,,Character,15,0,sprite_event_seayouagain,None,200,sprite_btn_event_seayouagain,False,200589,True,event_seayouagain_balloon_84,Random,4,0,None,,0,None,,0,None,
206,0,10005,,,Character,10,2,sprite_event_seayouagain,None,200,sprite_btn_event_seayouagain,False,200590,True,event_seayouagain_balloon_85,Random,4,0,None,,0,None,,0,None,
207,0,10005,,,Character,14,0,sprite_event_seayouagain,None,200,sprite_btn_event_seayouagain,False,200591,True,event_seayouagain_balloon_86,Random,4,0,None,,0,None,,0,None,
208,0,10005,,,Character,132,0,sprite_event_seayouagain,None,200,sprite_btn_event_seayouagain,False,200592,True,event_seayouagain_balloon_87,Random,4,0,None,,0,None,,0,None,
209,0,10005,,,Character,131,1,sprite_event_seayouagain,None,200,sprite_btn_event_seayouagain,False,200593,True,event_seayouagain_balloon_88,Random,4,0,None,,0,None,,0,None,
210,0,10005,,,Character,201,1,sprite_event_seayouagain,None,200,sprite_btn_event_seayouagain,False,200594,True,event_seayouagain_balloon_89,Random,4,0,None,,0,None,,0,None,
211,0,10005,,,Character,142,1,sprite_event_seayouagain,None,200,sprite_btn_event_seayouagain,False,200595,True,event_seayouagain_balloon_90,Random,4,0,None,,0,None,,0,None,
212,0,10005,,,Character,82,1,sprite_event_seayouagain,None,200,sprite_btn_event_seayouagain,False,200596,True,event_seayouagain_balloon_91,Random,4,0,None,,0,None,,0,None,
213,0,10005,,,Character,350,1,sprite_event_seayouagain,None,200,sprite_btn_event_seayouagain,False,200597,True,event_seayouagain_balloon_92,Random,4,0,None,,0,None,,0,None,
214,0,10005,,,Npc,7003017,0,sprite_event_seayouagain,None,200,sprite_btn_event_seayouagain,False,200598,True,event_seayouagain_balloon_93,Random,4,0,None,,0,None,,0,None,
215,0,10005,,,Npc,7003019,0,sprite_event_seayouagain,None,200,sprite_btn_event_seayouagain,False,2005001,False,,None,0,0,None,,0,None,,0,None,
216,0,10005,,,Npc,7003019,0,sprite_event_seayouagain,None,200,sprite_btn_event_seayouagain,False,2005002,False,,None,0,0,None,,0,None,,0,None,
217,0,10005,,,Npc,7003019,0,sprite_event_seayouagain,None,200,sprite_btn_event_seayouagain,False,2005003,False,,None,0,0,None,,0,None,,0,None,
218,0,10005,,,Npc,7003019,0,sprite_event_seayouagain,None,200,sprite_btn_event_seayouagain,False,2005004,False,,None,0,0,None,,0,None,,0,None,
219,0,10005,,,Npc,7003019,0,sprite_event_seayouagain,None,200,sprite_btn_event_seayouagain,False,2005005,False,,None,0,0,None,,0,None,,0,None,
220,0,10005,,,Npc,7003019,0,sprite_event_seayouagain,None,200,sprite_btn_event_seayouagain,False,2005006,False,,None,0,0,None,,0,None,,0,None,
221,0,10005,,,Npc,7003019,0,sprite_event_seayouagain,None,200,sprite_btn_event_seayouagain,False,2005007,False,,None,0,0,None,,0,None,,0,None,
222,0,10005,,,Npc,7003019,0,sprite_event_seayouagain,None,200,sprite_btn_event_seayouagain,False,2005008,False,,None,0,0,None,,0,None,,0,None,
223,0,10005,,,Npc,7003019,0,sprite_event_seayouagain,None,200,sprite_btn_event_seayouagain,False,2005009,False,,None,0,0,None,,0,None,,0,None,
224,0,10005,,,Npc,7003019,0,sprite_event_seayouagain,None,200,sprite_btn_event_seayouagain,False,2005010,False,,None,0,0,None,,0,None,,0,None,
225,0,10005,,,Npc,7003019,0,sprite_event_seayouagain,None,200,sprite_btn_event_seayouagain,False,2005011,False,,None,0,0,None,,0,None,,0,None,
226,0,10005,,,Npc,7003019,0,sprite_event_seayouagain,None,200,sprite_btn_event_seayouagain,False,2005012,False,,None,0,0,None,,0,None,,0,None,
227,0,10005,,,Npc,7003019,0,sprite_event_seayouagain,None,200,sprite_btn_event_seayouagain,False,2005013,False,,None,0,0,None,,0,None,,0,None,
228,0,10005,,,Npc,7003019,0,sprite_event_seayouagain,None,200,sprite_btn_event_seayouagain,False,2005014,False,,None,0,0,None,,0,None,,0,None,
229,0,10005,,,Npc,7003019,0,sprite_event_seayouagain,None,200,sprite_btn_event_seayouagain,False,2005015,False,,None,0,0,None,,0,None,,0,None,
230,0,10005,,,Npc,7003019,0,sprite_event_seayouagain,None,200,sprite_btn_event_seayouagain,False,2005016,False,,None,0,0,None,,0,None,,0,None,
231,0,10005,,,Npc,7003004,0,sprite_event_seayouagain,None,200,sprite_btn_event_seayouagain,False,2005017,False,,None,0,0,None,,0,None,,0,None,
232,0,10005,,,Npc,7003005,0,sprite_event_seayouagain,None,200,sprite_btn_event_seayouagain,False,2005018,False,,None,0,0,None,,0,None,,0,None,
233,0,10005,,,Npc,7003006,0,sprite_event_seayouagain,None,200,sprite_btn_event_seayouagain,False,2005019,False,,None,0,0,None,,0,None,,0,None,
234,0,10005,,,Npc,7003005,0,sprite_event_seayouagain,None,200,sprite_btn_event_seayouagain,False,2005020,False,,None,0,0,None,,0,None,,0,None,
235,0,10006,Locale_Character:10_name,,Character,10,0,sprite_event_ce002_npc_tag,None,200,sprite_btn_event_bluewaterisland,False,2006001,False,,None,0,0,None,,0,None,,0,None,
236,0,10006,Locale_Character:10_name,,Character,10,0,sprite_event_ce002_npc_tag,None,200,sprite_btn_event_ce002,False,2006002,True,event_ce002_balloon_01_01,Random,5,0,None,,0,None,,0,None,
237,0,10006,Locale_Character:10_name,,Character,10,0,sprite_event_ce002_npc_tag,None,200,sprite_btn_event_ce002,False,2006003,True,event_ce002_balloon_01_03,Random,5,0,None,,0,None,,0,None,
238,0,10006,Locale_Character:10_name,,Character,10,0,sprite_event_ce002_npc_tag,None,200,sprite_btn_event_ce002,False,2006004,True,event_ce002_balloon_01_04,Random,5,0,None,,0,None,,0,None,
239,0,10006,Locale_Character:10_name,,Character,10,0,sprite_event_ce002_npc_tag,None,200,sprite_btn_event_ce002,False,2006005,True,event_ce002_balloon_01_05,Random,5,0,None,,0,None,,0,None,
240,0,10006,Locale_Character:10_name,,Character,10,0,sprite_event_ce002_npc_tag,None,200,sprite_btn_event_ce002,False,2006006,False,,None,0,0,None,,0,None,,0,None,
241,0,10006,Locale_Character:10_name,,Character,10,0,sprite_event_ce002_npc_tag,None,200,sprite_btn_event_ce002,False,2006007,True,event_ce002_balloon_01_06,Random,5,0,None,,0,None,,0,None,
242,0,10006,Locale_Character:10_name,,Character,10,0,sprite_event_ce002_npc_tag,None,200,sprite_btn_event_ce002,False,2006008,True,event_ce002_balloon_01_07,Random,5,0,None,,0,None,,0,None,
243,0,10006,Locale_Character:10_name,,Character,10,0,sprite_event_ce002_npc_tag,None,200,sprite_btn_event_ce002,False,2006009,True,event_ce002_balloon_01_08,Random,5,0,None,,0,None,,0,None,
244,0,10006,Locale_Character:10_name,,Character,10,0,sprite_event_ce002_npc_tag,None,200,sprite_btn_event_ce002,False,2006010,False,,None,0,0,None,,0,None,,0,None,
245,0,10006,Locale_Character:12_name,,Character,12,0,sprite_event_ce002_npc_tag,None,200,sprite_btn_event_ce002,False,2006011,True,event_ce002_balloon_02_01,Random,5,0,None,,0,None,,0,None,
246,0,10006,Locale_Character:12_name,,Character,12,0,sprite_event_ce002_npc_tag,None,200,sprite_btn_event_ce002,False,2006012,True,event_ce002_balloon_02_03,Random,5,0,None,,0,None,,0,None,
247,0,10006,Locale_Character:12_name,,Character,12,0,sprite_event_ce002_npc_tag,None,200,sprite_btn_event_ce002,False,2006013,True,event_ce002_balloon_02_04,Random,5,0,None,,0,None,,0,None,
248,0,10006,Locale_Character:12_name,,Character,12,0,sprite_event_ce002_npc_tag,None,200,sprite_btn_event_ce002,False,2006014,True,event_ce002_balloon_02_05,Random,5,0,None,,0,None,,0,None,
249,0,10006,Locale_Character:12_name,,Character,12,0,sprite_event_ce002_npc_tag,None,200,sprite_btn_event_ce002,False,2006015,True,event_ce002_balloon_02_06,Random,5,0,None,,0,None,,0,None,
250,0,10006,Locale_Character:12_name,,Character,12,0,sprite_event_ce002_npc_tag,None,200,sprite_btn_event_ce002,False,2006016,True,event_ce002_balloon_02_07,Random,5,0,None,,0,None,,0,None,
251,0,10006,Locale_Character:12_name,,Character,12,0,sprite_event_ce002_npc_tag,None,200,sprite_btn_event_ce002,False,2006017,True,event_ce002_balloon_02_08,Random,5,0,None,,0,None,,0,None,
252,0,10006,Locale_Character:12_name,,Character,12,0,sprite_event_ce002_npc_tag,None,200,sprite_btn_event_ce002,False,2006018,True,event_ce002_balloon_02_09,Random,5,0,None,,0,None,,0,None,
253,0,10006,Locale_Character:12_name,,Character,12,0,sprite_event_ce002_npc_tag,None,200,sprite_btn_event_ce002,False,2006019,False,,None,0,0,None,,0,None,,0,None,
254,0,10006,Locale_Character:11_name,,Character,11,0,sprite_event_ce002_npc_tag,None,200,sprite_btn_event_ce002,False,2006020,True,event_ce002_balloon_03_01,Random,5,0,None,,0,None,,0,None,
255,0,10006,Locale_Character:11_name,,Character,11,0,sprite_event_ce002_npc_tag,None,200,sprite_btn_event_ce002,False,2006021,True,event_ce002_balloon_03_02,Random,5,0,None,,0,None,,0,None,
256,0,10006,Locale_Character:11_name,,Character,11,0,sprite_event_ce002_npc_tag,None,200,sprite_btn_event_ce002,False,2006022,True,event_ce002_balloon_03_03,Random,5,0,None,,0,None,,0,None,
257,0,10006,Locale_Character:11_name,,Character,11,0,sprite_event_ce002_npc_tag,None,200,sprite_btn_event_ce002,False,2006023,True,event_ce002_balloon_03_04,Random,5,0,None,,0,None,,0,None,
258,0,10006,Locale_Character:11_name,,Character,11,0,sprite_event_ce002_npc_tag,None,200,sprite_btn_event_ce002,False,2006024,True,event_ce002_balloon_03_05,Random,5,0,None,,0,None,,0,None,
259,0,10006,Locale_Character:11_name,,Character,11,0,sprite_event_ce002_npc_tag,None,200,sprite_btn_event_ce002,False,2006025,True,event_ce002_balloon_03_06,Random,5,0,None,,0,None,,0,None,
260,0,10006,Locale_Character:11_name,,Character,11,0,sprite_event_ce002_npc_tag,None,200,sprite_btn_event_ce002,False,2006026,True,event_ce002_balloon_03_07,Random,5,0,None,,0,None,,0,None,
261,0,10006,Locale_Character:11_name,,Character,11,0,sprite_event_ce002_npc_tag,None,200,sprite_btn_event_ce002,False,2006027,True,event_ce002_balloon_03_08,Random,5,0,None,,0,None,,0,None,
262,0,10006,Locale_Character:11_name,,Character,11,0,sprite_event_ce002_npc_tag,None,200,sprite_btn_event_ce002,False,2006028,False,,None,0,0,None,,0,None,,0,None,
263,0,10006,Locale_Character:npc_6001_name_01_01,,Character,303,0,sprite_event_ce002_npc_tag,None,200,sprite_btn_event_ce002,False,2006029,True,event_ce002_balloon_04_01,Random,5,0,None,,0,None,,0,None,
264,0,10006,Locale_Character:npc_6001_name_01_02,,Npc,7003023,0,sprite_event_ce002_npc_tag,None,200,sprite_btn_event_ce002,False,2006030,True,event_ce002_balloon_04_02,Random,5,0,None,,0,None,,0,None,
265,0,10006,Locale_Character:npc_6001_name_01_02,,Npc,7003023,0,sprite_event_ce002_npc_tag,None,200,sprite_btn_event_ce002,False,2006031,True,event_ce002_balloon_04_03,Random,5,0,None,,0,None,,0,None,
266,0,10006,Locale_Character:npc_6001_name_01_02,,Npc,7003023,0,sprite_event_ce002_npc_tag,None,200,sprite_btn_event_ce002,False,2006032,True,event_ce002_balloon_04_04,Random,5,0,None,,0,None,,0,None,
267,0,10006,Locale_Character:npc_6001_name_01_02,,Npc,7003023,0,sprite_event_ce002_npc_tag,None,200,sprite_btn_event_ce002,False,2006033,True,event_ce002_balloon_04_05,Random,5,0,None,,0,None,,0,None,
268,0,10006,Locale_Character:npc_6001_name_01_02,,Npc,7003023,0,sprite_event_ce002_npc_tag,None,200,sprite_btn_event_ce002,False,2006034,True,event_ce002_balloon_04_06,Random,5,0,None,,0,None,,0,None,
269,0,10006,Locale_Character:npc_6001_name_01_02,,Npc,7003023,0,sprite_event_ce002_npc_tag,None,200,sprite_btn_event_ce002,False,2006035,True,event_ce002_balloon_04_07,Random,5,0,None,,0,None,,0,None,
270,0,10006,Locale_Character:npc_6002_name_02_01,,Character,303,0,sprite_event_ce002_npc_tag,None,200,sprite_btn_event_ce002,False,2006036,True,event_ce002_balloon_05_01,Random,5,0,None,,0,None,,0,None,
271,0,10006,Locale_Character:npc_6002_name_02_02,,Npc,7003024,0,sprite_event_ce002_npc_tag,None,200,sprite_btn_event_ce002,False,2006037,True,event_ce002_balloon_05_02,Random,5,0,None,,0,None,,0,None,
272,0,10006,Locale_Character:npc_6002_name_02_02,,Npc,7003024,0,sprite_event_ce002_npc_tag,None,200,sprite_btn_event_ce002,False,2006038,True,event_ce002_balloon_05_03,Random,5,0,None,,0,None,,0,None,
273,0,10006,Locale_Character:npc_6002_name_02_02,,Npc,7003024,0,sprite_event_ce002_npc_tag,None,200,sprite_btn_event_ce002,False,2006039,True,event_ce002_balloon_05_04,Random,5,0,None,,0,None,,0,None,
274,0,10006,Locale_Character:npc_6002_name_02_02,,Npc,7003024,0,sprite_event_ce002_npc_tag,None,200,sprite_btn_event_ce002,False,2006040,False,,None,0,0,None,,0,None,,0,None,
275,0,10006,Locale_Character:npc_6002_name_02_02,,Npc,7003024,0,sprite_event_ce002_npc_tag,None,200,sprite_btn_event_ce002,False,2006041,True,event_ce002_balloon_05_06,Random,5,0,None,,0,None,,0,None,
276,0,10006,Locale_Character:npc_6002_name_02_02,,Npc,7003024,0,sprite_event_ce002_npc_tag,None,200,sprite_btn_event_ce002,False,2006042,True,event_ce002_balloon_05_07,Random,5,0,None,,0,None,,0,None,
277,0,10006,Locale_Character:npc_6003_name_03_01,,Character,303,0,sprite_event_ce002_npc_tag,None,200,sprite_btn_event_ce002,False,2006043,True,event_ce002_balloon_06_01,Random,5,0,None,,0,None,,0,None,
278,0,10006,Locale_Character:npc_6003_name_03_02,,Npc,7003025,0,sprite_event_ce002_npc_tag,None,200,sprite_btn_event_ce002,False,2006044,True,event_ce002_balloon_06_02,Random,5,0,None,,0,None,,0,None,
279,0,10006,Locale_Character:npc_6003_name_03_02,,Npc,7003025,0,sprite_event_ce002_npc_tag,None,200,sprite_btn_event_ce002,False,2006045,True,event_ce002_balloon_06_03,Random,5,0,None,,0,None,,0,None,
280,0,10006,Locale_Character:npc_6003_name_03_02,,Npc,7003025,0,sprite_event_ce002_npc_tag,None,200,sprite_btn_event_ce002,False,2006046,True,event_ce002_balloon_06_04,Random,5,0,None,,0,None,,0,None,
281,0,10006,Locale_Character:npc_6003_name_03_02,,Npc,7003025,0,sprite_event_ce002_npc_tag,None,200,sprite_btn_event_ce002,False,2006047,False,,None,0,0,None,,0,None,,0,None,
282,0,10006,Locale_Character:npc_6003_name_03_02,,Npc,7003025,0,sprite_event_ce002_npc_tag,None,200,sprite_btn_event_ce002,False,2006048,True,event_ce002_balloon_06_06,Random,5,0,None,,0,None,,0,None,
283,0,10006,Locale_Character:npc_6003_name_03_02,,Npc,7003025,0,sprite_event_ce002_npc_tag,None,200,sprite_btn_event_ce002,False,2006049,True,event_ce002_balloon_06_07,Random,5,0,None,,0,None,,0,None,
284,0,10006,Locale_Character:npc_6004_name_04,,Npc,7003020,0,sprite_event_ce002_npc_tag,None,200,sprite_btn_event_ce002,False,2006050,False,,None,0,0,None,,0,None,,0,None,
285,0,10006,Locale_Character:npc_6004_name_04,,Npc,7003020,0,sprite_event_ce002_npc_tag,None,200,sprite_btn_event_ce002,False,2006051,False,,None,0,0,None,,0,None,,0,None,
286,0,10006,Locale_Character:npc_6004_name_04,,Npc,7003020,0,sprite_event_ce002_npc_tag,None,200,sprite_btn_event_ce002,False,2006052,False,,None,0,0,None,,0,None,,0,None,
287,0,10006,Locale_Character:npc_6004_name_04,,Npc,7003020,0,sprite_event_ce002_npc_tag,None,200,sprite_btn_event_ce002,False,2006053,False,,None,0,0,None,,0,None,,0,None,
288,0,10006,Locale_Character:npc_6004_name_04,,Npc,7003020,0,sprite_event_ce002_npc_tag,None,200,sprite_btn_event_ce002,False,2006054,False,,None,0,0,None,,0,None,,0,None,
289,0,10006,Locale_Character:810_name,,Character,810,0,sprite_event_ce002_npc_tag,None,200,sprite_btn_event_ce002,False,2006055,False,,None,0,0,None,,0,None,,0,None,
290,0,10006,Locale_Character:810_name,,Character,810,0,sprite_event_ce002_npc_tag,None,200,sprite_btn_event_ce002,False,2006056,False,,None,0,0,None,,0,None,,0,None,
291,0,10006,Locale_Character:810_name,,Character,810,0,sprite_event_ce002_npc_tag,None,200,sprite_btn_event_ce002,False,2006057,False,,None,0,0,None,,0,None,,0,None,
292,0,10006,Locale_Character:810_name,,Character,810,0,sprite_event_ce002_npc_tag,None,200,sprite_btn_event_ce002,False,2006058,False,,None,0,0,None,,0,None,,0,None,
293,0,10006,Locale_Character:810_name,,Character,810,0,sprite_event_ce002_npc_tag,None,200,sprite_btn_event_ce002,False,2006059,False,,None,0,0,None,,0,None,,0,None,
294,6,10006,Locale_Character:npc_6004_name_05,Locale_Event:event_contents_shop,Npc,7003021,0,sprite_event_ce002_npc_tag,None,700,sprite_btn_event_ce002,True,2006060,False,,None,0,80702,None,,0,None,,0,None,
295,1,10006,Locale_Character:npc_6005_name_09,Locale_Event:event_contents_storydungeon_before,Npc,9999999,0,sprite_event_ce002_npc_tag,None,200,sprite_btn_event_ce002,False,2006061,False,,None,0,40026,None,,0,None,,0,None,
296,2,10006,Locale_Character:npc_6005_name_06,Locale_Event:event_contents_storydungeon_after,Npc,9999999,0,sprite_event_ce002_npc_tag,None,200,sprite_btn_event_ce002,False,2006066,False,,None,0,40027,None,,0,None,,0,None,
297,0,10006,Locale_Character:npc_6005_name_07,,Npc,9999999,0,sprite_event_ce002_npc_tag,None,200,sprite_btn_event_ce002,False,2006063,False,,None,0,0,None,,0,None,,0,None,
298,4,10006,Locale_Character:npc_6005_name_07,Locale_Event:event_contents_minigame,Npc,9999999,0,sprite_event_ce002_npc_tag,None,200,sprite_btn_event_ce002,False,2006064,False,,None,0,80703,None,,0,None,,0,None,
299,0,10006,Locale_Character:npc_6005_name_08,,Npc,9999999,0,sprite_event_ce002_npc_tag,None,200,sprite_btn_event_ce002,False,0,False,,None,0,0,None,,0,None,,0,None,
300,5,10006,Locale_Character:812_name,Locale_Event:event_contents_login,Character,812,0,sprite_event_ce002_npc_tag,None,200,sprite_btn_event_ce002,True,0,False,,None,0,80701,None,,0,None,,0,None,
301,3,10006,Locale_Character:npc_5001_name,Locale_Event:event_contents_challenge,Npc,7001007,0,sprite_event_ce002_npc_tag,None,200,sprite_btn_event_ce002,True,2006065,False,,None,0,60026,None,,0,None,,0,None,
302,7,10006,Locale_Character:npc_9999999_name_04,Locale_Event:cooperation_event_name,Npc,9999999,0,sprite_event_ce002_npc_tag,None,200,sprite_btn_event_ce002,False,0,False,,None,0,30019,Cooperation,30019,30020,Cooperation,30020,30021,Cooperation,30021
303,0,10006,Locale_Character:npc_6005_name_06,,Npc,9999999,0,sprite_event_ce002_npc_tag,None,200,sprite_btn_event_ce002,False,2006062,False,,None,0,0,None,,0,None,,0,None,
304,1,10007,Locale_Character:npc_9999999_name_07,Locale_Event:event_contents_storydungeon_before,Npc,9999999,0,,None,200,,False,0,False,,None,0,40031,None,,0,None,,0,None,
305,0,10007,Locale_Character:npc_9999999_name_06,,Npc,9999999,0,,None,200,,False,2007001,False,,None,0,0,None,,0,None,,0,None,
306,2,10007,Locale_Character:npc_9999999_name_06,Locale_Event:event_contents_storydungeon_after,Npc,9999999,0,,None,500,,False,2007002,False,,None,0,40032,None,,0,None,,0,None,
307,3,10007,Locale_Character:npc_9999999_name_09,Locale_Event:event_contents_challenge,Npc,7001007,0,,None,200,,False,0,False,,None,0,60031,None,,0,None,,0,None,
308,0,10007,Locale_Character:npc_9999999_name_08,,Npc,9999999,0,,None,200,,False,2007003,False,,None,0,0,None,,0,None,,0,None,
309,4,10007,Locale_Character:npc_9999999_name_08,Locale_Event:event_contents_minigame,Npc,9999999,0,,None,200,,False,2007004,False,,None,0,80803,None,,0,None,,0,None,
310,5,10007,Locale_Character:npc_5030_name_var_01,Locale_Event:event_contents_login,Npc,7003031,0,,None,200,,True,0,False,,None,0,80801,None,,0,None,,0,None,
311,6,10007,Locale_Character:npc_5030_name_var_01,Locale_Event:event_contents_shop,Npc,7003031,0,,None,200,,True,0,False,,None,0,80802,None,,0,None,,0,None,
312,0,10007,,,Character,300,0,,None,200,,False,2007006,False,,None,0,0,None,,0,None,,0,None,
313,0,10007,,,Character,300,0,,None,200,,False,2007006,False,,None,0,0,None,,0,None,,0,None,
314,0,10007,,,Character,300,0,,None,200,,False,2007007,False,,None,0,0,None,,0,None,,0,None,
315,0,10007,,,Character,300,0,,None,200,,False,2007007,False,,None,0,0,None,,0,None,,0,None,
316,0,10007,,,Character,300,0,,None,200,,False,2007008,False,,None,0,0,None,,0,None,,0,None,
317,0,10007,,,Character,300,0,,None,200,,False,2007009,False,,None,0,0,None,,0,None,,0,None,
318,0,10007,,,Character,300,0,,None,200,,False,2007009,False,,None,0,0,None,,0,None,,0,None,
319,0,10007,,,Character,300,0,,None,200,,False,2007009,False,,None,0,0,None,,0,None,,0,None,
320,0,10007,,,Character,300,0,,None,200,,False,2007009,False,,None,0,0,None,,0,None,,0,None,
321,0,10007,,,Character,300,0,,None,200,,False,2007009,False,,None,0,0,None,,0,None,,0,None,
322,0,10007,,,Character,300,0,,None,200,,False,2007012,False,,None,0,0,None,,0,None,,0,None,
323,0,10007,,,Character,300,0,,None,200,,False,2007010,False,,None,0,0,None,,0,None,,0,None,
324,0,10007,,,Character,300,0,,None,200,,False,2007011,False,,None,0,0,None,,0,None,,0,None,
325,0,10007,,,Character,300,0,,None,200,,False,2007014,False,,None,0,0,None,,0,None,,0,None,
326,0,10007,,,Character,300,0,,None,200,,False,2007012,False,,None,0,0,None,,0,None,,0,None,
420,0,10007,,,Character,300,0,,None,200,,False,2007006,False,,None,0,0,None,,0,None,,0,None,
421,0,10007,,,Character,300,0,,None,200,,False,2007007,False,,None,0,0,None,,0,None,,0,None,
422,0,10007,,,Character,300,0,,None,200,,False,2007008,False,,None,0,0,None,,0,None,,0,None,
423,0,10007,,,Character,300,0,,None,200,,False,2007009,False,,None,0,0,None,,0,None,,0,None,
424,0,10007,,,Character,300,0,,None,200,,False,2007099,False,,None,0,0,None,,0,None,,0,None,
327,0,10007,,,Npc,7003032,0,,None,200,,False,2007021,False,,None,0,0,None,,0,None,,0,None,
328,0,10007,,,Npc,700303201,0,,None,200,,False,2007021,False,,None,0,0,None,,0,None,,0,None,
329,0,10007,,,Npc,700303202,0,,None,200,,False,2007020,False,,None,0,0,None,,0,None,,0,None,
330,0,10007,,,Npc,700303201,0,,None,200,,False,2007020,False,,None,0,0,None,,0,None,,0,None,
331,0,10007,,,Npc,700303201,0,,None,200,,False,2007019,False,,None,0,0,None,,0,None,,0,None,
332,0,10007,,,Npc,700303202,0,,None,200,,False,2007018,False,,None,0,0,None,,0,None,,0,None,
333,0,10007,,,Npc,7003032,0,,None,200,,False,2007017,False,,None,0,0,None,,0,None,,0,None,
334,0,10007,,,Npc,700303202,0,,None,200,,False,2007016,False,,None,0,0,None,,0,None,,0,None,
335,0,10007,,,Npc,700303201,0,,None,200,,False,2007015,False,,None,0,0,None,,0,None,,0,None,
336,0,10007,,,Npc,7003032,0,,None,200,,False,2007015,False,,None,0,0,None,,0,None,,0,None,
425,0,10007,,,Npc,700303201,0,,None,200,,False,2007021,False,,None,0,0,None,,0,None,,0,None,
426,0,10007,,,Npc,700303202,0,,None,200,,False,2007020,False,,None,0,0,None,,0,None,,0,None,
427,0,10007,,,Npc,7003032,0,,None,200,,False,2007019,False,,None,0,0,None,,0,None,,0,None,
428,0,10007,,,Npc,700303202,0,,None,200,,False,2007016,False,,None,0,0,None,,0,None,,0,None,
337,0,10007,,,Npc,7003030,0,,None,200,,False,2007006,False,,None,0,0,None,,0,None,,0,None,
338,0,10007,,,Npc,7003030,0,,None,200,,False,2007007,False,,None,0,0,None,,0,None,,0,None,
339,0,10007,,,Npc,7003030,0,,None,200,,False,2007008,False,,None,0,0,None,,0,None,,0,None,
340,0,10007,,,Npc,7003030,0,,None,200,,False,2007009,False,,None,0,0,None,,0,None,,0,None,
341,0,10007,,,Npc,7003030,0,,None,200,,False,2007009,False,,None,0,0,None,,0,None,,0,None,
342,0,10007,,,Npc,7003030,0,,None,200,,False,2007005,False,,None,0,0,None,,0,None,,0,None,
429,0,10007,,,Npc,7003030,0,,None,200,,False,2007007,False,,None,0,0,None,,0,None,,0,None,
430,0,10007,,,Npc,7003030,0,,None,200,,False,2007008,False,,None,0,0,None,,0,None,,0,None,
343,0,10007,,,Npc,7003033,0,,None,200,,False,2007092,False,,None,0,0,None,,0,None,,0,None,
344,0,10007,,,Npc,7003033,0,,None,200,,False,2007093,False,,None,0,0,None,,0,None,,0,None,
345,0,10007,,,Npc,7003033,0,,None,200,,False,2007094,False,,None,0,0,None,,0,None,,0,None,
346,0,10007,,,Character,224,0,,None,200,,False,2007022,True,event_redash_balloon_01,Random,5,0,None,,0,None,,0,None,
347,0,10007,,,Npc,7003029,0,,None,200,,False,2007023,True,event_redash_balloon_02,Random,5,0,None,,0,None,,0,None,
348,0,10007,,,Character,233,0,,None,200,,False,2007024,True,event_redash_balloon_03,Random,5,0,None,,0,None,,0,None,
349,0,10007,,,Npc,7003034,0,,None,200,,False,2007025,True,event_redash_balloon_04,Random,5,0,None,,0,None,,0,None,
350,0,10007,,,Npc,7003035,0,,None,200,,False,2007026,True,event_redash_balloon_05,Random,5,0,None,,0,None,,0,None,
351,0,10007,,,Character,224,0,,None,200,,False,2007027,True,event_redash_balloon_06,Random,5,0,None,,0,None,,0,None,
352,0,10007,,,Npc,7003028,0,,None,200,,False,2007028,True,event_redash_balloon_07,Random,5,0,None,,0,None,,0,None,
353,0,10007,,,Npc,7003029,0,,None,200,,False,2007029,True,event_redash_balloon_08,Random,5,0,None,,0,None,,0,None,
354,0,10007,,,Character,233,0,,None,200,,False,2007030,True,event_redash_balloon_09,Random,5,0,None,,0,None,,0,None,
355,0,10007,,,Npc,7003034,0,,None,200,,False,2007031,True,event_redash_balloon_10,Random,5,0,None,,0,None,,0,None,
356,0,10007,,,Npc,7003035,0,,None,200,,False,2007032,True,event_redash_balloon_11,Random,5,0,None,,0,None,,0,None,
357,0,10007,,,Character,300,0,,None,200,,False,2007033,True,event_redash_balloon_12,Random,5,0,None,,0,None,,0,None,
358,0,10007,,,Character,300,0,,None,200,,False,2007034,True,event_redash_balloon_13,Random,5,0,None,,0,None,,0,None,
359,0,10007,,,Character,300,0,,None,200,,False,2007035,True,event_redash_balloon_14,Random,5,0,None,,0,None,,0,None,
360,0,10007,,,Character,300,0,,None,200,,False,2007036,True,event_redash_balloon_15,Random,5,0,None,,0,None,,0,None,
361,0,10007,,,Character,300,0,,None,200,,False,2007037,True,event_redash_balloon_16,Random,5,0,None,,0,None,,0,None,
362,0,10007,,,Character,224,0,,None,200,,False,2007038,True,event_redash_balloon_17,Random,5,0,None,,0,None,,0,None,
363,0,10007,,,Npc,7003028,0,,None,200,,False,2007039,True,event_redash_balloon_18,Random,5,0,None,,0,None,,0,None,
364,0,10007,,,Npc,7003029,0,,None,200,,False,2007040,True,event_redash_balloon_19,Random,5,0,None,,0,None,,0,None,
365,0,10007,,,Character,233,0,,None,200,,False,2007041,True,event_redash_balloon_20,Random,5,0,None,,0,None,,0,None,
366,0,10007,,,Npc,7003034,0,,None,200,,False,2007042,True,event_redash_balloon_21,Random,5,0,None,,0,None,,0,None,
367,0,10007,,,Npc,7003035,0,,None,200,,False,2007043,True,event_redash_balloon_22,Random,5,0,None,,0,None,,0,None,
416,0,10007,,,Character,224,0,,None,200,,False,2007095,True,event_redash_balloon_71,Random,5,0,None,,0,None,,0,None,
417,0,10007,,,Npc,7003028,0,,None,200,,False,2007096,True,event_redash_balloon_72,Random,5,0,None,,0,None,,0,None,
418,0,10007,,,Npc,7003029,0,,None,200,,False,2007097,True,event_redash_balloon_73,Random,5,0,None,,0,None,,0,None,
419,0,10007,,,Character,233,0,,None,200,,False,2007098,True,event_redash_balloon_74,Random,5,0,None,,0,None,,0,None,
368,0,10007,,,Npc,7003034,0,,None,200,,False,2007044,True,event_redash_balloon_23,Random,5,0,None,,0,None,,0,None,
370,0,10007,,,Npc,7003032,0,,None,200,,False,2007046,True,event_redash_balloon_25,Random,5,0,None,,0,None,,0,None,
371,0,10007,,,Npc,7003032,0,,None,200,,False,2007047,True,event_redash_balloon_26,Random,5,0,None,,0,None,,0,None,
372,0,10007,,,Npc,7003032,0,,None,200,,False,2007048,True,event_redash_balloon_27,Random,5,0,None,,0,None,,0,None,
373,0,10007,,,Character,300,0,,None,200,,False,2007049,True,event_redash_balloon_28,Random,5,0,None,,0,None,,0,None,
374,0,10007,,,Npc,700303202,0,,None,200,,False,2007050,True,event_redash_balloon_29,Random,5,0,None,,0,None,,0,None,
375,0,10007,,,Npc,7003028,0,,None,200,,False,2007051,True,event_redash_balloon_30,Random,5,0,None,,0,None,,0,None,
377,0,10007,,,Character,233,0,,None,200,,False,2007053,True,event_redash_balloon_32,Random,5,0,None,,0,None,,0,None,
378,0,10007,,,Npc,7003034,0,,None,200,,False,2007054,True,event_redash_balloon_33,Random,5,0,None,,0,None,,0,None,
379,0,10007,,,Npc,7003035,0,,None,200,,False,2007055,True,event_redash_balloon_34,Random,5,0,None,,0,None,,0,None,
380,0,10007,,,Npc,7003028,0,,None,200,,False,2007056,True,event_redash_balloon_35,Random,5,0,None,,0,None,,0,None,
381,0,10007,,,Npc,7003029,0,,None,200,,False,2007057,True,event_redash_balloon_36,Random,5,0,None,,0,None,,0,None,
382,0,10007,,,Character,233,0,,None,200,,False,2007058,True,event_redash_balloon_37,Random,5,0,None,,0,None,,0,None,
383,0,10007,,,Npc,7003034,0,,None,200,,False,2007059,True,event_redash_balloon_38,Random,5,0,None,,0,None,,0,None,
384,0,10007,,,Npc,7003035,0,,None,200,,False,2007060,True,event_redash_balloon_39,Random,5,0,None,,0,None,,0,None,
385,0,10007,,,Npc,7003028,0,,None,200,,False,2007061,True,event_redash_balloon_40,Random,5,0,None,,0,None,,0,None,
386,0,10007,,,Npc,7003029,0,,None,200,,False,2007062,True,event_redash_balloon_41,Random,5,0,None,,0,None,,0,None,
387,0,10007,,,Character,233,0,,None,200,,False,2007063,True,event_redash_balloon_42,Random,5,0,None,,0,None,,0,None,
388,0,10007,,,Npc,7003034,0,,None,200,,False,2007064,True,event_redash_balloon_43,Random,5,0,None,,0,None,,0,None,
389,0,10007,,,Npc,7003035,0,,None,200,,False,2007065,True,event_redash_balloon_44,Random,5,0,None,,0,None,,0,None,
390,0,10007,,,Character,233,0,,None,200,,False,2007066,True,event_redash_balloon_45,Random,5,0,None,,0,None,,0,None,
391,0,10007,,,Npc,7003034,0,,None,200,,False,2007067,True,event_redash_balloon_46,Random,5,0,None,,0,None,,0,None,
392,0,10007,,,Npc,7003032,0,,None,200,,False,2007068,True,event_redash_balloon_47,Random,5,0,None,,0,None,,0,None,
393,0,10007,,,Npc,7003032,0,,None,200,,False,2007069,True,event_redash_balloon_48,Random,5,0,None,,0,None,,0,None,
394,0,10007,,,Character,300,0,,None,200,,False,2007070,True,event_redash_balloon_49,Random,5,0,None,,0,None,,0,None,
395,0,10007,,,Npc,700303202,0,,None,200,,False,2007071,True,event_redash_balloon_50,Random,5,0,None,,0,None,,0,None,
396,0,10007,,,Character,233,0,,None,200,,False,2007072,True,event_redash_balloon_51,Random,5,0,None,,0,None,,0,None,
397,0,10007,,,Npc,7003034,0,,None,200,,False,2007073,True,event_redash_balloon_52,Random,5,0,None,,0,None,,0,None,
398,0,10007,,,Npc,7003035,0,,None,200,,False,2007074,True,event_redash_balloon_53,Random,5,0,None,,0,None,,0,None,
399,0,10007,,,Character,233,0,,None,200,,False,2007075,True,event_redash_balloon_54,Random,5,0,None,,0,None,,0,None,
400,0,10007,,,Npc,7003034,0,,None,200,,False,2007076,True,event_redash_balloon_55,Random,5,0,None,,0,None,,0,None,
401,0,10007,,,Npc,7003035,0,,None,200,,False,2007077,True,event_redash_balloon_56,Random,5,0,None,,0,None,,0,None,
412,0,10007,,,Character,233,0,,None,200,,False,2007088,True,event_redash_balloon_67,Random,5,0,None,,0,None,,0,None,
413,0,10007,,,Npc,7003034,0,,None,200,,False,2007089,True,event_redash_balloon_68,Random,5,0,None,,0,None,,0,None,
414,0,10007,,,Npc,7003035,0,,None,200,,False,2007090,True,event_redash_balloon_69,Random,5,0,None,,0,None,,0,None,
431,0,10007,,,Character,300,0,,None,200,,False,2007100,True,event_redash_balloon_76,Random,5,0,None,,0,None,,0,None,
432,0,10007,,,Npc,700303202,0,,None,200,,False,2007101,True,event_redash_balloon_78,Random,5,0,None,,0,None,,0,None,
433,0,10007,,,Character,300,0,,None,200,,False,2007102,True,event_redash_balloon_78,Random,5,0,None,,0,None,,0,None,
434,0,10007,,,Npc,700303202,0,,None,200,,False,2007103,True,event_redash_balloon_61,Random,5,0,None,,0,None,,0,None,
405,0,10007,,,Npc,700303202,0,,None,200,,False,2007104,True,event_redash_balloon_66,Random,5,0,None,,0,None,,0,None,
406,0,10007,,,Character,300,0,,None,200,,False,2007105,True,event_redash_balloon_75,Random,5,0,None,,0,None,,0,None,
410,0,10007,,,Character,300,0,,None,200,,False,2007106,True,event_redash_balloon_77,Random,5,0,None,,0,None,,0,None,
411,0,10007,,,Npc,7003032,0,,None,200,,False,2007107,True,event_redash_balloon_60,Random,5,0,None,,0,None,,0,None,
435,0,10007,,,Character,300,0,,None,200,,False,2007108,True,event_redash_balloon_79,Random,5,0,None,,0,None,,0,None,
436,0,10007,,,Character,300,0,,None,200,,False,2007109,True,event_redash_balloon_77,Random,5,0,None,,0,None,,0,None,
437,0,10007,,,Npc,7003032,0,,None,200,,False,2007110,True,event_redash_balloon_60,Random,5,0,None,,0,None,,0,None,
438,0,10007,,,Npc,7003032,0,,None,200,,False,2007111,True,event_redash_balloon_65,Random,5,0,None,,0,None,,0,None,
415,0,10007,,,Character,300,0,,None,200,,False,2007112,True,event_redash_balloon_70,Random,5,0,None,,0,None,,0,None,
439,1,10008,Locale_Character:npc_9999999_name_10,Locale_Event:event_contents_storydungeon_before,Npc,9999999,0,sprite_event_neverland_npc_tag,None,500,sprite_btn_event_neverland,False,0,False,,None,0,40034,None,,0,None,,0,None,
440,0,10008,Locale_Character:npc_9999999_name_11,,Npc,9999999,0,sprite_event_neverland_npc_tag,None,500,sprite_btn_event_neverland,False,2008001,False,,None,0,0,None,,0,None,,0,None,
441,2,10008,Locale_Character:npc_9999999_name_11,Locale_Event:event_contents_storydungeon_after,Npc,9999999,0,sprite_event_neverland_npc_tag,None,500,sprite_btn_event_neverland,False,2008002,False,,None,0,40035,None,,0,None,,0,None,
442,3,10008,Locale_Character:npc_9999999_name_12,Locale_Event:event_contents_challenge,Npc,7001007,0,sprite_event_neverland_npc_tag,None,500,sprite_btn_event_neverland,False,0,False,,None,0,60034,None,,0,None,,0,None,
443,0,10008,Locale_Character:npc_9999999_name_13,,Npc,9999999,0,sprite_event_neverland_npc_tag,None,500,sprite_btn_event_neverland,False,2008003,False,,None,0,0,None,,0,None,,0,None,
444,4,10008,Locale_Character:npc_9999999_name_13,Locale_Event:event_contents_minigame,Npc,9999999,0,sprite_event_neverland_npc_tag,None,500,sprite_btn_event_neverland,False,2008004,False,,None,0,80903,None,,0,None,,0,None,
445,5,10008,Locale_Character:npc_9999999_name_14,Locale_Event:event_contents_login,Npc,9999999,0,sprite_event_neverland_npc_tag,None,500,sprite_btn_event_neverland,True,0,False,,None,0,80901,None,,0,None,,0,None,
446,6,10008,Locale_Character:npc_9999999_name_15,Locale_Event:event_contents_shop,Npc,9999999,0,sprite_event_neverland_npc_tag,None,500,sprite_btn_event_neverland,True,0,False,,None,0,80902,None,,0,None,,0,None,
447,0,10008,,,Character,190,0,,None,200,,False,2008005,False,,None,0,0,None,,0,None,,0,None,
448,0,10008,,,Character,191,0,,None,200,,False,2008006,True,event_neverland_balloon_01,Random,5,0,None,,0,None,,0,None,
449,0,10008,,,Character,193,0,,None,200,,False,2008007,True,event_neverland_balloon_02,Random,5,0,None,,0,None,,0,None,
450,0,10008,,,Character,192,0,,None,200,,False,2008008,True,event_neverland_balloon_03,Random,5,0,None,,0,None,,0,None,
451,0,10008,,,Character,194,0,,None,200,,False,2008009,True,event_neverland_balloon_04,Random,5,0,None,,0,None,,0,None,
452,0,10008,,,Character,61,0,,None,200,,False,2008010,True,event_neverland_balloon_05,Random,5,0,None,,0,None,,0,None,
453,0,10008,,,Character,60,0,,None,200,,False,2008011,True,event_neverland_balloon_06,Random,5,0,None,,0,None,,0,None,
454,0,10008,,,Character,271,0,,None,200,,False,2008012,True,event_neverland_balloon_07,Random,5,0,None,,0,None,,0,None,
455,0,10008,,,Character,270,0,,None,200,,False,2008013,True,event_neverland_balloon_08,Random,5,0,None,,0,None,,0,None,
456,0,10008,,,Character,90,0,,None,200,,False,2008014,True,event_neverland_balloon_09,Random,5,0,None,,0,None,,0,None,
457,0,10008,,,Character,92,0,,None,200,,False,2008015,True,event_neverland_balloon_10,Random,5,0,None,,0,None,,0,None,
458,0,10008,,,Character,91,0,,None,200,,False,2008016,True,event_neverland_balloon_11,Random,5,0,None,,0,None,,0,None,
459,0,10008,,,Character,22,0,,None,200,,False,2008017,True,event_neverland_balloon_12,Random,5,0,None,,0,None,,0,None,
460,0,10008,,,Character,20,0,,None,200,,False,2008018,True,event_neverland_balloon_13,Random,5,0,None,,0,None,,0,None,
461,0,10008,,,Npc,7004002,0,,None,200,,False,2008019,True,event_neverland_balloon_14,Random,5,0,None,,0,None,,0,None,
462,0,10008,,,Character,62,0,,None,200,,False,2008020,True,event_neverland_balloon_15,Random,5,0,None,,0,None,,0,None,
463,0,10008,,,Character,60,0,,None,200,,False,2008021,True,event_neverland_balloon_16,Random,5,0,None,,0,None,,0,None,
464,0,10008,,,Npc,7004006,0,,None,200,,False,2008022,True,event_neverland_balloon_17,Random,5,0,None,,0,None,,0,None,
465,0,10008,,,Npc,7004005,0,,None,200,,False,2008023,True,event_neverland_balloon_18,Random,5,0,None,,0,None,,0,None,
466,0,10008,,,Npc,7004007,0,,None,200,,False,2008024,True,event_neverland_balloon_19,Random,5,0,None,,0,None,,0,None,
467,0,10008,,,Character,92,0,,None,200,,False,2008025,True,event_neverland_balloon_20,Random,5,0,None,,0,None,,0,None,
468,0,10008,,,Npc,7004009,0,,None,200,,False,2008026,True,event_neverland_balloon_21,Random,5,0,None,,0,None,,0,None,
469,0,10008,,,Character,22,0,,None,200,,False,2008027,True,event_neverland_balloon_22,Random,5,0,None,,0,None,,0,None,
470,0,10008,,,Npc,7004010,0,,None,200,,False,2008028,True,event_neverland_balloon_23,Random,5,0,None,,0,None,,0,None,
471,0,10008,,,Character,62,0,,None,200,,False,2008029,True,event_neverland_balloon_24,Random,5,0,None,,0,None,,0,None,
472,0,10008,,,Character,60,0,,None,200,,False,2008030,True,event_neverland_balloon_25,Random,5,0,None,,0,None,,0,None,
473,0,10008,,,Character,194,0,,None,200,,False,2008031,True,event_neverland_balloon_26,Random,5,0,None,,0,None,,0,None,
474,0,10008,,,Character,62,0,,None,200,,False,2008032,True,event_neverland_balloon_27,Random,5,0,None,,0,None,,0,None,
475,0,10008,,,Character,60,0,,None,200,,False,2008033,True,event_neverland_balloon_28,Random,5,0,None,,0,None,,0,None,
476,0,10008,,,Character,271,1,,None,200,,False,2008034,True,event_neverland_balloon_29,Random,5,0,None,,0,None,,0,None,
477,0,10008,,,Character,270,1,,None,200,,False,2008035,True,event_neverland_balloon_30,Random,5,0,None,,0,None,,0,None,
478,0,10008,,,Character,90,0,,None,200,,False,2008036,True,event_neverland_balloon_31,Random,5,0,None,,0,None,,0,None,
479,0,10008,,,Character,92,0,,None,200,,False,2008037,True,event_neverland_balloon_32,Random,5,0,None,,0,None,,0,None,
480,0,10008,,,Character,91,0,,None,200,,False,2008038,True,event_neverland_balloon_33,Random,5,0,None,,0,None,,0,None,
481,0,10008,,,Character,22,0,,None,200,,False,2008039,True,event_neverland_balloon_34,Random,5,0,None,,0,None,,0,None,
482,0,10008,,,Character,20,0,,None,200,,False,2008040,True,event_neverland_balloon_35,Random,5,0,None,,0,None,,0,None,
483,0,10008,,,Character,194,0,,None,200,,False,2008041,True,event_neverland_balloon_36,Random,5,0,None,,0,None,,0,None,
484,0,10008,,,Character,62,0,,None,200,,False,2008042,True,event_neverland_balloon_37,Random,5,0,None,,0,None,,0,None,
485,0,10008,,,Character,60,0,,None,200,,False,2008043,True,event_neverland_balloon_38,Random,5,0,None,,0,None,,0,None,
486,0,10008,,,Character,271,1,,None,200,,False,2008044,True,event_neverland_balloon_39,Random,5,0,None,,0,None,,0,None,
487,0,10008,,,Character,270,1,,None,200,,False,2008045,True,event_neverland_balloon_40,Random,5,0,None,,0,None,,0,None,
488,0,10008,,,Character,90,0,,None,200,,False,2008046,True,event_neverland_balloon_41,Random,5,0,None,,0,None,,0,None,
489,0,10008,,,Character,92,0,,None,200,,False,2008047,True,event_neverland_balloon_42,Random,5,0,None,,0,None,,0,None,
490,0,10008,,,Character,91,0,,None,200,,False,2008048,True,event_neverland_balloon_43,Random,5,0,None,,0,None,,0,None,
491,0,10008,,,Character,22,0,,None,200,,False,2008049,True,event_neverland_balloon_44,Random,5,0,None,,0,None,,0,None,
492,0,10008,,,Character,20,0,,None,200,,False,2008050,True,event_neverland_balloon_45,Random,5,0,None,,0,None,,0,None,
493,0,10008,,,Character,194,0,,None,200,,False,2008051,True,event_neverland_balloon_46,Random,5,0,None,,0,None,,0,None,
494,0,10008,,,Character,62,0,,None,200,,False,2008052,True,event_neverland_balloon_47,Random,5,0,None,,0,None,,0,None,
495,0,10008,,,Character,60,0,,None,200,,False,2008053,True,event_neverland_balloon_48,Random,5,0,None,,0,None,,0,None,
496,0,10008,,,Npc,7004006,0,,None,200,,False,2008054,True,event_neverland_balloon_49,Random,5,0,None,,0,None,,0,None,
497,0,10008,,,Npc,7004005,0,,None,200,,False,2008055,True,event_neverland_balloon_50,Random,5,0,None,,0,None,,0,None,
498,0,10008,,,Character,90,0,,None,200,,False,2008056,True,event_neverland_balloon_51,Random,5,0,None,,0,None,,0,None,
499,0,10008,,,Character,92,0,,None,200,,False,2008057,True,event_neverland_balloon_52,Random,5,0,None,,0,None,,0,None,
500,0,10008,,,Character,91,0,,None,200,,False,2008058,True,event_neverland_balloon_53,Random,5,0,None,,0,None,,0,None,
501,0,10008,,,Character,22,0,,None,200,,False,2008059,True,event_neverland_balloon_54,Random,5,0,None,,0,None,,0,None,
502,0,10008,,,Character,20,0,,None,200,,False,2008060,True,event_neverland_balloon_55,Random,5,0,None,,0,None,,0,None,
503,0,10008,,,Character,194,0,,None,200,,False,2008061,True,event_neverland_balloon_56,Random,5,0,None,,0,None,,0,None,
504,0,10008,,,Character,62,0,,None,200,,False,2008062,True,event_neverland_balloon_57,Random,5,0,None,,0,None,,0,None,
505,0,10008,,,Character,271,1,,None,200,,False,2008063,True,event_neverland_balloon_58,Random,5,0,None,,0,None,,0,None,
506,0,10008,,,Character,270,1,,None,200,,False,2008064,True,event_neverland_balloon_59,Random,5,0,None,,0,None,,0,None,
507,0,10008,,,Character,90,0,,None,200,,False,2008065,True,event_neverland_balloon_60,Random,5,0,None,,0,None,,0,None,
508,0,10008,,,Character,92,0,,None,200,,False,2008066,True,event_neverland_balloon_61,Random,5,0,None,,0,None,,0,None,
509,0,10008,,,Character,91,0,,None,200,,False,2008067,True,event_neverland_balloon_62,Random,5,0,None,,0,None,,0,None,
510,0,10008,,,Character,22,0,,None,200,,False,2008068,True,event_neverland_balloon_63,Random,5,0,None,,0,None,,0,None,
511,0,10008,,,Character,20,0,,None,200,,False,2008069,True,event_neverland_balloon_64,Random,5,0,None,,0,None,,0,None,
512,0,10008,,,Character,22,0,,None,200,,False,2008070,True,event_neverland_balloon_65,Random,5,0,None,,0,None,,0,None,
513,0,10008,,,Character,22,0,,None,200,,False,2008071,True,event_neverland_balloon_66,Random,5,0,None,,0,None,,0,None,
514,0,10008,,,Character,22,0,,None,200,,False,2008072,True,event_neverland_balloon_67,Random,5,0,None,,0,None,,0,None,
515,0,10008,,,Character,194,0,,None,200,,False,2008073,True,event_neverland_balloon_68,Random,5,0,None,,0,None,,0,None,
516,0,10008,,,Character,62,0,,None,200,,False,2008074,True,event_neverland_balloon_69,Random,5,0,None,,0,None,,0,None,
517,0,10008,,,Character,60,0,,None,200,,False,2008075,True,event_neverland_balloon_70,Random,5,0,None,,0,None,,0,None,
518,0,10008,,,Npc,7004006,0,,None,200,,False,2008076,True,event_neverland_balloon_71,Random,5,0,None,,0,None,,0,None,
519,0,10008,,,Npc,7004005,0,,None,200,,False,2008077,True,event_neverland_balloon_72,Random,5,0,None,,0,None,,0,None,
520,0,10008,,,Npc,7004007,0,,None,200,,False,2008078,True,event_neverland_balloon_73,Random,5,0,None,,0,None,,0,None,
521,0,10008,,,Npc,7004008,0,,None,200,,False,2008079,True,event_neverland_balloon_74,Random,5,0,None,,0,None,,0,None,
522,0,10008,,,Npc,7004009,0,,None,200,,False,2008080,True,event_neverland_balloon_75,Random,5,0,None,,0,None,,0,None,
523,0,10008,,,Character,22,0,,None,200,,False,2008081,True,event_neverland_balloon_76,Random,5,0,None,,0,None,,0,None,
524,0,10008,,,Character,20,0,,None,200,,False,2008082,True,event_neverland_balloon_77,Random,5,0,None,,0,None,,0,None,
565,0,10008,,,Npc,7004024,0,,None,200,,False,2008123,True,,None,0,0,None,,0,None,,0,None,
525,0,10008,,,Npc,7004001,0,,None,200,,False,2008083,False,,None,0,0,None,,0,None,,0,None,
526,0,10008,,,Npc,7004003,0,,None,200,,False,2008084,True,event_neverland_balloon_78,Random,5,0,None,,0,None,,0,None,
527,0,10008,,,Npc,7004004,0,,None,200,,False,2008085,True,event_neverland_balloon_79,Random,5,0,None,,0,None,,0,None,
528,0,10008,,,Character,271,1,,None,200,,False,2008086,True,event_neverland_balloon_80,Random,5,0,None,,0,None,,0,None,
529,0,10008,,,Character,270,1,,None,200,,False,2008087,True,event_neverland_balloon_81,Random,5,0,None,,0,None,,0,None,
530,0,10008,,,Npc,7004007,0,,None,200,,False,2008088,True,event_neverland_balloon_82,Random,5,0,None,,0,None,,0,None,
531,0,10008,,,Npc,7004008,0,,None,200,,False,2008089,True,event_neverland_balloon_83,Random,5,0,None,,0,None,,0,None,
532,0,10008,,,Npc,7004009,0,,None,200,,False,2008090,True,event_neverland_balloon_84,Random,5,0,None,,0,None,,0,None,
533,0,10008,,,Character,22,0,,None,200,,False,2008091,True,event_neverland_balloon_85,Random,5,0,None,,0,None,,0,None,
534,0,10008,,,Character,20,0,,None,200,,False,2008092,True,event_neverland_balloon_86,Random,5,0,None,,0,None,,0,None,
535,0,10008,,,Npc,7004002,0,,None,200,,False,2008093,True,event_neverland_balloon_87,Random,5,0,None,,0,None,,0,None,
536,0,10008,,,Npc,7004003,0,,None,200,,False,2008094,True,event_neverland_balloon_88,Random,5,0,None,,0,None,,0,None,
537,0,10008,,,Npc,7004004,0,,None,200,,False,2008095,True,event_neverland_balloon_89,Random,5,0,None,,0,None,,0,None,
538,0,10008,,,Npc,7004006,0,,None,200,,False,2008096,True,event_neverland_balloon_90,Random,5,0,None,,0,None,,0,None,
539,0,10008,,,Npc,7004005,0,,None,200,,False,2008097,True,event_neverland_balloon_91,Random,5,0,None,,0,None,,0,None,
540,0,10008,,,Character,90,0,,None,200,,False,2008098,True,event_neverland_balloon_92,Random,5,0,None,,0,None,,0,None,
541,0,10008,,,Character,92,0,,None,200,,False,2008099,True,event_neverland_balloon_93,Random,5,0,None,,0,None,,0,None,
542,0,10008,,,Character,91,0,,None,200,,False,2008100,True,event_neverland_balloon_94,Random,5,0,None,,0,None,,0,None,
543,0,10008,,,Character,22,0,,None,200,,False,2008101,True,event_neverland_balloon_95,Random,5,0,None,,0,None,,0,None,
544,0,10008,,,Character,20,0,,None,200,,False,2008102,True,event_neverland_balloon_96,Random,5,0,None,,0,None,,0,None,
545,0,10008,,,Character,191,0,,None,200,,False,2008103,True,event_neverland_balloon_97,Random,5,0,None,,0,None,,0,None,
546,0,10008,,,Character,193,0,,None,200,,False,2008104,True,event_neverland_balloon_98,Random,5,0,None,,0,None,,0,None,
547,0,10008,,,Character,192,0,,None,200,,False,2008105,True,event_neverland_balloon_99,Random,5,0,None,,0,None,,0,None,
548,0,10008,,,Npc,7004015,0,,None,200,,False,2008106,False,,None,0,0,None,,0,None,,0,None,
549,0,10008,,,Npc,7004016,0,,None,200,,False,2008107,False,,None,0,0,None,,0,None,,0,None,
550,0,10008,,,Npc,7004017,0,,None,200,,False,2008108,False,,None,0,0,None,,0,None,,0,None,
551,0,10008,,,Npc,7004019,0,,None,200,,False,2008109,False,,None,0,0,None,,0,None,,0,None,
552,0,10008,,,Npc,7004018,0,,None,200,,False,2008110,False,,None,0,0,None,,0,None,,0,None,
553,0,10008,,,Npc,7004020,0,,None,200,,False,2008111,False,,None,0,0,None,,0,None,,0,None,
554,0,10008,,,Npc,7004021,0,,None,200,,False,2008112,False,,None,0,0,None,,0,None,,0,None,
555,0,10008,,,Npc,7004022,0,,None,200,,False,2008113,False,,None,0,0,None,,0,None,,0,None,
556,0,10008,,,Npc,7004011,0,,None,200,,False,2008114,False,,None,0,0,None,,0,None,,0,None,
557,0,10008,,,Npc,7004010,0,,None,200,,False,2008115,False,,None,0,0,None,,0,None,,0,None,
558,0,10008,,,Npc,7004012,0,,None,200,,False,2008116,True,event_neverland_balloon_100,Random,5,0,None,,0,None,,0,None,
559,0,10008,,,Npc,7004013,0,,None,200,,False,2008117,True,event_neverland_balloon_101,Random,5,0,None,,0,None,,0,None,
560,0,10008,,,Npc,7004014,0,,None,200,,False,2008118,True,event_neverland_balloon_102,Random,5,0,None,,0,None,,0,None,
566,0,10008,,,Npc,7004023,0,,None,200,,False,2008124,False,,None,0,0,None,,0,None,,0,None,
561,0,10008,,,Character,194,0,,None,200,,False,2008119,True,event_neverland_balloon_103,Random,5,0,None,,0,None,,0,None,
562,0,10008,,,Character,191,0,,None,200,,False,2008120,True,event_neverland_balloon_104,Random,5,0,None,,0,None,,0,None,
563,0,10008,,,Character,193,0,,None,200,,False,2008121,True,event_neverland_balloon_105,Random,5,0,None,,0,None,,0,None,
564,0,10008,,,Character,192,0,,None,200,,False,2008122,True,event_neverland_balloon_106,Random,5,0,None,,0,None,,0,None,
567,1,10009,Locale_Character:npc_9999999_name_16,Locale_Event:event_contents_storydungeon_before,Npc,9999999,0,sprite_event_ce003_npc_tag,None,700,sprite_btn_event_ce003,False,2009001,False,,None,0,40041,None,,0,None,,0,None,
568,0,10009,Locale_Character:npc_9999999_name_17,,Npc,9999999,0,sprite_event_ce003_npc_tag,None,400,,False,2009002,False,,None,0,0,None,,0,None,,0,None,
569,2,10009,Locale_Character:npc_9999999_name_17,Locale_Event:event_contents_storydungeon_after,Npc,9999999,0,sprite_event_ce003_npc_tag,None,400,sprite_btn_event_ce003,False,2009003,False,,None,0,40042,None,,0,None,,0,None,
570,0,10009,Locale_Character:npc_9999999_name_18,,Npc,9999999,0,sprite_event_ce003_npc_tag,None,200,,False,2009004,False,,None,0,0,None,,0,None,,0,None,
571,4,10009,Locale_Character:npc_9999999_name_18,Locale_Event:event_contents_minigame,Npc,9999999,0,sprite_event_ce003_npc_tag,None,200,sprite_btn_event_ce003,False,2009005,False,,None,0,81101,None,,0,None,,0,None,
572,0,10009,Locale_Character:npc_9999999_name_19,,Npc,7001007,0,sprite_event_ce003_npc_tag,None,200,,False,2009006,False,,None,0,0,None,,0,None,,0,None,
573,3,10009,Locale_Character:npc_9999999_name_19,Locale_Event:event_contents_challenge,Npc,7001007,0,sprite_event_ce003_npc_tag,None,200,sprite_btn_event_ce003,False,0,False,,None,0,60041,None,,0,None,,0,None,
574,6,10009,Locale_Character:npc_9999999_name_20,Locale_Event:event_contents_shop,Npc,9999999,0,sprite_event_ce003_npc_tag,None,300,sprite_btn_event_ce003,False,2009008,False,,None,0,81102,None,,0,None,,0,None,
575,5,10009,Locale_Character:npc_9999999_name_21,Locale_Event:event_contents_login,Npc,9999999,0,sprite_event_ce003_npc_tag,None,300,sprite_btn_event_ce003,False,2009009,False,,None,0,81103,None,,0,None,,0,None,
576,7,10009,Locale_Character:10_name,Locale_Event:cooperation_event_name,Character,10,0,sprite_event_ce003_npc_tag,None,200,,False,2009010,False,,None,0,30033,Cooperation,30033,30034,Cooperation,30034,30035,Cooperation,30035
577,0,10009,,,Character,11,0,sprite_event_ce003_npc_tag,None,200,,False,2009860,True,event_ce003_balloon_neon_00,Random,5,0,None,,0,None,,0,None,
578,0,10009,,,Character,11,0,sprite_event_ce003_npc_tag,None,200,,False,2009861,True,event_ce003_balloon_neon_01,Random,5,0,None,,0,None,,0,None,
579,0,10009,,,Character,11,0,sprite_event_ce003_npc_tag,None,200,,False,2009862,True,event_ce003_balloon_neon_02,Random,5,0,None,,0,None,,0,None,
580,0,10009,,,Character,11,0,sprite_event_ce003_npc_tag,None,200,,False,2009863,True,event_ce003_balloon_neon_03,Random,5,0,None,,0,None,,0,None,
581,0,10009,,,Character,11,0,sprite_event_ce003_npc_tag,None,200,,False,2009864,True,event_ce003_balloon_neon_04,Random,5,0,None,,0,None,,0,None,
582,0,10009,,,Character,11,0,sprite_event_ce003_npc_tag,None,200,,False,2009865,True,event_ce003_balloon_neon_05,Random,5,0,None,,0,None,,0,None,
583,0,10009,,,Character,11,0,sprite_event_ce003_npc_tag,None,200,,False,2009866,True,event_ce003_balloon_neon_06,Random,5,0,None,,0,None,,0,None,
584,0,10009,,,Character,12,0,sprite_event_ce003_npc_tag,None,200,,False,2009850,True,event_ce003_balloon_anis_00,Random,5,0,None,,0,None,,0,None,
585,0,10009,,,Character,12,0,sprite_event_ce003_npc_tag,None,200,,False,2009851,True,event_ce003_balloon_anis_01,Random,5,0,None,,0,None,,0,None,
586,0,10009,,,Character,12,0,sprite_event_ce003_npc_tag,None,200,,False,2009852,True,event_ce003_balloon_anis_02,Random,5,0,None,,0,None,,0,None,
587,0,10009,,,Character,12,0,sprite_event_ce003_npc_tag,None,200,,False,2009853,True,event_ce003_balloon_anis_03,Random,5,0,None,,0,None,,0,None,
588,0,10009,,,Character,12,0,sprite_event_ce003_npc_tag,None,200,,False,2009854,True,event_ce003_balloon_anis_04,Random,5,0,None,,0,None,,0,None,
589,0,10009,,,Character,12,0,sprite_event_ce003_npc_tag,None,200,,False,2009855,True,event_ce003_balloon_anis_05,Random,5,0,None,,0,None,,0,None,
590,0,10009,,,Character,12,0,sprite_event_ce003_npc_tag,None,200,,False,2009856,True,event_ce003_balloon_anis_06,Random,5,0,None,,0,None,,0,None,
591,0,10009,,,Character,310,0,sprite_event_ce003_npc_tag,None,200,,False,2009870,True,event_ce003_balloon_aid_00,Random,5,0,None,,0,None,,0,None,
592,0,10009,,,Character,310,0,sprite_event_ce003_npc_tag,None,200,,False,2009871,True,event_ce003_balloon_aid_01,Random,5,0,None,,0,None,,0,None,
595,0,10009,,,Character,310,0,sprite_event_ce003_npc_tag,None,200,,False,2009874,True,event_ce003_balloon_aid_04,Random,5,0,None,,0,None,,0,None,
596,0,10009,,,Character,310,0,sprite_event_ce003_npc_tag,None,200,,False,2009875,True,event_ce003_balloon_aid_05,Random,5,0,None,,0,None,,0,None,
597,0,10009,,,Character,310,0,sprite_event_ce003_npc_tag,None,200,,False,2009876,True,event_ce003_balloon_aid_06,Random,5,0,None,,0,None,,0,None,
598,0,10009,,,Character,312,0,sprite_event_ce003_npc_tag,None,200,,False,2009890,True,event_ce003_balloon_soda_00,Random,5,0,None,,0,None,,0,None,
599,0,10009,,,Character,312,0,sprite_event_ce003_npc_tag,None,200,,False,2009891,True,event_ce003_balloon_soda_01,Random,5,0,None,,0,None,,0,None,
601,0,10009,,,Character,312,0,sprite_event_ce003_npc_tag,None,200,,False,2009893,False,,None,0,0,None,,0,None,,0,None,
602,0,10009,,,Character,311,0,sprite_event_ce003_npc_tag,None,200,,False,2009880,True,event_ce003_balloon_cocoa_00,Random,5,0,None,,0,None,,0,None,
603,0,10009,,,Character,311,0,sprite_event_ce003_npc_tag,None,200,,False,2009881,True,event_ce003_balloon_cocoa_01,Random,5,0,None,,0,None,,0,None,
605,0,10009,,,Character,311,0,sprite_event_ce003_npc_tag,None,200,,False,2009883,False,,None,0,0,None,,0,None,,0,None,
606,0,10009,,,Character,821,0,sprite_event_ce003_npc_tag,None,200,,False,2009790,False,,None,0,0,None,,0,None,,0,None,
607,0,10009,,,Character,821,0,sprite_event_ce003_npc_tag,None,200,,False,2009791,False,,None,0,0,None,,0,None,,0,None,
608,0,10009,,,Character,821,0,sprite_event_ce003_npc_tag,None,200,,False,2009792,False,,None,0,0,None,,0,None,,0,None,
609,0,10009,,,Character,821,0,sprite_event_ce003_npc_tag,None,200,,False,2009793,False,,None,0,0,None,,0,None,,0,None,
610,0,10009,,,Character,821,0,sprite_event_ce003_npc_tag,None,200,,False,2009794,False,,None,0,0,None,,0,None,,0,None,
611,0,10009,,,Character,821,0,sprite_event_ce003_npc_tag,None,200,,False,2009795,False,,None,0,0,None,,0,None,,0,None,
612,0,10009,,,Character,821,0,sprite_event_ce003_npc_tag,None,200,,False,2009796,False,,None,0,0,None,,0,None,,0,None,
613,0,10009,,,Character,821,0,sprite_event_ce003_npc_tag,None,200,,False,2009797,False,,None,0,0,None,,0,None,,0,None,
614,0,10009,,,Character,821,0,sprite_event_ce003_npc_tag,None,200,,False,2009798,False,,None,0,0,None,,0,None,,0,None,
615,0,10009,,,Character,821,0,sprite_event_ce003_npc_tag,None,200,,False,2009799,False,,None,0,0,None,,0,None,,0,None,
616,0,10009,,,Character,821,0,sprite_event_ce003_npc_tag,None,200,,False,2009800,False,,None,0,0,None,,0,None,,0,None,
617,0,10009,,,Character,821,0,sprite_event_ce003_npc_tag,None,200,,False,2009800,False,,None,0,0,None,,0,None,,0,None,
618,0,10009,,,Character,820,0,sprite_event_ce003_npc_tag,None,200,,False,2009830,False,,None,0,0,None,,0,None,,0,None,
619,0,10009,,,Character,820,0,sprite_event_ce003_npc_tag,None,200,,False,2009831,False,,None,0,0,None,,0,None,,0,None,
620,0,10009,,,Character,820,0,sprite_event_ce003_npc_tag,None,200,,False,2009832,False,,None,0,0,None,,0,None,,0,None,
621,0,10009,,,Character,820,0,sprite_event_ce003_npc_tag,None,200,,False,2009833,False,,None,0,0,None,,0,None,,0,None,
622,0,10009,,,Character,820,0,sprite_event_ce003_npc_tag,None,200,,False,2009834,False,,None,0,0,None,,0,None,,0,None,
623,0,10009,,,Character,820,0,sprite_event_ce003_npc_tag,None,200,,False,2009835,False,,None,0,0,None,,0,None,,0,None,
624,0,10009,,,Character,820,0,sprite_event_ce003_npc_tag,None,200,,False,2009836,False,,None,0,0,None,,0,None,,0,None,
625,0,10009,,,Character,820,0,sprite_event_ce003_npc_tag,None,200,,False,2009837,False,,None,0,0,None,,0,None,,0,None,
626,0,10009,,,Character,820,0,sprite_event_ce003_npc_tag,None,200,,False,2009838,False,,None,0,0,None,,0,None,,0,None,
627,0,10009,,,Character,820,0,sprite_event_ce003_npc_tag,None,200,,False,2009839,False,,None,0,0,None,,0,None,,0,None,
628,0,10009,,,Character,820,0,sprite_event_ce003_npc_tag,None,200,,False,2009840,False,,None,0,0,None,,0,None,,0,None,
629,0,10009,,,Character,820,0,sprite_event_ce003_npc_tag,None,200,,False,2009841,False,,None,0,0,None,,0,None,,0,None,
630,0,10009,,,Character,822,0,sprite_event_ce003_npc_tag,None,200,,False,2009810,False,,None,0,0,None,,0,None,,0,None,
631,0,10009,,,Character,822,0,sprite_event_ce003_npc_tag,None,200,,False,2009811,False,,None,0,0,None,,0,None,,0,None,
632,0,10009,,,Character,822,0,sprite_event_ce003_npc_tag,None,200,,False,2009812,False,,None,0,0,None,,0,None,,0,None,
633,0,10009,,,Character,822,0,sprite_event_ce003_npc_tag,None,200,,False,2009813,False,,None,0,0,None,,0,None,,0,None,
634,0,10009,,,Character,822,0,sprite_event_ce003_npc_tag,None,200,,False,2009814,False,,None,0,0,None,,0,None,,0,None,
635,0,10009,,,Character,822,0,sprite_event_ce003_npc_tag,None,200,,False,2009815,False,,None,0,0,None,,0,None,,0,None,
636,0,10009,,,Character,822,0,sprite_event_ce003_npc_tag,None,200,,False,2009816,False,,None,0,0,None,,0,None,,0,None,
637,0,10009,,,Character,822,0,sprite_event_ce003_npc_tag,None,200,,False,2009817,False,,None,0,0,None,,0,None,,0,None,
638,0,10009,,,Character,822,0,sprite_event_ce003_npc_tag,None,200,,False,2009818,False,,None,0,0,None,,0,None,,0,None,
639,0,10009,,,Character,822,0,sprite_event_ce003_npc_tag,None,200,,False,2009819,False,,None,0,0,None,,0,None,,0,None,
640,0,10009,,,Character,822,0,sprite_event_ce003_npc_tag,None,200,,False,2009820,False,,None,0,0,None,,0,None,,0,None,
641,0,10009,,,Character,822,0,sprite_event_ce003_npc_tag,None,200,,False,2009821,False,,None,0,0,None,,0,None,,0,None,
642,0,10009,,,Npc,7005001,0,sprite_event_ce003_npc_tag,None,200,,False,2009019,False,,None,0,0,None,,0,None,,0,None,
643,0,10009,,,Npc,7005005,0,sprite_event_ce003_npc_tag,None,200,,False,2009020,False,,None,0,0,None,,0,None,,0,None,
644,0,10009,,,Npc,7005006,0,sprite_event_ce003_npc_tag,None,200,,False,2009900,True,event_ce003_balloon_00,Random,5,0,None,,0,None,,0,None,
645,0,10009,,,Npc,7005006,0,sprite_event_ce003_npc_tag,None,200,,False,2009901,True,event_ce003_balloon_01,Random,5,0,None,,0,None,,0,None,
647,0,10009,,,Npc,9999999,0,sprite_event_ce003_npc_tag,None,200,,False,2009903,False,,None,0,0,None,,0,None,,0,None,
648,0,10009,,,Npc,7005005,0,sprite_event_ce003_npc_tag,None,200,,False,2009650,False,,None,0,0,None,,0,None,,0,None,
649,0,10009,,,Npc,7005005,0,sprite_event_ce003_npc_tag,None,200,,False,2009651,True,event_ce003_balloon_male_citizenB_00,Random,5,0,None,,0,None,,0,None,
650,0,10009,,,Npc,7005005,0,sprite_event_ce003_npc_tag,None,200,,False,2009652,False,,None,0,0,None,,0,None,,0,None,
651,0,10009,,,Npc,7005005,0,sprite_event_ce003_npc_tag,None,200,,False,2009653,True,event_ce003_balloon_male_citizenB_01,Random,5,0,None,,0,None,,0,None,
652,0,10009,,,Npc,7005005,0,sprite_event_ce003_npc_tag,None,200,,False,2009654,True,event_ce003_balloon_male_citizenB_02,Random,5,0,None,,0,None,,0,None,
653,0,10009,,,Npc,7005005,0,sprite_event_ce003_npc_tag,None,200,,False,2009655,False,,None,0,0,None,,0,None,,0,None,
654,0,10009,,,Npc,7005005,0,sprite_event_ce003_npc_tag,None,200,,False,2009656,False,,None,0,0,None,,0,None,,0,None,
655,0,10009,,,Npc,7005005,0,sprite_event_ce003_npc_tag,None,200,,False,2009657,True,event_ce003_balloon_male_citizenB_03,Random,5,0,None,,0,None,,0,None,
656,0,10009,,,Npc,7005005,0,sprite_event_ce003_npc_tag,None,200,,False,2009658,False,,None,0,0,None,,0,None,,0,None,
657,0,10009,,,Npc,7005005,0,sprite_event_ce003_npc_tag,None,200,,False,2009659,True,event_ce003_balloon_male_citizenB_04,Random,5,0,None,,0,None,,0,None,
658,0,10009,,,Npc,7005005,0,sprite_event_ce003_npc_tag,None,200,,False,2009660,True,event_ce003_balloon_male_citizenB_05,Random,5,0,None,,0,None,,0,None,
659,0,10009,,,Npc,7005007,0,sprite_event_ce003_npc_tag,None,200,,False,2009670,True,event_ce003_balloon_male_citizenC_00,Random,5,0,None,,0,None,,0,None,
660,0,10009,,,Npc,7005007,0,sprite_event_ce003_npc_tag,None,200,,False,2009671,False,,None,0,0,None,,0,None,,0,None,
661,0,10009,,,Npc,7005007,0,sprite_event_ce003_npc_tag,None,200,,False,2009672,True,event_ce003_balloon_male_citizenC_01,Random,5,0,None,,0,None,,0,None,
662,0,10009,,,Npc,7005007,0,sprite_event_ce003_npc_tag,None,200,,False,2009673,False,,None,0,0,None,,0,None,,0,None,
663,0,10009,,,Npc,7005007,0,sprite_event_ce003_npc_tag,None,200,,False,2009674,False,,None,0,0,None,,0,None,,0,None,
664,0,10009,,,Npc,7005007,0,sprite_event_ce003_npc_tag,None,200,,False,2009675,True,event_ce003_balloon_male_citizenC_02,Random,5,0,None,,0,None,,0,None,
665,0,10009,,,Npc,7005007,0,sprite_event_ce003_npc_tag,None,200,,False,2009676,True,event_ce003_balloon_male_citizenC_03,Random,5,0,None,,0,None,,0,None,
666,0,10009,,,Npc,7005007,0,sprite_event_ce003_npc_tag,None,200,,False,2009677,False,,None,0,0,None,,0,None,,0,None,
667,0,10009,,,Npc,7005007,0,sprite_event_ce003_npc_tag,None,200,,False,2009678,False,,None,0,0,None,,0,None,,0,None,
668,0,10009,,,Npc,7005007,0,sprite_event_ce003_npc_tag,None,200,,False,2009679,True,event_ce003_balloon_male_citizenC_04,Random,5,0,None,,0,None,,0,None,
669,0,10009,,,Npc,7005007,0,sprite_event_ce003_npc_tag,None,200,,False,2009680,False,,None,0,0,None,,0,None,,0,None,
670,0,10009,,,Npc,7005008,0,sprite_event_ce003_npc_tag,None,200,,False,2009690,True,event_ce003_balloon_male_citizenD_00,Random,5,0,None,,0,None,,0,None,
671,0,10009,,,Npc,7005008,0,sprite_event_ce003_npc_tag,None,200,,False,2009691,False,,None,0,0,None,,0,None,,0,None,
672,0,10009,,,Npc,7005008,0,sprite_event_ce003_npc_tag,None,200,,False,2009692,False,,None,0,0,None,,0,None,,0,None,
673,0,10009,,,Npc,7005008,0,sprite_event_ce003_npc_tag,None,200,,False,2009693,False,,None,0,0,None,,0,None,,0,None,
674,0,10009,,,Npc,7005008,0,sprite_event_ce003_npc_tag,None,200,,False,2009694,True,event_ce003_balloon_male_citizenD_01,Random,5,0,None,,0,None,,0,None,
675,0,10009,,,Npc,7005008,0,sprite_event_ce003_npc_tag,None,200,,False,2009695,True,event_ce003_balloon_male_citizenD_02,Random,5,0,None,,0,None,,0,None,
676,0,10009,,,Npc,7005008,0,sprite_event_ce003_npc_tag,None,200,,False,2009696,True,event_ce003_balloon_male_citizenD_03,Random,5,0,None,,0,None,,0,None,
677,0,10009,,,Npc,7005008,0,sprite_event_ce003_npc_tag,None,200,,False,2009697,False,,None,0,0,None,,0,None,,0,None,
678,0,10009,,,Npc,7005008,0,sprite_event_ce003_npc_tag,None,200,,False,2009698,True,event_ce003_balloon_male_citizenD_04,Random,5,0,None,,0,None,,0,None,
679,0,10009,,,Npc,7005008,0,sprite_event_ce003_npc_tag,None,200,,False,2009699,False,,None,0,0,None,,0,None,,0,None,
680,0,10009,,,Npc,7005008,0,sprite_event_ce003_npc_tag,None,200,,False,2009700,False,,None,0,0,None,,0,None,,0,None,
681,0,10009,,,Npc,7005001,0,sprite_event_ce003_npc_tag,None,200,,False,2009710,False,,None,0,0,None,,0,None,,0,None,
682,0,10009,,,Npc,7005001,0,sprite_event_ce003_npc_tag,None,200,,False,2009711,True,event_ce003_balloon_female_citizenA_00,Random,5,0,None,,0,None,,0,None,
683,0,10009,,,Npc,7005001,0,sprite_event_ce003_npc_tag,None,200,,False,2009712,False,,None,0,0,None,,0,None,,0,None,
684,0,10009,,,Npc,7005001,0,sprite_event_ce003_npc_tag,None,200,,False,2009713,True,event_ce003_balloon_female_citizenA_01,Random,5,0,None,,0,None,,0,None,
685,0,10009,,,Npc,7005001,0,sprite_event_ce003_npc_tag,None,200,,False,2009714,False,,None,0,0,None,,0,None,,0,None,
686,0,10009,,,Npc,7005001,0,sprite_event_ce003_npc_tag,None,200,,False,2009715,False,,None,0,0,None,,0,None,,0,None,
687,0,10009,,,Npc,7005001,0,sprite_event_ce003_npc_tag,None,200,,False,2009716,True,event_ce003_balloon_female_citizenA_02,Random,5,0,None,,0,None,,0,None,
688,0,10009,,,Npc,7005001,0,sprite_event_ce003_npc_tag,None,200,,False,2009717,False,,None,0,0,None,,0,None,,0,None,
689,0,10009,,,Npc,7005001,0,sprite_event_ce003_npc_tag,None,200,,False,2009718,False,,None,0,0,None,,0,None,,0,None,
690,0,10009,,,Npc,7005001,0,sprite_event_ce003_npc_tag,None,200,,False,2009719,False,,None,0,0,None,,0,None,,0,None,
691,0,10009,,,Npc,7005001,0,sprite_event_ce003_npc_tag,None,200,,False,2009720,True,event_ce003_balloon_female_citizenA_03,Random,5,0,None,,0,None,,0,None,
692,0,10009,,,Npc,7005002,0,sprite_event_ce003_npc_tag,None,200,,False,2009730,False,,None,0,0,None,,0,None,,0,None,
693,0,10009,,,Npc,7005002,0,sprite_event_ce003_npc_tag,None,200,,False,2009731,False,,None,0,0,None,,0,None,,0,None,
694,0,10009,,,Npc,7005002,0,sprite_event_ce003_npc_tag,None,200,,False,2009732,True,event_ce003_balloon_female_citizenB_00,Random,5,0,None,,0,None,,0,None,
695,0,10009,,,Npc,7005002,0,sprite_event_ce003_npc_tag,None,200,,False,2009733,False,,None,0,0,None,,0,None,,0,None,
696,0,10009,,,Npc,7005002,0,sprite_event_ce003_npc_tag,None,200,,False,2009734,False,,None,0,0,None,,0,None,,0,None,
697,0,10009,,,Npc,7005002,0,sprite_event_ce003_npc_tag,None,200,,False,2009735,True,event_ce003_balloon_female_citizenB_01,Random,5,0,None,,0,None,,0,None,
698,0,10009,,,Npc,7005002,0,sprite_event_ce003_npc_tag,None,200,,False,2009736,False,,None,0,0,None,,0,None,,0,None,
699,0,10009,,,Npc,7005002,0,sprite_event_ce003_npc_tag,None,200,,False,2009737,False,,None,0,0,None,,0,None,,0,None,
700,0,10009,,,Npc,7005002,0,sprite_event_ce003_npc_tag,None,200,,False,2009738,True,event_ce003_balloon_female_citizenB_02,Random,5,0,None,,0,None,,0,None,
701,0,10009,,,Npc,7005002,0,sprite_event_ce003_npc_tag,None,200,,False,2009739,False,,None,0,0,None,,0,None,,0,None,
702,0,10009,,,Npc,7005002,0,sprite_event_ce003_npc_tag,None,200,,False,2009740,True,event_ce003_balloon_female_citizenB_03,Random,5,0,None,,0,None,,0,None,
703,0,10009,,,Npc,7005003,0,sprite_event_ce003_npc_tag,None,200,,False,2009750,False,,None,0,0,None,,0,None,,0,None,
704,0,10009,,,Npc,7005003,0,sprite_event_ce003_npc_tag,None,200,,False,2009751,False,,None,0,0,None,,0,None,,0,None,
705,0,10009,,,Npc,7005003,0,sprite_event_ce003_npc_tag,None,200,,False,2009752,True,event_ce003_balloon_female_citizenC_00,Random,5,0,None,,0,None,,0,None,
706,0,10009,,,Npc,7005003,0,sprite_event_ce003_npc_tag,None,200,,False,2009753,False,,None,0,0,None,,0,None,,0,None,
707,0,10009,,,Npc,7005003,0,sprite_event_ce003_npc_tag,None,200,,False,2009754,False,,None,0,0,None,,0,None,,0,None,
708,0,10009,,,Npc,7005003,0,sprite_event_ce003_npc_tag,None,200,,False,2009755,False,,None,0,0,None,,0,None,,0,None,
709,0,10009,,,Npc,7005003,0,sprite_event_ce003_npc_tag,None,200,,False,2009756,False,,None,0,0,None,,0,None,,0,None,
710,0,10009,,,Npc,7005003,0,sprite_event_ce003_npc_tag,None,200,,False,2009757,True,event_ce003_balloon_female_citizenC_01,Random,5,0,None,,0,None,,0,None,
711,0,10009,,,Npc,7005003,0,sprite_event_ce003_npc_tag,None,200,,False,2009758,True,event_ce003_balloon_female_citizenC_02,Random,5,0,None,,0,None,,0,None,
712,0,10009,,,Npc,7005003,0,sprite_event_ce003_npc_tag,None,200,,False,2009759,True,event_ce003_balloon_female_citizenC_03,Random,5,0,None,,0,None,,0,None,
713,0,10009,,,Npc,7005003,0,sprite_event_ce003_npc_tag,None,200,,False,2009760,False,,None,0,0,None,,0,None,,0,None,
714,0,10009,,,Npc,7005004,0,sprite_event_ce003_npc_tag,None,200,,False,2009770,False,,None,0,0,None,,0,None,,0,None,
715,0,10009,,,Npc,7005004,0,sprite_event_ce003_npc_tag,None,200,,False,2009771,True,event_ce003_balloon_female_citizenD_00,Random,5,0,None,,0,None,,0,None,
716,0,10009,,,Npc,7005004,0,sprite_event_ce003_npc_tag,None,200,,False,2009772,False,,None,0,0,None,,0,None,,0,None,
717,0,10009,,,Npc,7005004,0,sprite_event_ce003_npc_tag,None,200,,False,2009773,False,,None,0,0,None,,0,None,,0,None,
718,0,10009,,,Npc,7005004,0,sprite_event_ce003_npc_tag,None,200,,False,2009774,True,event_ce003_balloon_female_citizenD_01,Random,5,0,None,,0,None,,0,None,
719,0,10009,,,Npc,7005004,0,sprite_event_ce003_npc_tag,None,200,,False,2009775,True,event_ce003_balloon_female_citizenD_02,Random,5,0,None,,0,None,,0,None,
720,0,10009,,,Npc,7005004,0,sprite_event_ce003_npc_tag,None,200,,False,2009776,False,,None,0,0,None,,0,None,,0,None,
721,0,10009,,,Npc,7005004,0,sprite_event_ce003_npc_tag,None,200,,False,2009777,False,,None,0,0,None,,0,None,,0,None,
722,0,10009,,,Npc,7005004,0,sprite_event_ce003_npc_tag,None,200,,False,2009778,False,,None,0,0,None,,0,None,,0,None,
723,0,10009,,,Npc,7005004,0,sprite_event_ce003_npc_tag,None,200,,False,2009779,True,event_ce003_balloon_female_citizenD_03,Random,5,0,None,,0,None,,0,None,
724,0,10009,,,Npc,7005004,0,sprite_event_ce003_npc_tag,None,200,,False,2009780,False,,None,0,0,None,,0,None,,0,None,
725,1,10010,Locale_Character:npc_9999999_name_22,Locale_Event:event_contents_storydungeon_before,Npc,9999999,0,sprite_event_lastkingdom_npc_tag,None,300,sprite_btn_event_lastkingdom,False,0,False,,None,0,40045,None,,0,None,,0,None,
726,0,10010,Locale_Character:npc_9999999_name_23,,Npc,9999999,0,sprite_event_lastkingdom_npc_tag,None,300,sprite_btn_event_lastkingdom,False,2010001,False,,None,0,0,None,,0,None,,0,None,
727,2,10010,Locale_Character:npc_9999999_name_23,Locale_Event:event_contents_storydungeon_after,Npc,9999999,0,sprite_event_lastkingdom_npc_tag,None,300,sprite_btn_event_lastkingdom,False,2010002,False,,None,0,40046,None,,0,None,,0,None,
728,3,10010,Locale_Character:npc_9999999_name_24,Locale_Event:event_contents_challenge,Npc,7001007,0,sprite_event_lastkingdom_npc_tag,None,400,sprite_btn_event_lastkingdom,False,0,False,,None,0,60045,None,,0,None,,0,None,
729,0,10010,Locale_Character:npc_9999999_name_25,,Npc,9999999,0,sprite_event_lastkingdom_npc_tag,None,300,sprite_btn_event_lastkingdom,False,2010003,False,,None,0,0,None,,0,None,,0,None,
730,4,10010,Locale_Character:npc_9999999_name_25,Locale_Event:event_contents_minigame,Npc,9999999,0,sprite_event_lastkingdom_npc_tag,None,300,sprite_btn_event_lastkingdom,False,2010004,False,,None,0,81201,None,,0,None,,0,None,
731,5,10010,Locale_Character:npc_9999999_name_26,Locale_Event:event_contents_login,Npc,9999999,0,sprite_event_lastkingdom_npc_tag,None,300,sprite_btn_event_lastkingdom,True,0,False,,None,0,81203,None,,0,None,,0,None,
732,6,10010,Locale_Character:npc_9999999_name_27,Locale_Event:event_contents_shop,Npc,9999999,0,sprite_event_lastkingdom_npc_tag,None,300,sprite_btn_event_lastkingdom,True,0,False,,None,0,81202,None,,0,None,,0,None,
733,0,10010,,,Npc,7006001,0,sprite_event_lastkingdom_npc_tag,None,200,,False,2010005,True,event_lastkingdom_balloon_01,None,5,0,None,,0,None,,0,None,
734,0,10010,,,Character,361,0,sprite_event_lastkingdom_npc_tag,None,200,,False,2010006,True,event_lastkingdom_balloon_02,None,5,0,None,,0,None,,0,None,
735,0,10010,,,Npc,7006001,0,sprite_event_lastkingdom_npc_tag,None,200,,False,2010007,True,event_lastkingdom_balloon_03,None,5,0,None,,0,None,,0,None,
736,0,10010,,,Character,260,2,sprite_event_lastkingdom_npc_tag,None,200,,False,2010008,True,event_lastkingdom_balloon_04,None,5,0,None,,0,None,,0,None,
737,0,10010,,,Character,361,0,sprite_event_lastkingdom_npc_tag,None,200,,False,2010009,True,event_lastkingdom_balloon_05,None,5,0,None,,0,None,,0,None,
738,0,10010,,,Npc,7006001,0,sprite_event_lastkingdom_npc_tag,None,200,,False,2010010,True,event_lastkingdom_balloon_06,None,5,0,None,,0,None,,0,None,
739,0,10010,,,Character,260,2,sprite_event_lastkingdom_npc_tag,None,200,,False,2010011,True,event_lastkingdom_balloon_07,None,5,0,None,,0,None,,0,None,
740,0,10010,,,Character,361,0,sprite_event_lastkingdom_npc_tag,None,200,,False,2010012,True,event_lastkingdom_balloon_08,None,5,0,None,,0,None,,0,None,
741,0,10010,,,Npc,7006001,0,sprite_event_lastkingdom_npc_tag,None,200,,False,2010013,True,event_lastkingdom_balloon_09,None,5,0,None,,0,None,,0,None,
742,0,10010,,,Character,260,2,sprite_event_lastkingdom_npc_tag,None,200,,False,2010014,True,event_lastkingdom_balloon_10,None,5,0,None,,0,None,,0,None,
743,0,10010,,,Character,361,0,sprite_event_lastkingdom_npc_tag,None,200,,False,2010015,True,event_lastkingdom_balloon_11,None,5,0,None,,0,None,,0,None,
744,0,10010,,,Npc,7006001,0,sprite_event_lastkingdom_npc_tag,None,200,,False,2010016,True,event_lastkingdom_balloon_12,None,5,0,None,,0,None,,0,None,
745,0,10010,,,Character,260,2,sprite_event_lastkingdom_npc_tag,None,200,,False,2010017,True,event_lastkingdom_balloon_13,None,5,0,None,,0,None,,0,None,
746,0,10010,,,Character,361,0,sprite_event_lastkingdom_npc_tag,None,200,,False,2010018,True,event_lastkingdom_balloon_14,None,5,0,None,,0,None,,0,None,
747,0,10010,,,Character,260,2,sprite_event_lastkingdom_npc_tag,None,200,,False,2010019,True,event_lastkingdom_balloon_15,None,5,0,None,,0,None,,0,None,
748,0,10010,,,Character,361,0,sprite_event_lastkingdom_npc_tag,None,200,,False,2010020,True,event_lastkingdom_balloon_16,None,5,0,None,,0,None,,0,None,
749,0,10010,,,Character,260,2,sprite_event_lastkingdom_npc_tag,None,200,,False,2010021,True,event_lastkingdom_balloon_17,None,5,0,None,,0,None,,0,None,
750,0,10010,,,Character,361,0,sprite_event_lastkingdom_npc_tag,None,200,,False,2010022,True,event_lastkingdom_balloon_18,None,5,0,None,,0,None,,0,None,
751,0,10010,,,Character,222,0,sprite_event_lastkingdom_npc_tag,None,200,,False,2010023,True,event_lastkingdom_balloon_19,None,5,0,None,,0,None,,0,None,
752,0,10010,,,Character,220,0,sprite_event_lastkingdom_npc_tag,None,200,,False,2010024,True,event_lastkingdom_balloon_20,None,5,0,None,,0,None,,0,None,
753,0,10010,,,Character,221,0,sprite_event_lastkingdom_npc_tag,None,200,,False,2010025,True,event_lastkingdom_balloon_21,None,5,0,None,,0,None,,0,None,
754,0,10010,,,Character,221,0,sprite_event_lastkingdom_npc_tag,None,200,,False,2010026,True,event_lastkingdom_balloon_22,None,5,0,None,,0,None,,0,None,
755,0,10010,,,Npc,7006001,0,sprite_event_lastkingdom_npc_tag,None,200,,False,2010027,True,event_lastkingdom_balloon_23,None,5,0,None,,0,None,,0,None,
756,0,10010,,,Npc,7006001,0,sprite_event_lastkingdom_npc_tag,None,200,,False,2010028,True,event_lastkingdom_balloon_24,None,5,0,None,,0,None,,0,None,
757,0,10010,,,Character,260,2,sprite_event_lastkingdom_npc_tag,None,200,,False,2010029,True,event_lastkingdom_balloon_25,None,5,0,None,,0,None,,0,None,
758,0,10010,,,Character,361,0,sprite_event_lastkingdom_npc_tag,None,200,,False,2010030,True,event_lastkingdom_balloon_26,None,5,0,None,,0,None,,0,None,
759,0,10010,,,Character,222,0,sprite_event_lastkingdom_npc_tag,None,200,,False,2010031,True,event_lastkingdom_balloon_27,None,5,0,None,,0,None,,0,None,
760,0,10010,,,Character,220,0,sprite_event_lastkingdom_npc_tag,None,200,,False,2010032,True,event_lastkingdom_balloon_28,None,5,0,None,,0,None,,0,None,
761,0,10010,,,Character,221,0,sprite_event_lastkingdom_npc_tag,None,200,,False,2010033,True,event_lastkingdom_balloon_29,None,5,0,None,,0,None,,0,None,
762,0,10010,,,Npc,7006001,0,sprite_event_lastkingdom_npc_tag,None,200,,False,2010034,True,event_lastkingdom_balloon_30,None,5,0,None,,0,None,,0,None,
763,0,10010,,,Character,260,2,sprite_event_lastkingdom_npc_tag,None,200,,False,2010035,True,event_lastkingdom_balloon_31,None,5,0,None,,0,None,,0,None,
764,0,10010,,,Character,361,0,sprite_event_lastkingdom_npc_tag,None,200,,False,2010036,True,event_lastkingdom_balloon_32,None,5,0,None,,0,None,,0,None,
765,0,10010,,,Npc,7006001,0,sprite_event_lastkingdom_npc_tag,None,200,,False,2010037,True,event_lastkingdom_balloon_33,None,5,0,None,,0,None,,0,None,
766,1,10011,Locale_Character:npc_9999999_name_28,Locale_Event:event_contents_storydungeon_before,Npc,9999999,0,sprite_event_goldencoinrush_npc_tag,None,300,sprite_btn_event_goldencoinrush,False,0,False,,None,0,40048,None,,0,None,,0,None,
767,0,10011,Locale_Character:npc_9999999_name_29,,Npc,9999999,0,sprite_event_goldencoinrush_npc_tag,None,300,sprite_btn_event_goldencoinrush,False,2011001,False,,None,0,0,None,,0,None,,0,None,
768,2,10011,Locale_Character:npc_9999999_name_29,Locale_Event:event_contents_storydungeon_after,Npc,9999999,0,sprite_event_goldencoinrush_npc_tag,None,300,sprite_btn_event_goldencoinrush,False,2011002,False,,None,0,40049,None,,0,None,,0,None,
769,3,10011,Locale_Character:npc_9999999_name_30,Locale_Event:event_contents_challenge,Npc,7001007,0,sprite_event_goldencoinrush_npc_tag,None,400,sprite_btn_event_goldencoinrush,False,0,False,,None,0,60048,None,,0,None,,0,None,
770,0,10011,Locale_Character:npc_9999999_name_31,,Npc,9999999,0,sprite_event_goldencoinrush_npc_tag,None,500,sprite_btn_event_goldencoinrush,False,2011003,False,,None,0,0,None,,0,None,,0,None,
771,4,10011,Locale_Character:npc_9999999_name_31,Locale_Event:event_contents_minigame,Npc,9999999,0,sprite_event_goldencoinrush_npc_tag,None,500,sprite_btn_event_goldencoinrush,False,2011004,False,,None,0,81301,None,,0,None,,0,None,
772,5,10011,Locale_Character:npc_9999999_name_32,Locale_Event:event_contents_login,Npc,7007002,0,sprite_event_goldencoinrush_npc_tag,None,300,sprite_btn_event_goldencoinrush,True,0,False,,None,0,81303,None,,0,None,,0,None,
773,6,10011,Locale_Character:npc_9999999_name_33,Locale_Event:event_contents_shop,Npc,9999999,0,sprite_event_goldencoinrush_npc_tag,None,500,sprite_btn_event_goldencoinrush,True,0,False,,None,0,81302,None,,0,None,,0,None,
774,0,10011,,,Character,270,0,sprite_event_goldencoinrush_npc_tag,None,200,,False,2011005,True,event_goldencoinrush_balloon_01,None,5,0,None,,0,None,,0,None,
775,0,10011,,,Character,271,0,sprite_event_goldencoinrush_npc_tag,None,200,,False,2011006,True,event_goldencoinrush_balloon_02,None,5,0,None,,0,None,,0,None,
776,0,10011,,,Npc,7007007,0,sprite_event_goldencoinrush_npc_tag,None,200,,False,2011007,True,event_goldencoinrush_balloon_03,None,5,0,None,,0,None,,0,None,
777,0,10011,,,Npc,7007007,0,sprite_event_goldencoinrush_npc_tag,None,200,,False,2011008,True,event_goldencoinrush_balloon_04,None,5,0,None,,0,None,,0,None,
778,0,10011,,,Npc,7007001,0,sprite_event_goldencoinrush_npc_tag,None,200,,False,2011009,True,event_goldencoinrush_balloon_05,None,5,0,None,,0,None,,0,None,
779,0,10011,,,Character,314,0,sprite_event_goldencoinrush_npc_tag,None,200,,False,2011010,True,event_goldencoinrush_balloon_06,None,5,0,None,,0,None,,0,None,
780,0,10011,,,Character,195,0,sprite_event_goldencoinrush_npc_tag,None,200,,False,2011011,True,event_goldencoinrush_balloon_07,None,5,0,None,,0,None,,0,None,
781,0,10011,,,Character,431,0,sprite_event_goldencoinrush_npc_tag,None,200,,False,2011012,True,event_goldencoinrush_balloon_08,None,5,0,None,,0,None,,0,None,
782,0,10011,,,Character,242,1,sprite_event_goldencoinrush_npc_tag,None,200,,False,2011013,True,event_goldencoinrush_balloon_09,None,5,0,None,,0,None,,0,None,
783,0,10011,,,Character,141,0,sprite_event_goldencoinrush_npc_tag,None,200,,False,2011014,True,event_goldencoinrush_balloon_10,None,5,0,None,,0,None,,0,None,
784,0,10011,,,Character,130,1,sprite_event_goldencoinrush_npc_tag,None,200,,False,2011015,True,event_goldencoinrush_balloon_11,None,5,0,None,,0,None,,0,None,
785,0,10011,,,Character,200,1,sprite_event_goldencoinrush_npc_tag,None,200,,False,2011016,True,event_goldencoinrush_balloon_12,None,5,0,None,,0,None,,0,None,
786,0,10011,,,Npc,7007001,0,sprite_event_goldencoinrush_npc_tag,None,200,,False,2011017,True,event_goldencoinrush_balloon_13,None,5,0,None,,0,None,,0,None,
787,0,10011,,,Character,141,0,sprite_event_goldencoinrush_npc_tag,None,200,,False,2011018,True,event_goldencoinrush_balloon_14,None,5,0,None,,0,None,,0,None,
788,0,10011,,,Character,140,0,sprite_event_goldencoinrush_npc_tag,None,200,,False,2011019,True,event_goldencoinrush_balloon_15,None,5,0,None,,0,None,,0,None,
789,0,10011,,,Npc,7007001,0,sprite_event_goldencoinrush_npc_tag,None,200,,False,2011020,True,event_goldencoinrush_balloon_16,None,5,0,None,,0,None,,0,None,
790,0,10011,,,Character,200,1,sprite_event_goldencoinrush_npc_tag,None,200,,False,2011021,True,event_goldencoinrush_balloon_17,None,5,0,None,,0,None,,0,None,
791,0,10011,,,Character,314,0,sprite_event_goldencoinrush_npc_tag,None,200,,False,2011022,True,event_goldencoinrush_balloon_18,None,5,0,None,,0,None,,0,None,
792,0,10011,,,Character,195,0,sprite_event_goldencoinrush_npc_tag,None,200,,False,2011023,True,event_goldencoinrush_balloon_19,None,5,0,None,,0,None,,0,None,
793,0,10011,,,Character,242,1,sprite_event_goldencoinrush_npc_tag,None,200,,False,2011024,True,event_goldencoinrush_balloon_20,None,5,0,None,,0,None,,0,None,
794,0,10011,,,Character,430,0,sprite_event_goldencoinrush_npc_tag,None,200,,False,2011025,True,event_goldencoinrush_balloon_21,None,5,0,None,,0,None,,0,None,
795,0,10011,,,Character,212,0,sprite_event_goldencoinrush_npc_tag,None,200,,False,2011026,True,event_goldencoinrush_balloon_22,None,5,0,None,,0,None,,0,None,
796,0,10011,,,Character,242,1,sprite_event_goldencoinrush_npc_tag,None,200,,False,2011027,True,event_goldencoinrush_balloon_23,None,5,0,None,,0,None,,0,None,
797,0,10011,,,Character,314,0,sprite_event_goldencoinrush_npc_tag,None,200,,False,2011028,True,event_goldencoinrush_balloon_24,None,5,0,None,,0,None,,0,None,
798,0,10011,,,Character,195,0,sprite_event_goldencoinrush_npc_tag,None,200,,False,2011029,True,event_goldencoinrush_balloon_25,None,5,0,None,,0,None,,0,None,
799,0,10011,,,Character,431,0,sprite_event_goldencoinrush_npc_tag,None,200,,False,2011030,True,event_goldencoinrush_balloon_26,None,5,0,None,,0,None,,0,None,
800,0,10011,,,Character,432,0,sprite_event_goldencoinrush_npc_tag,None,200,,False,2011031,True,event_goldencoinrush_balloon_27,None,5,0,None,,0,None,,0,None,
801,0,10011,,,Character,430,0,sprite_event_goldencoinrush_npc_tag,None,200,,False,2011032,True,event_goldencoinrush_balloon_28,None,5,0,None,,0,None,,0,None,
802,0,10011,,,Npc,7007001,0,sprite_event_goldencoinrush_npc_tag,None,200,,False,2011033,True,event_goldencoinrush_balloon_29,None,5,0,None,,0,None,,0,None,
803,0,10011,,,Character,314,0,sprite_event_goldencoinrush_npc_tag,None,200,,False,2011034,True,event_goldencoinrush_balloon_30,None,5,0,None,,0,None,,0,None,
804,0,10011,,,Character,195,0,sprite_event_goldencoinrush_npc_tag,None,200,,False,2011035,True,event_goldencoinrush_balloon_31,None,5,0,None,,0,None,,0,None,
805,0,10011,,,Character,141,0,sprite_event_goldencoinrush_npc_tag,None,200,,False,2011036,True,event_goldencoinrush_balloon_32,None,5,0,None,,0,None,,0,None,
806,0,10011,,,Character,200,1,sprite_event_goldencoinrush_npc_tag,None,200,,False,2011037,True,event_goldencoinrush_balloon_33,None,5,0,None,,0,None,,0,None,
807,0,10011,,,Character,242,1,sprite_event_goldencoinrush_npc_tag,None,200,,False,2011038,True,event_goldencoinrush_balloon_34,None,5,0,None,,0,None,,0,None,
808,0,10011,,,Character,431,0,sprite_event_goldencoinrush_npc_tag,None,200,,False,2011039,True,event_goldencoinrush_balloon_35,None,5,0,None,,0,None,,0,None,
809,0,10011,,,Character,200,1,sprite_event_goldencoinrush_npc_tag,None,200,,False,2011040,True,event_goldencoinrush_balloon_36,None,5,0,None,,0,None,,0,None,
810,0,10011,,,Character,130,1,sprite_event_goldencoinrush_npc_tag,None,200,,False,2011041,True,event_goldencoinrush_balloon_37,None,5,0,None,,0,None,,0,None,
811,0,10011,,,Character,190,0,sprite_event_goldencoinrush_npc_tag,None,200,,False,2011042,True,event_goldencoinrush_balloon_38,None,5,0,None,,0,None,,0,None,
812,0,10011,,,Npc,7007003,0,sprite_event_goldencoinrush_npc_tag,None,200,,False,2011043,True,event_goldencoinrush_balloon_39,None,5,0,None,,0,None,,0,None,
813,0,10011,,,Character,190,0,sprite_event_goldencoinrush_npc_tag,None,200,,False,2011044,True,event_goldencoinrush_balloon_40,None,5,0,None,,0,None,,0,None,
814,0,10011,,,Character,190,0,sprite_event_goldencoinrush_npc_tag,None,200,,False,2011045,True,event_goldencoinrush_balloon_41,None,5,0,None,,0,None,,0,None,
815,0,10011,,,Npc,7007002,0,sprite_event_goldencoinrush_npc_tag,None,200,,False,2011046,True,event_goldencoinrush_balloon_42,None,5,0,None,,0,None,,0,None,
816,0,10011,,,Character,212,0,sprite_event_goldencoinrush_npc_tag,None,200,,False,2011047,True,event_goldencoinrush_balloon_43,None,5,0,None,,0,None,,0,None,
817,0,10011,,,Character,212,0,sprite_event_goldencoinrush_npc_tag,None,200,,False,2011048,True,event_goldencoinrush_balloon_44,None,5,0,None,,0,None,,0,None,
818,0,10011,,,Character,212,0,sprite_event_goldencoinrush_npc_tag,None,200,,False,2011049,True,event_goldencoinrush_balloon_45,None,5,0,None,,0,None,,0,None,
819,0,10011,,,Character,195,0,sprite_event_goldencoinrush_npc_tag,None,200,,False,2011050,True,event_goldencoinrush_balloon_46,None,5,0,None,,0,None,,0,None,
820,0,10011,,,Character,190,0,sprite_event_goldencoinrush_npc_tag,None,200,,False,2011051,True,event_goldencoinrush_balloon_47,None,5,0,None,,0,None,,0,None,
821,0,10011,,,Character,195,0,sprite_event_goldencoinrush_npc_tag,None,200,,False,2011052,True,event_goldencoinrush_balloon_48,None,5,0,None,,0,None,,0,None,
822,0,10011,,,Character,190,0,sprite_event_goldencoinrush_npc_tag,None,200,,False,2011053,True,event_goldencoinrush_balloon_49,None,5,0,None,,0,None,,0,None,
823,0,10011,,,Character,195,0,sprite_event_goldencoinrush_npc_tag,None,200,,False,2011054,True,event_goldencoinrush_balloon_50,None,5,0,None,,0,None,,0,None,
824,0,10011,,,Character,190,0,sprite_event_goldencoinrush_npc_tag,None,200,,False,2011055,True,event_goldencoinrush_balloon_51,None,5,0,None,,0,None,,0,None,
825,0,10011,,,Npc,7007005,0,sprite_event_goldencoinrush_npc_tag,None,200,,False,2011056,False,,None,0,0,None,,0,None,,0,None,
826,0,10011,,,Npc,7007004,0,sprite_event_goldencoinrush_npc_tag,None,200,,False,0,False,,None,0,0,None,,0,None,,0,None,
827,0,10011,,,Npc,7007004,0,sprite_event_goldencoinrush_npc_tag,None,200,,False,0,False,,None,0,0,None,,0,None,,0,None,
828,0,10011,,,Npc,7007006,0,sprite_event_goldencoinrush_npc_tag,None,200,,False,2011057,False,,None,0,0,None,,0,None,,0,None,
829,0,10011,,,Npc,7007006,0,sprite_event_goldencoinrush_npc_tag,None,200,,False,2011058,False,,None,0,0,None,,0,None,,0,None,
830,0,10011,,,Npc,7007006,0,sprite_event_goldencoinrush_npc_tag,None,200,,False,2011059,False,,None,0,0,None,,0,None,,0,None,
831,1,10012,Locale_Character:npc_9999999_name_34,Locale_Event:event_contents_storydungeon_before,Npc,9999999,0,sprite_event_beautyfullshot_npc_tag,None,200,sprite_btn_event_beautyfullshot,False,0,False,,None,0,40051,None,,0,None,,0,None,
832,0,10012,Locale_Character:npc_9999999_name_35,,Npc,9999999,0,sprite_event_beautyfullshot_npc_tag,None,200,sprite_btn_event_beautyfullshot,False,2012001,False,,None,0,0,None,,0,None,,0,None,
833,2,10012,Locale_Character:npc_9999999_name_35,Locale_Event:event_contents_storydungeon_after,Npc,9999999,0,sprite_event_beautyfullshot_npc_tag,None,200,sprite_btn_event_beautyfullshot,False,2012002,False,,None,0,40052,None,,0,None,,0,None,
834,3,10012,Locale_Character:npc_5001_name,Locale_Event:event_contents_challenge,Npc,7001007,0,sprite_event_beautyfullshot_npc_tag,None,200,sprite_btn_event_beautyfullshot,False,0,False,,None,0,60051,None,,0,None,,0,None,
835,0,10012,,,Npc,9999999,0,,None,200,,False,2012003,False,,None,0,0,None,,0,None,,0,None,
836,4,10012,,Locale_Event:event_contents_coral_island_adventure,Npc,9999999,0,,Immediately,200,,False,2012004,False,,None,0,81401,None,,0,None,,0,None,
837,5,10012,Locale_Character:130_name,Locale_Event:event_contents_login,Character,132,0,sprite_event_beautyfullshot_npc_tag,None,200,sprite_btn_event_beautyfullshot,True,0,False,,None,0,81403,None,,0,None,,0,None,
838,6,10012,Locale_Character:npc_9999999_name_15,Locale_Event:event_contents_shop,Npc,9999999,0,sprite_event_beautyfullshot_npc_tag,None,200,sprite_btn_event_beautyfullshot,True,0,False,,None,0,81402,None,,0,None,,0,None,
839,7,10012,Locale_Character:npc_9999999_name_04,Locale_Event:cooperation_event_name,Npc,9999999,0,sprite_event_beautyfullshot_npc_tag,None,200,sprite_btn_event_beautyfullshot,True,0,False,,None,0,30041,Cooperation,30041,30042,Cooperation,30042,30043,Cooperation,30043
840,0,10012,,,Character,14,0,sprite_event_beautyfullshot_npc_tag,None,200,,False,2012006,True,event_beautyfullshot_balloon_01,None,5,0,None,,0,None,,0,None,
841,0,10012,,,Character,15,0,sprite_event_beautyfullshot_npc_tag,None,200,,False,2012007,True,event_beautyfullshot_balloon_02,None,5,0,None,,0,None,,0,None,
842,0,10012,,,Character,10,2,sprite_event_beautyfullshot_npc_tag,None,200,,False,2012008,True,event_beautyfullshot_balloon_03,None,5,0,None,,0,None,,0,None,
843,0,10012,,,Character,282,0,sprite_event_beautyfullshot_npc_tag,None,200,,False,2012009,True,event_beautyfullshot_balloon_04,None,5,0,None,,0,None,,0,None,
844,0,10012,,,Character,280,0,sprite_event_beautyfullshot_npc_tag,None,200,,False,2012010,True,event_beautyfullshot_balloon_05,None,5,0,None,,0,None,,0,None,
845,0,10012,,,Character,111,0,sprite_event_beautyfullshot_npc_tag,None,200,,False,2012011,True,event_beautyfullshot_balloon_06,None,5,0,None,,0,None,,0,None,
846,0,10012,,,Character,111,0,sprite_event_beautyfullshot_npc_tag,None,200,,False,2012012,True,event_beautyfullshot_balloon_07,None,5,0,None,,0,None,,0,None,
847,0,10012,,,Character,400,1,sprite_event_beautyfullshot_npc_tag,None,200,,False,2012013,True,event_beautyfullshot_balloon_08,None,5,0,None,,0,None,,0,None,
848,0,10012,,,Character,284,0,sprite_event_beautyfullshot_npc_tag,None,200,,False,2012014,True,event_beautyfullshot_balloon_09,None,5,0,None,,0,None,,0,None,
849,0,10012,,,Character,283,0,sprite_event_beautyfullshot_npc_tag,None,200,,False,2012015,True,event_beautyfullshot_balloon_10,None,5,0,None,,0,None,,0,None,
850,0,10012,,,Character,111,0,sprite_event_beautyfullshot_npc_tag,None,200,,False,2012016,True,event_beautyfullshot_balloon_11,None,5,0,None,,0,None,,0,None,
851,0,10012,,,Character,10,2,sprite_event_beautyfullshot_npc_tag,None,200,,False,2012017,True,event_beautyfullshot_balloon_12,None,5,0,None,,0,None,,0,None,
852,0,10012,,,Character,15,0,sprite_event_beautyfullshot_npc_tag,None,200,,False,2012018,True,event_beautyfullshot_balloon_13,None,5,0,None,,0,None,,0,None,
853,0,10012,,,Character,14,0,sprite_event_beautyfullshot_npc_tag,None,200,,False,2012019,True,event_beautyfullshot_balloon_14,None,5,0,None,,0,None,,0,None,
854,0,10012,,,Character,15,0,sprite_event_beautyfullshot_npc_tag,None,200,,False,2012020,True,event_beautyfullshot_balloon_15,None,5,0,None,,0,None,,0,None,
855,0,10012,,,Character,10,2,sprite_event_beautyfullshot_npc_tag,None,200,,False,2012021,True,event_beautyfullshot_balloon_16,None,5,0,None,,0,None,,0,None,
856,0,10012,,,Character,400,1,sprite_event_beautyfullshot_npc_tag,None,200,,False,2012022,True,event_beautyfullshot_balloon_17,None,5,0,None,,0,None,,0,None,
857,0,10012,,,Character,284,0,sprite_event_beautyfullshot_npc_tag,None,200,,False,2012023,True,event_beautyfullshot_balloon_18,None,5,0,None,,0,None,,0,None,
858,0,10012,,,Character,111,0,sprite_event_beautyfullshot_npc_tag,None,200,,False,2012024,True,event_beautyfullshot_balloon_19,None,5,0,None,,0,None,,0,None,
859,0,10012,,,Character,14,0,sprite_event_beautyfullshot_npc_tag,None,200,,False,2012025,True,event_beautyfullshot_balloon_20,None,5,0,None,,0,None,,0,None,
860,0,10012,,,Character,15,0,sprite_event_beautyfullshot_npc_tag,None,200,,False,2012026,True,event_beautyfullshot_balloon_21,None,5,0,None,,0,None,,0,None,
861,0,10012,,,Character,400,1,sprite_event_beautyfullshot_npc_tag,None,200,,False,2012027,True,event_beautyfullshot_balloon_22,None,5,0,None,,0,None,,0,None,
862,0,10012,,,Character,284,0,sprite_event_beautyfullshot_npc_tag,None,200,,False,2012028,True,event_beautyfullshot_balloon_23,None,5,0,None,,0,None,,0,None,
863,0,10012,,,Character,283,0,sprite_event_beautyfullshot_npc_tag,None,200,,False,2012029,True,event_beautyfullshot_balloon_24,None,5,0,None,,0,None,,0,None,
864,0,10012,,,Character,10,2,sprite_event_beautyfullshot_npc_tag,None,200,,False,2012030,True,event_beautyfullshot_balloon_25,None,5,0,None,,0,None,,0,None,
865,0,10012,,,Character,15,0,sprite_event_beautyfullshot_npc_tag,None,200,,False,2012031,True,event_beautyfullshot_balloon_26,None,5,0,None,,0,None,,0,None,
866,0,10012,,,Character,400,1,sprite_event_beautyfullshot_npc_tag,None,200,,False,2012032,True,event_beautyfullshot_balloon_27,None,5,0,None,,0,None,,0,None,
867,0,10012,,,Character,14,0,sprite_event_beautyfullshot_npc_tag,None,200,,False,2012033,True,event_beautyfullshot_balloon_28,None,5,0,None,,0,None,,0,None,
868,0,10012,,,Character,111,0,sprite_event_beautyfullshot_npc_tag,None,200,,False,2012034,True,event_beautyfullshot_balloon_29,None,5,0,None,,0,None,,0,None,
869,0,10012,,,Character,10,2,sprite_event_beautyfullshot_npc_tag,None,200,,False,2012035,True,event_beautyfullshot_balloon_30,None,5,0,None,,0,None,,0,None,
870,0,10012,,,Character,15,0,sprite_event_beautyfullshot_npc_tag,None,200,,False,2012036,True,event_beautyfullshot_balloon_31,None,5,0,None,,0,None,,0,None,
871,0,10012,,,Character,284,0,sprite_event_beautyfullshot_npc_tag,None,200,,False,2012037,True,event_beautyfullshot_balloon_32,None,5,0,None,,0,None,,0,None,
872,0,10012,,,Character,283,0,sprite_event_beautyfullshot_npc_tag,None,200,,False,2012038,True,event_beautyfullshot_balloon_33,None,5,0,None,,0,None,,0,None,
873,0,10012,,,Character,284,0,sprite_event_beautyfullshot_npc_tag,None,200,,False,2012039,True,event_beautyfullshot_balloon_34,None,5,0,None,,0,None,,0,None,
874,0,10012,,,Character,10,2,sprite_event_beautyfullshot_npc_tag,None,200,,False,2012040,True,event_beautyfullshot_balloon_35,None,5,0,None,,0,None,,0,None,
875,0,10012,,,Character,284,0,sprite_event_beautyfullshot_npc_tag,None,200,,False,2012041,True,event_beautyfullshot_balloon_36,None,5,0,None,,0,None,,0,None,
876,0,10012,,,Character,283,0,sprite_event_beautyfullshot_npc_tag,None,200,,False,2012042,True,event_beautyfullshot_balloon_37,None,5,0,None,,0,None,,0,None,
877,0,10012,,,Character,14,0,sprite_event_beautyfullshot_npc_tag,None,200,,False,2012043,True,event_beautyfullshot_balloon_38,None,5,0,None,,0,None,,0,None,
878,0,10012,,,Character,15,0,sprite_event_beautyfullshot_npc_tag,None,200,,False,2012044,True,event_beautyfullshot_balloon_39,None,5,0,None,,0,None,,0,None,
879,0,10012,,,Character,400,1,sprite_event_beautyfullshot_npc_tag,None,200,,False,2012045,True,event_beautyfullshot_balloon_40,None,5,0,None,,0,None,,0,None,
880,0,10012,,,Character,400,1,sprite_event_beautyfullshot_npc_tag,None,200,,False,2012046,True,event_beautyfullshot_balloon_41,None,5,0,None,,0,None,,0,None,
881,0,10012,,,Character,10,2,sprite_event_beautyfullshot_npc_tag,None,200,,False,2012047,True,event_beautyfullshot_balloon_42,None,5,0,None,,0,None,,0,None,
882,0,10012,,,Character,15,0,sprite_event_beautyfullshot_npc_tag,None,200,,False,2012048,True,event_beautyfullshot_balloon_43,None,5,0,None,,0,None,,0,None,
883,0,10012,,,Character,10,2,sprite_event_beautyfullshot_npc_tag,None,200,,False,2012049,True,event_beautyfullshot_balloon_44,None,5,0,None,,0,None,,0,None,
884,0,10012,,,Character,15,0,sprite_event_beautyfullshot_npc_tag,None,200,,False,2012050,True,event_beautyfullshot_balloon_45,None,5,0,None,,0,None,,0,None,
885,0,10012,,,Character,400,1,sprite_event_beautyfullshot_npc_tag,None,200,,False,2012051,True,event_beautyfullshot_balloon_46,None,5,0,None,,0,None,,0,None,
886,0,10012,,,Character,111,0,sprite_event_beautyfullshot_npc_tag,None,200,,False,2012052,True,event_beautyfullshot_balloon_47,None,5,0,None,,0,None,,0,None,
887,1,10013,Locale_Character:npc_9999999_name_36,Locale_Event:event_contents_storydungeon_before,Npc,9999999,0,sprite_event_ce004_npc_tag,None,200,sprite_btn_event_ce004,False,0,False,,None,0,40055,None,,0,None,,0,None,
888,0,10013,,,Npc,9999999,0,empty,None,200,sprite_btn_event_ce004,False,2013001,False,,None,0,0,None,,0,None,,0,None,
889,2,10013,Locale_Character:npc_9999999_name_37,Locale_Event:event_contents_storydungeon_after,Npc,9999999,0,sprite_event_ce004_npc_tag,None,200,sprite_btn_event_ce004,False,2013002,False,,None,0,40056,None,,0,None,,0,None,
890,0,10013,,,Npc,9999999,0,empty,None,200,sprite_btn_event_ce004,False,2013003,False,,None,0,0,None,,0,None,,0,None,
891,3,10013,Locale_Character:npc_9999999_name_38,Locale_Event:event_contents_storydungeon_story_03,Npc,9999999,0,sprite_event_ce004_npc_tag,None,200,sprite_btn_event_ce004,False,2013004,False,,None,0,40057,None,,0,None,,0,None,
892,4,10013,Locale_Character:npc_9999999_name_43,Locale_Event:event_contents_challenge,Npc,7001007,0,sprite_event_ce004_npc_tag,None,200,sprite_btn_event_ce004,False,0,False,,None,0,60055,None,,0,None,,0,None,
893,0,10013,Locale_Character:npc_9999999_name_40,,Npc,9999999,0,empty,None,200,sprite_btn_event_ce004,False,2013005,False,,None,0,0,None,,0,None,,0,None,
894,7,10013,Locale_Character:npc_9999999_name_40,Locale_Event:event_contents_minigame,Npc,9999999,0,sprite_event_ce004_npc_tag,None,200,sprite_btn_event_ce004,False,2013006,False,,None,0,81501,None,,0,None,,0,None,
895,5,10013,Locale_Character:npc_9999999_name_41,Locale_Event:event_contents_login,Npc,9999999,0,sprite_event_ce004_npc_tag,None,200,sprite_btn_event_ce004,True,0,False,,None,0,81503,None,,0,None,,0,None,
896,6,10013,Locale_Character:npc_9999999_name_39,Locale_Event:event_contents_shop,Npc,9999999,0,sprite_event_ce004_npc_tag,None,200,sprite_btn_event_ce004,True,0,False,,None,0,81502,None,,0,None,,0,None,
897,8,10013,Locale_Character:npc_9999999_name_42,Locale_Event:cooperation_event_name,Npc,9999999,0,sprite_event_ce004_npc_tag,None,200,sprite_btn_event_ce004,True,0,False,,None,0,30046,Cooperation,30046,30047,Cooperation,30047,30048,Cooperation,30048
898,0,10013,Locale_Character:npc_9999999_name_44,,Npc,7009004,0,empty,None,200,,False,2013007,True,event_ce004_balloon_01,None,5,0,None,,0,None,,0,None,
899,0,10013,Locale_Character:npc_9999999_name_44,,Npc,7009005,0,empty,None,200,,False,2013008,True,event_ce004_balloon_02,None,5,0,None,,0,None,,0,None,
900,0,10013,Locale_Character:321_name,,Character,321,0,empty,None,200,,False,2013009,True,event_ce004_balloon_03,None,5,0,None,,0,None,,0,None,
901,0,10013,Locale_Character:npc_9999999_name_44,,Npc,7009006,0,empty,None,200,,False,2013010,False,,None,0,0,None,,0,None,,0,None,
902,0,10013,Locale_Character:391_name,,Npc,7009003,0,empty,None,200,,False,2013011,True,event_ce004_balloon_04,None,5,0,None,,0,None,,0,None,
903,0,10013,Locale_Character:npc_9999999_name_44,,Npc,7009005,0,empty,None,200,,False,2013012,True,event_ce004_balloon_05,None,5,0,None,,0,None,,0,None,
904,0,10013,Locale_Character:390_name,,Npc,7009002,0,empty,None,200,,False,2013013,True,event_ce004_balloon_06,None,5,0,None,,0,None,,0,None,
905,0,10013,Locale_Character:npc_9999999_name_44,,Npc,7009006,0,empty,None,200,,False,2013014,True,event_ce004_balloon_07,None,5,0,None,,0,None,,0,None,
906,0,10013,Locale_Character:321_name,,Character,321,0,empty,None,200,,False,2013015,True,,None,0,0,None,,0,None,,0,None,
907,0,10013,Locale_Character:392_name,,Npc,7009001,0,empty,None,200,,False,2013016,True,,None,0,0,None,,0,None,,0,None,
908,0,10013,Locale_Character:321_name,,Character,321,0,empty,None,200,,False,2013017,True,event_ce004_balloon_08,None,5,0,None,,0,None,,0,None,
909,0,10013,Locale_Character:392_name,,Npc,7009001,0,empty,None,200,,False,2013018,True,event_ce004_balloon_09,None,5,0,None,,0,None,,0,None,
910,0,10013,Locale_Character:391_name,,Npc,7009003,0,empty,None,200,,False,2013019,True,event_ce004_balloon_10,None,5,0,None,,0,None,,0,None,
911,0,10013,Locale_Character:390_name,,Npc,7009002,0,empty,None,200,,False,2013020,True,event_ce004_balloon_11,None,5,0,None,,0,None,,0,None,
912,0,10013,Locale_Character:npc_9999999_name_45,,Npc,7009009,0,empty,None,200,,False,2013021,True,event_ce004_balloon_12,None,5,0,None,,0,None,,0,None,
913,0,10013,Locale_Character:npc_9999999_name_45,,Npc,7009008,0,empty,None,200,,False,2013022,True,event_ce004_balloon_13,None,5,0,None,,0,None,,0,None,
914,0,10013,Locale_Character:830_name,,Character,830,1,empty,None,200,,False,2013023,False,,None,0,0,None,,0,None,,0,None,
915,0,10013,Locale_Character:831_name,,Character,831,1,empty,None,200,,False,2013024,False,,None,0,0,None,,0,None,,0,None,
916,0,10013,Locale_Character:832_name,,Character,832,1,empty,None,200,,False,2013025,False,,None,0,0,None,,0,None,,0,None,
917,0,10013,Locale_Character:833_name,,Character,833,0,empty,None,200,,False,2013026,False,,None,0,0,None,,0,None,,0,None,
918,0,10013,Locale_Character:291_name,,Character,291,0,empty,None,200,,False,2013027,False,,None,0,0,None,,0,None,,0,None,
919,0,10013,Locale_Character:npc_9999999_name_44,,Npc,7009004,0,empty,None,200,,False,2013028,False,,None,0,0,None,,0,None,,0,None,
920,0,10013,Locale_Character:npc_9999999_name_45,,Npc,7009009,0,empty,None,200,,False,2013029,True,event_ce004_balloon_14,None,5,0,None,,0,None,,0,None,
921,0,10013,Locale_Character:npc_9999999_name_45,,Npc,9999999,0,empty,None,200,,False,2013030,True,event_ce004_balloon_15,None,5,0,None,,0,None,,0,None,
922,0,10013,Locale_Character:291_name,,Character,291,0,empty,None,200,,False,2013031,True,event_ce004_balloon_16,None,5,0,None,,0,None,,0,None,
923,0,10013,Locale_Character:833_name,,Character,833,0,empty,None,200,,False,2013032,False,,None,0,0,None,,0,None,,0,None,
924,0,10013,Locale_Character:392_name,,Npc,7009001,0,empty,None,200,,False,2013033,True,event_ce004_balloon_17,None,5,0,None,,0,None,,0,None,
925,0,10013,Locale_Character:391_name,,Npc,7009003,0,empty,None,200,,False,2013034,True,event_ce004_balloon_18,None,5,0,None,,0,None,,0,None,
926,0,10013,Locale_Character:390_name,,Npc,7009002,0,empty,None,200,,False,2013035,True,event_ce004_balloon_19,None,5,0,None,,0,None,,0,None,
927,0,10013,Locale_Character:npc_9999999_name_45,,Npc,9999999,0,empty,None,200,,False,2013036,True,event_ce004_balloon_20,None,5,0,None,,0,None,,0,None,
928,0,10013,Locale_Character:npc_9999999_name_45,,Npc,9999999,0,empty,None,200,,False,2013037,True,event_ce004_balloon_21,None,5,0,None,,0,None,,0,None,
929,0,10013,Locale_Character:830_name,,Character,830,0,empty,None,200,,False,2013038,False,,None,0,0,None,,0,None,,0,None,
930,0,10013,Locale_Character:831_name,,Character,831,1,empty,None,200,,False,2013039,False,,None,0,0,None,,0,None,,0,None,
931,0,10013,Locale_Character:832_name,,Character,832,1,empty,None,200,,False,2013040,False,,None,0,0,None,,0,None,,0,None,
932,0,10013,Locale_Character:833_name,,Character,833,0,empty,None,200,,False,2013041,False,,None,0,0,None,,0,None,,0,None,
933,0,10013,Locale_Character:npc_9999999_name_45,,Npc,7009009,0,empty,None,200,,False,2013042,True,event_ce004_balloon_22,None,5,0,None,,0,None,,0,None,
934,0,10013,Locale_Character:npc_9999999_name_45,,Npc,9999999,0,empty,None,200,,False,2013043,True,event_ce004_balloon_23,None,5,0,None,,0,None,,0,None,
935,0,10013,Locale_Character:833_name,,Character,833,0,empty,None,200,,False,2013044,False,,None,0,0,None,,0,None,,0,None,
936,0,10013,Locale_Character:291_name,,Character,291,0,empty,None,200,,False,2013045,False,,None,0,0,None,,0,None,,0,None,
937,0,10013,Locale_Character:npc_9999999_name_44,,Npc,7009004,0,empty,None,200,,False,2013046,True,event_ce004_balloon_24,None,5,0,None,,0,None,,0,None,
938,0,10013,Locale_Character:npc_9999999_name_44,,Npc,7009005,0,empty,None,200,,False,2013047,True,event_ce004_balloon_25,None,5,0,None,,0,None,,0,None,
939,0,10013,Locale_Character:npc_9999999_name_45,,Npc,9999999,0,empty,None,200,,False,2013048,True,event_ce004_balloon_26,None,5,0,None,,0,None,,0,None,
940,0,10013,Locale_Character:npc_9999999_name_45,,Npc,9999999,0,empty,None,200,,False,2013049,True,event_ce004_balloon_27,None,5,0,None,,0,None,,0,None,
941,0,10013,Locale_Character:833_name,,Character,833,0,empty,None,200,,False,2013050,False,,None,0,0,None,,0,None,,0,None,
942,0,10013,Locale_Character:291_name,,Character,291,0,empty,None,200,,False,2013051,False,,None,0,0,None,,0,None,,0,None,
943,0,10013,Locale_Character:npc_9999999_name_44,,Npc,7009006,0,empty,None,200,,False,2013052,False,,None,0,0,None,,0,None,,0,None,
944,0,10013,Locale_Character:392_name,,Npc,7009001,0,empty,None,200,,False,2013053,True,event_ce004_balloon_28,None,5,0,None,,0,None,,0,None,
945,0,10013,Locale_Character:391_name,,Npc,7009003,0,empty,None,200,,False,2013054,True,event_ce004_balloon_29,None,5,0,None,,0,None,,0,None,
946,0,10013,Locale_Character:390_name,,Npc,7009002,0,empty,None,200,,False,2013055,True,event_ce004_balloon_30,None,5,0,None,,0,None,,0,None,
947,0,10013,Locale_Character:npc_9999999_name_45,,Npc,9999999,0,empty,None,200,,False,2013056,True,event_ce004_balloon_31,None,5,0,None,,0,None,,0,None,
948,0,10013,Locale_Character:npc_9999999_name_45,,Npc,9999999,0,empty,None,200,,False,2013057,True,event_ce004_balloon_32,None,5,0,None,,0,None,,0,None,
949,0,10013,Locale_Character:830_name,,Character,830,0,empty,None,200,,False,2013058,False,,None,0,0,None,,0,None,,0,None,
950,0,10013,Locale_Character:831_name,,Character,831,0,empty,None,200,,False,2013059,False,,None,0,0,None,,0,None,,0,None,
951,0,10013,Locale_Character:832_name,,Character,832,0,empty,None,200,,False,2013060,False,,None,0,0,None,,0,None,,0,None,
952,0,10013,Locale_Character:321_name,,Character,321,0,empty,None,200,,False,2013061,True,event_ce004_balloon_33,None,5,0,None,,0,None,,0,None,
953,0,10013,Locale_Character:npc_9999999_name_44,,Npc,7009004,0,empty,None,200,,False,2013062,True,event_ce004_balloon_34,None,5,0,None,,0,None,,0,None,
954,0,10013,Locale_Character:npc_9999999_name_44,,Npc,7009005,0,empty,None,200,,False,2013063,True,event_ce004_balloon_35,None,5,0,None,,0,None,,0,None,
955,0,10013,Locale_Character:830_name,,Character,830,1,empty,None,200,,False,2013064,False,,None,0,0,None,,0,None,,0,None,
956,0,10013,Locale_Character:831_name,,Character,831,1,empty,None,200,,False,2013065,False,,None,0,0,None,,0,None,,0,None,
957,0,10013,Locale_Character:832_name,,Character,832,1,empty,None,200,,False,2013066,False,,None,0,0,None,,0,None,,0,None,
958,0,10013,Locale_Character:833_name,,Character,833,0,empty,None,200,,False,2013067,False,,None,0,0,None,,0,None,,0,None,
959,0,10013,Locale_Character:291_name,,Character,291,0,empty,None,200,,False,2013068,False,,None,0,0,None,,0,None,,0,None,
960,0,10013,Locale_Character:npc_9999999_name_45,,Npc,9999999,0,empty,None,200,,False,2013069,True,event_ce004_balloon_36,None,5,0,None,,0,None,,0,None,
961,0,10013,Locale_Character:npc_9999999_name_45,,Npc,9999999,0,empty,None,200,,False,2013070,True,event_ce004_balloon_37,None,5,0,None,,0,None,,0,None,
962,0,10013,Locale_Character:npc_9999999_name_45,,Npc,9999999,0,empty,None,200,,False,2013071,True,event_ce004_balloon_38,None,5,0,None,,0,None,,0,None,
963,0,10013,Locale_Character:833_name,,Character,833,0,empty,None,200,,False,2013072,False,,None,0,0,None,,0,None,,0,None,
964,0,10013,Locale_Character:291_name,,Character,291,0,empty,None,200,,False,2013073,False,,None,0,0,None,,0,None,,0,None,
965,0,10013,Locale_Character:npc_9999999_name_44,,Npc,7009006,0,empty,None,200,,False,2013074,False,,None,0,0,None,,0,None,,0,None,
966,0,10013,Locale_Character:npc_9999999_name_44,,Npc,7009004,0,empty,None,200,,False,2013075,False,,None,0,0,None,,0,None,,0,None,
967,0,10013,Locale_Character:npc_9999999_name_44,,Npc,7009005,0,empty,None,200,,False,2013076,False,,None,0,0,None,,0,None,,0,None,
968,0,10013,Locale_Character:392_name,,Npc,7009001,0,empty,None,200,,False,2013077,True,event_ce004_balloon_39,None,5,0,None,,0,None,,0,None,
969,0,10013,Locale_Character:npc_9999999_name_44,,Npc,7009006,0,empty,None,200,,False,2013078,True,event_ce004_balloon_40,None,5,0,None,,0,None,,0,None,
970,0,10013,Locale_Character:npc_9999999_name_45,,Npc,7009007,0,empty,None,200,,False,2013079,True,event_ce004_balloon_41,None,5,0,None,,0,None,,0,None,
971,0,10013,Locale_Character:npc_9999999_name_45,,Npc,7009008,0,empty,None,200,,False,2013080,True,event_ce004_balloon_42,None,5,0,None,,0,None,,0,None,
972,0,10013,Locale_Character:npc_9999999_name_45,,Npc,7009009,0,empty,None,200,,False,2013081,True,event_ce004_balloon_43,None,5,0,None,,0,None,,0,None,
973,0,10013,Locale_Character:npc_9999999_name_44,,Npc,7009004,0,empty,None,200,,False,2013082,False,,None,0,0,None,,0,None,,0,None,
974,0,10013,Locale_Character:npc_9999999_name_44,,Npc,7009005,0,empty,None,200,,False,2013083,False,,None,0,0,None,,0,None,,0,None,
975,0,10013,Locale_Character:321_name,,Character,321,0,empty,None,200,,False,2013084,False,,None,0,0,None,,0,None,,0,None,
976,0,10013,Locale_Character:npc_9999999_name_44,,Npc,7009004,0,empty,None,200,,False,2013085,True,event_ce004_balloon_44,None,5,0,None,,0,None,,0,None,
977,0,10013,Locale_Character:npc_9999999_name_44,,Npc,7009006,0,empty,None,200,,False,2013086,True,event_ce004_balloon_45,None,5,0,None,,0,None,,0,None,
978,0,10013,Locale_Character:npc_9999999_name_44,,Npc,7009005,0,empty,None,200,,False,2013087,False,,None,0,0,None,,0,None,,0,None,
979,0,10013,Locale_Character:392_name,,Npc,7009001,0,empty,None,200,,False,2013088,False,,None,0,0,None,,0,None,,0,None,
980,0,10013,Locale_Character:391_name,,Npc,7009003,0,empty,None,200,,False,2013089,False,,None,0,0,None,,0,None,,0,None,
981,0,10013,Locale_Character:390_name,,Npc,7009002,0,empty,None,200,,False,2013090,False,,None,0,0,None,,0,None,,0,None,
982,0,10013,Locale_Character:npc_9999999_name_44,,Npc,7009004,0,empty,None,200,,False,2013091,True,event_ce004_balloon_46,None,5,0,None,,0,None,,0,None,
983,0,10013,Locale_Character:npc_9999999_name_44,,Npc,7009005,0,empty,None,200,,False,2013092,True,event_ce004_balloon_47,None,5,0,None,,0,None,,0,None,
984,0,10013,Locale_Character:npc_9999999_name_44,,Npc,7009006,0,empty,None,200,,False,2013093,True,event_ce004_balloon_48,None,5,0,None,,0,None,,0,None,
985,0,10013,Locale_Character:npc_9999999_name_45,,Npc,7009009,0,empty,None,200,,False,2013094,False,,None,0,0,None,,0,None,,0,None,
986,0,10013,Locale_Character:321_name,,Character,321,0,empty,None,200,,False,2013095,True,event_ce004_balloon_49,None,5,0,None,,0,None,,0,None,
987,0,10013,Locale_Character:391_name,,Npc,7009003,0,empty,None,200,,False,2013096,True,event_ce004_balloon_50,None,5,0,None,,0,None,,0,None,
988,0,10013,Locale_Character:390_name,,Npc,7009002,0,empty,None,200,,False,2013097,True,event_ce004_balloon_51,None,5,0,None,,0,None,,0,None,
989,0,10013,Locale_Character:392_name,,Npc,7009001,0,empty,None,200,,False,2013098,True,event_ce004_balloon_52,None,5,0,None,,0,None,,0,None,
990,0,10013,Locale_Character:npc_9999999_name_45,,Npc,9999999,0,empty,None,200,,False,2013099,True,event_ce004_balloon_53,None,5,0,None,,0,None,,0,None,
991,0,10013,Locale_Character:npc_9999999_name_45,,Npc,9999999,0,empty,None,200,,False,2013100,True,event_ce004_balloon_54,None,5,0,None,,0,None,,0,None,
992,0,10013,Locale_Character:npc_9999999_name_44,,Npc,7009004,0,empty,None,200,,False,2013101,False,,None,0,0,None,,0,None,,0,None,
993,0,10013,Locale_Character:npc_9999999_name_44,,Npc,7009005,0,empty,None,200,,False,2013102,False,,None,0,0,None,,0,None,,0,None,
994,0,10013,Locale_Character:npc_9999999_name_45,,Npc,7009009,0,empty,None,200,,False,2013103,False,,None,0,0,None,,0,None,,0,None,
995,0,10013,Locale_Character:291_name,,Character,291,0,empty,None,200,,False,2013104,False,,None,0,0,None,,0,None,,0,None,
996,0,10013,Locale_Character:392_name,,Npc,7009001,0,empty,None,200,,False,2013105,True,event_ce004_balloon_55,None,5,0,None,,0,None,,0,None,
997,0,10013,Locale_Character:npc_9999999_name_45,,Npc,7009008,0,empty,None,200,,False,2013106,True,event_ce004_balloon_56,None,5,0,None,,0,None,,0,None,
998,0,10013,Locale_Character:npc_9999999_name_45,,Npc,7009007,0,empty,None,200,,False,2013107,True,event_ce004_balloon_57,None,5,0,None,,0,None,,0,None,
999,0,10013,Locale_Character:npc_9999999_name_44,,Npc,7009004,0,empty,None,200,,False,2013108,False,,None,0,0,None,,0,None,,0,None,
1000,0,10013,Locale_Character:npc_9999999_name_44,,Npc,7009005,0,empty,None,200,,False,2013109,False,,None,0,0,None,,0,None,,0,None,
1001,0,10013,Locale_Character:npc_9999999_name_44,,Npc,7009006,0,empty,None,200,,False,2013110,False,,None,0,0,None,,0,None,,0,None,
1002,0,10013,,,Npc,9999999,0,empty,None,200,,False,2013111,False,,None,0,0,None,,0,None,,0,None,
1003,0,10013,,,Npc,9999999,0,empty,None,200,,False,2013112,False,,None,0,0,None,,0,None,,0,None,
1004,0,10013,,,Npc,9999999,0,empty,None,200,,False,2013113,False,,None,0,0,None,,0,None,,0,None,
1005,0,10013,,,Npc,9999999,0,empty,None,200,,False,2013114,False,,None,0,0,None,,0,None,,0,None,
1006,1,10016,Locale_Character:npc_9999999_name_46,Locale_Event:event_contents_storydungeon_before,Npc,9999999,0,,None,300,,False,0,False,,None,0,40061,None,,0,None,,0,None,
1007,0,10016,Locale_Character:npc_9999999_name_47,,Npc,9999999,0,,None,350,,False,2016001,False,,None,0,0,None,,0,None,,0,None,
1008,4,10016,Locale_Character:npc_9999999_name_47,Locale_Event:event_contents_storydungeon_after,Npc,9999999,0,,None,350,,False,2016002,False,,None,0,40062,None,,0,None,,0,None,
1009,2,10016,Locale_Character:npc_9999999_name_48,Locale_Event:event_contents_challenge,Npc,7001007,0,,None,200,,False,0,False,,None,0,60061,None,,0,None,,0,None,
1010,0,10016,Locale_Character:npc_9999999_name_49,,Npc,9999999,0,,None,200,,False,2016003,False,,None,0,0,None,,0,None,,0,None,
1011,5,10016,Locale_Character:npc_9999999_name_49,Locale_Event:event_contents_minigame,Npc,9999999,0,,None,200,,False,2016004,False,,None,0,81601,None,,0,None,,0,None,
1012,3,10016,Locale_Character:npc_9999999_name_50,Locale_Event:event_contents_login,Npc,9999999,0,,None,200,,True,0,False,,None,0,81603,None,,0,None,,0,None,
1013,6,10016,Locale_Character:npc_9999999_name_51,Locale_Event:event_contents_shop,Npc,9999999,0,,None,200,,True,0,False,,None,0,81602,None,,0,None,,0,None,
1014,0,10016,,,Npc,7016003,0,,None,200,,False,2016005,False,,None,0,0,None,,0,None,,0,None,
1015,0,10016,,,Npc,7016004,0,,None,200,,False,2016006,False,,None,0,0,None,,0,None,,0,None,
1016,0,10016,,,Npc,7016005,0,,None,200,,False,2016007,False,,None,0,0,None,,0,None,,0,None,
1017,0,10016,,,Npc,7016006,0,,None,200,,False,2016008,False,,None,0,0,None,,0,None,,0,None,
1018,0,10016,,,Npc,7016007,0,,None,200,,False,2016009,False,,None,0,0,None,,0,None,,0,None,
1019,0,10016,,,Npc,7016001,0,,None,200,,False,2016010,False,,None,0,0,None,,0,None,,0,None,
1020,0,10016,,,Npc,7016003,0,,None,200,,False,2016011,False,,None,0,0,None,,0,None,,0,None,
1021,0,10016,,,Npc,7016004,0,,None,200,,False,2016012,False,,None,0,0,None,,0,None,,0,None,
1022,0,10016,,,Npc,7016005,0,,None,200,,False,2016013,False,,None,0,0,None,,0,None,,0,None,
1023,0,10016,,,Npc,7016006,0,,None,200,,False,2016014,False,,None,0,0,None,,0,None,,0,None,
1024,0,10016,,,Npc,7016007,0,,None,200,,False,2016015,False,,None,0,0,None,,0,None,,0,None,
1025,0,10016,,,Npc,7016008,0,,None,200,,False,2016016,False,,None,0,0,None,,0,None,,0,None,
1026,0,10016,,,Npc,7016009,0,,None,200,,False,2016017,False,,None,0,0,None,,0,None,,0,None,
1027,0,10016,,,Npc,7016010,0,,None,200,,False,2016018,False,,None,0,0,None,,0,None,,0,None,
1028,0,10016,,,Npc,7016011,0,,None,200,,False,2016019,False,,None,0,0,None,,0,None,,0,None,
1029,0,10016,,,Npc,7016014,0,,None,200,,False,2016020,False,,None,0,0,None,,0,None,,0,None,
1030,0,10016,,,Npc,7016002,0,,None,200,,False,2016021,False,,None,0,0,None,,0,None,,0,None,
1031,0,10016,,,Npc,7016008,0,,None,200,,False,2016022,False,,None,0,0,None,,0,None,,0,None,
1032,0,10016,,,Npc,7016009,0,,None,200,,False,2016023,False,,None,0,0,None,,0,None,,0,None,
1033,0,10016,,,Npc,7016010,0,,None,200,,False,2016024,False,,None,0,0,None,,0,None,,0,None,
1034,0,10016,,,Npc,7016012,0,,None,200,,False,2016025,False,,None,0,0,None,,0,None,,0,None,
1035,0,10016,,,Npc,9999999,0,,None,400,,False,2016026,False,,None,0,0,None,,0,None,,0,None,
1036,0,10016,,,Npc,9999999,0,,None,400,,False,2016027,False,,None,0,0,None,,0,None,,0,None,
1037,0,10016,,,Npc,9999999,0,,None,400,,False,2016028,False,,None,0,0,None,,0,None,,0,None,
1038,0,10016,,,Npc,9999999,0,,None,400,,False,2016029,False,,None,0,0,None,,0,None,,0,None,
1039,0,10016,,,Npc,9999999,0,,None,400,,False,2016030,False,,None,0,0,None,,0,None,,0,None,
1040,0,10016,,,Npc,9999999,0,,None,400,,False,2016031,False,,None,0,0,None,,0,None,,0,None,
1041,1,10017,Locale_Character:npc_9999999_name_52,Locale_Event:event_contents_storydungeon_before,Npc,9999999,0,sprite_event_icedragonsaga_npc_tag,None,200,sprite_btn_event_icedragonsaga,False,0,False,,None,0,40064,None,,0,None,,0,None,
1042,0,10017,Locale_Character:npc_9999999_name_53,,Npc,9999999,0,sprite_event_icedragonsaga_npc_tag,None,250,sprite_btn_event_icedragonsaga,False,2017001,False,,None,0,0,None,,0,None,,0,None,
1043,2,10017,Locale_Character:npc_9999999_name_53,Locale_Event:event_contents_storydungeon_after,Npc,9999999,0,sprite_event_icedragonsaga_npc_tag,None,250,sprite_btn_event_icedragonsaga,False,2017002,False,,None,0,40065,None,,0,None,,0,None,
1044,3,10017,Locale_Character:npc_9999999_name_54,Locale_Event:event_contents_challenge,Npc,7001007,0,sprite_event_icedragonsaga_npc_tag,None,200,sprite_btn_event_icedragonsaga,False,0,False,,None,0,60064,None,,0,None,,0,None,
1045,0,10017,Locale_Character:npc_9999999_name_55,,Npc,7017014,0,sprite_event_icedragonsaga_npc_tag,None,200,sprite_btn_event_icedragonsaga,False,2017003,False,,None,0,0,None,,0,None,,0,None,
1046,4,10017,Locale_Character:npc_9999999_name_55,Locale_Event:event_contents_minigame,Npc,7017014,0,sprite_event_icedragonsaga_npc_tag,None,200,sprite_btn_event_icedragonsaga,False,2017004,False,,None,0,81701,None,,0,None,,0,None,
1047,5,10017,Locale_Character:npc_9999999_name_56,Locale_Event:event_contents_login,Npc,9999999,0,sprite_event_icedragonsaga_npc_tag,None,250,sprite_btn_event_icedragonsaga,True,0,False,,None,0,81703,None,,0,None,,0,None,
1048,6,10017,Locale_Character:npc_9999999_name_57,Locale_Event:event_contents_shop,Npc,9999999,0,sprite_event_icedragonsaga_npc_tag,None,250,sprite_btn_event_icedragonsaga,True,0,False,,None,0,81702,None,,0,None,,0,None,
1049,0,10017,,,Character,30,0,,None,200,,False,2017005,True,event_icedragonsaga_balloon_01,None,5,0,None,,0,None,,0,None,
1050,0,10017,,,Character,32,0,,None,200,,False,2017006,False,,None,5,0,None,,0,None,,0,None,
1051,0,10017,,,Character,33,0,,None,200,,False,2017007,False,,None,5,0,None,,0,None,,0,None,
1052,0,10017,,,Character,210,1,,None,200,,False,2017008,True,event_icedragonsaga_balloon_02,None,5,0,None,,0,None,,0,None,
1053,0,10017,,,Character,313,0,,None,200,,False,2017009,True,event_icedragonsaga_balloon_03,None,5,0,None,,0,None,,0,None,
1054,0,10017,,,Npc,7017013,0,,None,200,,False,2017010,True,event_icedragonsaga_balloon_04,None,5,0,None,,0,None,,0,None,
1055,0,10017,,,Character,91,1,,None,200,,False,2017011,True,event_icedragonsaga_balloon_05,None,5,0,None,,0,None,,0,None,
1056,0,10017,,,Character,183,0,,None,200,,False,2017012,True,event_icedragonsaga_balloon_06,None,5,0,None,,0,None,,0,None,
1057,0,10017,,,Character,91,1,,None,200,,False,2017013,True,event_icedragonsaga_balloon_07,None,5,0,None,,0,None,,0,None,
1058,0,10017,,,Npc,7017007,0,,None,200,,False,2017014,True,event_icedragonsaga_balloon_08,None,5,0,None,,0,None,,0,None,
1059,0,10017,,,Character,431,1,,None,200,,False,2017015,True,event_icedragonsaga_balloon_09,None,5,0,None,,0,None,,0,None,
1060,0,10017,,,Character,431,1,,None,200,,False,2017016,True,event_icedragonsaga_balloon_10,None,5,0,None,,0,None,,0,None,
1061,0,10017,,,Npc,7007001,0,,None,200,,False,2017017,True,event_icedragonsaga_balloon_11,None,5,0,None,,0,None,,0,None,
1062,0,10017,,,Character,183,0,,None,200,,False,2017018,True,event_icedragonsaga_balloon_12,None,5,0,None,,0,None,,0,None,
1063,0,10017,,,Npc,7007001,0,,None,200,,False,2017019,True,event_icedragonsaga_balloon_13,None,5,0,None,,0,None,,0,None,
1064,0,10017,,,Character,282,0,,None,200,,False,2017020,True,event_icedragonsaga_balloon_14,None,5,0,None,,0,None,,0,None,
1065,0,10017,,,Character,280,0,,None,200,,False,2017021,True,event_icedragonsaga_balloon_15,None,5,0,None,,0,None,,0,None,
1066,0,10017,,,Character,281,0,,None,200,,False,2017022,True,event_icedragonsaga_balloon_16,None,5,0,None,,0,None,,0,None,
1067,0,10017,,,Character,183,0,,None,200,,False,2017023,True,event_icedragonsaga_balloon_17,None,5,0,None,,0,None,,0,None,
1068,0,10017,,,Npc,7007001,0,,None,200,,False,2017024,True,event_icedragonsaga_balloon_18,None,5,0,None,,0,None,,0,None,
1069,0,10017,,,Character,313,0,,None,200,,False,2017025,True,event_icedragonsaga_balloon_19,None,5,0,None,,0,None,,0,None,
1070,0,10017,,,Character,101,2,,None,200,,False,2017026,True,event_icedragonsaga_balloon_20,None,5,0,None,,0,None,,0,None,
1071,0,10017,,,Character,280,0,,None,200,,False,2017027,True,event_icedragonsaga_balloon_21,None,5,0,None,,0,None,,0,None,
1072,0,10017,,,Character,171,0,,None,200,,False,2017028,True,event_icedragonsaga_balloon_22,None,5,0,None,,0,None,,0,None,
1073,0,10017,,,Character,281,0,,None,200,,False,2017029,True,event_icedragonsaga_balloon_23,None,5,0,None,,0,None,,0,None,
1074,0,10017,,,Character,183,0,,None,200,,False,2017030,True,event_icedragonsaga_balloon_24,None,5,0,None,,0,None,,0,None,
1075,0,10017,,,Character,210,1,,None,200,,False,2017031,True,event_icedragonsaga_balloon_25,None,5,0,None,,0,None,,0,None,
1076,0,10017,,,Character,183,0,,None,200,,False,2017032,True,event_icedragonsaga_balloon_26,None,5,0,None,,0,None,,0,None,
1077,0,10017,,,Character,100,0,,None,200,,False,2017033,True,event_icedragonsaga_balloon_27,None,5,0,None,,0,None,,0,None,
1078,0,10017,,,Character,183,0,,None,200,,False,2017034,True,event_icedragonsaga_balloon_28,None,5,0,None,,0,None,,0,None,
1079,0,10017,,,Character,431,1,,None,200,,False,2017035,True,event_icedragonsaga_balloon_29,None,5,0,None,,0,None,,0,None,
1080,0,10017,,,Character,171,0,,None,200,,False,2017036,True,event_icedragonsaga_balloon_30,None,5,0,None,,0,None,,0,None,
1081,0,10017,,,Character,100,0,,None,200,,False,2017037,True,event_icedragonsaga_balloon_31,None,5,0,None,,0,None,,0,None,
1082,0,10017,,,Character,101,2,,None,200,,False,2017038,True,event_icedragonsaga_balloon_32,None,5,0,None,,0,None,,0,None,
1083,0,10017,,,Character,210,1,,None,200,,False,2017039,True,event_icedragonsaga_balloon_33,None,5,0,None,,0,None,,0,None,
1084,0,10017,,,Character,313,0,,None,200,,False,2017040,True,event_icedragonsaga_balloon_34,None,5,0,None,,0,None,,0,None,
1085,0,10017,,,Character,91,1,,None,200,,False,2017041,True,event_icedragonsaga_balloon_35,None,5,0,None,,0,None,,0,None,
1086,0,10017,,,Character,212,0,,None,200,,False,2017042,True,event_icedragonsaga_balloon_36,None,5,0,None,,0,None,,0,None,
1087,0,10017,,,Character,142,0,,None,200,,False,2017043,True,event_icedragonsaga_balloon_37,None,5,0,None,,0,None,,0,None,
1128,0,10017,,,Npc,7017010,0,,None,200,,False,2017084,True,event_icedragonsaga_balloon_38,None,5,0,None,,0,None,,0,None,
1088,0,10017,,,Npc,7005005,0,,None,200,,False,2017044,False,,None,0,0,None,,0,None,,0,None,
1089,0,10017,,,Npc,7017005,0,,None,200,,False,2017045,False,,None,0,0,None,,0,None,,0,None,
1090,0,10017,,,Npc,7005002,0,,None,200,,False,2017046,False,,None,0,0,None,,0,None,,0,None,
1091,0,10017,,,Npc,7005008,0,,None,200,,False,2017047,False,,None,0,0,None,,0,None,,0,None,
1092,0,10017,,,Npc,7017006,0,,None,200,,False,2017048,False,,None,0,0,None,,0,None,,0,None,
1093,0,10017,,,Npc,7017001,0,,None,200,,False,2017049,False,,None,0,0,None,,0,None,,0,None,
1094,0,10017,,,Npc,7017002,0,,None,200,,False,2017050,False,,None,0,0,None,,0,None,,0,None,
1095,0,10017,,,Npc,7017003,0,,None,200,,False,2017051,False,,None,0,0,None,,0,None,,0,None,
1096,0,10017,,,Npc,7005005,0,,None,200,,False,2017052,False,,None,0,0,None,,0,None,,0,None,
1097,0,10017,,,Npc,7005008,0,,None,200,,False,2017053,False,,None,0,0,None,,0,None,,0,None,
1098,0,10017,,,Npc,7017004,0,,None,200,,False,2017054,False,,None,0,0,None,,0,None,,0,None,
1099,0,10017,,,Npc,7017005,0,,None,200,,False,2017055,False,,None,0,0,None,,0,None,,0,None,
1100,0,10017,,,Npc,7017006,0,,None,200,,False,2017056,False,,None,0,0,None,,0,None,,0,None,
1101,0,10017,,,Npc,7005001,0,,None,200,,False,2017057,False,,None,0,0,None,,0,None,,0,None,
1102,0,10017,,,Npc,7005002,0,,None,200,,False,2017058,False,,None,0,0,None,,0,None,,0,None,
1103,0,10017,,,Npc,7017001,0,,None,200,,False,2017059,False,,None,0,0,None,,0,None,,0,None,
1104,0,10017,,,Npc,7017002,0,,None,200,,False,2017060,False,,None,0,0,None,,0,None,,0,None,
1105,0,10017,,,Npc,7017003,0,,None,200,,False,2017061,False,,None,0,0,None,,0,None,,0,None,
1106,0,10017,,,Npc,7017004,0,,None,200,,False,2017062,False,,None,0,0,None,,0,None,,0,None,
1107,0,10017,,,Npc,7005001,0,,None,200,,False,2017063,False,,None,0,0,None,,0,None,,0,None,
1108,0,10017,,,Npc,7017004,0,,None,200,,False,2017064,False,,None,0,0,None,,0,None,,0,None,
1109,0,10017,,,Npc,7005001,0,,None,200,,False,2017065,False,,None,0,0,None,,0,None,,0,None,
1110,0,10017,,,Character,431,1,,None,200,,False,2017066,False,,None,0,0,None,,0,None,,0,None,
1111,0,10017,,,Character,91,1,,None,200,,False,2017067,False,,None,0,0,None,,0,None,,0,None,
1112,0,10017,,,Npc,7017006,0,,None,200,,False,2017068,False,,None,0,0,None,,0,None,,0,None,
1113,0,10017,,,Npc,7017005,0,,None,200,,False,2017069,False,,None,0,0,None,,0,None,,0,None,
1114,0,10017,,,Npc,7005002,0,,None,200,,False,2017070,False,,None,0,0,None,,0,None,,0,None,
1115,0,10017,,,Npc,7017001,0,,None,200,,False,2017071,False,,None,0,0,None,,0,None,,0,None,
1116,0,10017,,,Npc,7005005,0,,None,200,,False,2017072,False,,None,0,0,None,,0,None,,0,None,
1117,0,10017,,,Npc,7005008,0,,None,200,,False,2017073,False,,None,0,0,None,,0,None,,0,None,
1118,0,10017,,,Npc,7017004,0,,None,200,,False,2017074,False,,None,0,0,None,,0,None,,0,None,
1119,0,10017,,,Npc,7005001,0,,None,200,,False,2017075,False,,None,0,0,None,,0,None,,0,None,
1120,0,10017,,,Npc,7017001,0,,None,200,,False,2017076,False,,None,0,0,None,,0,None,,0,None,
1121,0,10017,,,Npc,7017002,0,,None,200,,False,2017077,False,,None,0,0,None,,0,None,,0,None,
1122,0,10017,,,Npc,7017003,0,,None,200,,False,2017078,False,,None,0,0,None,,0,None,,0,None,
1123,0,10017,,,Npc,7017006,0,,None,200,,False,2017079,False,,None,0,0,None,,0,None,,0,None,
1124,0,10017,,,Npc,7005005,0,,None,200,,False,2017080,False,,None,0,0,None,,0,None,,0,None,
1125,0,10017,,,Npc,7017005,0,,None,200,,False,2017081,False,,None,0,0,None,,0,None,,0,None,
1126,0,10017,,,Npc,7005002,0,,None,200,,False,2017082,False,,None,0,0,None,,0,None,,0,None,
1127,0,10017,,,Npc,7017001,0,,None,200,,False,2017083,False,,None,0,0,None,,0,None,,0,None,
1129,0,10017,,,Npc,7017012,0,,None,200,,False,2017085,False,,None,0,0,None,,0,None,,0,None,
1130,0,10017,,,Npc,9999999,0,,None,200,,False,2017086,False,,None,0,0,None,,0,None,,0,None,
1131,1,10018,Locale_Character:npc_9999999_name_70,Locale_Event:event_contents_storydungeon_before,Npc,9999999,0,sprite_event_ce005_npc_tag,None,200,sprite_btn_event_ce005,False,0,False,,None,0,40070,None,,0,None,,0,None,
1132,0,10018,Locale_Character:npc_9999999_name_71,,Npc,9999999,0,empty,None,200,sprite_btn_event_ce005,False,2018001,False,,None,0,0,None,,0,None,,0,None,
1133,2,10018,Locale_Character:npc_9999999_name_71,Locale_Event:event_contents_storydungeon_after,Npc,9999999,0,sprite_event_ce005_npc_tag,None,200,sprite_btn_event_ce005,False,2018002,False,,None,0,40071,None,,0,None,,0,None,
1134,3,10018,Locale_Character:npc_9999999_name_76,Locale_Event:event_contents_challenge,Npc,7001007,0,sprite_event_ce005_npc_tag,None,200,sprite_btn_event_ce005,False,0,False,,None,0,60070,None,,0,None,,0,None,
1135,0,10018,Locale_Character:npc_9999999_name_75,,Npc,9999999,0,empty,None,200,sprite_btn_event_ce005,False,2018005,False,,None,0,0,None,,0,None,,0,None,
1136,4,10018,Locale_Character:npc_9999999_name_75,Locale_Event:event_contents_minigame,Npc,9999999,0,sprite_event_ce005_npc_tag,None,200,sprite_btn_event_ce005,False,2018006,False,,None,0,81901,None,,0,None,,0,None,
1137,5,10018,Locale_Character:npc_9999999_name_74,Locale_Event:event_contents_login,Npc,9999999,0,sprite_event_ce005_npc_tag,None,200,sprite_btn_event_ce005,True,0,False,,None,0,81903,None,,0,None,,0,None,
1138,6,10018,Locale_Character:npc_9999999_name_72,Locale_Event:event_contents_shop,Npc,9999999,0,sprite_event_ce005_npc_tag,None,200,sprite_btn_event_ce005,True,0,False,,None,0,81902,None,,0,None,,0,None,
1139,7,10018,Locale_Character:npc_9999999_name_73,Locale_Event:cooperation_event_name,Npc,9999999,0,sprite_event_ce005_npc_tag,None,200,sprite_btn_event_ce005,True,0,False,,None,0,30059,Cooperation,30059,30060,Cooperation,30060,30061,Cooperation,30061
1140,0,10018,,,Character,300,0,empty,None,200,,False,2018007,True,event_ce005_balloon_01,None,5,0,None,,0,None,,0,None,
1141,0,10018,,,Character,304,0,empty,None,200,,False,2018008,True,event_ce005_balloon_08,None,5,0,None,,0,None,,0,None,
1142,0,10018,,,Character,80,0,empty,None,200,,False,2018009,True,event_ce005_balloon_09,None,5,0,None,,0,None,,0,None,
1143,0,10018,,,Character,352,0,empty,None,200,,False,2018010,True,event_ce005_balloon_10,None,5,0,None,,0,None,,0,None,
1144,0,10018,,,Character,11,0,empty,None,200,,False,2018011,True,event_ce005_balloon_18,None,5,0,None,,0,None,,0,None,
1145,0,10018,,,Character,350,0,empty,None,200,,False,2018012,True,event_ce005_balloon_22,None,5,0,None,,0,None,,0,None,
1146,0,10018,,,Character,351,0,empty,None,200,,False,2018013,True,event_ce005_balloon_26,None,5,0,None,,0,None,,0,None,
1147,0,10018,,,Character,10,0,empty,None,200,,False,2018014,False,,None,0,0,None,,0,None,,0,None,
1148,0,10018,,,Character,12,0,empty,None,200,,False,2018015,False,,None,0,0,None,,0,None,,0,None,
1149,0,10018,,,Character,300,0,empty,None,200,,False,2018016,True,event_ce005_balloon_02,None,5,0,None,,0,None,,0,None,
1150,0,10018,,,Character,304,0,empty,None,200,,False,2018017,False,,None,0,0,None,,0,None,,0,None,
1151,0,10018,,,Character,305,0,empty,None,200,,False,2018018,False,,None,0,0,None,,0,None,,0,None,
1152,0,10018,Locale_Character:npc_9999999_name_45,,Npc,7009007,0,empty,None,200,,False,2018019,True,event_ce005_balloon_58,None,5,0,None,,0,None,,0,None,
1153,0,10018,,,Character,10,0,empty,None,200,,False,2018020,True,event_ce005_balloon_29,None,5,0,None,,0,None,,0,None,
1154,0,10018,,,Character,131,0,empty,None,200,,False,2018021,True,event_ce005_balloon_34,None,5,0,None,,0,None,,0,None,
1155,0,10018,,,Character,835,0,empty,None,200,,False,2018022,False,,None,0,0,None,,0,None,,0,None,
1156,0,10018,,,Character,836,0,empty,None,200,,False,2018023,False,,None,0,0,None,,0,None,,0,None,
1157,0,10018,,,Character,834,0,empty,None,200,,False,2018024,False,,None,0,0,None,,0,None,,0,None,
1158,0,10018,,,Character,352,0,empty,None,200,,False,2018025,False,,None,0,0,None,,0,None,,0,None,
1159,0,10018,,,Character,300,0,empty,None,200,,False,2018026,True,event_ce005_balloon_03,None,5,0,None,,0,None,,0,None,
1160,0,10018,,,Character,304,0,empty,None,200,,False,2018027,False,,None,0,0,None,,0,None,,0,None,
1161,0,10018,,,Character,305,0,empty,None,200,,False,2018028,False,,None,0,0,None,,0,None,,0,None,
1162,0,10018,,,Character,352,0,empty,None,200,,False,2018029,True,event_ce005_balloon_11,None,5,0,None,,0,None,,0,None,
1163,0,10018,,,Character,10,0,empty,None,200,,False,2018030,True,event_ce005_balloon_30,None,5,0,None,,0,None,,0,None,
1164,0,10018,,,Character,12,0,empty,None,200,,False,2018031,True,event_ce005_balloon_38,None,5,0,None,,0,None,,0,None,
1165,0,10018,,,Character,82,0,empty,None,200,,False,2018032,True,event_ce005_balloon_42,None,5,0,None,,0,None,,0,None,
1166,0,10018,,,Character,835,0,empty,None,200,,False,2018033,False,,None,0,0,None,,0,None,,0,None,
1167,0,10018,,,Character,834,0,empty,None,200,,False,2018034,False,,None,0,0,None,,0,None,,0,None,
1168,0,10018,,,Character,836,0,empty,None,200,,False,2018035,False,,None,0,0,None,,0,None,,0,None,
1169,0,10018,,,Character,131,0,empty,None,200,,False,2018036,False,,None,0,0,None,,0,None,,0,None,
1170,0,10018,,,Character,300,0,empty,None,200,,False,2018037,False,,None,0,0,None,,0,None,,0,None,
1171,0,10018,,,Character,304,0,empty,None,200,,False,2018038,False,,None,0,0,None,,0,None,,0,None,
1172,0,10018,,,Character,352,0,empty,None,200,,False,2018039,True,event_ce005_balloon_12,None,5,0,None,,0,None,,0,None,
1173,0,10018,,,Character,350,0,empty,None,200,,False,2018040,True,event_ce005_balloon_23,None,5,0,None,,0,None,,0,None,
1174,0,10018,,,Character,100,0,empty,None,200,,False,2018041,True,event_ce005_balloon_47,None,5,0,None,,0,None,,0,None,
1175,0,10018,,,Character,82,0,empty,None,200,,False,2018042,True,event_ce005_balloon_43,None,5,0,None,,0,None,,0,None,
1176,0,10018,,,Character,101,0,empty,None,200,,False,2018043,True,event_ce005_balloon_54,None,5,0,None,,0,None,,0,None,
1177,0,10018,,,Character,11,0,empty,None,200,,False,2018044,True,event_ce005_balloon_19,None,5,0,None,,0,None,,0,None,
1178,0,10018,,,Character,835,0,empty,None,200,,False,2018045,False,,None,0,0,None,,0,None,,0,None,
1179,0,10018,,,Character,834,0,empty,None,200,,False,2018046,False,,None,0,0,None,,0,None,,0,None,
1180,0,10018,,,Character,836,0,empty,None,200,,False,2018047,False,,None,0,0,None,,0,None,,0,None,
1181,0,10018,,,Character,832,0,empty,None,200,,False,2018048,False,,None,0,0,None,,0,None,,0,None,
1182,0,10018,,,Character,300,0,empty,None,200,,False,2018049,True,event_ce005_balloon_04,None,5,0,None,,0,None,,0,None,
1183,0,10018,,,Character,304,0,empty,None,200,,False,2018050,False,,None,0,0,None,,0,None,,0,None,
1184,0,10018,,,Character,352,0,empty,None,200,,False,2018051,True,event_ce005_balloon_13,None,5,0,None,,0,None,,0,None,
1185,0,10018,,,Character,82,0,empty,None,200,,False,2018052,True,event_ce005_balloon_44,None,5,0,None,,0,None,,0,None,
1186,0,10018,,,Character,100,0,empty,None,200,,False,2018053,True,event_ce005_balloon_48,None,5,0,None,,0,None,,0,None,
1187,0,10018,,,Character,101,0,empty,None,200,,False,2018054,True,event_ce005_balloon_55,None,5,0,None,,0,None,,0,None,
1188,0,10018,,,Character,835,0,empty,None,200,,False,2018055,False,,None,0,0,None,,0,None,,0,None,
1189,0,10018,,,Character,832,0,empty,None,200,,False,2018056,False,,None,0,0,None,,0,None,,0,None,
1190,0,10018,,,Character,834,0,empty,None,200,,False,2018057,False,,None,0,0,None,,0,None,,0,None,
1191,0,10018,,,Character,300,0,empty,None,200,,False,2018058,True,event_ce005_balloon_05,None,0,0,None,,0,None,,0,None,
1192,0,10018,,,Character,304,0,empty,None,200,,False,2018059,False,,None,0,0,None,,0,None,,0,None,
1193,0,10018,,,Character,305,0,empty,None,200,,False,2018060,False,,None,0,0,None,,0,None,,0,None,
1194,0,10018,,,Character,352,0,empty,None,200,,False,2018061,True,event_ce005_balloon_14,None,5,0,None,,0,None,,0,None,
1195,0,10018,,,Character,10,0,empty,None,200,,False,2018062,True,event_ce005_balloon_31,None,5,0,None,,0,None,,0,None,
1196,0,10018,,,Character,100,0,empty,None,200,,False,2018063,True,event_ce005_balloon_49,None,5,0,None,,0,None,,0,None,
1197,0,10018,,,Character,835,0,empty,None,200,,False,2018064,False,,None,0,0,None,,0,None,,0,None,
1198,0,10018,,,Character,832,0,empty,None,200,,False,2018065,False,,None,0,0,None,,0,None,,0,None,
1199,0,10018,,,Character,834,0,empty,None,200,,False,2018066,False,,None,0,0,None,,0,None,,0,None,
1200,0,10018,,,Character,836,0,empty,None,200,,False,2018067,False,,None,0,0,None,,0,None,,0,None,
1201,0,10018,,,Character,300,0,empty,None,200,,False,2018068,True,event_ce005_balloon_06,None,5,0,None,,0,None,,0,None,
1202,0,10018,,,Character,304,0,empty,None,200,,False,2018069,False,,None,0,0,None,,0,None,,0,None,
1203,0,10018,,,Character,305,0,empty,None,200,,False,2018070,False,,None,0,0,None,,0,None,,0,None,
1204,0,10018,Locale_Character:npc_9999999_name_45,,Npc,7009007,0,empty,None,200,,False,2018071,True,event_ce005_balloon_59,None,5,0,None,,0,None,,0,None,
1205,0,10018,Locale_Character:npc_9999999_name_45,,Npc,7009008,0,empty,None,200,,False,2018072,False,,None,0,0,None,,0,None,,0,None,
1206,0,10018,,,Character,352,0,empty,None,200,,False,2018073,True,event_ce005_balloon_15,None,5,0,None,,0,None,,0,None,
1207,0,10018,,,Character,10,0,empty,None,200,,False,2018074,True,event_ce005_balloon_32,None,5,0,None,,0,None,,0,None,
1208,0,10018,,,Character,12,0,empty,None,200,,False,2018075,True,event_ce005_balloon_39,None,5,0,None,,0,None,,0,None,
1209,0,10018,,,Character,11,0,empty,None,200,,False,2018076,True,event_ce005_balloon_20,None,5,0,None,,0,None,,0,None,
1210,0,10018,,,Character,350,0,empty,None,200,,False,2018077,True,event_ce005_balloon_24,None,5,0,None,,0,None,,0,None,
1211,0,10018,,,Character,351,0,empty,None,200,,False,2018078,True,event_ce005_balloon_27,None,5,0,None,,0,None,,0,None,
1212,0,10018,,,Character,131,0,empty,None,200,,False,2018079,True,event_ce005_balloon_35,None,5,0,None,,0,None,,0,None,
1213,0,10018,,,Character,100,0,empty,None,200,,False,2018080,True,event_ce005_balloon_50,None,5,0,None,,0,None,,0,None,
1214,0,10018,,,Character,101,0,empty,None,200,,False,2018081,True,event_ce005_balloon_56,None,5,0,None,,0,None,,0,None,
1215,0,10018,,,Character,82,0,empty,None,200,,False,2018082,True,event_ce005_balloon_45,None,5,0,None,,0,None,,0,None,
1216,0,10018,,,Character,102,0,empty,None,200,,False,2018083,True,event_ce005_balloon_60,None,5,0,None,,0,None,,0,None,
1217,0,10018,,,Character,300,0,empty,None,200,,False,2018084,False,,None,0,0,None,,0,None,,0,None,
1218,0,10018,,,Character,304,0,empty,None,200,,False,2018085,False,,None,0,0,None,,0,None,,0,None,
1219,0,10018,,,Character,352,0,empty,None,200,,False,2018086,True,event_ce005_balloon_16,None,5,0,None,,0,None,,0,None,
1220,0,10018,,,Character,100,0,empty,None,200,,False,2018087,True,event_ce005_balloon_51,None,5,0,None,,0,None,,0,None,
1221,0,10018,,,Character,131,0,empty,None,200,,False,2018088,True,event_ce005_balloon_36,None,5,0,None,,0,None,,0,None,
1222,0,10018,,,Character,101,0,empty,None,200,,False,2018089,True,event_ce005_balloon_57,None,5,0,None,,0,None,,0,None,
1223,0,10018,,,Character,12,0,empty,None,200,,False,2018090,True,event_ce005_balloon_40,None,5,0,None,,0,None,,0,None,
1224,0,10018,,,Character,100,0,empty,None,200,,False,2018091,True,event_ce005_balloon_52,None,5,0,None,,0,None,,0,None,
1225,0,10018,,,Character,102,0,empty,None,200,,False,2018092,True,event_ce005_balloon_61,None,5,0,None,,0,None,,0,None,
1226,0,10018,,,Character,352,0,empty,None,200,,False,2018093,False,,None,0,0,None,,0,None,,0,None,
1227,0,10018,,,Character,10,0,empty,None,200,,False,2018094,False,,None,0,0,None,,0,None,,0,None,
1228,0,10018,,,Character,300,0,empty,None,200,,False,2018095,True,event_ce005_balloon_07,None,5,0,None,,0,None,,0,None,
1229,0,10018,,,Character,304,0,empty,None,200,,False,2018096,False,,None,0,0,None,,0,None,,0,None,
1230,0,10018,,,Character,305,0,empty,None,200,,False,2018097,False,,None,0,0,None,,0,None,,0,None,
1231,0,10018,,,Character,82,0,empty,None,200,,False,2018098,True,event_ce005_balloon_46,None,5,0,None,,0,None,,0,None,
1232,0,10018,,,Character,131,0,empty,None,200,,False,2018099,True,event_ce005_balloon_37,None,5,0,None,,0,None,,0,None,
1233,0,10018,,,Character,10,0,empty,None,200,,False,2018100,True,event_ce005_balloon_33,None,5,0,None,,0,None,,0,None,
1234,0,10018,,,Character,352,0,empty,None,200,,False,2018101,True,event_ce005_balloon_17,None,5,0,None,,0,None,,0,None,
1235,0,10018,,,Character,100,0,empty,None,200,,False,2018102,True,event_ce005_balloon_53,None,5,0,None,,0,None,,0,None,
1236,0,10018,,,Character,350,0,empty,None,200,,False,2018103,True,event_ce005_balloon_25,None,5,0,None,,0,None,,0,None,
1237,0,10018,,,Character,12,0,empty,None,200,,False,2018104,True,event_ce005_balloon_41,None,5,0,None,,0,None,,0,None,
1238,0,10018,,,Character,11,0,empty,None,200,,False,2018105,True,event_ce005_balloon_21,None,5,0,None,,0,None,,0,None,
1239,0,10018,,,Character,351,0,empty,None,200,,False,2018106,True,event_ce005_balloon_28,None,5,0,None,,0,None,,0,None,
1240,1,10019,Locale_Character:npc_9999999_name_77,Locale_Event:event_contents_storydungeon_before,Npc,7019003,0,sprite_event_unbreakablesphere_npc_tag,None,200,sprite_btn_event_unbreakablesphere,False,0,False,,None,0,40075,None,,0,None,,0,None,
1241,0,10019,Locale_Character:npc_9999999_name_78,,Npc,9999999,0,empty,None,200,sprite_btn_event_unbreakablesphere,False,2019001,False,,None,0,0,None,,0,None,,0,None,
1242,2,10019,Locale_Character:npc_9999999_name_78,Locale_Event:event_contents_storydungeon_after,Npc,9999999,0,sprite_event_unbreakablesphere_npc_tag,None,200,sprite_btn_event_unbreakablesphere,False,2019002,False,,None,0,40076,None,,0,None,,0,None,
1243,3,10019,Locale_Character:npc_9999999_name_76,Locale_Event:event_contents_challenge,Npc,7001007,0,sprite_event_unbreakablesphere_npc_tag,None,200,sprite_btn_event_unbreakablesphere,False,0,False,,None,0,60075,None,,0,None,,0,None,
1244,0,10019,Locale_Character:npc_9999999_name_77,,Npc,9999999,0,empty,None,200,sprite_btn_event_unbreakablesphere,False,2019003,False,,None,0,0,None,,0,None,,0,None,
1245,4,10019,Locale_Character:npc_9999999_name_77,Locale_Event:event_contents_minigame,Npc,7019010,0,sprite_event_unbreakablesphere_npc_tag,None,200,sprite_btn_event_unbreakablesphere,False,2019004,False,,None,0,82001,None,,0,None,,0,None,
1246,5,10019,Locale_Character:npc_9999999_name_77,Locale_Event:event_contents_login,Npc,7019006,0,sprite_event_unbreakablesphere_npc_tag,None,200,sprite_btn_event_unbreakablesphere,True,0,False,,None,0,82003,None,,0,None,,0,None,
1247,6,10019,Locale_Character:npc_9999999_name_79,Locale_Event:event_contents_shop,Npc,7019011,0,sprite_event_unbreakablesphere_npc_tag,None,200,sprite_btn_event_unbreakablesphere,True,0,False,,None,0,82002,None,,0,None,,0,None,
1248,0,10019,,,Npc,7019016,0,,None,200,,False,2019005,True,event_usphere_balloon_mori_01,None,5,0,None,,0,None,,0,None,
1249,0,10019,,,Npc,7019004,0,empty,None,200,,False,2019006,False,,None,0,0,None,,0,None,,0,None,
1250,0,10019,,,Npc,7019008,0,empty,None,200,,False,2019007,False,,None,0,0,None,,0,None,,0,None,
1251,0,10019,,,Npc,7019007,0,empty,None,200,,False,2019008,False,,None,0,0,None,,0,None,,0,None,
1252,0,10019,,,Npc,7019005,0,empty,None,200,,False,2019009,False,,None,0,0,None,,0,None,,0,None,
1253,0,10019,,,Npc,7019009,0,empty,None,200,,False,2019010,False,,None,0,0,None,,0,None,,0,None,
1254,0,10019,,,Npc,7019001,0,empty,None,200,,False,2019011,False,,None,0,0,None,,0,None,,0,None,
1255,0,10019,,,Npc,7019001,0,empty,None,200,,False,2019012,False,,None,0,0,None,,0,None,,0,None,
1256,0,10019,,,Npc,7019001,0,empty,None,200,,False,2019013,False,,None,0,0,None,,0,None,,0,None,
1257,0,10019,,,Npc,7019001,0,empty,None,200,,False,2019014,False,,None,0,0,None,,0,None,,0,None,
1258,0,10019,,,Npc,7019001,0,empty,None,200,,False,2019015,False,,None,0,0,None,,0,None,,0,None,
1259,0,10019,,,Npc,7019002,0,empty,None,200,,False,2019016,False,,None,0,0,None,,0,None,,0,None,
1260,0,10019,,,Npc,7019002,0,empty,None,200,,False,2019017,False,,None,0,0,None,,0,None,,0,None,
1261,0,10019,,,Npc,7019002,0,empty,None,200,,False,2019018,False,,None,0,0,None,,0,None,,0,None,
1262,0,10019,,,Npc,7019002,0,empty,None,200,,False,2019019,False,,None,0,0,None,,0,None,,0,None,
1263,0,10019,,,Npc,7019002,0,empty,None,200,,False,2019020,False,,None,0,0,None,,0,None,,0,None,
1264,0,10019,,,Npc,7019003,0,empty,None,200,,False,2019021,False,,None,0,0,None,,0,None,,0,None,
1265,0,10019,,,Npc,7019003,0,empty,None,200,,False,2019022,False,,None,0,0,None,,0,None,,0,None,
1266,0,10019,,,Npc,7019003,0,empty,None,200,,False,2019023,False,,None,0,0,None,,0,None,,0,None,
1267,0,10019,,,Npc,7019003,0,empty,None,200,,False,2019024,False,,None,0,0,None,,0,None,,0,None,
1268,0,10019,,,Npc,7019003,0,empty,None,200,,False,2019025,False,,None,0,0,None,,0,None,,0,None,
1463,0,10019,,,Npc,7019001,0,empty,None,200,,False,2019220,False,,None,0,0,None,,0,None,,0,None,
1464,0,10019,,,Npc,7019001,0,empty,None,200,,False,2019221,False,,None,0,0,None,,0,None,,0,None,
1465,0,10019,,,Npc,7019001,0,empty,None,200,,False,2019222,False,,None,0,0,None,,0,None,,0,None,
1466,0,10019,,,Npc,7019002,0,empty,None,200,,False,2019223,False,,None,0,0,None,,0,None,,0,None,
1467,0,10019,,,Npc,7019002,0,empty,None,200,,False,2019224,False,,None,0,0,None,,0,None,,0,None,
1468,0,10019,,,Npc,7019002,0,empty,None,200,,False,2019225,False,,None,0,0,None,,0,None,,0,None,
1469,0,10019,,,Npc,7019003,0,empty,None,200,,False,2019226,False,,None,0,0,None,,0,None,,0,None,
1470,0,10019,,,Npc,7019003,0,empty,None,200,,False,2019227,False,,None,0,0,None,,0,None,,0,None,
1471,0,10019,,,Npc,7019003,0,empty,None,200,,False,2019228,False,,None,0,0,None,,0,None,,0,None,
1269,0,10019,,,Npc,7019016,0,empty,None,200,,False,2019026,True,event_usphere_balloon_mori_02,None,5,0,None,,0,None,,0,None,
1270,0,10019,,,Npc,7019012,0,empty,None,200,,False,2019027,True,event_usphere_balloon_mihara_01,None,5,0,None,,0,None,,0,None,
1271,0,10019,,,Npc,7019013,0,empty,None,200,,False,2019028,True,event_usphere_balloon_uni_01,None,5,0,None,,0,None,,0,None,
1272,0,10019,,,Npc,7019004,0,empty,None,200,,False,2019029,False,,None,0,0,None,,0,None,,0,None,
1273,0,10019,,,Npc,7019008,0,empty,None,200,,False,2019030,False,,None,0,0,None,,0,None,,0,None,
1274,0,10019,,,Npc,7019007,0,empty,None,200,,False,2019031,False,,None,0,0,None,,0,None,,0,None,
1275,0,10019,,,Npc,7019005,0,empty,None,200,,False,2019032,False,,None,0,0,None,,0,None,,0,None,
1276,0,10019,,,Npc,7019009,0,empty,None,200,,False,2019033,False,,None,0,0,None,,0,None,,0,None,
1277,0,10019,,,Npc,7019001,0,empty,None,200,,False,2019034,False,,None,0,0,None,,0,None,,0,None,
1278,0,10019,,,Npc,7019001,0,empty,None,200,,False,2019035,False,,None,0,0,None,,0,None,,0,None,
1279,0,10019,,,Npc,7019001,0,empty,None,200,,False,2019036,False,,None,0,0,None,,0,None,,0,None,
1280,0,10019,,,Npc,7019001,0,empty,None,200,,False,2019037,False,,None,0,0,None,,0,None,,0,None,
1281,0,10019,,,Npc,7019001,0,empty,None,200,,False,2019038,False,,None,0,0,None,,0,None,,0,None,
1282,0,10019,,,Npc,7019002,0,empty,None,200,,False,2019039,False,,None,0,0,None,,0,None,,0,None,
1283,0,10019,,,Npc,7019002,0,empty,None,200,,False,2019040,False,,None,0,0,None,,0,None,,0,None,
1284,0,10019,,,Npc,7019002,0,empty,None,200,,False,2019041,False,,None,0,0,None,,0,None,,0,None,
1285,0,10019,,,Npc,7019002,0,empty,None,200,,False,2019042,False,,None,0,0,None,,0,None,,0,None,
1286,0,10019,,,Npc,7019002,0,empty,None,200,,False,2019043,False,,None,0,0,None,,0,None,,0,None,
1287,0,10019,,,Npc,7019003,0,empty,None,200,,False,2019044,False,,None,0,0,None,,0,None,,0,None,
1288,0,10019,,,Npc,7019003,0,empty,None,200,,False,2019045,False,,None,0,0,None,,0,None,,0,None,
1289,0,10019,,,Npc,7019003,0,empty,None,200,,False,2019046,False,,None,0,0,None,,0,None,,0,None,
1290,0,10019,,,Npc,7019003,0,empty,None,200,,False,2019047,False,,None,0,0,None,,0,None,,0,None,
1291,0,10019,,,Npc,7019003,0,empty,None,200,,False,2019048,False,,None,0,0,None,,0,None,,0,None,
1472,0,10019,,,Npc,7019001,0,empty,None,200,,False,2019229,False,,None,0,0,None,,0,None,,0,None,
1473,0,10019,,,Npc,7019001,0,empty,None,200,,False,2019230,False,,None,0,0,None,,0,None,,0,None,
1474,0,10019,,,Npc,7019001,0,empty,None,200,,False,2019231,False,,None,0,0,None,,0,None,,0,None,
1475,0,10019,,,Npc,7019002,0,empty,None,200,,False,2019232,False,,None,0,0,None,,0,None,,0,None,
1476,0,10019,,,Npc,7019002,0,empty,None,200,,False,2019233,False,,None,0,0,None,,0,None,,0,None,
1477,0,10019,,,Npc,7019002,0,empty,None,200,,False,2019234,False,,None,0,0,None,,0,None,,0,None,
1478,0,10019,,,Npc,7019003,0,empty,None,200,,False,2019235,False,,None,0,0,None,,0,None,,0,None,
1479,0,10019,,,Npc,7019003,0,empty,None,200,,False,2019236,False,,None,0,0,None,,0,None,,0,None,
1480,0,10019,,,Npc,7019003,0,empty,None,200,,False,2019237,False,,None,0,0,None,,0,None,,0,None,
1292,0,10019,,,Npc,7019012,0,empty,None,200,,False,2019049,True,event_usphere_balloon_mihara_02,None,5,0,None,,0,None,,0,None,
1293,0,10019,,,Npc,7019013,0,empty,None,200,,False,2019050,True,event_usphere_balloon_uni_02,None,5,0,None,,0,None,,0,None,
1294,0,10019,,,Npc,7019004,0,empty,None,200,,False,2019051,False,,None,0,0,None,,0,None,,0,None,
1295,0,10019,,,Npc,7019008,0,empty,None,200,,False,2019052,False,,None,0,0,None,,0,None,,0,None,
1296,0,10019,,,Npc,7019007,0,empty,None,200,,False,2019053,False,,None,0,0,None,,0,None,,0,None,
1297,0,10019,,,Npc,7019005,0,empty,None,200,,False,2019054,False,,None,0,0,None,,0,None,,0,None,
1298,0,10019,,,Npc,7019009,0,empty,None,200,,False,2019055,False,,None,0,0,None,,0,None,,0,None,
1299,0,10019,,,Npc,7019001,0,empty,None,200,,False,2019056,False,,None,0,0,None,,0,None,,0,None,
1300,0,10019,,,Npc,7019001,0,empty,None,200,,False,2019057,False,,None,0,0,None,,0,None,,0,None,
1301,0,10019,,,Npc,7019001,0,empty,None,200,,False,2019058,False,,None,0,0,None,,0,None,,0,None,
1302,0,10019,,,Npc,7019001,0,empty,None,200,,False,2019059,False,,None,0,0,None,,0,None,,0,None,
1303,0,10019,,,Npc,7019001,0,empty,None,200,,False,2019060,False,,None,0,0,None,,0,None,,0,None,
1304,0,10019,,,Npc,7019002,0,empty,None,200,,False,2019061,False,,None,0,0,None,,0,None,,0,None,
1305,0,10019,,,Npc,7019002,0,empty,None,200,,False,2019062,False,,None,0,0,None,,0,None,,0,None,
1306,0,10019,,,Npc,7019002,0,empty,None,200,,False,2019063,False,,None,0,0,None,,0,None,,0,None,
1307,0,10019,,,Npc,7019002,0,empty,None,200,,False,2019064,False,,None,0,0,None,,0,None,,0,None,
1308,0,10019,,,Npc,7019002,0,empty,None,200,,False,2019065,False,,None,0,0,None,,0,None,,0,None,
1309,0,10019,,,Npc,7019003,0,empty,None,200,,False,2019066,False,,None,0,0,None,,0,None,,0,None,
1310,0,10019,,,Npc,7019003,0,empty,None,200,,False,2019067,False,,None,0,0,None,,0,None,,0,None,
1311,0,10019,,,Npc,7019003,0,empty,None,200,,False,2019068,False,,None,0,0,None,,0,None,,0,None,
1312,0,10019,,,Npc,7019003,0,empty,None,200,,False,2019069,False,,None,0,0,None,,0,None,,0,None,
1313,0,10019,,,Npc,7019003,0,empty,None,200,,False,2019070,False,,None,0,0,None,,0,None,,0,None,
1481,0,10019,,,Npc,7019001,0,empty,None,200,,False,2019238,False,,None,0,0,None,,0,None,,0,None,
1482,0,10019,,,Npc,7019001,0,empty,None,200,,False,2019239,False,,None,0,0,None,,0,None,,0,None,
1483,0,10019,,,Npc,7019001,0,empty,None,200,,False,2019240,False,,None,0,0,None,,0,None,,0,None,
1484,0,10019,,,Npc,7019002,0,empty,None,200,,False,2019241,False,,None,0,0,None,,0,None,,0,None,
1485,0,10019,,,Npc,7019002,0,empty,None,200,,False,2019242,False,,None,0,0,None,,0,None,,0,None,
1486,0,10019,,,Npc,7019002,0,empty,None,200,,False,2019243,False,,None,0,0,None,,0,None,,0,None,
1487,0,10019,,,Npc,7019003,0,empty,None,200,,False,2019244,False,,None,0,0,None,,0,None,,0,None,
1488,0,10019,,,Npc,7019003,0,empty,None,200,,False,2019245,False,,None,0,0,None,,0,None,,0,None,
1489,0,10019,,,Npc,7019003,0,empty,None,200,,False,2019246,False,,None,0,0,None,,0,None,,0,None,
1314,0,10019,,,Npc,7019016,0,empty,None,200,,False,2019071,True,event_usphere_balloon_mori_03,None,5,0,None,,0,None,,0,None,
1315,0,10019,,,Npc,7019012,0,empty,None,200,,False,2019072,True,event_usphere_balloon_mihara_03,None,5,0,None,,0,None,,0,None,
1316,0,10019,,,Npc,7019013,0,empty,None,200,,False,2019073,True,event_usphere_balloon_uni_03,None,5,0,None,,0,None,,0,None,
1317,0,10019,,,Npc,7019004,0,empty,None,200,,False,2019074,False,,None,0,0,None,,0,None,,0,None,
1318,0,10019,,,Npc,7019008,0,empty,None,200,,False,2019075,False,,None,0,0,None,,0,None,,0,None,
1319,0,10019,,,Npc,7019007,0,empty,None,200,,False,2019076,False,,None,0,0,None,,0,None,,0,None,
1320,0,10019,,,Npc,7019005,0,empty,None,200,,False,2019077,False,,None,0,0,None,,0,None,,0,None,
1321,0,10019,,,Npc,7019009,0,empty,None,200,,False,2019078,False,,None,0,0,None,,0,None,,0,None,
1322,0,10019,,,Npc,7019001,0,empty,None,200,,False,2019079,False,,None,0,0,None,,0,None,,0,None,
1323,0,10019,,,Npc,7019001,0,empty,None,200,,False,2019080,False,,None,0,0,None,,0,None,,0,None,
1324,0,10019,,,Npc,7019001,0,empty,None,200,,False,2019081,False,,None,0,0,None,,0,None,,0,None,
1325,0,10019,,,Npc,7019001,0,empty,None,200,,False,2019082,False,,None,0,0,None,,0,None,,0,None,
1326,0,10019,,,Npc,7019001,0,empty,None,200,,False,2019083,False,,None,0,0,None,,0,None,,0,None,
1327,0,10019,,,Npc,7019002,0,empty,None,200,,False,2019084,False,,None,0,0,None,,0,None,,0,None,
1328,0,10019,,,Npc,7019002,0,empty,None,200,,False,2019085,False,,None,0,0,None,,0,None,,0,None,
1329,0,10019,,,Npc,7019002,0,empty,None,200,,False,2019086,False,,None,0,0,None,,0,None,,0,None,
1330,0,10019,,,Npc,7019002,0,empty,None,200,,False,2019087,False,,None,0,0,None,,0,None,,0,None,
1331,0,10019,,,Npc,7019002,0,empty,None,200,,False,2019088,False,,None,0,0,None,,0,None,,0,None,
1332,0,10019,,,Npc,7019003,0,empty,None,200,,False,2019089,False,,None,0,0,None,,0,None,,0,None,
1333,0,10019,,,Npc,7019003,0,empty,None,200,,False,2019090,False,,None,0,0,None,,0,None,,0,None,
1334,0,10019,,,Npc,7019003,0,empty,None,200,,False,2019091,False,,None,0,0,None,,0,None,,0,None,
1335,0,10019,,,Npc,7019003,0,empty,None,200,,False,2019092,False,,None,0,0,None,,0,None,,0,None,
1336,0,10019,,,Npc,7019003,0,empty,None,200,,False,2019093,False,,None,0,0,None,,0,None,,0,None,
1490,0,10019,,,Npc,7019001,0,empty,None,200,,False,2019247,False,,None,0,0,None,,0,None,,0,None,
1491,0,10019,,,Npc,7019001,0,empty,None,200,,False,2019248,False,,None,0,0,None,,0,None,,0,None,
1492,0,10019,,,Npc,7019001,0,empty,None,200,,False,2019249,False,,None,0,0,None,,0,None,,0,None,
1493,0,10019,,,Npc,7019002,0,empty,None,200,,False,2019250,False,,None,0,0,None,,0,None,,0,None,
1494,0,10019,,,Npc,7019002,0,empty,None,200,,False,2019251,False,,None,0,0,None,,0,None,,0,None,
1495,0,10019,,,Npc,7019002,0,empty,None,200,,False,2019252,False,,None,0,0,None,,0,None,,0,None,
1496,0,10019,,,Npc,7019003,0,empty,None,200,,False,2019253,False,,None,0,0,None,,0,None,,0,None,
1497,0,10019,,,Npc,7019003,0,empty,None,200,,False,2019254,False,,None,0,0,None,,0,None,,0,None,
1498,0,10019,,,Npc,7019003,0,empty,None,200,,False,2019255,False,,None,0,0,None,,0,None,,0,None,
1337,0,10019,,,Npc,7019004,0,empty,None,200,,False,2019094,False,,None,0,0,None,,0,None,,0,None,
1338,0,10019,,,Npc,7019008,0,empty,None,200,,False,2019095,False,,None,0,0,None,,0,None,,0,None,
1339,0,10019,,,Npc,7019007,0,empty,None,200,,False,2019096,False,,None,0,0,None,,0,None,,0,None,
1340,0,10019,,,Npc,7019005,0,empty,None,200,,False,2019097,False,,None,0,0,None,,0,None,,0,None,
1341,0,10019,,,Npc,7019009,0,empty,None,200,,False,2019098,False,,None,0,0,None,,0,None,,0,None,
1342,0,10019,,,Npc,7019001,0,empty,None,200,,False,2019099,False,,None,0,0,None,,0,None,,0,None,
1343,0,10019,,,Npc,7019001,0,empty,None,200,,False,2019100,False,,None,0,0,None,,0,None,,0,None,
1344,0,10019,,,Npc,7019001,0,empty,None,200,,False,2019101,False,,None,0,0,None,,0,None,,0,None,
1345,0,10019,,,Npc,7019001,0,empty,None,200,,False,2019102,False,,None,0,0,None,,0,None,,0,None,
1346,0,10019,,,Npc,7019001,0,empty,None,200,,False,2019103,False,,None,0,0,None,,0,None,,0,None,
1347,0,10019,,,Npc,7019002,0,empty,None,200,,False,2019104,False,,None,0,0,None,,0,None,,0,None,
1348,0,10019,,,Npc,7019002,0,empty,None,200,,False,2019105,False,,None,0,0,None,,0,None,,0,None,
1349,0,10019,,,Npc,7019002,0,empty,None,200,,False,2019106,False,,None,0,0,None,,0,None,,0,None,
1350,0,10019,,,Npc,7019002,0,empty,None,200,,False,2019107,False,,None,0,0,None,,0,None,,0,None,
1351,0,10019,,,Npc,7019002,0,empty,None,200,,False,2019108,False,,None,0,0,None,,0,None,,0,None,
1352,0,10019,,,Npc,7019003,0,empty,None,200,,False,2019109,False,,None,0,0,None,,0,None,,0,None,
1353,0,10019,,,Npc,7019003,0,empty,None,200,,False,2019110,False,,None,0,0,None,,0,None,,0,None,
1354,0,10019,,,Npc,7019003,0,empty,None,200,,False,2019111,False,,None,0,0,None,,0,None,,0,None,
1355,0,10019,,,Npc,7019003,0,empty,None,200,,False,2019112,False,,None,0,0,None,,0,None,,0,None,
1356,0,10019,,,Npc,7019003,0,empty,None,200,,False,2019113,False,,None,0,0,None,,0,None,,0,None,
1499,0,10019,,,Npc,7019001,0,empty,None,200,,False,2019256,False,,None,0,0,None,,0,None,,0,None,
1500,0,10019,,,Npc,7019001,0,empty,None,200,,False,2019257,False,,None,0,0,None,,0,None,,0,None,
1501,0,10019,,,Npc,7019001,0,empty,None,200,,False,2019258,False,,None,0,0,None,,0,None,,0,None,
1502,0,10019,,,Npc,7019002,0,empty,None,200,,False,2019259,False,,None,0,0,None,,0,None,,0,None,
1503,0,10019,,,Npc,7019002,0,empty,None,200,,False,2019260,False,,None,0,0,None,,0,None,,0,None,
1504,0,10019,,,Npc,7019002,0,empty,None,200,,False,2019261,False,,None,0,0,None,,0,None,,0,None,
1505,0,10019,,,Npc,7019003,0,empty,None,200,,False,2019262,False,,None,0,0,None,,0,None,,0,None,
1506,0,10019,,,Npc,7019003,0,empty,None,200,,False,2019263,False,,None,0,0,None,,0,None,,0,None,
1507,0,10019,,,Npc,7019003,0,empty,None,200,,False,2019264,False,,None,0,0,None,,0,None,,0,None,
1357,0,10019,,,Npc,7019004,0,empty,None,200,,False,2019114,False,,None,0,0,None,,0,None,,0,None,
1358,0,10019,,,Npc,7019008,0,empty,None,200,,False,2019115,False,,None,0,0,None,,0,None,,0,None,
1359,0,10019,,,Npc,7019007,0,empty,None,200,,False,2019116,False,,None,0,0,None,,0,None,,0,None,
1360,0,10019,,,Npc,7019005,0,empty,None,200,,False,2019117,False,,None,0,0,None,,0,None,,0,None,
1361,0,10019,,,Npc,7019009,0,empty,None,200,,False,2019118,False,,None,0,0,None,,0,None,,0,None,
1362,0,10019,,,Npc,7019001,0,empty,None,200,,False,2019119,False,,None,0,0,None,,0,None,,0,None,
1363,0,10019,,,Npc,7019001,0,empty,None,200,,False,2019120,False,,None,0,0,None,,0,None,,0,None,
1364,0,10019,,,Npc,7019001,0,empty,None,200,,False,2019121,False,,None,0,0,None,,0,None,,0,None,
1365,0,10019,,,Npc,7019001,0,empty,None,200,,False,2019122,False,,None,0,0,None,,0,None,,0,None,
1366,0,10019,,,Npc,7019001,0,empty,None,200,,False,2019123,False,,None,0,0,None,,0,None,,0,None,
1367,0,10019,,,Npc,7019002,0,empty,None,200,,False,2019124,False,,None,0,0,None,,0,None,,0,None,
1368,0,10019,,,Npc,7019002,0,empty,None,200,,False,2019125,False,,None,0,0,None,,0,None,,0,None,
1369,0,10019,,,Npc,7019002,0,empty,None,200,,False,2019126,False,,None,0,0,None,,0,None,,0,None,
1370,0,10019,,,Npc,7019002,0,empty,None,200,,False,2019127,False,,None,0,0,None,,0,None,,0,None,
1371,0,10019,,,Npc,7019002,0,empty,None,200,,False,2019128,False,,None,0,0,None,,0,None,,0,None,
1372,0,10019,,,Npc,7019003,0,empty,None,200,,False,2019129,False,,None,0,0,None,,0,None,,0,None,
1373,0,10019,,,Npc,7019003,0,empty,None,200,,False,2019130,False,,None,0,0,None,,0,None,,0,None,
1374,0,10019,,,Npc,7019003,0,empty,None,200,,False,2019131,False,,None,0,0,None,,0,None,,0,None,
1375,0,10019,,,Npc,7019003,0,empty,None,200,,False,2019132,False,,None,0,0,None,,0,None,,0,None,
1376,0,10019,,,Npc,7019003,0,empty,None,200,,False,2019133,False,,None,0,0,None,,0,None,,0,None,
1508,0,10019,,,Npc,7019001,0,empty,None,200,,False,2019265,False,,None,0,0,None,,0,None,,0,None,
1509,0,10019,,,Npc,7019001,0,empty,None,200,,False,2019266,False,,None,0,0,None,,0,None,,0,None,
1510,0,10019,,,Npc,7019001,0,empty,None,200,,False,2019267,False,,None,0,0,None,,0,None,,0,None,
1511,0,10019,,,Npc,7019002,0,empty,None,200,,False,2019268,False,,None,0,0,None,,0,None,,0,None,
1512,0,10019,,,Npc,7019002,0,empty,None,200,,False,2019269,False,,None,0,0,None,,0,None,,0,None,
1513,0,10019,,,Npc,7019002,0,empty,None,200,,False,2019270,False,,None,0,0,None,,0,None,,0,None,
1514,0,10019,,,Npc,7019003,0,empty,None,200,,False,2019271,False,,None,0,0,None,,0,None,,0,None,
1515,0,10019,,,Npc,7019003,0,empty,None,200,,False,2019272,False,,None,0,0,None,,0,None,,0,None,
1516,0,10019,,,Npc,7019003,0,empty,None,200,,False,2019273,False,,None,0,0,None,,0,None,,0,None,
1377,0,10019,,,Npc,7019004,0,empty,None,200,,False,2019134,False,,None,0,0,None,,0,None,,0,None,
1378,0,10019,,,Npc,7019008,0,empty,None,200,,False,2019135,False,,None,0,0,None,,0,None,,0,None,
1379,0,10019,,,Npc,7019007,0,empty,None,200,,False,2019136,False,,None,0,0,None,,0,None,,0,None,
1380,0,10019,,,Npc,7019005,0,empty,None,200,,False,2019137,False,,None,0,0,None,,0,None,,0,None,
1381,0,10019,,,Npc,7019009,0,empty,None,200,,False,2019138,False,,None,0,0,None,,0,None,,0,None,
1382,0,10019,,,Npc,7019001,0,empty,None,200,,False,2019139,False,,None,0,0,None,,0,None,,0,None,
1383,0,10019,,,Npc,7019001,0,empty,None,200,,False,2019140,False,,None,0,0,None,,0,None,,0,None,
1384,0,10019,,,Npc,7019001,0,empty,None,200,,False,2019141,False,,None,0,0,None,,0,None,,0,None,
1385,0,10019,,,Npc,7019001,0,empty,None,200,,False,2019142,False,,None,0,0,None,,0,None,,0,None,
1386,0,10019,,,Npc,7019001,0,empty,None,200,,False,2019143,False,,None,0,0,None,,0,None,,0,None,
1387,0,10019,,,Npc,7019002,0,empty,None,200,,False,2019144,False,,None,0,0,None,,0,None,,0,None,
1388,0,10019,,,Npc,7019002,0,empty,None,200,,False,2019145,False,,None,0,0,None,,0,None,,0,None,
1389,0,10019,,,Npc,7019002,0,empty,None,200,,False,2019146,False,,None,0,0,None,,0,None,,0,None,
1390,0,10019,,,Npc,7019002,0,empty,None,200,,False,2019147,False,,None,0,0,None,,0,None,,0,None,
1391,0,10019,,,Npc,7019002,0,empty,None,200,,False,2019148,False,,None,0,0,None,,0,None,,0,None,
1392,0,10019,,,Npc,7019003,0,empty,None,200,,False,2019149,False,,None,0,0,None,,0,None,,0,None,
1393,0,10019,,,Npc,7019003,0,empty,None,200,,False,2019150,False,,None,0,0,None,,0,None,,0,None,
1394,0,10019,,,Npc,7019003,0,empty,None,200,,False,2019151,False,,None,0,0,None,,0,None,,0,None,
1395,0,10019,,,Npc,7019003,0,empty,None,200,,False,2019152,False,,None,0,0,None,,0,None,,0,None,
1396,0,10019,,,Npc,7019003,0,empty,None,200,,False,2019153,False,,None,0,0,None,,0,None,,0,None,
1517,0,10019,,,Npc,7019001,0,empty,None,200,,False,2019274,False,,None,0,0,None,,0,None,,0,None,
1518,0,10019,,,Npc,7019001,0,empty,None,200,,False,2019275,False,,None,0,0,None,,0,None,,0,None,
1519,0,10019,,,Npc,7019001,0,empty,None,200,,False,2019276,False,,None,0,0,None,,0,None,,0,None,
1520,0,10019,,,Npc,7019002,0,empty,None,200,,False,2019277,False,,None,0,0,None,,0,None,,0,None,
1521,0,10019,,,Npc,7019002,0,empty,None,200,,False,2019278,False,,None,0,0,None,,0,None,,0,None,
1522,0,10019,,,Npc,7019002,0,empty,None,200,,False,2019279,False,,None,0,0,None,,0,None,,0,None,
1523,0,10019,,,Npc,7019003,0,empty,None,200,,False,2019280,False,,None,0,0,None,,0,None,,0,None,
1524,0,10019,,,Npc,7019003,0,empty,None,200,,False,2019281,False,,None,0,0,None,,0,None,,0,None,
1525,0,10019,,,Npc,7019003,0,empty,None,200,,False,2019282,False,,None,0,0,None,,0,None,,0,None,
1397,0,10019,,,Npc,7019016,0,empty,None,200,,False,2019154,True,event_usphere_balloon_mori_04,None,5,0,None,,0,None,,0,None,
1398,0,10019,,,Npc,7019004,0,empty,None,200,,False,2019155,False,,None,0,0,None,,0,None,,0,None,
1399,0,10019,,,Npc,7019008,0,empty,None,200,,False,2019156,False,,None,0,0,None,,0,None,,0,None,
1400,0,10019,,,Npc,7019007,0,empty,None,200,,False,2019157,False,,None,0,0,None,,0,None,,0,None,
1401,0,10019,,,Npc,7019005,0,empty,None,200,,False,2019158,False,,None,0,0,None,,0,None,,0,None,
1402,0,10019,,,Npc,7019009,0,empty,None,200,,False,2019159,False,,None,0,0,None,,0,None,,0,None,
1403,0,10019,,,Npc,7019001,0,empty,None,200,,False,2019160,False,,None,0,0,None,,0,None,,0,None,
1404,0,10019,,,Npc,7019001,0,empty,None,200,,False,2019161,False,,None,0,0,None,,0,None,,0,None,
1405,0,10019,,,Npc,7019001,0,empty,None,200,,False,2019162,False,,None,0,0,None,,0,None,,0,None,
1406,0,10019,,,Npc,7019001,0,empty,None,200,,False,2019163,False,,None,0,0,None,,0,None,,0,None,
1407,0,10019,,,Npc,7019001,0,empty,None,200,,False,2019164,False,,None,0,0,None,,0,None,,0,None,
1408,0,10019,,,Npc,7019002,0,empty,None,200,,False,2019165,False,,None,0,0,None,,0,None,,0,None,
1409,0,10019,,,Npc,7019002,0,empty,None,200,,False,2019166,False,,None,0,0,None,,0,None,,0,None,
1410,0,10019,,,Npc,7019002,0,empty,None,200,,False,2019167,False,,None,0,0,None,,0,None,,0,None,
1411,0,10019,,,Npc,7019002,0,empty,None,200,,False,2019168,False,,None,0,0,None,,0,None,,0,None,
1412,0,10019,,,Npc,7019002,0,empty,None,200,,False,2019169,False,,None,0,0,None,,0,None,,0,None,
1413,0,10019,,,Npc,7019003,0,empty,None,200,,False,2019170,False,,None,0,0,None,,0,None,,0,None,
1414,0,10019,,,Npc,7019003,0,empty,None,200,,False,2019171,False,,None,0,0,None,,0,None,,0,None,
1415,0,10019,,,Npc,7019003,0,empty,None,200,,False,2019172,False,,None,0,0,None,,0,None,,0,None,
1416,0,10019,,,Npc,7019003,0,empty,None,200,,False,2019173,False,,None,0,0,None,,0,None,,0,None,
1417,0,10019,,,Npc,7019003,0,empty,None,200,,False,2019174,False,,None,0,0,None,,0,None,,0,None,
1526,0,10019,,,Npc,7019001,0,empty,None,200,,False,2019283,False,,None,0,0,None,,0,None,,0,None,
1527,0,10019,,,Npc,7019001,0,empty,None,200,,False,2019284,False,,None,0,0,None,,0,None,,0,None,
1528,0,10019,,,Npc,7019001,0,empty,None,200,,False,2019285,False,,None,0,0,None,,0,None,,0,None,
1529,0,10019,,,Npc,7019002,0,empty,None,200,,False,2019286,False,,None,0,0,None,,0,None,,0,None,
1530,0,10019,,,Npc,7019002,0,empty,None,200,,False,2019287,False,,None,0,0,None,,0,None,,0,None,
1531,0,10019,,,Npc,7019002,0,empty,None,200,,False,2019288,False,,None,0,0,None,,0,None,,0,None,
1532,0,10019,,,Npc,7019003,0,empty,None,200,,False,2019289,False,,None,0,0,None,,0,None,,0,None,
1533,0,10019,,,Npc,7019003,0,empty,None,200,,False,2019290,False,,None,0,0,None,,0,None,,0,None,
1534,0,10019,,,Npc,7019003,0,empty,None,200,,False,2019291,False,,None,0,0,None,,0,None,,0,None,
1418,0,10019,,,Npc,7019016,0,empty,None,200,,False,2019175,True,event_usphere_balloon_mori_05,None,5,0,None,,0,None,,0,None,
1419,0,10019,,,Npc,7019012,0,empty,None,200,,False,2019176,True,event_usphere_balloon_mihara_04,None,5,0,None,,0,None,,0,None,
1420,0,10019,,,Npc,7019013,0,empty,None,200,,False,2019177,True,event_usphere_balloon_uni_04,None,5,0,None,,0,None,,0,None,
1421,0,10019,,,Npc,7019014,0,empty,None,200,,False,2019178,True,event_usphere_balloon_cin_01,None,5,0,None,,0,None,,0,None,
1422,0,10019,,,Npc,7019015,0,empty,None,200,,False,2019179,True,event_usphere_balloon_grave_01,None,5,0,None,,0,None,,0,None,
1423,0,10019,,,Npc,7019004,0,empty,None,200,,False,2019180,False,,None,0,0,None,,0,None,,0,None,
1424,0,10019,,,Npc,7019008,0,empty,None,200,,False,2019181,False,,None,0,0,None,,0,None,,0,None,
1425,0,10019,,,Npc,7019007,0,empty,None,200,,False,2019182,False,,None,0,0,None,,0,None,,0,None,
1426,0,10019,,,Npc,7019005,0,empty,None,200,,False,2019183,False,,None,0,0,None,,0,None,,0,None,
1427,0,10019,,,Npc,7019009,0,empty,None,200,,False,2019184,False,,None,0,0,None,,0,None,,0,None,
1428,0,10019,,,Npc,7019001,0,empty,None,200,,False,2019185,False,,None,0,0,None,,0,None,,0,None,
1429,0,10019,,,Npc,7019001,0,empty,None,200,,False,2019186,False,,None,0,0,None,,0,None,,0,None,
1430,0,10019,,,Npc,7019001,0,empty,None,200,,False,2019187,False,,None,0,0,None,,0,None,,0,None,
1431,0,10019,,,Npc,7019001,0,empty,None,200,,False,2019188,False,,None,0,0,None,,0,None,,0,None,
1432,0,10019,,,Npc,7019001,0,empty,None,200,,False,2019189,False,,None,0,0,None,,0,None,,0,None,
1433,0,10019,,,Npc,7019002,0,empty,None,200,,False,2019190,False,,None,0,0,None,,0,None,,0,None,
1434,0,10019,,,Npc,7019002,0,empty,None,200,,False,2019191,False,,None,0,0,None,,0,None,,0,None,
1435,0,10019,,,Npc,7019002,0,empty,None,200,,False,2019192,False,,None,0,0,None,,0,None,,0,None,
1436,0,10019,,,Npc,7019002,0,empty,None,200,,False,2019193,False,,None,0,0,None,,0,None,,0,None,
1437,0,10019,,,Npc,7019002,0,empty,None,200,,False,2019194,False,,None,0,0,None,,0,None,,0,None,
1438,0,10019,,,Npc,7019003,0,empty,None,200,,False,2019195,False,,None,0,0,None,,0,None,,0,None,
1439,0,10019,,,Npc,7019003,0,empty,None,200,,False,2019196,False,,None,0,0,None,,0,None,,0,None,
1440,0,10019,,,Npc,7019003,0,empty,None,200,,False,2019197,False,,None,0,0,None,,0,None,,0,None,
1441,0,10019,,,Npc,7019003,0,empty,None,200,,False,2019198,False,,None,0,0,None,,0,None,,0,None,
1442,0,10019,,,Npc,7019003,0,empty,None,200,,False,2019199,False,,None,0,0,None,,0,None,,0,None,
1535,0,10019,,,Npc,7019001,0,empty,None,200,,False,2019292,False,,None,0,0,None,,0,None,,0,None,
1536,0,10019,,,Npc,7019001,0,empty,None,200,,False,2019293,False,,None,0,0,None,,0,None,,0,None,
1537,0,10019,,,Npc,7019001,0,empty,None,200,,False,2019294,False,,None,0,0,None,,0,None,,0,None,
1538,0,10019,,,Npc,7019002,0,empty,None,200,,False,2019295,False,,None,0,0,None,,0,None,,0,None,
1539,0,10019,,,Npc,7019002,0,empty,None,200,,False,2019296,False,,None,0,0,None,,0,None,,0,None,
1540,0,10019,,,Npc,7019002,0,empty,None,200,,False,2019297,False,,None,0,0,None,,0,None,,0,None,
1541,0,10019,,,Npc,7019003,0,empty,None,200,,False,2019298,False,,None,0,0,None,,0,None,,0,None,
1542,0,10019,,,Npc,7019003,0,empty,None,200,,False,2019299,False,,None,0,0,None,,0,None,,0,None,
1443,0,10019,,,Npc,7019004,0,empty,None,200,,False,2019200,False,,None,0,0,None,,0,None,,0,None,
1444,0,10019,,,Npc,7019008,0,empty,None,200,,False,2019201,False,,None,0,0,None,,0,None,,0,None,
1445,0,10019,,,Npc,7019007,0,empty,None,200,,False,2019202,False,,None,0,0,None,,0,None,,0,None,
1446,0,10019,,,Npc,7019005,0,empty,None,200,,False,2019203,False,,None,0,0,None,,0,None,,0,None,
1447,0,10019,,,Npc,7019009,0,empty,None,200,,False,2019204,False,,None,0,0,None,,0,None,,0,None,
1448,0,10019,,,Npc,7019001,0,empty,None,200,,False,2019205,False,,None,0,0,None,,0,None,,0,None,
1449,0,10019,,,Npc,7019001,0,empty,None,200,,False,2019206,False,,None,0,0,None,,0,None,,0,None,
1450,0,10019,,,Npc,7019001,0,empty,None,200,,False,2019207,False,,None,0,0,None,,0,None,,0,None,
1451,0,10019,,,Npc,7019001,0,empty,None,200,,False,2019208,False,,None,0,0,None,,0,None,,0,None,
1452,0,10019,,,Npc,7019001,0,empty,None,200,,False,2019209,False,,None,0,0,None,,0,None,,0,None,
1453,0,10019,,,Npc,7019002,0,empty,None,200,,False,2019210,False,,None,0,0,None,,0,None,,0,None,
1454,0,10019,,,Npc,7019002,0,empty,None,200,,False,2019211,False,,None,0,0,None,,0,None,,0,None,
1455,0,10019,,,Npc,7019002,0,empty,None,200,,False,2019212,False,,None,0,0,None,,0,None,,0,None,
1456,0,10019,,,Npc,7019002,0,empty,None,200,,False,2019213,False,,None,0,0,None,,0,None,,0,None,
1457,0,10019,,,Npc,7019002,0,empty,None,200,,False,2019214,False,,None,0,0,None,,0,None,,0,None,
1458,0,10019,,,Npc,7019003,0,empty,None,200,,False,2019215,False,,None,0,0,None,,0,None,,0,None,
1459,0,10019,,,Npc,7019003,0,empty,None,200,,False,2019216,False,,None,0,0,None,,0,None,,0,None,
1460,0,10019,,,Npc,7019003,0,empty,None,200,,False,2019217,False,,None,0,0,None,,0,None,,0,None,
1461,0,10019,,,Npc,7019003,0,empty,None,200,,False,2019218,False,,None,0,0,None,,0,None,,0,None,
1462,0,10019,,,Npc,7019003,0,empty,None,200,,False,2019219,False,,None,0,0,None,,0,None,,0,None,
1543,0,10019,,,Npc,7019001,0,empty,None,200,,False,2019300,False,,None,0,0,None,,0,None,,0,None,
1544,0,10019,,,Npc,7019001,0,empty,None,200,,False,2019301,False,,None,0,0,None,,0,None,,0,None,
1545,0,10019,,,Npc,7019001,0,empty,None,200,,False,2019302,False,,None,0,0,None,,0,None,,0,None,
1546,0,10019,,,Npc,7019002,0,empty,None,200,,False,2019303,False,,None,0,0,None,,0,None,,0,None,
1547,0,10019,,,Npc,7019002,0,empty,None,200,,False,2019304,False,,None,0,0,None,,0,None,,0,None,
1548,0,10019,,,Npc,7019002,0,empty,None,200,,False,2019305,False,,None,0,0,None,,0,None,,0,None,
1549,0,10019,,,Npc,7019003,0,empty,None,200,,False,2019306,False,,None,0,0,None,,0,None,,0,None,
1550,0,10019,,,Npc,7019003,0,empty,None,200,,False,2019307,False,,None,0,0,None,,0,None,,0,None,
1551,0,10019,,,Npc,7019003,0,empty,None,200,,False,2019308,False,,None,0,0,None,,0,None,,0,None,
1621,1,10020,Locale_Character:npc_9999999_name_80,Locale_Event:event_contents_storydungeon_before,Npc,9999999,0,sprite_event_ce006_npc_tag,None,200,sprite_btn_event_ce006,False,0,False,,None,0,40079,None,,0,None,,0,None,
1622,0,10020,Locale_Character:npc_9999999_name_80,,Npc,9999999,0,empty,None,200,sprite_btn_event_ce006,False,2020001,False,,None,0,0,None,,0,None,,0,None,
1623,2,10020,Locale_Character:npc_9999999_name_81,Locale_Event:event_contents_storydungeon_after,Npc,9999999,0,sprite_event_ce006_npc_tag,None,200,sprite_btn_event_ce006,False,2020002,False,,None,0,40080,None,,0,None,,0,None,
1624,3,10020,Locale_Character:npc_9999999_name_82,Locale_Event:event_contents_challenge,Npc,7001007,0,sprite_event_ce006_npc_tag,None,200,sprite_btn_event_ce006,False,0,False,,None,0,60079,None,,0,None,,0,None,
1625,0,10020,Locale_Character:npc_9999999_name_83,,Npc,9999999,0,empty,None,200,sprite_btn_event_ce006,False,2020003,False,,None,0,0,None,,0,None,,0,None,
1626,4,10020,Locale_Character:npc_9999999_name_83,Locale_Event:event_contents_minigame,Npc,9999999,0,sprite_event_ce006_npc_tag,None,200,sprite_btn_event_ce006,False,2020004,False,,None,0,82101,None,,0,None,,0,None,
1627,5,10020,Locale_Character:npc_9999999_name_84,Locale_Event:event_contents_login,Npc,9999999,0,sprite_event_ce006_npc_tag,None,200,sprite_btn_event_ce006,True,0,False,,None,0,82105,None,,0,None,,0,None,
1628,6,10020,Locale_Character:npc_9999999_name_85,Locale_Event:event_contents_shop,Npc,9999999,0,sprite_event_ce006_npc_tag,None,200,sprite_btn_event_ce006,True,0,False,,None,0,82102,None,,0,None,,0,None,
1629,7,10020,Locale_Character:npc_9999999_name_86,Locale_Event:cooperation_event_name,Npc,9999999,0,sprite_event_ce006_npc_tag,None,200,sprite_btn_event_ce006,True,0,False,,None,0,30068,Cooperation,30068,30069,Cooperation,30069,30070,Cooperation,30070
1630,8,10020,Locale_Character:npc_9999999_name_87,Locale_Event:can_collect_event_name,Npc,9999999,0,sprite_event_ce006_npc_tag,None,200,sprite_btn_event_ce006,True,0,False,,None,0,82104,None,,0,None,,0,None,
1633,0,10020,,,Npc,7020002,0,empty,None,200,,False,2020007,True,event_ce006_balloon_01,None,5,0,None,,0,None,,0,None,
1634,0,10020,,,Npc,7020005,0,empty,None,200,,False,2020008,True,,None,5,0,None,,0,None,,0,None,
1635,0,10020,,,Npc,7020007,0,empty,None,200,,False,2020009,True,,None,5,0,None,,0,None,,0,None,
1636,0,10020,,,Npc,7020001,0,empty,None,200,,False,2020010,True,event_ce006_balloon_02,None,5,0,None,,0,None,,0,None,
1637,0,10020,,,Npc,7020010,0,empty,None,200,,False,2020011,True,event_ce006_balloon_03,None,5,0,None,,0,None,,0,None,
1638,0,10020,,,Npc,7020013,0,empty,None,200,,False,2020012,True,event_ce006_balloon_04,None,5,0,None,,0,None,,0,None,
1639,0,10020,,,Npc,7020016,0,empty,None,200,,False,2020013,True,event_ce006_balloon_05,None,5,0,None,,0,None,,0,None,
1640,0,10020,,,Npc,7020006,0,empty,None,200,,False,2020014,True,,None,5,0,None,,0,None,,0,None,
1641,0,10020,,,Npc,7020008,0,empty,None,200,,False,2020015,True,,None,5,0,None,,0,None,,0,None,
1642,0,10020,,,Npc,7020011,0,empty,None,200,,False,2020016,True,event_ce006_balloon_06,None,5,0,None,,0,None,,0,None,
1643,0,10020,,,Npc,7020013,0,empty,None,200,,False,2020017,True,event_ce006_balloon_07,None,5,0,None,,0,None,,0,None,
1644,0,10020,,,Npc,7020017,0,empty,None,200,,False,2020018,True,event_ce006_balloon_08,None,5,0,None,,0,None,,0,None,
1645,0,10020,,,Npc,7020001,0,empty,None,200,,False,2020019,True,event_ce006_balloon_09,None,5,0,None,,0,None,,0,None,
1646,0,10020,,,Npc,7020004,0,empty,None,200,,False,2020020,True,event_ce006_balloon_10,None,5,0,None,,0,None,,0,None,
1647,0,10020,,,Npc,7020010,0,empty,None,200,,False,2020021,True,event_ce006_balloon_11,None,5,0,None,,0,None,,0,None,
1648,0,10020,,,Npc,7020013,0,empty,None,200,,False,2020022,True,event_ce006_balloon_12,None,5,0,None,,0,None,,0,None,
1649,0,10020,,,Npc,7020016,0,empty,None,200,,False,2020023,True,event_ce006_balloon_13,None,5,0,None,,0,None,,0,None,
1650,0,10020,,,Npc,7020018,0,empty,None,200,,False,2020024,True,event_ce006_balloon_14,None,5,0,None,,0,None,,0,None,
1651,0,10020,,,Npc,7020022,0,empty,None,200,,False,2020025,True,event_ce006_balloon_15,None,5,0,None,,0,None,,0,None,
1652,0,10020,,,Npc,7020023,0,empty,None,200,,False,2020026,True,event_ce006_balloon_16,None,5,0,None,,0,None,,0,None,
1653,0,10020,,,Npc,7020013,0,empty,None,200,,False,2020027,True,event_ce006_balloon_17,None,5,0,None,,0,None,,0,None,
1654,0,10020,,,Npc,7020016,0,empty,None,200,,False,2020028,True,event_ce006_balloon_18,None,5,0,None,,0,None,,0,None,
1655,0,10020,,,Npc,7020005,0,empty,None,200,,False,2020029,True,,None,5,0,None,,0,None,,0,None,
1656,0,10020,,,Npc,7020008,0,empty,None,200,,False,2020030,True,,None,5,0,None,,0,None,,0,None,
1657,0,10020,,,Npc,7020023,0,empty,None,200,,False,2020031,True,event_ce006_balloon_19,None,5,0,None,,0,None,,0,None,
1658,0,10020,,,Npc,7020003,0,empty,None,200,,False,2020032,True,event_ce006_balloon_20,None,5,0,None,,0,None,,0,None,
1659,0,10020,,,Npc,7020019,0,empty,None,200,,False,2020033,True,event_ce006_balloon_21,None,5,0,None,,0,None,,0,None,
1660,0,10020,,,Npc,7020005,0,empty,None,200,,False,2020034,True,,None,5,0,None,,0,None,,0,None,
1661,0,10020,,,Npc,7020007,0,empty,None,200,,False,2020035,True,,None,5,0,None,,0,None,,0,None,
1662,0,10020,,,Npc,7020012,0,empty,None,200,,False,2020036,True,event_ce006_balloon_22,None,5,0,None,,0,None,,0,None,
1663,0,10020,,,Npc,7020013,0,empty,None,200,,False,2020037,True,event_ce006_balloon_23,None,5,0,None,,0,None,,0,None,
1664,0,10020,,,Npc,7020001,0,empty,None,200,,False,2020038,True,event_ce006_balloon_24,None,5,0,None,,0,None,,0,None,
1665,0,10020,,,Npc,7020024,0,empty,None,200,,False,2020039,True,event_ce006_balloon_25,None,5,0,None,,0,None,,0,None,
1666,0,10020,,,Npc,7020028,0,empty,None,200,,False,2020040,True,event_ce006_balloon_26,None,5,0,None,,0,None,,0,None,
1667,0,10020,,,Npc,7020005,0,empty,None,200,,False,2020041,True,,None,5,0,None,,0,None,,0,None,
1668,0,10020,,,Npc,7020007,0,empty,None,200,,False,2020042,True,,None,5,0,None,,0,None,,0,None,
1669,0,10020,,,Npc,7020010,0,empty,None,200,,False,2020043,True,event_ce006_balloon_27,None,5,0,None,,0,None,,0,None,
1670,0,10020,,,Npc,7020013,0,empty,None,200,,False,2020044,True,,None,5,0,None,,0,None,,0,None,
1671,0,10020,,,Npc,7020016,0,empty,None,200,,False,2020045,True,,None,5,0,None,,0,None,,0,None,
1672,0,10020,,,Npc,7020001,0,empty,None,200,,False,2020046,True,event_ce006_balloon_28,None,5,0,None,,0,None,,0,None,
1673,0,10020,,,Npc,7020018,0,empty,None,200,,False,2020047,True,event_ce006_balloon_29,None,5,0,None,,0,None,,0,None,
1674,0,10020,,,Npc,7020022,0,empty,None,200,,False,2020048,True,event_ce006_balloon_30,None,5,0,None,,0,None,,0,None,
1675,0,10020,,,Npc,7020029,0,empty,None,200,,False,2020049,True,event_ce006_balloon_31,None,5,0,None,,0,None,,0,None,
1676,0,10020,,,Npc,7020005,0,empty,None,200,,False,2020050,True,,None,5,0,None,,0,None,,0,None,
1677,0,10020,,,Npc,7020009,0,empty,None,200,,False,2020051,True,,None,5,0,None,,0,None,,0,None,
1678,0,10020,,,Npc,7020010,0,empty,None,200,,False,2020052,True,,None,5,0,None,,0,None,,0,None,
1679,0,10020,,,Npc,7020013,0,empty,None,200,,False,2020053,True,event_ce006_balloon_32,None,5,0,None,,0,None,,0,None,
1680,0,10020,,,Npc,7020016,0,empty,None,200,,False,2020054,True,event_ce006_balloon_33,None,5,0,None,,0,None,,0,None,
1681,0,10020,,,Npc,7020001,0,empty,None,200,,False,2020055,True,event_ce006_balloon_34,None,5,0,None,,0,None,,0,None,
1682,0,10020,,,Npc,7020021,0,empty,None,200,,False,2020056,True,event_ce006_balloon_35,None,5,0,None,,0,None,,0,None,
1683,0,10020,,,Npc,7020025,0,empty,None,200,,False,2020057,True,event_ce006_balloon_36,None,5,0,None,,0,None,,0,None,
1684,0,10020,,,Npc,7020030,0,empty,None,200,,False,2020058,True,event_ce006_balloon_37,None,5,0,None,,0,None,,0,None,
1685,0,10020,,,Npc,7020005,0,empty,None,200,,False,2020059,True,,None,5,0,None,,0,None,,0,None,
1686,0,10020,,,Npc,7020007,0,empty,None,200,,False,2020060,True,,None,5,0,None,,0,None,,0,None,
1687,0,10020,,,Npc,7020010,0,empty,None,200,,False,2020061,True,,None,5,0,None,,0,None,,0,None,
1688,0,10020,,,Npc,7020013,0,empty,None,200,,False,2020062,True,event_ce006_balloon_38,None,5,0,None,,0,None,,0,None,
1689,0,10020,,,Npc,7020016,0,empty,None,200,,False,2020063,True,event_ce006_balloon_39,None,5,0,None,,0,None,,0,None,
1690,0,10020,,,Npc,7020001,0,empty,None,200,,False,2020064,True,event_ce006_balloon_40,None,5,0,None,,0,None,,0,None,
1691,0,10020,,,Npc,7020018,0,empty,None,200,,False,2020065,True,event_ce006_balloon_41,None,5,0,None,,0,None,,0,None,
1692,0,10020,,,Npc,7020022,0,empty,None,200,,False,2020066,True,event_ce006_balloon_42,None,5,0,None,,0,None,,0,None,
1693,0,10020,,,Npc,7020029,0,empty,None,200,,False,2020067,True,event_ce006_balloon_43,None,5,0,None,,0,None,,0,None,
1694,0,10020,,,Npc,7020005,0,empty,None,200,,False,2020068,True,,None,5,0,None,,0,None,,0,None,
1695,0,10020,,,Npc,7020007,0,empty,None,200,,False,2020069,True,,None,5,0,None,,0,None,,0,None,
1696,0,10020,,,Npc,7020018,0,empty,None,200,,False,2020070,True,,None,5,0,None,,0,None,,0,None,
1697,0,10020,,,Npc,7020022,0,empty,None,200,,False,2020071,True,event_ce006_balloon_44,None,5,0,None,,0,None,,0,None,
1698,0,10020,,,Npc,7020029,0,empty,None,200,,False,2020072,True,,None,5,0,None,,0,None,,0,None,
1699,0,10020,,,Npc,7020005,0,empty,None,200,,False,2020073,True,,None,5,0,None,,0,None,,0,None,
1700,0,10020,,,Npc,7020007,0,empty,None,200,,False,2020074,True,,None,5,0,None,,0,None,,0,None,
1701,0,10020,,,Npc,7020010,0,empty,None,200,,False,2020075,True,event_ce006_balloon_45,None,5,0,None,,0,None,,0,None,
1702,0,10020,,,Npc,7020013,0,empty,None,200,,False,2020076,True,event_ce006_balloon_46,None,5,0,None,,0,None,,0,None,
1703,0,10020,,,Npc,7020016,0,empty,None,200,,False,2020077,True,event_ce006_balloon_47,None,5,0,None,,0,None,,0,None,
1704,0,10020,,,Npc,7020001,0,empty,None,200,,False,2020078,True,event_ce006_balloon_48,None,5,0,None,,0,None,,0,None,
1705,0,10020,,,Npc,7020018,0,empty,None,200,,False,2020079,True,event_ce006_balloon_49,None,5,0,None,,0,None,,0,None,
1706,0,10020,,,Npc,7020022,0,empty,None,200,,False,2020080,True,event_ce006_balloon_50,None,5,0,None,,0,None,,0,None,
1707,0,10020,,,Npc,7020029,0,empty,None,200,,False,2020081,True,event_ce006_balloon_51,None,5,0,None,,0,None,,0,None,
1708,0,10020,,,Npc,7020014,0,empty,None,200,,False,2020082,True,event_ce006_balloon_52,None,5,0,None,,0,None,,0,None,
1709,0,10020,,,Npc,7020017,0,empty,None,200,,False,2020083,True,event_ce006_balloon_53,None,5,0,None,,0,None,,0,None,
1712,0,10020,,,Npc,7020016,0,empty,None,200,,False,2020086,True,event_ce006_balloon_56,None,5,0,None,,0,None,,0,None,
1713,0,10020,,,Npc,7020027,0,empty,None,200,,False,2020087,True,event_ce006_balloon_57,None,5,0,None,,0,None,,0,None,
1714,0,10020,,,Npc,7020016,0,empty,None,200,,False,2020088,True,event_ce006_balloon_58,None,5,0,None,,0,None,,0,None,
1715,0,10020,,,Npc,7020013,0,empty,None,200,,False,2020089,True,event_ce006_balloon_59,None,5,0,None,,0,None,,0,None,
1716,0,10020,,,Npc,7020016,0,empty,None,200,,False,2020090,True,event_ce006_balloon_60,None,5,0,None,,0,None,,0,None,
1717,0,10020,,,Npc,7020026,0,empty,None,200,,False,2020091,True,event_ce006_balloon_61,None,5,0,None,,0,None,,0,None,
1718,0,10020,,,Npc,7020031,0,empty,None,200,,False,2020092,False,,None,0,0,None,,0,None,,0,None,
1719,0,10020,,,Npc,7020031,0,empty,None,200,,False,2020093,False,,None,0,0,None,,0,None,,0,None,
1720,0,10020,,,Npc,7020031,0,empty,None,200,,False,2020094,False,,None,0,0,None,,0,None,,0,None,
1721,0,10020,,,Npc,7020031,0,empty,None,200,,False,2020095,False,,None,0,0,None,,0,None,,0,None,
1722,0,10020,,,Npc,7020031,0,empty,None,200,,False,2020096,False,,None,0,0,None,,0,None,,0,None,
1723,0,10020,,,Npc,7020031,0,empty,None,200,,False,2020097,False,,None,0,0,None,,0,None,,0,None,
1724,0,10020,,,Npc,7020031,0,empty,None,200,,False,2020098,False,,None,0,0,None,,0,None,,0,None,
1725,0,10020,,,Npc,7020031,0,empty,None,200,,False,2020099,False,,None,0,0,None,,0,None,,0,None,
1726,0,10020,,,Npc,7020031,0,empty,None,200,,False,2020100,False,,None,0,0,None,,0,None,,0,None,
1727,0,10020,,,Npc,7020031,0,empty,None,200,,False,2020101,False,,None,0,0,None,,0,None,,0,None,
1728,0,10020,,,Npc,7020031,0,empty,None,200,,False,2020102,False,,None,0,0,None,,0,None,,0,None,
1729,0,10020,,,Npc,7020031,0,empty,None,200,,False,2020103,False,,None,0,0,None,,0,None,,0,None,
1730,0,10020,,,Npc,7020031,0,empty,None,200,,False,2020104,False,,None,0,0,None,,0,None,,0,None,
1731,0,10020,,,Npc,7020031,0,empty,None,200,,False,2020105,False,,None,0,0,None,,0,None,,0,None,
1732,0,10020,,,Npc,7020031,0,empty,None,200,,False,2020106,False,,None,0,0,None,,0,None,,0,None,
1733,0,10020,,,Npc,7020031,0,empty,None,200,,False,2020107,False,,None,0,0,None,,0,None,,0,None,
1734,0,10020,,,Npc,7020031,0,empty,None,200,,False,2020108,False,,None,0,0,None,,0,None,,0,None,
1735,0,10020,,,Npc,9999999,0,empty,None,400,,False,0,False,,None,0,0,None,,0,None,,0,None,
1736,0,10020,,,Npc,9999999,0,empty,None,400,,False,0,False,,None,0,0,None,,0,None,,0,None,
1737,0,10020,,,Npc,9999999,0,empty,None,3500,,False,0,False,,None,0,0,None,,0,None,,0,None,
1552,0,10021,Locale_Character:10_name,,Character,10,0,sprite_event_ce002_npc_tag,None,200,sprite_btn_event_bluewaterisland,False,2021001,False,,None,0,0,None,,0,None,,0,None,
1553,0,10021,Locale_Character:10_name,,Character,10,0,sprite_event_ce002_npc_tag,None,200,sprite_btn_event_ce002,False,2021002,True,event_ce002_balloon_01_01,Random,5,0,None,,0,None,,0,None,
1554,0,10021,Locale_Character:10_name,,Character,10,0,sprite_event_ce002_npc_tag,None,200,sprite_btn_event_ce002,False,2021003,True,event_ce002_balloon_01_03,Random,5,0,None,,0,None,,0,None,
1555,0,10021,Locale_Character:10_name,,Character,10,0,sprite_event_ce002_npc_tag,None,200,sprite_btn_event_ce002,False,2021004,True,event_ce002_balloon_01_04,Random,5,0,None,,0,None,,0,None,
1556,0,10021,Locale_Character:10_name,,Character,10,0,sprite_event_ce002_npc_tag,None,200,sprite_btn_event_ce002,False,2021005,True,event_ce002_balloon_01_05,Random,5,0,None,,0,None,,0,None,
1557,0,10021,Locale_Character:10_name,,Character,10,0,sprite_event_ce002_npc_tag,None,200,sprite_btn_event_ce002,False,2021006,False,,None,0,0,None,,0,None,,0,None,
1558,0,10021,Locale_Character:10_name,,Character,10,0,sprite_event_ce002_npc_tag,None,200,sprite_btn_event_ce002,False,2021007,True,event_ce002_balloon_01_06,Random,5,0,None,,0,None,,0,None,
1559,0,10021,Locale_Character:10_name,,Character,10,0,sprite_event_ce002_npc_tag,None,200,sprite_btn_event_ce002,False,2021008,True,event_ce002_balloon_01_07,Random,5,0,None,,0,None,,0,None,
1560,0,10021,Locale_Character:10_name,,Character,10,0,sprite_event_ce002_npc_tag,None,200,sprite_btn_event_ce002,False,2021009,True,event_ce002_balloon_01_08,Random,5,0,None,,0,None,,0,None,
1561,0,10021,Locale_Character:10_name,,Character,10,0,sprite_event_ce002_npc_tag,None,200,sprite_btn_event_ce002,False,2021010,False,,None,0,0,None,,0,None,,0,None,
1562,0,10021,Locale_Character:12_name,,Character,12,0,sprite_event_ce002_npc_tag,None,200,sprite_btn_event_ce002,False,2021011,True,event_ce002_balloon_02_01,Random,5,0,None,,0,None,,0,None,
1563,0,10021,Locale_Character:12_name,,Character,12,0,sprite_event_ce002_npc_tag,None,200,sprite_btn_event_ce002,False,2021012,True,event_ce002_balloon_02_03,Random,5,0,None,,0,None,,0,None,
1564,0,10021,Locale_Character:12_name,,Character,12,0,sprite_event_ce002_npc_tag,None,200,sprite_btn_event_ce002,False,2021013,True,event_ce002_balloon_02_04,Random,5,0,None,,0,None,,0,None,
1565,0,10021,Locale_Character:12_name,,Character,12,0,sprite_event_ce002_npc_tag,None,200,sprite_btn_event_ce002,False,2021014,True,event_ce002_balloon_02_05,Random,5,0,None,,0,None,,0,None,
1566,0,10021,Locale_Character:12_name,,Character,12,0,sprite_event_ce002_npc_tag,None,200,sprite_btn_event_ce002,False,2021015,True,event_ce002_balloon_02_06,Random,5,0,None,,0,None,,0,None,
1567,0,10021,Locale_Character:12_name,,Character,12,0,sprite_event_ce002_npc_tag,None,200,sprite_btn_event_ce002,False,2021016,True,event_ce002_balloon_02_07,Random,5,0,None,,0,None,,0,None,
1568,0,10021,Locale_Character:12_name,,Character,12,0,sprite_event_ce002_npc_tag,None,200,sprite_btn_event_ce002,False,2021017,True,event_ce002_balloon_02_08,Random,5,0,None,,0,None,,0,None,
1569,0,10021,Locale_Character:12_name,,Character,12,0,sprite_event_ce002_npc_tag,None,200,sprite_btn_event_ce002,False,2021018,True,event_ce002_balloon_02_09,Random,5,0,None,,0,None,,0,None,
1570,0,10021,Locale_Character:12_name,,Character,12,0,sprite_event_ce002_npc_tag,None,200,sprite_btn_event_ce002,False,2021019,False,,None,0,0,None,,0,None,,0,None,
1571,0,10021,Locale_Character:11_name,,Character,11,0,sprite_event_ce002_npc_tag,None,200,sprite_btn_event_ce002,False,2021020,True,event_ce002_balloon_03_01,Random,5,0,None,,0,None,,0,None,
1572,0,10021,Locale_Character:11_name,,Character,11,0,sprite_event_ce002_npc_tag,None,200,sprite_btn_event_ce002,False,2021021,True,event_ce002_balloon_03_02,Random,5,0,None,,0,None,,0,None,
1573,0,10021,Locale_Character:11_name,,Character,11,0,sprite_event_ce002_npc_tag,None,200,sprite_btn_event_ce002,False,2021022,True,event_ce002_balloon_03_03,Random,5,0,None,,0,None,,0,None,
1574,0,10021,Locale_Character:11_name,,Character,11,0,sprite_event_ce002_npc_tag,None,200,sprite_btn_event_ce002,False,2021023,True,event_ce002_balloon_03_04,Random,5,0,None,,0,None,,0,None,
1575,0,10021,Locale_Character:11_name,,Character,11,0,sprite_event_ce002_npc_tag,None,200,sprite_btn_event_ce002,False,2021024,True,event_ce002_balloon_03_05,Random,5,0,None,,0,None,,0,None,
1576,0,10021,Locale_Character:11_name,,Character,11,0,sprite_event_ce002_npc_tag,None,200,sprite_btn_event_ce002,False,2021025,True,event_ce002_balloon_03_06,Random,5,0,None,,0,None,,0,None,
1577,0,10021,Locale_Character:11_name,,Character,11,0,sprite_event_ce002_npc_tag,None,200,sprite_btn_event_ce002,False,2021026,True,event_ce002_balloon_03_07,Random,5,0,None,,0,None,,0,None,
1578,0,10021,Locale_Character:11_name,,Character,11,0,sprite_event_ce002_npc_tag,None,200,sprite_btn_event_ce002,False,2021027,True,event_ce002_balloon_03_08,Random,5,0,None,,0,None,,0,None,
1579,0,10021,Locale_Character:11_name,,Character,11,0,sprite_event_ce002_npc_tag,None,200,sprite_btn_event_ce002,False,2021028,False,,None,0,0,None,,0,None,,0,None,
1580,0,10021,Locale_Character:npc_6001_name_01_01,,Character,303,0,sprite_event_ce002_npc_tag,None,200,sprite_btn_event_ce002,False,2021029,True,event_ce002_balloon_04_01,Random,5,0,None,,0,None,,0,None,
1581,0,10021,Locale_Character:npc_6001_name_01_02,,Npc,7003023,0,sprite_event_ce002_npc_tag,None,200,sprite_btn_event_ce002,False,2021030,True,event_ce002_balloon_04_02,Random,5,0,None,,0,None,,0,None,
1582,0,10021,Locale_Character:npc_6001_name_01_02,,Npc,7003023,0,sprite_event_ce002_npc_tag,None,200,sprite_btn_event_ce002,False,2021031,True,event_ce002_balloon_04_03,Random,5,0,None,,0,None,,0,None,
1583,0,10021,Locale_Character:npc_6001_name_01_02,,Npc,7003023,0,sprite_event_ce002_npc_tag,None,200,sprite_btn_event_ce002,False,2021032,True,event_ce002_balloon_04_04,Random,5,0,None,,0,None,,0,None,
1584,0,10021,Locale_Character:npc_6001_name_01_02,,Npc,7003023,0,sprite_event_ce002_npc_tag,None,200,sprite_btn_event_ce002,False,2021033,True,event_ce002_balloon_04_05,Random,5,0,None,,0,None,,0,None,
1585,0,10021,Locale_Character:npc_6001_name_01_02,,Npc,7003023,0,sprite_event_ce002_npc_tag,None,200,sprite_btn_event_ce002,False,2021034,True,event_ce002_balloon_04_06,Random,5,0,None,,0,None,,0,None,
1586,0,10021,Locale_Character:npc_6001_name_01_02,,Npc,7003023,0,sprite_event_ce002_npc_tag,None,200,sprite_btn_event_ce002,False,2021035,True,event_ce002_balloon_04_07,Random,5,0,None,,0,None,,0,None,
1587,0,10021,Locale_Character:npc_6002_name_02_01,,Character,303,0,sprite_event_ce002_npc_tag,None,200,sprite_btn_event_ce002,False,2021036,True,event_ce002_balloon_05_01,Random,5,0,None,,0,None,,0,None,
1588,0,10021,Locale_Character:npc_6002_name_02_02,,Npc,7003024,0,sprite_event_ce002_npc_tag,None,200,sprite_btn_event_ce002,False,2021037,True,event_ce002_balloon_05_02,Random,5,0,None,,0,None,,0,None,
1589,0,10021,Locale_Character:npc_6002_name_02_02,,Npc,7003024,0,sprite_event_ce002_npc_tag,None,200,sprite_btn_event_ce002,False,2021038,True,event_ce002_balloon_05_03,Random,5,0,None,,0,None,,0,None,
1590,0,10021,Locale_Character:npc_6002_name_02_02,,Npc,7003024,0,sprite_event_ce002_npc_tag,None,200,sprite_btn_event_ce002,False,2021039,True,event_ce002_balloon_05_04,Random,5,0,None,,0,None,,0,None,
1591,0,10021,Locale_Character:npc_6002_name_02_02,,Npc,7003024,0,sprite_event_ce002_npc_tag,None,200,sprite_btn_event_ce002,False,2021040,False,,None,0,0,None,,0,None,,0,None,
1592,0,10021,Locale_Character:npc_6002_name_02_02,,Npc,7003024,0,sprite_event_ce002_npc_tag,None,200,sprite_btn_event_ce002,False,2021041,True,event_ce002_balloon_05_06,Random,5,0,None,,0,None,,0,None,
1593,0,10021,Locale_Character:npc_6002_name_02_02,,Npc,7003024,0,sprite_event_ce002_npc_tag,None,200,sprite_btn_event_ce002,False,2021042,True,event_ce002_balloon_05_07,Random,5,0,None,,0,None,,0,None,
1594,0,10021,Locale_Character:npc_6003_name_03_01,,Character,303,0,sprite_event_ce002_npc_tag,None,200,sprite_btn_event_ce002,False,2021043,True,event_ce002_balloon_06_01,Random,5,0,None,,0,None,,0,None,
1595,0,10021,Locale_Character:npc_6003_name_03_02,,Npc,7003025,0,sprite_event_ce002_npc_tag,None,200,sprite_btn_event_ce002,False,2021044,True,event_ce002_balloon_06_02,Random,5,0,None,,0,None,,0,None,
1596,0,10021,Locale_Character:npc_6003_name_03_02,,Npc,7003025,0,sprite_event_ce002_npc_tag,None,200,sprite_btn_event_ce002,False,2021045,True,event_ce002_balloon_06_03,Random,5,0,None,,0,None,,0,None,
1597,0,10021,Locale_Character:npc_6003_name_03_02,,Npc,7003025,0,sprite_event_ce002_npc_tag,None,200,sprite_btn_event_ce002,False,2021046,True,event_ce002_balloon_06_04,Random,5,0,None,,0,None,,0,None,
1598,0,10021,Locale_Character:npc_6003_name_03_02,,Npc,7003025,0,sprite_event_ce002_npc_tag,None,200,sprite_btn_event_ce002,False,2021047,False,,None,0,0,None,,0,None,,0,None,
1599,0,10021,Locale_Character:npc_6003_name_03_02,,Npc,7003025,0,sprite_event_ce002_npc_tag,None,200,sprite_btn_event_ce002,False,2021048,True,event_ce002_balloon_06_06,Random,5,0,None,,0,None,,0,None,
1600,0,10021,Locale_Character:npc_6003_name_03_02,,Npc,7003025,0,sprite_event_ce002_npc_tag,None,200,sprite_btn_event_ce002,False,2021049,True,event_ce002_balloon_06_07,Random,5,0,None,,0,None,,0,None,
1601,0,10021,Locale_Character:npc_6004_name_04,,Npc,7003020,0,sprite_event_ce002_npc_tag,None,200,sprite_btn_event_ce002,False,2021050,False,,None,0,0,None,,0,None,,0,None,
1602,0,10021,Locale_Character:npc_6004_name_04,,Npc,7003020,0,sprite_event_ce002_npc_tag,None,200,sprite_btn_event_ce002,False,2021051,False,,None,0,0,None,,0,None,,0,None,
1603,0,10021,Locale_Character:npc_6004_name_04,,Npc,7003020,0,sprite_event_ce002_npc_tag,None,200,sprite_btn_event_ce002,False,2021052,False,,None,0,0,None,,0,None,,0,None,
1604,0,10021,Locale_Character:npc_6004_name_04,,Npc,7003020,0,sprite_event_ce002_npc_tag,None,200,sprite_btn_event_ce002,False,2021053,False,,None,0,0,None,,0,None,,0,None,
1605,0,10021,Locale_Character:npc_6004_name_04,,Npc,7003020,0,sprite_event_ce002_npc_tag,None,200,sprite_btn_event_ce002,False,2021054,False,,None,0,0,None,,0,None,,0,None,
1606,0,10021,Locale_Character:810_name,,Character,810,0,sprite_event_ce002_npc_tag,None,200,sprite_btn_event_ce002,False,2021055,False,,None,0,0,None,,0,None,,0,None,
1607,0,10021,Locale_Character:810_name,,Character,810,0,sprite_event_ce002_npc_tag,None,200,sprite_btn_event_ce002,False,2021056,False,,None,0,0,None,,0,None,,0,None,
1608,0,10021,Locale_Character:810_name,,Character,810,0,sprite_event_ce002_npc_tag,None,200,sprite_btn_event_ce002,False,2021057,False,,None,0,0,None,,0,None,,0,None,
1609,0,10021,Locale_Character:810_name,,Character,810,0,sprite_event_ce002_npc_tag,None,200,sprite_btn_event_ce002,False,2021058,False,,None,0,0,None,,0,None,,0,None,
1610,0,10021,Locale_Character:810_name,,Character,810,0,sprite_event_ce002_npc_tag,None,200,sprite_btn_event_ce002,False,2021059,False,,None,0,0,None,,0,None,,0,None,
1611,6,10021,Locale_Character:npc_6004_name_05,Locale_Event:event_contents_shop,Npc,7003021,0,sprite_event_ce002_npc_tag,None,700,sprite_btn_event_ce002,True,2021060,False,,None,0,82302,None,,0,None,,0,None,
1612,1,10021,Locale_Character:npc_6005_name_09,Locale_Event:event_contents_storydungeon_before,Npc,9999999,0,sprite_event_ce002_npc_tag,None,200,sprite_btn_event_ce002,False,2021061,False,,None,0,40082,None,,0,None,,0,None,
1613,2,10021,Locale_Character:npc_6005_name_06,Locale_Event:event_contents_storydungeon_after,Npc,9999999,0,sprite_event_ce002_npc_tag,None,200,sprite_btn_event_ce002,False,2021066,False,,None,0,40083,None,,0,None,,0,None,
1614,0,10021,Locale_Character:npc_6005_name_07,,Npc,9999999,0,sprite_event_ce002_npc_tag,None,200,sprite_btn_event_ce002,False,2021063,False,,None,0,0,None,,0,None,,0,None,
1615,4,10021,Locale_Character:npc_6005_name_07,Locale_Event:event_contents_minigame,Npc,9999999,0,sprite_event_ce002_npc_tag,None,200,sprite_btn_event_ce002,False,2021064,False,,None,0,82303,None,,0,None,,0,None,
1616,0,10021,Locale_Character:npc_6005_name_08,,Npc,9999999,0,sprite_event_ce002_npc_tag,None,200,sprite_btn_event_ce002,False,0,False,,None,0,0,None,,0,None,,0,None,
1617,5,10021,Locale_Character:812_name,Locale_Event:event_contents_login,Character,812,0,sprite_event_ce002_npc_tag,None,200,sprite_btn_event_ce002,True,0,False,,None,0,82304,None,,0,None,,0,None,
1618,3,10021,Locale_Character:npc_5001_name,Locale_Event:event_contents_challenge,Npc,7001007,0,sprite_event_ce002_npc_tag,None,200,sprite_btn_event_ce002,True,0,False,,None,0,60082,None,,0,None,,0,None,
1619,7,10021,,Locale_Event:cooperation_event_name,Npc,9999999,0,empty,None,200,sprite_btn_event_ce002,False,0,False,,None,0,0,None,,0,None,,0,None,
1620,0,10021,Locale_Character:npc_6005_name_06,,Npc,9999999,0,sprite_event_ce002_npc_tag,None,200,sprite_btn_event_ce002,False,2021062,False,,None,0,0,None,,0,None,,0,None,
1738,1,10024,Locale_Character:npc_9999999_name_88,Locale_Event:event_contents_storydungeon_before,Npc,9999999,0,sprite_event_boomtheghost_npc_tag,None,400,sprite_btn_event_boomtheghost,False,0,False,,None,0,40084,None,,0,None,,0,None,
1739,0,10024,Locale_Character:npc_9999999_name_89,,Npc,9999999,0,empty,None,200,sprite_btn_event_boomtheghost,False,2024001,False,,None,0,0,None,,0,None,,0,None,
1740,2,10024,Locale_Character:npc_9999999_name_89,Locale_Event:event_contents_storydungeon_after,Npc,9999999,0,sprite_event_boomtheghost_npc_tag,None,200,sprite_btn_event_boomtheghost,False,2024002,False,,None,0,40085,None,,0,None,,0,None,
1741,3,10024,Locale_Character:npc_9999999_name_93,Locale_Event:event_contents_challenge,Npc,9999999,0,sprite_event_boomtheghost_npc_tag,None,200,sprite_btn_event_boomtheghost,False,0,False,,None,0,60084,None,,0,None,,0,None,
1742,0,10024,Locale_Character:npc_9999999_name_92,,Npc,9999999,0,empty,None,200,sprite_btn_event_boomtheghost,False,2024003,False,,None,0,0,None,,0,None,,0,None,
1743,4,10024,Locale_Character:npc_9999999_name_92,Locale_Event:event_contents_minigame,Npc,9999999,0,sprite_event_boomtheghost_npc_tag,None,200,sprite_btn_event_boomtheghost,False,2024004,False,,None,0,82401,None,,0,None,,0,None,
1744,5,10024,Locale_Character:npc_9999999_name_91,Locale_Event:event_contents_login,Npc,9999999,0,sprite_event_boomtheghost_npc_tag,None,200,sprite_btn_event_boomtheghost,True,0,False,,None,0,82403,None,,0,None,,0,None,
1745,6,10024,Locale_Character:npc_9999999_name_90,Locale_Event:event_contents_shop,Npc,9999999,0,sprite_event_boomtheghost_npc_tag,None,200,sprite_btn_event_boomtheghost,True,0,False,,None,0,82402,None,,0,None,,0,None,
1746,0,10024,,,Character,502,0,empty,None,200,,False,2024005,True,event_boomtheghost_balloon_01,None,5,0,None,,0,None,,0,None,
1747,0,10024,,,Character,16,1,empty,None,200,,False,2024006,True,event_boomtheghost_balloon_02,None,5,0,None,,0,None,,0,None,
1748,0,10024,,,Character,131,1,empty,None,200,,False,2024007,True,event_boomtheghost_balloon_03,None,5,0,None,,0,None,,0,None,
1749,0,10024,,,Character,192,2,empty,None,200,,False,2024008,True,event_boomtheghost_balloon_04,None,5,0,None,,0,None,,0,None,
1750,0,10024,,,Character,201,1,empty,None,200,,False,2024009,True,event_boomtheghost_balloon_05,None,5,0,None,,0,None,,0,None,
1751,0,10024,,,Character,80,2,empty,None,200,,False,2024010,True,event_boomtheghost_balloon_06,None,5,0,None,,0,None,,0,None,
1752,0,10024,,,Npc,7024005,0,empty,None,200,,False,2024011,False,,None,0,0,None,,0,None,,0,None,
1753,0,10024,,,Character,502,0,empty,None,200,,False,2024012,True,event_boomtheghost_balloon_07,None,5,0,None,,0,None,,0,None,
1754,0,10024,,,Character,16,1,empty,None,200,,False,2024013,True,event_boomtheghost_balloon_08,None,5,0,None,,0,None,,0,None,
1755,0,10024,,,Character,131,1,empty,None,200,,False,2024014,True,event_boomtheghost_balloon_09,None,5,0,None,,0,None,,0,None,
1756,0,10024,,,Character,192,2,empty,None,200,,False,2024015,True,event_boomtheghost_balloon_10,None,5,0,None,,0,None,,0,None,
1757,0,10024,,,Character,201,1,empty,None,200,,False,2024016,True,event_boomtheghost_balloon_11,None,5,0,None,,0,None,,0,None,
1758,0,10024,,,Character,80,2,empty,None,200,,False,2024017,True,event_boomtheghost_balloon_12,None,5,0,None,,0,None,,0,None,
1759,0,10024,,,Character,80,2,empty,None,200,,False,2024018,True,event_boomtheghost_balloon_13,None,5,0,None,,0,None,,0,None,
1760,0,10024,,,Character,192,2,empty,None,200,,False,2024019,True,event_boomtheghost_balloon_14,None,5,0,None,,0,None,,0,None,
1761,0,10024,,,Character,142,1,empty,None,200,,False,2024020,True,event_boomtheghost_balloon_15,None,5,0,None,,0,None,,0,None,
1762,0,10024,,,Character,131,1,empty,None,200,,False,2024021,True,event_boomtheghost_balloon_16,None,5,0,None,,0,None,,0,None,
1763,0,10024,,,Character,192,2,empty,None,200,,False,2024022,True,event_boomtheghost_balloon_17,None,5,0,None,,0,None,,0,None,
1764,0,10024,,,Character,201,1,empty,None,200,,False,2024023,True,event_boomtheghost_balloon_18,None,5,0,None,,0,None,,0,None,
1765,0,10024,,,Character,80,2,empty,None,200,,False,2024024,True,event_boomtheghost_balloon_19,None,5,0,None,,0,None,,0,None,
1766,0,10024,,,Character,142,1,empty,None,200,,False,2024025,True,event_boomtheghost_balloon_20,None,5,0,None,,0,None,,0,None,
1767,0,10024,,,Character,502,0,empty,None,200,,False,2024026,True,event_boomtheghost_balloon_21,None,5,0,None,,0,None,,0,None,
1768,0,10024,,,Character,16,1,empty,None,200,,False,2024027,True,event_boomtheghost_balloon_22,None,5,0,None,,0,None,,0,None,
1769,0,10024,,,Character,131,1,empty,None,200,,False,2024028,True,event_boomtheghost_balloon_23,None,5,0,None,,0,None,,0,None,
1770,0,10024,,,Character,192,2,empty,None,200,,False,2024029,False,,None,0,0,None,,0,None,,0,None,
1771,0,10024,,,Character,201,1,empty,None,200,,False,2024030,False,,None,0,0,None,,0,None,,0,None,
1772,0,10024,,,Character,80,2,empty,None,200,,False,2024031,True,event_boomtheghost_balloon_24,None,5,0,None,,0,None,,0,None,
1773,0,10024,,,Character,142,1,empty,None,200,,False,2024032,True,event_boomtheghost_balloon_25,None,5,0,None,,0,None,,0,None,
1774,0,10024,,,Npc,7024003,0,empty,None,200,,False,2024033,True,event_boomtheghost_balloon_26,None,5,0,None,,0,None,,0,None,
1775,0,10024,,,Character,16,1,empty,None,200,,False,2024034,True,event_boomtheghost_balloon_27,None,5,0,None,,0,None,,0,None,
1776,0,10024,,,Npc,7024004,0,empty,None,200,,False,2024035,True,event_boomtheghost_balloon_28,None,5,0,None,,0,None,,0,None,
1777,0,10024,,,Character,192,2,empty,None,200,,False,2024036,True,event_boomtheghost_balloon_29,None,5,0,None,,0,None,,0,None,
1778,0,10024,,,Character,201,1,empty,None,200,,False,2024037,False,,None,0,0,None,,0,None,,0,None,
1779,0,10024,,,Character,80,2,empty,None,200,,False,2024038,False,,None,0,0,None,,0,None,,0,None,
1780,0,10024,,,Character,142,1,empty,None,200,,False,2024039,False,,None,0,0,None,,0,None,,0,None,
1781,0,10024,,,Npc,7024003,0,empty,None,200,,False,2024040,True,event_boomtheghost_balloon_30,None,5,0,None,,0,None,,0,None,
1782,0,10024,,,Character,502,0,empty,None,200,,False,2024041,True,event_boomtheghost_balloon_31,None,5,0,None,,0,None,,0,None,
1783,0,10024,,,Character,16,1,empty,None,200,,False,2024042,False,,None,0,0,None,,0,None,,0,None,
1784,0,10024,,,Character,131,1,empty,None,200,,False,2024043,True,event_boomtheghost_balloon_32,None,5,0,None,,0,None,,0,None,
1785,0,10024,,,Character,192,2,empty,None,200,,False,2024044,True,event_boomtheghost_balloon_33,None,5,0,None,,0,None,,0,None,
1786,0,10024,,,Character,201,1,empty,None,200,,False,2024045,False,,None,0,0,None,,0,None,,0,None,
1787,0,10024,,,Character,80,2,empty,None,200,,False,2024046,True,event_boomtheghost_balloon_34,None,5,0,None,,0,None,,0,None,
1788,0,10024,,,Character,142,1,empty,None,200,,False,2024047,False,,None,0,0,None,,0,None,,0,None,
1789,0,10024,,,Npc,7024003,0,empty,None,200,,False,2024048,True,event_boomtheghost_balloon_35,None,5,0,None,,0,None,,0,None,
1790,0,10024,,,Character,502,0,empty,None,200,,False,2024049,True,event_boomtheghost_balloon_36,None,5,0,None,,0,None,,0,None,
1791,0,10024,,,Character,16,1,empty,None,200,,False,2024050,True,event_boomtheghost_balloon_37,None,5,0,None,,0,None,,0,None,
1792,0,10024,,,Character,131,1,empty,None,200,,False,2024051,False,,None,0,0,None,,0,None,,0,None,
1793,0,10024,,,Character,192,2,empty,None,200,,False,2024052,False,,None,0,0,None,,0,None,,0,None,
1794,0,10024,,,Character,201,1,empty,None,200,,False,2024053,False,,None,0,0,None,,0,None,,0,None,
1795,0,10024,,,Character,80,2,empty,None,200,,False,2024054,False,,None,0,0,None,,0,None,,0,None,
1796,0,10024,,,Npc,7024005,0,empty,None,200,,False,2024055,False,,None,0,0,None,,0,None,,0,None,
1797,0,10024,,,Npc,7024003,0,empty,None,200,,False,2024056,True,event_boomtheghost_balloon_38,None,5,0,None,,0,None,,0,None,
1798,0,10024,,,Character,502,0,empty,None,200,,False,2024057,True,event_boomtheghost_balloon_39,None,5,0,None,,0,None,,0,None,
1799,0,10024,,,Character,16,1,empty,None,200,,False,2024058,True,event_boomtheghost_balloon_40,None,5,0,None,,0,None,,0,None,
1800,0,10024,,,Character,131,1,empty,None,200,,False,2024059,False,,None,0,0,None,,0,None,,0,None,
1801,0,10024,,,Character,192,2,empty,None,200,,False,2024060,False,,None,0,0,None,,0,None,,0,None,
1802,0,10024,,,Character,201,1,empty,None,200,,False,2024061,True,event_boomtheghost_balloon_41,None,5,0,None,,0,None,,0,None,
1803,0,10024,,,Character,80,2,empty,None,200,,False,2024062,False,,None,0,0,None,,0,None,,0,None,
1804,0,10024,,,Character,142,1,empty,None,200,,False,2024063,True,event_boomtheghost_balloon_42,None,5,0,None,,0,None,,0,None,
1805,0,10024,,,Npc,7024003,0,empty,None,200,,False,2024064,True,event_boomtheghost_balloon_43,None,5,0,None,,0,None,,0,None,
1806,0,10024,,,Character,502,0,empty,None,200,,False,2024065,True,event_boomtheghost_balloon_44,None,5,0,None,,0,None,,0,None,
1807,0,10024,,,Character,16,1,empty,None,200,,False,2024066,True,event_boomtheghost_balloon_45,None,5,0,None,,0,None,,0,None,
1808,0,10024,,,Npc,7024003,0,empty,None,200,,False,2024067,True,event_boomtheghost_balloon_46,None,5,0,None,,0,None,,0,None,
1809,0,10024,,,Npc,7024006,0,empty,None,200,,False,2024068,False,,None,0,0,None,,0,None,,0,None,
1810,0,10024,,,Npc,7024006,0,empty,None,200,,False,2024069,False,,None,0,0,None,,0,None,,0,None,
1811,0,10024,,,Npc,7024006,0,empty,None,200,,False,2024070,False,,None,0,0,None,,0,None,,0,None,
1812,0,10024,,,Npc,7024006,0,empty,None,200,,False,2024071,False,,None,0,0,None,,0,None,,0,None,
1813,0,10024,,,Npc,7024006,0,empty,None,200,,False,2024072,False,,None,0,0,None,,0,None,,0,None,
1814,0,10024,,,Npc,7024006,0,empty,None,200,,False,2024073,False,,None,0,0,None,,0,None,,0,None,
1815,0,10024,,,Npc,7024006,0,empty,None,200,,False,2024074,False,,None,0,0,None,,0,None,,0,None,
1816,0,10024,,,Npc,7024006,0,empty,None,200,,False,2024075,False,,None,0,0,None,,0,None,,0,None,
1817,0,10024,,,Npc,7024006,0,empty,None,200,,False,2024076,False,,None,0,0,None,,0,None,,0,None,
1818,0,10024,,,Npc,7024006,0,empty,None,200,,False,2024077,False,,None,0,0,None,,0,None,,0,None,
1819,0,10024,,,Npc,7024006,0,empty,None,200,,False,2024078,False,,None,0,0,None,,0,None,,0,None,
1820,0,10024,,,Npc,7024006,0,empty,None,200,,False,2024079,False,,None,0,0,None,,0,None,,0,None,
1821,0,10024,,,Npc,7024006,0,empty,None,200,,False,2024080,False,,None,0,0,None,,0,None,,0,None,
1822,0,10024,,,Npc,7024006,0,empty,None,200,,False,2024081,False,,None,0,0,None,,0,None,,0,None,
1823,0,10024,,,Npc,7024006,0,empty,None,200,,False,2024082,False,,None,0,0,None,,0,None,,0,None,
1824,0,10024,,,Npc,7024006,0,empty,None,200,,False,2024083,False,,None,0,0,None,,0,None,,0,None,
1825,0,10024,,,Npc,7024001,0,empty,None,200,,False,2024084,False,,None,0,0,None,,0,None,,0,None,
1826,0,10024,,,Npc,7024002,0,empty,None,200,,False,2024085,False,,None,0,0,None,,0,None,,0,None,
1827,0,10024,,,Npc,7024001,0,empty,None,200,,False,2024086,False,,None,0,0,None,,0,None,,0,None,
1828,0,10024,,,Npc,7024002,0,empty,None,200,,False,2024087,False,,None,0,0,None,,0,None,,0,None,
1829,0,10024,,,Npc,7024001,0,empty,None,200,,False,2024088,False,,None,0,0,None,,0,None,,0,None,
1830,0,10024,,,Npc,9999999,0,empty,None,200,,False,2024089,False,,None,0,0,None,,0,None,,0,None,
1831,0,10024,,,Npc,9999999,0,empty,None,200,,False,2024090,False,,None,0,0,None,,0,None,,0,None,
1832,0,10024,,,Npc,7024007,0,empty,None,200,,False,2024091,False,,None,0,0,None,,0,None,,0,None,
1833,0,10024,,,Npc,7024007,0,empty,None,200,,False,2024092,False,,None,0,0,None,,0,None,,0,None,
1834,0,10024,,,Npc,7024007,0,empty,None,200,,False,2024093,False,,None,0,0,None,,0,None,,0,None,
1835,0,10024,,,Npc,7024007,0,empty,None,200,,False,2024094,False,,None,0,0,None,,0,None,,0,None,
1836,0,10024,,,Npc,7024007,0,empty,None,200,,False,2024095,False,,None,0,0,None,,0,None,,0,None,
1837,0,10024,,,Npc,7024007,0,empty,None,200,,False,2024096,False,,None,0,0,None,,0,None,,0,None,
1838,0,10024,,,Npc,7024007,0,empty,None,200,,False,2024097,False,,None,0,0,None,,0,None,,0,None,
1839,0,10024,,,Npc,7024007,0,empty,None,200,,False,2024098,False,,None,0,0,None,,0,None,,0,None,
1840,0,10024,,,Npc,7024007,0,empty,None,200,,False,2024099,False,,None,0,0,None,,0,None,,0,None,
1841,1,10025,Locale_Character:npc_9999999_name_94,Locale_Event:event_contents_storydungeon_before,Npc,9999999,0,sprite_event_coinsinrush_npc_tag,None,300,sprite_btn_event_coinsinrush,False,0,False,,None,0,40088,None,,0,None,,0,None,
1842,0,10025,Locale_Character:npc_9999999_name_95,,Npc,9999999,0,sprite_event_coinsinrush_npc_tag,None,300,sprite_btn_event_coinsinrush,False,2025001,False,,None,0,0,None,,0,None,,0,None,
1843,2,10025,Locale_Character:npc_9999999_name_95,Locale_Event:event_contents_storydungeon_after,Npc,9999999,0,sprite_event_coinsinrush_npc_tag,None,300,sprite_btn_event_coinsinrush,False,2025002,False,,None,0,40089,None,,0,None,,0,None,
1844,3,10025,Locale_Character:npc_9999999_name_96,Locale_Event:event_contents_challenge,Npc,9999999,0,sprite_event_coinsinrush_npc_tag,None,400,sprite_btn_event_coinsinrush,False,0,False,,None,0,60088,None,,0,None,,0,None,
1845,0,10025,Locale_Character:npc_9999999_name_97,,Npc,9999999,0,sprite_event_coinsinrush_npc_tag,None,500,sprite_btn_event_coinsinrush,False,2025003,False,,None,0,0,None,,0,None,,0,None,
1846,4,10025,Locale_Character:npc_9999999_name_97,Locale_Event:event_contents_minigame,Npc,9999999,0,sprite_event_coinsinrush_npc_tag,None,500,sprite_btn_event_coinsinrush,False,2025004,False,,None,0,82501,None,,0,None,,0,None,
1847,5,10025,Locale_Character:npc_9999999_name_98,Locale_Event:event_contents_login,Npc,7007002,0,sprite_event_coinsinrush_npc_tag,None,300,sprite_btn_event_coinsinrush,True,0,False,,None,0,82503,None,,0,None,,0,None,
1848,6,10025,Locale_Character:npc_9999999_name_99,Locale_Event:event_contents_shop,Npc,9999999,0,sprite_event_coinsinrush_npc_tag,None,500,sprite_btn_event_coinsinrush,True,0,False,,None,0,82502,None,,0,None,,0,None,
1849,0,10025,,,Character,143,0,empty,None,200,,False,2025005,True,event_coinsinrush_balloon_01,None,5,0,None,,0,None,,0,None,
1850,0,10025,,,Character,315,0,empty,None,200,,False,2025006,True,event_coinsinrush_balloon_02,None,5,0,None,,0,None,,0,None,
1851,0,10025,,,Character,272,1,empty,None,200,,False,2025007,True,event_coinsinrush_balloon_03,None,5,0,None,,0,None,,0,None,
1852,0,10025,,,Character,550,1,empty,None,200,,False,2025008,True,event_coinsinrush_balloon_04,None,5,0,None,,0,None,,0,None,
1853,0,10025,,,Character,210,3,empty,None,200,,False,2025009,True,event_coinsinrush_balloon_05,None,5,0,None,,0,None,,0,None,
1854,0,10025,,,Character,143,0,empty,None,200,,False,2025010,True,event_coinsinrush_balloon_06,None,5,0,None,,0,None,,0,None,
1855,0,10025,,,Character,315,0,empty,None,200,,False,2025011,True,event_coinsinrush_balloon_07,None,5,0,None,,0,None,,0,None,
1856,0,10025,,,Character,272,1,empty,None,200,,False,2025012,True,event_coinsinrush_balloon_08,None,5,0,None,,0,None,,0,None,
1857,0,10025,,,Character,550,1,empty,None,200,,False,2025013,True,event_coinsinrush_balloon_09,None,5,0,None,,0,None,,0,None,
1858,0,10025,,,Character,210,3,empty,None,200,,False,2025014,True,event_coinsinrush_balloon_10,None,5,0,None,,0,None,,0,None,
1859,0,10025,,,Character,315,0,empty,None,200,,False,2025015,True,event_coinsinrush_balloon_11,None,5,0,None,,0,None,,0,None,
1860,0,10025,,,Character,143,0,empty,None,200,,False,2025016,True,event_coinsinrush_balloon_12,None,5,0,None,,0,None,,0,None,
1861,0,10025,,,Character,315,0,empty,None,200,,False,2025017,True,event_coinsinrush_balloon_13,None,5,0,None,,0,None,,0,None,
1862,0,10025,,,Character,272,1,empty,None,200,,False,2025018,True,event_coinsinrush_balloon_14,None,5,0,None,,0,None,,0,None,
1863,0,10025,,,Character,550,1,empty,None,200,,False,2025019,True,event_coinsinrush_balloon_15,None,5,0,None,,0,None,,0,None,
1864,0,10025,,,Npc,7007001,0,empty,None,200,,False,2025020,True,event_coinsinrush_balloon_16,None,5,0,None,,0,None,,0,None,
1865,0,10025,,,Character,143,0,empty,None,200,,False,2025021,True,event_coinsinrush_balloon_17,None,5,0,None,,0,None,,0,None,
1866,0,10025,,,Character,315,0,empty,None,200,,False,2025022,True,event_coinsinrush_balloon_18,None,5,0,None,,0,None,,0,None,
1867,0,10025,,,Character,272,1,empty,None,200,,False,2025023,True,event_coinsinrush_balloon_19,None,5,0,None,,0,None,,0,None,
1868,0,10025,,,Character,550,1,empty,None,200,,False,2025024,True,event_coinsinrush_balloon_20,None,5,0,None,,0,None,,0,None,
1869,0,10025,,,Character,143,0,empty,None,200,,False,2025025,True,event_coinsinrush_balloon_21,None,5,0,None,,0,None,,0,None,
1870,0,10025,,,Character,315,0,empty,None,200,,False,2025026,True,event_coinsinrush_balloon_22,None,5,0,None,,0,None,,0,None,
1871,0,10025,,,Character,272,1,empty,None,200,,False,2025027,True,event_coinsinrush_balloon_23,None,5,0,None,,0,None,,0,None,
1872,0,10025,,,Character,550,1,empty,None,200,,False,2025028,True,event_coinsinrush_balloon_24,None,5,0,None,,0,None,,0,None,
1873,0,10025,,,Character,143,0,empty,None,200,,False,2025029,True,event_coinsinrush_balloon_25,None,5,0,None,,0,None,,0,None,
1874,0,10025,,,Character,315,0,empty,None,200,,False,2025030,True,event_coinsinrush_balloon_26,None,5,0,None,,0,None,,0,None,
1875,0,10025,,,Character,550,1,empty,None,200,,False,2025031,True,event_coinsinrush_balloon_27,None,5,0,None,,0,None,,0,None,
1876,0,10025,,,Character,314,0,empty,None,200,,False,2025032,True,event_coinsinrush_balloon_28,None,5,0,None,,0,None,,0,None,
1877,0,10025,,,Character,272,1,empty,None,200,,False,2025033,True,event_coinsinrush_balloon_29,None,5,0,None,,0,None,,0,None,
1882,0,10025,,,Npc,7007002,0,empty,None,200,,False,2025036,False,,None,0,0,None,,0,None,,0,None,
1883,0,10025,,,Npc,7007002,0,empty,None,200,,False,2025037,False,,None,0,0,None,,0,None,,0,None,
1884,0,10025,,,Npc,7007003,0,empty,None,200,,False,2025038,False,,None,0,0,None,,0,None,,0,None,
1885,0,10025,,,Npc,7007003,0,empty,None,200,,False,2025039,False,,None,0,0,None,,0,None,,0,None,
1878,0,10025,,,Character,272,1,empty,None,200,,False,2025034,True,event_coinsinrush_balloon_30,None,5,0,None,,0,None,,0,None,
1879,0,10025,,,Character,550,1,empty,None,200,,False,2025035,True,event_coinsinrush_balloon_31,None,5,0,None,,0,None,,0,None,
1880,0,10025,,,Npc,7007002,0,empty,None,200,,False,0,False,,None,0,0,None,,0,None,,0,None,
1881,0,10025,,,Npc,7007003,0,empty,None,200,,False,0,False,,None,0,0,None,,0,None,,0,None,
1886,0,10025,,,Npc,7025002,0,empty,None,200,,False,2025040,False,,None,0,0,None,,0,None,,0,None,
1887,0,10025,,,Npc,7025003,0,empty,None,200,,False,2025041,False,,None,0,0,None,,0,None,,0,None,
1888,0,10025,,,Npc,7025001,0,empty,None,200,,False,2025042,False,,None,0,0,None,,0,None,,0,None,
1889,0,10025,,,Npc,7025001,0,empty,None,200,,False,2025043,False,,None,0,0,None,,0,None,,0,None,
1890,0,10025,,,Npc,7025001,0,empty,None,200,,False,2025044,False,,None,0,0,None,,0,None,,0,None,
1891,0,10025,,,Character,314,0,empty,None,200,,False,2025045,False,,None,0,0,None,,0,None,,0,None,
1892,0,10025,,,Character,314,0,empty,None,200,,False,2025046,False,,None,0,0,None,,0,None,,0,None,
1893,0,10025,,,Character,314,0,empty,None,200,,False,2025047,False,,None,0,0,None,,0,None,,0,None,
1894,0,10025,,,Character,314,0,empty,None,200,,False,2025048,False,,None,0,0,None,,0,None,,0,None,
1895,0,10025,,,Character,314,0,empty,None,200,,False,2025049,False,,None,0,0,None,,0,None,,0,None,
1896,0,10025,,,Character,195,0,empty,None,200,,False,2025050,False,,None,0,0,None,,0,None,,0,None,
1897,0,10025,,,Character,195,0,empty,None,200,,False,2025051,False,,None,0,0,None,,0,None,,0,None,
1898,0,10025,,,Character,195,0,empty,None,200,,False,2025052,False,,None,0,0,None,,0,None,,0,None,
1899,1,10026,Locale_Character:npc_9999999_name_100,Locale_Event:event_contents_storydungeon_before,Npc,9999999,0,sprite_event_ce007_npc_tag,None,200,sprite_btn_event_ce007,False,0,False,,None,0,40090,None,,0,None,,0,None,
1900,0,10026,Locale_Character:npc_9999999_name_101,,Npc,9999999,0,empty,None,200,sprite_btn_event_ce007,False,2026001,False,,None,0,0,None,,0,None,,0,None,
1901,2,10026,Locale_Character:npc_9999999_name_101,Locale_Event:event_contents_storydungeon_after,Npc,9999999,0,sprite_event_ce007_npc_tag,None,200,sprite_btn_event_ce007,False,2026002,False,,None,0,40091,None,,0,None,,0,None,
1902,3,10026,Locale_Character:npc_9999999_name_105,Locale_Event:event_contents_challenge,Npc,7001007,0,sprite_event_ce007_npc_tag,None,200,sprite_btn_event_ce007,False,0,False,,None,0,60090,None,,0,None,,0,None,
1903,0,10026,Locale_Character:npc_9999999_name_103,,Npc,9999999,0,empty,None,200,sprite_btn_event_ce007,False,2026003,False,,None,0,0,None,,0,None,,0,None,
1904,4,10026,Locale_Character:npc_9999999_name_103,Locale_Event:event_contents_minigame,Npc,9999999,0,sprite_event_ce007_npc_tag,None,200,sprite_btn_event_ce007,False,2026004,False,,None,0,82601,None,,0,None,,0,None,
1905,5,10026,Locale_Character:npc_9999999_name_102,Locale_Event:event_contents_login,Npc,9999999,0,sprite_event_ce007_npc_tag,None,200,sprite_btn_event_ce007,True,0,False,,None,0,82603,None,,0,None,,0,None,
1906,6,10026,Locale_Character:npc_9999999_name_84,Locale_Event:event_contents_shop,Npc,9999999,0,sprite_event_ce007_npc_tag,None,200,sprite_btn_event_ce007,True,0,False,,None,0,82602,None,,0,None,,0,None,
1907,7,10026,Locale_Character:npc_9999999_name_104,Locale_Event:cooperation_event_name,Npc,9999999,0,sprite_event_ce007_npc_tag,None,350,sprite_btn_event_ce007,True,0,False,,None,0,30076,Cooperation,30076,30077,Cooperation,30077,30078,Cooperation,30078
1908,0,10026,,,Npc,9999999,0,empty,None,200,,False,2026072,False,,None,0,0,None,,0,None,,0,None,
1909,0,10026,,,Character,840,0,empty,None,200,,False,2026005,False,,None,0,0,None,,0,None,,0,None,
1910,0,10026,,,Character,43,2,empty,None,200,,False,2026006,True,event_ce007_balloon_01,None,5,0,None,,0,None,,0,None,
1911,0,10026,,,Character,840,0,empty,None,200,,False,2026007,False,,None,0,0,None,,0,None,,0,None,
1912,0,10026,,,Npc,7026002,0,empty,None,200,,False,2026008,False,,None,0,0,None,,0,None,,0,None,
1913,0,10026,,,Character,33,0,empty,None,200,,False,2026009,True,event_ce007_balloon_02,None,5,0,None,,0,None,,0,None,
1914,0,10026,,,Character,842,0,empty,None,200,,False,2026010,False,,None,0,0,None,,0,None,,0,None,
1915,0,10026,,,Character,841,0,empty,None,200,,False,2026011,False,,None,0,0,None,,0,None,,0,None,
1916,0,10026,,,Character,43,2,empty,None,200,,False,2026012,True,event_ce007_balloon_03,None,5,0,None,,0,None,,0,None,
1917,0,10026,,,Character,840,0,empty,None,200,,False,2026013,False,,None,0,0,None,,0,None,,0,None,
1918,0,10026,,,Character,33,0,empty,None,200,,False,2026014,True,event_ce007_balloon_04,None,5,0,None,,0,None,,0,None,
1919,0,10026,,,Character,842,0,empty,None,200,,False,2026015,False,,None,0,0,None,,0,None,,0,None,
1920,0,10026,,,Character,33,0,empty,None,200,,False,2026016,True,event_ce007_balloon_05,None,5,0,None,,0,None,,0,None,
1921,0,10026,,,Character,842,0,empty,None,200,,False,2026017,False,,None,0,0,None,,0,None,,0,None,
1922,0,10026,,,Character,840,0,empty,None,200,,False,2026018,False,,None,0,0,None,,0,None,,0,None,
1923,0,10026,,,Character,33,0,empty,None,200,,False,2026019,True,event_ce007_balloon_06,None,5,0,None,,0,None,,0,None,
1924,0,10026,,,Character,32,0,empty,None,200,,False,2026020,True,event_ce007_balloon_07,None,5,0,None,,0,None,,0,None,
1925,0,10026,,,Npc,7026002,0,empty,None,200,,False,2026021,True,event_ce007_balloon_08,None,5,0,None,,0,None,,0,None,
1926,0,10026,,,Character,841,0,empty,None,200,,False,2026022,False,,None,0,0,None,,0,None,,0,None,
1927,0,10026,,,Character,842,0,empty,None,200,,False,2026023,False,,None,0,0,None,,0,None,,0,None,
1928,0,10026,,,Character,840,0,empty,None,200,,False,2026024,False,,None,0,0,None,,0,None,,0,None,
1929,0,10026,,,Character,30,0,empty,None,200,,False,2026025,True,event_ce007_balloon_09,None,5,0,None,,0,None,,0,None,
1930,0,10026,,,Character,32,0,empty,None,200,,False,2026026,True,event_ce007_balloon_10,None,5,0,None,,0,None,,0,None,
1931,0,10026,,,Character,841,0,empty,None,200,,False,2026027,False,,None,0,0,None,,0,None,,0,None,
1932,0,10026,,,Character,32,0,empty,None,200,,False,2026028,True,event_ce007_balloon_11,None,5,0,None,,0,None,,0,None,
1933,0,10026,,,Character,30,0,empty,None,200,,False,2026029,True,event_ce007_balloon_12,None,5,0,None,,0,None,,0,None,
1934,0,10026,,,Character,33,0,empty,None,200,,False,2026030,True,event_ce007_balloon_13,None,5,0,None,,0,None,,0,None,
1935,0,10026,,,Character,30,0,empty,None,200,,False,2026031,True,event_ce007_balloon_14,None,5,0,None,,0,None,,0,None,
1936,0,10026,,,Character,32,0,empty,None,200,,False,2026032,True,event_ce007_balloon_15,None,5,0,None,,0,None,,0,None,
1937,0,10026,,,Character,33,0,empty,None,200,,False,2026033,True,event_ce007_balloon_16,None,5,0,None,,0,None,,0,None,
1938,0,10026,,,Character,30,0,empty,None,200,,False,2026034,True,event_ce007_balloon_17,None,5,0,None,,0,None,,0,None,
1939,0,10026,,,Character,33,0,empty,None,200,,False,2026035,True,event_ce007_balloon_18,None,5,0,None,,0,None,,0,None,
1940,0,10026,,,Character,30,0,empty,None,200,,False,2026036,True,event_ce007_balloon_19,None,5,0,None,,0,None,,0,None,
1941,0,10026,,,Character,33,0,empty,None,200,,False,2026037,True,event_ce007_balloon_20,None,5,0,None,,0,None,,0,None,
1942,0,10026,,,Character,30,0,empty,None,200,,False,2026038,True,event_ce007_balloon_21,None,5,0,None,,0,None,,0,None,
1943,0,10026,,,Character,33,0,empty,None,200,,False,2026039,False,,None,0,0,None,,0,None,,0,None,
1944,0,10026,,,Character,30,0,empty,None,200,,False,2026040,True,event_ce007_balloon_22,None,5,0,None,,0,None,,0,None,
1945,0,10026,,,Character,33,0,empty,None,200,,False,2026041,True,event_ce007_balloon_23,None,5,0,None,,0,None,,0,None,
1946,0,10026,,,Character,30,0,empty,None,200,,False,2026042,True,event_ce007_balloon_24,None,5,0,None,,0,None,,0,None,
1947,0,10026,,,Character,33,0,empty,None,200,,False,2026043,True,event_ce007_balloon_25,None,5,0,None,,0,None,,0,None,
1948,0,10026,,,Npc,7026001,0,empty,None,200,,False,2026044,False,,None,0,0,None,,0,None,,0,None,
1949,0,10026,,,Npc,7026001,0,empty,None,200,,False,2026045,False,,None,0,0,None,,0,None,,0,None,
1950,0,10026,,,Npc,7026001,0,empty,None,200,,False,2026046,False,,None,0,0,None,,0,None,,0,None,
1951,0,10026,,,Npc,7026001,0,empty,None,200,,False,2026047,False,,None,0,0,None,,0,None,,0,None,
1952,0,10026,,,Npc,7026001,0,empty,None,200,,False,2026048,False,,None,0,0,None,,0,None,,0,None,
1953,0,10026,,,Npc,7026001,0,empty,None,200,,False,2026049,False,,None,0,0,None,,0,None,,0,None,
1954,0,10026,,,Npc,7026001,0,empty,None,200,,False,2026050,False,,None,0,0,None,,0,None,,0,None,
1955,0,10026,,,Npc,7026001,0,empty,None,200,,False,2026051,False,,None,0,0,None,,0,None,,0,None,
1956,0,10026,,,Npc,7026001,0,empty,None,200,,False,2026052,False,,None,0,0,None,,0,None,,0,None,
1957,0,10026,,,Npc,7026001,0,empty,None,200,,False,2026053,False,,None,0,0,None,,0,None,,0,None,
1958,0,10026,,,Npc,7026001,0,empty,None,200,,False,2026054,False,,None,0,0,None,,0,None,,0,None,
1959,0,10026,,,Npc,7026001,0,empty,None,200,,False,2026055,False,,None,0,0,None,,0,None,,0,None,
1960,0,10026,,,Npc,7026001,0,empty,None,200,,False,2026056,False,,None,0,0,None,,0,None,,0,None,
1961,0,10026,,,Npc,7026001,0,empty,None,200,,False,2026057,False,,None,0,0,None,,0,None,,0,None,
1962,0,10026,,,Npc,7026001,0,empty,None,200,,False,2026058,False,,None,0,0,None,,0,None,,0,None,
1963,0,10026,,,Npc,7026001,0,empty,None,200,,False,2026059,False,,None,0,0,None,,0,None,,0,None,
1964,0,10026,,,Npc,7026001,0,empty,None,200,,False,2026060,False,,None,0,0,None,,0,None,,0,None,
1965,0,10026,,,Npc,7026001,0,empty,None,200,,False,2026061,False,,None,0,0,None,,0,None,,0,None,
1966,0,10026,,,Npc,7026001,0,empty,None,200,,False,2026062,False,,None,0,0,None,,0,None,,0,None,
1967,0,10026,,,Npc,7026001,0,empty,None,200,,False,2026063,False,,None,0,0,None,,0,None,,0,None,
1968,0,10026,,,Npc,7026001,0,empty,None,200,,False,2026064,False,,None,0,0,None,,0,None,,0,None,
1969,0,10026,,,Npc,7026001,0,empty,None,200,,False,2026065,False,,None,0,0,None,,0,None,,0,None,
1970,0,10026,,,Npc,7026001,0,empty,None,200,,False,2026066,False,,None,0,0,None,,0,None,,0,None,
1971,0,10026,,,Npc,7026001,0,empty,None,200,,False,2026067,False,,None,0,0,None,,0,None,,0,None,
1972,0,10026,,,Npc,7026001,0,empty,None,200,,False,2026068,False,,None,0,0,None,,0,None,,0,None,
1973,0,10026,,,Npc,7026001,0,empty,None,200,,False,2026069,False,,None,0,0,None,,0,None,,0,None,
1974,0,10026,,,Npc,7026001,0,empty,None,200,,False,2026070,False,,None,0,0,None,,0,None,,0,None,
1975,0,10026,,,Npc,7026001,0,empty,None,200,,False,2026071,False,,None,0,0,None,,0,None,,0,None,
1976,0,10026,,,Npc,9999999,0,empty,None,200,,False,2026073,False,,None,0,0,None,,0,None,,0,None,
9991,0,99999,Locale_Character:10_name,,Character,10,0,sprite_event_overzone_npc_tag,None,200,sprite_btn_event_miraclesnow,False,209991,True,d_balloon_01_a,None,3,40001,None,,0,None,,0,None,
9992,0,99999,Locale_Character:193_name,,Character,10,0,sprite_event_overzone_npc_tag,None,200,sprite_btn_event_miraclesnow,False,209992,True,d_balloon_01_a,None,3,40001,None,,0,None,,0,None,
9993,0,10001,Locale_Character:191_name,,Character,191,0,sprite_event_ce_01_npc_tag,None,200,sprite_btn_event_miraclesnow,False,0,True,event_miraclesnow_ballon_01,Random,4,0,None,,0,None,,0,None,
9994,0,10001,Locale_Character:190_name,,Character,190,0,sprite_event_ce_01_npc_tag,None,200,sprite_btn_event_miraclesnow,False,0,True,event_miraclesnow_ballon_06,Random,4,0,None,,0,None,,0,None,
