id,group_id,spawn_monster_id,random_spawn,spawn_point,boss_spawn,monster_spawn_time,monster_hp_ratio,monster_atk_ratio,monster_def_ratio,monster_move_speed_ratio
1,1,10101,False,4,False,50,20,100,1,100
2,1,10101,False,8,False,250,20,100,1,100
3,1,10101,False,2,False,750,20,100,1,100
4,1,10101,False,6,False,550,20,100,1,100
5,1,10101,False,4,False,1250,20,100,1,100
6,1,10101,False,9,False,1050,20,100,1,100
7,1,10101,False,1,False,1750,20,100,1,100
8,1,10101,False,7,False,1550,20,100,1,100
9,1,10101,False,3,False,2250,20,100,1,100
10,1,10101,False,10,False,2450,20,100,1,100
11,2,10101,False,3,False,250,20,100,1,100
12,2,10101,False,7,False,50,20,100,1,100
13,2,10101,False,5,False,750,20,100,1,100
14,2,10101,False,10,False,550,20,100,1,100
15,2,10101,False,2,False,1450,20,100,1,100
16,2,10201,False,6,False,1250,20,100,1,100
17,2,10101,False,9,False,1450,20,100,1,100
18,2,10101,False,4,False,2150,20,100,1,100
19,2,10101,False,8,False,1950,20,100,1,100
20,2,10101,False,1,False,2650,20,100,1,100
21,2,10101,False,6,False,3050,20,100,1,100
22,2,10101,False,10,False,2850,20,100,1,100
23,3,10101,False,2,False,50,25,100,1,100
24,3,10101,False,6,False,200,25,100,1,100
25,3,10101,False,9,False,50,25,100,1,100
26,3,10101,False,3,False,750,25,100,1,100
27,3,10101,False,5,False,950,25,100,1,100
28,3,10101,False,8,False,750,25,100,1,100
29,3,10201,False,2,False,1450,25,100,1,100
30,3,10101,False,4,False,1650,25,100,1,100
31,3,10101,False,6,False,1450,25,100,1,100
32,3,10201,False,9,False,1650,25,100,1,100
33,3,10101,False,1,False,2350,25,100,1,100
34,3,10101,False,3,False,2150,25,100,1,100
35,3,10101,False,7,False,2150,25,100,1,100
36,3,10101,False,10,False,2350,25,100,1,100
37,4,10101,False,1,False,200,35,100,5,100
38,4,10101,False,5,False,50,35,100,5,100
39,4,10101,False,9,False,250,35,100,5,100
40,4,10201,False,3,False,750,35,100,5,100
41,4,10101,False,7,False,950,35,100,5,100
42,4,10101,False,2,False,1450,35,100,5,100
43,4,10101,False,6,False,1650,35,100,5,100
44,4,10101,False,10,False,1450,35,100,5,100
45,4,10101,False,4,False,2350,35,100,5,100
46,4,10201,False,8,False,2150,35,100,5,100
47,4,10101,False,1,False,2850,35,100,5,100
48,4,10101,False,5,False,3050,35,100,5,100
49,4,10101,False,9,False,2850,35,100,5,100
50,4,10201,False,3,False,3050,35,100,5,100
51,4,10101,False,7,False,2850,35,100,5,100
52,4,10101,False,10,False,3050,35,100,5,100
53,5,10101,False,2,False,50,50,100,10,100
54,5,10101,False,4,False,200,50,100,10,100
55,5,10101,False,6,False,50,50,100,10,100
56,5,10101,False,9,False,250,50,100,10,100
57,5,10101,False,3,False,750,50,100,10,100
58,5,10101,False,5,False,950,50,100,10,100
59,5,10101,False,8,False,750,50,100,10,100
60,5,10101,False,10,False,950,50,100,10,100
61,5,10101,False,2,False,1450,50,100,10,100
62,5,10101,False,4,False,1650,50,100,10,100
63,5,20101,False,6,False,1450,50,100,10,100
64,5,10101,False,9,False,1650,50,100,10,100
65,5,10101,False,1,False,2350,50,100,10,100
66,5,10101,False,3,False,2150,50,100,10,100
67,5,10101,False,5,False,2350,50,100,10,100
68,5,10101,False,7,False,2150,50,100,10,100
69,5,10101,False,10,False,2350,50,100,10,100
70,5,10101,False,2,False,2850,50,100,10,100
71,5,10101,False,4,False,3050,50,100,10,100
72,5,10101,False,6,False,2850,50,100,10,100
73,5,10101,False,9,False,3050,50,100,10,100
74,6,10101,False,2,False,50,65,100,15,100
75,6,10101,False,4,False,200,65,100,15,100
76,6,10101,False,6,False,50,65,100,15,100
77,6,10101,False,9,False,250,65,100,15,100
78,6,10101,False,3,False,750,65,100,15,100
79,6,10601,False,5,False,950,65,100,15,100
80,6,10101,False,8,False,750,65,100,15,100
81,6,10101,False,10,False,950,65,100,15,100
82,6,10201,False,2,False,1450,65,100,15,100
83,6,10101,False,4,False,1650,65,100,15,100
84,6,10101,False,6,False,1450,65,100,15,100
85,6,10201,False,9,False,1650,65,100,15,100
86,6,10101,False,1,False,2350,65,100,15,100
87,6,10101,False,3,False,2150,65,100,15,100
88,6,10101,False,5,False,2350,65,100,15,100
89,6,10402,False,7,False,2150,65,100,15,100
90,6,10101,False,10,False,2350,65,100,15,100
91,6,10101,False,2,False,2850,65,100,15,100
92,6,10101,False,4,False,3050,65,100,15,100
93,6,10101,False,6,False,2850,65,100,15,100
94,6,10101,False,9,False,3050,65,100,15,100
95,7,10101,False,2,False,50,80,100,20,100
96,7,10101,False,4,False,200,80,100,20,100
97,7,10101,False,6,False,50,80,100,20,100
98,7,10101,False,9,False,250,80,100,20,100
99,7,10101,False,3,False,750,80,100,20,100
100,7,10601,False,5,False,950,80,100,20,100
101,7,10101,False,8,False,750,80,100,20,100
102,7,10101,False,10,False,950,80,100,20,100
103,7,10201,False,2,False,1450,80,100,20,100
104,7,10101,False,4,False,1650,80,100,20,100
105,7,10101,False,6,False,1450,80,100,20,100
106,7,10201,False,9,False,1650,80,100,20,100
107,7,10101,False,1,False,2350,80,100,20,100
108,7,10101,False,3,False,2150,80,100,20,100
109,7,10101,False,5,False,2350,80,100,20,100
110,7,10402,False,7,False,2150,80,100,20,100
111,7,10101,False,10,False,2350,80,100,20,100
112,7,10101,False,2,False,2850,80,100,20,100
113,7,10101,False,4,False,3050,80,100,20,100
114,7,10101,False,6,False,2850,80,100,20,100
115,7,10101,False,9,False,3050,80,100,20,100
116,8,10101,False,2,False,50,90,100,25,100
117,8,10101,False,4,False,200,90,100,25,100
118,8,10101,False,6,False,50,90,100,25,100
119,8,10101,False,9,False,250,90,100,25,100
120,8,10101,False,3,False,750,90,100,25,100
121,8,10601,False,5,False,950,90,100,25,100
122,8,10101,False,8,False,750,90,100,25,100
123,8,10101,False,10,False,950,90,100,25,100
124,8,10201,False,2,False,1450,90,100,25,100
125,8,10101,False,4,False,1650,90,100,25,100
126,8,10101,False,6,False,1450,90,100,25,100
127,8,10201,False,9,False,1650,90,100,25,100
128,8,10101,False,1,False,2350,90,100,25,100
129,8,10101,False,3,False,2150,90,100,25,100
130,8,10101,False,5,False,2350,90,100,25,100
131,8,10402,False,7,False,2150,90,100,25,100
132,8,10101,False,10,False,2350,90,100,25,100
133,8,10101,False,2,False,2850,90,100,25,100
134,8,10101,False,4,False,3050,90,100,25,100
135,8,10101,False,6,False,2850,90,100,25,100
136,8,10101,False,9,False,3050,90,100,25,100
137,9,10101,False,2,False,50,100,100,30,100
138,9,10101,False,4,False,200,100,100,30,100
139,9,10101,False,6,False,50,100,100,30,100
140,9,10101,False,9,False,250,100,100,30,100
141,9,10101,False,3,False,750,100,100,30,100
142,9,10601,False,5,False,950,100,100,30,100
143,9,10101,False,8,False,750,100,100,30,100
144,9,10101,False,10,False,950,100,100,30,100
145,9,10201,False,2,False,1450,100,100,30,100
146,9,10101,False,4,False,1650,100,100,30,100
147,9,10101,False,6,False,1450,100,100,30,100
148,9,10201,False,9,False,1650,100,100,30,100
149,9,10101,False,1,False,2350,100,100,30,100
150,9,10101,False,3,False,2150,100,100,30,100
151,9,10101,False,5,False,2350,100,100,30,100
152,9,10402,False,7,False,2150,100,100,30,100
153,9,10101,False,10,False,2350,100,100,30,100
154,9,10101,False,2,False,2850,100,100,30,100
155,9,10101,False,4,False,3050,100,100,30,100
156,9,10101,False,6,False,2850,100,100,30,100
157,9,10101,False,9,False,3050,100,100,30,100
158,10,10101,False,2,False,50,100,100,35,100
159,10,10101,False,4,False,200,100,100,35,100
160,10,10101,False,6,False,50,100,100,35,100
161,10,10101,False,9,False,250,100,100,35,100
162,10,10101,False,3,False,750,100,100,35,100
163,10,10601,False,5,False,950,100,100,35,100
164,10,10101,False,8,False,750,100,100,35,100
165,10,10101,False,10,False,950,100,100,35,100
166,10,10201,False,2,False,1450,100,100,35,100
167,10,10101,False,4,False,1650,100,100,35,100
168,10,30101,False,6,False,1450,100,100,35,100
169,10,10201,False,9,False,1650,100,100,35,100
170,10,10101,False,1,False,2350,100,100,35,100
171,10,10101,False,3,False,2150,100,100,35,100
172,10,10101,False,5,False,2350,100,100,35,100
173,10,10402,False,7,False,2150,100,100,35,100
174,10,10101,False,10,False,2350,100,100,35,100
175,10,10101,False,2,False,2850,100,100,35,100
176,10,10101,False,4,False,3050,100,100,35,100
177,10,10101,False,6,False,2850,100,100,35,100
178,10,10101,False,9,False,3050,100,100,35,100
179,11,10101,False,2,False,50,140,130,40,100
180,11,10101,False,4,False,250,140,130,40,100
181,11,10101,False,6,False,50,140,130,40,100
182,11,10101,False,9,False,200,140,130,40,100
183,11,10101,False,3,False,750,140,130,40,100
184,11,10401,False,5,False,950,140,130,40,100
185,11,10401,False,8,False,750,140,130,40,100
186,11,10101,False,10,False,950,140,130,40,100
187,11,10101,False,2,False,1450,140,130,40,100
188,11,10201,False,4,False,1650,140,130,40,100
189,11,10601,False,6,False,1450,140,130,40,100
190,11,10201,False,9,False,1650,140,130,40,100
191,11,10101,False,1,False,2350,140,130,40,100
192,11,10401,False,3,False,2150,140,130,40,100
193,11,10101,False,5,False,2350,140,130,40,100
194,11,10401,False,7,False,2150,140,130,40,100
195,11,10101,False,10,False,2350,140,130,40,100
196,11,10201,False,2,False,2850,140,130,40,100
197,11,10601,False,4,False,3050,140,130,40,100
198,11,10201,False,6,False,2850,140,130,40,100
199,11,10101,False,9,False,3050,140,130,40,100
200,11,10101,False,1,False,3550,140,130,40,100
201,11,10101,False,5,False,3750,140,130,40,100
202,11,10101,False,8,False,3550,140,130,40,100
203,11,10101,False,10,False,3750,140,130,40,100
204,12,10101,False,2,False,50,170,130,45,100
205,12,10101,False,4,False,250,170,130,45,100
206,12,10101,False,6,False,50,170,130,45,100
207,12,10101,False,9,False,200,170,130,45,100
208,12,10101,False,3,False,750,170,130,45,100
209,12,10401,False,5,False,950,170,130,45,100
210,12,10401,False,8,False,750,170,130,45,100
211,12,10101,False,10,False,950,170,130,45,100
212,12,10101,False,2,False,1450,170,130,45,100
213,12,10201,False,4,False,1650,170,130,45,100
214,12,10601,False,6,False,1450,170,130,45,100
215,12,10201,False,9,False,1650,170,130,45,100
216,12,10101,False,1,False,2350,170,130,45,100
217,12,10401,False,3,False,2150,170,130,45,100
218,12,10101,False,5,False,2350,170,130,45,100
219,12,10401,False,7,False,2150,170,130,45,100
220,12,10101,False,10,False,2350,170,130,45,100
221,12,10201,False,2,False,2850,170,130,45,100
222,12,10601,False,4,False,3050,170,130,45,100
223,12,10201,False,6,False,2850,170,130,45,100
224,12,10101,False,9,False,3050,170,130,45,100
225,12,10101,False,1,False,3550,170,130,45,100
226,12,10101,False,5,False,3750,170,130,45,100
227,12,10101,False,8,False,3550,170,130,45,100
228,12,10101,False,10,False,3750,170,130,45,100
229,13,10101,False,2,False,50,200,130,50,100
230,13,10101,False,4,False,250,200,130,50,100
231,13,10101,False,6,False,50,200,130,50,100
232,13,10101,False,9,False,200,200,130,50,100
233,13,10101,False,3,False,750,200,130,50,100
234,13,10401,False,5,False,950,200,130,50,100
235,13,10401,False,8,False,750,200,130,50,100
236,13,10101,False,10,False,950,200,130,50,100
237,13,10101,False,2,False,1450,200,130,50,100
238,13,10201,False,4,False,1650,200,130,50,100
239,13,10601,False,6,False,1450,200,130,50,100
240,13,10201,False,9,False,1650,200,130,50,100
241,13,10101,False,1,False,2350,200,130,50,100
242,13,10401,False,3,False,2150,200,130,50,100
243,13,10101,False,5,False,2350,200,130,50,100
244,13,10401,False,7,False,2150,200,130,50,100
245,13,10101,False,10,False,2350,200,130,50,100
246,13,10201,False,2,False,2850,200,130,50,100
247,13,10601,False,4,False,3050,200,130,50,100
248,13,10201,False,6,False,2850,200,130,50,100
249,13,10101,False,9,False,3050,200,130,50,100
250,13,10101,False,1,False,3550,200,130,50,100
251,13,10101,False,5,False,3750,200,130,50,100
252,13,10101,False,8,False,3550,200,130,50,100
253,13,10101,False,10,False,3750,200,130,50,100
254,14,10101,False,2,False,50,230,130,55,100
255,14,10101,False,4,False,250,230,130,55,100
256,14,10101,False,6,False,50,230,130,55,100
257,14,10101,False,9,False,200,230,130,55,100
258,14,10101,False,3,False,750,230,130,55,100
259,14,10401,False,5,False,950,230,130,55,100
260,14,10401,False,8,False,750,230,130,55,100
261,14,10101,False,10,False,950,230,130,55,100
262,14,10101,False,2,False,1450,230,130,55,100
263,14,10201,False,4,False,1650,230,130,55,100
264,14,10601,False,6,False,1450,230,130,55,100
265,14,10201,False,9,False,1650,230,130,55,100
266,14,10101,False,1,False,2350,230,130,55,100
267,14,10401,False,3,False,2150,230,130,55,100
268,14,10101,False,5,False,2350,230,130,55,100
269,14,10401,False,7,False,2150,230,130,55,100
270,14,10101,False,10,False,2350,230,130,55,100
271,14,10201,False,2,False,2850,230,130,55,100
272,14,10601,False,4,False,3050,230,130,55,100
273,14,10201,False,6,False,2850,230,130,55,100
274,14,10101,False,9,False,3050,230,130,55,100
275,14,10101,False,1,False,3550,230,130,55,100
276,14,10101,False,5,False,3750,230,130,55,100
277,14,10101,False,8,False,3550,230,130,55,100
278,14,10101,False,10,False,3750,230,130,55,100
279,15,10101,False,2,False,50,260,130,60,100
280,15,10101,False,4,False,250,260,130,60,100
281,15,10101,False,6,False,50,260,130,60,100
282,15,10101,False,9,False,200,260,130,60,100
283,15,10101,False,3,False,750,260,130,60,100
284,15,10401,False,5,False,950,260,130,60,100
285,15,10401,False,8,False,750,260,130,60,100
286,15,10101,False,10,False,950,260,130,60,100
287,15,10101,False,2,False,1450,260,130,60,100
288,15,10201,False,4,False,1650,260,130,60,100
289,15,10601,False,6,False,1450,260,130,60,100
290,15,10201,False,9,False,1650,260,130,60,100
291,15,10101,False,1,False,2350,260,130,60,100
292,15,10401,False,3,False,2150,260,130,60,100
293,15,20301,False,5,False,2350,260,130,60,100
294,15,10401,False,7,False,2150,260,130,60,100
295,15,10101,False,10,False,2350,260,130,60,100
296,15,10201,False,2,False,2850,260,130,60,100
297,15,10601,False,4,False,3050,260,130,60,100
298,15,10201,False,6,False,2850,260,130,60,100
299,15,10101,False,9,False,3050,260,130,60,100
300,15,10101,False,1,False,3550,260,130,60,100
301,15,10101,False,5,False,3750,260,130,60,100
302,15,10101,False,8,False,3550,260,130,60,100
303,15,10101,False,10,False,3750,260,130,60,100
304,16,10301,False,2,False,50,290,130,65,100
305,16,10301,False,4,False,250,290,130,65,100
306,16,10301,False,6,False,50,290,130,65,100
307,16,10301,False,9,False,200,290,130,65,100
308,16,10301,False,3,False,750,290,130,65,100
309,16,10401,False,5,False,950,290,130,65,100
310,16,10401,False,8,False,750,290,130,65,100
311,16,10301,False,10,False,950,290,130,65,100
312,16,10301,False,2,False,1450,290,130,65,100
313,16,10501,False,4,False,1650,290,130,65,100
314,16,10611,False,6,False,1450,290,130,65,100
315,16,10501,False,9,False,1650,290,130,65,100
316,16,10301,False,1,False,2350,290,130,65,100
317,16,10401,False,3,False,2150,290,130,65,100
318,16,10301,False,5,False,2350,290,130,65,100
319,16,10401,False,7,False,2150,290,130,65,100
320,16,10301,False,10,False,2350,290,130,65,100
321,16,10501,False,2,False,2850,290,130,65,100
322,16,10611,False,4,False,3050,290,130,65,100
323,16,10501,False,6,False,2850,290,130,65,100
324,16,10301,False,9,False,3050,290,130,65,100
325,16,10301,False,1,False,3550,290,130,65,100
326,16,10301,False,5,False,3750,290,130,65,100
327,16,10301,False,8,False,3550,290,130,65,100
328,16,10301,False,10,False,3750,290,130,65,100
329,17,10301,False,2,False,50,320,130,70,100
330,17,10301,False,4,False,250,320,130,70,100
331,17,10301,False,6,False,50,320,130,70,100
332,17,10301,False,9,False,200,320,130,70,100
333,17,10301,False,3,False,750,320,130,70,100
334,17,10401,False,5,False,950,320,130,70,100
335,17,10401,False,8,False,750,320,130,70,100
336,17,10301,False,10,False,950,320,130,70,100
337,17,10301,False,2,False,1450,320,130,70,100
338,17,10501,False,4,False,1650,320,130,70,100
339,17,10611,False,6,False,1450,320,130,70,100
340,17,10501,False,9,False,1650,320,130,70,100
341,17,10301,False,1,False,2350,320,130,70,100
342,17,10401,False,3,False,2150,320,130,70,100
343,17,10301,False,5,False,2350,320,130,70,100
344,17,10401,False,7,False,2150,320,130,70,100
345,17,10301,False,10,False,2350,320,130,70,100
346,17,10501,False,2,False,2850,320,130,70,100
347,17,10611,False,4,False,3050,320,130,70,100
348,17,10501,False,6,False,2850,320,130,70,100
349,17,10301,False,9,False,3050,320,130,70,100
350,17,10301,False,1,False,3550,320,130,70,100
351,17,10301,False,5,False,3750,320,130,70,100
352,17,10301,False,8,False,3550,320,130,70,100
353,17,10301,False,10,False,3750,320,130,70,100
354,18,10301,False,2,False,50,350,130,75,100
355,18,10301,False,4,False,250,350,130,75,100
356,18,10301,False,6,False,50,350,130,75,100
357,18,10301,False,9,False,200,350,130,75,100
358,18,10301,False,3,False,750,350,130,75,100
359,18,10401,False,5,False,950,350,130,75,100
360,18,10401,False,8,False,750,350,130,75,100
361,18,10301,False,10,False,950,350,130,75,100
362,18,10301,False,2,False,1450,350,130,75,100
363,18,10501,False,4,False,1650,350,130,75,100
364,18,10611,False,6,False,1450,350,130,75,100
365,18,10501,False,9,False,1650,350,130,75,100
366,18,10301,False,1,False,2350,350,130,75,100
367,18,10401,False,3,False,2150,350,130,75,100
368,18,10301,False,5,False,2350,350,130,75,100
369,18,10401,False,7,False,2150,350,130,75,100
370,18,10301,False,10,False,2350,350,130,75,100
371,18,10501,False,2,False,2850,350,130,75,100
372,18,10611,False,4,False,3050,350,130,75,100
373,18,10501,False,6,False,2850,350,130,75,100
374,18,10301,False,9,False,3050,350,130,75,100
375,18,10301,False,1,False,3550,350,130,75,100
376,18,10301,False,5,False,3750,350,130,75,100
377,18,10301,False,8,False,3550,350,130,75,100
378,18,10301,False,10,False,3750,350,130,75,100
379,19,10301,False,2,False,50,380,130,80,100
380,19,10301,False,4,False,250,380,130,80,100
381,19,10301,False,6,False,50,380,130,80,100
382,19,10301,False,9,False,200,380,130,80,100
383,19,10301,False,3,False,750,380,130,80,100
384,19,10401,False,5,False,950,380,130,80,100
385,19,10401,False,8,False,750,380,130,80,100
386,19,10301,False,10,False,950,380,130,80,100
387,19,10301,False,2,False,1450,380,130,80,100
388,19,10501,False,4,False,1650,380,130,80,100
389,19,10611,False,6,False,1450,380,130,80,100
390,19,10501,False,9,False,1650,380,130,80,100
391,19,10301,False,1,False,2350,380,130,80,100
392,19,10401,False,3,False,2150,380,130,80,100
393,19,10301,False,5,False,2350,380,130,80,100
394,19,10401,False,7,False,2150,380,130,80,100
395,19,10301,False,10,False,2350,380,130,80,100
396,19,10501,False,2,False,2850,380,130,80,100
397,19,10611,False,4,False,3050,380,130,80,100
398,19,10501,False,6,False,2850,380,130,80,100
399,19,10301,False,9,False,3050,380,130,80,100
400,19,10301,False,1,False,3550,380,130,80,100
401,19,10301,False,5,False,3750,380,130,80,100
402,19,10301,False,8,False,3550,380,130,80,100
403,19,10301,False,10,False,3750,380,130,80,100
404,20,10301,False,2,False,50,410,130,85,100
405,20,10301,False,4,False,250,410,130,85,100
406,20,10301,False,6,False,50,410,130,85,100
407,20,10301,False,9,False,200,410,130,85,100
408,20,10301,False,3,False,750,410,130,85,100
409,20,10401,False,5,False,950,410,130,85,100
410,20,10401,False,8,False,750,410,130,85,100
411,20,10301,False,10,False,950,410,130,85,100
412,20,10301,False,2,False,1450,410,130,85,100
413,20,10501,False,4,False,1650,410,130,85,100
414,20,10611,False,6,False,1450,410,130,85,100
415,20,10501,False,9,False,1650,410,130,85,100
416,20,10301,False,1,False,2150,410,130,85,100
417,20,30201,False,4,False,2350,410,130,85,100
418,20,20311,False,7,False,2350,410,130,85,100
419,20,10301,False,10,False,2150,410,130,85,100
420,20,10501,False,2,False,2850,410,130,85,100
421,20,10611,False,4,False,3050,410,130,85,100
422,20,10501,False,6,False,2850,410,130,85,100
423,20,10301,False,9,False,3050,410,130,85,100
424,20,10301,False,1,False,3550,410,130,85,100
425,20,10301,False,5,False,3750,410,130,85,100
426,20,10301,False,8,False,3550,410,130,85,100
427,20,10301,False,10,False,3750,410,130,85,100
428,21,10301,False,2,False,50,500,150,90,100
429,21,10301,False,4,False,250,500,150,90,100
430,21,10701,False,6,False,50,500,150,90,100
431,21,10301,False,9,False,200,500,150,90,100
432,21,10501,False,3,False,750,500,150,90,100
433,21,10301,False,5,False,950,500,150,90,100
434,21,10501,False,8,False,750,500,150,90,100
435,21,10301,False,10,False,950,500,150,90,100
436,21,10301,False,2,False,1450,500,150,90,100
437,21,10301,False,4,False,1650,500,150,90,100
438,21,10611,False,6,False,1450,500,150,90,100
439,21,10701,False,9,False,1650,500,150,90,100
440,21,10301,False,1,False,2350,500,150,90,100
441,21,10611,False,3,False,2150,500,150,90,100
442,21,10501,False,5,False,2350,500,150,90,100
443,21,10301,False,7,False,2150,500,150,90,100
444,21,10501,False,10,False,2350,500,150,90,100
445,21,10701,False,2,False,2850,500,150,90,100
446,21,10301,False,4,False,3050,500,150,90,100
447,21,10701,False,6,False,2850,500,150,90,100
448,21,10611,False,9,False,3050,500,150,90,100
449,21,10501,False,1,False,3550,500,150,90,100
450,21,10611,False,5,False,3750,500,150,90,100
451,21,10501,False,8,False,3550,500,150,90,100
452,21,10301,False,10,False,3750,500,150,90,100
453,21,10301,False,2,False,4450,500,150,90,100
454,21,10701,False,4,False,4250,500,150,90,100
455,21,10301,False,7,False,4450,500,150,90,100
456,21,10301,False,9,False,4250,500,150,90,100
457,22,10301,False,2,False,50,550,150,95,100
458,22,10301,False,4,False,250,550,150,95,100
459,22,10701,False,6,False,50,550,150,95,100
460,22,10301,False,9,False,200,550,150,95,100
461,22,10501,False,3,False,750,550,150,95,100
462,22,10301,False,5,False,950,550,150,95,100
463,22,10501,False,8,False,750,550,150,95,100
464,22,10301,False,10,False,950,550,150,95,100
465,22,10301,False,2,False,1450,550,150,95,100
466,22,10301,False,4,False,1650,550,150,95,100
467,22,10611,False,6,False,1450,550,150,95,100
468,22,10701,False,9,False,1650,550,150,95,100
469,22,10301,False,1,False,2350,550,150,95,100
470,22,10611,False,3,False,2150,550,150,95,100
471,22,10501,False,5,False,2350,550,150,95,100
472,22,10301,False,7,False,2150,550,150,95,100
473,22,10501,False,10,False,2350,550,150,95,100
474,22,10701,False,2,False,2850,550,150,95,100
475,22,10301,False,4,False,3050,550,150,95,100
476,22,10701,False,6,False,2850,550,150,95,100
477,22,10611,False,9,False,3050,550,150,95,100
478,22,10501,False,1,False,3550,550,150,95,100
479,22,10611,False,5,False,3750,550,150,95,100
480,22,10501,False,8,False,3550,550,150,95,100
481,22,10301,False,10,False,3750,550,150,95,100
482,22,10301,False,2,False,4450,550,150,95,100
483,22,10701,False,4,False,4250,550,150,95,100
484,22,10301,False,7,False,4450,550,150,95,100
485,22,10301,False,9,False,4250,550,150,95,100
486,23,10301,False,2,False,50,600,150,100,100
487,23,10301,False,4,False,250,600,150,100,100
488,23,10701,False,6,False,50,600,150,100,100
489,23,10301,False,9,False,200,600,150,100,100
490,23,10501,False,3,False,750,600,150,100,100
491,23,10301,False,5,False,950,600,150,100,100
492,23,10501,False,8,False,750,600,150,100,100
493,23,10301,False,10,False,950,600,150,100,100
494,23,10301,False,2,False,1450,600,150,100,100
495,23,10301,False,4,False,1650,600,150,100,100
496,23,10611,False,6,False,1450,600,150,100,100
497,23,10701,False,9,False,1650,600,150,100,100
498,23,10301,False,1,False,2350,600,150,100,100
499,23,10611,False,3,False,2150,600,150,100,100
500,23,10501,False,5,False,2350,600,150,100,100
501,23,10301,False,7,False,2150,600,150,100,100
502,23,10501,False,10,False,2350,600,150,100,100
503,23,10701,False,2,False,2850,600,150,100,100
504,23,10301,False,4,False,3050,600,150,100,100
505,23,10701,False,6,False,2850,600,150,100,100
506,23,10611,False,9,False,3050,600,150,100,100
507,23,10501,False,1,False,3550,600,150,100,100
508,23,10611,False,5,False,3750,600,150,100,100
509,23,10501,False,8,False,3550,600,150,100,100
510,23,10301,False,10,False,3750,600,150,100,100
511,23,10301,False,2,False,4450,600,150,100,100
512,23,10701,False,4,False,4250,600,150,100,100
513,23,10301,False,7,False,4450,600,150,100,100
514,23,10301,False,9,False,4250,600,150,100,100
515,24,10301,False,2,False,50,650,150,105,100
516,24,10301,False,4,False,250,650,150,105,100
517,24,10701,False,6,False,50,650,150,105,100
518,24,10301,False,9,False,200,650,150,105,100
519,24,10501,False,3,False,750,650,150,105,100
520,24,10301,False,5,False,950,650,150,105,100
521,24,10501,False,8,False,750,650,150,105,100
522,24,10301,False,10,False,950,650,150,105,100
523,24,10301,False,2,False,1450,650,150,105,100
524,24,10301,False,4,False,1650,650,150,105,100
525,24,10611,False,6,False,1450,650,150,105,100
526,24,10701,False,9,False,1650,650,150,105,100
527,24,10301,False,1,False,2350,650,150,105,100
528,24,10611,False,3,False,2150,650,150,105,100
529,24,10501,False,5,False,2350,650,150,105,100
530,24,10301,False,7,False,2150,650,150,105,100
531,24,10501,False,10,False,2350,650,150,105,100
532,24,10701,False,2,False,2850,650,150,105,100
533,24,10301,False,4,False,3050,650,150,105,100
534,24,10701,False,6,False,2850,650,150,105,100
535,24,10611,False,9,False,3050,650,150,105,100
536,24,10501,False,1,False,3550,650,150,105,100
537,24,10611,False,5,False,3750,650,150,105,100
538,24,10501,False,8,False,3550,650,150,105,100
539,24,10301,False,10,False,3750,650,150,105,100
540,24,10301,False,2,False,4450,650,150,105,100
541,24,10701,False,4,False,4250,650,150,105,100
542,24,10301,False,7,False,4450,650,150,105,100
543,24,10301,False,9,False,4250,650,150,105,100
544,25,10301,False,2,False,50,700,150,110,100
545,25,10301,False,4,False,250,700,150,110,100
546,25,10701,False,6,False,50,700,150,110,100
547,25,10301,False,9,False,200,700,150,110,100
548,25,10501,False,3,False,750,700,150,110,100
549,25,10301,False,5,False,950,700,150,110,100
550,25,10501,False,8,False,750,700,150,110,100
551,25,10301,False,10,False,950,700,150,110,100
552,25,10301,False,2,False,1450,700,150,110,100
553,25,10301,False,4,False,1650,700,150,110,100
554,25,10611,False,6,False,1450,700,150,110,100
555,25,10701,False,9,False,1650,700,150,110,100
556,25,10301,False,1,False,2350,700,150,110,100
557,25,10611,False,3,False,2150,700,150,110,100
558,25,10501,False,5,False,2350,700,150,110,100
559,25,10301,False,7,False,2150,700,150,110,100
560,25,10501,False,10,False,2350,700,150,110,100
561,25,10701,False,2,False,2850,700,150,110,100
562,25,10701,False,4,False,3050,700,150,110,100
563,25,20201,False,6,False,2850,700,150,110,100
564,25,10611,False,9,False,3050,700,150,110,100
565,25,10501,False,1,False,3550,700,150,110,100
566,25,10611,False,5,False,3750,700,150,110,100
567,25,10501,False,8,False,3550,700,150,110,100
568,25,10301,False,10,False,3750,700,150,110,100
569,25,10301,False,2,False,4450,700,150,110,100
570,25,10701,False,4,False,4250,700,150,110,100
571,25,10301,False,7,False,4450,700,150,110,100
572,25,10301,False,9,False,4250,700,150,110,100
573,26,10301,False,2,False,50,750,150,115,100
574,26,10301,False,4,False,250,750,150,115,100
575,26,10701,False,6,False,50,750,150,115,100
576,26,10301,False,9,False,200,750,150,115,100
577,26,10501,False,3,False,750,750,150,115,100
578,26,10301,False,5,False,950,750,150,115,100
579,26,10501,False,8,False,750,750,150,115,100
580,26,10301,False,10,False,950,750,150,115,100
581,26,10301,False,2,False,1450,750,150,115,100
582,26,10301,False,4,False,1650,750,150,115,100
583,26,10621,False,6,False,1450,750,150,115,100
584,26,10701,False,9,False,1650,750,150,115,100
585,26,10301,False,1,False,2350,750,150,115,100
586,26,10621,False,3,False,2150,750,150,115,100
587,26,10501,False,5,False,2350,750,150,115,100
588,26,10301,False,7,False,2150,750,150,115,100
589,26,10501,False,10,False,2350,750,150,115,100
590,26,10701,False,2,False,2850,750,150,115,100
591,26,10301,False,4,False,3050,750,150,115,100
592,26,10701,False,6,False,2850,750,150,115,100
593,26,10621,False,9,False,3050,750,150,115,100
594,26,10501,False,1,False,3550,750,150,115,100
595,26,10621,False,5,False,3750,750,150,115,100
596,26,10501,False,8,False,3550,750,150,115,100
597,26,10301,False,10,False,3750,750,150,115,100
598,26,10301,False,2,False,4450,750,150,115,100
599,26,10701,False,4,False,4250,750,150,115,100
600,26,10301,False,7,False,4450,750,150,115,100
601,26,10301,False,9,False,4250,750,150,115,100
602,27,10301,False,2,False,50,800,150,120,100
603,27,10301,False,4,False,250,800,150,120,100
604,27,10701,False,6,False,50,800,150,120,100
605,27,10301,False,9,False,200,800,150,120,100
606,27,10501,False,3,False,750,800,150,120,100
607,27,10301,False,5,False,950,800,150,120,100
608,27,10501,False,8,False,750,800,150,120,100
609,27,10301,False,10,False,950,800,150,120,100
610,27,10301,False,2,False,1450,800,150,120,100
611,27,10301,False,4,False,1650,800,150,120,100
612,27,10621,False,6,False,1450,800,150,120,100
613,27,10701,False,9,False,1650,800,150,120,100
614,27,10301,False,1,False,2350,800,150,120,100
615,27,10621,False,3,False,2150,800,150,120,100
616,27,10501,False,5,False,2350,800,150,120,100
617,27,10301,False,7,False,2150,800,150,120,100
618,27,10501,False,10,False,2350,800,150,120,100
619,27,10701,False,2,False,2850,800,150,120,100
620,27,10301,False,4,False,3050,800,150,120,100
621,27,10701,False,6,False,2850,800,150,120,100
622,27,10621,False,9,False,3050,800,150,120,100
623,27,10501,False,1,False,3550,800,150,120,100
624,27,10621,False,5,False,3750,800,150,120,100
625,27,10501,False,8,False,3550,800,150,120,100
626,27,10301,False,10,False,3750,800,150,120,100
627,27,10301,False,2,False,4450,800,150,120,100
628,27,10701,False,4,False,4250,800,150,120,100
629,27,10301,False,7,False,4450,800,150,120,100
630,27,10301,False,9,False,4250,800,150,120,100
631,28,10301,False,2,False,50,850,150,125,100
632,28,10301,False,4,False,250,850,150,125,100
633,28,10701,False,6,False,50,850,150,125,100
634,28,10301,False,9,False,200,850,150,125,100
635,28,10501,False,3,False,750,850,150,125,100
636,28,10301,False,5,False,950,850,150,125,100
637,28,10501,False,8,False,750,850,150,125,100
638,28,10301,False,10,False,950,850,150,125,100
639,28,10301,False,2,False,1450,850,150,125,100
640,28,10301,False,4,False,1650,850,150,125,100
641,28,10621,False,6,False,1450,850,150,125,100
642,28,10701,False,9,False,1650,850,150,125,100
643,28,10301,False,1,False,2350,850,150,125,100
644,28,10621,False,3,False,2150,850,150,125,100
645,28,10501,False,5,False,2350,850,150,125,100
646,28,10301,False,7,False,2150,850,150,125,100
647,28,10501,False,10,False,2350,850,150,125,100
648,28,10701,False,2,False,2850,850,150,125,100
649,28,10301,False,4,False,3050,850,150,125,100
650,28,10701,False,6,False,2850,850,150,125,100
651,28,10621,False,9,False,3050,850,150,125,100
652,28,10501,False,1,False,3550,850,150,125,100
653,28,10621,False,5,False,3750,850,150,125,100
654,28,10501,False,8,False,3550,850,150,125,100
655,28,10301,False,10,False,3750,850,150,125,100
656,28,10301,False,2,False,4450,850,150,125,100
657,28,10701,False,4,False,4250,850,150,125,100
658,28,10301,False,7,False,4450,850,150,125,100
659,28,10301,False,9,False,4250,850,150,125,100
660,29,10301,False,2,False,50,950,150,130,100
661,29,10301,False,4,False,250,950,150,130,100
662,29,10701,False,6,False,50,950,150,130,100
663,29,10301,False,9,False,200,950,150,130,100
664,29,10501,False,3,False,750,950,150,130,100
665,29,10301,False,5,False,950,950,150,130,100
666,29,10501,False,8,False,750,950,150,130,100
667,29,10301,False,10,False,950,950,150,130,100
668,29,10301,False,2,False,1450,950,150,130,100
669,29,10301,False,4,False,1650,950,150,130,100
670,29,10621,False,6,False,1450,950,150,130,100
671,29,10701,False,9,False,1650,950,150,130,100
672,29,10301,False,1,False,2350,950,150,130,100
673,29,10621,False,3,False,2150,950,150,130,100
674,29,10501,False,5,False,2350,950,150,130,100
675,29,10301,False,7,False,2150,950,150,130,100
676,29,10501,False,10,False,2350,950,150,130,100
677,29,10701,False,2,False,2850,950,150,130,100
678,29,10301,False,4,False,3050,950,150,130,100
679,29,10701,False,6,False,2850,950,150,130,100
680,29,10621,False,9,False,3050,950,150,130,100
681,29,10501,False,1,False,3550,950,150,130,100
682,29,10621,False,5,False,3750,950,150,130,100
683,29,10501,False,8,False,3550,950,150,130,100
684,29,10301,False,10,False,3750,950,150,130,100
685,29,10301,False,2,False,4450,950,150,130,100
686,29,10701,False,4,False,4250,950,150,130,100
687,29,10301,False,7,False,4450,950,150,130,100
688,29,10301,False,9,False,4250,950,150,130,100
689,30,10301,False,2,False,50,1050,150,150,100
690,30,10301,False,4,False,250,1050,150,150,100
691,30,10701,False,6,False,50,1050,150,150,100
692,30,10301,False,9,False,200,1050,150,150,100
693,30,10501,False,3,False,750,1050,150,150,100
694,30,10301,False,5,False,950,1050,150,150,100
695,30,10501,False,8,False,750,1050,150,150,100
696,30,10301,False,10,False,950,1050,150,150,100
697,30,10301,False,2,False,1450,1050,150,150,100
698,30,10301,False,4,False,1650,1050,150,150,100
699,30,10621,False,6,False,1450,1050,150,150,100
700,30,10701,False,9,False,1650,1050,150,150,100
701,30,10301,False,1,False,2350,1050,150,150,100
702,30,10621,False,3,False,2150,1050,150,150,100
703,30,10501,False,5,False,2350,1050,150,150,100
704,30,10301,False,7,False,2150,1050,150,150,100
705,30,10501,False,10,False,2350,1050,150,150,100
706,30,10701,False,2,False,2850,1050,150,150,100
707,30,30301,False,4,False,3050,1050,150,150,100
708,30,20211,False,7,False,2850,1050,150,150,100
709,30,10701,False,9,False,3050,1050,150,150,100
710,30,10501,False,1,False,3550,1050,150,150,100
711,30,10621,False,5,False,3750,1050,150,150,100
712,30,10501,False,8,False,3550,1050,150,150,100
713,30,10301,False,10,False,3750,1050,150,150,100
714,30,10301,False,2,False,4450,1050,150,150,100
715,30,10701,False,4,False,4250,1050,150,150,100
716,30,10301,False,7,False,4450,1050,150,150,100
717,30,10301,False,9,True,4250,1050,150,150,100
718,31,10301,True,2,False,50,1200,200,200,110
719,31,10301,True,4,False,250,1200,200,200,110
720,31,10701,True,6,False,50,1200,200,200,110
721,31,10301,True,9,False,200,1200,200,200,110
722,31,10501,True,3,False,750,1200,200,200,110
723,31,10301,True,5,False,950,1200,200,200,110
724,31,10501,True,8,False,750,1200,200,200,110
725,31,10301,True,10,False,950,1200,200,200,110
726,31,10301,True,2,False,1450,1200,200,200,110
727,31,10301,True,4,False,1650,1200,200,200,110
728,31,10611,True,6,False,1450,1200,200,200,110
729,31,10701,True,9,False,1650,1200,200,200,110
730,31,10301,True,1,False,2350,1200,200,200,110
731,31,10611,True,3,False,2150,1200,200,200,110
732,31,10501,True,5,False,2350,1200,200,200,110
733,31,10301,True,7,False,2150,1200,200,200,110
734,31,10501,True,10,False,2350,1200,200,200,110
735,31,10701,True,2,False,2850,1200,200,200,110
736,31,10301,True,4,False,3050,1200,200,200,110
737,31,10701,True,6,False,2850,1200,200,200,110
738,31,10611,True,9,False,3050,1200,200,200,110
739,31,10501,True,1,False,3550,1200,200,200,110
740,31,10611,True,5,False,3750,1200,200,200,110
741,31,10501,True,8,False,3550,1200,200,200,110
742,31,10301,True,10,False,3750,1200,200,200,110
743,31,10301,True,2,False,4450,1200,200,200,110
744,31,10701,True,4,False,4250,1200,200,200,110
745,31,10301,True,7,False,4450,1200,200,200,110
746,31,10301,True,9,False,4250,1200,200,200,110
747,32,10301,True,2,False,50,1400,200,200,110
748,32,10301,True,4,False,250,1400,200,200,110
749,32,10701,True,6,False,50,1400,200,200,110
750,32,10301,True,9,False,200,1400,200,200,110
751,32,10501,True,3,False,750,1400,200,200,110
752,32,10301,True,5,False,950,1400,200,200,110
753,32,10501,True,8,False,750,1400,200,200,110
754,32,10301,True,10,False,950,1400,200,200,110
755,32,10301,True,2,False,1450,1400,200,200,110
756,32,10301,True,4,False,1650,1400,200,200,110
757,32,10611,True,6,False,1450,1400,200,200,110
758,32,10701,True,9,False,1650,1400,200,200,110
759,32,10301,True,1,False,2350,1400,200,200,110
760,32,10611,True,3,False,2150,1400,200,200,110
761,32,10501,True,5,False,2350,1400,200,200,110
762,32,10301,True,7,False,2150,1400,200,200,110
763,32,10501,True,10,False,2350,1400,200,200,110
764,32,10701,True,2,False,2850,1400,200,200,110
765,32,10301,True,4,False,3050,1400,200,200,110
766,32,10701,True,6,False,2850,1400,200,200,110
767,32,10611,True,9,False,3050,1400,200,200,110
768,32,10501,True,1,False,3550,1400,200,200,110
769,32,10611,True,5,False,3750,1400,200,200,110
770,32,10501,True,8,False,3550,1400,200,200,110
771,32,10301,True,10,False,3750,1400,200,200,110
772,32,10301,True,2,False,4450,1400,200,200,110
773,32,10701,True,4,False,4250,1400,200,200,110
774,32,10301,True,7,False,4450,1400,200,200,110
775,32,10301,True,9,False,4250,1400,200,200,110
776,33,10301,True,2,False,50,1600,200,200,110
777,33,10301,True,4,False,250,1600,200,200,110
778,33,10701,True,6,False,50,1600,200,200,110
779,33,10301,True,9,False,200,1600,200,200,110
780,33,10501,True,3,False,750,1600,200,200,110
781,33,10301,True,5,False,950,1600,200,200,110
782,33,10501,True,8,False,750,1600,200,200,110
783,33,10301,True,10,False,950,1600,200,200,110
784,33,10301,True,2,False,1450,1600,200,200,110
785,33,10301,True,4,False,1650,1600,200,200,110
786,33,10611,True,6,False,1450,1600,200,200,110
787,33,10701,True,9,False,1650,1600,200,200,110
788,33,10301,True,1,False,2350,1600,200,200,110
789,33,10611,True,3,False,2150,1600,200,200,110
790,33,10501,True,5,False,2350,1600,200,200,110
791,33,10301,True,7,False,2150,1600,200,200,110
792,33,10501,True,10,False,2350,1600,200,200,110
793,33,10701,True,2,False,2850,1600,200,200,110
794,33,10301,True,4,False,3050,1600,200,200,110
795,33,10701,True,6,False,2850,1600,200,200,110
796,33,10611,True,9,False,3050,1600,200,200,110
797,33,10501,True,1,False,3550,1600,200,200,110
798,33,10611,True,5,False,3750,1600,200,200,110
799,33,10501,True,8,False,3550,1600,200,200,110
800,33,10301,True,10,False,3750,1600,200,200,110
801,33,10301,True,2,False,4450,1600,200,200,110
802,33,10701,True,4,False,4250,1600,200,200,110
803,33,10301,True,7,False,4450,1600,200,200,110
804,33,10301,True,9,False,4250,1600,200,200,110
805,34,10301,True,2,False,50,1800,200,200,110
806,34,10301,True,4,False,250,1800,200,200,110
807,34,10701,True,6,False,50,1800,200,200,110
808,34,10301,True,9,False,200,1800,200,200,110
809,34,10501,True,3,False,750,1800,200,200,110
810,34,10301,True,5,False,950,1800,200,200,110
811,34,10501,True,8,False,750,1800,200,200,110
812,34,10301,True,10,False,950,1800,200,200,110
813,34,10301,True,2,False,1450,1800,200,200,110
814,34,10301,True,4,False,1650,1800,200,200,110
815,34,10611,True,6,False,1450,1800,200,200,110
816,34,10701,True,9,False,1650,1800,200,200,110
817,34,10301,True,1,False,2350,1800,200,200,110
818,34,10611,True,3,False,2150,1800,200,200,110
819,34,10501,True,5,False,2350,1800,200,200,110
820,34,10301,True,7,False,2150,1800,200,200,110
821,34,10501,True,10,False,2350,1800,200,200,110
822,34,10701,True,2,False,2850,1800,200,200,110
823,34,10301,True,4,False,3050,1800,200,200,110
824,34,10701,True,6,False,2850,1800,200,200,110
825,34,10611,True,9,False,3050,1800,200,200,110
826,34,10501,True,1,False,3550,1800,200,200,110
827,34,10611,True,5,False,3750,1800,200,200,110
828,34,10501,True,8,False,3550,1800,200,200,110
829,34,10301,True,10,False,3750,1800,200,200,110
830,34,10301,True,2,False,4450,1800,200,200,110
831,34,10701,True,4,False,4250,1800,200,200,110
832,34,10301,True,7,False,4450,1800,200,200,110
833,34,10301,True,9,False,4250,1800,200,200,110
834,35,10301,True,2,False,50,2000,200,200,110
835,35,10301,True,4,False,250,2000,200,200,110
836,35,10701,True,6,False,50,2000,200,200,110
837,35,10301,True,9,False,200,2000,200,200,110
838,35,10501,True,3,False,750,2000,200,200,110
839,35,10301,True,5,False,950,2000,200,200,110
840,35,10501,True,8,False,750,2000,200,200,110
841,35,10301,True,10,False,950,2000,200,200,110
842,35,10301,True,2,False,1450,2000,200,200,110
843,35,10301,True,4,False,1650,2000,200,200,110
844,35,10611,True,6,False,1450,2000,200,200,110
845,35,10701,True,9,False,1650,2000,200,200,110
846,35,10301,True,1,False,2350,2000,200,200,110
847,35,10611,True,3,False,2150,2000,200,200,110
848,35,10501,True,5,False,2350,2000,200,200,110
849,35,10301,True,7,False,2150,2000,200,200,110
850,35,10501,True,10,False,2350,2000,200,200,110
851,35,10701,True,2,False,2850,2000,200,200,110
852,35,10701,True,4,False,3050,2000,200,200,110
853,35,20201,True,6,False,2850,2000,200,200,110
854,35,10611,True,9,False,3050,2000,200,200,110
855,35,10501,True,1,False,3550,2000,200,200,110
856,35,10611,True,5,False,3750,2000,200,200,110
857,35,10501,True,8,False,3550,2000,200,200,110
858,35,10301,True,10,False,3750,2000,200,200,110
859,35,10301,True,2,False,4450,2000,200,200,110
860,35,10701,True,4,False,4250,2000,200,200,110
861,35,10301,True,7,False,4450,2000,200,200,110
862,35,10301,True,9,False,4250,2000,200,200,110
863,36,10301,True,2,False,50,2200,200,200,110
864,36,10301,True,4,False,250,2200,200,200,110
865,36,10701,True,6,False,50,2200,200,200,110
866,36,10301,True,9,False,200,2200,200,200,110
867,36,10501,True,3,False,750,2200,200,200,110
868,36,10301,True,5,False,950,2200,200,200,110
869,36,10501,True,8,False,750,2200,200,200,110
870,36,10301,True,10,False,950,2200,200,200,110
871,36,10301,True,2,False,1450,2200,200,200,110
872,36,10301,True,4,False,1650,2200,200,200,110
873,36,10621,True,6,False,1450,2200,200,200,110
874,36,10701,True,9,False,1650,2200,200,200,110
875,36,10301,True,1,False,2350,2200,200,200,110
876,36,10621,True,3,False,2150,2200,200,200,110
877,36,10501,True,5,False,2350,2200,200,200,110
878,36,10301,True,7,False,2150,2200,200,200,110
879,36,10501,True,10,False,2350,2200,200,200,110
880,36,10701,True,2,False,2850,2200,200,200,110
881,36,10301,True,4,False,3050,2200,200,200,110
882,36,10701,True,6,False,2850,2200,200,200,110
883,36,10621,True,9,False,3050,2200,200,200,110
884,36,10501,True,1,False,3550,2200,200,200,110
885,36,10621,True,5,False,3750,2200,200,200,110
886,36,10501,True,8,False,3550,2200,200,200,110
887,36,10301,True,10,False,3750,2200,200,200,110
888,36,10301,True,2,False,4450,2200,200,200,110
889,36,10701,True,4,False,4250,2200,200,200,110
890,36,10301,True,7,False,4450,2200,200,200,110
891,36,10301,True,9,False,4250,2200,200,200,110
892,37,10301,True,2,False,50,2400,200,200,110
893,37,10301,True,4,False,250,2400,200,200,110
894,37,10701,True,6,False,50,2400,200,200,110
895,37,10301,True,9,False,200,2400,200,200,110
896,37,10501,True,3,False,750,2400,200,200,110
897,37,10301,True,5,False,950,2400,200,200,110
898,37,10501,True,8,False,750,2400,200,200,110
899,37,10301,True,10,False,950,2400,200,200,110
900,37,10301,True,2,False,1450,2400,200,200,110
901,37,10301,True,4,False,1650,2400,200,200,110
902,37,10621,True,6,False,1450,2400,200,200,110
903,37,10701,True,9,False,1650,2400,200,200,110
904,37,10301,True,1,False,2350,2400,200,200,110
905,37,10621,True,3,False,2150,2400,200,200,110
906,37,10501,True,5,False,2350,2400,200,200,110
907,37,10301,True,7,False,2150,2400,200,200,110
908,37,10501,True,10,False,2350,2400,200,200,110
909,37,10701,True,2,False,2850,2400,200,200,110
910,37,10301,True,4,False,3050,2400,200,200,110
911,37,10701,True,6,False,2850,2400,200,200,110
912,37,10621,True,9,False,3050,2400,200,200,110
913,37,10501,True,1,False,3550,2400,200,200,110
914,37,10621,True,5,False,3750,2400,200,200,110
915,37,10501,True,8,False,3550,2400,200,200,110
916,37,10301,True,10,False,3750,2400,200,200,110
917,37,10301,True,2,False,4450,2400,200,200,110
918,37,10701,True,4,False,4250,2400,200,200,110
919,37,10301,True,7,False,4450,2400,200,200,110
920,37,10301,True,9,False,4250,2400,200,200,110
921,38,10301,True,2,False,50,2600,200,200,110
922,38,10301,True,4,False,250,2600,200,200,110
923,38,10701,True,6,False,50,2600,200,200,110
924,38,10301,True,9,False,200,2600,200,200,110
925,38,10501,True,3,False,750,2600,200,200,110
926,38,10301,True,5,False,950,2600,200,200,110
927,38,10501,True,8,False,750,2600,200,200,110
928,38,10301,True,10,False,950,2600,200,200,110
929,38,10301,True,2,False,1450,2600,200,200,110
930,38,10301,True,4,False,1650,2600,200,200,110
931,38,10621,True,6,False,1450,2600,200,200,110
932,38,10701,True,9,False,1650,2600,200,200,110
933,38,10301,True,1,False,2350,2600,200,200,110
934,38,10621,True,3,False,2150,2600,200,200,110
935,38,10501,True,5,False,2350,2600,200,200,110
936,38,10301,True,7,False,2150,2600,200,200,110
937,38,10501,True,10,False,2350,2600,200,200,110
938,38,10701,True,2,False,2850,2600,200,200,110
939,38,10301,True,4,False,3050,2600,200,200,110
940,38,10701,True,6,False,2850,2600,200,200,110
941,38,10621,True,9,False,3050,2600,200,200,110
942,38,10501,True,1,False,3550,2600,200,200,110
943,38,10621,True,5,False,3750,2600,200,200,110
944,38,10501,True,8,False,3550,2600,200,200,110
945,38,10301,True,10,False,3750,2600,200,200,110
946,38,10301,True,2,False,4450,2600,200,200,110
947,38,10701,True,4,False,4250,2600,200,200,110
948,38,10301,True,7,False,4450,2600,200,200,110
949,38,10301,True,9,False,4250,2600,200,200,110
950,39,10301,True,2,False,50,2800,200,200,110
951,39,10301,True,4,False,250,2800,200,200,110
952,39,10701,True,6,False,50,2800,200,200,110
953,39,10301,True,9,False,200,2800,200,200,110
954,39,10501,True,3,False,750,2800,200,200,110
955,39,10301,True,5,False,950,2800,200,200,110
956,39,10501,True,8,False,750,2800,200,200,110
957,39,10301,True,10,False,950,2800,200,200,110
958,39,10301,True,2,False,1450,2800,200,200,110
959,39,10301,True,4,False,1650,2800,200,200,110
960,39,10621,True,6,False,1450,2800,200,200,110
961,39,10701,True,9,False,1650,2800,200,200,110
962,39,10301,True,1,False,2350,2800,200,200,110
963,39,10621,True,3,False,2150,2800,200,200,110
964,39,10501,True,5,False,2350,2800,200,200,110
965,39,10301,True,7,False,2150,2800,200,200,110
966,39,10501,True,10,False,2350,2800,200,200,110
967,39,10701,True,2,False,2850,2800,200,200,110
968,39,10301,True,4,False,3050,2800,200,200,110
969,39,10701,True,6,False,2850,2800,200,200,110
970,39,10621,True,9,False,3050,2800,200,200,110
971,39,10501,True,1,False,3550,2800,200,200,110
972,39,10621,True,5,False,3750,2800,200,200,110
973,39,10501,True,8,False,3550,2800,200,200,110
974,39,10301,True,10,False,3750,2800,200,200,110
975,39,10301,True,2,False,4450,2800,200,200,110
976,39,10701,True,4,False,4250,2800,200,200,110
977,39,10301,True,7,False,4450,2800,200,200,110
978,39,10301,True,9,False,4250,2800,200,200,110
979,40,10301,True,2,False,50,3000,200,200,110
980,40,10301,True,4,False,250,3000,200,200,110
981,40,10701,True,6,False,50,3000,200,200,110
982,40,10301,True,9,False,200,3000,200,200,110
983,40,10501,True,3,False,750,3000,200,200,110
984,40,10301,True,5,False,950,3000,200,200,110
985,40,10501,True,8,False,750,3000,200,200,110
986,40,10301,True,10,False,950,3000,200,200,110
987,40,10301,True,2,False,1450,3000,200,200,110
988,40,10301,True,4,False,1650,3000,200,200,110
989,40,10621,True,6,False,1450,3000,200,200,110
990,40,10701,True,9,False,1650,3000,200,200,110
991,40,10301,True,1,False,2350,3000,200,200,110
992,40,10621,True,3,False,2150,3000,200,200,110
993,40,10501,True,5,False,2350,3000,200,200,110
994,40,10301,True,7,False,2150,3000,200,200,110
995,40,10501,True,10,False,2350,3000,200,200,110
996,40,10701,True,2,False,2850,3000,200,200,110
997,40,30301,True,4,False,3050,3000,200,200,110
998,40,20211,True,7,False,2850,3000,200,200,110
999,40,10701,True,9,False,3050,3000,200,200,110
1000,40,10501,True,1,False,3550,3000,200,200,110
1001,40,10621,True,5,False,3750,3000,200,200,110
1002,40,10501,True,8,False,3550,3000,200,200,110
1003,40,10301,True,10,False,3750,3000,200,200,110
1004,40,10301,True,2,False,4450,3000,200,200,110
1005,40,10701,True,4,False,4250,3000,200,200,110
1006,40,10301,True,7,False,4450,3000,200,200,110
1007,40,10301,True,9,True,4250,3000,200,200,110
1008,41,10301,True,2,False,50,3200,300,300,110
1009,41,10301,True,4,False,250,3200,300,300,110
1010,41,10701,True,6,False,50,3200,300,300,110
1011,41,10301,True,9,False,200,3200,300,300,110
1012,41,10501,True,3,False,750,3200,300,300,110
1013,41,10301,True,5,False,950,3200,300,300,110
1014,41,10501,True,8,False,750,3200,300,300,110
1015,41,10301,True,10,False,950,3200,300,300,110
1016,41,10301,True,2,False,1450,3200,300,300,110
1017,41,10301,True,4,False,1650,3200,300,300,110
1018,41,10611,True,6,False,1450,3200,300,300,110
1019,41,10701,True,9,False,1650,3200,300,300,110
1020,41,10301,True,1,False,2350,3200,300,300,110
1021,41,10611,True,3,False,2150,3200,300,300,110
1022,41,10501,True,5,False,2350,3200,300,300,110
1023,41,10301,True,7,False,2150,3200,300,300,110
1024,41,10501,True,10,False,2350,3200,300,300,110
1025,41,10701,True,2,False,2850,3200,300,300,110
1026,41,10301,True,4,False,3050,3200,300,300,110
1027,41,10701,True,6,False,2850,3200,300,300,110
1028,41,10611,True,9,False,3050,3200,300,300,110
1029,41,10501,True,1,False,3550,3200,300,300,110
1030,41,10611,True,5,False,3750,3200,300,300,110
1031,41,10501,True,8,False,3550,3200,300,300,110
1032,41,10301,True,10,False,3750,3200,300,300,110
1033,41,10301,True,2,False,4450,3200,300,300,110
1034,41,10701,True,4,False,4250,3200,300,300,110
1035,41,10301,True,7,False,4450,3200,300,300,110
1036,41,10301,True,9,False,4250,3200,300,300,110
1037,42,10301,True,2,False,50,3400,300,300,110
1038,42,10301,True,4,False,250,3400,300,300,110
1039,42,10701,True,6,False,50,3400,300,300,110
1040,42,10301,True,9,False,200,3400,300,300,110
1041,42,10501,True,3,False,750,3400,300,300,110
1042,42,10301,True,5,False,950,3400,300,300,110
1043,42,10501,True,8,False,750,3400,300,300,110
1044,42,10301,True,10,False,950,3400,300,300,110
1045,42,10301,True,2,False,1450,3400,300,300,110
1046,42,10301,True,4,False,1650,3400,300,300,110
1047,42,10611,True,6,False,1450,3400,300,300,110
1048,42,10701,True,9,False,1650,3400,300,300,110
1049,42,10301,True,1,False,2350,3400,300,300,110
1050,42,10611,True,3,False,2150,3400,300,300,110
1051,42,10501,True,5,False,2350,3400,300,300,110
1052,42,10301,True,7,False,2150,3400,300,300,110
1053,42,10501,True,10,False,2350,3400,300,300,110
1054,42,10701,True,2,False,2850,3400,300,300,110
1055,42,10301,True,4,False,3050,3400,300,300,110
1056,42,10701,True,6,False,2850,3400,300,300,110
1057,42,10611,True,9,False,3050,3400,300,300,110
1058,42,10501,True,1,False,3550,3400,300,300,110
1059,42,10611,True,5,False,3750,3400,300,300,110
1060,42,10501,True,8,False,3550,3400,300,300,110
1061,42,10301,True,10,False,3750,3400,300,300,110
1062,42,10301,True,2,False,4450,3400,300,300,110
1063,42,10701,True,4,False,4250,3400,300,300,110
1064,42,10301,True,7,False,4450,3400,300,300,110
1065,42,10301,True,9,False,4250,3400,300,300,110
1066,43,10301,True,2,False,50,3600,300,300,110
1067,43,10301,True,4,False,250,3600,300,300,110
1068,43,10701,True,6,False,50,3600,300,300,110
1069,43,10301,True,9,False,200,3600,300,300,110
1070,43,10501,True,3,False,750,3600,300,300,110
1071,43,10301,True,5,False,950,3600,300,300,110
1072,43,10501,True,8,False,750,3600,300,300,110
1073,43,10301,True,10,False,950,3600,300,300,110
1074,43,10301,True,2,False,1450,3600,300,300,110
1075,43,10301,True,4,False,1650,3600,300,300,110
1076,43,10611,True,6,False,1450,3600,300,300,110
1077,43,10701,True,9,False,1650,3600,300,300,110
1078,43,10301,True,1,False,2350,3600,300,300,110
1079,43,10611,True,3,False,2150,3600,300,300,110
1080,43,10501,True,5,False,2350,3600,300,300,110
1081,43,10301,True,7,False,2150,3600,300,300,110
1082,43,10501,True,10,False,2350,3600,300,300,110
1083,43,10701,True,2,False,2850,3600,300,300,110
1084,43,10301,True,4,False,3050,3600,300,300,110
1085,43,10701,True,6,False,2850,3600,300,300,110
1086,43,10611,True,9,False,3050,3600,300,300,110
1087,43,10501,True,1,False,3550,3600,300,300,110
1088,43,10611,True,5,False,3750,3600,300,300,110
1089,43,10501,True,8,False,3550,3600,300,300,110
1090,43,10301,True,10,False,3750,3600,300,300,110
1091,43,10301,True,2,False,4450,3600,300,300,110
1092,43,10701,True,4,False,4250,3600,300,300,110
1093,43,10301,True,7,False,4450,3600,300,300,110
1094,43,10301,True,9,False,4250,3600,300,300,110
1095,44,10301,True,2,False,50,3800,300,300,110
1096,44,10301,True,4,False,250,3800,300,300,110
1097,44,10701,True,6,False,50,3800,300,300,110
1098,44,10301,True,9,False,200,3800,300,300,110
1099,44,10501,True,3,False,750,3800,300,300,110
1100,44,10301,True,5,False,950,3800,300,300,110
1101,44,10501,True,8,False,750,3800,300,300,110
1102,44,10301,True,10,False,950,3800,300,300,110
1103,44,10301,True,2,False,1450,3800,300,300,110
1104,44,10301,True,4,False,1650,3800,300,300,110
1105,44,10611,True,6,False,1450,3800,300,300,110
1106,44,10701,True,9,False,1650,3800,300,300,110
1107,44,10301,True,1,False,2350,3800,300,300,110
1108,44,10611,True,3,False,2150,3800,300,300,110
1109,44,10501,True,5,False,2350,3800,300,300,110
1110,44,10301,True,7,False,2150,3800,300,300,110
1111,44,10501,True,10,False,2350,3800,300,300,110
1112,44,10701,True,2,False,2850,3800,300,300,110
1113,44,10301,True,4,False,3050,3800,300,300,110
1114,44,10701,True,6,False,2850,3800,300,300,110
1115,44,10611,True,9,False,3050,3800,300,300,110
1116,44,10501,True,1,False,3550,3800,300,300,110
1117,44,10611,True,5,False,3750,3800,300,300,110
1118,44,10501,True,8,False,3550,3800,300,300,110
1119,44,10301,True,10,False,3750,3800,300,300,110
1120,44,10301,True,2,False,4450,3800,300,300,110
1121,44,10701,True,4,False,4250,3800,300,300,110
1122,44,10301,True,7,False,4450,3800,300,300,110
1123,44,10301,True,9,False,4250,3800,300,300,110
1124,45,10301,True,2,False,50,4000,300,300,110
1125,45,10301,True,4,False,250,4000,300,300,110
1126,45,10701,True,6,False,50,4000,300,300,110
1127,45,10301,True,9,False,200,4000,300,300,110
1128,45,10501,True,3,False,750,4000,300,300,110
1129,45,10301,True,5,False,950,4000,300,300,110
1130,45,10501,True,8,False,750,4000,300,300,110
1131,45,10301,True,10,False,950,4000,300,300,110
1132,45,10301,True,2,False,1450,4000,300,300,110
1133,45,10301,True,4,False,1650,4000,300,300,110
1134,45,10611,True,6,False,1450,4000,300,300,110
1135,45,10701,True,9,False,1650,4000,300,300,110
1136,45,10301,True,1,False,2350,4000,300,300,110
1137,45,10611,True,3,False,2150,4000,300,300,110
1138,45,10501,True,5,False,2350,4000,300,300,110
1139,45,10301,True,7,False,2150,4000,300,300,110
1140,45,10501,True,10,False,2350,4000,300,300,110
1141,45,10701,True,2,False,2850,4000,300,300,110
1142,45,10701,True,4,False,3050,4000,300,300,110
1143,45,20201,True,6,False,2850,4000,300,300,110
1144,45,10611,True,9,False,3050,4000,300,300,110
1145,45,10501,True,1,False,3550,4000,300,300,110
1146,45,10611,True,5,False,3750,4000,300,300,110
1147,45,10501,True,8,False,3550,4000,300,300,110
1148,45,10301,True,10,False,3750,4000,300,300,110
1149,45,10301,True,2,False,4450,4000,300,300,110
1150,45,10701,True,4,False,4250,4000,300,300,110
1151,45,10301,True,7,False,4450,4000,300,300,110
1152,45,10301,True,9,False,4250,4000,300,300,110
1153,46,10301,True,2,False,50,4200,300,300,110
1154,46,10301,True,4,False,250,4200,300,300,110
1155,46,10701,True,6,False,50,4200,300,300,110
1156,46,10301,True,9,False,200,4200,300,300,110
1157,46,10501,True,3,False,750,4200,300,300,110
1158,46,10301,True,5,False,950,4200,300,300,110
1159,46,10501,True,8,False,750,4200,300,300,110
1160,46,10301,True,10,False,950,4200,300,300,110
1161,46,10301,True,2,False,1450,4200,300,300,110
1162,46,10301,True,4,False,1650,4200,300,300,110
1163,46,10621,True,6,False,1450,4200,300,300,110
1164,46,10701,True,9,False,1650,4200,300,300,110
1165,46,10301,True,1,False,2350,4200,300,300,110
1166,46,10621,True,3,False,2150,4200,300,300,110
1167,46,10501,True,5,False,2350,4200,300,300,110
1168,46,10301,True,7,False,2150,4200,300,300,110
1169,46,10501,True,10,False,2350,4200,300,300,110
1170,46,10701,True,2,False,2850,4200,300,300,110
1171,46,10301,True,4,False,3050,4200,300,300,110
1172,46,10701,True,6,False,2850,4200,300,300,110
1173,46,10621,True,9,False,3050,4200,300,300,110
1174,46,10501,True,1,False,3550,4200,300,300,110
1175,46,10621,True,5,False,3750,4200,300,300,110
1176,46,10501,True,8,False,3550,4200,300,300,110
1177,46,10301,True,10,False,3750,4200,300,300,110
1178,46,10301,True,2,False,4450,4200,300,300,110
1179,46,10701,True,4,False,4250,4200,300,300,110
1180,46,10301,True,7,False,4450,4200,300,300,110
1181,46,10301,True,9,False,4250,4200,300,300,110
1182,47,10301,True,2,False,50,4400,300,300,110
1183,47,10301,True,4,False,250,4400,300,300,110
1184,47,10701,True,6,False,50,4400,300,300,110
1185,47,10301,True,9,False,200,4400,300,300,110
1186,47,10501,True,3,False,750,4400,300,300,110
1187,47,10301,True,5,False,950,4400,300,300,110
1188,47,10501,True,8,False,750,4400,300,300,110
1189,47,10301,True,10,False,950,4400,300,300,110
1190,47,10301,True,2,False,1450,4400,300,300,110
1191,47,10301,True,4,False,1650,4400,300,300,110
1192,47,10621,True,6,False,1450,4400,300,300,110
1193,47,10701,True,9,False,1650,4400,300,300,110
1194,47,10301,True,1,False,2350,4400,300,300,110
1195,47,10621,True,3,False,2150,4400,300,300,110
1196,47,10501,True,5,False,2350,4400,300,300,110
1197,47,10301,True,7,False,2150,4400,300,300,110
1198,47,10501,True,10,False,2350,4400,300,300,110
1199,47,10701,True,2,False,2850,4400,300,300,110
1200,47,10301,True,4,False,3050,4400,300,300,110
1201,47,10701,True,6,False,2850,4400,300,300,110
1202,47,10621,True,9,False,3050,4400,300,300,110
1203,47,10501,True,1,False,3550,4400,300,300,110
1204,47,10621,True,5,False,3750,4400,300,300,110
1205,47,10501,True,8,False,3550,4400,300,300,110
1206,47,10301,True,10,False,3750,4400,300,300,110
1207,47,10301,True,2,False,4450,4400,300,300,110
1208,47,10701,True,4,False,4250,4400,300,300,110
1209,47,10301,True,7,False,4450,4400,300,300,110
1210,47,10301,True,9,False,4250,4400,300,300,110
1211,48,10301,True,2,False,50,4600,300,300,110
1212,48,10301,True,4,False,250,4600,300,300,110
1213,48,10701,True,6,False,50,4600,300,300,110
1214,48,10301,True,9,False,200,4600,300,300,110
1215,48,10501,True,3,False,750,4600,300,300,110
1216,48,10301,True,5,False,950,4600,300,300,110
1217,48,10501,True,8,False,750,4600,300,300,110
1218,48,10301,True,10,False,950,4600,300,300,110
1219,48,10301,True,2,False,1450,4600,300,300,110
1220,48,10301,True,4,False,1650,4600,300,300,110
1221,48,10621,True,6,False,1450,4600,300,300,110
1222,48,10701,True,9,False,1650,4600,300,300,110
1223,48,10301,True,1,False,2350,4600,300,300,110
1224,48,10621,True,3,False,2150,4600,300,300,110
1225,48,10501,True,5,False,2350,4600,300,300,110
1226,48,10301,True,7,False,2150,4600,300,300,110
1227,48,10501,True,10,False,2350,4600,300,300,110
1228,48,10701,True,2,False,2850,4600,300,300,110
1229,48,10301,True,4,False,3050,4600,300,300,110
1230,48,10701,True,6,False,2850,4600,300,300,110
1231,48,10621,True,9,False,3050,4600,300,300,110
1232,48,10501,True,1,False,3550,4600,300,300,110
1233,48,10621,True,5,False,3750,4600,300,300,110
1234,48,10501,True,8,False,3550,4600,300,300,110
1235,48,10301,True,10,False,3750,4600,300,300,110
1236,48,10301,True,2,False,4450,4600,300,300,110
1237,48,10701,True,4,False,4250,4600,300,300,110
1238,48,10301,True,7,False,4450,4600,300,300,110
1239,48,10301,True,9,False,4250,4600,300,300,110
1240,49,10301,True,2,False,50,4800,300,300,110
1241,49,10301,True,4,False,250,4800,300,300,110
1242,49,10701,True,6,False,50,4800,300,300,110
1243,49,10301,True,9,False,200,4800,300,300,110
1244,49,10501,True,3,False,750,4800,300,300,110
1245,49,10301,True,5,False,950,4800,300,300,110
1246,49,10501,True,8,False,750,4800,300,300,110
1247,49,10301,True,10,False,950,4800,300,300,110
1248,49,10301,True,2,False,1450,4800,300,300,110
1249,49,10301,True,4,False,1650,4800,300,300,110
1250,49,10621,True,6,False,1450,4800,300,300,110
1251,49,10701,True,9,False,1650,4800,300,300,110
1252,49,10301,True,1,False,2350,4800,300,300,110
1253,49,10621,True,3,False,2150,4800,300,300,110
1254,49,10501,True,5,False,2350,4800,300,300,110
1255,49,10301,True,7,False,2150,4800,300,300,110
1256,49,10501,True,10,False,2350,4800,300,300,110
1257,49,10701,True,2,False,2850,4800,300,300,110
1258,49,10301,True,4,False,3050,4800,300,300,110
1259,49,10701,True,6,False,2850,4800,300,300,110
1260,49,10621,True,9,False,3050,4800,300,300,110
1261,49,10501,True,1,False,3550,4800,300,300,110
1262,49,10621,True,5,False,3750,4800,300,300,110
1263,49,10501,True,8,False,3550,4800,300,300,110
1264,49,10301,True,10,False,3750,4800,300,300,110
1265,49,10301,True,2,False,4450,4800,300,300,110
1266,49,10701,True,4,False,4250,4800,300,300,110
1267,49,10301,True,7,False,4450,4800,300,300,110
1268,49,10301,True,9,False,4250,4800,300,300,110
1269,50,10301,True,2,False,50,5000,300,300,110
1270,50,10301,True,4,False,250,5000,300,300,110
1271,50,10701,True,6,False,50,5000,300,300,110
1272,50,10301,True,9,False,200,5000,300,300,110
1273,50,10501,True,3,False,750,5000,300,300,110
1274,50,10301,True,5,False,950,5000,300,300,110
1275,50,10501,True,8,False,750,5000,300,300,110
1276,50,10301,True,10,False,950,5000,300,300,110
1277,50,10301,True,2,False,1450,5000,300,300,110
1278,50,10301,True,4,False,1650,5000,300,300,110
1279,50,10621,True,6,False,1450,5000,300,300,110
1280,50,10701,True,9,False,1650,5000,300,300,110
1281,50,10301,True,1,False,2350,5000,300,300,110
1282,50,10621,True,3,False,2150,5000,300,300,110
1283,50,10501,True,5,False,2350,5000,300,300,110
1284,50,10301,True,7,False,2150,5000,300,300,110
1285,50,10501,True,10,False,2350,5000,300,300,110
1286,50,10701,True,2,False,2850,5000,300,300,110
1287,50,30301,True,4,False,3050,5000,300,300,110
1288,50,30301,True,7,False,2850,5000,300,300,110
1289,50,10701,True,9,False,3050,5000,300,300,110
1290,50,10501,True,1,False,3550,5000,300,300,110
1291,50,10621,True,5,False,3750,5000,300,300,110
1292,50,10501,True,8,False,3550,5000,300,300,110
1293,50,10301,True,10,False,3750,5000,300,300,110
1294,50,10301,True,2,False,4450,5000,300,300,110
1295,50,10701,True,4,False,4250,5000,300,300,110
1296,50,10301,True,7,False,4450,5000,300,300,110
1297,50,10301,True,9,True,4250,5000,300,300,110
1298,51,10301,True,2,False,50,5300,400,400,120
1299,51,10301,True,4,False,250,5300,400,400,120
1300,51,10701,True,6,False,50,5300,400,400,120
1301,51,10301,True,9,False,200,5300,400,400,120
1302,51,10501,True,3,False,750,5300,400,400,120
1303,51,10301,True,5,False,950,5300,400,400,120
1304,51,10501,True,8,False,750,5300,400,400,120
1305,51,10301,True,10,False,950,5300,400,400,120
1306,51,10301,True,2,False,1450,5300,400,400,120
1307,51,10301,True,4,False,1650,5300,400,400,120
1308,51,10611,True,6,False,1450,5300,400,400,120
1309,51,10701,True,9,False,1650,5300,400,400,120
1310,51,10301,True,1,False,2350,5300,400,400,120
1311,51,10611,True,3,False,2150,5300,400,400,120
1312,51,10501,True,5,False,2350,5300,400,400,120
1313,51,10301,True,7,False,2150,5300,400,400,120
1314,51,10501,True,10,False,2350,5300,400,400,120
1315,51,10701,True,2,False,2850,5300,400,400,120
1316,51,10301,True,4,False,3050,5300,400,400,120
1317,51,10701,True,6,False,2850,5300,400,400,120
1318,51,10611,True,9,False,3050,5300,400,400,120
1319,51,10501,True,1,False,3550,5300,400,400,120
1320,51,10611,True,5,False,3750,5300,400,400,120
1321,51,10501,True,8,False,3550,5300,400,400,120
1322,51,10301,True,10,False,3750,5300,400,400,120
1323,51,10301,True,2,False,4450,5300,400,400,120
1324,51,10701,True,4,False,4250,5300,400,400,120
1325,51,10301,True,7,False,4450,5300,400,400,120
1326,51,10301,True,9,False,4250,5300,400,400,120
1327,52,10301,True,2,False,50,5600,400,400,120
1328,52,10301,True,4,False,250,5600,400,400,120
1329,52,10701,True,6,False,50,5600,400,400,120
1330,52,10301,True,9,False,200,5600,400,400,120
1331,52,10501,True,3,False,750,5600,400,400,120
1332,52,10301,True,5,False,950,5600,400,400,120
1333,52,10501,True,8,False,750,5600,400,400,120
1334,52,10301,True,10,False,950,5600,400,400,120
1335,52,10301,True,2,False,1450,5600,400,400,120
1336,52,10301,True,4,False,1650,5600,400,400,120
1337,52,10611,True,6,False,1450,5600,400,400,120
1338,52,10701,True,9,False,1650,5600,400,400,120
1339,52,10301,True,1,False,2350,5600,400,400,120
1340,52,10611,True,3,False,2150,5600,400,400,120
1341,52,10501,True,5,False,2350,5600,400,400,120
1342,52,10301,True,7,False,2150,5600,400,400,120
1343,52,10501,True,10,False,2350,5600,400,400,120
1344,52,10701,True,2,False,2850,5600,400,400,120
1345,52,10301,True,4,False,3050,5600,400,400,120
1346,52,10701,True,6,False,2850,5600,400,400,120
1347,52,10611,True,9,False,3050,5600,400,400,120
1348,52,10501,True,1,False,3550,5600,400,400,120
1349,52,10611,True,5,False,3750,5600,400,400,120
1350,52,10501,True,8,False,3550,5600,400,400,120
1351,52,10301,True,10,False,3750,5600,400,400,120
1352,52,10301,True,2,False,4450,5600,400,400,120
1353,52,10701,True,4,False,4250,5600,400,400,120
1354,52,10301,True,7,False,4450,5600,400,400,120
1355,52,10301,True,9,False,4250,5600,400,400,120
1356,53,10301,True,2,False,50,5900,400,400,120
1357,53,10301,True,4,False,250,5900,400,400,120
1358,53,10701,True,6,False,50,5900,400,400,120
1359,53,10301,True,9,False,200,5900,400,400,120
1360,53,10501,True,3,False,750,5900,400,400,120
1361,53,10301,True,5,False,950,5900,400,400,120
1362,53,10501,True,8,False,750,5900,400,400,120
1363,53,10301,True,10,False,950,5900,400,400,120
1364,53,10301,True,2,False,1450,5900,400,400,120
1365,53,10301,True,4,False,1650,5900,400,400,120
1366,53,10611,True,6,False,1450,5900,400,400,120
1367,53,10701,True,9,False,1650,5900,400,400,120
1368,53,10301,True,1,False,2350,5900,400,400,120
1369,53,10611,True,3,False,2150,5900,400,400,120
1370,53,10501,True,5,False,2350,5900,400,400,120
1371,53,10301,True,7,False,2150,5900,400,400,120
1372,53,10501,True,10,False,2350,5900,400,400,120
1373,53,10701,True,2,False,2850,5900,400,400,120
1374,53,10301,True,4,False,3050,5900,400,400,120
1375,53,10701,True,6,False,2850,5900,400,400,120
1376,53,10611,True,9,False,3050,5900,400,400,120
1377,53,10501,True,1,False,3550,5900,400,400,120
1378,53,10611,True,5,False,3750,5900,400,400,120
1379,53,10501,True,8,False,3550,5900,400,400,120
1380,53,10301,True,10,False,3750,5900,400,400,120
1381,53,10301,True,2,False,4450,5900,400,400,120
1382,53,10701,True,4,False,4250,5900,400,400,120
1383,53,10301,True,7,False,4450,5900,400,400,120
1384,53,10301,True,9,False,4250,5900,400,400,120
1385,54,10301,True,2,False,50,6200,400,400,120
1386,54,10301,True,4,False,250,6200,400,400,120
1387,54,10701,True,6,False,50,6200,400,400,120
1388,54,10301,True,9,False,200,6200,400,400,120
1389,54,10501,True,3,False,750,6200,400,400,120
1390,54,10301,True,5,False,950,6200,400,400,120
1391,54,10501,True,8,False,750,6200,400,400,120
1392,54,10301,True,10,False,950,6200,400,400,120
1393,54,10301,True,2,False,1450,6200,400,400,120
1394,54,10301,True,4,False,1650,6200,400,400,120
1395,54,10611,True,6,False,1450,6200,400,400,120
1396,54,10701,True,9,False,1650,6200,400,400,120
1397,54,10301,True,1,False,2350,6200,400,400,120
1398,54,10611,True,3,False,2150,6200,400,400,120
1399,54,10501,True,5,False,2350,6200,400,400,120
1400,54,10301,True,7,False,2150,6200,400,400,120
1401,54,10501,True,10,False,2350,6200,400,400,120
1402,54,10701,True,2,False,2850,6200,400,400,120
1403,54,10301,True,4,False,3050,6200,400,400,120
1404,54,10701,True,6,False,2850,6200,400,400,120
1405,54,10611,True,9,False,3050,6200,400,400,120
1406,54,10501,True,1,False,3550,6200,400,400,120
1407,54,10611,True,5,False,3750,6200,400,400,120
1408,54,10501,True,8,False,3550,6200,400,400,120
1409,54,10301,True,10,False,3750,6200,400,400,120
1410,54,10301,True,2,False,4450,6200,400,400,120
1411,54,10701,True,4,False,4250,6200,400,400,120
1412,54,10301,True,7,False,4450,6200,400,400,120
1413,54,10301,True,9,False,4250,6200,400,400,120
1414,55,10301,True,2,False,50,6500,400,400,120
1415,55,10301,True,4,False,250,6500,400,400,120
1416,55,10701,True,6,False,50,6500,400,400,120
1417,55,10301,True,9,False,200,6500,400,400,120
1418,55,10501,True,3,False,750,6500,400,400,120
1419,55,10301,True,5,False,950,6500,400,400,120
1420,55,10501,True,8,False,750,6500,400,400,120
1421,55,10301,True,10,False,950,6500,400,400,120
1422,55,10301,True,2,False,1450,6500,400,400,120
1423,55,10301,True,4,False,1650,6500,400,400,120
1424,55,10611,True,6,False,1450,6500,400,400,120
1425,55,10701,True,9,False,1650,6500,400,400,120
1426,55,10301,True,1,False,2350,6500,400,400,120
1427,55,10611,True,3,False,2150,6500,400,400,120
1428,55,10501,True,5,False,2350,6500,400,400,120
1429,55,10301,True,7,False,2150,6500,400,400,120
1430,55,10501,True,10,False,2350,6500,400,400,120
1431,55,10701,True,2,False,2850,6500,400,400,120
1432,55,10701,True,4,False,3050,6500,400,400,120
1433,55,20201,True,6,False,2850,6500,400,400,120
1434,55,10611,True,9,False,3050,6500,400,400,120
1435,55,10501,True,1,False,3550,6500,400,400,120
1436,55,10611,True,5,False,3750,6500,400,400,120
1437,55,10501,True,8,False,3550,6500,400,400,120
1438,55,10301,True,10,False,3750,6500,400,400,120
1439,55,10301,True,2,False,4450,6500,400,400,120
1440,55,10701,True,4,False,4250,6500,400,400,120
1441,55,10301,True,7,False,4450,6500,400,400,120
1442,55,10301,True,9,False,4250,6500,400,400,120
1443,56,10301,True,2,False,50,6800,400,400,120
1444,56,10301,True,4,False,250,6800,400,400,120
1445,56,10701,True,6,False,50,6800,400,400,120
1446,56,10301,True,9,False,200,6800,400,400,120
1447,56,10501,True,3,False,750,6800,400,400,120
1448,56,10301,True,5,False,950,6800,400,400,120
1449,56,10501,True,8,False,750,6800,400,400,120
1450,56,10301,True,10,False,950,6800,400,400,120
1451,56,10301,True,2,False,1450,6800,400,400,120
1452,56,10301,True,4,False,1650,6800,400,400,120
1453,56,10621,True,6,False,1450,6800,400,400,120
1454,56,10701,True,9,False,1650,6800,400,400,120
1455,56,10301,True,1,False,2350,6800,400,400,120
1456,56,10621,True,3,False,2150,6800,400,400,120
1457,56,10501,True,5,False,2350,6800,400,400,120
1458,56,10301,True,7,False,2150,6800,400,400,120
1459,56,10501,True,10,False,2350,6800,400,400,120
1460,56,10701,True,2,False,2850,6800,400,400,120
1461,56,10301,True,4,False,3050,6800,400,400,120
1462,56,10701,True,6,False,2850,6800,400,400,120
1463,56,10621,True,9,False,3050,6800,400,400,120
1464,56,10501,True,1,False,3550,6800,400,400,120
1465,56,10621,True,5,False,3750,6800,400,400,120
1466,56,10501,True,8,False,3550,6800,400,400,120
1467,56,10301,True,10,False,3750,6800,400,400,120
1468,56,10301,True,2,False,4450,6800,400,400,120
1469,56,10701,True,4,False,4250,6800,400,400,120
1470,56,10301,True,7,False,4450,6800,400,400,120
1471,56,10301,True,9,False,4250,6800,400,400,120
1472,57,10301,True,2,False,50,7200,400,400,120
1473,57,10301,True,4,False,250,7200,400,400,120
1474,57,10701,True,6,False,50,7200,400,400,120
1475,57,10301,True,9,False,200,7200,400,400,120
1476,57,10501,True,3,False,750,7200,400,400,120
1477,57,10301,True,5,False,950,7200,400,400,120
1478,57,10501,True,8,False,750,7200,400,400,120
1479,57,10301,True,10,False,950,7200,400,400,120
1480,57,10301,True,2,False,1450,7200,400,400,120
1481,57,10301,True,4,False,1650,7200,400,400,120
1482,57,10621,True,6,False,1450,7200,400,400,120
1483,57,10701,True,9,False,1650,7200,400,400,120
1484,57,10301,True,1,False,2350,7200,400,400,120
1485,57,10621,True,3,False,2150,7200,400,400,120
1486,57,10501,True,5,False,2350,7200,400,400,120
1487,57,10301,True,7,False,2150,7200,400,400,120
1488,57,10501,True,10,False,2350,7200,400,400,120
1489,57,10701,True,2,False,2850,7200,400,400,120
1490,57,10301,True,4,False,3050,7200,400,400,120
1491,57,10701,True,6,False,2850,7200,400,400,120
1492,57,10621,True,9,False,3050,7200,400,400,120
1493,57,10501,True,1,False,3550,7200,400,400,120
1494,57,10621,True,5,False,3750,7200,400,400,120
1495,57,10501,True,8,False,3550,7200,400,400,120
1496,57,10301,True,10,False,3750,7200,400,400,120
1497,57,10301,True,2,False,4450,7200,400,400,120
1498,57,10701,True,4,False,4250,7200,400,400,120
1499,57,10301,True,7,False,4450,7200,400,400,120
1500,57,10301,True,9,False,4250,7200,400,400,120
1501,58,10301,True,2,False,50,7500,400,400,120
1502,58,10301,True,4,False,250,7500,400,400,120
1503,58,10701,True,6,False,50,7500,400,400,120
1504,58,10301,True,9,False,200,7500,400,400,120
1505,58,10501,True,3,False,750,7500,400,400,120
1506,58,10301,True,5,False,950,7500,400,400,120
1507,58,10501,True,8,False,750,7500,400,400,120
1508,58,10301,True,10,False,950,7500,400,400,120
1509,58,10301,True,2,False,1450,7500,400,400,120
1510,58,10301,True,4,False,1650,7500,400,400,120
1511,58,10621,True,6,False,1450,7500,400,400,120
1512,58,10701,True,9,False,1650,7500,400,400,120
1513,58,10301,True,1,False,2350,7500,400,400,120
1514,58,10621,True,3,False,2150,7500,400,400,120
1515,58,10501,True,5,False,2350,7500,400,400,120
1516,58,10301,True,7,False,2150,7500,400,400,120
1517,58,10501,True,10,False,2350,7500,400,400,120
1518,58,10701,True,2,False,2850,7500,400,400,120
1519,58,10301,True,4,False,3050,7500,400,400,120
1520,58,10701,True,6,False,2850,7500,400,400,120
1521,58,10621,True,9,False,3050,7500,400,400,120
1522,58,10501,True,1,False,3550,7500,400,400,120
1523,58,10621,True,5,False,3750,7500,400,400,120
1524,58,10501,True,8,False,3550,7500,400,400,120
1525,58,10301,True,10,False,3750,7500,400,400,120
1526,58,10301,True,2,False,4450,7500,400,400,120
1527,58,10701,True,4,False,4250,7500,400,400,120
1528,58,10301,True,7,False,4450,7500,400,400,120
1529,58,10301,True,9,False,4250,7500,400,400,120
1530,59,10301,True,2,False,50,7800,400,400,120
1531,59,10301,True,4,False,250,7800,400,400,120
1532,59,10701,True,6,False,50,7800,400,400,120
1533,59,10301,True,9,False,200,7800,400,400,120
1534,59,10501,True,3,False,750,7800,400,400,120
1535,59,10301,True,5,False,950,7800,400,400,120
1536,59,10501,True,8,False,750,7800,400,400,120
1537,59,10301,True,10,False,950,7800,400,400,120
1538,59,10301,True,2,False,1450,7800,400,400,120
1539,59,10301,True,4,False,1650,7800,400,400,120
1540,59,10621,True,6,False,1450,7800,400,400,120
1541,59,10701,True,9,False,1650,7800,400,400,120
1542,59,10301,True,1,False,2350,7800,400,400,120
1543,59,10621,True,3,False,2150,7800,400,400,120
1544,59,10501,True,5,False,2350,7800,400,400,120
1545,59,10301,True,7,False,2150,7800,400,400,120
1546,59,10501,True,10,False,2350,7800,400,400,120
1547,59,10701,True,2,False,2850,7800,400,400,120
1548,59,10301,True,4,False,3050,7800,400,400,120
1549,59,10701,True,6,False,2850,7800,400,400,120
1550,59,10621,True,9,False,3050,7800,400,400,120
1551,59,10501,True,1,False,3550,7800,400,400,120
1552,59,10621,True,5,False,3750,7800,400,400,120
1553,59,10501,True,8,False,3550,7800,400,400,120
1554,59,10301,True,10,False,3750,7800,400,400,120
1555,59,10301,True,2,False,4450,7800,400,400,120
1556,59,10701,True,4,False,4250,7800,400,400,120
1557,59,10301,True,7,False,4450,7800,400,400,120
1558,59,10301,True,9,False,4250,7800,400,400,120
1559,60,10301,True,2,False,50,6100,400,400,120
1560,60,10301,True,4,False,250,6100,400,400,120
1561,60,10701,True,6,False,50,6100,400,400,120
1562,60,10301,True,9,False,200,6100,400,400,120
1563,60,10501,True,3,False,750,6100,400,400,120
1564,60,10301,True,5,False,950,6100,400,400,120
1565,60,10501,True,8,False,750,6100,400,400,120
1566,60,10301,True,10,False,950,6100,400,400,120
1567,60,10301,True,2,False,1450,6100,400,400,120
1568,60,10301,True,4,False,1650,6100,400,400,120
1569,60,10621,True,6,False,1450,6100,400,400,120
1570,60,10701,True,9,False,1650,6100,400,400,120
1571,60,10301,True,1,False,2350,6100,400,400,120
1572,60,10621,True,3,False,2150,6100,400,400,120
1573,60,10501,True,5,False,2350,6100,400,400,120
1574,60,10301,True,7,False,2150,6100,400,400,120
1575,60,10501,True,10,False,2350,6100,400,400,120
1576,60,10701,True,2,False,2850,6100,400,400,120
1577,60,30301,True,4,False,3050,6100,400,400,120
1578,60,30301,True,7,False,2850,6100,400,400,120
1579,60,10701,True,9,False,3050,6100,400,400,120
1580,60,10501,True,1,False,3550,6100,400,400,120
1581,60,10621,True,5,False,3750,6100,400,400,120
1582,60,10501,True,8,False,3550,6100,400,400,120
1583,60,10301,True,10,False,3750,6100,400,400,120
1584,60,10301,True,2,False,4450,6100,400,400,120
1585,60,10701,True,4,False,4250,6100,400,400,120
1586,60,10301,True,7,False,4450,6100,400,400,120
1587,60,10301,True,9,True,4250,6100,400,400,120
1588,61,10301,True,2,False,50,6400,500,500,120
1589,61,10301,True,4,False,250,6400,500,500,120
1590,61,10701,True,6,False,50,6400,500,500,120
1591,61,10301,True,9,False,200,6400,500,500,120
1592,61,10501,True,3,False,750,6400,500,500,120
1593,61,10301,True,5,False,950,6400,500,500,120
1594,61,10501,True,8,False,750,6400,500,500,120
1595,61,10301,True,10,False,950,6400,500,500,120
1596,61,10301,True,2,False,1450,6400,500,500,120
1597,61,10301,True,4,False,1650,6400,500,500,120
1598,61,10611,True,6,False,1450,6400,500,500,120
1599,61,10701,True,9,False,1650,6400,500,500,120
1600,61,10301,True,1,False,2350,6400,500,500,120
1601,61,10611,True,3,False,2150,6400,500,500,120
1602,61,10501,True,5,False,2350,6400,500,500,120
1603,61,10301,True,7,False,2150,6400,500,500,120
1604,61,10501,True,10,False,2350,6400,500,500,120
1605,61,10701,True,2,False,2850,6400,500,500,120
1606,61,10301,True,4,False,3050,6400,500,500,120
1607,61,10701,True,6,False,2850,6400,500,500,120
1608,61,10611,True,9,False,3050,6400,500,500,120
1609,61,10501,True,1,False,3550,6400,500,500,120
1610,61,10611,True,5,False,3750,6400,500,500,120
1611,61,10501,True,8,False,3550,6400,500,500,120
1612,61,10301,True,10,False,3750,6400,500,500,120
1613,61,10301,True,2,False,4450,6400,500,500,120
1614,61,10701,True,4,False,4250,6400,500,500,120
1615,61,10301,True,7,False,4450,6400,500,500,120
1616,61,10301,True,9,False,4250,6400,500,500,120
1617,62,10301,True,2,False,50,6700,500,500,120
1618,62,10301,True,4,False,250,6700,500,500,120
1619,62,10701,True,6,False,50,6700,500,500,120
1620,62,10301,True,9,False,200,6700,500,500,120
1621,62,10501,True,3,False,750,6700,500,500,120
1622,62,10301,True,5,False,950,6700,500,500,120
1623,62,10501,True,8,False,750,6700,500,500,120
1624,62,10301,True,10,False,950,6700,500,500,120
1625,62,10301,True,2,False,1450,6700,500,500,120
1626,62,10301,True,4,False,1650,6700,500,500,120
1627,62,10611,True,6,False,1450,6700,500,500,120
1628,62,10701,True,9,False,1650,6700,500,500,120
1629,62,10301,True,1,False,2350,6700,500,500,120
1630,62,10611,True,3,False,2150,6700,500,500,120
1631,62,10501,True,5,False,2350,6700,500,500,120
1632,62,10301,True,7,False,2150,6700,500,500,120
1633,62,10501,True,10,False,2350,6700,500,500,120
1634,62,10701,True,2,False,2850,6700,500,500,120
1635,62,10301,True,4,False,3050,6700,500,500,120
1636,62,10701,True,6,False,2850,6700,500,500,120
1637,62,10611,True,9,False,3050,6700,500,500,120
1638,62,10501,True,1,False,3550,6700,500,500,120
1639,62,10611,True,5,False,3750,6700,500,500,120
1640,62,10501,True,8,False,3550,6700,500,500,120
1641,62,10301,True,10,False,3750,6700,500,500,120
1642,62,10301,True,2,False,4450,6700,500,500,120
1643,62,10701,True,4,False,4250,6700,500,500,120
1644,62,10301,True,7,False,4450,6700,500,500,120
1645,62,10301,True,9,False,4250,6700,500,500,120
1646,63,10301,True,2,False,50,7000,500,500,120
1647,63,10301,True,4,False,250,7000,500,500,120
1648,63,10701,True,6,False,50,7000,500,500,120
1649,63,10301,True,9,False,200,7000,500,500,120
1650,63,10501,True,3,False,750,7000,500,500,120
1651,63,10301,True,5,False,950,7000,500,500,120
1652,63,10501,True,8,False,750,7000,500,500,120
1653,63,10301,True,10,False,950,7000,500,500,120
1654,63,10301,True,2,False,1450,7000,500,500,120
1655,63,10301,True,4,False,1650,7000,500,500,120
1656,63,10611,True,6,False,1450,7000,500,500,120
1657,63,10701,True,9,False,1650,7000,500,500,120
1658,63,10301,True,1,False,2350,7000,500,500,120
1659,63,10611,True,3,False,2150,7000,500,500,120
1660,63,10501,True,5,False,2350,7000,500,500,120
1661,63,10301,True,7,False,2150,7000,500,500,120
1662,63,10501,True,10,False,2350,7000,500,500,120
1663,63,10701,True,2,False,2850,7000,500,500,120
1664,63,10301,True,4,False,3050,7000,500,500,120
1665,63,10701,True,6,False,2850,7000,500,500,120
1666,63,10611,True,9,False,3050,7000,500,500,120
1667,63,10501,True,1,False,3550,7000,500,500,120
1668,63,10611,True,5,False,3750,7000,500,500,120
1669,63,10501,True,8,False,3550,7000,500,500,120
1670,63,10301,True,10,False,3750,7000,500,500,120
1671,63,10301,True,2,False,4450,7000,500,500,120
1672,63,10701,True,4,False,4250,7000,500,500,120
1673,63,10301,True,7,False,4450,7000,500,500,120
1674,63,10301,True,9,False,4250,7000,500,500,120
1675,64,10301,True,2,False,50,7300,500,500,120
1676,64,10301,True,4,False,250,7300,500,500,120
1677,64,10701,True,6,False,50,7300,500,500,120
1678,64,10301,True,9,False,200,7300,500,500,120
1679,64,10501,True,3,False,750,7300,500,500,120
1680,64,10301,True,5,False,950,7300,500,500,120
1681,64,10501,True,8,False,750,7300,500,500,120
1682,64,10301,True,10,False,950,7300,500,500,120
1683,64,10301,True,2,False,1450,7300,500,500,120
1684,64,10301,True,4,False,1650,7300,500,500,120
1685,64,10611,True,6,False,1450,7300,500,500,120
1686,64,10701,True,9,False,1650,7300,500,500,120
1687,64,10301,True,1,False,2350,7300,500,500,120
1688,64,10611,True,3,False,2150,7300,500,500,120
1689,64,10501,True,5,False,2350,7300,500,500,120
1690,64,10301,True,7,False,2150,7300,500,500,120
1691,64,10501,True,10,False,2350,7300,500,500,120
1692,64,10701,True,2,False,2850,7300,500,500,120
1693,64,10301,True,4,False,3050,7300,500,500,120
1694,64,10701,True,6,False,2850,7300,500,500,120
1695,64,10611,True,9,False,3050,7300,500,500,120
1696,64,10501,True,1,False,3550,7300,500,500,120
1697,64,10611,True,5,False,3750,7300,500,500,120
1698,64,10501,True,8,False,3550,7300,500,500,120
1699,64,10301,True,10,False,3750,7300,500,500,120
1700,64,10301,True,2,False,4450,7300,500,500,120
1701,64,10701,True,4,False,4250,7300,500,500,120
1702,64,10301,True,7,False,4450,7300,500,500,120
1703,64,10301,True,9,False,4250,7300,500,500,120
1704,65,10301,True,2,False,50,7600,500,500,120
1705,65,10301,True,4,False,250,7600,500,500,120
1706,65,10701,True,6,False,50,7600,500,500,120
1707,65,10301,True,9,False,200,7600,500,500,120
1708,65,10501,True,3,False,750,7600,500,500,120
1709,65,10301,True,5,False,950,7600,500,500,120
1710,65,10501,True,8,False,750,7600,500,500,120
1711,65,10301,True,10,False,950,7600,500,500,120
1712,65,10301,True,2,False,1450,7600,500,500,120
1713,65,10301,True,4,False,1650,7600,500,500,120
1714,65,10611,True,6,False,1450,7600,500,500,120
1715,65,10701,True,9,False,1650,7600,500,500,120
1716,65,10301,True,1,False,2350,7600,500,500,120
1717,65,10611,True,3,False,2150,7600,500,500,120
1718,65,10501,True,5,False,2350,7600,500,500,120
1719,65,10301,True,7,False,2150,7600,500,500,120
1720,65,10501,True,10,False,2350,7600,500,500,120
1721,65,10701,True,2,False,2850,7600,500,500,120
1722,65,10701,True,4,False,3050,7600,500,500,120
1723,65,20201,True,6,False,2850,7600,500,500,120
1724,65,10611,True,9,False,3050,7600,500,500,120
1725,65,10501,True,1,False,3550,7600,500,500,120
1726,65,10611,True,5,False,3750,7600,500,500,120
1727,65,10501,True,8,False,3550,7600,500,500,120
1728,65,10301,True,10,False,3750,7600,500,500,120
1729,65,10301,True,2,False,4450,7600,500,500,120
1730,65,10701,True,4,False,4250,7600,500,500,120
1731,65,10301,True,7,False,4450,7600,500,500,120
1732,65,10301,True,9,False,4250,7600,500,500,120
1733,66,10301,True,2,False,50,7900,500,500,120
1734,66,10301,True,4,False,250,7900,500,500,120
1735,66,10701,True,6,False,50,7900,500,500,120
1736,66,10301,True,9,False,200,7900,500,500,120
1737,66,10501,True,3,False,750,7900,500,500,120
1738,66,10301,True,5,False,950,7900,500,500,120
1739,66,10501,True,8,False,750,7900,500,500,120
1740,66,10301,True,10,False,950,7900,500,500,120
1741,66,10301,True,2,False,1450,7900,500,500,120
1742,66,10301,True,4,False,1650,7900,500,500,120
1743,66,10621,True,6,False,1450,7900,500,500,120
1744,66,10701,True,9,False,1650,7900,500,500,120
1745,66,10301,True,1,False,2350,7900,500,500,120
1746,66,10621,True,3,False,2150,7900,500,500,120
1747,66,10501,True,5,False,2350,7900,500,500,120
1748,66,10301,True,7,False,2150,7900,500,500,120
1749,66,10501,True,10,False,2350,7900,500,500,120
1750,66,10701,True,2,False,2850,7900,500,500,120
1751,66,10301,True,4,False,3050,7900,500,500,120
1752,66,10701,True,6,False,2850,7900,500,500,120
1753,66,10621,True,9,False,3050,7900,500,500,120
1754,66,10501,True,1,False,3550,7900,500,500,120
1755,66,10621,True,5,False,3750,7900,500,500,120
1756,66,10501,True,8,False,3550,7900,500,500,120
1757,66,10301,True,10,False,3750,7900,500,500,120
1758,66,10301,True,2,False,4450,7900,500,500,120
1759,66,10701,True,4,False,4250,7900,500,500,120
1760,66,10301,True,7,False,4450,7900,500,500,120
1761,66,10301,True,9,False,4250,7900,500,500,120
1762,67,10301,True,2,False,50,8200,500,500,120
1763,67,10301,True,4,False,250,8200,500,500,120
1764,67,10701,True,6,False,50,8200,500,500,120
1765,67,10301,True,9,False,200,8200,500,500,120
1766,67,10501,True,3,False,750,8200,500,500,120
1767,67,10301,True,5,False,950,8200,500,500,120
1768,67,10501,True,8,False,750,8200,500,500,120
1769,67,10301,True,10,False,950,8200,500,500,120
1770,67,10301,True,2,False,1450,8200,500,500,120
1771,67,10301,True,4,False,1650,8200,500,500,120
1772,67,10621,True,6,False,1450,8200,500,500,120
1773,67,10701,True,9,False,1650,8200,500,500,120
1774,67,10301,True,1,False,2350,8200,500,500,120
1775,67,10621,True,3,False,2150,8200,500,500,120
1776,67,10501,True,5,False,2350,8200,500,500,120
1777,67,10301,True,7,False,2150,8200,500,500,120
1778,67,10501,True,10,False,2350,8200,500,500,120
1779,67,10701,True,2,False,2850,8200,500,500,120
1780,67,10301,True,4,False,3050,8200,500,500,120
1781,67,10701,True,6,False,2850,8200,500,500,120
1782,67,10621,True,9,False,3050,8200,500,500,120
1783,67,10501,True,1,False,3550,8200,500,500,120
1784,67,10621,True,5,False,3750,8200,500,500,120
1785,67,10501,True,8,False,3550,8200,500,500,120
1786,67,10301,True,10,False,3750,8200,500,500,120
1787,67,10301,True,2,False,4450,8200,500,500,120
1788,67,10701,True,4,False,4250,8200,500,500,120
1789,67,10301,True,7,False,4450,8200,500,500,120
1790,67,10301,True,9,False,4250,8200,500,500,120
1791,68,10301,True,2,False,50,8500,500,500,120
1792,68,10301,True,4,False,250,8500,500,500,120
1793,68,10701,True,6,False,50,8500,500,500,120
1794,68,10301,True,9,False,200,8500,500,500,120
1795,68,10501,True,3,False,750,8500,500,500,120
1796,68,10301,True,5,False,950,8500,500,500,120
1797,68,10501,True,8,False,750,8500,500,500,120
1798,68,10301,True,10,False,950,8500,500,500,120
1799,68,10301,True,2,False,1450,8500,500,500,120
1800,68,10301,True,4,False,1650,8500,500,500,120
1801,68,10621,True,6,False,1450,8500,500,500,120
1802,68,10701,True,9,False,1650,8500,500,500,120
1803,68,10301,True,1,False,2350,8500,500,500,120
1804,68,10621,True,3,False,2150,8500,500,500,120
1805,68,10501,True,5,False,2350,8500,500,500,120
1806,68,10301,True,7,False,2150,8500,500,500,120
1807,68,10501,True,10,False,2350,8500,500,500,120
1808,68,10701,True,2,False,2850,8500,500,500,120
1809,68,10301,True,4,False,3050,8500,500,500,120
1810,68,10701,True,6,False,2850,8500,500,500,120
1811,68,10621,True,9,False,3050,8500,500,500,120
1812,68,10501,True,1,False,3550,8500,500,500,120
1813,68,10621,True,5,False,3750,8500,500,500,120
1814,68,10501,True,8,False,3550,8500,500,500,120
1815,68,10301,True,10,False,3750,8500,500,500,120
1816,68,10301,True,2,False,4450,8500,500,500,120
1817,68,10701,True,4,False,4250,8500,500,500,120
1818,68,10301,True,7,False,4450,8500,500,500,120
1819,68,10301,True,9,False,4250,8500,500,500,120
1820,69,10301,True,2,False,50,8800,500,500,120
1821,69,10301,True,4,False,250,8800,500,500,120
1822,69,10701,True,6,False,50,8800,500,500,120
1823,69,10301,True,9,False,200,8800,500,500,120
1824,69,10501,True,3,False,750,8800,500,500,120
1825,69,10301,True,5,False,950,8800,500,500,120
1826,69,10501,True,8,False,750,8800,500,500,120
1827,69,10301,True,10,False,950,8800,500,500,120
1828,69,10301,True,2,False,1450,8800,500,500,120
1829,69,10301,True,4,False,1650,8800,500,500,120
1830,69,10621,True,6,False,1450,8800,500,500,120
1831,69,10701,True,9,False,1650,8800,500,500,120
1832,69,10301,True,1,False,2350,8800,500,500,120
1833,69,10621,True,3,False,2150,8800,500,500,120
1834,69,10501,True,5,False,2350,8800,500,500,120
1835,69,10301,True,7,False,2150,8800,500,500,120
1836,69,10501,True,10,False,2350,8800,500,500,120
1837,69,10701,True,2,False,2850,8800,500,500,120
1838,69,10301,True,4,False,3050,8800,500,500,120
1839,69,10701,True,6,False,2850,8800,500,500,120
1840,69,10621,True,9,False,3050,8800,500,500,120
1841,69,10501,True,1,False,3550,8800,500,500,120
1842,69,10621,True,5,False,3750,8800,500,500,120
1843,69,10501,True,8,False,3550,8800,500,500,120
1844,69,10301,True,10,False,3750,8800,500,500,120
1845,69,10301,True,2,False,4450,8800,500,500,120
1846,69,10701,True,4,False,4250,8800,500,500,120
1847,69,10301,True,7,False,4450,8800,500,500,120
1848,69,10301,True,9,False,4250,8800,500,500,120
1849,70,10301,True,2,False,50,9100,500,500,120
1850,70,10301,True,4,False,250,9100,500,500,120
1851,70,10701,True,6,False,50,9100,500,500,120
1852,70,10301,True,9,False,200,9100,500,500,120
1853,70,10501,True,3,False,750,9100,500,500,120
1854,70,10301,True,5,False,950,9100,500,500,120
1855,70,10501,True,8,False,750,9100,500,500,120
1856,70,10301,True,10,False,950,9100,500,500,120
1857,70,10301,True,2,False,1450,9100,500,500,120
1858,70,10301,True,4,False,1650,9100,500,500,120
1859,70,10621,True,6,False,1450,9100,500,500,120
1860,70,10701,True,9,False,1650,9100,500,500,120
1861,70,10301,True,1,False,2350,9100,500,500,120
1862,70,10621,True,3,False,2150,9100,500,500,120
1863,70,10501,True,5,False,2350,9100,500,500,120
1864,70,10301,True,7,False,2150,9100,500,500,120
1865,70,10501,True,10,False,2350,9100,500,500,120
1866,70,10701,True,2,False,2850,9100,500,500,120
1867,70,30301,True,4,False,3050,9100,500,500,120
1868,70,30301,True,7,False,2850,9100,500,500,120
1869,70,10701,True,9,False,3050,9100,500,500,120
1870,70,10501,True,1,False,3550,9100,500,500,120
1871,70,10621,True,5,False,3750,9100,500,500,120
1872,70,10501,True,8,False,3550,9100,500,500,120
1873,70,10301,True,10,False,3750,9100,500,500,120
1874,70,10301,True,2,False,4450,9100,500,500,120
1875,70,10701,True,4,False,4250,9100,500,500,120
1876,70,10301,True,7,False,4450,9100,500,500,120
1877,70,10301,True,9,True,4250,9100,500,500,120
1878,71,10301,True,2,False,50,9500,600,600,130
1879,71,10301,True,4,False,250,9500,600,600,130
1880,71,10701,True,6,False,50,9500,600,600,130
1881,71,10301,True,9,False,200,9500,600,600,130
1882,71,10501,True,3,False,750,9500,600,600,130
1883,71,10301,True,5,False,950,9500,600,600,130
1884,71,10501,True,8,False,750,9500,600,600,130
1885,71,10301,True,10,False,950,9500,600,600,130
1886,71,10301,True,2,False,1450,9500,600,600,130
1887,71,10301,True,4,False,1650,9500,600,600,130
1888,71,10611,True,6,False,1450,9500,600,600,130
1889,71,10701,True,9,False,1650,9500,600,600,130
1890,71,10301,True,1,False,2350,9500,600,600,130
1891,71,10611,True,3,False,2150,9500,600,600,130
1892,71,10501,True,5,False,2350,9500,600,600,130
1893,71,10301,True,7,False,2150,9500,600,600,130
1894,71,10501,True,10,False,2350,9500,600,600,130
1895,71,10701,True,2,False,2850,9500,600,600,130
1896,71,10301,True,4,False,3050,9500,600,600,130
1897,71,10701,True,6,False,2850,9500,600,600,130
1898,71,10611,True,9,False,3050,9500,600,600,130
1899,71,10501,True,1,False,3550,9500,600,600,130
1900,71,10611,True,5,False,3750,9500,600,600,130
1901,71,10501,True,8,False,3550,9500,600,600,130
1902,71,10301,True,10,False,3750,9500,600,600,130
1903,71,10301,True,2,False,4450,9500,600,600,130
1904,71,10701,True,4,False,4250,9500,600,600,130
1905,71,10301,True,7,False,4450,9500,600,600,130
1906,71,10301,True,9,False,4250,9500,600,600,130
1907,72,10301,True,2,False,50,9900,600,600,130
1908,72,10301,True,4,False,250,9900,600,600,130
1909,72,10701,True,6,False,50,9900,600,600,130
1910,72,10301,True,9,False,200,9900,600,600,130
1911,72,10501,True,3,False,750,9900,600,600,130
1912,72,10301,True,5,False,950,9900,600,600,130
1913,72,10501,True,8,False,750,9900,600,600,130
1914,72,10301,True,10,False,950,9900,600,600,130
1915,72,10301,True,2,False,1450,9900,600,600,130
1916,72,10301,True,4,False,1650,9900,600,600,130
1917,72,10611,True,6,False,1450,9900,600,600,130
1918,72,10701,True,9,False,1650,9900,600,600,130
1919,72,10301,True,1,False,2350,9900,600,600,130
1920,72,10611,True,3,False,2150,9900,600,600,130
1921,72,10501,True,5,False,2350,9900,600,600,130
1922,72,10301,True,7,False,2150,9900,600,600,130
1923,72,10501,True,10,False,2350,9900,600,600,130
1924,72,10701,True,2,False,2850,9900,600,600,130
1925,72,10301,True,4,False,3050,9900,600,600,130
1926,72,10701,True,6,False,2850,9900,600,600,130
1927,72,10611,True,9,False,3050,9900,600,600,130
1928,72,10501,True,1,False,3550,9900,600,600,130
1929,72,10611,True,5,False,3750,9900,600,600,130
1930,72,10501,True,8,False,3550,9900,600,600,130
1931,72,10301,True,10,False,3750,9900,600,600,130
1932,72,10301,True,2,False,4450,9900,600,600,130
1933,72,10701,True,4,False,4250,9900,600,600,130
1934,72,10301,True,7,False,4450,9900,600,600,130
1935,72,10301,True,9,False,4250,9900,600,600,130
1936,73,10301,True,2,False,50,10300,600,600,130
1937,73,10301,True,4,False,250,10300,600,600,130
1938,73,10701,True,6,False,50,10300,600,600,130
1939,73,10301,True,9,False,200,10300,600,600,130
1940,73,10501,True,3,False,750,10300,600,600,130
1941,73,10301,True,5,False,950,10300,600,600,130
1942,73,10501,True,8,False,750,10300,600,600,130
1943,73,10301,True,10,False,950,10300,600,600,130
1944,73,10301,True,2,False,1450,10300,600,600,130
1945,73,10301,True,4,False,1650,10300,600,600,130
1946,73,10611,True,6,False,1450,10300,600,600,130
1947,73,10701,True,9,False,1650,10300,600,600,130
1948,73,10301,True,1,False,2350,10300,600,600,130
1949,73,10611,True,3,False,2150,10300,600,600,130
1950,73,10501,True,5,False,2350,10300,600,600,130
1951,73,10301,True,7,False,2150,10300,600,600,130
1952,73,10501,True,10,False,2350,10300,600,600,130
1953,73,10701,True,2,False,2850,10300,600,600,130
1954,73,10301,True,4,False,3050,10300,600,600,130
1955,73,10701,True,6,False,2850,10300,600,600,130
1956,73,10611,True,9,False,3050,10300,600,600,130
1957,73,10501,True,1,False,3550,10300,600,600,130
1958,73,10611,True,5,False,3750,10300,600,600,130
1959,73,10501,True,8,False,3550,10300,600,600,130
1960,73,10301,True,10,False,3750,10300,600,600,130
1961,73,10301,True,2,False,4450,10300,600,600,130
1962,73,10701,True,4,False,4250,10300,600,600,130
1963,73,10301,True,7,False,4450,10300,600,600,130
1964,73,10301,True,9,False,4250,10300,600,600,130
1965,74,10301,True,2,False,50,10700,600,600,130
1966,74,10301,True,4,False,250,10700,600,600,130
1967,74,10701,True,6,False,50,10700,600,600,130
1968,74,10301,True,9,False,200,10700,600,600,130
1969,74,10501,True,3,False,750,10700,600,600,130
1970,74,10301,True,5,False,950,10700,600,600,130
1971,74,10501,True,8,False,750,10700,600,600,130
1972,74,10301,True,10,False,950,10700,600,600,130
1973,74,10301,True,2,False,1450,10700,600,600,130
1974,74,10301,True,4,False,1650,10700,600,600,130
1975,74,10611,True,6,False,1450,10700,600,600,130
1976,74,10701,True,9,False,1650,10700,600,600,130
1977,74,10301,True,1,False,2350,10700,600,600,130
1978,74,10611,True,3,False,2150,10700,600,600,130
1979,74,10501,True,5,False,2350,10700,600,600,130
1980,74,10301,True,7,False,2150,10700,600,600,130
1981,74,10501,True,10,False,2350,10700,600,600,130
1982,74,10701,True,2,False,2850,10700,600,600,130
1983,74,10301,True,4,False,3050,10700,600,600,130
1984,74,10701,True,6,False,2850,10700,600,600,130
1985,74,10611,True,9,False,3050,10700,600,600,130
1986,74,10501,True,1,False,3550,10700,600,600,130
1987,74,10611,True,5,False,3750,10700,600,600,130
1988,74,10501,True,8,False,3550,10700,600,600,130
1989,74,10301,True,10,False,3750,10700,600,600,130
1990,74,10301,True,2,False,4450,10700,600,600,130
1991,74,10701,True,4,False,4250,10700,600,600,130
1992,74,10301,True,7,False,4450,10700,600,600,130
1993,74,10301,True,9,False,4250,10700,600,600,130
1994,75,10301,True,2,False,50,11100,600,600,130
1995,75,10301,True,4,False,250,11100,600,600,130
1996,75,10701,True,6,False,50,11100,600,600,130
1997,75,10301,True,9,False,200,11100,600,600,130
1998,75,10501,True,3,False,750,11100,600,600,130
1999,75,10301,True,5,False,950,11100,600,600,130
2000,75,10501,True,8,False,750,11100,600,600,130
2001,75,10301,True,10,False,950,11100,600,600,130
2002,75,10301,True,2,False,1450,11100,600,600,130
2003,75,10301,True,4,False,1650,11100,600,600,130
2004,75,10611,True,6,False,1450,11100,600,600,130
2005,75,10701,True,9,False,1650,11100,600,600,130
2006,75,10301,True,1,False,2350,11100,600,600,130
2007,75,10611,True,3,False,2150,11100,600,600,130
2008,75,10501,True,5,False,2350,11100,600,600,130
2009,75,10301,True,7,False,2150,11100,600,600,130
2010,75,10501,True,10,False,2350,11100,600,600,130
2011,75,10701,True,2,False,2850,11100,600,600,130
2012,75,10701,True,4,False,3050,11100,600,600,130
2013,75,20201,True,6,False,2850,11100,600,600,130
2014,75,10611,True,9,False,3050,11100,600,600,130
2015,75,10501,True,1,False,3550,11100,600,600,130
2016,75,10611,True,5,False,3750,11100,600,600,130
2017,75,10501,True,8,False,3550,11100,600,600,130
2018,75,10301,True,10,False,3750,11100,600,600,130
2019,75,10301,True,2,False,4450,11100,600,600,130
2020,75,10701,True,4,False,4250,11100,600,600,130
2021,75,10301,True,7,False,4450,11100,600,600,130
2022,75,10301,True,9,False,4250,11100,600,600,130
2023,76,10301,True,2,False,50,11500,600,600,130
2024,76,10301,True,4,False,250,11500,600,600,130
2025,76,10701,True,6,False,50,11500,600,600,130
2026,76,10301,True,9,False,200,11500,600,600,130
2027,76,10501,True,3,False,750,11500,600,600,130
2028,76,10301,True,5,False,950,11500,600,600,130
2029,76,10501,True,8,False,750,11500,600,600,130
2030,76,10301,True,10,False,950,11500,600,600,130
2031,76,10301,True,2,False,1450,11500,600,600,130
2032,76,10301,True,4,False,1650,11500,600,600,130
2033,76,10621,True,6,False,1450,11500,600,600,130
2034,76,10701,True,9,False,1650,11500,600,600,130
2035,76,10301,True,1,False,2350,11500,600,600,130
2036,76,10621,True,3,False,2150,11500,600,600,130
2037,76,10501,True,5,False,2350,11500,600,600,130
2038,76,10301,True,7,False,2150,11500,600,600,130
2039,76,10501,True,10,False,2350,11500,600,600,130
2040,76,10701,True,2,False,2850,11500,600,600,130
2041,76,10301,True,4,False,3050,11500,600,600,130
2042,76,10701,True,6,False,2850,11500,600,600,130
2043,76,10621,True,9,False,3050,11500,600,600,130
2044,76,10501,True,1,False,3550,11500,600,600,130
2045,76,10621,True,5,False,3750,11500,600,600,130
2046,76,10501,True,8,False,3550,11500,600,600,130
2047,76,10301,True,10,False,3750,11500,600,600,130
2048,76,10301,True,2,False,4450,11500,600,600,130
2049,76,10701,True,4,False,4250,11500,600,600,130
2050,76,10301,True,7,False,4450,11500,600,600,130
2051,76,10301,True,9,False,4250,11500,600,600,130
2052,77,10301,True,2,False,50,11900,600,600,130
2053,77,10301,True,4,False,250,11900,600,600,130
2054,77,10701,True,6,False,50,11900,600,600,130
2055,77,10301,True,9,False,200,11900,600,600,130
2056,77,10501,True,3,False,750,11900,600,600,130
2057,77,10301,True,5,False,950,11900,600,600,130
2058,77,10501,True,8,False,750,11900,600,600,130
2059,77,10301,True,10,False,950,11900,600,600,130
2060,77,10301,True,2,False,1450,11900,600,600,130
2061,77,10301,True,4,False,1650,11900,600,600,130
2062,77,10621,True,6,False,1450,11900,600,600,130
2063,77,10701,True,9,False,1650,11900,600,600,130
2064,77,10301,True,1,False,2350,11900,600,600,130
2065,77,10621,True,3,False,2150,11900,600,600,130
2066,77,10501,True,5,False,2350,11900,600,600,130
2067,77,10301,True,7,False,2150,11900,600,600,130
2068,77,10501,True,10,False,2350,11900,600,600,130
2069,77,10701,True,2,False,2850,11900,600,600,130
2070,77,10301,True,4,False,3050,11900,600,600,130
2071,77,10701,True,6,False,2850,11900,600,600,130
2072,77,10621,True,9,False,3050,11900,600,600,130
2073,77,10501,True,1,False,3550,11900,600,600,130
2074,77,10621,True,5,False,3750,11900,600,600,130
2075,77,10501,True,8,False,3550,11900,600,600,130
2076,77,10301,True,10,False,3750,11900,600,600,130
2077,77,10301,True,2,False,4450,11900,600,600,130
2078,77,10701,True,4,False,4250,11900,600,600,130
2079,77,10301,True,7,False,4450,11900,600,600,130
2080,77,10301,True,9,False,4250,11900,600,600,130
2081,78,10301,True,2,False,50,12300,600,600,130
2082,78,10301,True,4,False,250,12300,600,600,130
2083,78,10701,True,6,False,50,12300,600,600,130
2084,78,10301,True,9,False,200,12300,600,600,130
2085,78,10501,True,3,False,750,12300,600,600,130
2086,78,10301,True,5,False,950,12300,600,600,130
2087,78,10501,True,8,False,750,12300,600,600,130
2088,78,10301,True,10,False,950,12300,600,600,130
2089,78,10301,True,2,False,1450,12300,600,600,130
2090,78,10301,True,4,False,1650,12300,600,600,130
2091,78,10621,True,6,False,1450,12300,600,600,130
2092,78,10701,True,9,False,1650,12300,600,600,130
2093,78,10301,True,1,False,2350,12300,600,600,130
2094,78,10621,True,3,False,2150,12300,600,600,130
2095,78,10501,True,5,False,2350,12300,600,600,130
2096,78,10301,True,7,False,2150,12300,600,600,130
2097,78,10501,True,10,False,2350,12300,600,600,130
2098,78,10701,True,2,False,2850,12300,600,600,130
2099,78,10301,True,4,False,3050,12300,600,600,130
2100,78,10701,True,6,False,2850,12300,600,600,130
2101,78,10621,True,9,False,3050,12300,600,600,130
2102,78,10501,True,1,False,3550,12300,600,600,130
2103,78,10621,True,5,False,3750,12300,600,600,130
2104,78,10501,True,8,False,3550,12300,600,600,130
2105,78,10301,True,10,False,3750,12300,600,600,130
2106,78,10301,True,2,False,4450,12300,600,600,130
2107,78,10701,True,4,False,4250,12300,600,600,130
2108,78,10301,True,7,False,4450,12300,600,600,130
2109,78,10301,True,9,False,4250,12300,600,600,130
2110,79,10301,True,2,False,50,12700,600,600,130
2111,79,10301,True,4,False,250,12700,600,600,130
2112,79,10701,True,6,False,50,12700,600,600,130
2113,79,10301,True,9,False,200,12700,600,600,130
2114,79,10501,True,3,False,750,12700,600,600,130
2115,79,10301,True,5,False,950,12700,600,600,130
2116,79,10501,True,8,False,750,12700,600,600,130
2117,79,10301,True,10,False,950,12700,600,600,130
2118,79,10301,True,2,False,1450,12700,600,600,130
2119,79,10301,True,4,False,1650,12700,600,600,130
2120,79,10621,True,6,False,1450,12700,600,600,130
2121,79,10701,True,9,False,1650,12700,600,600,130
2122,79,10301,True,1,False,2350,12700,600,600,130
2123,79,10621,True,3,False,2150,12700,600,600,130
2124,79,10501,True,5,False,2350,12700,600,600,130
2125,79,10301,True,7,False,2150,12700,600,600,130
2126,79,10501,True,10,False,2350,12700,600,600,130
2127,79,10701,True,2,False,2850,12700,600,600,130
2128,79,10301,True,4,False,3050,12700,600,600,130
2129,79,10701,True,6,False,2850,12700,600,600,130
2130,79,10621,True,9,False,3050,12700,600,600,130
2131,79,10501,True,1,False,3550,12700,600,600,130
2132,79,10621,True,5,False,3750,12700,600,600,130
2133,79,10501,True,8,False,3550,12700,600,600,130
2134,79,10301,True,10,False,3750,12700,600,600,130
2135,79,10301,True,2,False,4450,12700,600,600,130
2136,79,10701,True,4,False,4250,12700,600,600,130
2137,79,10301,True,7,False,4450,12700,600,600,130
2138,79,10301,True,9,False,4250,12700,600,600,130
2139,80,10301,True,2,False,50,13100,600,600,130
2140,80,10301,True,4,False,250,13100,600,600,130
2141,80,10701,True,6,False,50,13100,600,600,130
2142,80,10301,True,9,False,200,13100,600,600,130
2143,80,10501,True,3,False,750,13100,600,600,130
2144,80,10301,True,5,False,950,13100,600,600,130
2145,80,10501,True,8,False,750,13100,600,600,130
2146,80,10301,True,10,False,950,13100,600,600,130
2147,80,10301,True,2,False,1450,13100,600,600,130
2148,80,10301,True,4,False,1650,13100,600,600,130
2149,80,10621,True,6,False,1450,13100,600,600,130
2150,80,10701,True,9,False,1650,13100,600,600,130
2151,80,10301,True,1,False,2350,13100,600,600,130
2152,80,10621,True,3,False,2150,13100,600,600,130
2153,80,10501,True,5,False,2350,13100,600,600,130
2154,80,10301,True,7,False,2150,13100,600,600,130
2155,80,10501,True,10,False,2350,13100,600,600,130
2156,80,10701,True,2,False,2850,13100,600,600,130
2157,80,30301,True,4,False,3050,13100,600,600,130
2158,80,30301,True,7,False,2850,13100,600,600,130
2159,80,10701,True,9,False,3050,13100,600,600,130
2160,80,30301,True,1,False,3550,13100,600,600,130
2161,80,10621,True,5,False,3750,13100,600,600,130
2162,80,10501,True,8,False,3550,13100,600,600,130
2163,80,10301,True,10,False,3750,13100,600,600,130
2164,80,10301,True,2,False,4450,13100,600,600,130
2165,80,10701,True,4,False,4250,13100,600,600,130
2166,80,10301,True,7,False,4450,13100,600,600,130
2167,80,10301,True,9,True,4250,13100,600,600,130
2168,81,10301,True,2,False,50,13500,700,700,140
2169,81,10301,True,4,False,250,13500,700,700,140
2170,81,10701,True,6,False,50,13500,700,700,140
2171,81,10301,True,9,False,200,13500,700,700,140
2172,81,10501,True,3,False,750,13500,700,700,140
2173,81,10301,True,5,False,950,13500,700,700,140
2174,81,10501,True,8,False,750,13500,700,700,140
2175,81,10301,True,10,False,950,13500,700,700,140
2176,81,10301,True,2,False,1450,13500,700,700,140
2177,81,10301,True,4,False,1650,13500,700,700,140
2178,81,10611,True,6,False,1450,13500,700,700,140
2179,81,10701,True,9,False,1650,13500,700,700,140
2180,81,10301,True,1,False,2350,13500,700,700,140
2181,81,10611,True,3,False,2150,13500,700,700,140
2182,81,10501,True,5,False,2350,13500,700,700,140
2183,81,10301,True,7,False,2150,13500,700,700,140
2184,81,10501,True,10,False,2350,13500,700,700,140
2185,81,10701,True,2,False,2850,13500,700,700,140
2186,81,10301,True,4,False,3050,13500,700,700,140
2187,81,10701,True,6,False,2850,13500,700,700,140
2188,81,10611,True,9,False,3050,13500,700,700,140
2189,81,10501,True,1,False,3550,13500,700,700,140
2190,81,10611,True,5,False,3750,13500,700,700,140
2191,81,10501,True,8,False,3550,13500,700,700,140
2192,81,10301,True,10,False,3750,13500,700,700,140
2193,81,10301,True,2,False,4450,13500,700,700,140
2194,81,10701,True,4,False,4250,13500,700,700,140
2195,81,10301,True,7,False,4450,13500,700,700,140
2196,81,10301,True,9,False,4250,13500,700,700,140
2197,82,10301,True,2,False,50,13900,700,700,140
2198,82,10301,True,4,False,250,13900,700,700,140
2199,82,10701,True,6,False,50,13900,700,700,140
2200,82,10301,True,9,False,200,13900,700,700,140
2201,82,10501,True,3,False,750,13900,700,700,140
2202,82,10301,True,5,False,950,13900,700,700,140
2203,82,10501,True,8,False,750,13900,700,700,140
2204,82,10301,True,10,False,950,13900,700,700,140
2205,82,10301,True,2,False,1450,13900,700,700,140
2206,82,10301,True,4,False,1650,13900,700,700,140
2207,82,10611,True,6,False,1450,13900,700,700,140
2208,82,10701,True,9,False,1650,13900,700,700,140
2209,82,10301,True,1,False,2350,13900,700,700,140
2210,82,10611,True,3,False,2150,13900,700,700,140
2211,82,10501,True,5,False,2350,13900,700,700,140
2212,82,10301,True,7,False,2150,13900,700,700,140
2213,82,10501,True,10,False,2350,13900,700,700,140
2214,82,10701,True,2,False,2850,13900,700,700,140
2215,82,10301,True,4,False,3050,13900,700,700,140
2216,82,10701,True,6,False,2850,13900,700,700,140
2217,82,10611,True,9,False,3050,13900,700,700,140
2218,82,10501,True,1,False,3550,13900,700,700,140
2219,82,10611,True,5,False,3750,13900,700,700,140
2220,82,10501,True,8,False,3550,13900,700,700,140
2221,82,10301,True,10,False,3750,13900,700,700,140
2222,82,10301,True,2,False,4450,13900,700,700,140
2223,82,10701,True,4,False,4250,13900,700,700,140
2224,82,10301,True,7,False,4450,13900,700,700,140
2225,82,10301,True,9,False,4250,13900,700,700,140
2226,83,10301,True,2,False,50,14300,700,700,140
2227,83,10301,True,4,False,250,14300,700,700,140
2228,83,10701,True,6,False,50,14300,700,700,140
2229,83,10301,True,9,False,200,14300,700,700,140
2230,83,10501,True,3,False,750,14300,700,700,140
2231,83,10301,True,5,False,950,14300,700,700,140
2232,83,10501,True,8,False,750,14300,700,700,140
2233,83,10301,True,10,False,950,14300,700,700,140
2234,83,10301,True,2,False,1450,14300,700,700,140
2235,83,10301,True,4,False,1650,14300,700,700,140
2236,83,10611,True,6,False,1450,14300,700,700,140
2237,83,10701,True,9,False,1650,14300,700,700,140
2238,83,10301,True,1,False,2350,14300,700,700,140
2239,83,10611,True,3,False,2150,14300,700,700,140
2240,83,10501,True,5,False,2350,14300,700,700,140
2241,83,10301,True,7,False,2150,14300,700,700,140
2242,83,10501,True,10,False,2350,14300,700,700,140
2243,83,10701,True,2,False,2850,14300,700,700,140
2244,83,10301,True,4,False,3050,14300,700,700,140
2245,83,10701,True,6,False,2850,14300,700,700,140
2246,83,10611,True,9,False,3050,14300,700,700,140
2247,83,10501,True,1,False,3550,14300,700,700,140
2248,83,10611,True,5,False,3750,14300,700,700,140
2249,83,10501,True,8,False,3550,14300,700,700,140
2250,83,10301,True,10,False,3750,14300,700,700,140
2251,83,10301,True,2,False,4450,14300,700,700,140
2252,83,10701,True,4,False,4250,14300,700,700,140
2253,83,10301,True,7,False,4450,14300,700,700,140
2254,83,10301,True,9,False,4250,14300,700,700,140
2255,84,10301,True,2,False,50,14700,700,700,140
2256,84,10301,True,4,False,250,14700,700,700,140
2257,84,10701,True,6,False,50,14700,700,700,140
2258,84,10301,True,9,False,200,14700,700,700,140
2259,84,10501,True,3,False,750,14700,700,700,140
2260,84,10301,True,5,False,950,14700,700,700,140
2261,84,10501,True,8,False,750,14700,700,700,140
2262,84,10301,True,10,False,950,14700,700,700,140
2263,84,10301,True,2,False,1450,14700,700,700,140
2264,84,10301,True,4,False,1650,14700,700,700,140
2265,84,10611,True,6,False,1450,14700,700,700,140
2266,84,10701,True,9,False,1650,14700,700,700,140
2267,84,10301,True,1,False,2350,14700,700,700,140
2268,84,10611,True,3,False,2150,14700,700,700,140
2269,84,10501,True,5,False,2350,14700,700,700,140
2270,84,10301,True,7,False,2150,14700,700,700,140
2271,84,10501,True,10,False,2350,14700,700,700,140
2272,84,10701,True,2,False,2850,14700,700,700,140
2273,84,10301,True,4,False,3050,14700,700,700,140
2274,84,10701,True,6,False,2850,14700,700,700,140
2275,84,10611,True,9,False,3050,14700,700,700,140
2276,84,10501,True,1,False,3550,14700,700,700,140
2277,84,10611,True,5,False,3750,14700,700,700,140
2278,84,10501,True,8,False,3550,14700,700,700,140
2279,84,10301,True,10,False,3750,14700,700,700,140
2280,84,10301,True,2,False,4450,14700,700,700,140
2281,84,10701,True,4,False,4250,14700,700,700,140
2282,84,10301,True,7,False,4450,14700,700,700,140
2283,84,10301,True,9,False,4250,14700,700,700,140
2284,85,10301,True,2,False,50,15100,700,700,140
2285,85,10301,True,4,False,250,15100,700,700,140
2286,85,10701,True,6,False,50,15100,700,700,140
2287,85,10301,True,9,False,200,15100,700,700,140
2288,85,10501,True,3,False,750,15100,700,700,140
2289,85,10301,True,5,False,950,15100,700,700,140
2290,85,10501,True,8,False,750,15100,700,700,140
2291,85,10301,True,10,False,950,15100,700,700,140
2292,85,10301,True,2,False,1450,15100,700,700,140
2293,85,10301,True,4,False,1650,15100,700,700,140
2294,85,10611,True,6,False,1450,15100,700,700,140
2295,85,10701,True,9,False,1650,15100,700,700,140
2296,85,10301,True,1,False,2350,15100,700,700,140
2297,85,10611,True,3,False,2150,15100,700,700,140
2298,85,10501,True,5,False,2350,15100,700,700,140
2299,85,10301,True,7,False,2150,15100,700,700,140
2300,85,10501,True,10,False,2350,15100,700,700,140
2301,85,10701,True,2,False,2850,15100,700,700,140
2302,85,10701,True,4,False,3050,15100,700,700,140
2303,85,20201,True,6,False,2850,15100,700,700,140
2304,85,10611,True,9,False,3050,15100,700,700,140
2305,85,10501,True,1,False,3550,15100,700,700,140
2306,85,10611,True,5,False,3750,15100,700,700,140
2307,85,10501,True,8,False,3550,15100,700,700,140
2308,85,10301,True,10,False,3750,15100,700,700,140
2309,85,10301,True,2,False,4450,15100,700,700,140
2310,85,10701,True,4,False,4250,15100,700,700,140
2311,85,10301,True,7,False,4450,15100,700,700,140
2312,85,10301,True,9,False,4250,15100,700,700,140
2313,86,10301,True,2,False,50,15500,700,700,140
2314,86,10301,True,4,False,250,15500,700,700,140
2315,86,10701,True,6,False,50,15500,700,700,140
2316,86,10301,True,9,False,200,15500,700,700,140
2317,86,10501,True,3,False,750,15500,700,700,140
2318,86,10301,True,5,False,950,15500,700,700,140
2319,86,10501,True,8,False,750,15500,700,700,140
2320,86,10301,True,10,False,950,15500,700,700,140
2321,86,10301,True,2,False,1450,15500,700,700,140
2322,86,10301,True,4,False,1650,15500,700,700,140
2323,86,10621,True,6,False,1450,15500,700,700,140
2324,86,10701,True,9,False,1650,15500,700,700,140
2325,86,10301,True,1,False,2350,15500,700,700,140
2326,86,10621,True,3,False,2150,15500,700,700,140
2327,86,10501,True,5,False,2350,15500,700,700,140
2328,86,10301,True,7,False,2150,15500,700,700,140
2329,86,10501,True,10,False,2350,15500,700,700,140
2330,86,10701,True,2,False,2850,15500,700,700,140
2331,86,10301,True,4,False,3050,15500,700,700,140
2332,86,10701,True,6,False,2850,15500,700,700,140
2333,86,10621,True,9,False,3050,15500,700,700,140
2334,86,10501,True,1,False,3550,15500,700,700,140
2335,86,10621,True,5,False,3750,15500,700,700,140
2336,86,10501,True,8,False,3550,15500,700,700,140
2337,86,10301,True,10,False,3750,15500,700,700,140
2338,86,10301,True,2,False,4450,15500,700,700,140
2339,86,10701,True,4,False,4250,15500,700,700,140
2340,86,10301,True,7,False,4450,15500,700,700,140
2341,86,10301,True,9,False,4250,15500,700,700,140
2342,87,10301,True,2,False,50,15900,700,700,140
2343,87,10301,True,4,False,250,15900,700,700,140
2344,87,10701,True,6,False,50,15900,700,700,140
2345,87,10301,True,9,False,200,15900,700,700,140
2346,87,10501,True,3,False,750,15900,700,700,140
2347,87,10301,True,5,False,950,15900,700,700,140
2348,87,10501,True,8,False,750,15900,700,700,140
2349,87,10301,True,10,False,950,15900,700,700,140
2350,87,10301,True,2,False,1450,15900,700,700,140
2351,87,10301,True,4,False,1650,15900,700,700,140
2352,87,10621,True,6,False,1450,15900,700,700,140
2353,87,10701,True,9,False,1650,15900,700,700,140
2354,87,10301,True,1,False,2350,15900,700,700,140
2355,87,10621,True,3,False,2150,15900,700,700,140
2356,87,10501,True,5,False,2350,15900,700,700,140
2357,87,10301,True,7,False,2150,15900,700,700,140
2358,87,10501,True,10,False,2350,15900,700,700,140
2359,87,10701,True,2,False,2850,15900,700,700,140
2360,87,10301,True,4,False,3050,15900,700,700,140
2361,87,10701,True,6,False,2850,15900,700,700,140
2362,87,10621,True,9,False,3050,15900,700,700,140
2363,87,10501,True,1,False,3550,15900,700,700,140
2364,87,10621,True,5,False,3750,15900,700,700,140
2365,87,10501,True,8,False,3550,15900,700,700,140
2366,87,10301,True,10,False,3750,15900,700,700,140
2367,87,10301,True,2,False,4450,15900,700,700,140
2368,87,10701,True,4,False,4250,15900,700,700,140
2369,87,10301,True,7,False,4450,15900,700,700,140
2370,87,10301,True,9,False,4250,15900,700,700,140
2371,88,10301,True,2,False,50,16300,700,700,140
2372,88,10301,True,4,False,250,16300,700,700,140
2373,88,10701,True,6,False,50,16300,700,700,140
2374,88,10301,True,9,False,200,16300,700,700,140
2375,88,10501,True,3,False,750,16300,700,700,140
2376,88,10301,True,5,False,950,16300,700,700,140
2377,88,10501,True,8,False,750,16300,700,700,140
2378,88,10301,True,10,False,950,16300,700,700,140
2379,88,10301,True,2,False,1450,16300,700,700,140
2380,88,10301,True,4,False,1650,16300,700,700,140
2381,88,10621,True,6,False,1450,16300,700,700,140
2382,88,10701,True,9,False,1650,16300,700,700,140
2383,88,10301,True,1,False,2350,16300,700,700,140
2384,88,10621,True,3,False,2150,16300,700,700,140
2385,88,10501,True,5,False,2350,16300,700,700,140
2386,88,10301,True,7,False,2150,16300,700,700,140
2387,88,10501,True,10,False,2350,16300,700,700,140
2388,88,10701,True,2,False,2850,16300,700,700,140
2389,88,10301,True,4,False,3050,16300,700,700,140
2390,88,10701,True,6,False,2850,16300,700,700,140
2391,88,10621,True,9,False,3050,16300,700,700,140
2392,88,10501,True,1,False,3550,16300,700,700,140
2393,88,10621,True,5,False,3750,16300,700,700,140
2394,88,10501,True,8,False,3550,16300,700,700,140
2395,88,10301,True,10,False,3750,16300,700,700,140
2396,88,10301,True,2,False,4450,16300,700,700,140
2397,88,10701,True,4,False,4250,16300,700,700,140
2398,88,10301,True,7,False,4450,16300,700,700,140
2399,88,10301,True,9,False,4250,16300,700,700,140
2400,89,10301,True,2,False,50,16700,700,700,140
2401,89,10301,True,4,False,250,16700,700,700,140
2402,89,10701,True,6,False,50,16700,700,700,140
2403,89,10301,True,9,False,200,16700,700,700,140
2404,89,10501,True,3,False,750,16700,700,700,140
2405,89,10301,True,5,False,950,16700,700,700,140
2406,89,10501,True,8,False,750,16700,700,700,140
2407,89,10301,True,10,False,950,16700,700,700,140
2408,89,10301,True,2,False,1450,16700,700,700,140
2409,89,10301,True,4,False,1650,16700,700,700,140
2410,89,10621,True,6,False,1450,16700,700,700,140
2411,89,10701,True,9,False,1650,16700,700,700,140
2412,89,10301,True,1,False,2350,16700,700,700,140
2413,89,10621,True,3,False,2150,16700,700,700,140
2414,89,10501,True,5,False,2350,16700,700,700,140
2415,89,10301,True,7,False,2150,16700,700,700,140
2416,89,10501,True,10,False,2350,16700,700,700,140
2417,89,10701,True,2,False,2850,16700,700,700,140
2418,89,10301,True,4,False,3050,16700,700,700,140
2419,89,10701,True,6,False,2850,16700,700,700,140
2420,89,10621,True,9,False,3050,16700,700,700,140
2421,89,10501,True,1,False,3550,16700,700,700,140
2422,89,10621,True,5,False,3750,16700,700,700,140
2423,89,10501,True,8,False,3550,16700,700,700,140
2424,89,10301,True,10,False,3750,16700,700,700,140
2425,89,10301,True,2,False,4450,16700,700,700,140
2426,89,10701,True,4,False,4250,16700,700,700,140
2427,89,10301,True,7,False,4450,16700,700,700,140
2428,89,10301,True,9,False,4250,16700,700,700,140
2429,90,10301,True,2,False,50,17100,700,700,140
2430,90,10301,True,4,False,250,17100,700,700,140
2431,90,10701,True,6,False,50,17100,700,700,140
2432,90,10301,True,9,False,200,17100,700,700,140
2433,90,10501,True,3,False,750,17100,700,700,140
2434,90,10301,True,5,False,950,17100,700,700,140
2435,90,10501,True,8,False,750,17100,700,700,140
2436,90,10301,True,10,False,950,17100,700,700,140
2437,90,10301,True,2,False,1450,17100,700,700,140
2438,90,10301,True,4,False,1650,17100,700,700,140
2439,90,10621,True,6,False,1450,17100,700,700,140
2440,90,30301,True,9,False,1650,17100,700,700,140
2441,90,10301,True,1,False,2350,17100,700,700,140
2442,90,10621,True,3,False,2150,17100,700,700,140
2443,90,10501,True,5,False,2350,17100,700,700,140
2444,90,10301,True,7,False,2150,17100,700,700,140
2445,90,10501,True,10,False,2350,17100,700,700,140
2446,90,10701,True,2,False,2850,17100,700,700,140
2447,90,30301,True,4,False,3050,17100,700,700,140
2448,90,30301,True,7,False,2850,17100,700,700,140
2449,90,10701,True,9,False,3050,17100,700,700,140
2450,90,10501,True,1,False,3550,17100,700,700,140
2451,90,10621,True,5,False,3750,17100,700,700,140
2452,90,10501,True,8,False,3550,17100,700,700,140
2453,90,10301,True,10,False,3750,17100,700,700,140
2454,90,10301,True,2,False,4450,17100,700,700,140
2455,90,10701,True,4,False,4250,17100,700,700,140
2456,90,10301,True,7,False,4450,17100,700,700,140
2457,90,10301,True,9,True,4250,17100,700,700,140
2458,91,10301,True,2,False,50,17600,800,800,150
2459,91,10301,True,4,False,250,17600,800,800,150
2460,91,10701,True,6,False,50,17600,800,800,150
2461,91,10301,True,9,False,200,17600,800,800,150
2462,91,10501,True,3,False,750,17600,800,800,150
2463,91,10301,True,5,False,950,17600,800,800,150
2464,91,10501,True,8,False,750,17600,800,800,150
2465,91,10301,True,10,False,950,17600,800,800,150
2466,91,10301,True,2,False,1450,17600,800,800,150
2467,91,10301,True,4,False,1650,17600,800,800,150
2468,91,10611,True,6,False,1450,17600,800,800,150
2469,91,10701,True,9,False,1650,17600,800,800,150
2470,91,10301,True,1,False,2350,17600,800,800,150
2471,91,10611,True,3,False,2150,17600,800,800,150
2472,91,10501,True,5,False,2350,17600,800,800,150
2473,91,10301,True,7,False,2150,17600,800,800,150
2474,91,10501,True,10,False,2350,17600,800,800,150
2475,91,10701,True,2,False,2850,17600,800,800,150
2476,91,10301,True,4,False,3050,17600,800,800,150
2477,91,10701,True,6,False,2850,17600,800,800,150
2478,91,10611,True,9,False,3050,17600,800,800,150
2479,91,10501,True,1,False,3550,17600,800,800,150
2480,91,10611,True,5,False,3750,17600,800,800,150
2481,91,10501,True,8,False,3550,17600,800,800,150
2482,91,10301,True,10,False,3750,17600,800,800,150
2483,91,10301,True,2,False,4450,17600,800,800,150
2484,91,10701,True,4,False,4250,17600,800,800,150
2485,91,10301,True,7,False,4450,17600,800,800,150
2486,91,10301,True,9,False,4250,17600,800,800,150
2487,92,10301,True,2,False,50,18100,800,800,150
2488,92,10301,True,4,False,250,18100,800,800,150
2489,92,10701,True,6,False,50,18100,800,800,150
2490,92,10301,True,9,False,200,18100,800,800,150
2491,92,10501,True,3,False,750,18100,800,800,150
2492,92,10301,True,5,False,950,18100,800,800,150
2493,92,10501,True,8,False,750,18100,800,800,150
2494,92,10301,True,10,False,950,18100,800,800,150
2495,92,10301,True,2,False,1450,18100,800,800,150
2496,92,10301,True,4,False,1650,18100,800,800,150
2497,92,10611,True,6,False,1450,18100,800,800,150
2498,92,10701,True,9,False,1650,18100,800,800,150
2499,92,10301,True,1,False,2350,18100,800,800,150
2500,92,10611,True,3,False,2150,18100,800,800,150
2501,92,10501,True,5,False,2350,18100,800,800,150
2502,92,10301,True,7,False,2150,18100,800,800,150
2503,92,10501,True,10,False,2350,18100,800,800,150
2504,92,10701,True,2,False,2850,18100,800,800,150
2505,92,10301,True,4,False,3050,18100,800,800,150
2506,92,10701,True,6,False,2850,18100,800,800,150
2507,92,10611,True,9,False,3050,18100,800,800,150
2508,92,10501,True,1,False,3550,18100,800,800,150
2509,92,10611,True,5,False,3750,18100,800,800,150
2510,92,10501,True,8,False,3550,18100,800,800,150
2511,92,10301,True,10,False,3750,18100,800,800,150
2512,92,10301,True,2,False,4450,18100,800,800,150
2513,92,10701,True,4,False,4250,18100,800,800,150
2514,92,10301,True,7,False,4450,18100,800,800,150
2515,92,10301,True,9,False,4250,18100,800,800,150
2516,93,10301,True,2,False,50,18600,800,800,150
2517,93,10301,True,4,False,250,18600,800,800,150
2518,93,10701,True,6,False,50,18600,800,800,150
2519,93,10301,True,9,False,200,18600,800,800,150
2520,93,10501,True,3,False,750,18600,800,800,150
2521,93,10301,True,5,False,950,18600,800,800,150
2522,93,10501,True,8,False,750,18600,800,800,150
2523,93,10301,True,10,False,950,18600,800,800,150
2524,93,10301,True,2,False,1450,18600,800,800,150
2525,93,10301,True,4,False,1650,18600,800,800,150
2526,93,10611,True,6,False,1450,18600,800,800,150
2527,93,10701,True,9,False,1650,18600,800,800,150
2528,93,10301,True,1,False,2350,18600,800,800,150
2529,93,10611,True,3,False,2150,18600,800,800,150
2530,93,10501,True,5,False,2350,18600,800,800,150
2531,93,10301,True,7,False,2150,18600,800,800,150
2532,93,10501,True,10,False,2350,18600,800,800,150
2533,93,10701,True,2,False,2850,18600,800,800,150
2534,93,10301,True,4,False,3050,18600,800,800,150
2535,93,10701,True,6,False,2850,18600,800,800,150
2536,93,10611,True,9,False,3050,18600,800,800,150
2537,93,10501,True,1,False,3550,18600,800,800,150
2538,93,10611,True,5,False,3750,18600,800,800,150
2539,93,10501,True,8,False,3550,18600,800,800,150
2540,93,10301,True,10,False,3750,18600,800,800,150
2541,93,10301,True,2,False,4450,18600,800,800,150
2542,93,10701,True,4,False,4250,18600,800,800,150
2543,93,10301,True,7,False,4450,18600,800,800,150
2544,93,10301,True,9,False,4250,18600,800,800,150
2545,94,10301,True,2,False,50,19100,800,800,150
2546,94,10301,True,4,False,250,19100,800,800,150
2547,94,10701,True,6,False,50,19100,800,800,150
2548,94,10301,True,9,False,200,19100,800,800,150
2549,94,10501,True,3,False,750,19100,800,800,150
2550,94,10301,True,5,False,950,19100,800,800,150
2551,94,10501,True,8,False,750,19100,800,800,150
2552,94,10301,True,10,False,950,19100,800,800,150
2553,94,10301,True,2,False,1450,19100,800,800,150
2554,94,10301,True,4,False,1650,19100,800,800,150
2555,94,10611,True,6,False,1450,19100,800,800,150
2556,94,10701,True,9,False,1650,19100,800,800,150
2557,94,10301,True,1,False,2350,19100,800,800,150
2558,94,10611,True,3,False,2150,19100,800,800,150
2559,94,10501,True,5,False,2350,19100,800,800,150
2560,94,10301,True,7,False,2150,19100,800,800,150
2561,94,10501,True,10,False,2350,19100,800,800,150
2562,94,10701,True,2,False,2850,19100,800,800,150
2563,94,10301,True,4,False,3050,19100,800,800,150
2564,94,10701,True,6,False,2850,19100,800,800,150
2565,94,10611,True,9,False,3050,19100,800,800,150
2566,94,10501,True,1,False,3550,19100,800,800,150
2567,94,10611,True,5,False,3750,19100,800,800,150
2568,94,10501,True,8,False,3550,19100,800,800,150
2569,94,10301,True,10,False,3750,19100,800,800,150
2570,94,10301,True,2,False,4450,19100,800,800,150
2571,94,10701,True,4,False,4250,19100,800,800,150
2572,94,10301,True,7,False,4450,19100,800,800,150
2573,94,10301,True,9,False,4250,19100,800,800,150
2574,95,10301,True,2,False,50,19600,800,800,150
2575,95,10301,True,4,False,250,19600,800,800,150
2576,95,10701,True,6,False,50,19600,800,800,150
2577,95,10301,True,9,False,200,19600,800,800,150
2578,95,10501,True,3,False,750,19600,800,800,150
2579,95,10301,True,5,False,950,19600,800,800,150
2580,95,10501,True,8,False,750,19600,800,800,150
2581,95,10301,True,10,False,950,19600,800,800,150
2582,95,10301,True,2,False,1450,19600,800,800,150
2583,95,10301,True,4,False,1650,19600,800,800,150
2584,95,10611,True,6,False,1450,19600,800,800,150
2585,95,10701,True,9,False,1650,19600,800,800,150
2586,95,10301,True,1,False,2350,19600,800,800,150
2587,95,10611,True,3,False,2150,19600,800,800,150
2588,95,10501,True,5,False,2350,19600,800,800,150
2589,95,10301,True,7,False,2150,19600,800,800,150
2590,95,10501,True,10,False,2350,19600,800,800,150
2591,95,10701,True,2,False,2850,19600,800,800,150
2592,95,10701,True,4,False,3050,19600,800,800,150
2593,95,20201,True,6,False,2850,19600,800,800,150
2594,95,10611,True,9,False,3050,19600,800,800,150
2595,95,10501,True,1,False,3550,19600,800,800,150
2596,95,10611,True,5,False,3750,19600,800,800,150
2597,95,10501,True,8,False,3550,19600,800,800,150
2598,95,10301,True,10,False,3750,19600,800,800,150
2599,95,10301,True,2,False,4450,19600,800,800,150
2600,95,10701,True,4,False,4250,19600,800,800,150
2601,95,10301,True,7,False,4450,19600,800,800,150
2602,95,10301,True,9,False,4250,19600,800,800,150
2603,96,10301,True,2,False,50,20100,800,800,150
2604,96,10301,True,4,False,250,20100,800,800,150
2605,96,10701,True,6,False,50,20100,800,800,150
2606,96,10301,True,9,False,200,20100,800,800,150
2607,96,10501,True,3,False,750,20100,800,800,150
2608,96,10301,True,5,False,950,20100,800,800,150
2609,96,10501,True,8,False,750,20100,800,800,150
2610,96,10301,True,10,False,950,20100,800,800,150
2611,96,10301,True,2,False,1450,20100,800,800,150
2612,96,10301,True,4,False,1650,20100,800,800,150
2613,96,10621,True,6,False,1450,20100,800,800,150
2614,96,10701,True,9,False,1650,20100,800,800,150
2615,96,10301,True,1,False,2350,20100,800,800,150
2616,96,10621,True,3,False,2150,20100,800,800,150
2617,96,10501,True,5,False,2350,20100,800,800,150
2618,96,10301,True,7,False,2150,20100,800,800,150
2619,96,10501,True,10,False,2350,20100,800,800,150
2620,96,10701,True,2,False,2850,20100,800,800,150
2621,96,10301,True,4,False,3050,20100,800,800,150
2622,96,10701,True,6,False,2850,20100,800,800,150
2623,96,10621,True,9,False,3050,20100,800,800,150
2624,96,10501,True,1,False,3550,20100,800,800,150
2625,96,10621,True,5,False,3750,20100,800,800,150
2626,96,10501,True,8,False,3550,20100,800,800,150
2627,96,10301,True,10,False,3750,20100,800,800,150
2628,96,10301,True,2,False,4450,20100,800,800,150
2629,96,10701,True,4,False,4250,20100,800,800,150
2630,96,10301,True,7,False,4450,20100,800,800,150
2631,96,10301,True,9,False,4250,20100,800,800,150
2632,97,10301,True,2,False,50,20600,800,800,150
2633,97,10301,True,4,False,250,20600,800,800,150
2634,97,10701,True,6,False,50,20600,800,800,150
2635,97,10301,True,9,False,200,20600,800,800,150
2636,97,10501,True,3,False,750,20600,800,800,150
2637,97,10301,True,5,False,950,20600,800,800,150
2638,97,10501,True,8,False,750,20600,800,800,150
2639,97,10301,True,10,False,950,20600,800,800,150
2640,97,10301,True,2,False,1450,20600,800,800,150
2641,97,10301,True,4,False,1650,20600,800,800,150
2642,97,10621,True,6,False,1450,20600,800,800,150
2643,97,10701,True,9,False,1650,20600,800,800,150
2644,97,10301,True,1,False,2350,20600,800,800,150
2645,97,10621,True,3,False,2150,20600,800,800,150
2646,97,10501,True,5,False,2350,20600,800,800,150
2647,97,10301,True,7,False,2150,20600,800,800,150
2648,97,10501,True,10,False,2350,20600,800,800,150
2649,97,10701,True,2,False,2850,20600,800,800,150
2650,97,10301,True,4,False,3050,20600,800,800,150
2651,97,10701,True,6,False,2850,20600,800,800,150
2652,97,10621,True,9,False,3050,20600,800,800,150
2653,97,10501,True,1,False,3550,20600,800,800,150
2654,97,10621,True,5,False,3750,20600,800,800,150
2655,97,10501,True,8,False,3550,20600,800,800,150
2656,97,10301,True,10,False,3750,20600,800,800,150
2657,97,10301,True,2,False,4450,20600,800,800,150
2658,97,10701,True,4,False,4250,20600,800,800,150
2659,97,10301,True,7,False,4450,20600,800,800,150
2660,97,10301,True,9,False,4250,20600,800,800,150
2661,98,10301,True,2,False,50,21100,800,800,150
2662,98,10301,True,4,False,250,21100,800,800,150
2663,98,10701,True,6,False,50,21100,800,800,150
2664,98,10301,True,9,False,200,21100,800,800,150
2665,98,10501,True,3,False,750,21100,800,800,150
2666,98,10301,True,5,False,950,21100,800,800,150
2667,98,10501,True,8,False,750,21100,800,800,150
2668,98,10301,True,10,False,950,21100,800,800,150
2669,98,10301,True,2,False,1450,21100,800,800,150
2670,98,10301,True,4,False,1650,21100,800,800,150
2671,98,10621,True,6,False,1450,21100,800,800,150
2672,98,10701,True,9,False,1650,21100,800,800,150
2673,98,10301,True,1,False,2350,21100,800,800,150
2674,98,10621,True,3,False,2150,21100,800,800,150
2675,98,10501,True,5,False,2350,21100,800,800,150
2676,98,10301,True,7,False,2150,21100,800,800,150
2677,98,10501,True,10,False,2350,21100,800,800,150
2678,98,10701,True,2,False,2850,21100,800,800,150
2679,98,10301,True,4,False,3050,21100,800,800,150
2680,98,10701,True,6,False,2850,21100,800,800,150
2681,98,10621,True,9,False,3050,21100,800,800,150
2682,98,10501,True,1,False,3550,21100,800,800,150
2683,98,10621,True,5,False,3750,21100,800,800,150
2684,98,10501,True,8,False,3550,21100,800,800,150
2685,98,10301,True,10,False,3750,21100,800,800,150
2686,98,10301,True,2,False,4450,21100,800,800,150
2687,98,10701,True,4,False,4250,21100,800,800,150
2688,98,10301,True,7,False,4450,21100,800,800,150
2689,98,10301,True,9,False,4250,21100,800,800,150
2690,99,10301,True,2,False,50,21600,800,800,150
2691,99,10301,True,4,False,250,21600,800,800,150
2692,99,10701,True,6,False,50,21600,800,800,150
2693,99,10301,True,9,False,200,21600,800,800,150
2694,99,10501,True,3,False,750,21600,800,800,150
2695,99,10301,True,5,False,950,21600,800,800,150
2696,99,10501,True,8,False,750,21600,800,800,150
2697,99,10301,True,10,False,950,21600,800,800,150
2698,99,10301,True,2,False,1450,21600,800,800,150
2699,99,10301,True,4,False,1650,21600,800,800,150
2700,99,10621,True,6,False,1450,21600,800,800,150
2701,99,10701,True,9,False,1650,21600,800,800,150
2702,99,10301,True,1,False,2350,21600,800,800,150
2703,99,10621,True,3,False,2150,21600,800,800,150
2704,99,10501,True,5,False,2350,21600,800,800,150
2705,99,10301,True,7,False,2150,21600,800,800,150
2706,99,10501,True,10,False,2350,21600,800,800,150
2707,99,10701,True,2,False,2850,21600,800,800,150
2708,99,10301,True,4,False,3050,21600,800,800,150
2709,99,10701,True,6,False,2850,21600,800,800,150
2710,99,10621,True,9,False,3050,21600,800,800,150
2711,99,10501,True,1,False,3550,21600,800,800,150
2712,99,10621,True,5,False,3750,21600,800,800,150
2713,99,10501,True,8,False,3550,21600,800,800,150
2714,99,10301,True,10,False,3750,21600,800,800,150
2715,99,10301,True,2,False,4450,21600,800,800,150
2716,99,10701,True,4,False,4250,21600,800,800,150
2717,99,10301,True,7,False,4450,21600,800,800,150
2718,99,10301,True,9,False,4250,21600,800,800,150
2719,100,10301,True,2,False,50,22100,800,800,150
2720,100,10301,True,4,False,250,22100,800,800,150
2721,100,10701,True,6,False,50,22100,800,800,150
2722,100,10301,True,9,False,200,22100,800,800,150
2723,100,10501,True,3,False,750,22100,800,800,150
2724,100,10301,True,5,False,950,22100,800,800,150
2725,100,10501,True,8,False,750,22100,800,800,150
2726,100,10301,True,10,False,950,22100,800,800,150
2727,100,10301,True,2,False,1450,22100,800,800,150
2728,100,10301,True,4,False,1650,22100,800,800,150
2729,100,10621,True,6,False,1450,22100,800,800,150
2730,100,10701,True,9,False,1650,22100,800,800,150
2731,100,30301,True,1,False,2350,22100,800,800,150
2732,100,10621,True,3,False,2150,22100,800,800,150
2733,100,10501,True,5,False,2350,22100,800,800,150
2734,100,10301,True,7,False,2150,22100,800,800,150
2735,100,10501,True,10,False,2350,22100,800,800,150
2736,100,10701,True,2,False,2850,22100,800,800,150
2737,100,30301,True,4,False,3050,22100,800,800,150
2738,100,30301,True,7,False,2850,22100,800,800,150
2739,100,10701,True,9,False,3050,22100,800,800,150
2740,100,10501,True,1,False,3550,22100,800,800,150
2741,100,10621,True,5,False,3750,22100,800,800,150
2742,100,10501,True,8,False,3550,22100,800,800,150
2743,100,10301,True,10,False,3750,22100,800,800,150
2744,100,10301,True,2,False,4450,22100,800,800,150
2745,100,10701,True,4,False,4250,22100,800,800,150
2746,100,10301,True,7,False,4450,22100,800,800,150
2747,100,10301,True,9,True,4250,22100,800,800,150
