id,group_id,iscombine,lv,lvmax,iconresource_id,itemcategory,fielditem_scale,passivespecial,fielditem_type,itemnamelocale,itemdesclocale,itemrating,itemratio,itemstat_id,itemaction_id,itemvalue,leveluponly,canmagnet,itemcondition_time,isbonus,itemunlockcondition_missionid,descriptionvalue/0/descriptionvalue,descriptionvalue/1/descriptionvalue,descriptionvalue/2/descriptionvalue,disable_character_id/0/name,disable_character_id/0/value,disable_character_id/1/name,disable_character_id/1/value,disable_character_id/10/name,disable_character_id/10/value,disable_character_id/11/name,disable_character_id/11/value,disable_character_id/12/name,disable_character_id/12/value,disable_character_id/13/name,disable_character_id/13/value,disable_character_id/2/name,disable_character_id/2/value,disable_character_id/3/name,disable_character_id/3/value,disable_character_id/4/name,disable_character_id/4/value,disable_character_id/5/name,disable_character_id/5/value,disable_character_id/6/name,disable_character_id/6/value,disable_character_id/7/name,disable_character_id/7/value,disable_character_id/8/name,disable_character_id/8/value,disable_character_id/9/name,disable_character_id/9/value,itemcondition_id/0/itemcondition_id,itemcondition_id/1/itemcondition_id,lock_character_id/0/name,lock_character_id/0/value,lock_character_id/1/name,lock_character_id/1/value,lock_character_id/2/name,lock_character_id/2/value
100101,100100,False,1,4,NKS_item_field_02,Field,0,None,Exp,Locale_Event:NKS_FieldItem_Name_Exp_01,Locale_Event:NKS_FieldItem_Desc_Exp_01,1,6400,0,0,1,False,True,0,False,0,1,,,,,,,,,,,,,,,,,,,,,,,,,,,,,,,0,0,,,,,,
100102,100100,False,2,4,NKS_item_field_03,Field,0,None,Exp,Locale_Event:NKS_FieldItem_Name_Exp_02,Locale_Event:NKS_FieldItem_Desc_Exp_02,3,1500,0,0,10,False,True,0,False,0,25,,,,,,,,,,,,,,,,,,,,,,,,,,,,,,,0,0,,,,,,
100103,100100,False,3,4,NKS_item_field_04,Field,0,None,Exp,Locale_Event:NKS_FieldItem_Name_Exp_03,Locale_Event:NKS_FieldItem_Desc_Exp_03,5,500,0,0,30,False,True,0,False,0,50,,,,,,,,,,,,,,,,,,,,,,,,,,,,,,,0,0,,,,,,
100104,100100,False,4,4,NKS_item_field_02,Field,0,None,Exp,Locale_Event:NKS_FieldItem_Name_Exp_01,Locale_Event:NKS_FieldItem_Desc_Exp_01,1,4990,0,0,1,False,True,0,False,0,1,,,,,,,,,,,,,,,,,,,,,,,,,,,,,,,0,0,,,,,,
100201,100200,False,1,4,NKS_item_field_01,Field,0,None,Currency,Locale_Event:NKS_FieldItem_Name_Currency_01,Locale_Event:NKS_FieldItem_Desc_Currency_01,1,3485,0,0,10,False,True,0,False,0,10,,,,,,,,,,,,,,,,,,,,,,,,,,,,,,,0,0,,,,,,
100202,100200,False,2,4,NKS_item_field_01,Field,0,None,Currency,Locale_Event:NKS_FieldItem_Name_Currency_02,Locale_Event:NKS_FieldItem_Desc_Currency_02,3,1500,0,0,75,False,True,0,True,0,75,,,,,,,,,,,,,,,,,,,,,,,,,,,,,,,0,0,,,,,,
100203,100200,False,3,4,NKS_item_field_01,Field,0,None,Currency,Locale_Event:NKS_FieldItem_Name_Currency_03,Locale_Event:NKS_FieldItem_Desc_Currency_03,5,300,0,0,150,False,True,0,True,0,200,,,,,,,,,,,,,,,,,,,,,,,,,,,,,,,0,0,,,,,,
100204,100200,False,4,4,NKS_item_field_01,Field,0,None,Currency,Locale_Event:NKS_FieldItem_Name_Currency_03,Locale_Event:NKS_FieldItem_Desc_Currency_03,5,4998,0,0,200,False,True,0,True,0,200,,,,,,,,,,,,,,,,,,,,,,,,,,,,,,,0,0,,,,,,
100210,100210,False,1,1,NKS_item_field_01,Field,0,None,Currency,Locale_Event:NKS_FieldItem_Name_Currency_03,Locale_Event:NKS_FieldItem_Desc_Currency_03,6,0,0,0,1000,False,False,0,False,0,1000,,,,,,,,,,,,,,,,,,,,,,,,,,,,,,,0,0,,,,,,
100211,100210,False,1,1,NKS_item_field_01,Field,0,None,Currency,Locale_Event:NKS_FieldItem_Name_Currency_03,Locale_Event:NKS_FieldItem_Desc_Currency_03,6,0,0,0,1500,False,False,0,False,0,1000,,,,,,,,,,,,,,,,,,,,,,,,,,,,,,,0,0,,,,,,
100212,100210,False,1,1,NKS_item_field_01,Field,0,None,Currency,Locale_Event:NKS_FieldItem_Name_Currency_03,Locale_Event:NKS_FieldItem_Desc_Currency_03,6,0,0,0,2000,False,False,0,False,0,1000,,,,,,,,,,,,,,,,,,,,,,,,,,,,,,,0,0,,,,,,
100213,100210,False,1,1,NKS_item_field_01,Field,0,None,Currency,Locale_Event:NKS_FieldItem_Name_Currency_03,Locale_Event:NKS_FieldItem_Desc_Currency_03,6,0,0,0,3000,False,False,0,False,0,1000,,,,,,,,,,,,,,,,,,,,,,,,,,,,,,,0,0,,,,,,
100214,100210,False,1,1,NKS_item_field_01,Field,0,None,Currency,Locale_Event:NKS_FieldItem_Name_Currency_03,Locale_Event:NKS_FieldItem_Desc_Currency_03,6,0,0,0,999999,False,False,0,False,0,999999,,,,,,,,,,,,,,,,,,,,,,,,,,,,,,,0,0,,,,,,
100220,100220,False,1,1,NKS_item_field_01,Field,0,None,Currency,Locale_Event:NKS_FieldItem_Name_Currency_01,Locale_Event:NKS_FieldItem_Desc_Currency_01,1,3485,0,0,20,False,True,0,False,0,20,,,,,,,,,,,,,,,,,,,,,,,,,,,,,,,0,0,,,,,,
100301,100300,False,1,2,NKS_item_field_10,Field,0,None,Magnet,Locale_Event:NKS_FieldItem_Name_Magnet,Locale_Event:NKS_FieldItem_Desc_Magnet,5,25,0,0,15,False,False,0,False,0,15,,,,,,,,,,,,,,,,,,,,,,,,,,,,,,,0,0,,,,,,
100302,100300,False,2,2,NKS_item_field_10,Field,0,None,Magnet,Locale_Event:NKS_FieldItem_Name_Magnet,Locale_Event:NKS_FieldItem_Desc_Magnet,5,1,0,0,15,False,False,0,False,0,15,,,,,,,,,,,,,,,,,,,,,,,,,,,,,,,0,0,,,,,,
100401,100400,False,1,2,NKS_item_field_11,Field,1717986918,None,MinionKill,Locale_Event:NKS_FieldItem_Name_MinionKill,Locale_Event:NKS_FieldItem_Desc_MinionKill,6,5,0,600100,1,False,False,0,False,0,5,,,,,,,,,,,,,,,,,,,,,,,,,,,,,,,0,0,,,,,,
100402,100400,False,2,2,NKS_item_field_11,Field,1717986918,None,MinionKill,Locale_Event:NKS_FieldItem_Name_MinionKill,Locale_Event:NKS_FieldItem_Desc_MinionKill,6,1,0,600100,1,False,False,0,False,0,5,,,,,,,,,,,,,,,,,,,,,,,,,,,,,,,0,0,,,,,,
100501,100500,False,1,4,NKS_item_field_05,Field,0,None,Heal,Locale_Event:NKS_FieldItem_Name_Heal_01,Locale_Event:NKS_FieldItem_Desc_Heal_01,1,30,0,0,10,False,False,0,False,0,10,,,,,,,,,,,,,,,,,,,,,,,,,,,,,,,0,0,,,,,,
100502,100500,False,3,4,NKS_item_field_06,Field,0,None,Heal,Locale_Event:NKS_FieldItem_Name_Heal_02,Locale_Event:NKS_FieldItem_Desc_Heal_02,3,2,0,0,20,False,False,0,True,0,30,,,,,,,,,,,,,,,,,,,,,,,,,,,,,,,0,0,,,,,,
100503,100500,False,4,4,NKS_item_field_07,Field,0,None,Heal,Locale_Event:NKS_FieldItem_Name_Heal_03,Locale_Event:NKS_FieldItem_Desc_Heal_03,5,2,0,0,30,False,False,0,True,0,50,,,,,,,,,,,,,,,,,,,,,,,,,,,,,,,0,0,,,,,,
100504,100500,False,2,4,NKS_item_field_05,Field,0,None,Heal,Locale_Event:NKS_FieldItem_Name_Heal_01,Locale_Event:NKS_FieldItem_Desc_Heal_01,1,5,0,0,10,False,False,0,True,0,10,,,,,,,,,,,,,,,,,,,,,,,,,,,,,,,0,0,,,,,,
100601,100600,False,1,1,NKS_item_field_08,Field,0,None,Invincible,Locale_Event:NKS_FieldItem_Name_Invincible,Locale_Event:NKS_FieldItem_Desc_Invincible,6,0,0,0,5,False,False,0,False,0,5,,,,,,,,,,,,,,,,,,,,,,,,,,,,,,,0,0,,,,,,
100701,100700,False,1,1,NKS_item_field_09,Field,0,None,Burst_timeSub,Locale_Event:NKS_FieldItem_Name_BurstCoolDown,Locale_Event:NKS_FieldItem_Desc_BurstCoolDown,2,25,0,0,10,False,False,0,False,0,10,,,,,,,,,,,,,,,,,,,,,,,,,,,,,,,0,0,,,,,,
100801,100800,False,0,0,NKS_item_field_12,Field,0,None,GachaBox,,,0,0,0,0,0,False,False,0,False,0,,,,,,,,,,,,,,,,,,,,,,,,,,,,,,,,0,0,,,,,,
110001,110001,False,0,0,NKS_item_field_13,Field_Special,0,None,None,Locale_Event:NKS_FieldItem_Special_01_Name,Locale_Event:NKS_FieldItem_Special_01_Desc,0,0,0,0,0,False,False,0,False,0,,,,,,,,,,,,,,,,,,,,,,,,,,,,,,,,0,0,,,,,,
110002,110002,False,0,0,NKS_item_field_14,Field_Special,0,None,None,Locale_Event:NKS_FieldItem_Special_02_Name,Locale_Event:NKS_FieldItem_Special_02_Desc,0,0,0,0,0,False,False,0,False,0,,,,,,,,,,,,,,,,,,,,,,,,,,,,,,,,0,0,,,,,,
110003,110003,False,0,0,NKS_item_field_15,Field_Special,0,None,None,Locale_Event:NKS_FieldItem_Special_03_Name,Locale_Event:NKS_FieldItem_Special_03_Desc,0,0,0,0,0,False,False,0,False,0,,,,,,,,,,,,,,,,,,,,,,,,,,,,,,,,0,0,,,,,,
110004,110004,False,0,0,NKS_item_field_16,Field_Special,0,None,None,Locale_Event:NKS_FieldItem_Special_04_Name,Locale_Event:NKS_FieldItem_Special_04_Desc,0,0,0,0,0,False,False,0,False,0,,,,,,,,,,,,,,,,,,,,,,,,,,,,,,,,0,0,,,,,,
110005,110005,False,0,0,NKS_item_field_17,Field_Important,0,None,None,Locale_Event:NKS_FieldItem_Special_05_Name,Locale_Event:NKS_FieldItem_Special_05_Desc,0,0,0,0,0,False,False,0,False,0,,,,,,,,,,,,,,,,,,,,,,,,,,,,,,,,0,0,,,,,,
110006,110006,False,0,0,NKS_item_field_18,Field_Important,0,None,None,Locale_Event:NKS_FieldItem_Special_06_Name,Locale_Event:NKS_FieldItem_Special_06_Desc,0,0,0,0,0,False,False,0,False,0,,,,,,,,,,,,,,,,,,,,,,,,,,,,,,,,0,0,,,,,,
110007,110007,False,0,0,NKS_item_field_19,Field_Important,0,None,None,Locale_Event:NKS_FieldItem_Special_07_Name,Locale_Event:NKS_FieldItem_Special_07_Desc,0,0,0,0,0,False,False,0,False,0,,,,,,,,,,,,,,,,,,,,,,,,,,,,,,,,0,0,,,,,,
110008,110008,False,0,0,NKS_item_field_20,Field_Important,0,None,None,Locale_Event:NKS_FieldItem_Special_08_Name,Locale_Event:NKS_FieldItem_Special_08_Desc,0,0,0,0,0,False,False,0,False,0,,,,,,,,,,,,,,,,,,,,,,,,,,,,,,,,0,0,,,,,,
110009,110009,False,0,0,NKS_item_field_21,Field_Important,0,None,None,Locale_Event:NKS_FieldItem_Special_09_Name,Locale_Event:NKS_FieldItem_Special_09_Desc,0,0,0,0,0,False,False,0,False,0,,,,,,,,,,,,,,,,,,,,,,,,,,,,,,,,0,0,,,,,,
110010,110010,False,0,0,NKS_item_field_22,Field_Important,0,None,None,Locale_Event:NKS_FieldItem_Special_10_Name,Locale_Event:NKS_FieldItem_Special_10_Desc,0,0,0,0,0,False,False,0,False,0,,,,,,,,,,,,,,,,,,,,,,,,,,,,,,,,0,0,,,,,,
110011,110011,False,0,0,NKS_item_field_23,Field_Important,0,None,None,Locale_Event:NKS_FieldItem_Special_11_Name,Locale_Event:NKS_FieldItem_Special_11_Desc,0,0,0,0,0,False,False,0,False,0,,,,,,,,,,,,,,,,,,,,,,,,,,,,,,,,0,0,,,,,,
110012,110012,False,0,0,NKS_item_field_24,Field_Important,0,None,None,Locale_Event:NKS_FieldItem_Special_12_Name,Locale_Event:NKS_FieldItem_Special_12_Desc,0,0,0,0,0,False,False,0,False,0,,,,,,,,,,,,,,,,,,,,,,,,,,,,,,,,0,0,,,,,,
110013,110013,False,0,0,NKS_item_field_25,Field_Important,0,None,None,Locale_Event:NKS_FieldItem_Special_13_Name,Locale_Event:NKS_FieldItem_Special_13_Desc,0,0,0,0,0,False,False,0,False,0,,,,,,,,,,,,,,,,,,,,,,,,,,,,,,,,0,0,,,,,,
110014,110014,False,0,0,NKS_item_field_26,Field_Important,0,None,None,Locale_Event:NKS_FieldItem_Special_14_Name,Locale_Event:NKS_FieldItem_Special_14_Desc,0,0,0,0,0,False,False,0,False,0,,,,,,,,,,,,,,,,,,,,,,,,,,,,,,,,0,0,,,,,,
110015,110015,False,0,0,NKS_item_field_27,Field_Important,0,None,None,Locale_Event:NKS_FieldItem_Special_15_Name,Locale_Event:NKS_FieldItem_Special_15_Desc,0,0,0,0,0,False,False,0,False,0,,,,,,,,,,,,,,,,,,,,,,,,,,,,,,,,0,0,,,,,,
200101,200100,False,1,5,NKS_item_active_01,Active,0,None,None,Locale_Event:NKS_Weapon_01_01_Name,Locale_Event:NKS_Weapon_01_01_Desc,1,5000,0,200101,0,True,False,0,False,0,1,,,,,,,,,,,,,,,,,,,,,,,,,,,,,,,0,0,lock_character_id,1.0,lock_character_id,101.0,lock_character_id,202.0
200102,200100,False,2,5,NKS_item_active_01,Active,0,None,None,Locale_Event:NKS_Weapon_01_02_Name,Locale_Event:NKS_Weapon_01_01_Desc,2,0,0,200102,0,False,False,0,False,0,1,,,,,,,,,,,,,,,,,,,,,,,,,,,,,,,0,0,lock_character_id,1.0,lock_character_id,101.0,lock_character_id,202.0
200103,200100,False,3,5,NKS_item_active_01,Active,0,None,None,Locale_Event:NKS_Weapon_01_03_Name,Locale_Event:NKS_Weapon_01_01_Desc,3,0,0,200103,0,False,False,0,False,0,1,,,,,,,,,,,,,,,,,,,,,,,,,,,,,,,0,0,lock_character_id,1.0,lock_character_id,101.0,lock_character_id,202.0
200104,200100,False,4,5,NKS_item_active_01,Active,0,None,None,Locale_Event:NKS_Weapon_01_04_Name,Locale_Event:NKS_Weapon_01_01_Desc,4,0,0,200104,0,False,False,0,False,0,2,,,,,,,,,,,,,,,,,,,,,,,,,,,,,,,0,0,lock_character_id,1.0,lock_character_id,101.0,lock_character_id,202.0
200105,200100,False,5,5,NKS_item_active_01,Active,0,None,None,Locale_Event:NKS_Weapon_01_05_Name,Locale_Event:NKS_Weapon_01_01_Desc,6,0,0,200105,0,False,False,0,False,0,3,,,,,,,,,,,,,,,,,,,,,,,,,,,,,,,0,0,lock_character_id,1.0,lock_character_id,101.0,lock_character_id,202.0
200201,200200,False,1,5,NKS_item_active_02,Active,0,None,None,Locale_Event:NKS_Weapon_02_01_Name,Locale_Event:NKS_Weapon_02_01_Desc,1,3000,0,200201,0,True,False,0,False,0,1,,,disable_character_id,1.0,disable_character_id,101.0,,,,,,,,,disable_character_id,202.0,,,,,,,,,,,,,,,0,0,,,,,,
200202,200200,False,2,5,NKS_item_active_02,Active,0,None,None,Locale_Event:NKS_Weapon_02_02_Name,Locale_Event:NKS_Weapon_02_01_Desc,2,0,0,200202,0,False,False,0,False,0,1,,,disable_character_id,1.0,disable_character_id,101.0,,,,,,,,,disable_character_id,202.0,,,,,,,,,,,,,,,0,0,,,,,,
200203,200200,False,3,5,NKS_item_active_02,Active,0,None,None,Locale_Event:NKS_Weapon_02_03_Name,Locale_Event:NKS_Weapon_02_01_Desc,3,0,0,200203,0,False,False,0,False,0,1,,,disable_character_id,1.0,disable_character_id,101.0,,,,,,,,,disable_character_id,202.0,,,,,,,,,,,,,,,0,0,,,,,,
200204,200200,False,4,5,NKS_item_active_02,Active,0,None,None,Locale_Event:NKS_Weapon_02_04_Name,Locale_Event:NKS_Weapon_02_01_Desc,4,0,0,200204,0,False,False,0,False,0,2,,,disable_character_id,1.0,disable_character_id,101.0,,,,,,,,,disable_character_id,202.0,,,,,,,,,,,,,,,0,0,,,,,,
200205,200200,False,5,5,NKS_item_active_02,Active,0,None,None,Locale_Event:NKS_Weapon_02_05_Name,Locale_Event:NKS_Weapon_02_01_Desc,5,0,0,200205,0,False,False,0,False,0,3,,,disable_character_id,1.0,disable_character_id,101.0,,,,,,,,,disable_character_id,202.0,,,,,,,,,,,,,,,0,0,,,,,,
200301,200300,False,1,5,NKS_item_active_03,Active,0,None,None,Locale_Event:NKS_Weapon_03_01_Name,Locale_Event:NKS_Weapon_03_01_Desc,1,5000,0,200301,0,True,False,0,False,0,1,,,,,,,,,,,,,,,,,,,,,,,,,,,,,,,0,0,lock_character_id,5.0,lock_character_id,105.0,lock_character_id,206.0
200302,200300,False,2,5,NKS_item_active_03,Active,0,None,None,Locale_Event:NKS_Weapon_03_02_Name,Locale_Event:NKS_Weapon_03_01_Desc,2,0,0,200302,0,False,False,0,False,0,1,,,,,,,,,,,,,,,,,,,,,,,,,,,,,,,0,0,lock_character_id,5.0,lock_character_id,105.0,lock_character_id,206.0
200303,200300,False,3,5,NKS_item_active_03,Active,0,None,None,Locale_Event:NKS_Weapon_03_03_Name,Locale_Event:NKS_Weapon_03_01_Desc,3,0,0,200303,0,False,False,0,False,0,2,,,,,,,,,,,,,,,,,,,,,,,,,,,,,,,0,0,lock_character_id,5.0,lock_character_id,105.0,lock_character_id,206.0
200304,200300,False,4,5,NKS_item_active_03,Active,0,None,None,Locale_Event:NKS_Weapon_03_04_Name,Locale_Event:NKS_Weapon_03_01_Desc,4,0,0,200304,0,False,False,0,False,0,2,,,,,,,,,,,,,,,,,,,,,,,,,,,,,,,0,0,lock_character_id,5.0,lock_character_id,105.0,lock_character_id,206.0
200305,200300,False,5,5,NKS_item_active_03,Active,0,None,None,Locale_Event:NKS_Weapon_03_05_Name,Locale_Event:NKS_Weapon_03_01_Desc,6,0,0,200305,0,False,False,0,False,0,3,,,,,,,,,,,,,,,,,,,,,,,,,,,,,,,0,0,lock_character_id,5.0,lock_character_id,105.0,lock_character_id,206.0
200401,200400,False,1,5,NKS_item_active_04,Active,0,None,None,Locale_Event:NKS_Weapon_04_01_Name,Locale_Event:NKS_Weapon_04_01_Desc,1,3000,0,200401,0,True,False,0,False,0,1,,,disable_character_id,5.0,disable_character_id,105.0,,,,,,,,,disable_character_id,206.0,,,,,,,,,,,,,,,0,0,,,,,,
200402,200400,False,2,5,NKS_item_active_04,Active,0,None,None,Locale_Event:NKS_Weapon_04_02_Name,Locale_Event:NKS_Weapon_04_01_Desc,2,0,0,200402,0,False,False,0,False,0,1,,,disable_character_id,5.0,disable_character_id,105.0,,,,,,,,,disable_character_id,206.0,,,,,,,,,,,,,,,0,0,,,,,,
200403,200400,False,3,5,NKS_item_active_04,Active,0,None,None,Locale_Event:NKS_Weapon_04_03_Name,Locale_Event:NKS_Weapon_04_01_Desc,3,0,0,200403,0,False,False,0,False,0,2,,,disable_character_id,5.0,disable_character_id,105.0,,,,,,,,,disable_character_id,206.0,,,,,,,,,,,,,,,0,0,,,,,,
200404,200400,False,4,5,NKS_item_active_04,Active,0,None,None,Locale_Event:NKS_Weapon_04_04_Name,Locale_Event:NKS_Weapon_04_01_Desc,4,0,0,200404,0,False,False,0,False,0,2,,,disable_character_id,5.0,disable_character_id,105.0,,,,,,,,,disable_character_id,206.0,,,,,,,,,,,,,,,0,0,,,,,,
200405,200400,False,5,5,NKS_item_active_04,Active,0,None,None,Locale_Event:NKS_Weapon_04_05_Name,Locale_Event:NKS_Weapon_04_01_Desc,5,0,0,200405,0,False,False,0,False,0,3,,,disable_character_id,5.0,disable_character_id,105.0,,,,,,,,,disable_character_id,206.0,,,,,,,,,,,,,,,0,0,,,,,,
200501,200500,False,1,5,NKS_item_active_05,Active,0,None,None,Locale_Event:NKS_Weapon_05_01_Name,Locale_Event:NKS_Weapon_05_01_Desc,1,5000,0,200501,0,True,False,0,False,0,2,,,,,,,,,,,,,,,,,,,,,,,,,,,,,,,0,0,lock_character_id,3.0,lock_character_id,103.0,lock_character_id,204.0
200502,200500,False,2,5,NKS_item_active_05,Active,0,None,None,Locale_Event:NKS_Weapon_05_02_Name,Locale_Event:NKS_Weapon_05_01_Desc,2,0,0,200502,0,False,False,0,False,0,2,,,,,,,,,,,,,,,,,,,,,,,,,,,,,,,0,0,lock_character_id,3.0,lock_character_id,103.0,lock_character_id,204.0
200503,200500,False,3,5,NKS_item_active_05,Active,0,None,None,Locale_Event:NKS_Weapon_05_03_Name,Locale_Event:NKS_Weapon_05_01_Desc,3,0,0,200503,0,False,False,0,False,0,2,,,,,,,,,,,,,,,,,,,,,,,,,,,,,,,0,0,lock_character_id,3.0,lock_character_id,103.0,lock_character_id,204.0
200504,200500,False,4,5,NKS_item_active_05,Active,0,None,None,Locale_Event:NKS_Weapon_05_04_Name,Locale_Event:NKS_Weapon_05_01_Desc,4,0,0,200504,0,False,False,0,False,0,3,,,,,,,,,,,,,,,,,,,,,,,,,,,,,,,0,0,lock_character_id,3.0,lock_character_id,103.0,lock_character_id,204.0
200505,200500,False,5,5,NKS_item_active_05,Active,0,None,None,Locale_Event:NKS_Weapon_05_05_Name,Locale_Event:NKS_Weapon_05_01_Desc,6,0,0,200505,0,False,False,0,False,0,3,,,,,,,,,,,,,,,,,,,,,,,,,,,,,,,0,0,lock_character_id,3.0,lock_character_id,103.0,lock_character_id,204.0
200601,200600,False,1,5,NKS_item_active_06,Active,0,None,None,Locale_Event:NKS_Weapon_06_01_Name,Locale_Event:NKS_Weapon_06_01_Desc,1,3000,0,200601,0,True,False,0,False,0,2,,,disable_character_id,3.0,disable_character_id,103.0,,,,,,,,,disable_character_id,204.0,,,,,,,,,,,,,,,0,0,,,,,,
200602,200600,False,2,5,NKS_item_active_06,Active,0,None,None,Locale_Event:NKS_Weapon_06_02_Name,Locale_Event:NKS_Weapon_06_01_Desc,2,0,0,200602,0,False,False,0,False,0,2,,,disable_character_id,3.0,disable_character_id,103.0,,,,,,,,,disable_character_id,204.0,,,,,,,,,,,,,,,0,0,,,,,,
200603,200600,False,3,5,NKS_item_active_06,Active,0,None,None,Locale_Event:NKS_Weapon_06_03_Name,Locale_Event:NKS_Weapon_06_01_Desc,3,0,0,200603,0,False,False,0,False,0,2,,,disable_character_id,3.0,disable_character_id,103.0,,,,,,,,,disable_character_id,204.0,,,,,,,,,,,,,,,0,0,,,,,,
200604,200600,False,4,5,NKS_item_active_06,Active,0,None,None,Locale_Event:NKS_Weapon_06_04_Name,Locale_Event:NKS_Weapon_06_01_Desc,4,0,0,200604,0,False,False,0,False,0,3,,,disable_character_id,3.0,disable_character_id,103.0,,,,,,,,,disable_character_id,204.0,,,,,,,,,,,,,,,0,0,,,,,,
200605,200600,False,5,5,NKS_item_active_06,Active,0,None,None,Locale_Event:NKS_Weapon_06_05_Name,Locale_Event:NKS_Weapon_06_01_Desc,5,0,0,200605,0,False,False,0,False,0,3,,,disable_character_id,3.0,disable_character_id,103.0,,,,,,,,,disable_character_id,204.0,,,,,,,,,,,,,,,0,0,,,,,,
200701,200700,False,1,5,NKS_item_active_07,Active,0,None,None,Locale_Event:NKS_Weapon_07_01_Name,Locale_Event:NKS_Weapon_07_01_Desc,1,5000,0,200701,0,True,False,0,False,0,2,,,,,,,,,,,,,,,,,,,,,,,,,,,,,,,0,0,lock_character_id,4.0,lock_character_id,104.0,lock_character_id,205.0
200702,200700,False,2,5,NKS_item_active_07,Active,0,None,None,Locale_Event:NKS_Weapon_07_02_Name,Locale_Event:NKS_Weapon_07_01_Desc,2,0,0,200702,0,False,False,0,False,0,3,,,,,,,,,,,,,,,,,,,,,,,,,,,,,,,0,0,lock_character_id,4.0,lock_character_id,104.0,lock_character_id,205.0
200703,200700,False,3,5,NKS_item_active_07,Active,0,None,None,Locale_Event:NKS_Weapon_07_03_Name,Locale_Event:NKS_Weapon_07_01_Desc,3,0,0,200703,0,False,False,0,False,0,4,,,,,,,,,,,,,,,,,,,,,,,,,,,,,,,0,0,lock_character_id,4.0,lock_character_id,104.0,lock_character_id,205.0
200704,200700,False,4,5,NKS_item_active_07,Active,0,None,None,Locale_Event:NKS_Weapon_07_04_Name,Locale_Event:NKS_Weapon_07_01_Desc,4,0,0,200704,0,False,False,0,False,0,5,,,,,,,,,,,,,,,,,,,,,,,,,,,,,,,0,0,lock_character_id,4.0,lock_character_id,104.0,lock_character_id,205.0
200705,200700,False,5,5,NKS_item_active_07,Active,0,None,None,Locale_Event:NKS_Weapon_07_05_Name,Locale_Event:NKS_Weapon_07_01_Desc,6,0,0,200705,0,False,False,0,False,0,6,,,,,,,,,,,,,,,,,,,,,,,,,,,,,,,0,0,lock_character_id,4.0,lock_character_id,104.0,lock_character_id,205.0
200801,200800,False,1,5,NKS_item_active_08,Active,0,None,None,Locale_Event:NKS_Weapon_08_01_Name,Locale_Event:NKS_Weapon_08_01_Desc,1,3000,0,200801,0,True,False,0,False,0,2,,,disable_character_id,4.0,disable_character_id,104.0,,,,,,,,,disable_character_id,205.0,,,,,,,,,,,,,,,0,0,,,,,,
200802,200800,False,2,5,NKS_item_active_08,Active,0,None,None,Locale_Event:NKS_Weapon_08_02_Name,Locale_Event:NKS_Weapon_08_01_Desc,2,0,0,200802,0,False,False,0,False,0,3,,,disable_character_id,4.0,disable_character_id,104.0,,,,,,,,,disable_character_id,205.0,,,,,,,,,,,,,,,0,0,,,,,,
200803,200800,False,3,5,NKS_item_active_08,Active,0,None,None,Locale_Event:NKS_Weapon_08_03_Name,Locale_Event:NKS_Weapon_08_01_Desc,3,0,0,200803,0,False,False,0,False,0,4,,,disable_character_id,4.0,disable_character_id,104.0,,,,,,,,,disable_character_id,205.0,,,,,,,,,,,,,,,0,0,,,,,,
200804,200800,False,4,5,NKS_item_active_08,Active,0,None,None,Locale_Event:NKS_Weapon_08_04_Name,Locale_Event:NKS_Weapon_08_01_Desc,4,0,0,200804,0,False,False,0,False,0,5,,,disable_character_id,4.0,disable_character_id,104.0,,,,,,,,,disable_character_id,205.0,,,,,,,,,,,,,,,0,0,,,,,,
200805,200800,False,5,5,NKS_item_active_08,Active,0,None,None,Locale_Event:NKS_Weapon_08_05_Name,Locale_Event:NKS_Weapon_08_01_Desc,5,0,0,200805,0,False,False,0,False,0,6,,,disable_character_id,4.0,disable_character_id,104.0,,,,,,,,,disable_character_id,205.0,,,,,,,,,,,,,,,0,0,,,,,,
200901,200900,False,1,5,NKS_item_active_09,Active,0,None,None,Locale_Event:NKS_Weapon_09_01_Name,Locale_Event:NKS_Weapon_09_01_Desc,1,5000,0,200901,0,True,False,0,False,0,1,,,,,,,,,,,,,,,,,,,,,,,,,,,,,,,0,0,lock_character_id,2.0,lock_character_id,102.0,lock_character_id,203.0
200902,200900,False,2,5,NKS_item_active_09,Active,0,None,None,Locale_Event:NKS_Weapon_09_02_Name,Locale_Event:NKS_Weapon_09_01_Desc,2,0,0,200902,0,False,False,0,False,0,1,,,,,,,,,,,,,,,,,,,,,,,,,,,,,,,0,0,lock_character_id,2.0,lock_character_id,102.0,lock_character_id,203.0
200903,200900,False,3,5,NKS_item_active_09,Active,0,None,None,Locale_Event:NKS_Weapon_09_03_Name,Locale_Event:NKS_Weapon_09_01_Desc,3,0,0,200903,0,False,False,0,False,0,2,,,,,,,,,,,,,,,,,,,,,,,,,,,,,,,0,0,lock_character_id,2.0,lock_character_id,102.0,lock_character_id,203.0
200904,200900,False,4,5,NKS_item_active_09,Active,0,None,None,Locale_Event:NKS_Weapon_09_04_Name,Locale_Event:NKS_Weapon_09_01_Desc,4,0,0,200904,0,False,False,0,False,0,2,,,,,,,,,,,,,,,,,,,,,,,,,,,,,,,0,0,lock_character_id,2.0,lock_character_id,102.0,lock_character_id,203.0
200905,200900,False,5,5,NKS_item_active_09,Active,0,None,None,Locale_Event:NKS_Weapon_09_05_Name,Locale_Event:NKS_Weapon_09_01_Desc,6,0,0,200905,0,False,False,0,False,0,3,,,,,,,,,,,,,,,,,,,,,,,,,,,,,,,0,0,lock_character_id,2.0,lock_character_id,102.0,lock_character_id,203.0
201001,201000,False,1,5,NKS_item_active_10,Active,0,None,None,Locale_Event:NKS_Weapon_10_01_Name,Locale_Event:NKS_Weapon_10_01_Desc,1,3000,0,201001,0,True,False,0,False,0,1,,,disable_character_id,2.0,disable_character_id,102.0,,,,,,,,,disable_character_id,203.0,,,,,,,,,,,,,,,0,0,,,,,,
201002,201000,False,2,5,NKS_item_active_10,Active,0,None,None,Locale_Event:NKS_Weapon_10_02_Name,Locale_Event:NKS_Weapon_10_01_Desc,2,0,0,201002,0,False,False,0,False,0,1,,,disable_character_id,2.0,disable_character_id,102.0,,,,,,,,,disable_character_id,203.0,,,,,,,,,,,,,,,0,0,,,,,,
201003,201000,False,3,5,NKS_item_active_10,Active,0,None,None,Locale_Event:NKS_Weapon_10_03_Name,Locale_Event:NKS_Weapon_10_01_Desc,3,0,0,201003,0,False,False,0,False,0,2,,,disable_character_id,2.0,disable_character_id,102.0,,,,,,,,,disable_character_id,203.0,,,,,,,,,,,,,,,0,0,,,,,,
201004,201000,False,4,5,NKS_item_active_10,Active,0,None,None,Locale_Event:NKS_Weapon_10_04_Name,Locale_Event:NKS_Weapon_10_01_Desc,4,0,0,201004,0,False,False,0,False,0,2,,,disable_character_id,2.0,disable_character_id,102.0,,,,,,,,,disable_character_id,203.0,,,,,,,,,,,,,,,0,0,,,,,,
201005,201000,False,5,5,NKS_item_active_10,Active,0,None,None,Locale_Event:NKS_Weapon_10_05_Name,Locale_Event:NKS_Weapon_10_01_Desc,5,0,0,201005,0,False,False,0,False,0,3,,,disable_character_id,2.0,disable_character_id,102.0,,,,,,,,,disable_character_id,203.0,,,,,,,,,,,,,,,0,0,,,,,,
201101,201100,False,1,5,NKS_item_active_11,Active,0,None,None,Locale_Event:NKS_Weapon_11_01_Name,Locale_Event:NKS_Weapon_11_01_Desc,1,5000,0,201101,0,True,False,0,False,0,1,,,,,,,,,,,,,,,,,,,,,,,,,,,,,,,0,0,lock_character_id,6.0,lock_character_id,106.0,lock_character_id,207.0
201102,201100,False,2,5,NKS_item_active_11,Active,0,None,None,Locale_Event:NKS_Weapon_11_02_Name,Locale_Event:NKS_Weapon_11_01_Desc,2,0,0,201102,0,False,False,0,False,0,1,,,,,,,,,,,,,,,,,,,,,,,,,,,,,,,0,0,lock_character_id,6.0,lock_character_id,106.0,lock_character_id,207.0
201103,201100,False,3,5,NKS_item_active_11,Active,0,None,None,Locale_Event:NKS_Weapon_11_03_Name,Locale_Event:NKS_Weapon_11_01_Desc,3,0,0,201103,0,False,False,0,False,0,1,,,,,,,,,,,,,,,,,,,,,,,,,,,,,,,0,0,lock_character_id,6.0,lock_character_id,106.0,lock_character_id,207.0
201104,201100,False,4,5,NKS_item_active_11,Active,0,None,None,Locale_Event:NKS_Weapon_11_04_Name,Locale_Event:NKS_Weapon_11_01_Desc,4,0,0,201104,0,False,False,0,False,0,2,,,,,,,,,,,,,,,,,,,,,,,,,,,,,,,0,0,lock_character_id,6.0,lock_character_id,106.0,lock_character_id,207.0
201105,201100,False,5,5,NKS_item_active_11,Active,0,None,None,Locale_Event:NKS_Weapon_11_05_Name,Locale_Event:NKS_Weapon_11_01_Desc,6,0,0,201105,0,False,False,0,False,0,3,,,,,,,,,,,,,,,,,,,,,,,,,,,,,,,0,0,lock_character_id,6.0,lock_character_id,106.0,lock_character_id,207.0
201201,201200,False,1,5,NKS_item_active_12,Active,0,None,None,Locale_Event:NKS_Weapon_12_01_Name,Locale_Event:NKS_Weapon_12_01_Desc,1,3000,0,201201,0,True,False,0,False,0,30,,,,,,,,,,,,,,,,,,,,,,,,,,,,,,,0,0,,,,,,
201202,201200,False,2,5,NKS_item_active_12,Active,0,None,None,Locale_Event:NKS_Weapon_12_02_Name,Locale_Event:NKS_Weapon_12_01_Desc,2,0,0,201202,0,False,False,0,False,0,45,,,,,,,,,,,,,,,,,,,,,,,,,,,,,,,0,0,,,,,,
201203,201200,False,3,5,NKS_item_active_12,Active,0,None,None,Locale_Event:NKS_Weapon_12_03_Name,Locale_Event:NKS_Weapon_12_01_Desc,3,0,0,201203,0,False,False,0,False,0,60,,,,,,,,,,,,,,,,,,,,,,,,,,,,,,,0,0,,,,,,
201204,201200,False,4,5,NKS_item_active_12,Active,0,None,None,Locale_Event:NKS_Weapon_12_04_Name,Locale_Event:NKS_Weapon_12_01_Desc,4,0,0,201204,0,False,False,0,False,0,75,,,,,,,,,,,,,,,,,,,,,,,,,,,,,,,0,0,,,,,,
201205,201200,False,5,5,NKS_item_active_12,Active,0,None,None,Locale_Event:NKS_Weapon_12_05_Name,Locale_Event:NKS_Weapon_12_01_Desc,5,0,0,201205,0,False,False,0,False,0,90,,,,,,,,,,,,,,,,,,,,,,,,,,,,,,,0,0,,,,,,
201301,201300,False,1,5,NKS_item_active_13,Active,0,None,None,Locale_Event:NKS_Weapon_13_01_Name,Locale_Event:NKS_Weapon_13_01_Desc,1,2500,0,201301,0,True,False,0,False,0,2,,,,,,,,,,,,,,,,,,,,,,,,,,,,,,,0,0,,,,,,
201302,201300,False,2,5,NKS_item_active_13,Active,0,None,None,Locale_Event:NKS_Weapon_13_02_Name,Locale_Event:NKS_Weapon_13_01_Desc,2,0,0,201302,0,False,False,0,False,0,3,,,,,,,,,,,,,,,,,,,,,,,,,,,,,,,0,0,,,,,,
201303,201300,False,3,5,NKS_item_active_13,Active,0,None,None,Locale_Event:NKS_Weapon_13_03_Name,Locale_Event:NKS_Weapon_13_01_Desc,3,0,0,201303,0,False,False,0,False,0,4,,,,,,,,,,,,,,,,,,,,,,,,,,,,,,,0,0,,,,,,
201304,201300,False,4,5,NKS_item_active_13,Active,0,None,None,Locale_Event:NKS_Weapon_13_04_Name,Locale_Event:NKS_Weapon_13_01_Desc,4,0,0,201304,0,False,False,0,False,0,5,,,,,,,,,,,,,,,,,,,,,,,,,,,,,,,0,0,,,,,,
201305,201300,False,5,5,NKS_item_active_13,Active,0,None,None,Locale_Event:NKS_Weapon_13_05_Name,Locale_Event:NKS_Weapon_13_01_Desc,5,0,0,201305,0,False,False,0,False,0,6,,,,,,,,,,,,,,,,,,,,,,,,,,,,,,,0,0,,,,,,
201401,201400,False,1,5,NKS_item_active_14,Active,0,None,None,Locale_Event:NKS_Weapon_14_01_Name,Locale_Event:NKS_Weapon_14_01_Desc,1,3000,0,201401,0,True,False,0,False,0,3,,,,,,,,,,,,,,,,,,,,,,,,,,,,,,,0,0,,,,,,
201402,201400,False,2,5,NKS_item_active_14,Active,0,None,None,Locale_Event:NKS_Weapon_14_02_Name,Locale_Event:NKS_Weapon_14_01_Desc,2,0,0,201402,0,False,False,0,False,0,3,,,,,,,,,,,,,,,,,,,,,,,,,,,,,,,0,0,,,,,,
201403,201400,False,3,5,NKS_item_active_14,Active,0,None,None,Locale_Event:NKS_Weapon_14_03_Name,Locale_Event:NKS_Weapon_14_01_Desc,3,0,0,201403,0,False,False,0,False,0,4,,,,,,,,,,,,,,,,,,,,,,,,,,,,,,,0,0,,,,,,
201404,201400,False,4,5,NKS_item_active_14,Active,0,None,None,Locale_Event:NKS_Weapon_14_04_Name,Locale_Event:NKS_Weapon_14_01_Desc,4,0,0,201404,0,False,False,0,False,0,4,,,,,,,,,,,,,,,,,,,,,,,,,,,,,,,0,0,,,,,,
201405,201400,False,5,5,NKS_item_active_14,Active,0,None,None,Locale_Event:NKS_Weapon_14_05_Name,Locale_Event:NKS_Weapon_14_01_Desc,5,0,0,201405,0,False,False,0,False,0,5,,,,,,,,,,,,,,,,,,,,,,,,,,,,,,,0,0,,,,,,
201501,201500,False,1,5,NKS_item_active_15,Active,0,None,None,Locale_Event:NKS_Weapon_15_01_Name,Locale_Event:NKS_Weapon_15_01_Desc,1,3000,0,201501,0,True,False,0,False,0,2,,,,,,,,,,,,,,,,,,,,,,,,,,,,,,,0,0,,,,,,
201502,201500,False,2,5,NKS_item_active_15,Active,0,None,None,Locale_Event:NKS_Weapon_15_02_Name,Locale_Event:NKS_Weapon_15_01_Desc,2,0,0,201502,0,False,False,0,False,0,3,,,,,,,,,,,,,,,,,,,,,,,,,,,,,,,0,0,,,,,,
201503,201500,False,3,5,NKS_item_active_15,Active,0,None,None,Locale_Event:NKS_Weapon_15_03_Name,Locale_Event:NKS_Weapon_15_01_Desc,3,0,0,201503,0,False,False,0,False,0,4,,,,,,,,,,,,,,,,,,,,,,,,,,,,,,,0,0,,,,,,
201504,201500,False,4,5,NKS_item_active_15,Active,0,None,None,Locale_Event:NKS_Weapon_15_04_Name,Locale_Event:NKS_Weapon_15_01_Desc,4,0,0,201504,0,False,False,0,False,0,4,,,,,,,,,,,,,,,,,,,,,,,,,,,,,,,0,0,,,,,,
201505,201500,False,5,5,NKS_item_active_15,Active,0,None,None,Locale_Event:NKS_Weapon_15_05_Name,Locale_Event:NKS_Weapon_15_01_Desc,5,0,0,201505,0,False,False,0,False,0,4,,,,,,,,,,,,,,,,,,,,,,,,,,,,,,,0,0,,,,,,
201601,201600,False,1,5,NKS_item_active_16,Active,0,None,None,Locale_Event:NKS_Weapon_16_01_Name,Locale_Event:NKS_Weapon_16_01_Desc,1,3000,0,201601,0,True,False,0,False,0,2,,,,,,,,,,,,,,,,,,,,,,,,,,,,,,,0,0,,,,,,
201602,201600,False,2,5,NKS_item_active_16,Active,0,None,None,Locale_Event:NKS_Weapon_16_02_Name,Locale_Event:NKS_Weapon_16_01_Desc,2,0,0,201602,0,False,False,0,False,0,3,,,,,,,,,,,,,,,,,,,,,,,,,,,,,,,0,0,,,,,,
201603,201600,False,3,5,NKS_item_active_16,Active,0,None,None,Locale_Event:NKS_Weapon_16_03_Name,Locale_Event:NKS_Weapon_16_01_Desc,3,0,0,201603,0,False,False,0,False,0,4,,,,,,,,,,,,,,,,,,,,,,,,,,,,,,,0,0,,,,,,
201604,201600,False,4,5,NKS_item_active_16,Active,0,None,None,Locale_Event:NKS_Weapon_16_04_Name,Locale_Event:NKS_Weapon_16_01_Desc,4,0,0,201604,0,False,False,0,False,0,5,,,,,,,,,,,,,,,,,,,,,,,,,,,,,,,0,0,,,,,,
201605,201600,False,5,5,NKS_item_active_16,Active,0,None,None,Locale_Event:NKS_Weapon_16_05_Name,Locale_Event:NKS_Weapon_16_01_Desc,5,0,0,201605,0,False,False,0,False,0,6,,,,,,,,,,,,,,,,,,,,,,,,,,,,,,,0,0,,,,,,
201701,201700,False,1,5,NKS_item_active_17,Active,0,None,None,Locale_Event:NKS_Weapon_17_01_Name,Locale_Event:NKS_Weapon_17_01_Desc,1,3000,0,201701,0,True,False,0,False,0,1,,,,,,,,,,,,,,,,,,,,,,,,,,,,,,,0,0,,,,,,
201702,201700,False,2,5,NKS_item_active_17,Active,0,None,None,Locale_Event:NKS_Weapon_17_02_Name,Locale_Event:NKS_Weapon_17_01_Desc,2,0,0,201702,0,False,False,0,False,0,1,,,,,,,,,,,,,,,,,,,,,,,,,,,,,,,0,0,,,,,,
201703,201700,False,3,5,NKS_item_active_17,Active,0,None,None,Locale_Event:NKS_Weapon_17_03_Name,Locale_Event:NKS_Weapon_17_01_Desc,3,0,0,201703,0,False,False,0,False,0,2,,,,,,,,,,,,,,,,,,,,,,,,,,,,,,,0,0,,,,,,
201704,201700,False,4,5,NKS_item_active_17,Active,0,None,None,Locale_Event:NKS_Weapon_17_04_Name,Locale_Event:NKS_Weapon_17_01_Desc,4,0,0,201704,0,False,False,0,False,0,3,,,,,,,,,,,,,,,,,,,,,,,,,,,,,,,0,0,,,,,,
201705,201700,False,5,5,NKS_item_active_17,Active,0,None,None,Locale_Event:NKS_Weapon_17_05_Name,Locale_Event:NKS_Weapon_17_01_Desc,5,0,0,201705,0,False,False,0,False,0,4,,,,,,,,,,,,,,,,,,,,,,,,,,,,,,,0,0,,,,,,
201801,201800,False,1,5,NKS_item_active_18,Active,0,None,None,Locale_Event:NKS_Weapon_18_01_Name,Locale_Event:NKS_Weapon_18_01_Desc,1,3000,0,201801,0,True,False,0,False,0,1,,,,,,,,,,,,,,,,,,,,,,,,,,,,,,,0,0,,,,,,
201802,201800,False,2,5,NKS_item_active_18,Active,0,None,None,Locale_Event:NKS_Weapon_18_02_Name,Locale_Event:NKS_Weapon_18_01_Desc,2,0,0,201802,0,False,False,0,False,0,1,,,,,,,,,,,,,,,,,,,,,,,,,,,,,,,0,0,,,,,,
201803,201800,False,3,5,NKS_item_active_18,Active,0,None,None,Locale_Event:NKS_Weapon_18_03_Name,Locale_Event:NKS_Weapon_18_01_Desc,3,0,0,201803,0,False,False,0,False,0,2,,,,,,,,,,,,,,,,,,,,,,,,,,,,,,,0,0,,,,,,
201804,201800,False,4,5,NKS_item_active_18,Active,0,None,None,Locale_Event:NKS_Weapon_18_04_Name,Locale_Event:NKS_Weapon_18_01_Desc,4,0,0,201804,0,False,False,0,False,0,2,,,,,,,,,,,,,,,,,,,,,,,,,,,,,,,0,0,,,,,,
201805,201800,False,5,5,NKS_item_active_18,Active,0,None,None,Locale_Event:NKS_Weapon_18_05_Name,Locale_Event:NKS_Weapon_18_01_Desc,5,0,0,201805,0,False,False,0,False,0,3,,,,,,,,,,,,,,,,,,,,,,,,,,,,,,,0,0,,,,,,
201901,201900,False,1,5,NKS_item_active_19,Active,0,None,None,Locale_Event:NKS_Weapon_19_01_Name,Locale_Event:NKS_Weapon_19_01_Desc,1,3000,0,201901,0,True,False,0,False,0,4,,,,,,,,,,,,,,,,,,,,,,,,,,,,,,,0,0,,,,,,
201902,201900,False,2,5,NKS_item_active_19,Active,0,None,None,Locale_Event:NKS_Weapon_19_02_Name,Locale_Event:NKS_Weapon_19_01_Desc,2,0,0,201902,0,False,False,0,False,0,5,,,,,,,,,,,,,,,,,,,,,,,,,,,,,,,0,0,,,,,,
201903,201900,False,3,5,NKS_item_active_19,Active,0,None,None,Locale_Event:NKS_Weapon_19_03_Name,Locale_Event:NKS_Weapon_19_01_Desc,3,0,0,201903,0,False,False,0,False,0,6,,,,,,,,,,,,,,,,,,,,,,,,,,,,,,,0,0,,,,,,
201904,201900,False,4,5,NKS_item_active_19,Active,0,None,None,Locale_Event:NKS_Weapon_19_04_Name,Locale_Event:NKS_Weapon_19_01_Desc,4,0,0,201904,0,False,False,0,False,0,6,,,,,,,,,,,,,,,,,,,,,,,,,,,,,,,0,0,,,,,,
201905,201900,False,5,5,NKS_item_active_19,Active,0,None,None,Locale_Event:NKS_Weapon_19_05_Name,Locale_Event:NKS_Weapon_19_01_Desc,5,0,0,201905,0,False,False,0,False,0,7,,,,,,,,,,,,,,,,,,,,,,,,,,,,,,,0,0,,,,,,
202001,202000,False,1,5,NKS_item_active_20,Active,0,None,None,Locale_Event:NKS_Weapon_20_01_Name,Locale_Event:NKS_Weapon_20_01_Desc,1,3000,0,202001,0,True,False,0,False,0,2,,,,,,,,,,,,,,,,,,,,,,,,,,,,,,,0,0,,,,,,
202002,202000,False,2,5,NKS_item_active_20,Active,0,None,None,Locale_Event:NKS_Weapon_20_02_Name,Locale_Event:NKS_Weapon_20_01_Desc,2,0,0,202002,0,False,False,0,False,0,3,,,,,,,,,,,,,,,,,,,,,,,,,,,,,,,0,0,,,,,,
202003,202000,False,3,5,NKS_item_active_20,Active,0,None,None,Locale_Event:NKS_Weapon_20_03_Name,Locale_Event:NKS_Weapon_20_01_Desc,3,0,0,202003,0,False,False,0,False,0,4,,,,,,,,,,,,,,,,,,,,,,,,,,,,,,,0,0,,,,,,
202004,202000,False,4,5,NKS_item_active_20,Active,0,None,None,Locale_Event:NKS_Weapon_20_04_Name,Locale_Event:NKS_Weapon_20_01_Desc,4,0,0,202004,0,False,False,0,False,0,5,,,,,,,,,,,,,,,,,,,,,,,,,,,,,,,0,0,,,,,,
202005,202000,False,5,5,NKS_item_active_20,Active,0,None,None,Locale_Event:NKS_Weapon_20_05_Name,Locale_Event:NKS_Weapon_20_01_Desc,5,0,0,202005,0,False,False,0,False,0,6,,,,,,,,,,,,,,,,,,,,,,,,,,,,,,,0,0,,,,,,
300101,300100,False,1,5,NKS_item_passive_01,Passive,0,None,None,Locale_Event:NKS_Module_01_01_Name,Locale_Event:NKS_Module_01_01_Desc,1,4450,300101,0,0,True,False,0,False,0,10,,,,,,,,,,,,,,,,,,,,,,,,,,,,,,,0,0,,,,,,
300102,300100,False,2,5,NKS_item_passive_01,Passive,0,None,None,Locale_Event:NKS_Module_01_02_Name,Locale_Event:NKS_Module_01_01_Desc,2,0,300102,0,0,False,False,0,False,0,20,,,,,,,,,,,,,,,,,,,,,,,,,,,,,,,0,0,,,,,,
300103,300100,False,3,5,NKS_item_passive_01,Passive,0,None,None,Locale_Event:NKS_Module_01_03_Name,Locale_Event:NKS_Module_01_01_Desc,3,0,300103,0,0,False,False,0,False,0,40,,,,,,,,,,,,,,,,,,,,,,,,,,,,,,,0,0,,,,,,
300104,300100,False,4,5,NKS_item_passive_01,Passive,0,None,None,Locale_Event:NKS_Module_01_04_Name,Locale_Event:NKS_Module_01_01_Desc,4,0,300104,0,0,False,False,0,False,0,60,,,,,,,,,,,,,,,,,,,,,,,,,,,,,,,0,0,,,,,,
300105,300100,False,5,5,NKS_item_passive_01,Passive,0,None,None,Locale_Event:NKS_Module_01_05_Name,Locale_Event:NKS_Module_01_01_Desc,5,0,300105,0,0,False,False,0,False,0,100,,,,,,,,,,,,,,,,,,,,,,,,,,,,,,,0,0,,,,,,
300201,300200,False,1,1,NKS_item_passive_02,Passive,0,Passive_Revive,None,Locale_Event:NKS_Module_02_01_Name,Locale_Event:NKS_Module_02_01_Desc,6,100,300201,0,9999,True,False,0,False,0,,,,,,,,,,,,,,,,,,,,,,,,,,,,,,,,0,0,,,,,,
300301,300300,False,1,5,NKS_item_passive_03,Passive,0,Passive_Heal,None,Locale_Event:NKS_Module_03_01_Name,Locale_Event:NKS_Module_03_01_Desc,6,100,0,310001,0,True,False,0,False,0,5,1,,,,,,,,,,,,,,,,,,,,,,,,,,,,,,0,0,,,,,,
300302,300300,False,2,5,NKS_item_passive_03,Passive,0,Passive_Heal,None,Locale_Event:NKS_Module_03_02_Name,Locale_Event:NKS_Module_03_01_Desc,6,0,0,310002,0,False,False,0,False,0,4.5,1,,,,,,,,,,,,,,,,,,,,,,,,,,,,,,0,0,,,,,,
300303,300300,False,3,5,NKS_item_passive_03,Passive,0,Passive_Heal,None,Locale_Event:NKS_Module_03_03_Name,Locale_Event:NKS_Module_03_01_Desc,6,0,0,310003,0,False,False,0,False,0,4,1,,,,,,,,,,,,,,,,,,,,,,,,,,,,,,0,0,,,,,,
300304,300300,False,4,5,NKS_item_passive_03,Passive,0,Passive_Heal,None,Locale_Event:NKS_Module_03_04_Name,Locale_Event:NKS_Module_03_01_Desc,6,0,0,310004,0,False,False,0,False,0,3.5,2,,,,,,,,,,,,,,,,,,,,,,,,,,,,,,0,0,,,,,,
300305,300300,False,5,5,NKS_item_passive_03,Passive,0,Passive_Heal,None,Locale_Event:NKS_Module_03_05_Name,Locale_Event:NKS_Module_03_01_Desc,6,0,0,310005,0,False,False,0,False,0,2,3,,,,,,,,,,,,,,,,,,,,,,,,,,,,,,0,0,,,,,,
300401,300400,False,1,5,NKS_item_passive_04,Passive,0,None,None,Locale_Event:NKS_Module_04_01_Name,Locale_Event:NKS_Module_04_01_Desc,1,6000,300401,0,0,True,False,0,False,0,10,,,,,,,,,,,,,,,,,,,,,,,,,,,,,,,0,0,,,,,,
300402,300400,False,2,5,NKS_item_passive_04,Passive,0,None,None,Locale_Event:NKS_Module_04_02_Name,Locale_Event:NKS_Module_04_01_Desc,2,0,300402,0,0,False,False,0,False,0,20,,,,,,,,,,,,,,,,,,,,,,,,,,,,,,,0,0,,,,,,
300403,300400,False,3,5,NKS_item_passive_04,Passive,0,None,None,Locale_Event:NKS_Module_04_03_Name,Locale_Event:NKS_Module_04_01_Desc,3,0,300403,0,0,False,False,0,False,0,30,,,,,,,,,,,,,,,,,,,,,,,,,,,,,,,0,0,,,,,,
300404,300400,False,4,5,NKS_item_passive_04,Passive,0,None,None,Locale_Event:NKS_Module_04_04_Name,Locale_Event:NKS_Module_04_01_Desc,4,0,300404,0,0,False,False,0,False,0,40,,,,,,,,,,,,,,,,,,,,,,,,,,,,,,,0,0,,,,,,
300405,300400,False,5,5,NKS_item_passive_04,Passive,0,None,None,Locale_Event:NKS_Module_04_05_Name,Locale_Event:NKS_Module_04_01_Desc,5,0,300405,0,0,False,False,0,False,0,60,,,,,,,,,,,,,,,,,,,,,,,,,,,,,,,0,0,,,,,,
300501,300500,False,1,5,NKS_item_passive_05,Passive,0,None,None,Locale_Event:NKS_Module_05_01_Name,Locale_Event:NKS_Module_05_01_Desc,1,10000,300501,0,0,True,False,0,False,0,5,,,,,,,,,,,,,,,,,,,,,,,,,,,,,,,0,0,,,,,,
300502,300500,False,2,5,NKS_item_passive_05,Passive,0,None,None,Locale_Event:NKS_Module_05_02_Name,Locale_Event:NKS_Module_05_01_Desc,2,0,300502,0,0,False,False,0,False,0,7,,,,,,,,,,,,,,,,,,,,,,,,,,,,,,,0,0,,,,,,
300503,300500,False,3,5,NKS_item_passive_05,Passive,0,None,None,Locale_Event:NKS_Module_05_03_Name,Locale_Event:NKS_Module_05_01_Desc,3,0,300503,0,0,False,False,0,False,0,10,,,,,,,,,,,,,,,,,,,,,,,,,,,,,,,0,0,,,,,,
300504,300500,False,4,5,NKS_item_passive_05,Passive,0,None,None,Locale_Event:NKS_Module_05_04_Name,Locale_Event:NKS_Module_05_01_Desc,4,0,300504,0,0,False,False,0,False,0,12,,,,,,,,,,,,,,,,,,,,,,,,,,,,,,,0,0,,,,,,
300505,300500,False,5,5,NKS_item_passive_05,Passive,0,None,None,Locale_Event:NKS_Module_05_05_Name,Locale_Event:NKS_Module_05_01_Desc,5,0,300505,0,0,False,False,0,False,0,20,,,,,,,,,,,,,,,,,,,,,,,,,,,,,,,0,0,,,,,,
300601,300600,False,1,5,NKS_item_passive_06,Passive,0,None,None,Locale_Event:NKS_Module_06_01_Name,Locale_Event:NKS_Module_06_01_Desc,1,2000,300601,0,0,True,False,0,False,0,1,,,,,,,,,,,,,,,,,,,,,,,,,,,,,,,0,0,,,,,,
300602,300600,False,2,5,NKS_item_passive_06,Passive,0,None,None,Locale_Event:NKS_Module_06_02_Name,Locale_Event:NKS_Module_06_01_Desc,2,0,300602,0,0,False,False,0,False,0,2,,,,,,,,,,,,,,,,,,,,,,,,,,,,,,,0,0,,,,,,
300603,300600,False,3,5,NKS_item_passive_06,Passive,0,None,None,Locale_Event:NKS_Module_06_03_Name,Locale_Event:NKS_Module_06_01_Desc,3,0,300603,0,0,False,False,0,False,0,3,,,,,,,,,,,,,,,,,,,,,,,,,,,,,,,0,0,,,,,,
300604,300600,False,4,5,NKS_item_passive_06,Passive,0,None,None,Locale_Event:NKS_Module_06_04_Name,Locale_Event:NKS_Module_06_01_Desc,4,0,300604,0,0,False,False,0,False,0,4,,,,,,,,,,,,,,,,,,,,,,,,,,,,,,,0,0,,,,,,
300605,300600,False,5,5,NKS_item_passive_06,Passive,0,None,None,Locale_Event:NKS_Module_06_05_Name,Locale_Event:NKS_Module_06_01_Desc,5,0,300605,0,0,False,False,0,False,0,5,,,,,,,,,,,,,,,,,,,,,,,,,,,,,,,0,0,,,,,,
300701,300700,False,1,5,NKS_item_passive_07,Passive,0,None,None,Locale_Event:NKS_Module_07_01_Name,Locale_Event:NKS_Module_07_01_Desc,6,50,300701,0,0,True,False,0,False,0,5,,,,,,,,,,,,,,,,,,,,,,,,,,,,,,,0,0,,,,,,
300702,300700,False,2,5,NKS_item_passive_07,Passive,0,None,None,Locale_Event:NKS_Module_07_02_Name,Locale_Event:NKS_Module_07_01_Desc,6,0,300702,0,0,False,False,0,False,0,7,,,,,,,,,,,,,,,,,,,,,,,,,,,,,,,0,0,,,,,,
300703,300700,False,3,5,NKS_item_passive_07,Passive,0,None,None,Locale_Event:NKS_Module_07_03_Name,Locale_Event:NKS_Module_07_01_Desc,6,0,300703,0,0,False,False,0,False,0,10,,,,,,,,,,,,,,,,,,,,,,,,,,,,,,,0,0,,,,,,
300704,300700,False,4,5,NKS_item_passive_07,Passive,0,None,None,Locale_Event:NKS_Module_07_04_Name,Locale_Event:NKS_Module_07_01_Desc,6,0,300704,0,0,False,False,0,False,0,15,,,,,,,,,,,,,,,,,,,,,,,,,,,,,,,0,0,,,,,,
300705,300700,False,5,5,NKS_item_passive_07,Passive,0,None,None,Locale_Event:NKS_Module_07_05_Name,Locale_Event:NKS_Module_07_01_Desc,6,0,300705,0,0,False,False,0,False,0,20,,,,,,,,,,,,,,,,,,,,,,,,,,,,,,,0,0,,,,,,
300801,300800,False,1,5,NKS_item_passive_08,Passive,0,None,None,Locale_Event:NKS_Module_08_01_Name,Locale_Event:NKS_Module_08_01_Desc,6,30,300801,0,0,True,False,0,False,0,5,,,,,,,,,,,,,,,,,,,,,,,,,,,,,,,0,0,,,,,,
300802,300800,False,2,5,NKS_item_passive_08,Passive,0,None,None,Locale_Event:NKS_Module_08_02_Name,Locale_Event:NKS_Module_08_01_Desc,6,0,300802,0,0,False,False,0,False,0,7,,,,,,,,,,,,,,,,,,,,,,,,,,,,,,,0,0,,,,,,
300803,300800,False,3,5,NKS_item_passive_08,Passive,0,None,None,Locale_Event:NKS_Module_08_03_Name,Locale_Event:NKS_Module_08_01_Desc,6,0,300803,0,0,False,False,0,False,0,10,,,,,,,,,,,,,,,,,,,,,,,,,,,,,,,0,0,,,,,,
300804,300800,False,4,5,NKS_item_passive_08,Passive,0,None,None,Locale_Event:NKS_Module_08_04_Name,Locale_Event:NKS_Module_08_01_Desc,6,0,300804,0,0,False,False,0,False,0,15,,,,,,,,,,,,,,,,,,,,,,,,,,,,,,,0,0,,,,,,
300805,300800,False,5,5,NKS_item_passive_08,Passive,0,None,None,Locale_Event:NKS_Module_08_05_Name,Locale_Event:NKS_Module_08_01_Desc,6,0,300805,0,0,False,False,0,False,0,20,,,,,,,,,,,,,,,,,,,,,,,,,,,,,,,0,0,,,,,,
300901,300900,False,1,5,NKS_item_passive_09,Passive,0,None,None,Locale_Event:NKS_Module_09_01_Name,Locale_Event:NKS_Module_09_01_Desc,1,1000,300901,0,0,True,False,0,False,0,10,,,,,,,,,,,,,,,,,,,,,,,,,,,,,,,0,0,,,,,,
300902,300900,False,2,5,NKS_item_passive_09,Passive,0,None,None,Locale_Event:NKS_Module_09_02_Name,Locale_Event:NKS_Module_09_01_Desc,2,0,300902,0,0,False,False,0,False,0,20,,,,,,,,,,,,,,,,,,,,,,,,,,,,,,,0,0,,,,,,
300903,300900,False,3,5,NKS_item_passive_09,Passive,0,None,None,Locale_Event:NKS_Module_09_03_Name,Locale_Event:NKS_Module_09_01_Desc,3,0,300903,0,0,False,False,0,False,0,40,,,,,,,,,,,,,,,,,,,,,,,,,,,,,,,0,0,,,,,,
300904,300900,False,4,5,NKS_item_passive_09,Passive,0,None,None,Locale_Event:NKS_Module_09_04_Name,Locale_Event:NKS_Module_09_01_Desc,4,0,300904,0,0,False,False,0,False,0,60,,,,,,,,,,,,,,,,,,,,,,,,,,,,,,,0,0,,,,,,
300905,300900,False,5,5,NKS_item_passive_09,Passive,0,None,None,Locale_Event:NKS_Module_09_05_Name,Locale_Event:NKS_Module_09_01_Desc,5,0,300905,0,0,False,False,0,False,0,80,,,,,,,,,,,,,,,,,,,,,,,,,,,,,,,0,0,,,,,,
301001,301000,False,1,5,NKS_item_passive_10,Passive,0,None,None,Locale_Event:NKS_Module_10_01_Name,Locale_Event:NKS_Module_10_01_Desc,1,6000,301001,0,0,True,False,0,False,0,10,,,,,,,,,,,,,,,,,,,,,,,,,,,,,,,0,0,,,,,,
301002,301000,False,2,5,NKS_item_passive_10,Passive,0,None,None,Locale_Event:NKS_Module_10_02_Name,Locale_Event:NKS_Module_10_01_Desc,2,0,301002,0,0,False,False,0,False,0,20,,,,,,,,,,,,,,,,,,,,,,,,,,,,,,,0,0,,,,,,
301003,301000,False,3,5,NKS_item_passive_10,Passive,0,None,None,Locale_Event:NKS_Module_10_03_Name,Locale_Event:NKS_Module_10_01_Desc,3,0,301003,0,0,False,False,0,False,0,40,,,,,,,,,,,,,,,,,,,,,,,,,,,,,,,0,0,,,,,,
301004,301000,False,4,5,NKS_item_passive_10,Passive,0,None,None,Locale_Event:NKS_Module_10_04_Name,Locale_Event:NKS_Module_10_01_Desc,4,0,301004,0,0,False,False,0,False,0,60,,,,,,,,,,,,,,,,,,,,,,,,,,,,,,,0,0,,,,,,
301005,301000,False,5,5,NKS_item_passive_10,Passive,0,None,None,Locale_Event:NKS_Module_10_05_Name,Locale_Event:NKS_Module_10_01_Desc,5,0,301005,0,0,False,False,0,False,0,80,,,,,,,,,,,,,,,,,,,,,,,,,,,,,,,0,0,,,,,,
301101,301100,False,1,5,NKS_item_passive_11,Passive,0,None,None,Locale_Event:NKS_Module_11_01_Name,Locale_Event:NKS_Module_11_01_Desc,6,100,301101,0,0,True,False,0,False,0,5,5,5,,,,,,,,,,,,,,,,,,,,,,,,,,,,,0,0,,,,,,
301102,301100,False,2,5,NKS_item_passive_11,Passive,0,None,None,Locale_Event:NKS_Module_11_02_Name,Locale_Event:NKS_Module_11_01_Desc,6,0,301102,0,0,False,False,0,False,0,7,7,7,,,,,,,,,,,,,,,,,,,,,,,,,,,,,0,0,,,,,,
301103,301100,False,3,5,NKS_item_passive_11,Passive,0,None,None,Locale_Event:NKS_Module_11_03_Name,Locale_Event:NKS_Module_11_01_Desc,6,0,301103,0,0,False,False,0,False,0,10,10,10,,,,,,,,,,,,,,,,,,,,,,,,,,,,,0,0,,,,,,
301104,301100,False,4,5,NKS_item_passive_11,Passive,0,None,None,Locale_Event:NKS_Module_11_04_Name,Locale_Event:NKS_Module_11_01_Desc,6,0,301104,0,0,False,False,0,False,0,15,15,15,,,,,,,,,,,,,,,,,,,,,,,,,,,,,0,0,,,,,,
301105,301100,False,5,5,NKS_item_passive_11,Passive,0,None,None,Locale_Event:NKS_Module_11_05_Name,Locale_Event:NKS_Module_11_01_Desc,6,0,301105,0,0,False,False,0,False,0,20,20,20,,,,,,,,,,,,,,,,,,,,,,,,,,,,,0,0,,,,,,
301201,301200,False,1,5,NKS_item_passive_12,Passive,0,None,None,Locale_Event:NKS_Module_12_01_Name,Locale_Event:NKS_Module_12_01_Desc,6,100,301201,0,0,True,False,0,False,0,5,5,5,,,,,,,,,,,,,,,,,,,,,,,,,,,,,0,0,,,,,,
301202,301200,False,2,5,NKS_item_passive_12,Passive,0,None,None,Locale_Event:NKS_Module_12_02_Name,Locale_Event:NKS_Module_12_01_Desc,6,0,301202,0,0,False,False,0,False,0,7,7,7,,,,,,,,,,,,,,,,,,,,,,,,,,,,,0,0,,,,,,
301203,301200,False,3,5,NKS_item_passive_12,Passive,0,None,None,Locale_Event:NKS_Module_12_03_Name,Locale_Event:NKS_Module_12_01_Desc,6,0,301203,0,0,False,False,0,False,0,10,10,10,,,,,,,,,,,,,,,,,,,,,,,,,,,,,0,0,,,,,,
301204,301200,False,4,5,NKS_item_passive_12,Passive,0,None,None,Locale_Event:NKS_Module_12_04_Name,Locale_Event:NKS_Module_12_01_Desc,6,0,301204,0,0,False,False,0,False,0,15,15,15,,,,,,,,,,,,,,,,,,,,,,,,,,,,,0,0,,,,,,
301205,301200,False,5,5,NKS_item_passive_12,Passive,0,None,None,Locale_Event:NKS_Module_12_05_Name,Locale_Event:NKS_Module_12_01_Desc,6,0,301205,0,0,False,False,0,False,0,20,20,20,,,,,,,,,,,,,,,,,,,,,,,,,,,,,0,0,,,,,,
400101,400101,False,1,1,NKS_item_passive_07,Passive_SkillTree,0,None,None,Locale_Event:NKS_SKT_SnowWhite_01_01_Name,Locale_Event:NKS_SKT_SnowWhite_01_01_Desc,1,0,400101,0,0,False,False,0,False,0,2,,,,,,,,,,,,,,,,,,,,,,,,,,,,,,,0,0,,,,,,
400201,400201,False,1,1,NKS_item_passive_01,Passive_SkillTree,0,None,None,Locale_Event:NKS_SKT_SnowWhite_02_01_Name,Locale_Event:NKS_SKT_SnowWhite_02_01_Desc,1,0,400201,0,0,False,False,0,False,0,20,,,,,,,,,,,,,,,,,,,,,,,,,,,,,,,0,0,,,,,,
400202,400202,False,1,1,NKS_item_passive_05,Passive_SkillTree,0,None,None,Locale_Event:NKS_SKT_SnowWhite_02_02_Name,Locale_Event:NKS_SKT_SnowWhite_02_02_Desc,1,0,400202,0,0,False,False,0,False,0,1,,,,,,,,,,,,,,,,,,,,,,,,,,,,,,,0,0,,,,,,
400203,400203,False,1,1,NKS_item_passive_08,Passive_SkillTree,0,None,None,Locale_Event:NKS_SKT_SnowWhite_02_03_Name,Locale_Event:NKS_SKT_SnowWhite_02_03_Desc,1,0,400203,0,0,False,False,0,False,0,0.1,,,,,,,,,,,,,,,,,,,,,,,,,,,,,,,0,0,,,,,,
400204,400204,False,1,1,NKS_item_passive_04,Passive_SkillTree,0,None,None,Locale_Event:NKS_SKT_SnowWhite_02_04_Name,Locale_Event:NKS_SKT_SnowWhite_02_04_Desc,1,0,400204,0,0,False,False,0,False,0,0.35,,,,,,,,,,,,,,,,,,,,,,,,,,,,,,,0,0,,,,,,
400205,400205,False,1,1,NKS_item_passive_10,Passive_SkillTree,0,None,None,Locale_Event:NKS_SKT_SnowWhite_02_05_Name,Locale_Event:NKS_SKT_SnowWhite_02_05_Desc,1,0,400205,0,0,False,False,0,False,0,0.1,,,,,,,,,,,,,,,,,,,,,,,,,,,,,,,0,0,,,,,,
400301,400301,False,1,1,NKS_item_passive_11,Passive_SkillTree,0,None,None,Locale_Event:NKS_SKT_SnowWhite_03_01_Name,Locale_Event:NKS_SKT_SnowWhite_03_01_Desc,1,0,400301,0,0,False,False,0,False,0,,,,,,,,,,,,,,,,,,,,,,,,,,,,,,,,0,0,,,,,,
400302,400302,False,1,1,NKS_item_passive_07,Passive_SkillTree,0,None,None,Locale_Event:NKS_SKT_SnowWhite_03_02_Name,Locale_Event:NKS_SKT_SnowWhite_03_02_Desc,2,0,400302,0,0,False,False,0,False,0,2,,,,,,,,,,,,,,,,,,,,,,,,,,,,,,,0,0,,,,,,
400303,400303,False,1,1,NKS_item_passive_05,Passive_SkillTree,0,None,None,Locale_Event:NKS_SKT_SnowWhite_03_03_Name,Locale_Event:NKS_SKT_SnowWhite_03_03_Desc,2,0,400303,0,0,False,False,0,False,0,1,,,,,,,,,,,,,,,,,,,,,,,,,,,,,,,0,0,,,,,,
400304,400304,False,1,1,NKS_item_passive_01,Passive_SkillTree,0,None,None,Locale_Event:NKS_SKT_SnowWhite_03_04_Name,Locale_Event:NKS_SKT_SnowWhite_03_04_Desc,2,0,400304,0,0,False,False,0,False,0,20,,,,,,,,,,,,,,,,,,,,,,,,,,,,,,,0,0,,,,,,
400305,400305,False,1,1,NKS_item_passive_08,Passive_SkillTree,0,None,None,Locale_Event:NKS_SKT_SnowWhite_03_05_Name,Locale_Event:NKS_SKT_SnowWhite_03_05_Desc,2,0,400305,0,0,False,False,0,False,0,0.1,,,,,,,,,,,,,,,,,,,,,,,,,,,,,,,0,0,,,,,,
400306,400306,False,1,1,NKS_item_passive_04,Passive_SkillTree,0,None,None,Locale_Event:NKS_SKT_SnowWhite_03_06_Name,Locale_Event:NKS_SKT_SnowWhite_03_06_Desc,2,0,400306,0,0,False,False,0,False,0,0.7,,,,,,,,,,,,,,,,,,,,,,,,,,,,,,,0,0,,,,,,
400307,400307,False,1,1,NKS_item_passive_09,Passive_SkillTree,0,None,None,Locale_Event:NKS_SKT_SnowWhite_03_07_Name,Locale_Event:NKS_SKT_SnowWhite_03_07_Desc,1,0,400307,0,0,False,False,0,False,0,0.1,,,,,,,,,,,,,,,,,,,,,,,,,,,,,,,0,0,,,,,,
400401,400401,False,1,1,NKS_item_passive_07,Passive_SkillTree,0,None,None,Locale_Event:NKS_SKT_SnowWhite_04_01_Name,Locale_Event:NKS_SKT_SnowWhite_04_01_Desc,3,0,400401,0,0,False,False,0,False,0,3,,,,,,,,,,,,,,,,,,,,,,,,,,,,,,,0,0,,,,,,
400402,400402,False,1,1,NKS_item_passive_08,Passive_SkillTree,0,None,None,Locale_Event:NKS_SKT_SnowWhite_04_02_Name,Locale_Event:NKS_SKT_SnowWhite_04_02_Desc,3,0,400402,0,0,False,False,0,False,0,0.15,,,,,,,,,,,,,,,,,,,,,,,,,,,,,,,0,0,,,,,,
400403,400403,False,1,1,NKS_item_passive_01,Passive_SkillTree,0,None,None,Locale_Event:NKS_SKT_SnowWhite_04_03_Name,Locale_Event:NKS_SKT_SnowWhite_04_03_Desc,3,0,400403,0,0,False,False,0,False,0,40,,,,,,,,,,,,,,,,,,,,,,,,,,,,,,,0,0,,,,,,
400404,400404,False,1,1,NKS_item_passive_05,Passive_SkillTree,0,None,None,Locale_Event:NKS_SKT_SnowWhite_04_04_Name,Locale_Event:NKS_SKT_SnowWhite_04_04_Desc,3,0,400404,0,0,False,False,0,False,0,1,,,,,,,,,,,,,,,,,,,,,,,,,,,,,,,0,0,,,,,,
400405,400405,False,1,1,NKS_item_passive_10,Passive_SkillTree,0,None,None,Locale_Event:NKS_SKT_SnowWhite_04_05_Name,Locale_Event:NKS_SKT_SnowWhite_04_05_Desc,2,0,400405,0,0,False,False,0,False,0,0.1,,,,,,,,,,,,,,,,,,,,,,,,,,,,,,,0,0,,,,,,
400406,400406,False,1,1,NKS_item_passive_09,Passive_SkillTree,0,None,None,Locale_Event:NKS_SKT_SnowWhite_04_06_Name,Locale_Event:NKS_SKT_SnowWhite_04_06_Desc,2,0,400406,0,0,False,False,0,False,0,0.1,,,,,,,,,,,,,,,,,,,,,,,,,,,,,,,0,0,,,,,,
400407,400407,False,1,1,NKS_item_passive_11,Passive_SkillTree,0,None,None,Locale_Event:NKS_SKT_SnowWhite_04_07_Name,Locale_Event:NKS_SKT_SnowWhite_04_07_Desc,2,0,400407,0,0,False,False,0,False,0,,,,,,,,,,,,,,,,,,,,,,,,,,,,,,,,0,0,,,,,,
400501,400501,False,1,1,NKS_item_passive_07,Passive_SkillTree,0,None,None,Locale_Event:NKS_SKT_SnowWhite_05_01_Name,Locale_Event:NKS_SKT_SnowWhite_05_01_Desc,4,0,400501,0,0,False,False,0,False,0,5,,,,,,,,,,,,,,,,,,,,,,,,,,,,,,,0,0,,,,,,
400502,400502,False,1,1,NKS_item_passive_08,Passive_SkillTree,0,None,None,Locale_Event:NKS_SKT_SnowWhite_05_02_Name,Locale_Event:NKS_SKT_SnowWhite_05_02_Desc,4,0,400502,0,0,False,False,0,False,0,0.15,,,,,,,,,,,,,,,,,,,,,,,,,,,,,,,0,0,,,,,,
400503,400503,False,1,1,NKS_item_passive_01,Passive_SkillTree,0,None,None,Locale_Event:NKS_SKT_SnowWhite_05_03_Name,Locale_Event:NKS_SKT_SnowWhite_05_03_Desc,4,0,400503,0,0,False,False,0,False,0,50,,,,,,,,,,,,,,,,,,,,,,,,,,,,,,,0,0,,,,,,
400504,400504,False,1,1,NKS_item_passive_05,Passive_SkillTree,0,None,None,Locale_Event:NKS_SKT_SnowWhite_05_04_Name,Locale_Event:NKS_SKT_SnowWhite_05_04_Desc,4,0,400504,0,0,False,False,0,False,0,1,,,,,,,,,,,,,,,,,,,,,,,,,,,,,,,0,0,,,,,,
400505,400505,False,1,1,NKS_item_passive_10,Passive_SkillTree,0,None,None,Locale_Event:NKS_SKT_SnowWhite_05_05_Name,Locale_Event:NKS_SKT_SnowWhite_05_05_Desc,3,0,400505,0,0,False,False,0,False,0,0.15,,,,,,,,,,,,,,,,,,,,,,,,,,,,,,,0,0,,,,,,
400506,400506,False,1,1,NKS_item_passive_09,Passive_SkillTree,0,None,None,Locale_Event:NKS_SKT_SnowWhite_05_06_Name,Locale_Event:NKS_SKT_SnowWhite_05_06_Desc,3,0,400506,0,0,False,False,0,False,0,0.1,,,,,,,,,,,,,,,,,,,,,,,,,,,,,,,0,0,,,,,,
400507,400507,False,1,1,NKS_item_passive_07,Passive_SkillTree,0,None,None,Locale_Event:NKS_SKT_SnowWhite_05_07_Name,Locale_Event:NKS_SKT_SnowWhite_05_07_Desc,5,0,400507,0,0,False,False,0,False,0,5,,,,,,,,,,,,,,,,,,,,,,,,,,,,,,,0,0,,,,,,
500101,500101,False,1,1,NKS_item_passive_04,Passive_SkillTree,0,None,None,Locale_Event:NKS_SKT_Dorothy_01_01_Name,Locale_Event:NKS_SKT_Dorothy_01_01_Desc,1,0,500101,0,0,False,False,0,False,0,0.6,,,,,,,,,,,,,,,,,,,,,,,,,,,,,,,0,0,,,,,,
500201,500201,False,1,1,NKS_item_passive_07,Passive_SkillTree,0,None,None,Locale_Event:NKS_SKT_Dorothy_02_01_Name,Locale_Event:NKS_SKT_Dorothy_02_01_Desc,1,0,500201,0,0,False,False,0,False,0,1,,,,,,,,,,,,,,,,,,,,,,,,,,,,,,,0,0,,,,,,
500202,500202,False,1,1,NKS_item_passive_08,Passive_SkillTree,0,None,None,Locale_Event:NKS_SKT_Dorothy_02_02_Name,Locale_Event:NKS_SKT_Dorothy_02_02_Desc,1,0,500202,0,0,False,False,0,False,0,0.1,,,,,,,,,,,,,,,,,,,,,,,,,,,,,,,0,0,,,,,,
500203,500203,False,1,1,NKS_item_passive_07,Passive_SkillTree,0,None,None,Locale_Event:NKS_SKT_Dorothy_02_03_Name,Locale_Event:NKS_SKT_Dorothy_02_03_Desc,2,0,500203,0,0,False,False,0,False,0,2,,,,,,,,,,,,,,,,,,,,,,,,,,,,,,,0,0,,,,,,
500204,500204,False,1,1,NKS_item_passive_04,Passive_SkillTree,0,None,None,Locale_Event:NKS_SKT_Dorothy_02_04_Name,Locale_Event:NKS_SKT_Dorothy_02_04_Desc,2,0,500204,0,0,False,False,0,False,0,0.6,,,,,,,,,,,,,,,,,,,,,,,,,,,,,,,0,0,,,,,,
500205,500205,False,1,1,NKS_item_passive_08,Passive_SkillTree,0,None,None,Locale_Event:NKS_SKT_Dorothy_02_05_Name,Locale_Event:NKS_SKT_Dorothy_02_05_Desc,2,0,500205,0,0,False,False,0,False,0,0.1,,,,,,,,,,,,,,,,,,,,,,,,,,,,,,,0,0,,,,,,
500301,500301,False,1,1,NKS_item_passive_11,Passive_SkillTree,0,None,None,Locale_Event:NKS_SKT_Dorothy_03_01_Name,Locale_Event:NKS_SKT_Dorothy_03_01_Desc,1,0,500301,0,0,False,False,0,False,0,,,,,,,,,,,,,,,,,,,,,,,,,,,,,,,,0,0,,,,,,
500302,500302,False,1,1,NKS_item_passive_09,Passive_SkillTree,0,None,None,Locale_Event:NKS_SKT_Dorothy_03_02_Name,Locale_Event:NKS_SKT_Dorothy_03_02_Desc,1,0,500302,0,0,False,False,0,False,0,0.5,,,,,,,,,,,,,,,,,,,,,,,,,,,,,,,0,0,,,,,,
500303,500303,False,1,1,NKS_item_passive_01,Passive_SkillTree,0,None,None,Locale_Event:NKS_SKT_Dorothy_03_03_Name,Locale_Event:NKS_SKT_Dorothy_03_03_Desc,1,0,500303,0,0,False,False,0,False,0,20,,,,,,,,,,,,,,,,,,,,,,,,,,,,,,,0,0,,,,,,
500304,500304,False,1,1,NKS_item_passive_10,Passive_SkillTree,0,None,None,Locale_Event:NKS_SKT_Dorothy_03_04_Name,Locale_Event:NKS_SKT_Dorothy_03_04_Desc,1,0,500304,0,0,False,False,0,False,0,0.5,,,,,,,,,,,,,,,,,,,,,,,,,,,,,,,0,0,,,,,,
500305,500305,False,1,1,NKS_item_passive_09,Passive_SkillTree,0,None,None,Locale_Event:NKS_SKT_Dorothy_03_05_Name,Locale_Event:NKS_SKT_Dorothy_03_05_Desc,2,0,500305,0,0,False,False,0,False,0,0.5,,,,,,,,,,,,,,,,,,,,,,,,,,,,,,,0,0,,,,,,
500306,500306,False,1,1,NKS_item_passive_04,Passive_SkillTree,0,None,None,Locale_Event:NKS_SKT_Dorothy_03_06_Name,Locale_Event:NKS_SKT_Dorothy_03_06_Desc,3,0,500306,0,0,False,False,0,False,0,0.6,,,,,,,,,,,,,,,,,,,,,,,,,,,,,,,0,0,,,,,,
500307,500307,False,1,1,NKS_item_passive_10,Passive_SkillTree,0,None,None,Locale_Event:NKS_SKT_Dorothy_03_07_Name,Locale_Event:NKS_SKT_Dorothy_03_07_Desc,2,0,500307,0,0,False,False,0,False,0,0.5,,,,,,,,,,,,,,,,,,,,,,,,,,,,,,,0,0,,,,,,
500401,500401,False,1,1,NKS_item_passive_05,Passive_SkillTree,0,None,None,Locale_Event:NKS_SKT_Dorothy_04_01_Name,Locale_Event:NKS_SKT_Dorothy_04_01_Desc,1,0,500401,0,0,False,False,0,False,0,1,,,,,,,,,,,,,,,,,,,,,,,,,,,,,,,0,0,,,,,,
500402,500402,False,1,1,NKS_item_passive_01,Passive_SkillTree,0,None,None,Locale_Event:NKS_SKT_Dorothy_04_02_Name,Locale_Event:NKS_SKT_Dorothy_04_02_Desc,2,0,500402,0,0,False,False,0,False,0,40,,,,,,,,,,,,,,,,,,,,,,,,,,,,,,,0,0,,,,,,
500403,500403,False,1,1,NKS_item_passive_10,Passive_SkillTree,0,None,None,Locale_Event:NKS_SKT_Dorothy_04_03_Name,Locale_Event:NKS_SKT_Dorothy_04_03_Desc,3,0,500403,0,0,False,False,0,False,0,0.1,,,,,,,,,,,,,,,,,,,,,,,,,,,,,,,0,0,,,,,,
500404,500404,False,1,1,NKS_item_passive_09,Passive_SkillTree,0,None,None,Locale_Event:NKS_SKT_Dorothy_04_04_Name,Locale_Event:NKS_SKT_Dorothy_04_04_Desc,3,0,500404,0,0,False,False,0,False,0,0.1,,,,,,,,,,,,,,,,,,,,,,,,,,,,,,,0,0,,,,,,
500405,500405,False,1,1,NKS_item_passive_11,Passive_SkillTree,0,None,None,Locale_Event:NKS_SKT_Dorothy_04_05_Name,Locale_Event:NKS_SKT_Dorothy_04_05_Desc,2,0,500405,0,0,False,False,0,False,0,,,,,,,,,,,,,,,,,,,,,,,,,,,,,,,,0,0,,,,,,
500501,500501,False,1,1,NKS_item_passive_07,Passive_SkillTree,0,None,None,Locale_Event:NKS_SKT_Dorothy_05_01_Name,Locale_Event:NKS_SKT_Dorothy_05_01_Desc,3,0,500501,0,0,False,False,0,False,0,5,,,,,,,,,,,,,,,,,,,,,,,,,,,,,,,0,0,,,,,,
500502,500502,False,1,1,NKS_item_passive_08,Passive_SkillTree,0,None,None,Locale_Event:NKS_SKT_Dorothy_05_02_Name,Locale_Event:NKS_SKT_Dorothy_05_02_Desc,3,0,500502,0,0,False,False,0,False,0,0.15,,,,,,,,,,,,,,,,,,,,,,,,,,,,,,,0,0,,,,,,
500503,500503,False,1,1,NKS_item_passive_01,Passive_SkillTree,0,None,None,Locale_Event:NKS_SKT_Dorothy_05_03_Name,Locale_Event:NKS_SKT_Dorothy_05_03_Desc,3,0,500503,0,0,False,False,0,False,0,50,,,,,,,,,,,,,,,,,,,,,,,,,,,,,,,0,0,,,,,,
500504,500504,False,1,1,NKS_item_passive_05,Passive_SkillTree,0,None,None,Locale_Event:NKS_SKT_Dorothy_05_04_Name,Locale_Event:NKS_SKT_Dorothy_05_04_Desc,2,0,500504,0,0,False,False,0,False,0,1,,,,,,,,,,,,,,,,,,,,,,,,,,,,,,,0,0,,,,,,
500505,500505,False,1,1,NKS_item_passive_10,Passive_SkillTree,0,None,None,Locale_Event:NKS_SKT_Dorothy_05_05_Name,Locale_Event:NKS_SKT_Dorothy_05_05_Desc,4,0,500505,0,0,False,False,0,False,0,0.15,,,,,,,,,,,,,,,,,,,,,,,,,,,,,,,0,0,,,,,,
500506,500506,False,1,1,NKS_item_passive_09,Passive_SkillTree,0,None,None,Locale_Event:NKS_SKT_Dorothy_05_06_Name,Locale_Event:NKS_SKT_Dorothy_05_06_Desc,4,0,500506,0,0,False,False,0,False,0,0.1,,,,,,,,,,,,,,,,,,,,,,,,,,,,,,,0,0,,,,,,
500507,500507,False,1,1,NKS_item_passive_07,Passive_SkillTree,0,None,None,Locale_Event:NKS_SKT_Dorothy_05_07_Name,Locale_Event:NKS_SKT_Dorothy_05_07_Desc,4,0,500507,0,0,False,False,0,False,0,3,,,,,,,,,,,,,,,,,,,,,,,,,,,,,,,0,0,,,,,,
600101,600101,False,1,1,NKS_item_passive_08,Passive_SkillTree,0,None,None,Locale_Event:NKS_SKT_Scarlet_01_01_Name,Locale_Event:NKS_SKT_Scarlet_01_01_Desc,1,0,600101,0,0,False,False,0,False,0,0.1,,,,,,,,,,,,,,,,,,,,,,,,,,,,,,,0,0,,,,,,
600201,600201,False,1,1,NKS_item_passive_08,Passive_SkillTree,0,None,None,Locale_Event:NKS_SKT_Scarlet_02_01_Name,Locale_Event:NKS_SKT_Scarlet_02_01_Desc,2,0,600201,0,0,False,False,0,False,0,0.1,,,,,,,,,,,,,,,,,,,,,,,,,,,,,,,0,0,,,,,,
600202,600202,False,1,1,NKS_item_passive_09,Passive_SkillTree,0,None,None,Locale_Event:NKS_SKT_Scarlet_02_02_Name,Locale_Event:NKS_SKT_Scarlet_02_02_Desc,1,0,600202,0,0,False,False,0,False,0,0.1,,,,,,,,,,,,,,,,,,,,,,,,,,,,,,,0,0,,,,,,
600203,600203,False,1,1,NKS_item_passive_07,Passive_SkillTree,0,None,None,Locale_Event:NKS_SKT_Scarlet_02_03_Name,Locale_Event:NKS_SKT_Scarlet_02_03_Desc,1,0,600203,0,0,False,False,0,False,0,2,,,,,,,,,,,,,,,,,,,,,,,,,,,,,,,0,0,,,,,,
600204,600204,False,1,1,NKS_item_passive_08,Passive_SkillTree,0,None,None,Locale_Event:NKS_SKT_Scarlet_02_04_Name,Locale_Event:NKS_SKT_Scarlet_02_04_Desc,3,0,600204,0,0,False,False,0,False,0,0.1,,,,,,,,,,,,,,,,,,,,,,,,,,,,,,,0,0,,,,,,
600205,600205,False,1,1,NKS_item_passive_09,Passive_SkillTree,0,None,None,Locale_Event:NKS_SKT_Scarlet_02_05_Name,Locale_Event:NKS_SKT_Scarlet_02_05_Desc,2,0,600205,0,0,False,False,0,False,0,0.1,,,,,,,,,,,,,,,,,,,,,,,,,,,,,,,0,0,,,,,,
600301,600301,False,1,1,NKS_item_passive_11,Passive_SkillTree,0,None,None,Locale_Event:NKS_SKT_Scarlet_03_01_Name,Locale_Event:NKS_SKT_Scarlet_03_01_Desc,1,0,600301,0,0,False,False,0,False,0,,,,,,,,,,,,,,,,,,,,,,,,,,,,,,,,0,0,,,,,,
600302,600302,False,1,1,NKS_item_passive_07,Passive_SkillTree,0,None,None,Locale_Event:NKS_SKT_Scarlet_03_02_Name,Locale_Event:NKS_SKT_Scarlet_03_02_Desc,2,0,600302,0,0,False,False,0,False,0,2,,,,,,,,,,,,,,,,,,,,,,,,,,,,,,,0,0,,,,,,
600303,600303,False,1,1,NKS_item_passive_08,Passive_SkillTree,0,None,None,Locale_Event:NKS_SKT_Scarlet_03_03_Name,Locale_Event:NKS_SKT_Scarlet_03_03_Desc,4,0,600303,0,0,False,False,0,False,0,0.1,,,,,,,,,,,,,,,,,,,,,,,,,,,,,,,0,0,,,,,,
600304,600304,False,1,1,NKS_item_passive_09,Passive_SkillTree,0,None,None,Locale_Event:NKS_SKT_Scarlet_03_04_Name,Locale_Event:NKS_SKT_Scarlet_03_04_Desc,3,0,600304,0,0,False,False,0,False,0,0.1,,,,,,,,,,,,,,,,,,,,,,,,,,,,,,,0,0,,,,,,
600305,600305,False,1,1,NKS_item_passive_05,Passive_SkillTree,0,None,None,Locale_Event:NKS_SKT_Scarlet_03_05_Name,Locale_Event:NKS_SKT_Scarlet_03_05_Desc,1,0,600305,0,0,False,False,0,False,0,1,,,,,,,,,,,,,,,,,,,,,,,,,,,,,,,0,0,,,,,,
600401,600401,False,1,1,NKS_item_passive_05,Passive_SkillTree,0,None,None,Locale_Event:NKS_SKT_Scarlet_04_01_Name,Locale_Event:NKS_SKT_Scarlet_04_01_Desc,2,0,600401,0,0,False,False,0,False,0,1,,,,,,,,,,,,,,,,,,,,,,,,,,,,,,,0,0,,,,,,
600402,600402,False,1,1,NKS_item_passive_01,Passive_SkillTree,0,None,None,Locale_Event:NKS_SKT_Scarlet_04_02_Name,Locale_Event:NKS_SKT_Scarlet_04_02_Desc,1,0,600402,0,0,False,False,0,False,0,20,,,,,,,,,,,,,,,,,,,,,,,,,,,,,,,0,0,,,,,,
600403,600403,False,1,1,NKS_item_passive_08,Passive_SkillTree,0,None,None,Locale_Event:NKS_SKT_Scarlet_04_03_Name,Locale_Event:NKS_SKT_Scarlet_04_03_Desc,5,0,600403,0,0,False,False,0,False,0,0.1,,,,,,,,,,,,,,,,,,,,,,,,,,,,,,,0,0,,,,,,
600404,600404,False,1,1,NKS_item_passive_09,Passive_SkillTree,0,None,None,Locale_Event:NKS_SKT_Scarlet_04_04_Name,Locale_Event:NKS_SKT_Scarlet_04_04_Desc,4,0,600404,0,0,False,False,0,False,0,0.1,,,,,,,,,,,,,,,,,,,,,,,,,,,,,,,0,0,,,,,,
600405,600405,False,1,1,NKS_item_passive_11,Passive_SkillTree,0,None,None,Locale_Event:NKS_SKT_Scarlet_04_05_Name,Locale_Event:NKS_SKT_Scarlet_04_05_Desc,2,0,600405,0,0,False,False,0,False,0,,,,,,,,,,,,,,,,,,,,,,,,,,,,,,,,0,0,,,,,,
600501,600501,False,1,1,NKS_item_passive_07,Passive_SkillTree,0,None,None,Locale_Event:NKS_SKT_Scarlet_05_01_Name,Locale_Event:NKS_SKT_Scarlet_05_01_Desc,3,0,600501,0,0,False,False,0,False,0,5,,,,,,,,,,,,,,,,,,,,,,,,,,,,,,,0,0,,,,,,
600502,600502,False,1,1,NKS_item_passive_08,Passive_SkillTree,0,None,None,Locale_Event:NKS_SKT_Scarlet_05_02_Name,Locale_Event:NKS_SKT_Scarlet_05_02_Desc,6,0,600502,0,0,False,False,0,False,0,0.15,,,,,,,,,,,,,,,,,,,,,,,,,,,,,,,0,0,,,,,,
600503,600503,False,1,1,NKS_item_passive_01,Passive_SkillTree,0,None,None,Locale_Event:NKS_SKT_Scarlet_05_03_Name,Locale_Event:NKS_SKT_Scarlet_05_03_Desc,2,0,600503,0,0,False,False,0,False,0,50,,,,,,,,,,,,,,,,,,,,,,,,,,,,,,,0,0,,,,,,
600504,600504,False,1,1,NKS_item_passive_05,Passive_SkillTree,0,None,None,Locale_Event:NKS_SKT_Scarlet_05_04_Name,Locale_Event:NKS_SKT_Scarlet_05_04_Desc,3,0,600504,0,0,False,False,0,False,0,1,,,,,,,,,,,,,,,,,,,,,,,,,,,,,,,0,0,,,,,,
600505,600505,False,1,1,NKS_item_passive_10,Passive_SkillTree,0,None,None,Locale_Event:NKS_SKT_Scarlet_05_05_Name,Locale_Event:NKS_SKT_Scarlet_05_05_Desc,1,0,600505,0,0,False,False,0,False,0,0.15,,,,,,,,,,,,,,,,,,,,,,,,,,,,,,,0,0,,,,,,
600506,600506,False,1,1,NKS_item_passive_09,Passive_SkillTree,0,None,None,Locale_Event:NKS_SKT_Scarlet_05_06_Name,Locale_Event:NKS_SKT_Scarlet_05_06_Desc,5,0,600506,0,0,False,False,0,False,0,0.1,,,,,,,,,,,,,,,,,,,,,,,,,,,,,,,0,0,,,,,,
600507,600507,False,1,1,NKS_item_passive_07,Passive_SkillTree,0,None,None,Locale_Event:NKS_SKT_Scarlet_05_07_Name,Locale_Event:NKS_SKT_Scarlet_05_07_Desc,4,0,600507,0,0,False,False,0,False,0,5,,,,,,,,,,,,,,,,,,,,,,,,,,,,,,,0,0,,,,,,
700101,700101,False,1,1,NKS_item_passive_04,Passive_SkillTree,0,None,None,Locale_Event:NKS_SKT_Rapunzel_01_01_Name,Locale_Event:NKS_SKT_Rapunzel_01_01_Desc,1,0,700101,0,0,False,False,0,False,0,0.5,,,,,,,,,,,,,,,,,,,,,,,,,,,,,,,0,0,,,,,,
700201,700201,False,1,1,NKS_item_passive_04,Passive_SkillTree,0,None,None,Locale_Event:NKS_SKT_Rapunzel_02_01_Name,Locale_Event:NKS_SKT_Rapunzel_02_01_Desc,2,0,700201,0,0,False,False,0,False,0,0.5,,,,,,,,,,,,,,,,,,,,,,,,,,,,,,,0,0,,,,,,
700202,700202,False,1,1,NKS_item_passive_05,Passive_SkillTree,0,None,None,Locale_Event:NKS_SKT_Rapunzel_02_02_Name,Locale_Event:NKS_SKT_Rapunzel_02_02_Desc,1,0,700202,0,0,False,False,0,False,0,1,,,,,,,,,,,,,,,,,,,,,,,,,,,,,,,0,0,,,,,,
700203,700203,False,1,1,NKS_item_passive_04,Passive_SkillTree,0,None,None,Locale_Event:NKS_SKT_Rapunzel_02_03_Name,Locale_Event:NKS_SKT_Rapunzel_02_03_Desc,3,0,700203,0,0,False,False,0,False,0,0.5,,,,,,,,,,,,,,,,,,,,,,,,,,,,,,,0,0,,,,,,
700204,700204,False,1,1,NKS_item_passive_01,Passive_SkillTree,0,None,None,Locale_Event:NKS_SKT_Rapunzel_02_04_Name,Locale_Event:NKS_SKT_Rapunzel_02_04_Desc,1,0,700204,0,0,False,False,0,False,0,30,,,,,,,,,,,,,,,,,,,,,,,,,,,,,,,0,0,,,,,,
700205,700205,False,1,1,NKS_item_passive_05,Passive_SkillTree,0,None,None,Locale_Event:NKS_SKT_Rapunzel_02_05_Name,Locale_Event:NKS_SKT_Rapunzel_02_05_Desc,2,0,700205,0,0,False,False,0,False,0,1,,,,,,,,,,,,,,,,,,,,,,,,,,,,,,,0,0,,,,,,
700301,700301,False,1,1,NKS_item_passive_11,Passive_SkillTree,0,None,None,Locale_Event:NKS_SKT_Rapunzel_03_01_Name,Locale_Event:NKS_SKT_Rapunzel_03_01_Desc,1,0,700301,0,0,False,False,0,False,0,,,,,,,,,,,,,,,,,,,,,,,,,,,,,,,,0,0,,,,,,
700302,700302,False,1,1,NKS_item_passive_10,Passive_SkillTree,0,None,None,Locale_Event:NKS_SKT_Rapunzel_03_02_Name,Locale_Event:NKS_SKT_Rapunzel_03_02_Desc,1,0,700302,0,0,False,False,0,False,0,0.05,,,,,,,,,,,,,,,,,,,,,,,,,,,,,,,0,0,,,,,,
700303,700303,False,1,1,NKS_item_passive_07,Passive_SkillTree,0,None,None,Locale_Event:NKS_SKT_Rapunzel_03_03_Name,Locale_Event:NKS_SKT_Rapunzel_03_03_Desc,1,0,700303,0,0,False,False,0,False,0,2,,,,,,,,,,,,,,,,,,,,,,,,,,,,,,,0,0,,,,,,
700304,700304,False,1,1,NKS_item_passive_09,Passive_SkillTree,0,None,None,Locale_Event:NKS_SKT_Rapunzel_03_04_Name,Locale_Event:NKS_SKT_Rapunzel_03_04_Desc,1,0,700304,0,0,False,False,0,False,0,0.1,,,,,,,,,,,,,,,,,,,,,,,,,,,,,,,0,0,,,,,,
700305,700305,False,1,1,NKS_item_passive_04,Passive_SkillTree,0,None,None,Locale_Event:NKS_SKT_Rapunzel_03_05_Name,Locale_Event:NKS_SKT_Rapunzel_03_05_Desc,4,0,700305,0,0,False,False,0,False,0,0.5,,,,,,,,,,,,,,,,,,,,,,,,,,,,,,,0,0,,,,,,
700401,700401,False,1,1,NKS_item_passive_05,Passive_SkillTree,0,None,None,Locale_Event:NKS_SKT_Rapunzel_04_01_Name,Locale_Event:NKS_SKT_Rapunzel_04_01_Desc,3,0,700401,0,0,False,False,0,False,0,1,,,,,,,,,,,,,,,,,,,,,,,,,,,,,,,0,0,,,,,,
700402,700402,False,1,1,NKS_item_passive_01,Passive_SkillTree,0,None,None,Locale_Event:NKS_SKT_Rapunzel_04_02_Name,Locale_Event:NKS_SKT_Rapunzel_04_02_Desc,2,0,700402,0,0,False,False,0,False,0,30,,,,,,,,,,,,,,,,,,,,,,,,,,,,,,,0,0,,,,,,
700403,700403,False,1,1,NKS_item_passive_04,Passive_SkillTree,0,None,None,Locale_Event:NKS_SKT_Rapunzel_04_03_Name,Locale_Event:NKS_SKT_Rapunzel_04_03_Desc,5,0,700403,0,0,False,False,0,False,0,0.5,,,,,,,,,,,,,,,,,,,,,,,,,,,,,,,0,0,,,,,,
700404,700404,False,1,1,NKS_item_passive_09,Passive_SkillTree,0,None,None,Locale_Event:NKS_SKT_Rapunzel_04_04_Name,Locale_Event:NKS_SKT_Rapunzel_04_04_Desc,2,0,700404,0,0,False,False,0,False,0,0.1,,,,,,,,,,,,,,,,,,,,,,,,,,,,,,,0,0,,,,,,
700405,700405,False,1,1,NKS_item_passive_11,Passive_SkillTree,0,None,None,Locale_Event:NKS_SKT_Rapunzel_04_05_Name,Locale_Event:NKS_SKT_Rapunzel_04_05_Desc,2,0,700405,0,0,False,False,0,False,0,,,,,,,,,,,,,,,,,,,,,,,,,,,,,,,,0,0,,,,,,
700501,700501,False,1,1,NKS_item_passive_07,Passive_SkillTree,0,None,None,Locale_Event:NKS_SKT_Rapunzel_05_01_Name,Locale_Event:NKS_SKT_Rapunzel_05_01_Desc,2,0,700501,0,0,False,False,0,False,0,2,,,,,,,,,,,,,,,,,,,,,,,,,,,,,,,0,0,,,,,,
700502,700502,False,1,1,NKS_item_passive_08,Passive_SkillTree,0,None,None,Locale_Event:NKS_SKT_Rapunzel_05_02_Name,Locale_Event:NKS_SKT_Rapunzel_05_02_Desc,1,0,700502,0,0,False,False,0,False,0,0.15,,,,,,,,,,,,,,,,,,,,,,,,,,,,,,,0,0,,,,,,
700503,700503,False,1,1,NKS_item_passive_01,Passive_SkillTree,0,None,None,Locale_Event:NKS_SKT_Rapunzel_05_03_Name,Locale_Event:NKS_SKT_Rapunzel_05_03_Desc,3,0,700503,0,0,False,False,0,False,0,50,,,,,,,,,,,,,,,,,,,,,,,,,,,,,,,0,0,,,,,,
700504,700504,False,1,1,NKS_item_passive_05,Passive_SkillTree,0,None,None,Locale_Event:NKS_SKT_Rapunzel_05_04_Name,Locale_Event:NKS_SKT_Rapunzel_05_04_Desc,4,0,700504,0,0,False,False,0,False,0,1,,,,,,,,,,,,,,,,,,,,,,,,,,,,,,,0,0,,,,,,
700505,700505,False,1,1,NKS_item_passive_10,Passive_SkillTree,0,None,None,Locale_Event:NKS_SKT_Rapunzel_05_05_Name,Locale_Event:NKS_SKT_Rapunzel_05_05_Desc,2,0,700505,0,0,False,False,0,False,0,0.15,,,,,,,,,,,,,,,,,,,,,,,,,,,,,,,0,0,,,,,,
700506,700506,False,1,1,NKS_item_passive_09,Passive_SkillTree,0,None,None,Locale_Event:NKS_SKT_Rapunzel_05_06_Name,Locale_Event:NKS_SKT_Rapunzel_05_06_Desc,3,0,700506,0,0,False,False,0,False,0,0.1,,,,,,,,,,,,,,,,,,,,,,,,,,,,,,,0,0,,,,,,
700507,700507,False,1,1,NKS_item_passive_07,Passive_SkillTree,0,None,None,Locale_Event:NKS_SKT_Rapunzel_05_07_Name,Locale_Event:NKS_SKT_Rapunzel_05_07_Desc,3,0,700507,0,0,False,False,0,False,0,5,,,,,,,,,,,,,,,,,,,,,,,,,,,,,,,0,0,,,,,,
800101,800101,False,1,1,NKS_item_passive_04,Passive_SkillTree,0,None,None,Locale_Event:NKS_SKT_RedHood_01_01_Name,Locale_Event:NKS_SKT_RedHood_01_01_Desc,1,0,800101,0,0,False,False,0,False,0,0.8,,,,,,,,,,,,,,,,,,,,,,,,,,,,,,,0,0,,,,,,
800201,800201,False,1,1,NKS_item_passive_04,Passive_SkillTree,0,None,None,Locale_Event:NKS_SKT_RedHood_02_01_Name,Locale_Event:NKS_SKT_RedHood_02_01_Desc,2,0,800201,0,0,False,False,0,False,0,0.8,,,,,,,,,,,,,,,,,,,,,,,,,,,,,,,0,0,,,,,,
800202,800202,False,1,1,NKS_item_passive_07,Passive_SkillTree,0,None,None,Locale_Event:NKS_SKT_RedHood_02_02_Name,Locale_Event:NKS_SKT_RedHood_02_02_Desc,1,0,800202,0,0,False,False,0,False,0,2,,,,,,,,,,,,,,,,,,,,,,,,,,,,,,,0,0,,,,,,
800203,800203,False,1,1,NKS_item_passive_04,Passive_SkillTree,0,None,None,Locale_Event:NKS_SKT_RedHood_02_03_Name,Locale_Event:NKS_SKT_RedHood_02_03_Desc,3,0,800203,0,0,False,False,0,False,0,0.8,,,,,,,,,,,,,,,,,,,,,,,,,,,,,,,0,0,,,,,,
800204,800204,False,1,1,NKS_item_passive_08,Passive_SkillTree,0,None,None,Locale_Event:NKS_SKT_RedHood_02_04_Name,Locale_Event:NKS_SKT_RedHood_02_04_Desc,1,0,800204,0,0,False,False,0,False,0,0.15,,,,,,,,,,,,,,,,,,,,,,,,,,,,,,,0,0,,,,,,
800205,800205,False,1,1,NKS_item_passive_07,Passive_SkillTree,0,None,None,Locale_Event:NKS_SKT_RedHood_02_05_Name,Locale_Event:NKS_SKT_RedHood_02_05_Desc,2,0,800205,0,0,False,False,0,False,0,2,,,,,,,,,,,,,,,,,,,,,,,,,,,,,,,0,0,,,,,,
800301,800301,False,1,1,NKS_item_passive_11,Passive_SkillTree,0,None,None,Locale_Event:NKS_SKT_RedHood_03_01_Name,Locale_Event:NKS_SKT_RedHood_03_01_Desc,1,0,800301,0,0,False,False,0,False,0,,,,,,,,,,,,,,,,,,,,,,,,,,,,,,,,0,0,,,,,,
800302,800302,False,1,1,NKS_item_passive_04,Passive_SkillTree,0,None,None,Locale_Event:NKS_SKT_RedHood_03_02_Name,Locale_Event:NKS_SKT_RedHood_03_02_Desc,4,0,800302,0,0,False,False,0,False,0,0.8,,,,,,,,,,,,,,,,,,,,,,,,,,,,,,,0,0,,,,,,
800303,800303,False,1,1,NKS_item_passive_07,Passive_SkillTree,0,None,None,Locale_Event:NKS_SKT_RedHood_03_03_Name,Locale_Event:NKS_SKT_RedHood_03_03_Desc,3,0,800303,0,0,False,False,0,False,0,2,,,,,,,,,,,,,,,,,,,,,,,,,,,,,,,0,0,,,,,,
800304,800304,False,1,1,NKS_item_passive_08,Passive_SkillTree,0,None,None,Locale_Event:NKS_SKT_RedHood_03_04_Name,Locale_Event:NKS_SKT_RedHood_03_04_Desc,2,0,800304,0,0,False,False,0,False,0,0.15,,,,,,,,,,,,,,,,,,,,,,,,,,,,,,,0,0,,,,,,
800305,800305,False,1,1,NKS_item_passive_05,Passive_SkillTree,0,None,None,Locale_Event:NKS_SKT_RedHood_03_05_Name,Locale_Event:NKS_SKT_RedHood_03_05_Desc,1,0,800305,0,0,False,False,0,False,0,1,,,,,,,,,,,,,,,,,,,,,,,,,,,,,,,0,0,,,,,,
800306,800306,False,1,1,NKS_item_passive_06,Passive_SkillTree,0,None,None,Locale_Event:NKS_SKT_RedHood_03_06_Name,Locale_Event:NKS_SKT_RedHood_03_06_Desc,1,0,800306,0,0,False,False,0,False,0,0.1,,,,,,,,,,,,,,,,,,,,,,,,,,,,,,,0,0,,,,,,
800307,800307,False,1,1,NKS_item_passive_07,Passive_SkillTree,0,None,None,Locale_Event:NKS_SKT_RedHood_03_07_Name,Locale_Event:NKS_SKT_RedHood_03_07_Desc,4,0,800307,0,0,False,False,0,False,0,4,,,,,,,,,,,,,,,,,,,,,,,,,,,,,,,0,0,,,,,,
800401,800401,False,1,1,NKS_item_passive_08,Passive_SkillTree,0,None,None,Locale_Event:NKS_SKT_RedHood_04_01_Name,Locale_Event:NKS_SKT_RedHood_04_01_Desc,3,0,800401,0,0,False,False,0,False,0,0.15,,,,,,,,,,,,,,,,,,,,,,,,,,,,,,,0,0,,,,,,
800402,800402,False,1,1,NKS_item_passive_09,Passive_SkillTree,0,None,None,Locale_Event:NKS_SKT_RedHood_04_02_Name,Locale_Event:NKS_SKT_RedHood_04_02_Desc,1,0,800402,0,0,False,False,0,False,0,0.1,,,,,,,,,,,,,,,,,,,,,,,,,,,,,,,0,0,,,,,,
800403,800403,False,1,1,NKS_item_passive_08,Passive_SkillTree,0,None,None,Locale_Event:NKS_SKT_RedHood_04_03_Name,Locale_Event:NKS_SKT_RedHood_04_03_Desc,4,0,800403,0,0,False,False,0,False,0,0.15,,,,,,,,,,,,,,,,,,,,,,,,,,,,,,,0,0,,,,,,
800404,800404,False,1,1,NKS_item_passive_09,Passive_SkillTree,0,None,None,Locale_Event:NKS_SKT_RedHood_04_04_Name,Locale_Event:NKS_SKT_RedHood_04_04_Desc,2,0,800404,0,0,False,False,0,False,0,0.1,,,,,,,,,,,,,,,,,,,,,,,,,,,,,,,0,0,,,,,,
800405,800405,False,1,1,NKS_item_passive_11,Passive_SkillTree,0,None,None,Locale_Event:NKS_SKT_RedHood_04_05_Name,Locale_Event:NKS_SKT_RedHood_04_05_Desc,2,0,800405,0,0,False,False,0,False,0,,,,,,,,,,,,,,,,,,,,,,,,,,,,,,,,0,0,,,,,,
800501,800501,False,1,1,NKS_item_passive_07,Passive_SkillTree,0,None,None,Locale_Event:NKS_SKT_RedHood_05_01_Name,Locale_Event:NKS_SKT_RedHood_05_01_Desc,5,0,800501,0,0,False,False,0,False,0,2,,,,,,,,,,,,,,,,,,,,,,,,,,,,,,,0,0,,,,,,
800502,800502,False,1,1,NKS_item_passive_08,Passive_SkillTree,0,None,None,Locale_Event:NKS_SKT_RedHood_05_02_Name,Locale_Event:NKS_SKT_RedHood_05_02_Desc,5,0,800502,0,0,False,False,0,False,0,0.15,,,,,,,,,,,,,,,,,,,,,,,,,,,,,,,0,0,,,,,,
800503,800503,False,1,1,NKS_item_passive_01,Passive_SkillTree,0,None,None,Locale_Event:NKS_SKT_RedHood_05_03_Name,Locale_Event:NKS_SKT_RedHood_05_03_Desc,1,0,800503,0,0,False,False,0,False,0,50,,,,,,,,,,,,,,,,,,,,,,,,,,,,,,,0,0,,,,,,
800504,800504,False,1,1,NKS_item_passive_05,Passive_SkillTree,0,None,None,Locale_Event:NKS_SKT_RedHood_05_04_Name,Locale_Event:NKS_SKT_RedHood_05_04_Desc,2,0,800504,0,0,False,False,0,False,0,1,,,,,,,,,,,,,,,,,,,,,,,,,,,,,,,0,0,,,,,,
800505,800505,False,1,1,NKS_item_passive_10,Passive_SkillTree,0,None,None,Locale_Event:NKS_SKT_RedHood_05_05_Name,Locale_Event:NKS_SKT_RedHood_05_05_Desc,1,0,800505,0,0,False,False,0,False,0,0.3,,,,,,,,,,,,,,,,,,,,,,,,,,,,,,,0,0,,,,,,
800506,800506,False,1,1,NKS_item_passive_09,Passive_SkillTree,0,None,None,Locale_Event:NKS_SKT_RedHood_05_06_Name,Locale_Event:NKS_SKT_RedHood_05_06_Desc,3,0,800506,0,0,False,False,0,False,0,0.1,,,,,,,,,,,,,,,,,,,,,,,,,,,,,,,0,0,,,,,,
800507,800507,False,1,1,NKS_item_passive_07,Passive_SkillTree,0,None,None,Locale_Event:NKS_SKT_RedHood_05_07_Name,Locale_Event:NKS_SKT_RedHood_05_07_Desc,4,0,800507,0,0,False,False,0,False,0,5,,,,,,,,,,,,,,,,,,,,,,,,,,,,,,,0,0,,,,,,
900101,900101,False,1,1,NKS_item_passive_04,Passive_SkillTree,0,None,None,Locale_Event:NKS_SKT_ReRedHood_01_01_Name,Locale_Event:NKS_SKT_ReRedHood_01_01_Desc,1,0,900101,0,0,False,False,0,False,0,0.8,,,,,,,,,,,,,,,,,,,,,,,,,,,,,,,0,0,,,,,,
900201,900201,False,1,1,NKS_item_passive_04,Passive_SkillTree,0,None,None,Locale_Event:NKS_SKT_ReRedHood_02_01_Name,Locale_Event:NKS_SKT_ReRedHood_02_01_Desc,2,0,900201,0,0,False,False,0,False,0,0.8,,,,,,,,,,,,,,,,,,,,,,,,,,,,,,,0,0,,,,,,
900202,900202,False,1,1,NKS_item_passive_07,Passive_SkillTree,0,None,None,Locale_Event:NKS_SKT_ReRedHood_02_02_Name,Locale_Event:NKS_SKT_ReRedHood_02_02_Desc,1,0,900202,0,0,False,False,0,False,0,2,,,,,,,,,,,,,,,,,,,,,,,,,,,,,,,0,0,,,,,,
900203,900203,False,1,1,NKS_item_passive_04,Passive_SkillTree,0,None,None,Locale_Event:NKS_SKT_ReRedHood_02_03_Name,Locale_Event:NKS_SKT_ReRedHood_02_03_Desc,3,0,900203,0,0,False,False,0,False,0,0.8,,,,,,,,,,,,,,,,,,,,,,,,,,,,,,,0,0,,,,,,
900204,900204,False,1,1,NKS_item_passive_08,Passive_SkillTree,0,None,None,Locale_Event:NKS_SKT_ReRedHood_02_04_Name,Locale_Event:NKS_SKT_ReRedHood_02_04_Desc,1,0,900204,0,0,False,False,0,False,0,0.15,,,,,,,,,,,,,,,,,,,,,,,,,,,,,,,0,0,,,,,,
900205,900205,False,1,1,NKS_item_passive_07,Passive_SkillTree,0,None,None,Locale_Event:NKS_SKT_ReRedHood_02_05_Name,Locale_Event:NKS_SKT_ReRedHood_02_05_Desc,2,0,900205,0,0,False,False,0,False,0,2,,,,,,,,,,,,,,,,,,,,,,,,,,,,,,,0,0,,,,,,
900301,900301,False,1,1,NKS_item_passive_11,Passive_SkillTree,0,None,None,Locale_Event:NKS_SKT_ReRedHood_03_01_Name,Locale_Event:NKS_SKT_ReRedHood_03_01_Desc,1,0,900301,0,0,False,False,0,False,0,,,,,,,,,,,,,,,,,,,,,,,,,,,,,,,,0,0,,,,,,
900302,900302,False,1,1,NKS_item_passive_04,Passive_SkillTree,0,None,None,Locale_Event:NKS_SKT_ReRedHood_03_02_Name,Locale_Event:NKS_SKT_ReRedHood_03_02_Desc,4,0,900302,0,0,False,False,0,False,0,0.8,,,,,,,,,,,,,,,,,,,,,,,,,,,,,,,0,0,,,,,,
900303,900303,False,1,1,NKS_item_passive_07,Passive_SkillTree,0,None,None,Locale_Event:NKS_SKT_ReRedHood_03_03_Name,Locale_Event:NKS_SKT_ReRedHood_03_03_Desc,3,0,900303,0,0,False,False,0,False,0,2,,,,,,,,,,,,,,,,,,,,,,,,,,,,,,,0,0,,,,,,
900304,900304,False,1,1,NKS_item_passive_08,Passive_SkillTree,0,None,None,Locale_Event:NKS_SKT_ReRedHood_03_04_Name,Locale_Event:NKS_SKT_ReRedHood_03_04_Desc,2,0,900304,0,0,False,False,0,False,0,0.15,,,,,,,,,,,,,,,,,,,,,,,,,,,,,,,0,0,,,,,,
900305,900305,False,1,1,NKS_item_passive_05,Passive_SkillTree,0,None,None,Locale_Event:NKS_SKT_ReRedHood_03_05_Name,Locale_Event:NKS_SKT_ReRedHood_03_05_Desc,1,0,900305,0,0,False,False,0,False,0,1,,,,,,,,,,,,,,,,,,,,,,,,,,,,,,,0,0,,,,,,
900306,900306,False,1,1,NKS_item_passive_06,Passive_SkillTree,0,None,None,Locale_Event:NKS_SKT_ReRedHood_03_06_Name,Locale_Event:NKS_SKT_ReRedHood_03_06_Desc,1,0,900306,0,0,False,False,0,False,0,0.1,,,,,,,,,,,,,,,,,,,,,,,,,,,,,,,0,0,,,,,,
900307,900307,False,1,1,NKS_item_passive_07,Passive_SkillTree,0,None,None,Locale_Event:NKS_SKT_ReRedHood_03_07_Name,Locale_Event:NKS_SKT_ReRedHood_03_07_Desc,4,0,900307,0,0,False,False,0,False,0,4,,,,,,,,,,,,,,,,,,,,,,,,,,,,,,,0,0,,,,,,
900401,900401,False,1,1,NKS_item_passive_08,Passive_SkillTree,0,None,None,Locale_Event:NKS_SKT_ReRedHood_04_01_Name,Locale_Event:NKS_SKT_ReRedHood_04_01_Desc,3,0,900401,0,0,False,False,0,False,0,0.15,,,,,,,,,,,,,,,,,,,,,,,,,,,,,,,0,0,,,,,,
900402,900402,False,1,1,NKS_item_passive_09,Passive_SkillTree,0,None,None,Locale_Event:NKS_SKT_ReRedHood_04_02_Name,Locale_Event:NKS_SKT_ReRedHood_04_02_Desc,1,0,900402,0,0,False,False,0,False,0,0.1,,,,,,,,,,,,,,,,,,,,,,,,,,,,,,,0,0,,,,,,
900403,900403,False,1,1,NKS_item_passive_08,Passive_SkillTree,0,None,None,Locale_Event:NKS_SKT_ReRedHood_04_03_Name,Locale_Event:NKS_SKT_ReRedHood_04_03_Desc,4,0,900403,0,0,False,False,0,False,0,0.15,,,,,,,,,,,,,,,,,,,,,,,,,,,,,,,0,0,,,,,,
900404,900404,False,1,1,NKS_item_passive_09,Passive_SkillTree,0,None,None,Locale_Event:NKS_SKT_ReRedHood_04_04_Name,Locale_Event:NKS_SKT_ReRedHood_04_04_Desc,2,0,900404,0,0,False,False,0,False,0,0.1,,,,,,,,,,,,,,,,,,,,,,,,,,,,,,,0,0,,,,,,
900405,900405,False,1,1,NKS_item_passive_11,Passive_SkillTree,0,None,None,Locale_Event:NKS_SKT_ReRedHood_04_05_Name,Locale_Event:NKS_SKT_ReRedHood_04_05_Desc,2,0,900405,0,0,False,False,0,False,0,,,,,,,,,,,,,,,,,,,,,,,,,,,,,,,,0,0,,,,,,
900501,900501,False,1,1,NKS_item_passive_07,Passive_SkillTree,0,None,None,Locale_Event:NKS_SKT_ReRedHood_05_01_Name,Locale_Event:NKS_SKT_ReRedHood_05_01_Desc,5,0,900501,0,0,False,False,0,False,0,2,,,,,,,,,,,,,,,,,,,,,,,,,,,,,,,0,0,,,,,,
900502,900502,False,1,1,NKS_item_passive_08,Passive_SkillTree,0,None,None,Locale_Event:NKS_SKT_ReRedHood_05_02_Name,Locale_Event:NKS_SKT_ReRedHood_05_02_Desc,5,0,900502,0,0,False,False,0,False,0,0.15,,,,,,,,,,,,,,,,,,,,,,,,,,,,,,,0,0,,,,,,
900503,900503,False,1,1,NKS_item_passive_01,Passive_SkillTree,0,None,None,Locale_Event:NKS_SKT_ReRedHood_05_03_Name,Locale_Event:NKS_SKT_ReRedHood_05_03_Desc,1,0,900503,0,0,False,False,0,False,0,50,,,,,,,,,,,,,,,,,,,,,,,,,,,,,,,0,0,,,,,,
900504,900504,False,1,1,NKS_item_passive_05,Passive_SkillTree,0,None,None,Locale_Event:NKS_SKT_ReRedHood_05_04_Name,Locale_Event:NKS_SKT_ReRedHood_05_04_Desc,2,0,900504,0,0,False,False,0,False,0,1,,,,,,,,,,,,,,,,,,,,,,,,,,,,,,,0,0,,,,,,
900505,900505,False,1,1,NKS_item_passive_10,Passive_SkillTree,0,None,None,Locale_Event:NKS_SKT_ReRedHood_05_05_Name,Locale_Event:NKS_SKT_ReRedHood_05_05_Desc,1,0,900505,0,0,False,False,0,False,0,0.3,,,,,,,,,,,,,,,,,,,,,,,,,,,,,,,0,0,,,,,,
900506,900506,False,1,1,NKS_item_passive_09,Passive_SkillTree,0,None,None,Locale_Event:NKS_SKT_ReRedHood_05_06_Name,Locale_Event:NKS_SKT_ReRedHood_05_06_Desc,3,0,900506,0,0,False,False,0,False,0,0.1,,,,,,,,,,,,,,,,,,,,,,,,,,,,,,,0,0,,,,,,
900507,900507,False,1,1,NKS_item_passive_07,Passive_SkillTree,0,None,None,Locale_Event:NKS_SKT_ReRedHood_05_07_Name,Locale_Event:NKS_SKT_ReRedHood_05_07_Desc,4,0,900507,0,0,False,False,0,False,0,5,,,,,,,,,,,,,,,,,,,,,,,,,,,,,,,0,0,,,,,,
999996,999996,False,1,1,NKS_item_passive_07,Passive_SkillTree,0,None,None,Locale_Event:wp02_Name,Locale_Event:wp01_01_Description,5,0,0,40,0,False,False,0,False,0,,,,,,,,,,,,,,,,,,,,,,,,,,,,,,,,0,0,,,,,,
999997,999997,False,1,1,NKS_item_passive_07,Passive_SkillTree,0,None,None,Locale_Event:wp02_Name,Locale_Event:wp01_01_Description,5,0,0,41,0,False,False,0,False,0,,,,,,,,,,,,,,,,,,,,,,,,,,,,,,,,0,0,,,,,,
999998,999998,False,1,1,NKS_item_passive_07,Active,0,None,None,Locale_Event:wp02_Name,Locale_Event:wp01_01_Description,5,0,0,3,0,False,False,5,False,501002,,,,,,,,,,,,,,,,,,,,,,,,,,,,,,,,10,12,,,,,,
999999,999999,False,1,1,NKS_item_passive_07,Passive,0,None,None,Locale_Event:md01_Name,Locale_Event:md01_Description,2,120,1,0,0,False,False,0,False,0,,,,,,,,,,,,,,,,,,,,,,,,,,,,,,,,0,0,,,,,,
1000000,1000001,False,999,999,NKS_item_active_01,Active,0,None,None,Locale_Event:NKS_Weapon_01_05_Name,Locale_Event:NKS_Weapon_01_01_Desc,6,0,0,200105,0,False,False,0,False,0,,,,,,,,,,,,,,,,,,,,,,,,,,,,,,,,0,0,,,,,,
1000001,1000001,False,999,999,NKS_item_active_01,Active,0,None,None,Locale_Event:NKS_Weapon_01_05_Name_AF,Locale_Event:NKS_Weapon_01_01_Desc_AF,6,0,0,200105,0,False,False,0,False,0,,,,,,,,,,,,,,,,,,,,,,,,,,,,,,,,0,0,,,,,,
1000002,1000002,False,999,999,NKS_item_active_03,Active,0,None,None,Locale_Event:NKS_Weapon_03_05_Name_AF,Locale_Event:NKS_Weapon_03_01_Desc_AF,6,0,0,200305,0,False,False,0,False,0,,,,,,,,,,,,,,,,,,,,,,,,,,,,,,,,0,0,,,,,,
1000003,1000003,False,999,999,NKS_item_active_05,Active,0,None,None,Locale_Event:NKS_Weapon_05_05_Name_AF,Locale_Event:NKS_Weapon_05_01_Desc_AF,6,0,0,200505,0,False,False,0,False,0,,,,,,,,,,,,,,,,,,,,,,,,,,,,,,,,0,0,,,,,,
1000004,1000004,False,999,999,NKS_item_active_07,Active,0,None,None,Locale_Event:NKS_Weapon_07_05_Name_AF,Locale_Event:NKS_Weapon_07_01_Desc_AF,6,0,0,200705,0,False,False,0,False,0,,,,,,,,,,,,,,,,,,,,,,,,,,,,,,,,0,0,,,,,,
1000005,1000005,False,999,999,NKS_item_active_09,Active,0,None,None,Locale_Event:NKS_Weapon_09_05_Name_AF,Locale_Event:NKS_Weapon_09_01_Desc_AF,6,0,0,200905,0,False,False,0,False,0,,,,,,,,,,,,,,,,,,,,,,,,,,,,,,,,0,0,,,,,,
1000006,1000006,False,999,999,NKS_item_active_18,Active,0,None,None,Locale_Event:NKS_Weapon_18_05_Name_AF,Locale_Event:NKS_Weapon_18_01_Desc_AF,6,0,0,201805,0,False,False,0,False,0,,,,,,,,,,,,,,,,,,,,,,,,,,,,,,,,0,0,,,,,,
1000007,1000007,False,999,999,NKS_item_active_21_02,Active,0,None,None,Locale_Event:NKS_Weapon_25AF_01_Name,Locale_Event:NKS_Weapon_25AF_01_Desc,0,0,0,2200105,0,False,False,0,False,0,,,,,,,,,,,,,,,,,,,,,,,,,,,,,,,,0,0,,,,,,
1000008,1000008,False,999,999,NKS_item_active_25,Active,0,None,None,Locale_Event:NKS_Weapon_25AF_02_Name,Locale_Event:NKS_Weapon_25AF_02_Desc,0,0,0,2210200,0,False,False,0,False,0,,,,,,,,,,,,,,,,,,,,,,,,,,,,,,,,0,0,,,,,,
1000009,1000009,False,999,999,NKS_item_active_30,Active,0,None,None,Locale_Event:NKS_Weapon_25AF_03_Name,Locale_Event:NKS_Weapon_25AF_03_Desc,0,0,0,2210300,0,False,False,0,False,0,,,,,,,,,,,,,,,,,,,,,,,,,,,,,,,,0,0,,,,,,
1000010,1000010,False,999,999,NKS_item_active_31,Active,0,None,None,Locale_Event:NKS_Weapon_25AF_04_Name,Locale_Event:NKS_Weapon_25AF_04_Desc,0,0,0,2210400,0,False,False,0,False,0,,,,,,,,,,,,,,,,,,,,,,,,,,,,,,,,0,0,,,,,,
1000011,1000011,False,999,999,NKS_item_active_32,Active,0,None,None,Locale_Event:NKS_Weapon_25AF_05_Name,Locale_Event:NKS_Weapon_25AF_05_Desc,0,0,0,2210500,0,False,False,0,False,0,,,,,,,,,,,,,,,,,,,,,,,,,,,,,,,,0,0,,,,,,
1000012,1000012,False,999,999,NKS_item_active_33,Active,0,None,None,Locale_Event:NKS_Weapon_25AF_06_Name,Locale_Event:NKS_Weapon_25AF_06_Desc,0,0,0,2210600,0,False,False,0,False,0,,,,,,,,,,,,,,,,,,,,,,,,,,,,,,,,0,0,,,,,,
1001001,1001001,False,999,999,NKS_item_passive_04,Passive,0,None,None,Locale_Event:NKS_Module_04_05_Name_AF,Locale_Event:NKS_Module_04_01_Desc_AF,6,0,300405,0,0,False,False,0,False,0,,,,,,,,,,,,,,,,,,,,,,,,,,,,,,,,0,0,,,,,,
1001002,1001002,False,999,999,NKS_item_passive_07,Passive,0,None,None,Locale_Event:NKS_Module_07_05_Name_AF,Locale_Event:NKS_Module_07_01_Desc_AF,6,0,300705,0,0,False,False,0,False,0,,,,,,,,,,,,,,,,,,,,,,,,,,,,,,,,0,0,,,,,,
1001003,1001003,False,999,999,NKS_item_passive_02,Passive,0,Passive_InfiniteRevive,None,Locale_Event:NKS_Module_02_01_Name_AF,Locale_Event:NKS_Module_02_01_Desc_AF,6,0,300201,0,9999,False,False,0,False,0,,,,,,,,,,,,,,,,,,,,,,,,,,,,,,,,0,0,,,,,,
1001004,1001004,False,999,999,NKS_item_passive_10,Passive,0,None,None,Locale_Event:NKS_Module_10_05_Name_AF,Locale_Event:NKS_Module_10_01_Desc_AF,6,0,301005,0,0,False,False,0,False,0,,,,,,,,,,,,,,,,,,,,,,,,,,,,,,,,0,0,,,,,,
1001005,1001005,False,999,999,NKS_item_passive_11,Passive,0,None,None,Locale_Event:NKS_Module_11_05_Name_AF,Locale_Event:NKS_Module_11_01_Desc_AF,6,0,301105,0,0,False,False,0,False,0,,,,,,,,,,,,,,,,,,,,,,,,,,,,,,,,0,0,,,,,,
1001006,1001006,False,999,999,NKS_item_passive_12,Passive,0,None,None,Locale_Event:NKS_Module_12_05_Name_AF,Locale_Event:NKS_Module_12_01_Desc_AF,6,0,301205,0,0,False,False,0,False,0,,,,,,,,,,,,,,,,,,,,,,,,,,,,,,,,0,0,,,,,,
1001007,1001007,False,999,999,NKS_item_passive_02,Passive,0,Passive_InfiniteRevive,None,Locale_Event:NKS_Module_25AF_01_Name,Locale_Event:NKS_Module_25AF_01_Desc,6,0,300201,0,9999,False,False,0,False,0,,,,,,,,,,,,,,,,,,,,,,,,,,,,,,,,0,0,,,,,,
1001008,1001008,False,999,999,NKS_item_field_08,Passive,0,None,None,Locale_Event:NKS_Module_25AF_02_Name,Locale_Event:NKS_Module_25AF_02_Desc,6,0,300101,0,0,False,False,0,False,0,,,,,,,,,,,,,,,,,,,,,,,,,,,,,,,,0,0,,,,,,
1001009,1001009,False,999,999,NKS_item_field_23,Passive,0,None,None,Locale_Event:NKS_Module_25AF_03_Name,Locale_Event:NKS_Module_25AF_03_Desc,6,0,300101,0,0,False,False,0,False,0,,,,,,,,,,,,,,,,,,,,,,,,,,,,,,,,0,0,,,,,,
1001010,1001010,False,999,999,NKS_item_field_24,Passive,0,None,None,Locale_Event:NKS_Module_25AF_04_Name,Locale_Event:NKS_Module_25AF_04_Desc,6,0,300101,0,0,False,False,0,False,0,,,,,,,,,,,,,,,,,,,,,,,,,,,,,,,,0,0,,,,,,
1001011,1001011,False,999,999,NKS_item_field_25,Passive,0,None,None,Locale_Event:NKS_Module_25AF_05_Name,Locale_Event:NKS_Module_25AF_05_Desc,6,0,300101,0,0,False,False,0,False,0,,,,,,,,,,,,,,,,,,,,,,,,,,,,,,,,0,0,,,,,,
1001012,1001012,False,999,999,NKS_item_field_26,Passive,0,None,None,Locale_Event:NKS_Module_25AF_06_Name,Locale_Event:NKS_Module_25AF_06_Desc,6,0,300101,0,0,False,False,0,False,0,,,,,,,,,,,,,,,,,,,,,,,,,,,,,,,,0,0,,,,,,
1100000,1100000,False,6,6,NKS_item_active_01,Active,0,None,None,Locale_Event:NKS_Weapon_01_05_Name,Locale_Event:NKS_Weapon_01_01_Desc,6,0,0,200105,0,False,False,0,False,0,,,,,,,,,,,,,,,,,,,,,,,,,,,,,,,,0,0,,,,,,
1100001,1100001,False,6,6,NKS_item_field_01,Field,0,None,Currency,Locale_Event:NKS_FieldItem_Name_Currency_03,Locale_Event:NKS_FieldItem_Desc_Currency_03,6,0,0,0,1000,False,False,0,False,0,1000,,,,,,,,,,,,,,,,,,,,,,,,,,,,,,,0,0,,,,,,
1100002,1100002,False,6,6,NKS_item_field_01,Field,0,None,Currency,Locale_Event:NKS_FieldItem_Name_Currency_03,Locale_Event:NKS_FieldItem_Desc_Currency_03,6,0,0,0,1600,False,False,0,False,0,1600,,,,,,,,,,,,,,,,,,,,,,,,,,,,,,,0,0,,,,,,
1100003,1100003,False,6,6,NKS_item_field_01,Field,0,None,Currency,Locale_Event:NKS_FieldItem_Name_Currency_03,Locale_Event:NKS_FieldItem_Desc_Currency_03,6,0,0,0,2000,False,False,0,False,0,2000,,,,,,,,,,,,,,,,,,,,,,,,,,,,,,,0,0,,,,,,
1100004,1100004,False,6,6,NKS_item_field_01,Field,0,None,Currency,Locale_Event:NKS_FieldItem_Name_Currency_03,Locale_Event:NKS_FieldItem_Desc_Currency_03,6,0,0,0,2300,False,False,0,False,0,2300,,,,,,,,,,,,,,,,,,,,,,,,,,,,,,,0,0,,,,,,
1100005,1100005,False,6,6,NKS_item_field_01,Field,0,None,Currency,Locale_Event:NKS_FieldItem_Name_Currency_03,Locale_Event:NKS_FieldItem_Desc_Currency_03,6,0,0,0,3000,False,False,0,False,0,3000,,,,,,,,,,,,,,,,,,,,,,,,,,,,,,,0,0,,,,,,
1100006,1100006,False,6,6,NKS_item_field_01,Field,0,None,Currency,Locale_Event:NKS_FieldItem_Name_Currency_03,Locale_Event:NKS_FieldItem_Desc_Currency_03,6,0,0,0,3800,False,False,0,False,0,3800,,,,,,,,,,,,,,,,,,,,,,,,,,,,,,,0,0,,,,,,
1100007,1100007,False,6,6,NKS_item_field_01,Field,0,None,Currency,Locale_Event:NKS_FieldItem_Name_Currency_03,Locale_Event:NKS_FieldItem_Desc_Currency_03,6,0,0,0,4500,False,False,0,False,0,4500,,,,,,,,,,,,,,,,,,,,,,,,,,,,,,,0,0,,,,,,
1100008,1100008,False,6,6,NKS_item_field_01,Field,0,None,Currency,Locale_Event:NKS_FieldItem_Name_Currency_03,Locale_Event:NKS_FieldItem_Desc_Currency_03,6,0,0,0,4600,False,False,0,False,0,4600,,,,,,,,,,,,,,,,,,,,,,,,,,,,,,,0,0,,,,,,
1100009,1100009,False,6,6,NKS_item_field_01,Field,0,None,Currency,Locale_Event:NKS_FieldItem_Name_Currency_03,Locale_Event:NKS_FieldItem_Desc_Currency_03,6,0,0,0,5500,False,False,0,False,0,5500,,,,,,,,,,,,,,,,,,,,,,,,,,,,,,,0,0,,,,,,
1100010,1100010,False,6,6,NKS_item_field_01,Field,0,None,Currency,Locale_Event:NKS_FieldItem_Name_Currency_03,Locale_Event:NKS_FieldItem_Desc_Currency_03,6,0,0,0,6400,False,False,0,False,0,6400,,,,,,,,,,,,,,,,,,,,,,,,,,,,,,,0,0,,,,,,
1100011,1100011,False,6,6,NKS_item_field_01,Field,0,None,Currency,Locale_Event:NKS_FieldItem_Name_Currency_03,Locale_Event:NKS_FieldItem_Desc_Currency_03,6,0,0,0,7000,False,False,0,False,0,7000,,,,,,,,,,,,,,,,,,,,,,,,,,,,,,,0,0,,,,,,
1100012,1100012,False,6,6,NKS_item_field_01,Field,0,None,Currency,Locale_Event:NKS_FieldItem_Name_Currency_03,Locale_Event:NKS_FieldItem_Desc_Currency_03,6,0,0,0,7100,False,False,0,False,0,7100,,,,,,,,,,,,,,,,,,,,,,,,,,,,,,,0,0,,,,,,
1100013,1100013,False,6,6,NKS_item_field_01,Field,0,None,Currency,Locale_Event:NKS_FieldItem_Name_Currency_03,Locale_Event:NKS_FieldItem_Desc_Currency_03,6,0,0,0,7400,False,False,0,False,0,7400,,,,,,,,,,,,,,,,,,,,,,,,,,,,,,,0,0,,,,,,
1100014,1100014,False,6,6,NKS_item_field_01,Field,0,None,Currency,Locale_Event:NKS_FieldItem_Name_Currency_03,Locale_Event:NKS_FieldItem_Desc_Currency_03,6,0,0,0,8400,False,False,0,False,0,8400,,,,,,,,,,,,,,,,,,,,,,,,,,,,,,,0,0,,,,,,
1100015,1100015,False,6,6,NKS_item_field_01,Field,0,None,Currency,Locale_Event:NKS_FieldItem_Name_Currency_03,Locale_Event:NKS_FieldItem_Desc_Currency_03,6,0,0,0,12000,False,False,0,False,0,12000,,,,,,,,,,,,,,,,,,,,,,,,,,,,,,,0,0,,,,,,
1100016,1100016,False,6,6,NKS_item_field_01,Field,0,None,Currency,Locale_Event:NKS_FieldItem_Name_Currency_03,Locale_Event:NKS_FieldItem_Desc_Currency_03,6,0,0,0,20000,False,False,0,False,0,20000,,,,,,,,,,,,,,,,,,,,,,,,,,,,,,,0,0,,,,,,
2200000,2200000,False,1,1,NKS_item_active_03,Active,0,None,None,,,6,0,0,2200101,0,False,False,0,False,0,,,,disable_character_id,1.0,disable_character_id,2.0,disable_character_id,105.0,disable_character_id,106.0,disable_character_id,999.0,,,disable_character_id,3.0,disable_character_id,4.0,disable_character_id,5.0,disable_character_id,6.0,disable_character_id,101.0,disable_character_id,102.0,disable_character_id,103.0,disable_character_id,104.0,0,0,,,,,,
2200101,2200100,False,1,5,NKS_item_active_21_02,Active,0,None,None,Locale_Event:NKS_Weapon_21_01_Name,Locale_Event:NKS_Weapon_21_01_Desc,1,4500,0,2200101,0,True,False,0,False,0,1,,,disable_character_id,1.0,disable_character_id,2.0,disable_character_id,105.0,disable_character_id,106.0,disable_character_id,999.0,,,disable_character_id,3.0,disable_character_id,4.0,disable_character_id,5.0,disable_character_id,6.0,disable_character_id,101.0,disable_character_id,102.0,disable_character_id,103.0,disable_character_id,104.0,0,0,lock_character_id,201.0,,,,
2200102,2200100,False,2,5,NKS_item_active_21_02,Active,0,None,None,Locale_Event:NKS_Weapon_21_02_Name,Locale_Event:NKS_Weapon_21_01_Desc,2,0,0,2200102,0,False,False,0,False,0,1,,,disable_character_id,1.0,disable_character_id,2.0,disable_character_id,105.0,disable_character_id,106.0,disable_character_id,999.0,,,disable_character_id,3.0,disable_character_id,4.0,disable_character_id,5.0,disable_character_id,6.0,disable_character_id,101.0,disable_character_id,102.0,disable_character_id,103.0,disable_character_id,104.0,0,0,lock_character_id,201.0,,,,
2200103,2200100,False,3,5,NKS_item_active_21_02,Active,0,None,None,Locale_Event:NKS_Weapon_21_03_Name,Locale_Event:NKS_Weapon_21_01_Desc,3,0,0,2200103,0,False,False,0,False,0,2,,,disable_character_id,1.0,disable_character_id,2.0,disable_character_id,105.0,disable_character_id,106.0,disable_character_id,999.0,,,disable_character_id,3.0,disable_character_id,4.0,disable_character_id,5.0,disable_character_id,6.0,disable_character_id,101.0,disable_character_id,102.0,disable_character_id,103.0,disable_character_id,104.0,0,0,lock_character_id,201.0,,,,
2200104,2200100,False,4,5,NKS_item_active_21_02,Active,0,None,None,Locale_Event:NKS_Weapon_21_04_Name,Locale_Event:NKS_Weapon_21_01_Desc,4,0,0,2200104,0,False,False,0,False,0,2,,,disable_character_id,1.0,disable_character_id,2.0,disable_character_id,105.0,disable_character_id,106.0,disable_character_id,999.0,,,disable_character_id,3.0,disable_character_id,4.0,disable_character_id,5.0,disable_character_id,6.0,disable_character_id,101.0,disable_character_id,102.0,disable_character_id,103.0,disable_character_id,104.0,0,0,lock_character_id,201.0,,,,
2200105,2200100,False,5,5,NKS_item_active_21_02,Active,0,None,None,Locale_Event:NKS_Weapon_21_05_Name,Locale_Event:NKS_Weapon_21_01_Desc,5,0,0,2200105,0,False,False,0,False,0,2,,,disable_character_id,1.0,disable_character_id,2.0,disable_character_id,105.0,disable_character_id,106.0,disable_character_id,999.0,,,disable_character_id,3.0,disable_character_id,4.0,disable_character_id,5.0,disable_character_id,6.0,disable_character_id,101.0,disable_character_id,102.0,disable_character_id,103.0,disable_character_id,104.0,0,0,lock_character_id,201.0,,,,
2200111,2200110,False,1,5,NKS_item_active_21,Active,0,None,None,Locale_Event:NKS_Weapon_21_01_B_Name,Locale_Event:NKS_Weapon_21_01_B_Desc,1,4500,0,2200111,0,True,False,0,False,0,1,,,disable_character_id,1.0,disable_character_id,2.0,disable_character_id,105.0,disable_character_id,106.0,disable_character_id,201.0,disable_character_id,999.0,disable_character_id,3.0,disable_character_id,4.0,disable_character_id,5.0,disable_character_id,6.0,disable_character_id,101.0,disable_character_id,102.0,disable_character_id,103.0,disable_character_id,104.0,0,0,,,,,,
2200112,2200110,False,2,5,NKS_item_active_21,Active,0,None,None,Locale_Event:NKS_Weapon_21_02_B_Name,Locale_Event:NKS_Weapon_21_01_B_Desc,2,0,0,2200112,0,False,False,0,False,0,1,,,disable_character_id,1.0,disable_character_id,2.0,disable_character_id,105.0,disable_character_id,106.0,disable_character_id,201.0,disable_character_id,999.0,disable_character_id,3.0,disable_character_id,4.0,disable_character_id,5.0,disable_character_id,6.0,disable_character_id,101.0,disable_character_id,102.0,disable_character_id,103.0,disable_character_id,104.0,0,0,,,,,,
2200113,2200110,False,3,5,NKS_item_active_21,Active,0,None,None,Locale_Event:NKS_Weapon_21_03_B_Name,Locale_Event:NKS_Weapon_21_01_B_Desc,3,0,0,2200113,0,False,False,0,False,0,2,,,disable_character_id,1.0,disable_character_id,2.0,disable_character_id,105.0,disable_character_id,106.0,disable_character_id,201.0,disable_character_id,999.0,disable_character_id,3.0,disable_character_id,4.0,disable_character_id,5.0,disable_character_id,6.0,disable_character_id,101.0,disable_character_id,102.0,disable_character_id,103.0,disable_character_id,104.0,0,0,,,,,,
2200114,2200110,False,4,5,NKS_item_active_21,Active,0,None,None,Locale_Event:NKS_Weapon_21_04_B_Name,Locale_Event:NKS_Weapon_21_01_B_Desc,4,0,0,2200114,0,False,False,0,False,0,2,,,disable_character_id,1.0,disable_character_id,2.0,disable_character_id,105.0,disable_character_id,106.0,disable_character_id,201.0,disable_character_id,999.0,disable_character_id,3.0,disable_character_id,4.0,disable_character_id,5.0,disable_character_id,6.0,disable_character_id,101.0,disable_character_id,102.0,disable_character_id,103.0,disable_character_id,104.0,0,0,,,,,,
2200115,2200110,False,5,5,NKS_item_active_21,Active,0,None,None,Locale_Event:NKS_Weapon_21_05_B_Name,Locale_Event:NKS_Weapon_21_01_B_Desc,5,0,0,2200115,0,False,False,0,False,0,2,,,disable_character_id,1.0,disable_character_id,2.0,disable_character_id,105.0,disable_character_id,106.0,disable_character_id,201.0,disable_character_id,999.0,disable_character_id,3.0,disable_character_id,4.0,disable_character_id,5.0,disable_character_id,6.0,disable_character_id,101.0,disable_character_id,102.0,disable_character_id,103.0,disable_character_id,104.0,0,0,,,,,,
2200201,2200200,False,1,5,NKS_item_active_22,Active,0,None,None,Locale_Event:NKS_Weapon_22_01_Name,Locale_Event:NKS_Weapon_22_01_Desc,1,4500,0,2200201,0,True,False,0,False,0,1,,,disable_character_id,1.0,disable_character_id,2.0,disable_character_id,105.0,disable_character_id,106.0,disable_character_id,999.0,,,disable_character_id,3.0,disable_character_id,4.0,disable_character_id,5.0,disable_character_id,6.0,disable_character_id,101.0,disable_character_id,102.0,disable_character_id,103.0,disable_character_id,104.0,0,0,,,,,,
2200202,2200200,False,2,5,NKS_item_active_22,Active,0,None,None,Locale_Event:NKS_Weapon_22_02_Name,Locale_Event:NKS_Weapon_22_01_Desc,2,0,0,2200202,0,False,False,0,False,0,1,,,disable_character_id,1.0,disable_character_id,2.0,disable_character_id,105.0,disable_character_id,106.0,disable_character_id,999.0,,,disable_character_id,3.0,disable_character_id,4.0,disable_character_id,5.0,disable_character_id,6.0,disable_character_id,101.0,disable_character_id,102.0,disable_character_id,103.0,disable_character_id,104.0,0,0,,,,,,
2200203,2200200,False,3,5,NKS_item_active_22,Active,0,None,None,Locale_Event:NKS_Weapon_22_03_Name,Locale_Event:NKS_Weapon_22_01_Desc,3,0,0,2200203,0,False,False,0,False,0,2,,,disable_character_id,1.0,disable_character_id,2.0,disable_character_id,105.0,disable_character_id,106.0,disable_character_id,999.0,,,disable_character_id,3.0,disable_character_id,4.0,disable_character_id,5.0,disable_character_id,6.0,disable_character_id,101.0,disable_character_id,102.0,disable_character_id,103.0,disable_character_id,104.0,0,0,,,,,,
2200204,2200200,False,4,5,NKS_item_active_22,Active,0,None,None,Locale_Event:NKS_Weapon_22_04_Name,Locale_Event:NKS_Weapon_22_01_Desc,4,0,0,2200204,0,False,False,0,False,0,2,,,disable_character_id,1.0,disable_character_id,2.0,disable_character_id,105.0,disable_character_id,106.0,disable_character_id,999.0,,,disable_character_id,3.0,disable_character_id,4.0,disable_character_id,5.0,disable_character_id,6.0,disable_character_id,101.0,disable_character_id,102.0,disable_character_id,103.0,disable_character_id,104.0,0,0,,,,,,
2200205,2200200,False,5,5,NKS_item_active_22,Active,0,None,None,Locale_Event:NKS_Weapon_22_05_Name,Locale_Event:NKS_Weapon_22_01_Desc,5,0,0,2200205,0,False,False,0,False,0,3,,,disable_character_id,1.0,disable_character_id,2.0,disable_character_id,105.0,disable_character_id,106.0,disable_character_id,999.0,,,disable_character_id,3.0,disable_character_id,4.0,disable_character_id,5.0,disable_character_id,6.0,disable_character_id,101.0,disable_character_id,102.0,disable_character_id,103.0,disable_character_id,104.0,0,0,,,,,,
2200301,2200300,False,1,5,NKS_item_active_23,Active,0,None,None,Locale_Event:NKS_Weapon_23_01_Name,Locale_Event:NKS_Weapon_23_01_Desc,1,4500,0,2200301,0,True,False,0,False,0,1,,,disable_character_id,1.0,disable_character_id,2.0,disable_character_id,105.0,disable_character_id,106.0,disable_character_id,999.0,,,disable_character_id,3.0,disable_character_id,4.0,disable_character_id,5.0,disable_character_id,6.0,disable_character_id,101.0,disable_character_id,102.0,disable_character_id,103.0,disable_character_id,104.0,0,0,,,,,,
2200302,2200300,False,2,5,NKS_item_active_23,Active,0,None,None,Locale_Event:NKS_Weapon_23_02_Name,Locale_Event:NKS_Weapon_23_01_Desc,2,0,0,2200302,0,False,False,0,False,0,1,,,disable_character_id,1.0,disable_character_id,2.0,disable_character_id,105.0,disable_character_id,106.0,disable_character_id,999.0,,,disable_character_id,3.0,disable_character_id,4.0,disable_character_id,5.0,disable_character_id,6.0,disable_character_id,101.0,disable_character_id,102.0,disable_character_id,103.0,disable_character_id,104.0,0,0,,,,,,
2200303,2200300,False,3,5,NKS_item_active_23,Active,0,None,None,Locale_Event:NKS_Weapon_23_03_Name,Locale_Event:NKS_Weapon_23_01_Desc,3,0,0,2200303,0,False,False,0,False,0,2,,,disable_character_id,1.0,disable_character_id,2.0,disable_character_id,105.0,disable_character_id,106.0,disable_character_id,999.0,,,disable_character_id,3.0,disable_character_id,4.0,disable_character_id,5.0,disable_character_id,6.0,disable_character_id,101.0,disable_character_id,102.0,disable_character_id,103.0,disable_character_id,104.0,0,0,,,,,,
2200304,2200300,False,4,5,NKS_item_active_23,Active,0,None,None,Locale_Event:NKS_Weapon_23_04_Name,Locale_Event:NKS_Weapon_23_01_Desc,4,0,0,2200304,0,False,False,0,False,0,2,,,disable_character_id,1.0,disable_character_id,2.0,disable_character_id,105.0,disable_character_id,106.0,disable_character_id,999.0,,,disable_character_id,3.0,disable_character_id,4.0,disable_character_id,5.0,disable_character_id,6.0,disable_character_id,101.0,disable_character_id,102.0,disable_character_id,103.0,disable_character_id,104.0,0,0,,,,,,
2200305,2200300,False,5,5,NKS_item_active_23,Active,0,None,None,Locale_Event:NKS_Weapon_23_05_Name,Locale_Event:NKS_Weapon_23_01_Desc,5,0,0,2200305,0,False,False,0,False,0,3,,,disable_character_id,1.0,disable_character_id,2.0,disable_character_id,105.0,disable_character_id,106.0,disable_character_id,999.0,,,disable_character_id,3.0,disable_character_id,4.0,disable_character_id,5.0,disable_character_id,6.0,disable_character_id,101.0,disable_character_id,102.0,disable_character_id,103.0,disable_character_id,104.0,0,0,,,,,,
2200401,2200400,False,1,5,NKS_item_active_26,Active,0,None,None,Locale_Event:NKS_Weapon_24_01_Name,Locale_Event:NKS_Weapon_24_01_Desc,1,4500,0,2200401,0,True,False,0,False,0,3,1,,disable_character_id,1.0,disable_character_id,2.0,disable_character_id,105.0,disable_character_id,106.0,disable_character_id,999.0,,,disable_character_id,3.0,disable_character_id,4.0,disable_character_id,5.0,disable_character_id,6.0,disable_character_id,101.0,disable_character_id,102.0,disable_character_id,103.0,disable_character_id,104.0,0,0,,,,,,
2200402,2200400,False,2,5,NKS_item_active_26,Active,0,None,None,Locale_Event:NKS_Weapon_24_02_Name,Locale_Event:NKS_Weapon_24_01_Desc,2,0,0,2200402,0,False,False,0,False,0,3,1,,disable_character_id,1.0,disable_character_id,2.0,disable_character_id,105.0,disable_character_id,106.0,disable_character_id,999.0,,,disable_character_id,3.0,disable_character_id,4.0,disable_character_id,5.0,disable_character_id,6.0,disable_character_id,101.0,disable_character_id,102.0,disable_character_id,103.0,disable_character_id,104.0,0,0,,,,,,
2200403,2200400,False,3,5,NKS_item_active_26,Active,0,None,None,Locale_Event:NKS_Weapon_24_03_Name,Locale_Event:NKS_Weapon_24_01_Desc,3,0,0,2200403,0,False,False,0,False,0,5,2,,disable_character_id,1.0,disable_character_id,2.0,disable_character_id,105.0,disable_character_id,106.0,disable_character_id,999.0,,,disable_character_id,3.0,disable_character_id,4.0,disable_character_id,5.0,disable_character_id,6.0,disable_character_id,101.0,disable_character_id,102.0,disable_character_id,103.0,disable_character_id,104.0,0,0,,,,,,
2200404,2200400,False,4,5,NKS_item_active_26,Active,0,None,None,Locale_Event:NKS_Weapon_24_04_Name,Locale_Event:NKS_Weapon_24_01_Desc,4,0,0,2200404,0,False,False,0,False,0,5,2,,disable_character_id,1.0,disable_character_id,2.0,disable_character_id,105.0,disable_character_id,106.0,disable_character_id,999.0,,,disable_character_id,3.0,disable_character_id,4.0,disable_character_id,5.0,disable_character_id,6.0,disable_character_id,101.0,disable_character_id,102.0,disable_character_id,103.0,disable_character_id,104.0,0,0,,,,,,
2200405,2200400,False,5,5,NKS_item_active_26,Active,0,None,None,Locale_Event:NKS_Weapon_24_05_Name,Locale_Event:NKS_Weapon_24_01_Desc,5,0,0,2200405,0,False,False,0,False,0,8,3,,disable_character_id,1.0,disable_character_id,2.0,disable_character_id,105.0,disable_character_id,106.0,disable_character_id,999.0,,,disable_character_id,3.0,disable_character_id,4.0,disable_character_id,5.0,disable_character_id,6.0,disable_character_id,101.0,disable_character_id,102.0,disable_character_id,103.0,disable_character_id,104.0,0,0,,,,,,
2200501,2200500,False,1,5,NKS_item_active_27,Active,0,None,None,Locale_Event:NKS_Weapon_25_01_Name,Locale_Event:NKS_Weapon_25_01_Desc,1,4500,0,2200501,0,True,False,0,False,0,3,0.5,1,disable_character_id,1.0,disable_character_id,2.0,disable_character_id,105.0,disable_character_id,106.0,disable_character_id,999.0,,,disable_character_id,3.0,disable_character_id,4.0,disable_character_id,5.0,disable_character_id,6.0,disable_character_id,101.0,disable_character_id,102.0,disable_character_id,103.0,disable_character_id,104.0,0,0,,,,,,
2200502,2200500,False,2,5,NKS_item_active_27,Active,0,None,None,Locale_Event:NKS_Weapon_25_02_Name,Locale_Event:NKS_Weapon_25_01_Desc,2,0,0,2200502,0,False,False,0,False,0,3,0.45,2,disable_character_id,1.0,disable_character_id,2.0,disable_character_id,105.0,disable_character_id,106.0,disable_character_id,999.0,,,disable_character_id,3.0,disable_character_id,4.0,disable_character_id,5.0,disable_character_id,6.0,disable_character_id,101.0,disable_character_id,102.0,disable_character_id,103.0,disable_character_id,104.0,0,0,,,,,,
2200503,2200500,False,3,5,NKS_item_active_27,Active,0,None,None,Locale_Event:NKS_Weapon_25_03_Name,Locale_Event:NKS_Weapon_25_01_Desc,3,0,0,2200503,0,False,False,0,False,0,3,0.4,2,disable_character_id,1.0,disable_character_id,2.0,disable_character_id,105.0,disable_character_id,106.0,disable_character_id,999.0,,,disable_character_id,3.0,disable_character_id,4.0,disable_character_id,5.0,disable_character_id,6.0,disable_character_id,101.0,disable_character_id,102.0,disable_character_id,103.0,disable_character_id,104.0,0,0,,,,,,
2200504,2200500,False,4,5,NKS_item_active_27,Active,0,None,None,Locale_Event:NKS_Weapon_25_04_Name,Locale_Event:NKS_Weapon_25_01_Desc,4,0,0,2200504,0,False,False,0,False,0,3,0.35,3,disable_character_id,1.0,disable_character_id,2.0,disable_character_id,105.0,disable_character_id,106.0,disable_character_id,999.0,,,disable_character_id,3.0,disable_character_id,4.0,disable_character_id,5.0,disable_character_id,6.0,disable_character_id,101.0,disable_character_id,102.0,disable_character_id,103.0,disable_character_id,104.0,0,0,,,,,,
2200505,2200500,False,5,5,NKS_item_active_27,Active,0,None,None,Locale_Event:NKS_Weapon_25_05_Name,Locale_Event:NKS_Weapon_25_01_Desc,5,0,0,2200505,0,False,False,0,False,0,3,0.2,3,disable_character_id,1.0,disable_character_id,2.0,disable_character_id,105.0,disable_character_id,106.0,disable_character_id,999.0,,,disable_character_id,3.0,disable_character_id,4.0,disable_character_id,5.0,disable_character_id,6.0,disable_character_id,101.0,disable_character_id,102.0,disable_character_id,103.0,disable_character_id,104.0,0,0,,,,,,
2200601,2200600,False,1,5,NKS_item_active_28,Active,0,None,None,Locale_Event:NKS_Weapon_26_01_Name,Locale_Event:NKS_Weapon_26_01_Desc,1,4500,0,2200601,0,True,False,0,False,0,1,0.5,,disable_character_id,1.0,disable_character_id,2.0,disable_character_id,105.0,disable_character_id,106.0,disable_character_id,999.0,,,disable_character_id,3.0,disable_character_id,4.0,disable_character_id,5.0,disable_character_id,6.0,disable_character_id,101.0,disable_character_id,102.0,disable_character_id,103.0,disable_character_id,104.0,0,0,,,,,,
2200602,2200600,False,2,5,NKS_item_active_28,Active,0,None,None,Locale_Event:NKS_Weapon_26_02_Name,Locale_Event:NKS_Weapon_26_01_Desc,2,0,0,2200602,0,False,False,0,False,0,2,0.6,,disable_character_id,1.0,disable_character_id,2.0,disable_character_id,105.0,disable_character_id,106.0,disable_character_id,999.0,,,disable_character_id,3.0,disable_character_id,4.0,disable_character_id,5.0,disable_character_id,6.0,disable_character_id,101.0,disable_character_id,102.0,disable_character_id,103.0,disable_character_id,104.0,0,0,,,,,,
2200603,2200600,False,3,5,NKS_item_active_28,Active,0,None,None,Locale_Event:NKS_Weapon_26_03_Name,Locale_Event:NKS_Weapon_26_01_Desc,3,0,0,2200603,0,False,False,0,False,0,2,0.7,,disable_character_id,1.0,disable_character_id,2.0,disable_character_id,105.0,disable_character_id,106.0,disable_character_id,999.0,,,disable_character_id,3.0,disable_character_id,4.0,disable_character_id,5.0,disable_character_id,6.0,disable_character_id,101.0,disable_character_id,102.0,disable_character_id,103.0,disable_character_id,104.0,0,0,,,,,,
2200604,2200600,False,4,5,NKS_item_active_28,Active,0,None,None,Locale_Event:NKS_Weapon_26_04_Name,Locale_Event:NKS_Weapon_26_01_Desc,4,0,0,2200604,0,False,False,0,False,0,3,0.8,,disable_character_id,1.0,disable_character_id,2.0,disable_character_id,105.0,disable_character_id,106.0,disable_character_id,999.0,,,disable_character_id,3.0,disable_character_id,4.0,disable_character_id,5.0,disable_character_id,6.0,disable_character_id,101.0,disable_character_id,102.0,disable_character_id,103.0,disable_character_id,104.0,0,0,,,,,,
2200605,2200600,False,5,5,NKS_item_active_28,Active,0,None,None,Locale_Event:NKS_Weapon_26_05_Name,Locale_Event:NKS_Weapon_26_01_Desc,5,0,0,2200605,0,False,False,0,False,0,4,1,,disable_character_id,1.0,disable_character_id,2.0,disable_character_id,105.0,disable_character_id,106.0,disable_character_id,999.0,,,disable_character_id,3.0,disable_character_id,4.0,disable_character_id,5.0,disable_character_id,6.0,disable_character_id,101.0,disable_character_id,102.0,disable_character_id,103.0,disable_character_id,104.0,0,0,,,,,,
2200701,2200700,False,1,5,NKS_item_active_29,Active,0,None,None,Locale_Event:NKS_Weapon_27_01_Name,Locale_Event:NKS_Weapon_27_01_Desc,1,4500,0,2200701,0,True,False,0,False,0,3,,,disable_character_id,1.0,disable_character_id,2.0,disable_character_id,105.0,disable_character_id,106.0,disable_character_id,999.0,,,disable_character_id,3.0,disable_character_id,4.0,disable_character_id,5.0,disable_character_id,6.0,disable_character_id,101.0,disable_character_id,102.0,disable_character_id,103.0,disable_character_id,104.0,0,0,,,,,,
2200702,2200700,False,2,5,NKS_item_active_29,Active,0,None,None,Locale_Event:NKS_Weapon_27_02_Name,Locale_Event:NKS_Weapon_27_01_Desc,2,0,0,2200702,0,False,False,0,False,0,3,,,disable_character_id,1.0,disable_character_id,2.0,disable_character_id,105.0,disable_character_id,106.0,disable_character_id,999.0,,,disable_character_id,3.0,disable_character_id,4.0,disable_character_id,5.0,disable_character_id,6.0,disable_character_id,101.0,disable_character_id,102.0,disable_character_id,103.0,disable_character_id,104.0,0,0,,,,,,
2200703,2200700,False,3,5,NKS_item_active_29,Active,0,None,None,Locale_Event:NKS_Weapon_27_03_Name,Locale_Event:NKS_Weapon_27_01_Desc,3,0,0,2200703,0,False,False,0,False,0,4,,,disable_character_id,1.0,disable_character_id,2.0,disable_character_id,105.0,disable_character_id,106.0,disable_character_id,999.0,,,disable_character_id,3.0,disable_character_id,4.0,disable_character_id,5.0,disable_character_id,6.0,disable_character_id,101.0,disable_character_id,102.0,disable_character_id,103.0,disable_character_id,104.0,0,0,,,,,,
2200704,2200700,False,4,5,NKS_item_active_29,Active,0,None,None,Locale_Event:NKS_Weapon_27_04_Name,Locale_Event:NKS_Weapon_27_01_Desc,4,0,0,2200704,0,False,False,0,False,0,5,,,disable_character_id,1.0,disable_character_id,2.0,disable_character_id,105.0,disable_character_id,106.0,disable_character_id,999.0,,,disable_character_id,3.0,disable_character_id,4.0,disable_character_id,5.0,disable_character_id,6.0,disable_character_id,101.0,disable_character_id,102.0,disable_character_id,103.0,disable_character_id,104.0,0,0,,,,,,
2200705,2200700,False,5,5,NKS_item_active_29,Active,0,None,None,Locale_Event:NKS_Weapon_27_05_Name,Locale_Event:NKS_Weapon_27_01_Desc,5,0,0,2200705,0,False,False,0,False,0,6,,,disable_character_id,1.0,disable_character_id,2.0,disable_character_id,105.0,disable_character_id,106.0,disable_character_id,999.0,,,disable_character_id,3.0,disable_character_id,4.0,disable_character_id,5.0,disable_character_id,6.0,disable_character_id,101.0,disable_character_id,102.0,disable_character_id,103.0,disable_character_id,104.0,0,0,,,,,,
2210001,2210100,True,1,1,NKS_item_active_24,Active,0,None,None,Locale_Event:NKS_Weapon_28_01_Name,Locale_Event:NKS_Weapon_28_01_Desc,1,0,0,2210100,0,False,False,0,False,0,30,,,disable_character_id,1.0,disable_character_id,2.0,disable_character_id,105.0,disable_character_id,106.0,disable_character_id,999.0,,,disable_character_id,3.0,disable_character_id,4.0,disable_character_id,5.0,disable_character_id,6.0,disable_character_id,101.0,disable_character_id,102.0,disable_character_id,103.0,disable_character_id,104.0,201405,202005,,,,,,
2210002,2210200,True,1,1,NKS_item_active_25,Active,0,None,None,Locale_Event:NKS_Weapon_29_01_Name,Locale_Event:NKS_Weapon_29_01_Desc,1,0,0,2210200,0,False,False,0,False,0,30,30,,disable_character_id,1.0,disable_character_id,2.0,disable_character_id,105.0,disable_character_id,106.0,disable_character_id,999.0,,,disable_character_id,3.0,disable_character_id,4.0,disable_character_id,5.0,disable_character_id,6.0,disable_character_id,101.0,disable_character_id,102.0,disable_character_id,103.0,disable_character_id,104.0,201805,201905,,,,,,
2210003,2210300,True,1,1,NKS_item_active_30,Active,0,None,None,Locale_Event:NKS_Weapon_30_01_Name,Locale_Event:NKS_Weapon_30_01_Desc,1,0,0,2210300,0,False,False,0,False,0,3,30,,disable_character_id,1.0,disable_character_id,2.0,disable_character_id,105.0,disable_character_id,106.0,disable_character_id,999.0,,,disable_character_id,3.0,disable_character_id,4.0,disable_character_id,5.0,disable_character_id,6.0,disable_character_id,101.0,disable_character_id,102.0,disable_character_id,103.0,disable_character_id,104.0,2200305,201605,,,,,,
2210004,2210400,True,1,1,NKS_item_active_31,Active,0,None,None,Locale_Event:NKS_Weapon_31_01_Name,Locale_Event:NKS_Weapon_31_01_Desc,1,0,0,2210400,0,False,False,0,False,0,30,,,disable_character_id,1.0,disable_character_id,2.0,disable_character_id,105.0,disable_character_id,106.0,disable_character_id,999.0,,,disable_character_id,3.0,disable_character_id,4.0,disable_character_id,5.0,disable_character_id,6.0,disable_character_id,101.0,disable_character_id,102.0,disable_character_id,103.0,disable_character_id,104.0,2200705,2200205,,,,,,
2210005,2210500,True,1,1,NKS_item_active_32,Active,0,None,None,Locale_Event:NKS_Weapon_32_01_Name,Locale_Event:NKS_Weapon_32_01_Desc,1,0,0,2210500,0,False,False,0,False,0,45,,,disable_character_id,1.0,disable_character_id,2.0,disable_character_id,105.0,disable_character_id,106.0,disable_character_id,999.0,,,disable_character_id,3.0,disable_character_id,4.0,disable_character_id,5.0,disable_character_id,6.0,disable_character_id,101.0,disable_character_id,102.0,disable_character_id,103.0,disable_character_id,104.0,201205,2200605,,,,,,
2210006,2210600,True,1,1,NKS_item_active_33,Active,0,None,None,Locale_Event:NKS_Weapon_33_01_Name,Locale_Event:NKS_Weapon_33_01_Desc,1,0,0,2210600,0,False,False,0,False,0,2,30,,disable_character_id,1.0,disable_character_id,2.0,disable_character_id,105.0,disable_character_id,106.0,disable_character_id,999.0,,,disable_character_id,3.0,disable_character_id,4.0,disable_character_id,5.0,disable_character_id,6.0,disable_character_id,101.0,disable_character_id,102.0,disable_character_id,103.0,disable_character_id,104.0,201705,2200605,,,,,,
2410001,2410100,False,5,5,NKS_item_active_21_02,Active,0,None,None,Locale_Event:NKS_Weapon_21_05_Name,Locale_Event:NKS_Weapon_21_01_Desc,5,0,0,2200105,0,False,False,0,False,0,,,,,,,,,,,,,,,,,,,,,,,,,,,,,,,,0,0,,,,,,
2410002,2410200,False,5,5,NKS_item_active_22,Active,0,None,None,Locale_Event:NKS_Weapon_22_05_Name,Locale_Event:NKS_Weapon_22_01_Desc,5,0,0,2200205,0,False,False,0,False,0,,,,,,,,,,,,,,,,,,,,,,,,,,,,,,,,0,0,,,,,,
2410003,2410300,False,5,5,NKS_item_active_23,Active,0,None,None,Locale_Event:NKS_Weapon_23_05_Name,Locale_Event:NKS_Weapon_23_01_Desc,5,0,0,2200305,0,False,False,0,False,0,,,,,,,,,,,,,,,,,,,,,,,,,,,,,,,,0,0,,,,,,
2800101,2800101,False,1,1,NKS_item_passive_04,Passive_SkillTree,0,None,None,Locale_Event:NKS_SKT_Exia_01_01_Name,Locale_Event:NKS_SKT_Exia_01_01_Desc,1,0,2800101,0,0,False,False,0,False,0,0.8,,,,,,,,,,,,,,,,,,,,,,,,,,,,,,,0,0,,,,,,
2800201,2800201,False,1,1,NKS_item_passive_04,Passive_SkillTree,0,None,None,Locale_Event:NKS_SKT_Exia_02_01_Name,Locale_Event:NKS_SKT_Exia_02_01_Desc,2,0,2800201,0,0,False,False,0,False,0,0.8,,,,,,,,,,,,,,,,,,,,,,,,,,,,,,,0,0,,,,,,
2800202,2800202,False,1,1,NKS_item_passive_07,Passive_SkillTree,0,None,None,Locale_Event:NKS_SKT_Exia_02_02_Name,Locale_Event:NKS_SKT_Exia_02_02_Desc,1,0,2800202,0,0,False,False,0,False,0,2,,,,,,,,,,,,,,,,,,,,,,,,,,,,,,,0,0,,,,,,
2800203,2800203,False,1,1,NKS_item_passive_04,Passive_SkillTree,0,None,None,Locale_Event:NKS_SKT_Exia_02_03_Name,Locale_Event:NKS_SKT_Exia_02_03_Desc,3,0,2800203,0,0,False,False,0,False,0,0.8,,,,,,,,,,,,,,,,,,,,,,,,,,,,,,,0,0,,,,,,
2800204,2800204,False,1,1,NKS_item_passive_08,Passive_SkillTree,0,None,None,Locale_Event:NKS_SKT_Exia_02_04_Name,Locale_Event:NKS_SKT_Exia_02_04_Desc,1,0,2800204,0,0,False,False,0,False,0,0.15,,,,,,,,,,,,,,,,,,,,,,,,,,,,,,,0,0,,,,,,
2800205,2800205,False,1,1,NKS_item_passive_07,Passive_SkillTree,0,None,None,Locale_Event:NKS_SKT_Exia_02_05_Name,Locale_Event:NKS_SKT_Exia_02_05_Desc,2,0,2800205,0,0,False,False,0,False,0,3,,,,,,,,,,,,,,,,,,,,,,,,,,,,,,,0,0,,,,,,
2800301,2800301,False,1,1,NKS_item_passive_11,Passive_SkillTree,0,None,None,Locale_Event:NKS_SKT_Exia_03_01_Name,Locale_Event:NKS_SKT_Exia_03_01_Desc,1,0,2800301,0,0,False,False,0,False,0,,,,,,,,,,,,,,,,,,,,,,,,,,,,,,,,0,0,,,,,,
2800302,2800302,False,1,1,NKS_item_passive_04,Passive_SkillTree,0,None,None,Locale_Event:NKS_SKT_Exia_03_02_Name,Locale_Event:NKS_SKT_Exia_03_02_Desc,4,0,2800302,0,0,False,False,0,False,0,0.8,,,,,,,,,,,,,,,,,,,,,,,,,,,,,,,0,0,,,,,,
2800303,2800303,False,1,1,NKS_item_passive_07,Passive_SkillTree,0,None,None,Locale_Event:NKS_SKT_Exia_03_03_Name,Locale_Event:NKS_SKT_Exia_03_03_Desc,3,0,2800303,0,0,False,False,0,False,0,3,,,,,,,,,,,,,,,,,,,,,,,,,,,,,,,0,0,,,,,,
2800304,2800304,False,1,1,NKS_item_passive_08,Passive_SkillTree,0,None,None,Locale_Event:NKS_SKT_Exia_03_04_Name,Locale_Event:NKS_SKT_Exia_03_04_Desc,2,0,2800304,0,0,False,False,0,False,0,0.15,,,,,,,,,,,,,,,,,,,,,,,,,,,,,,,0,0,,,,,,
2800305,2800305,False,1,1,NKS_item_passive_05,Passive_SkillTree,0,None,None,Locale_Event:NKS_SKT_Exia_03_05_Name,Locale_Event:NKS_SKT_Exia_03_05_Desc,1,0,2800305,0,0,False,False,0,False,0,8,,,,,,,,,,,,,,,,,,,,,,,,,,,,,,,0,0,,,,,,
2800306,2800306,False,1,1,NKS_item_passive_06,Passive_SkillTree,0,None,None,Locale_Event:NKS_SKT_Exia_03_06_Name,Locale_Event:NKS_SKT_Exia_03_06_Desc,1,0,2800306,0,0,False,False,0,False,0,0.1,,,,,,,,,,,,,,,,,,,,,,,,,,,,,,,0,0,,,,,,
2800307,2800307,False,1,1,NKS_item_passive_07,Passive_SkillTree,0,None,None,Locale_Event:NKS_SKT_Exia_03_07_Name,Locale_Event:NKS_SKT_Exia_03_07_Desc,4,0,2800307,0,0,False,False,0,False,0,3,,,,,,,,,,,,,,,,,,,,,,,,,,,,,,,0,0,,,,,,
2800401,2800401,False,1,1,NKS_item_passive_08,Passive_SkillTree,0,None,None,Locale_Event:NKS_SKT_Exia_04_01_Name,Locale_Event:NKS_SKT_Exia_04_01_Desc,3,0,2800401,0,0,False,False,0,False,0,0.15,,,,,,,,,,,,,,,,,,,,,,,,,,,,,,,0,0,,,,,,
2800402,2800402,False,1,1,NKS_item_passive_09,Passive_SkillTree,0,None,None,Locale_Event:NKS_SKT_Exia_04_02_Name,Locale_Event:NKS_SKT_Exia_04_02_Desc,1,0,2800402,0,0,False,False,0,False,0,0.1,,,,,,,,,,,,,,,,,,,,,,,,,,,,,,,0,0,,,,,,
2800403,2800403,False,1,1,NKS_item_passive_08,Passive_SkillTree,0,None,None,Locale_Event:NKS_SKT_Exia_04_03_Name,Locale_Event:NKS_SKT_Exia_04_03_Desc,4,0,2800403,0,0,False,False,0,False,0,0.15,,,,,,,,,,,,,,,,,,,,,,,,,,,,,,,0,0,,,,,,
2800404,2800404,False,1,1,NKS_item_passive_09,Passive_SkillTree,0,None,None,Locale_Event:NKS_SKT_Exia_04_04_Name,Locale_Event:NKS_SKT_Exia_04_04_Desc,2,0,2800404,0,0,False,False,0,False,0,0.1,,,,,,,,,,,,,,,,,,,,,,,,,,,,,,,0,0,,,,,,
2800405,2800405,False,1,1,NKS_item_passive_11,Passive_SkillTree,0,None,None,Locale_Event:NKS_SKT_Exia_04_05_Name,Locale_Event:NKS_SKT_Exia_04_05_Desc,2,0,2800405,0,0,False,False,0,False,0,,,,,,,,,,,,,,,,,,,,,,,,,,,,,,,,0,0,,,,,,
2800501,2800501,False,1,1,NKS_item_passive_07,Passive_SkillTree,0,None,None,Locale_Event:NKS_SKT_Exia_05_01_Name,Locale_Event:NKS_SKT_Exia_05_01_Desc,5,0,2800501,0,0,False,False,0,False,0,3,,,,,,,,,,,,,,,,,,,,,,,,,,,,,,,0,0,,,,,,
2800502,2800502,False,1,1,NKS_item_passive_08,Passive_SkillTree,0,None,None,Locale_Event:NKS_SKT_Exia_05_02_Name,Locale_Event:NKS_SKT_Exia_05_02_Desc,5,0,2800502,0,0,False,False,0,False,0,0.15,,,,,,,,,,,,,,,,,,,,,,,,,,,,,,,0,0,,,,,,
2800503,2800503,False,1,1,NKS_item_passive_01,Passive_SkillTree,0,None,None,Locale_Event:NKS_SKT_Exia_05_03_Name,Locale_Event:NKS_SKT_Exia_05_03_Desc,1,0,2800503,0,0,False,False,0,False,0,50,,,,,,,,,,,,,,,,,,,,,,,,,,,,,,,0,0,,,,,,
2800504,2800504,False,1,1,NKS_item_passive_05,Passive_SkillTree,0,None,None,Locale_Event:NKS_SKT_Exia_05_04_Name,Locale_Event:NKS_SKT_Exia_05_04_Desc,2,0,2800504,0,0,False,False,0,False,0,9,,,,,,,,,,,,,,,,,,,,,,,,,,,,,,,0,0,,,,,,
2800505,2800505,False,1,1,NKS_item_passive_10,Passive_SkillTree,0,None,None,Locale_Event:NKS_SKT_Exia_05_05_Name,Locale_Event:NKS_SKT_Exia_05_05_Desc,1,0,2800505,0,0,False,False,0,False,0,0.3,,,,,,,,,,,,,,,,,,,,,,,,,,,,,,,0,0,,,,,,
2800506,2800506,False,1,1,NKS_item_passive_09,Passive_SkillTree,0,None,None,Locale_Event:NKS_SKT_Exia_05_06_Name,Locale_Event:NKS_SKT_Exia_05_06_Desc,3,0,2800506,0,0,False,False,0,False,0,0.1,,,,,,,,,,,,,,,,,,,,,,,,,,,,,,,0,0,,,,,,
2800507,2800507,False,1,1,NKS_item_passive_07,Passive_SkillTree,0,None,None,Locale_Event:NKS_SKT_Exia_05_07_Name,Locale_Event:NKS_SKT_Exia_05_07_Desc,4,0,2800507,0,0,False,False,0,False,0,5,,,,,,,,,,,,,,,,,,,,,,,,,,,,,,,0,0,,,,,,
3000101,3000101,False,1,1,NKS_item_passive_07,Passive_SkillTree,0,None,None,Locale_Event:NKS_SKT_SnowWhite_03_02_Name,Locale_Event:NKS_SKT_SnowWhite_03_02_Desc,2,0,3000101,0,0,False,False,0,False,0,4,,,,,,,,,,,,,,,,,,,,,,,,,,,,,,,0,0,,,,,,
3000102,3000102,False,1,1,NKS_item_passive_07,Passive_SkillTree,0,None,None,Locale_Event:NKS_SKT_SnowWhite_04_01_Name,Locale_Event:NKS_SKT_SnowWhite_04_01_Desc,3,0,3000102,0,0,False,False,0,False,0,4,,,,,,,,,,,,,,,,,,,,,,,,,,,,,,,0,0,,,,,,
3000201,3000201,False,1,1,NKS_item_passive_05,Passive_SkillTree,0,None,None,Locale_Event:NKS_SKT_SnowWhite_02_02_Name,Locale_Event:NKS_SKT_SnowWhite_02_02_Desc,1,0,3000201,0,0,False,False,0,False,0,4,,,,,,,,,,,,,,,,,,,,,,,,,,,,,,,0,0,,,,,,
3000202,3000202,False,1,1,NKS_item_passive_05,Passive_SkillTree,0,None,None,Locale_Event:NKS_SKT_SnowWhite_03_03_Name,Locale_Event:NKS_SKT_SnowWhite_03_03_Desc,2,0,3000202,0,0,False,False,0,False,0,4,,,,,,,,,,,,,,,,,,,,,,,,,,,,,,,0,0,,,,,,
3000203,3000203,False,1,1,NKS_item_passive_05,Passive_SkillTree,0,None,None,Locale_Event:NKS_SKT_SnowWhite_04_04_Name,Locale_Event:NKS_SKT_SnowWhite_04_04_Desc,3,0,3000203,0,0,False,False,0,False,0,5,,,,,,,,,,,,,,,,,,,,,,,,,,,,,,,0,0,,,,,,
3000204,3000204,False,1,1,NKS_item_passive_05,Passive_SkillTree,0,None,None,Locale_Event:NKS_SKT_SnowWhite_05_04_Name,Locale_Event:NKS_SKT_SnowWhite_05_04_Desc,4,0,3000204,0,0,False,False,0,False,0,5,,,,,,,,,,,,,,,,,,,,,,,,,,,,,,,0,0,,,,,,
3100101,3100101,False,1,1,NKS_item_passive_07,Passive_SkillTree,0,None,None,Locale_Event:NKS_SKT_Dorothy_02_01_Name,Locale_Event:NKS_SKT_Dorothy_02_01_Desc,1,0,3100101,0,0,False,False,0,False,0,3,,,,,,,,,,,,,,,,,,,,,,,,,,,,,,,0,0,,,,,,
3100102,3100102,False,1,1,NKS_item_passive_07,Passive_SkillTree,0,None,None,Locale_Event:NKS_SKT_Dorothy_02_03_Name,Locale_Event:NKS_SKT_Dorothy_02_03_Desc,2,0,3100102,0,0,False,False,0,False,0,4,,,,,,,,,,,,,,,,,,,,,,,,,,,,,,,0,0,,,,,,
3100103,3100103,False,1,1,NKS_item_passive_07,Passive_SkillTree,0,None,None,Locale_Event:NKS_SKT_Dorothy_05_07_Name,Locale_Event:NKS_SKT_Dorothy_05_07_Desc,4,0,3100103,0,0,False,False,0,False,0,5,,,,,,,,,,,,,,,,,,,,,,,,,,,,,,,0,0,,,,,,
3100104,3100104,False,1,1,NKS_item_passive_05,Passive_SkillTree,0,None,None,Locale_Event:NKS_SKT_Dorothy_04_01_Name,Locale_Event:NKS_SKT_Dorothy_04_01_Desc,1,0,3100201,0,0,False,False,0,False,0,8,,,,,,,,,,,,,,,,,,,,,,,,,,,,,,,0,0,,,,,,
3100201,3100201,False,1,1,NKS_item_passive_05,Passive_SkillTree,0,None,None,Locale_Event:NKS_SKT_Dorothy_05_04_Name,Locale_Event:NKS_SKT_Dorothy_05_04_Desc,2,0,3100202,0,0,False,False,0,False,0,8,,,,,,,,,,,,,,,,,,,,,,,,,,,,,,,0,0,,,,,,
3200101,3200101,False,1,1,NKS_item_passive_07,Passive_SkillTree,0,None,None,Locale_Event:NKS_SKT_Scarlet_02_03_Name,Locale_Event:NKS_SKT_Scarlet_02_03_Desc,1,0,3200101,0,0,False,False,0,False,0,4,,,,,,,,,,,,,,,,,,,,,,,,,,,,,,,0,0,,,,,,
3200103,3200103,False,1,1,NKS_item_passive_07,Passive_SkillTree,0,None,None,Locale_Event:NKS_SKT_Scarlet_03_02_Name,Locale_Event:NKS_SKT_Scarlet_03_02_Desc,2,0,3200103,0,0,False,False,0,False,0,4,,,,,,,,,,,,,,,,,,,,,,,,,,,,,,,0,0,,,,,,
3200201,3200201,False,1,1,NKS_item_passive_05,Passive_SkillTree,0,None,None,Locale_Event:NKS_SKT_Scarlet_03_05_Name,Locale_Event:NKS_SKT_Scarlet_03_05_Desc,1,0,3200201,0,0,False,False,0,False,0,4,,,,,,,,,,,,,,,,,,,,,,,,,,,,,,,0,0,,,,,,
3200202,3200202,False,1,1,NKS_item_passive_05,Passive_SkillTree,0,None,None,Locale_Event:NKS_SKT_Scarlet_04_01_Name,Locale_Event:NKS_SKT_Scarlet_04_01_Desc,2,0,3200202,0,0,False,False,0,False,0,6,,,,,,,,,,,,,,,,,,,,,,,,,,,,,,,0,0,,,,,,
3200203,3200203,False,1,1,NKS_item_passive_05,Passive_SkillTree,0,None,None,Locale_Event:NKS_SKT_Scarlet_05_04_Name,Locale_Event:NKS_SKT_Scarlet_05_04_Desc,3,0,3200203,0,0,False,False,0,False,0,9,,,,,,,,,,,,,,,,,,,,,,,,,,,,,,,0,0,,,,,,
3300101,3300101,False,1,1,NKS_item_passive_07,Passive_SkillTree,0,None,None,Locale_Event:NKS_SKT_Rapunzel_03_03_Name,Locale_Event:NKS_SKT_Rapunzel_03_03_Desc,1,0,3300101,0,0,False,False,0,False,0,6,,,,,,,,,,,,,,,,,,,,,,,,,,,,,,,0,0,,,,,,
3300102,3300102,False,1,1,NKS_item_passive_07,Passive_SkillTree,0,None,None,Locale_Event:NKS_SKT_Rapunzel_05_01_Name,Locale_Event:NKS_SKT_Rapunzel_05_01_Desc,2,0,3300102,0,0,False,False,0,False,0,6,,,,,,,,,,,,,,,,,,,,,,,,,,,,,,,0,0,,,,,,
3300103,3300103,False,1,1,NKS_item_passive_07,Passive_SkillTree,0,None,None,Locale_Event:NKS_SKT_Rapunzel_05_07_Name,Locale_Event:NKS_SKT_Rapunzel_05_07_Desc,3,0,3300103,0,0,False,False,0,False,0,7,,,,,,,,,,,,,,,,,,,,,,,,,,,,,,,0,0,,,,,,
3300201,3300201,False,1,1,NKS_item_passive_05,Passive_SkillTree,0,None,None,Locale_Event:NKS_SKT_Rapunzel_02_02_Name,Locale_Event:NKS_SKT_Rapunzel_02_02_Desc,1,0,3300201,0,0,False,False,0,False,0,3,,,,,,,,,,,,,,,,,,,,,,,,,,,,,,,0,0,,,,,,
3300202,3300202,False,1,1,NKS_item_passive_05,Passive_SkillTree,0,None,None,Locale_Event:NKS_SKT_Rapunzel_02_05_Name,Locale_Event:NKS_SKT_Rapunzel_02_05_Desc,2,0,3300202,0,0,False,False,0,False,0,3,,,,,,,,,,,,,,,,,,,,,,,,,,,,,,,0,0,,,,,,
3300203,3300203,False,1,1,NKS_item_passive_05,Passive_SkillTree,0,None,None,Locale_Event:NKS_SKT_Rapunzel_04_01_Name,Locale_Event:NKS_SKT_Rapunzel_04_01_Desc,3,0,3300203,0,0,False,False,0,False,0,4,,,,,,,,,,,,,,,,,,,,,,,,,,,,,,,0,0,,,,,,
3300204,3300204,False,1,1,NKS_item_passive_05,Passive_SkillTree,0,None,None,Locale_Event:NKS_SKT_Rapunzel_05_04_Name,Locale_Event:NKS_SKT_Rapunzel_05_04_Desc,4,0,3300204,0,0,False,False,0,False,0,5,,,,,,,,,,,,,,,,,,,,,,,,,,,,,,,0,0,,,,,,
3400201,3400201,False,1,1,NKS_item_passive_05,Passive_SkillTree,0,None,None,Locale_Event:NKS_SKT_RedHood_03_05_Name,Locale_Event:NKS_SKT_RedHood_03_05_Desc,1,0,3400201,0,0,False,False,0,False,0,9,,,,,,,,,,,,,,,,,,,,,,,,,,,,,,,0,0,,,,,,
3400202,3400202,False,1,1,NKS_item_passive_05,Passive_SkillTree,0,None,None,Locale_Event:NKS_SKT_RedHood_05_04_Name,Locale_Event:NKS_SKT_RedHood_05_04_Desc,2,0,3400202,0,0,False,False,0,False,0,9,,,,,,,,,,,,,,,,,,,,,,,,,,,,,,,0,0,,,,,,
3500201,3500201,False,1,1,NKS_item_passive_05,Passive_SkillTree,0,None,None,Locale_Event:NKS_SKT_ReRedHood_03_05_Name,Locale_Event:NKS_SKT_ReRedHood_03_05_Desc,1,0,3500201,0,0,False,False,0,False,0,8,,,,,,,,,,,,,,,,,,,,,,,,,,,,,,,0,0,,,,,,
3500202,3500202,False,1,1,NKS_item_passive_05,Passive_SkillTree,0,None,None,Locale_Event:NKS_SKT_ReRedHood_05_04_Name,Locale_Event:NKS_SKT_ReRedHood_05_04_Desc,2,0,3500202,0,0,False,False,0,False,0,8,,,,,,,,,,,,,,,,,,,,,,,,,,,,,,,0,0,,,,,,
