id,resource_id,monster_scale,iscollide,col_type,grade,behavior_tree,monsteraction_group_id,stat_mvspd,stat_hp,stat_atk,stat_def,stat_projspd,stat_projsize,stat_coldmg,randomdrop_group_id,randomdrop_amount,drop_radius,deathaction_group_id,spawneffect_resource_id,hiteffect_resource_id,deatheffect_resource_id,resistance_attract,resistance_knockback,resistance_paralysis,drop_item/0/drop_item_id,drop_item/0/drop_item_amount,drop_item/1/drop_item_id,drop_item/1/drop_item_amount,drop_item/2/drop_item_id,drop_item/2/drop_item_amount
1,NKS_monster_bma004,0,True,Fly,Normal,,1,0,20,1,1,1,1,6,2,2,1,4,NKS_fx_monster_spawn_01,NKS_fx_monster_hit_01,NKS_fx_common_explosion_01,False,False,False,100101,1,0,0,0,0
2,NKS_monster_eta001,0,True,Fly,Normal,,2,0,20,2,2,1,1,6,2,2,1,0,NKS_fx_monster_spawn_01,NKS_fx_monster_hit_01,NKS_fx_common_explosion_01,False,False,False,100101,1,0,0,0,0
3,NKS_monster_mmg005,0,True,Ground,Normal,,8,0,30,2,2,1,1,6,2,2,1,0,NKS_fx_monster_spawn_01,NKS_fx_monster_hit_01,NKS_fx_common_explosion_01,False,False,False,100101,1,0,0,0,0
4,NKS_monster_emg003,0,True,Ground,Normal,,9,0,30,2,2,1,1,6,2,2,1,0,NKS_fx_monster_spawn_01,NKS_fx_monster_hit_01,NKS_fx_common_explosion_01,False,False,False,100101,1,0,0,0,0
5,NKS_monster_eea003,0,True,Fly,Normal,,1,0,40,2,2,1,1,6,2,2,1,0,NKS_fx_monster_spawn_02,NKS_fx_monster_hit_01,NKS_fx_common_explosion_02,False,False,False,100101,2,0,0,0,0
6,NKS_monster_beg006,0,True,Ground,Normal,,3,0,40,2,8,1,1,6,2,2,1,0,NKS_fx_monster_spawn_02,NKS_fx_monster_hit_01,NKS_fx_common_explosion_02,False,False,False,100101,5,0,0,0,0
7,NKS_monster_bca002,0,True,Fly,Normal,,5,0,20,2,2,1,1,6,2,2,1,0,NKS_fx_monster_spawn_02,NKS_fx_monster_hit_01,NKS_fx_common_explosion_02,False,False,False,100101,1,0,0,0,0
8,NKS_monster_ecg003,0,True,Ground,Normal,,7,0,20,2,2,1,1,6,2,2,1,0,NKS_fx_monster_spawn_02,NKS_fx_monster_hit_01,NKS_fx_common_explosion_02,False,False,False,100101,1,0,0,0,0
9,boss_iceland,0,False,Ground,Boss,NKSmini_BT_boss01,0,0,15000,4,10,1,1,8,2,2,1,0,NKS_fx_monster_boss_spawn_01,NKS_fx_monster_hit_02,NKS_fx_boss_explosion_01,True,True,True,100101,15,100801,0,9,1
10,boss_armybase,0,False,Ground,Boss,NKSmini_BT_boss02,0,0,15000,4,10,1,1,8,2,2,1,0,NKS_fx_monster_boss_spawn_01,NKS_fx_monster_hit_02,NKS_fx_boss_explosion_01,True,True,True,100101,15,100801,0,9,1
11,boss_desert,0,False,Ground,Boss,NKSmini_BT_boss03,0,-1717986918,45000,8,10,1,1,8,2,2,1,0,NKS_fx_monster_boss_spawn_01,NKS_fx_monster_hit_02,NKS_fx_boss_explosion_01,True,True,True,100101,15,100801,0,9,1
12,boss_grassland,0,False,Fly,Boss,NKSmini_BT_boss04,0,0,15000,10,10,1,1,10,2,2,1,0,NKS_fx_monster_boss_spawn_01,NKS_fx_monster_hit_02,NKS_fx_boss_explosion_01,True,True,True,100101,15,100801,0,9,1
13,boss_simulationroom,0,False,Ground,Boss,NKSmini_BT_boss05,0,0,15000,15,10,1,1,20,2,2,1,0,NKS_fx_monster_boss_spawn_01,NKS_fx_monster_hit_02,NKS_fx_boss_explosion_01,True,True,True,100101,15,100801,0,9,1
14,boss_hidden,0,False,Fly,Boss,NKSmini_BT_boss06,0,0,30000,30,10,1,1,30,2,2,1,0,NKS_fx_monster_boss_spawn_01,NKS_fx_monster_hit_02,NKS_fx_boss_explosion_01,True,True,True,100101,15,100801,0,9,1
15,NKS_monster_mmg005,0,True,Fly,Normal,,10,0,40,2,4,1,1,6,2,2,1,0,NKS_fx_monster_spawn_01,NKS_fx_monster_hit_01,NKS_fx_common_explosion_01,True,True,True,100101,2,0,0,0,0
16,boss_grassland,0,False,Fly,Boss,NKSmini_BT_boss04,0,0,20,2,15,1,1,6,2,2,1,0,NKS_fx_monster_boss_spawn_01,NKS_fx_monster_hit_02,NKS_fx_boss_explosion_01,True,True,True,100101,15,100801,0,9,1
17,NKS_monster_simulationRoom,0,True,Ground,Normal,,600000,-1717986918,120,10,2,1,1,10,0,0,0,0,NKS_fx_monster_spawn_01,NKS_fx_monster_hit_01,NKS_fx_common_explosion_01,True,True,True,0,0,0,0,0,0
18,NKS_monster_simulationRoom,0,True,Ground,Normal,,600001,-1717986918,120,10,2,1,1,10,0,0,0,0,NKS_fx_monster_spawn_01,NKS_fx_monster_hit_01,NKS_fx_common_explosion_01,True,True,True,0,0,0,0,0,0
19,NKS_monster_simulationRoom,0,True,Ground,Normal,,600002,-1717986918,120,10,2,1,1,10,0,0,0,0,NKS_fx_monster_spawn_01,NKS_fx_monster_hit_01,NKS_fx_common_explosion_01,True,True,True,0,0,0,0,0,0
20,NKS_monster_simulationRoom,0,True,Ground,Normal,,600003,-1717986918,120,10,2,1,1,10,0,0,0,0,NKS_fx_monster_spawn_01,NKS_fx_monster_hit_01,NKS_fx_common_explosion_01,True,True,True,0,0,0,0,0,0
21,NKS_monster_simulationRoom,0,True,Ground,Normal,,600004,-1717986918,120,10,2,1,1,10,0,0,0,0,NKS_fx_monster_spawn_01,NKS_fx_monster_hit_01,NKS_fx_common_explosion_01,True,True,True,0,0,0,0,0,0
22,NKS_monster_simulationRoom,0,True,Ground,Normal,,600005,-1717986918,120,10,2,1,1,10,0,0,0,0,NKS_fx_monster_spawn_01,NKS_fx_monster_hit_01,NKS_fx_common_explosion_01,True,True,True,0,0,0,0,0,0
23,NKS_monster_simulationRoom,0,True,Ground,Normal,,600006,-1717986918,120,10,2,1,1,10,0,0,0,0,NKS_fx_monster_spawn_01,NKS_fx_monster_hit_01,NKS_fx_common_explosion_01,True,True,True,0,0,0,0,0,0
101000,NKS_monster_mmg005,0,True,Ground,Normal,,11,0,7,2,2,1,1,6,4,1,0,0,NKS_fx_monster_spawn_01,NKS_fx_monster_hit_01,NKS_fx_common_explosion_01,False,False,False,0,0,0,0,0,0
101001,NKS_monster_mmg005,0,True,Ground,Normal,,11,0,7,2,2,1,1,6,4,1,0,0,NKS_fx_monster_spawn_01,NKS_fx_monster_hit_01,NKS_fx_common_explosion_01,False,False,False,0,0,0,0,0,0
101002,NKS_monster_mmg005,0,True,Ground,Normal,,12,0,4,2,2,1,1,6,4,1,0,0,NKS_fx_monster_spawn_01,NKS_fx_monster_hit_01,NKS_fx_common_explosion_01,False,False,False,0,0,0,0,0,0
101003,NKS_monster_mmg005,0,True,Ground,Normal,,5,0,7,2,2,1,1,6,4,1,0,0,NKS_fx_monster_spawn_01,NKS_fx_monster_hit_01,NKS_fx_common_explosion_01,False,False,False,0,0,0,0,0,0
101004,NKS_monster_mmg005,0,True,Ground,Normal,,101004,0,7,2,2,1,1,6,4,1,0,0,NKS_fx_monster_spawn_01,NKS_fx_monster_hit_01,NKS_fx_common_explosion_01,False,False,False,0,0,0,0,0,0
101005,NKS_monster_mmg005,0,True,Ground,Normal,,101005,0,7,2,2,1,1,6,4,1,0,0,NKS_fx_monster_spawn_01,NKS_fx_monster_hit_01,NKS_fx_common_explosion_01,False,False,False,0,0,0,0,0,0
101006,NKS_monster_emg003,0,True,Ground,Normal,,101006,0,7,2,2,1,1,6,4,1,0,0,NKS_fx_monster_spawn_01,NKS_fx_monster_hit_01,NKS_fx_common_explosion_01,False,False,False,0,0,0,0,0,0
101007,NKS_monster_emg003,0,True,Ground,Normal,,101007,0,7,2,2,1,1,6,4,1,0,0,NKS_fx_monster_spawn_01,NKS_fx_monster_hit_01,NKS_fx_common_explosion_01,False,False,False,0,0,0,0,0,0
101008,NKS_monster_eea003,0,True,Fly,Normal,,101008,0,7,2,2,1,1,6,4,1,0,101009,NKS_fx_monster_spawn_01,NKS_fx_monster_hit_01,NKS_fx_common_explosion_01,False,False,False,0,0,0,0,0,0
101009,NKS_monster_emg003,0,True,Ground,Normal,,101010,0,7,2,2,1,1,6,4,1,0,0,NKS_fx_monster_spawn_01,NKS_fx_monster_hit_01,NKS_fx_common_explosion_01,False,False,False,0,0,0,0,0,0
101101,NKS_monster_mmg005,-1717986918,True,Ground,Normal,,101001,-1717986918,3,2,0,1,1,6,4,1,0,0,NKS_fx_monster_spawn_01,NKS_fx_monster_hit_01,NKS_fx_common_explosion_01,False,False,False,0,0,0,0,0,0
101102,NKS_monster_mmg005,-1717986918,True,Ground,Normal,,101001,-1717986918,15,2,0,1,1,6,4,1,0,0,NKS_fx_monster_spawn_01,NKS_fx_monster_hit_01,NKS_fx_common_explosion_01,False,False,False,0,0,0,0,0,0
101103,NKS_monster_mmg005,0,True,Ground,Normal,,101001,0,40,2,0,1,1,6,4,1,0,0,NKS_fx_monster_spawn_01,NKS_fx_monster_hit_01,NKS_fx_common_explosion_01,False,False,False,0,0,0,0,0,0
101104,NKS_monster_mmg005,-1717986918,True,Ground,Normal,,101001,0,5,2,0,1,1,6,0,0,0,0,NKS_fx_monster_spawn_01,NKS_fx_monster_hit_01,NKS_fx_common_explosion_01,False,False,False,0,0,0,0,0,0
101201,NKS_monster_emg003,-1717986918,True,Ground,Normal,,101001,-1717986918,3,2,0,1,1,6,4,1,0,0,NKS_fx_monster_spawn_01,NKS_fx_monster_hit_01,NKS_fx_common_explosion_01,False,False,False,0,0,0,0,0,0
101202,NKS_monster_emg003,-1717986918,True,Ground,Normal,,101001,-1717986918,15,2,0,1,1,6,4,1,0,0,NKS_fx_monster_spawn_01,NKS_fx_monster_hit_01,NKS_fx_common_explosion_01,False,False,False,0,0,0,0,0,0
101203,NKS_monster_emg003,0,True,Ground,Normal,,101001,0,40,2,0,1,1,6,4,1,0,0,NKS_fx_monster_spawn_01,NKS_fx_monster_hit_01,NKS_fx_common_explosion_01,False,False,False,0,0,0,0,0,0
101204,NKS_monster_emg003,0,True,Ground,Normal,,101001,0,2,2,0,1,1,6,0,0,0,0,NKS_fx_monster_spawn_01,NKS_fx_monster_hit_01,NKS_fx_common_explosion_01,False,False,False,0,0,0,0,0,0
101301,NKS_monster_bma004,-1717986918,True,Ground,Normal,,101001,-1717986918,3,2,0,1,1,6,4,1,0,0,NKS_fx_monster_spawn_01,NKS_fx_monster_hit_01,NKS_fx_common_explosion_01,False,False,False,0,0,0,0,0,0
101302,NKS_monster_bma004,-1717986918,True,Ground,Normal,,101001,-1717986918,15,2,0,1,1,6,4,1,0,0,NKS_fx_monster_spawn_01,NKS_fx_monster_hit_01,NKS_fx_common_explosion_01,False,False,False,0,0,0,0,0,0
101303,NKS_monster_bma004,0,True,Ground,Normal,,101001,0,40,2,0,1,1,6,4,1,0,0,NKS_fx_monster_spawn_01,NKS_fx_monster_hit_01,NKS_fx_common_explosion_01,False,False,False,0,0,0,0,0,0
101304,NKS_monster_bma004,0,True,Ground,Normal,,101001,0,2,2,0,1,1,6,0,0,0,0,NKS_fx_monster_spawn_01,NKS_fx_monster_hit_01,NKS_fx_common_explosion_01,False,False,False,0,0,0,0,0,0
101401,NKS_monster_eta001,-1717986918,True,Ground,Normal,,101001,-1717986918,3,2,0,1,1,6,4,1,0,0,NKS_fx_monster_spawn_01,NKS_fx_monster_hit_01,NKS_fx_common_explosion_01,False,False,False,0,0,0,0,0,0
101402,NKS_monster_eta001,-1717986918,True,Ground,Normal,,101001,-1717986918,15,2,0,1,1,6,4,1,0,0,NKS_fx_monster_spawn_01,NKS_fx_monster_hit_01,NKS_fx_common_explosion_01,False,False,False,0,0,0,0,0,0
101403,NKS_monster_eta001,0,True,Ground,Normal,,101001,0,40,2,0,1,1,6,4,1,0,0,NKS_fx_monster_spawn_01,NKS_fx_monster_hit_01,NKS_fx_common_explosion_01,False,False,False,0,0,0,0,0,0
101404,NKS_monster_eta001,0,True,Ground,Normal,,101001,0,2,2,0,1,1,6,0,0,0,0,NKS_fx_monster_spawn_01,NKS_fx_monster_hit_01,NKS_fx_common_explosion_01,False,False,False,0,0,0,0,0,0
102001,NKS_monster_mmg005,0,True,Ground,Normal,,12,0,15,2,2,1,1,7,4,1,0,0,NKS_fx_monster_spawn_01,NKS_fx_monster_hit_01,NKS_fx_common_explosion_01,False,False,False,0,0,0,0,0,0
103001,NKS_monster_mmg005,0,False,Ground,Normal,,900600,858993459,100,2,2,1,1,6,4,1,0,0,NKS_fx_monster_spawn_01,NKS_fx_monster_hit_01,NKS_fx_common_explosion_01,False,False,False,0,0,0,0,0,0
110000,NKS_monster_mmg005,1717986918,True,Ground,Normal,,110001,0,1,2,0,1,1,6,4,1,0,0,NKS_fx_monster_spawn_01,NKS_fx_monster_hit_01,NKS_fx_common_explosion_01,False,False,False,0,0,0,0,0,0
110001,NKS_monster_mmg005,1717986918,True,Ground,Normal,,110001,0,1,5,0,1,1,6,4,1,0,0,NKS_fx_monster_spawn_01,NKS_fx_monster_hit_01,NKS_fx_common_explosion_01,False,False,False,0,0,0,0,0,0
110002,NKS_monster_mmg005,1717986918,True,Ground,Normal,,110001,0,1,5,0,1,1,6,4,1,0,0,NKS_fx_monster_spawn_01,NKS_fx_monster_hit_01,NKS_fx_common_explosion_01,False,False,False,0,0,0,0,0,0
110003,NKS_monster_mmg005,1717986918,True,Ground,Normal,,110001,0,3,5,0,1,1,6,4,1,0,0,NKS_fx_monster_spawn_01,NKS_fx_monster_hit_01,NKS_fx_common_explosion_01,False,False,False,0,0,0,0,0,0
110004,NKS_monster_mmg005,-1717986918,True,Ground,Normal,,110002,-1717986918,1,5,0,1,1,6,4,1,0,0,NKS_fx_monster_spawn_01,NKS_fx_monster_hit_01,NKS_fx_common_explosion_01,False,False,False,0,0,0,0,0,0
110005,NKS_monster_emg003,-1717986918,True,Ground,Normal,,110002,-1717986918,1,5,0,1,1,6,4,1,0,0,NKS_fx_monster_spawn_01,NKS_fx_monster_hit_01,NKS_fx_common_explosion_01,False,False,False,0,0,0,0,0,0
110006,NKS_monster_bma004,-1717986918,True,Ground,Normal,,110002,-1717986918,1,5,0,1,1,6,4,1,0,0,NKS_fx_monster_spawn_01,NKS_fx_monster_hit_01,NKS_fx_common_explosion_01,False,False,False,0,0,0,0,0,0
110007,NKS_monster_eta001,-1717986918,True,Ground,Normal,,110002,-1717986918,1,5,0,1,1,6,4,1,0,0,NKS_fx_monster_spawn_01,NKS_fx_monster_hit_01,NKS_fx_common_explosion_01,False,False,False,0,0,0,0,0,0
110008,NKS_monster_mmg005,-1717986918,True,Ground,Normal,,110002,-1717986918,4,5,0,1,1,6,4,1,0,0,NKS_fx_monster_spawn_01,NKS_fx_monster_hit_01,NKS_fx_common_explosion_01,False,False,False,0,0,0,0,0,0
110009,NKS_monster_emg003,-1717986918,True,Ground,Normal,,110002,-1717986918,4,5,0,1,1,6,4,1,0,0,NKS_fx_monster_spawn_01,NKS_fx_monster_hit_01,NKS_fx_common_explosion_01,False,False,False,0,0,0,0,0,0
110010,NKS_monster_bma004,-1717986918,True,Ground,Normal,,110002,-1717986918,4,5,0,1,1,6,4,1,0,0,NKS_fx_monster_spawn_01,NKS_fx_monster_hit_01,NKS_fx_common_explosion_01,False,False,False,0,0,0,0,0,0
110011,NKS_monster_eta001,-1717986918,True,Ground,Normal,,110002,-1717986918,4,5,0,1,1,6,4,1,0,0,NKS_fx_monster_spawn_01,NKS_fx_monster_hit_01,NKS_fx_common_explosion_01,False,False,False,0,0,0,0,0,0
110012,NKS_monster_emg003,-1717986918,False,Ground,Normal,,110003,0,9999,5,0,1,1,20,4,1,0,0,NKS_fx_monster_spawn_01,NKS_fx_monster_hit_01,NKS_fx_common_explosion_01,False,True,True,0,0,0,0,0,0
110013,NKS_monster_emg003,-1717986918,True,Ground,Normal,,110002,-1717986918,2,5,0,1,1,6,0,0,0,0,NKS_fx_monster_spawn_01,NKS_fx_monster_hit_01,NKS_fx_common_explosion_01,False,False,False,0,0,0,0,0,0
110014,NKS_monster_ecg003,858993459,True,Ground,Normal,,110004,858993459,100,5,0,1,1,10,4,1,2,0,NKS_fx_monster_spawn_02,NKS_fx_monster_hit_01,NKS_fx_common_explosion_02,False,True,True,100801,1,0,0,0,0
110015,NKS_monster_mmg005,-1717986918,True,Ground,Normal,,110002,-1717986918,3,5,0,1,1,6,0,0,0,0,NKS_fx_monster_spawn_01,NKS_fx_monster_hit_01,NKS_fx_common_explosion_01,False,False,False,0,0,0,0,0,0
110016,NKS_monster_emg003,-1717986918,True,Ground,Normal,,110002,-1717986918,3,5,0,1,1,6,0,0,0,0,NKS_fx_monster_spawn_01,NKS_fx_monster_hit_01,NKS_fx_common_explosion_01,False,False,False,0,0,0,0,0,0
110017,NKS_monster_bma004,-1717986918,True,Ground,Normal,,110002,-1717986918,3,5,0,1,1,6,0,0,0,0,NKS_fx_monster_spawn_01,NKS_fx_monster_hit_01,NKS_fx_common_explosion_01,False,False,False,0,0,0,0,0,0
110018,NKS_monster_eta001,-1717986918,True,Ground,Normal,,110002,-1717986918,3,5,0,1,1,6,0,0,0,0,NKS_fx_monster_spawn_01,NKS_fx_monster_hit_01,NKS_fx_common_explosion_01,False,False,False,0,0,0,0,0,0
110019,NKS_monster_mmg005,-1717986918,True,Ground,Normal,,110002,-1717986918,1,5,0,1,1,6,0,0,0,0,NKS_fx_monster_spawn_01,NKS_fx_monster_hit_01,NKS_fx_common_explosion_01,False,False,False,0,0,0,0,0,0
110020,NKS_monster_emg003,-1717986918,True,Ground,Normal,,110002,-1717986918,1,5,0,1,1,6,0,0,0,0,NKS_fx_monster_spawn_01,NKS_fx_monster_hit_01,NKS_fx_common_explosion_01,False,False,False,0,0,0,0,0,0
110021,NKS_monster_bma004,-1717986918,True,Ground,Normal,,110002,-1717986918,1,5,0,1,1,6,0,0,0,0,NKS_fx_monster_spawn_01,NKS_fx_monster_hit_01,NKS_fx_common_explosion_01,False,False,False,0,0,0,0,0,0
110022,NKS_monster_eta001,-1717986918,True,Ground,Normal,,110002,-1717986918,1,5,0,1,1,6,0,0,0,0,NKS_fx_monster_spawn_01,NKS_fx_monster_hit_01,NKS_fx_common_explosion_01,False,False,False,0,0,0,0,0,0
110023,NKS_monster_mmg005,-1717986918,True,Ground,Normal,,110002,-1717986918,3,5,0,1,1,6,0,0,0,0,NKS_fx_monster_spawn_01,NKS_fx_monster_hit_01,NKS_fx_common_explosion_01,False,False,False,0,0,0,0,0,0
110024,NKS_monster_emg003,-1717986918,True,Ground,Normal,,110002,-1717986918,3,5,0,1,1,6,0,0,0,0,NKS_fx_monster_spawn_01,NKS_fx_monster_hit_01,NKS_fx_common_explosion_01,False,False,False,0,0,0,0,0,0
110025,NKS_monster_bma004,-1717986918,True,Ground,Normal,,110002,-1717986918,3,5,0,1,1,6,0,0,0,0,NKS_fx_monster_spawn_01,NKS_fx_monster_hit_01,NKS_fx_common_explosion_01,False,False,False,0,0,0,0,0,0
110026,NKS_monster_eta001,-1717986918,True,Ground,Normal,,110002,-1717986918,3,5,0,1,1,6,0,0,0,0,NKS_fx_monster_spawn_01,NKS_fx_monster_hit_01,NKS_fx_common_explosion_01,False,False,False,0,0,0,0,0,0
110027,NKS_monster_emg003,858993459,True,Ground,Normal,,110004,858993459,100,5,0,1,1,10,6,1,2,0,NKS_fx_monster_spawn_02,NKS_fx_monster_hit_01,NKS_fx_common_explosion_02,False,True,True,100801,1,0,0,0,0
110028,NKS_monster_mmg005,-1717986918,True,Ground,Normal,,110002,-1717986918,1,5,0,1,1,6,0,0,0,0,NKS_fx_monster_spawn_01,NKS_fx_monster_hit_01,NKS_fx_common_explosion_01,False,False,False,0,0,0,0,0,0
110029,NKS_monster_emg003,-1717986918,True,Ground,Normal,,110002,-1717986918,1,5,0,1,1,6,0,0,0,0,NKS_fx_monster_spawn_01,NKS_fx_monster_hit_01,NKS_fx_common_explosion_01,False,False,False,0,0,0,0,0,0
110030,NKS_monster_bma004,-1717986918,True,Ground,Normal,,110002,-1717986918,1,5,0,1,1,6,0,0,0,0,NKS_fx_monster_spawn_01,NKS_fx_monster_hit_01,NKS_fx_common_explosion_01,False,False,False,0,0,0,0,0,0
110031,NKS_monster_eta001,-1717986918,True,Ground,Normal,,110002,-1717986918,1,5,0,1,1,6,0,0,0,0,NKS_fx_monster_spawn_01,NKS_fx_monster_hit_01,NKS_fx_common_explosion_01,False,False,False,0,0,0,0,0,0
110099,NKS_monster_emg003,0,True,Ground,Normal,,110004,858993459,200,5,0,1,1,10,6,1,2,0,NKS_fx_monster_spawn_02,NKS_fx_monster_hit_01,NKS_fx_common_explosion_02,False,True,True,100801,1,0,0,0,0
110100,NKS_monster_mmg005,-1717986918,True,Ground,Normal,,110002,-1717986918,1,2,0,1,1,6,6,1,0,0,NKS_fx_monster_spawn_01,NKS_fx_monster_hit_01,NKS_fx_common_explosion_01,False,False,False,0,0,0,0,0,0
110101,NKS_monster_mmg005,-1717986918,True,Ground,Normal,,110002,-1717986918,1,4,0,1,1,6,6,1,0,0,NKS_fx_monster_spawn_01,NKS_fx_monster_hit_01,NKS_fx_common_explosion_01,False,False,False,0,0,0,0,0,0
110102,NKS_monster_emg003,-1717986918,True,Ground,Normal,,110002,-1717986918,1,4,0,1,1,6,6,1,0,0,NKS_fx_monster_spawn_01,NKS_fx_monster_hit_01,NKS_fx_common_explosion_01,False,False,False,0,0,0,0,0,0
110103,NKS_monster_bma004,-1717986918,True,Ground,Normal,,110002,-1717986918,1,4,0,1,1,6,6,1,0,0,NKS_fx_monster_spawn_01,NKS_fx_monster_hit_01,NKS_fx_common_explosion_01,False,False,False,0,0,0,0,0,0
110104,NKS_monster_eta001,-1717986918,True,Ground,Normal,,110002,-1717986918,1,4,0,1,1,6,6,1,0,0,NKS_fx_monster_spawn_01,NKS_fx_monster_hit_01,NKS_fx_common_explosion_01,False,False,False,0,0,0,0,0,0
110105,NKS_monster_mmg005,-1717986918,True,Ground,Normal,,110002,0,6,4,0,1,1,6,6,1,0,0,NKS_fx_monster_spawn_01,NKS_fx_monster_hit_01,NKS_fx_common_explosion_01,False,False,False,0,0,0,0,0,0
110106,NKS_monster_emg003,-1717986918,True,Ground,Normal,,110002,0,6,4,0,1,1,6,6,1,0,0,NKS_fx_monster_spawn_01,NKS_fx_monster_hit_01,NKS_fx_common_explosion_01,False,False,False,0,0,0,0,0,0
110107,NKS_monster_bma004,-1717986918,True,Ground,Normal,,110002,0,6,4,0,1,1,6,6,1,0,0,NKS_fx_monster_spawn_01,NKS_fx_monster_hit_01,NKS_fx_common_explosion_01,False,False,False,0,0,0,0,0,0
110108,NKS_monster_eta001,-1717986918,True,Ground,Normal,,110002,0,6,4,0,1,1,6,6,1,0,0,NKS_fx_monster_spawn_01,NKS_fx_monster_hit_01,NKS_fx_common_explosion_01,False,False,False,0,0,0,0,0,0
110109,NKS_monster_mmg005,-1717986918,True,Ground,Normal,,110002,858993459,13,4,0,1,1,6,6,1,0,0,NKS_fx_monster_spawn_01,NKS_fx_monster_hit_01,NKS_fx_common_explosion_01,False,False,False,0,0,0,0,0,0
110110,NKS_monster_emg003,-1717986918,True,Ground,Normal,,110002,858993459,13,4,0,1,1,6,6,1,0,0,NKS_fx_monster_spawn_01,NKS_fx_monster_hit_01,NKS_fx_common_explosion_01,False,False,False,0,0,0,0,0,0
110111,NKS_monster_bma004,-1717986918,True,Ground,Normal,,110002,858993459,13,4,0,1,1,6,6,1,0,0,NKS_fx_monster_spawn_01,NKS_fx_monster_hit_01,NKS_fx_common_explosion_01,False,False,False,0,0,0,0,0,0
110112,NKS_monster_eta001,-1717986918,True,Ground,Normal,,110002,858993459,13,4,0,1,1,6,6,1,0,0,NKS_fx_monster_spawn_01,NKS_fx_monster_hit_01,NKS_fx_common_explosion_01,False,False,False,0,0,0,0,0,0
110113,NKS_monster_mmg005,-1717986918,True,Ground,Normal,,110002,1717986918,23,4,0,1,1,6,6,1,0,0,NKS_fx_monster_spawn_01,NKS_fx_monster_hit_01,NKS_fx_common_explosion_01,False,False,False,0,0,0,0,0,0
110114,NKS_monster_emg003,-1717986918,True,Ground,Normal,,110002,1717986918,23,4,0,1,1,6,6,1,0,0,NKS_fx_monster_spawn_01,NKS_fx_monster_hit_01,NKS_fx_common_explosion_01,False,False,False,0,0,0,0,0,0
110115,NKS_monster_bma004,-1717986918,True,Ground,Normal,,110002,1717986918,23,4,0,1,1,6,6,1,0,0,NKS_fx_monster_spawn_01,NKS_fx_monster_hit_01,NKS_fx_common_explosion_01,False,False,False,0,0,0,0,0,0
110116,NKS_monster_eta001,-1717986918,True,Ground,Normal,,110002,1717986918,23,4,0,1,1,6,6,1,0,0,NKS_fx_monster_spawn_01,NKS_fx_monster_hit_01,NKS_fx_common_explosion_01,False,False,False,0,0,0,0,0,0
110117,NKS_monster_mmg005,-1717986918,True,Ground,Normal,,110002,0,23,4,0,1,1,6,6,1,0,0,NKS_fx_monster_spawn_01,NKS_fx_monster_hit_01,NKS_fx_common_explosion_01,False,False,False,0,0,0,0,0,0
110118,NKS_monster_emg003,-1717986918,True,Ground,Normal,,110002,0,23,4,0,1,1,6,6,1,0,0,NKS_fx_monster_spawn_01,NKS_fx_monster_hit_01,NKS_fx_common_explosion_01,False,False,False,0,0,0,0,0,0
110119,NKS_monster_bma004,-1717986918,True,Ground,Normal,,110002,0,23,4,0,1,1,6,6,1,0,0,NKS_fx_monster_spawn_01,NKS_fx_monster_hit_01,NKS_fx_common_explosion_01,False,False,False,0,0,0,0,0,0
110120,NKS_monster_eta001,-1717986918,True,Ground,Normal,,110002,0,23,4,0,1,1,6,6,1,0,0,NKS_fx_monster_spawn_01,NKS_fx_monster_hit_01,NKS_fx_common_explosion_01,False,False,False,0,0,0,0,0,0
110121,NKS_monster_mmg005,-1717986918,True,Ground,Normal,,110002,-1717986918,23,4,0,1,1,6,6,1,0,0,NKS_fx_monster_spawn_01,NKS_fx_monster_hit_01,NKS_fx_common_explosion_01,False,False,False,0,0,0,0,0,0
110122,NKS_monster_emg003,-1717986918,True,Ground,Normal,,110002,-1717986918,23,4,0,1,1,6,6,1,0,0,NKS_fx_monster_spawn_01,NKS_fx_monster_hit_01,NKS_fx_common_explosion_01,False,False,False,0,0,0,0,0,0
110123,NKS_monster_bma004,-1717986918,True,Ground,Normal,,110002,-1717986918,23,4,0,1,1,6,6,1,0,0,NKS_fx_monster_spawn_01,NKS_fx_monster_hit_01,NKS_fx_common_explosion_01,False,False,False,0,0,0,0,0,0
110124,NKS_monster_eta001,-1717986918,True,Ground,Normal,,110002,-1717986918,23,4,0,1,1,6,6,1,0,0,NKS_fx_monster_spawn_01,NKS_fx_monster_hit_01,NKS_fx_common_explosion_01,False,False,False,0,0,0,0,0,0
110125,NKS_monster_mmg005,-1717986918,True,Ground,Normal,,110002,-858993459,23,4,0,1,1,6,6,1,0,0,NKS_fx_monster_spawn_01,NKS_fx_monster_hit_01,NKS_fx_common_explosion_01,False,False,False,0,0,0,0,0,0
110126,NKS_monster_emg003,-1717986918,True,Ground,Normal,,110002,-858993459,23,4,0,1,1,6,6,1,0,0,NKS_fx_monster_spawn_01,NKS_fx_monster_hit_01,NKS_fx_common_explosion_01,False,False,False,0,0,0,0,0,0
110127,NKS_monster_bma004,-1717986918,True,Ground,Normal,,110002,-858993459,23,4,0,1,1,6,6,1,0,0,NKS_fx_monster_spawn_01,NKS_fx_monster_hit_01,NKS_fx_common_explosion_01,False,False,False,0,0,0,0,0,0
110128,NKS_monster_eta001,-1717986918,True,Ground,Normal,,110002,-858993459,23,4,0,1,1,6,6,1,0,0,NKS_fx_monster_spawn_01,NKS_fx_monster_hit_01,NKS_fx_common_explosion_01,False,False,False,0,0,0,0,0,0
110129,NKS_monster_mmg005,-1717986918,True,Ground,Normal,,110002,0,23,4,0,1,1,6,6,1,0,0,NKS_fx_monster_spawn_01,NKS_fx_monster_hit_01,NKS_fx_common_explosion_01,False,False,False,0,0,0,0,0,0
110130,NKS_monster_emg003,-1717986918,True,Ground,Normal,,110002,0,23,4,0,1,1,6,6,1,0,0,NKS_fx_monster_spawn_01,NKS_fx_monster_hit_01,NKS_fx_common_explosion_01,False,False,False,0,0,0,0,0,0
110131,NKS_monster_bma004,-1717986918,True,Ground,Normal,,110002,0,23,4,0,1,1,6,6,1,0,0,NKS_fx_monster_spawn_01,NKS_fx_monster_hit_01,NKS_fx_common_explosion_01,False,False,False,0,0,0,0,0,0
110132,NKS_monster_eta001,-1717986918,True,Ground,Normal,,110002,0,23,4,0,1,1,6,6,1,0,0,NKS_fx_monster_spawn_01,NKS_fx_monster_hit_01,NKS_fx_common_explosion_01,False,False,False,0,0,0,0,0,0
110133,NKS_monster_mmg005,-1717986918,True,Ground,Normal,,110002,0,23,4,0,1,1,6,0,0,0,0,NKS_fx_monster_spawn_01,NKS_fx_monster_hit_01,NKS_fx_common_explosion_01,False,False,False,0,0,0,0,0,0
110134,NKS_monster_emg003,-1717986918,True,Ground,Normal,,110002,0,23,4,0,1,1,6,0,0,0,0,NKS_fx_monster_spawn_01,NKS_fx_monster_hit_01,NKS_fx_common_explosion_01,False,False,False,0,0,0,0,0,0
110135,NKS_monster_bma004,-1717986918,True,Ground,Normal,,110002,0,23,4,0,1,1,6,0,0,0,0,NKS_fx_monster_spawn_01,NKS_fx_monster_hit_01,NKS_fx_common_explosion_01,False,False,False,0,0,0,0,0,0
110136,NKS_monster_eta001,-1717986918,True,Ground,Normal,,110002,0,23,4,0,1,1,6,0,0,0,0,NKS_fx_monster_spawn_01,NKS_fx_monster_hit_01,NKS_fx_common_explosion_01,False,False,False,0,0,0,0,0,0
110137,NKS_monster_mmg005,-1717986918,True,Ground,Normal,,110002,-1717986918,23,4,0,1,1,6,0,0,0,0,NKS_fx_monster_spawn_01,NKS_fx_monster_hit_01,NKS_fx_common_explosion_01,False,False,False,0,0,0,0,0,0
110138,NKS_monster_emg003,-1717986918,True,Ground,Normal,,110002,-1717986918,23,4,0,1,1,6,0,0,0,0,NKS_fx_monster_spawn_01,NKS_fx_monster_hit_01,NKS_fx_common_explosion_01,False,False,False,0,0,0,0,0,0
110139,NKS_monster_bma004,-1717986918,True,Ground,Normal,,110002,-1717986918,23,4,0,1,1,6,0,0,0,0,NKS_fx_monster_spawn_01,NKS_fx_monster_hit_01,NKS_fx_common_explosion_01,False,False,False,0,0,0,0,0,0
110140,NKS_monster_eta001,-1717986918,True,Ground,Normal,,110002,-1717986918,23,4,0,1,1,6,0,0,0,0,NKS_fx_monster_spawn_01,NKS_fx_monster_hit_01,NKS_fx_common_explosion_01,False,False,False,0,0,0,0,0,0
112001,NKS_monster_bma004,-1717986918,True,Fly,Normal,,11,0,2,4,1,1,1,6,6,1,0,0,NKS_fx_monster_spawn_01,NKS_fx_monster_hit_01,NKS_fx_common_explosion_01,False,False,False,0,0,0,0,0,0
112002,NKS_monster_bma004,-1717986918,True,Fly,Normal,,11,0,7,4,1,1,1,6,6,1,0,0,NKS_fx_monster_spawn_01,NKS_fx_monster_hit_01,NKS_fx_common_explosion_01,False,False,False,0,0,0,0,0,0
118001,NKS_monster_emg003,-858993459,True,Ground,Normal,,900600,-1717986918,7,4,1,1,1,6,6,1,0,0,NKS_fx_monster_spawn_01,NKS_fx_monster_hit_01,NKS_fx_common_explosion_01,False,False,False,0,0,0,0,0,0
119001,NKS_monster_ecg003,-1717986918,True,Ground,Normal,,900601,-1717986918,300,4,1,1,1,6,6,1,0,0,NKS_fx_monster_spawn_01,NKS_fx_monster_hit_01,NKS_fx_common_explosion_03,True,True,True,100801,1,0,0,0,0
119002,NKS_monster_ecg003,-1717986918,True,Ground,Normal,,900601,-1717986918,500,4,1,1,1,6,6,1,0,0,NKS_fx_monster_spawn_01,NKS_fx_monster_hit_01,NKS_fx_common_explosion_03,True,True,True,100801,1,0,0,0,0
119003,NKS_monster_ecg003,-1717986918,True,Ground,Normal,,900601,-1717986918,700,4,1,1,1,6,6,1,0,0,NKS_fx_monster_spawn_01,NKS_fx_monster_hit_01,NKS_fx_common_explosion_03,True,True,True,100801,1,0,0,0,0
120100,NKS_monster_mmg005,-1717986918,True,Ground,Normal,,110002,-1717986918,1,2,0,1,1,6,6,1,0,0,NKS_fx_monster_spawn_01,NKS_fx_monster_hit_01,NKS_fx_common_explosion_01,False,False,False,0,0,0,0,0,0
120101,NKS_monster_mmg005,-1717986918,True,Ground,Normal,,110002,-1717986918,3,5,0,1,1,6,6,1,0,0,NKS_fx_monster_spawn_01,NKS_fx_monster_hit_01,NKS_fx_common_explosion_01,False,False,False,0,0,0,0,0,0
120102,NKS_monster_emg003,-1717986918,True,Ground,Normal,,110002,-1717986918,3,5,0,1,1,6,6,1,0,0,NKS_fx_monster_spawn_01,NKS_fx_monster_hit_01,NKS_fx_common_explosion_01,False,False,False,0,0,0,0,0,0
120103,NKS_monster_bma004,-1717986918,True,Ground,Normal,,110002,-1717986918,3,5,0,1,1,6,6,1,0,0,NKS_fx_monster_spawn_01,NKS_fx_monster_hit_01,NKS_fx_common_explosion_01,False,False,False,0,0,0,0,0,0
120104,NKS_monster_eta001,-1717986918,True,Ground,Normal,,110002,-1717986918,3,5,0,1,1,6,6,1,0,0,NKS_fx_monster_spawn_01,NKS_fx_monster_hit_01,NKS_fx_common_explosion_01,False,False,False,0,0,0,0,0,0
120105,NKS_monster_mmg005,-1717986918,True,Ground,Normal,,110002,0,10,5,0,1,1,6,6,1,0,0,NKS_fx_monster_spawn_01,NKS_fx_monster_hit_01,NKS_fx_common_explosion_01,False,False,False,0,0,0,0,0,0
120106,NKS_monster_emg003,-1717986918,True,Ground,Normal,,110002,0,10,5,0,1,1,6,6,1,0,0,NKS_fx_monster_spawn_01,NKS_fx_monster_hit_01,NKS_fx_common_explosion_01,False,False,False,0,0,0,0,0,0
120107,NKS_monster_bma004,-1717986918,True,Ground,Normal,,110002,0,10,5,0,1,1,6,6,1,0,0,NKS_fx_monster_spawn_01,NKS_fx_monster_hit_01,NKS_fx_common_explosion_01,False,False,False,0,0,0,0,0,0
120108,NKS_monster_eta001,-1717986918,True,Ground,Normal,,110002,0,10,5,0,1,1,6,6,1,0,0,NKS_fx_monster_spawn_01,NKS_fx_monster_hit_01,NKS_fx_common_explosion_01,False,False,False,0,0,0,0,0,0
120109,NKS_monster_mmg005,-1717986918,True,Ground,Normal,,110002,858993459,15,5,0,1,1,6,6,1,0,0,NKS_fx_monster_spawn_01,NKS_fx_monster_hit_01,NKS_fx_common_explosion_01,False,False,False,0,0,0,0,0,0
120110,NKS_monster_emg003,-1717986918,True,Ground,Normal,,110002,858993459,15,5,0,1,1,6,6,1,0,0,NKS_fx_monster_spawn_01,NKS_fx_monster_hit_01,NKS_fx_common_explosion_01,False,False,False,0,0,0,0,0,0
120111,NKS_monster_bma004,-1717986918,True,Ground,Normal,,110002,858993459,15,5,0,1,1,6,6,1,0,0,NKS_fx_monster_spawn_01,NKS_fx_monster_hit_01,NKS_fx_common_explosion_01,False,False,False,0,0,0,0,0,0
120112,NKS_monster_eta001,-1717986918,True,Ground,Normal,,110002,858993459,15,5,0,1,1,6,6,1,0,0,NKS_fx_monster_spawn_01,NKS_fx_monster_hit_01,NKS_fx_common_explosion_01,False,False,False,0,0,0,0,0,0
120113,NKS_monster_mmg005,-1717986918,True,Ground,Normal,,110002,1717986918,25,5,0,1,1,6,6,1,0,0,NKS_fx_monster_spawn_01,NKS_fx_monster_hit_01,NKS_fx_common_explosion_01,False,False,False,0,0,0,0,0,0
120114,NKS_monster_emg003,-1717986918,True,Ground,Normal,,110002,1717986918,25,5,0,1,1,6,6,1,0,0,NKS_fx_monster_spawn_01,NKS_fx_monster_hit_01,NKS_fx_common_explosion_01,False,False,False,0,0,0,0,0,0
120115,NKS_monster_bma004,-1717986918,True,Ground,Normal,,110002,1717986918,25,5,0,1,1,6,6,1,0,0,NKS_fx_monster_spawn_01,NKS_fx_monster_hit_01,NKS_fx_common_explosion_01,False,False,False,0,0,0,0,0,0
120116,NKS_monster_eta001,-1717986918,True,Ground,Normal,,110002,1717986918,25,5,0,1,1,6,6,1,0,0,NKS_fx_monster_spawn_01,NKS_fx_monster_hit_01,NKS_fx_common_explosion_01,False,False,False,0,0,0,0,0,0
120117,NKS_monster_mmg005,-1717986918,True,Ground,Normal,,110002,0,25,5,0,1,1,6,6,1,0,0,NKS_fx_monster_spawn_01,NKS_fx_monster_hit_01,NKS_fx_common_explosion_01,False,False,False,0,0,0,0,0,0
120118,NKS_monster_emg003,-1717986918,True,Ground,Normal,,110002,0,25,5,0,1,1,6,6,1,0,0,NKS_fx_monster_spawn_01,NKS_fx_monster_hit_01,NKS_fx_common_explosion_01,False,False,False,0,0,0,0,0,0
120119,NKS_monster_bma004,-1717986918,True,Ground,Normal,,110002,0,25,5,0,1,1,6,6,1,0,0,NKS_fx_monster_spawn_01,NKS_fx_monster_hit_01,NKS_fx_common_explosion_01,False,False,False,0,0,0,0,0,0
120120,NKS_monster_eta001,-1717986918,True,Ground,Normal,,110002,0,25,5,0,1,1,6,6,1,0,0,NKS_fx_monster_spawn_01,NKS_fx_monster_hit_01,NKS_fx_common_explosion_01,False,False,False,0,0,0,0,0,0
120121,NKS_monster_mmg005,-1717986918,True,Ground,Normal,,110002,-1717986918,25,5,0,1,1,6,6,1,0,0,NKS_fx_monster_spawn_01,NKS_fx_monster_hit_01,NKS_fx_common_explosion_01,False,False,False,0,0,0,0,0,0
120122,NKS_monster_emg003,-1717986918,True,Ground,Normal,,110002,-1717986918,25,5,0,1,1,6,6,1,0,0,NKS_fx_monster_spawn_01,NKS_fx_monster_hit_01,NKS_fx_common_explosion_01,False,False,False,0,0,0,0,0,0
120123,NKS_monster_bma004,-1717986918,True,Ground,Normal,,110002,-1717986918,25,5,0,1,1,6,6,1,0,0,NKS_fx_monster_spawn_01,NKS_fx_monster_hit_01,NKS_fx_common_explosion_01,False,False,False,0,0,0,0,0,0
120124,NKS_monster_eta001,-1717986918,True,Ground,Normal,,110002,-1717986918,25,5,0,1,1,6,6,1,0,0,NKS_fx_monster_spawn_01,NKS_fx_monster_hit_01,NKS_fx_common_explosion_01,False,False,False,0,0,0,0,0,0
120125,NKS_monster_mmg005,-1717986918,True,Ground,Normal,,110002,-858993459,25,5,0,1,1,6,6,1,0,0,NKS_fx_monster_spawn_01,NKS_fx_monster_hit_01,NKS_fx_common_explosion_01,False,False,False,0,0,0,0,0,0
120126,NKS_monster_emg003,-1717986918,True,Ground,Normal,,110002,-858993459,25,5,0,1,1,6,6,1,0,0,NKS_fx_monster_spawn_01,NKS_fx_monster_hit_01,NKS_fx_common_explosion_01,False,False,False,0,0,0,0,0,0
120127,NKS_monster_bma004,-1717986918,True,Ground,Normal,,110002,-858993459,25,5,0,1,1,6,6,1,0,0,NKS_fx_monster_spawn_01,NKS_fx_monster_hit_01,NKS_fx_common_explosion_01,False,False,False,0,0,0,0,0,0
120128,NKS_monster_eta001,-1717986918,True,Ground,Normal,,110002,-858993459,25,5,0,1,1,6,6,1,0,0,NKS_fx_monster_spawn_01,NKS_fx_monster_hit_01,NKS_fx_common_explosion_01,False,False,False,0,0,0,0,0,0
120129,NKS_monster_mmg005,-1717986918,True,Ground,Normal,,110002,0,25,5,0,1,1,6,6,1,0,0,NKS_fx_monster_spawn_01,NKS_fx_monster_hit_01,NKS_fx_common_explosion_01,False,False,False,0,0,0,0,0,0
120130,NKS_monster_emg003,-1717986918,True,Ground,Normal,,110002,0,25,5,0,1,1,6,6,1,0,0,NKS_fx_monster_spawn_01,NKS_fx_monster_hit_01,NKS_fx_common_explosion_01,False,False,False,0,0,0,0,0,0
120131,NKS_monster_bma004,-1717986918,True,Ground,Normal,,110002,0,25,5,0,1,1,6,6,1,0,0,NKS_fx_monster_spawn_01,NKS_fx_monster_hit_01,NKS_fx_common_explosion_01,False,False,False,0,0,0,0,0,0
120132,NKS_monster_eta001,-1717986918,True,Ground,Normal,,110002,0,25,5,0,1,1,6,6,1,0,0,NKS_fx_monster_spawn_01,NKS_fx_monster_hit_01,NKS_fx_common_explosion_01,False,False,False,0,0,0,0,0,0
120133,NKS_monster_mmg005,-1717986918,True,Ground,Normal,,110002,0,25,5,0,1,1,6,6,1,0,0,NKS_fx_monster_spawn_01,NKS_fx_monster_hit_01,NKS_fx_common_explosion_01,False,False,False,0,0,0,0,0,0
120134,NKS_monster_emg003,-1717986918,True,Ground,Normal,,110002,0,25,5,0,1,1,6,6,1,0,0,NKS_fx_monster_spawn_01,NKS_fx_monster_hit_01,NKS_fx_common_explosion_01,False,False,False,0,0,0,0,0,0
120135,NKS_monster_bma004,-1717986918,True,Ground,Normal,,110002,0,25,5,0,1,1,6,6,1,0,0,NKS_fx_monster_spawn_01,NKS_fx_monster_hit_01,NKS_fx_common_explosion_01,False,False,False,0,0,0,0,0,0
120136,NKS_monster_eta001,-1717986918,True,Ground,Normal,,110002,0,25,5,0,1,1,6,6,1,0,0,NKS_fx_monster_spawn_01,NKS_fx_monster_hit_01,NKS_fx_common_explosion_01,False,False,False,0,0,0,0,0,0
120137,NKS_monster_mmg005,-1717986918,True,Ground,Normal,,110002,-1717986918,25,5,0,1,1,6,0,0,0,0,NKS_fx_monster_spawn_01,NKS_fx_monster_hit_01,NKS_fx_common_explosion_01,False,False,False,0,0,0,0,0,0
120138,NKS_monster_emg003,-1717986918,True,Ground,Normal,,110002,-1717986918,25,5,0,1,1,6,0,0,0,0,NKS_fx_monster_spawn_01,NKS_fx_monster_hit_01,NKS_fx_common_explosion_01,False,False,False,0,0,0,0,0,0
120139,NKS_monster_bma004,-1717986918,True,Ground,Normal,,110002,-1717986918,25,5,0,1,1,6,0,0,0,0,NKS_fx_monster_spawn_01,NKS_fx_monster_hit_01,NKS_fx_common_explosion_01,False,False,False,0,0,0,0,0,0
120140,NKS_monster_eta001,-1717986918,True,Ground,Normal,,110002,-1717986918,25,5,0,1,1,6,0,0,0,0,NKS_fx_monster_spawn_01,NKS_fx_monster_hit_01,NKS_fx_common_explosion_01,False,False,False,0,0,0,0,0,0
122001,NKS_monster_eta001,-1717986918,True,Fly,Normal,,11,0,2,5,1,1,1,6,6,1,0,0,NKS_fx_monster_spawn_01,NKS_fx_monster_hit_01,NKS_fx_common_explosion_01,False,False,False,0,0,0,0,0,0
122002,NKS_monster_eta001,-1717986918,True,Fly,Normal,,11,0,7,5,1,1,1,6,6,1,0,0,NKS_fx_monster_spawn_01,NKS_fx_monster_hit_01,NKS_fx_common_explosion_01,False,False,False,0,0,0,0,0,0
128001,NKS_monster_emg003,-858993459,True,Ground,Normal,,900600,-1717986918,13,5,1,1,1,6,6,1,0,0,NKS_fx_monster_spawn_01,NKS_fx_monster_hit_01,NKS_fx_common_explosion_01,False,False,False,0,0,0,0,0,0
129001,NKS_monster_bca002,0,True,Ground,Normal,,900601,-1717986918,400,5,1,1,1,6,6,1,0,0,NKS_fx_monster_spawn_01,NKS_fx_monster_hit_01,NKS_fx_common_explosion_03,True,True,True,100801,1,0,0,0,0
129002,NKS_monster_bca002,0,True,Ground,Normal,,900601,-1717986918,600,5,1,1,1,6,6,1,0,0,NKS_fx_monster_spawn_01,NKS_fx_monster_hit_01,NKS_fx_common_explosion_03,True,True,True,100801,1,0,0,0,0
129003,NKS_monster_bca002,0,True,Ground,Normal,,900601,-1717986918,800,5,1,1,1,6,6,1,0,0,NKS_fx_monster_spawn_01,NKS_fx_monster_hit_01,NKS_fx_common_explosion_03,True,True,True,100801,1,0,0,0,0
130100,NKS_monster_mmg005,-1717986918,True,Ground,Normal,,110002,-1717986918,1,2,0,1,1,6,6,1,0,0,NKS_fx_monster_spawn_01,NKS_fx_monster_hit_01,NKS_fx_common_explosion_01,False,False,False,0,0,0,0,0,0
130101,NKS_monster_mmg005,-1717986918,True,Ground,Normal,,110002,-1717986918,4,7,0,1,1,6,6,1,0,0,NKS_fx_monster_spawn_01,NKS_fx_monster_hit_01,NKS_fx_common_explosion_01,False,False,False,0,0,0,0,0,0
130102,NKS_monster_emg003,-1717986918,True,Ground,Normal,,110002,-1717986918,4,7,0,1,1,6,6,1,0,0,NKS_fx_monster_spawn_01,NKS_fx_monster_hit_01,NKS_fx_common_explosion_01,False,False,False,0,0,0,0,0,0
130103,NKS_monster_bma004,-1717986918,True,Ground,Normal,,110002,-1717986918,4,7,0,1,1,6,6,1,0,0,NKS_fx_monster_spawn_01,NKS_fx_monster_hit_01,NKS_fx_common_explosion_01,False,False,False,0,0,0,0,0,0
130104,NKS_monster_eta001,-1717986918,True,Ground,Normal,,110002,-1717986918,4,7,0,1,1,6,6,1,0,0,NKS_fx_monster_spawn_01,NKS_fx_monster_hit_01,NKS_fx_common_explosion_01,False,False,False,0,0,0,0,0,0
130105,NKS_monster_mmg005,-1717986918,True,Ground,Normal,,110002,0,10,7,0,1,1,6,6,1,0,0,NKS_fx_monster_spawn_01,NKS_fx_monster_hit_01,NKS_fx_common_explosion_01,False,False,False,0,0,0,0,0,0
130106,NKS_monster_emg003,-1717986918,True,Ground,Normal,,110002,0,10,7,0,1,1,6,6,1,0,0,NKS_fx_monster_spawn_01,NKS_fx_monster_hit_01,NKS_fx_common_explosion_01,False,False,False,0,0,0,0,0,0
130107,NKS_monster_bma004,-1717986918,True,Ground,Normal,,110002,0,10,7,0,1,1,6,6,1,0,0,NKS_fx_monster_spawn_01,NKS_fx_monster_hit_01,NKS_fx_common_explosion_01,False,False,False,0,0,0,0,0,0
130108,NKS_monster_eta001,-1717986918,True,Ground,Normal,,110002,0,10,7,0,1,1,6,6,1,0,0,NKS_fx_monster_spawn_01,NKS_fx_monster_hit_01,NKS_fx_common_explosion_01,False,False,False,0,0,0,0,0,0
130109,NKS_monster_mmg005,-1717986918,True,Ground,Normal,,110002,858993459,16,7,0,1,1,6,6,1,0,0,NKS_fx_monster_spawn_01,NKS_fx_monster_hit_01,NKS_fx_common_explosion_01,False,False,False,0,0,0,0,0,0
130110,NKS_monster_emg003,-1717986918,True,Ground,Normal,,110002,858993459,16,7,0,1,1,6,6,1,0,0,NKS_fx_monster_spawn_01,NKS_fx_monster_hit_01,NKS_fx_common_explosion_01,False,False,False,0,0,0,0,0,0
130111,NKS_monster_bma004,-1717986918,True,Ground,Normal,,110002,858993459,16,7,0,1,1,6,6,1,0,0,NKS_fx_monster_spawn_01,NKS_fx_monster_hit_01,NKS_fx_common_explosion_01,False,False,False,0,0,0,0,0,0
130112,NKS_monster_eta001,-1717986918,True,Ground,Normal,,110002,858993459,16,7,0,1,1,6,6,1,0,0,NKS_fx_monster_spawn_01,NKS_fx_monster_hit_01,NKS_fx_common_explosion_01,False,False,False,0,0,0,0,0,0
130113,NKS_monster_mmg005,-1717986918,True,Ground,Normal,,110002,1717986918,30,7,0,1,1,6,6,1,0,0,NKS_fx_monster_spawn_01,NKS_fx_monster_hit_01,NKS_fx_common_explosion_01,False,False,False,0,0,0,0,0,0
130114,NKS_monster_emg003,-1717986918,True,Ground,Normal,,110002,1717986918,30,7,0,1,1,6,6,1,0,0,NKS_fx_monster_spawn_01,NKS_fx_monster_hit_01,NKS_fx_common_explosion_01,False,False,False,0,0,0,0,0,0
130115,NKS_monster_bma004,-1717986918,True,Ground,Normal,,110002,1717986918,30,7,0,1,1,6,6,1,0,0,NKS_fx_monster_spawn_01,NKS_fx_monster_hit_01,NKS_fx_common_explosion_01,False,False,False,0,0,0,0,0,0
130116,NKS_monster_eta001,-1717986918,True,Ground,Normal,,110002,1717986918,30,7,0,1,1,6,6,1,0,0,NKS_fx_monster_spawn_01,NKS_fx_monster_hit_01,NKS_fx_common_explosion_01,False,False,False,0,0,0,0,0,0
130117,NKS_monster_mmg005,-1717986918,True,Ground,Normal,,110002,0,30,7,0,1,1,6,6,1,0,0,NKS_fx_monster_spawn_01,NKS_fx_monster_hit_01,NKS_fx_common_explosion_01,False,False,False,0,0,0,0,0,0
130118,NKS_monster_emg003,-1717986918,True,Ground,Normal,,110002,0,30,7,0,1,1,6,6,1,0,0,NKS_fx_monster_spawn_01,NKS_fx_monster_hit_01,NKS_fx_common_explosion_01,False,False,False,0,0,0,0,0,0
130119,NKS_monster_bma004,-1717986918,True,Ground,Normal,,110002,0,30,7,0,1,1,6,6,1,0,0,NKS_fx_monster_spawn_01,NKS_fx_monster_hit_01,NKS_fx_common_explosion_01,False,False,False,0,0,0,0,0,0
130120,NKS_monster_eta001,-1717986918,True,Ground,Normal,,110002,0,30,7,0,1,1,6,6,1,0,0,NKS_fx_monster_spawn_01,NKS_fx_monster_hit_01,NKS_fx_common_explosion_01,False,False,False,0,0,0,0,0,0
130121,NKS_monster_mmg005,-1717986918,True,Ground,Normal,,110002,-1717986918,30,7,0,1,1,6,6,1,0,0,NKS_fx_monster_spawn_01,NKS_fx_monster_hit_01,NKS_fx_common_explosion_01,False,False,False,0,0,0,0,0,0
130122,NKS_monster_emg003,-1717986918,True,Ground,Normal,,110002,-1717986918,30,7,0,1,1,6,6,1,0,0,NKS_fx_monster_spawn_01,NKS_fx_monster_hit_01,NKS_fx_common_explosion_01,False,False,False,0,0,0,0,0,0
130123,NKS_monster_bma004,-1717986918,True,Ground,Normal,,110002,-1717986918,30,7,0,1,1,6,6,1,0,0,NKS_fx_monster_spawn_01,NKS_fx_monster_hit_01,NKS_fx_common_explosion_01,False,False,False,0,0,0,0,0,0
130124,NKS_monster_eta001,-1717986918,True,Ground,Normal,,110002,-1717986918,30,7,0,1,1,6,6,1,0,0,NKS_fx_monster_spawn_01,NKS_fx_monster_hit_01,NKS_fx_common_explosion_01,False,False,False,0,0,0,0,0,0
130125,NKS_monster_mmg005,-1717986918,True,Ground,Normal,,110002,-858993459,30,7,0,1,1,6,6,1,0,0,NKS_fx_monster_spawn_01,NKS_fx_monster_hit_01,NKS_fx_common_explosion_01,False,False,False,0,0,0,0,0,0
130126,NKS_monster_emg003,-1717986918,True,Ground,Normal,,110002,-858993459,30,7,0,1,1,6,6,1,0,0,NKS_fx_monster_spawn_01,NKS_fx_monster_hit_01,NKS_fx_common_explosion_01,False,False,False,0,0,0,0,0,0
130127,NKS_monster_bma004,-1717986918,True,Ground,Normal,,110002,-858993459,30,7,0,1,1,6,6,1,0,0,NKS_fx_monster_spawn_01,NKS_fx_monster_hit_01,NKS_fx_common_explosion_01,False,False,False,0,0,0,0,0,0
130128,NKS_monster_eta001,-1717986918,True,Ground,Normal,,110002,-858993459,30,7,0,1,1,6,6,1,0,0,NKS_fx_monster_spawn_01,NKS_fx_monster_hit_01,NKS_fx_common_explosion_01,False,False,False,0,0,0,0,0,0
130129,NKS_monster_mmg005,-1717986918,True,Ground,Normal,,110002,0,30,7,0,1,1,6,6,1,0,0,NKS_fx_monster_spawn_01,NKS_fx_monster_hit_01,NKS_fx_common_explosion_01,False,False,False,0,0,0,0,0,0
130130,NKS_monster_emg003,-1717986918,True,Ground,Normal,,110002,0,30,7,0,1,1,6,6,1,0,0,NKS_fx_monster_spawn_01,NKS_fx_monster_hit_01,NKS_fx_common_explosion_01,False,False,False,0,0,0,0,0,0
130131,NKS_monster_bma004,-1717986918,True,Ground,Normal,,110002,0,30,7,0,1,1,6,6,1,0,0,NKS_fx_monster_spawn_01,NKS_fx_monster_hit_01,NKS_fx_common_explosion_01,False,False,False,0,0,0,0,0,0
130132,NKS_monster_eta001,-1717986918,True,Ground,Normal,,110002,0,30,7,0,1,1,6,6,1,0,0,NKS_fx_monster_spawn_01,NKS_fx_monster_hit_01,NKS_fx_common_explosion_01,False,False,False,0,0,0,0,0,0
130133,NKS_monster_mmg005,-1717986918,True,Ground,Normal,,110002,0,30,7,0,1,1,6,6,1,0,0,NKS_fx_monster_spawn_01,NKS_fx_monster_hit_01,NKS_fx_common_explosion_01,False,False,False,0,0,0,0,0,0
130134,NKS_monster_emg003,-1717986918,True,Ground,Normal,,110002,0,30,7,0,1,1,6,6,1,0,0,NKS_fx_monster_spawn_01,NKS_fx_monster_hit_01,NKS_fx_common_explosion_01,False,False,False,0,0,0,0,0,0
130135,NKS_monster_bma004,-1717986918,True,Ground,Normal,,110002,0,30,7,0,1,1,6,6,1,0,0,NKS_fx_monster_spawn_01,NKS_fx_monster_hit_01,NKS_fx_common_explosion_01,False,False,False,0,0,0,0,0,0
130136,NKS_monster_eta001,-1717986918,True,Ground,Normal,,110002,0,30,7,0,1,1,6,6,1,0,0,NKS_fx_monster_spawn_01,NKS_fx_monster_hit_01,NKS_fx_common_explosion_01,False,False,False,0,0,0,0,0,0
130137,NKS_monster_mmg005,-1717986918,True,Ground,Normal,,110002,-1717986918,30,7,0,1,1,6,0,0,0,0,NKS_fx_monster_spawn_01,NKS_fx_monster_hit_01,NKS_fx_common_explosion_01,False,False,False,0,0,0,0,0,0
130138,NKS_monster_emg003,-1717986918,True,Ground,Normal,,110002,-1717986918,30,7,0,1,1,6,0,0,0,0,NKS_fx_monster_spawn_01,NKS_fx_monster_hit_01,NKS_fx_common_explosion_01,False,False,False,0,0,0,0,0,0
130139,NKS_monster_bma004,-1717986918,True,Ground,Normal,,110002,-1717986918,30,7,0,1,1,6,0,0,0,0,NKS_fx_monster_spawn_01,NKS_fx_monster_hit_01,NKS_fx_common_explosion_01,False,False,False,0,0,0,0,0,0
130140,NKS_monster_eta001,-1717986918,True,Ground,Normal,,110002,-1717986918,30,7,0,1,1,6,0,0,0,0,NKS_fx_monster_spawn_01,NKS_fx_monster_hit_01,NKS_fx_common_explosion_01,False,False,False,0,0,0,0,0,0
132001,NKS_monster_bma004,-1717986918,True,Fly,Normal,,11,0,4,7,1,1,1,6,6,1,0,0,NKS_fx_monster_spawn_01,NKS_fx_monster_hit_01,NKS_fx_common_explosion_01,False,False,False,0,0,0,0,0,0
132002,NKS_monster_bma004,-1717986918,True,Fly,Normal,,11,0,11,7,1,1,1,6,6,1,0,0,NKS_fx_monster_spawn_01,NKS_fx_monster_hit_01,NKS_fx_common_explosion_01,False,False,False,0,0,0,0,0,0
138001,NKS_monster_emg003,-858993459,True,Ground,Normal,,900600,-1717986918,20,7,1,1,1,6,6,1,0,0,NKS_fx_monster_spawn_01,NKS_fx_monster_hit_01,NKS_fx_common_explosion_01,False,False,False,0,0,0,0,0,0
139001,NKS_monster_beg006,858993459,True,Ground,Normal,,900602,-1717986918,500,7,1,1,1,6,6,1,0,0,NKS_fx_monster_spawn_01,NKS_fx_monster_hit_01,NKS_fx_common_explosion_02,True,True,True,100801,1,0,0,0,0
139002,NKS_monster_beg006,858993459,True,Ground,Normal,,900602,-1717986918,800,7,1,1,1,6,6,1,0,0,NKS_fx_monster_spawn_01,NKS_fx_monster_hit_01,NKS_fx_common_explosion_02,True,True,True,100801,1,0,0,0,0
139003,NKS_monster_beg006,858993459,True,Ground,Normal,,900602,-1717986918,1500,7,1,1,1,6,6,1,0,0,NKS_fx_monster_spawn_01,NKS_fx_monster_hit_01,NKS_fx_common_explosion_02,True,True,True,100801,1,0,0,0,0
140100,NKS_monster_mmg005,-1717986918,True,Ground,Normal,,110002,-1717986918,1,2,0,1,1,6,6,1,0,0,NKS_fx_monster_spawn_01,NKS_fx_monster_hit_01,NKS_fx_common_explosion_01,False,False,False,0,0,0,0,0,0
140101,NKS_monster_mmg005,-1717986918,True,Ground,Normal,,110002,-1717986918,5,8,0,1,1,6,6,1,0,0,NKS_fx_monster_spawn_01,NKS_fx_monster_hit_01,NKS_fx_common_explosion_01,False,False,False,0,0,0,0,0,0
140102,NKS_monster_emg003,-1717986918,True,Ground,Normal,,110002,-1717986918,5,8,0,1,1,6,6,1,0,0,NKS_fx_monster_spawn_01,NKS_fx_monster_hit_01,NKS_fx_common_explosion_01,False,False,False,0,0,0,0,0,0
140103,NKS_monster_bma004,-1717986918,True,Ground,Normal,,110002,-1717986918,5,8,0,1,1,6,6,1,0,0,NKS_fx_monster_spawn_01,NKS_fx_monster_hit_01,NKS_fx_common_explosion_01,False,False,False,0,0,0,0,0,0
140104,NKS_monster_eta001,-1717986918,True,Ground,Normal,,110002,-1717986918,5,8,0,1,1,6,6,1,0,0,NKS_fx_monster_spawn_01,NKS_fx_monster_hit_01,NKS_fx_common_explosion_01,False,False,False,0,0,0,0,0,0
140105,NKS_monster_mmg005,-1717986918,True,Ground,Normal,,110002,0,10,8,0,1,1,6,6,1,0,0,NKS_fx_monster_spawn_01,NKS_fx_monster_hit_01,NKS_fx_common_explosion_01,False,False,False,0,0,0,0,0,0
140106,NKS_monster_emg003,-1717986918,True,Ground,Normal,,110002,0,10,8,0,1,1,6,6,1,0,0,NKS_fx_monster_spawn_01,NKS_fx_monster_hit_01,NKS_fx_common_explosion_01,False,False,False,0,0,0,0,0,0
140107,NKS_monster_bma004,-1717986918,True,Ground,Normal,,110002,0,10,8,0,1,1,6,6,1,0,0,NKS_fx_monster_spawn_01,NKS_fx_monster_hit_01,NKS_fx_common_explosion_01,False,False,False,0,0,0,0,0,0
140108,NKS_monster_eta001,-1717986918,True,Ground,Normal,,110002,0,10,8,0,1,1,6,6,1,0,0,NKS_fx_monster_spawn_01,NKS_fx_monster_hit_01,NKS_fx_common_explosion_01,False,False,False,0,0,0,0,0,0
140109,NKS_monster_mmg005,-1717986918,True,Ground,Normal,,110002,858993459,20,8,0,1,1,6,6,1,0,0,NKS_fx_monster_spawn_01,NKS_fx_monster_hit_01,NKS_fx_common_explosion_01,False,False,False,0,0,0,0,0,0
140110,NKS_monster_emg003,-1717986918,True,Ground,Normal,,110002,858993459,20,8,0,1,1,6,6,1,0,0,NKS_fx_monster_spawn_01,NKS_fx_monster_hit_01,NKS_fx_common_explosion_01,False,False,False,0,0,0,0,0,0
140111,NKS_monster_bma004,-1717986918,True,Ground,Normal,,110002,858993459,20,8,0,1,1,6,6,1,0,0,NKS_fx_monster_spawn_01,NKS_fx_monster_hit_01,NKS_fx_common_explosion_01,False,False,False,0,0,0,0,0,0
140112,NKS_monster_eta001,-1717986918,True,Ground,Normal,,110002,858993459,20,8,0,1,1,6,6,1,0,0,NKS_fx_monster_spawn_01,NKS_fx_monster_hit_01,NKS_fx_common_explosion_01,False,False,False,0,0,0,0,0,0
140113,NKS_monster_mmg005,-1717986918,True,Ground,Normal,,110002,1717986918,35,8,0,1,1,6,6,1,0,0,NKS_fx_monster_spawn_01,NKS_fx_monster_hit_01,NKS_fx_common_explosion_01,False,False,False,0,0,0,0,0,0
140114,NKS_monster_emg003,-1717986918,True,Ground,Normal,,110002,1717986918,35,8,0,1,1,6,6,1,0,0,NKS_fx_monster_spawn_01,NKS_fx_monster_hit_01,NKS_fx_common_explosion_01,False,False,False,0,0,0,0,0,0
140115,NKS_monster_bma004,-1717986918,True,Ground,Normal,,110002,1717986918,35,8,0,1,1,6,6,1,0,0,NKS_fx_monster_spawn_01,NKS_fx_monster_hit_01,NKS_fx_common_explosion_01,False,False,False,0,0,0,0,0,0
140116,NKS_monster_eta001,-1717986918,True,Ground,Normal,,110002,1717986918,35,8,0,1,1,6,6,1,0,0,NKS_fx_monster_spawn_01,NKS_fx_monster_hit_01,NKS_fx_common_explosion_01,False,False,False,0,0,0,0,0,0
140117,NKS_monster_mmg005,-1717986918,True,Ground,Normal,,110002,0,35,8,0,1,1,6,6,1,0,0,NKS_fx_monster_spawn_01,NKS_fx_monster_hit_01,NKS_fx_common_explosion_01,False,False,False,0,0,0,0,0,0
140118,NKS_monster_emg003,-1717986918,True,Ground,Normal,,110002,0,35,8,0,1,1,6,6,1,0,0,NKS_fx_monster_spawn_01,NKS_fx_monster_hit_01,NKS_fx_common_explosion_01,False,False,False,0,0,0,0,0,0
140119,NKS_monster_bma004,-1717986918,True,Ground,Normal,,110002,0,35,8,0,1,1,6,6,1,0,0,NKS_fx_monster_spawn_01,NKS_fx_monster_hit_01,NKS_fx_common_explosion_01,False,False,False,0,0,0,0,0,0
140120,NKS_monster_eta001,-1717986918,True,Ground,Normal,,110002,0,35,8,0,1,1,6,6,1,0,0,NKS_fx_monster_spawn_01,NKS_fx_monster_hit_01,NKS_fx_common_explosion_01,False,False,False,0,0,0,0,0,0
140121,NKS_monster_mmg005,-1717986918,True,Ground,Normal,,110002,-1717986918,35,8,0,1,1,6,6,1,0,0,NKS_fx_monster_spawn_01,NKS_fx_monster_hit_01,NKS_fx_common_explosion_01,False,False,False,0,0,0,0,0,0
140122,NKS_monster_emg003,-1717986918,True,Ground,Normal,,110002,-1717986918,35,8,0,1,1,6,6,1,0,0,NKS_fx_monster_spawn_01,NKS_fx_monster_hit_01,NKS_fx_common_explosion_01,False,False,False,0,0,0,0,0,0
140123,NKS_monster_bma004,-1717986918,True,Ground,Normal,,110002,-1717986918,35,8,0,1,1,6,6,1,0,0,NKS_fx_monster_spawn_01,NKS_fx_monster_hit_01,NKS_fx_common_explosion_01,False,False,False,0,0,0,0,0,0
140124,NKS_monster_eta001,-1717986918,True,Ground,Normal,,110002,-1717986918,35,8,0,1,1,6,6,1,0,0,NKS_fx_monster_spawn_01,NKS_fx_monster_hit_01,NKS_fx_common_explosion_01,False,False,False,0,0,0,0,0,0
140125,NKS_monster_mmg005,-1717986918,True,Ground,Normal,,110002,-858993459,35,8,0,1,1,6,6,1,0,0,NKS_fx_monster_spawn_01,NKS_fx_monster_hit_01,NKS_fx_common_explosion_01,False,False,False,0,0,0,0,0,0
140126,NKS_monster_emg003,-1717986918,True,Ground,Normal,,110002,-858993459,35,8,0,1,1,6,6,1,0,0,NKS_fx_monster_spawn_01,NKS_fx_monster_hit_01,NKS_fx_common_explosion_01,False,False,False,0,0,0,0,0,0
140127,NKS_monster_bma004,-1717986918,True,Ground,Normal,,110002,-858993459,35,8,0,1,1,6,6,1,0,0,NKS_fx_monster_spawn_01,NKS_fx_monster_hit_01,NKS_fx_common_explosion_01,False,False,False,0,0,0,0,0,0
140128,NKS_monster_eta001,-1717986918,True,Ground,Normal,,110002,-858993459,35,8,0,1,1,6,6,1,0,0,NKS_fx_monster_spawn_01,NKS_fx_monster_hit_01,NKS_fx_common_explosion_01,False,False,False,0,0,0,0,0,0
140129,NKS_monster_mmg005,-1717986918,True,Ground,Normal,,110002,0,35,8,0,1,1,6,6,1,0,0,NKS_fx_monster_spawn_01,NKS_fx_monster_hit_01,NKS_fx_common_explosion_01,False,False,False,0,0,0,0,0,0
140130,NKS_monster_emg003,-1717986918,True,Ground,Normal,,110002,0,35,8,0,1,1,6,6,1,0,0,NKS_fx_monster_spawn_01,NKS_fx_monster_hit_01,NKS_fx_common_explosion_01,False,False,False,0,0,0,0,0,0
140131,NKS_monster_bma004,-1717986918,True,Ground,Normal,,110002,0,35,8,0,1,1,6,6,1,0,0,NKS_fx_monster_spawn_01,NKS_fx_monster_hit_01,NKS_fx_common_explosion_01,False,False,False,0,0,0,0,0,0
140132,NKS_monster_eta001,-1717986918,True,Ground,Normal,,110002,0,35,8,0,1,1,6,6,1,0,0,NKS_fx_monster_spawn_01,NKS_fx_monster_hit_01,NKS_fx_common_explosion_01,False,False,False,0,0,0,0,0,0
140133,NKS_monster_mmg005,-1717986918,True,Ground,Normal,,110002,0,35,8,0,1,1,6,6,1,0,0,NKS_fx_monster_spawn_01,NKS_fx_monster_hit_01,NKS_fx_common_explosion_01,False,False,False,0,0,0,0,0,0
140134,NKS_monster_emg003,-1717986918,True,Ground,Normal,,110002,0,35,8,0,1,1,6,6,1,0,0,NKS_fx_monster_spawn_01,NKS_fx_monster_hit_01,NKS_fx_common_explosion_01,False,False,False,0,0,0,0,0,0
140135,NKS_monster_bma004,-1717986918,True,Ground,Normal,,110002,0,35,8,0,1,1,6,6,1,0,0,NKS_fx_monster_spawn_01,NKS_fx_monster_hit_01,NKS_fx_common_explosion_01,False,False,False,0,0,0,0,0,0
140136,NKS_monster_eta001,-1717986918,True,Ground,Normal,,110002,0,35,8,0,1,1,6,6,1,0,0,NKS_fx_monster_spawn_01,NKS_fx_monster_hit_01,NKS_fx_common_explosion_01,False,False,False,0,0,0,0,0,0
140137,NKS_monster_mmg005,-1717986918,True,Ground,Normal,,110002,-1717986918,35,8,0,1,1,6,0,0,0,0,NKS_fx_monster_spawn_01,NKS_fx_monster_hit_01,NKS_fx_common_explosion_01,False,False,False,0,0,0,0,0,0
140138,NKS_monster_emg003,-1717986918,True,Ground,Normal,,110002,-1717986918,35,8,0,1,1,6,0,0,0,0,NKS_fx_monster_spawn_01,NKS_fx_monster_hit_01,NKS_fx_common_explosion_01,False,False,False,0,0,0,0,0,0
140139,NKS_monster_bma004,-1717986918,True,Ground,Normal,,110002,-1717986918,35,8,0,1,1,6,0,0,0,0,NKS_fx_monster_spawn_01,NKS_fx_monster_hit_01,NKS_fx_common_explosion_01,False,False,False,0,0,0,0,0,0
140140,NKS_monster_eta001,-1717986918,True,Ground,Normal,,110002,-1717986918,35,8,0,1,1,6,0,0,0,0,NKS_fx_monster_spawn_01,NKS_fx_monster_hit_01,NKS_fx_common_explosion_01,False,False,False,0,0,0,0,0,0
142001,NKS_monster_eta001,-1717986918,True,Fly,Normal,,11,0,5,8,1,1,1,6,6,1,0,0,NKS_fx_monster_spawn_01,NKS_fx_monster_hit_01,NKS_fx_common_explosion_01,False,False,False,0,0,0,0,0,0
142002,NKS_monster_eta001,-1717986918,True,Fly,Normal,,11,0,12,8,1,1,1,6,6,1,0,0,NKS_fx_monster_spawn_01,NKS_fx_monster_hit_01,NKS_fx_common_explosion_01,False,False,False,0,0,0,0,0,0
148001,NKS_monster_emg003,-858993459,True,Ground,Normal,,900600,-1717986918,26,8,1,1,1,6,6,1,0,0,NKS_fx_monster_spawn_01,NKS_fx_monster_hit_01,NKS_fx_common_explosion_01,False,False,False,0,0,0,0,0,0
149001,NKS_monster_eea003,-858993459,True,Ground,Normal,,900602,-1717986918,800,8,1,1,1,6,6,1,0,0,NKS_fx_monster_spawn_01,NKS_fx_monster_hit_01,NKS_fx_common_explosion_02,True,True,True,100801,1,0,0,0,0
149002,NKS_monster_eea003,-858993459,True,Ground,Normal,,900602,-1717986918,1200,8,1,1,1,6,6,1,0,0,NKS_fx_monster_spawn_01,NKS_fx_monster_hit_01,NKS_fx_common_explosion_02,True,True,True,100801,1,0,0,0,0
149003,NKS_monster_eea003,-858993459,True,Ground,Normal,,900602,-1717986918,2400,8,1,1,1,6,6,1,0,0,NKS_fx_monster_spawn_01,NKS_fx_monster_hit_01,NKS_fx_common_explosion_02,True,True,True,100801,1,0,0,0,0
150100,NKS_monster_mmg005,-1717986918,True,Ground,Normal,,110002,-1717986918,1,2,0,1,1,6,6,1,0,0,NKS_fx_monster_spawn_01,NKS_fx_monster_hit_01,NKS_fx_common_explosion_01,False,False,False,0,0,0,0,0,0
150101,NKS_monster_mmg005,-1717986918,True,Ground,Normal,,110002,-1717986918,6,9,0,1,1,6,6,1,0,0,NKS_fx_monster_spawn_01,NKS_fx_monster_hit_01,NKS_fx_common_explosion_01,False,False,False,0,0,0,0,0,0
150102,NKS_monster_emg003,-1717986918,True,Ground,Normal,,110002,-1717986918,6,9,0,1,1,6,6,1,0,0,NKS_fx_monster_spawn_01,NKS_fx_monster_hit_01,NKS_fx_common_explosion_01,False,False,False,0,0,0,0,0,0
150103,NKS_monster_bma004,-1717986918,True,Ground,Normal,,110002,-1717986918,6,9,0,1,1,6,6,1,0,0,NKS_fx_monster_spawn_01,NKS_fx_monster_hit_01,NKS_fx_common_explosion_01,False,False,False,0,0,0,0,0,0
150104,NKS_monster_eta001,-1717986918,True,Ground,Normal,,110002,-1717986918,6,9,0,1,1,6,6,1,0,0,NKS_fx_monster_spawn_01,NKS_fx_monster_hit_01,NKS_fx_common_explosion_01,False,False,False,0,0,0,0,0,0
150105,NKS_monster_mmg005,-1717986918,True,Ground,Normal,,110002,0,12,9,0,1,1,6,6,1,0,0,NKS_fx_monster_spawn_01,NKS_fx_monster_hit_01,NKS_fx_common_explosion_01,False,False,False,0,0,0,0,0,0
150106,NKS_monster_emg003,-1717986918,True,Ground,Normal,,110002,0,12,9,0,1,1,6,6,1,0,0,NKS_fx_monster_spawn_01,NKS_fx_monster_hit_01,NKS_fx_common_explosion_01,False,False,False,0,0,0,0,0,0
150107,NKS_monster_bma004,-1717986918,True,Ground,Normal,,110002,0,12,9,0,1,1,6,6,1,0,0,NKS_fx_monster_spawn_01,NKS_fx_monster_hit_01,NKS_fx_common_explosion_01,False,False,False,0,0,0,0,0,0
150108,NKS_monster_eta001,-1717986918,True,Ground,Normal,,110002,0,12,9,0,1,1,6,6,1,0,0,NKS_fx_monster_spawn_01,NKS_fx_monster_hit_01,NKS_fx_common_explosion_01,False,False,False,0,0,0,0,0,0
150109,NKS_monster_mmg005,-1717986918,True,Ground,Normal,,110002,858993459,22,9,0,1,1,6,6,1,0,0,NKS_fx_monster_spawn_01,NKS_fx_monster_hit_01,NKS_fx_common_explosion_01,False,False,False,0,0,0,0,0,0
150110,NKS_monster_emg003,-1717986918,True,Ground,Normal,,110002,858993459,22,9,0,1,1,6,6,1,0,0,NKS_fx_monster_spawn_01,NKS_fx_monster_hit_01,NKS_fx_common_explosion_01,False,False,False,0,0,0,0,0,0
150111,NKS_monster_bma004,-1717986918,True,Ground,Normal,,110002,858993459,22,9,0,1,1,6,6,1,0,0,NKS_fx_monster_spawn_01,NKS_fx_monster_hit_01,NKS_fx_common_explosion_01,False,False,False,0,0,0,0,0,0
150112,NKS_monster_eta001,-1717986918,True,Ground,Normal,,110002,858993459,22,9,0,1,1,6,6,1,0,0,NKS_fx_monster_spawn_01,NKS_fx_monster_hit_01,NKS_fx_common_explosion_01,False,False,False,0,0,0,0,0,0
150113,NKS_monster_mmg005,-1717986918,True,Ground,Normal,,110002,1717986918,40,9,0,1,1,6,6,1,0,0,NKS_fx_monster_spawn_01,NKS_fx_monster_hit_01,NKS_fx_common_explosion_01,False,False,False,0,0,0,0,0,0
150114,NKS_monster_emg003,-1717986918,True,Ground,Normal,,110002,1717986918,40,9,0,1,1,6,6,1,0,0,NKS_fx_monster_spawn_01,NKS_fx_monster_hit_01,NKS_fx_common_explosion_01,False,False,False,0,0,0,0,0,0
150115,NKS_monster_bma004,-1717986918,True,Ground,Normal,,110002,1717986918,40,9,0,1,1,6,6,1,0,0,NKS_fx_monster_spawn_01,NKS_fx_monster_hit_01,NKS_fx_common_explosion_01,False,False,False,0,0,0,0,0,0
150116,NKS_monster_eta001,-1717986918,True,Ground,Normal,,110002,1717986918,40,9,0,1,1,6,6,1,0,0,NKS_fx_monster_spawn_01,NKS_fx_monster_hit_01,NKS_fx_common_explosion_01,False,False,False,0,0,0,0,0,0
150117,NKS_monster_mmg005,-1717986918,True,Ground,Normal,,110002,0,40,9,0,1,1,6,6,1,0,0,NKS_fx_monster_spawn_01,NKS_fx_monster_hit_01,NKS_fx_common_explosion_01,False,False,False,0,0,0,0,0,0
150118,NKS_monster_emg003,-1717986918,True,Ground,Normal,,110002,0,40,9,0,1,1,6,6,1,0,0,NKS_fx_monster_spawn_01,NKS_fx_monster_hit_01,NKS_fx_common_explosion_01,False,False,False,0,0,0,0,0,0
150119,NKS_monster_bma004,-1717986918,True,Ground,Normal,,110002,0,40,9,0,1,1,6,6,1,0,0,NKS_fx_monster_spawn_01,NKS_fx_monster_hit_01,NKS_fx_common_explosion_01,False,False,False,0,0,0,0,0,0
150120,NKS_monster_eta001,-1717986918,True,Ground,Normal,,110002,0,40,9,0,1,1,6,6,1,0,0,NKS_fx_monster_spawn_01,NKS_fx_monster_hit_01,NKS_fx_common_explosion_01,False,False,False,0,0,0,0,0,0
150121,NKS_monster_mmg005,-1717986918,True,Ground,Normal,,110002,-1717986918,40,9,0,1,1,6,6,1,0,0,NKS_fx_monster_spawn_01,NKS_fx_monster_hit_01,NKS_fx_common_explosion_01,False,False,False,0,0,0,0,0,0
150122,NKS_monster_emg003,-1717986918,True,Ground,Normal,,110002,-1717986918,40,9,0,1,1,6,6,1,0,0,NKS_fx_monster_spawn_01,NKS_fx_monster_hit_01,NKS_fx_common_explosion_01,False,False,False,0,0,0,0,0,0
150123,NKS_monster_bma004,-1717986918,True,Ground,Normal,,110002,-1717986918,40,9,0,1,1,6,6,1,0,0,NKS_fx_monster_spawn_01,NKS_fx_monster_hit_01,NKS_fx_common_explosion_01,False,False,False,0,0,0,0,0,0
150124,NKS_monster_eta001,-1717986918,True,Ground,Normal,,110002,-1717986918,40,9,0,1,1,6,6,1,0,0,NKS_fx_monster_spawn_01,NKS_fx_monster_hit_01,NKS_fx_common_explosion_01,False,False,False,0,0,0,0,0,0
150125,NKS_monster_mmg005,-1717986918,True,Ground,Normal,,110002,-858993459,40,9,0,1,1,6,6,1,0,0,NKS_fx_monster_spawn_01,NKS_fx_monster_hit_01,NKS_fx_common_explosion_01,False,False,False,0,0,0,0,0,0
150126,NKS_monster_emg003,-1717986918,True,Ground,Normal,,110002,-858993459,40,9,0,1,1,6,6,1,0,0,NKS_fx_monster_spawn_01,NKS_fx_monster_hit_01,NKS_fx_common_explosion_01,False,False,False,0,0,0,0,0,0
150127,NKS_monster_bma004,-1717986918,True,Ground,Normal,,110002,-858993459,40,9,0,1,1,6,6,1,0,0,NKS_fx_monster_spawn_01,NKS_fx_monster_hit_01,NKS_fx_common_explosion_01,False,False,False,0,0,0,0,0,0
150128,NKS_monster_eta001,-1717986918,True,Ground,Normal,,110002,-858993459,40,9,0,1,1,6,6,1,0,0,NKS_fx_monster_spawn_01,NKS_fx_monster_hit_01,NKS_fx_common_explosion_01,False,False,False,0,0,0,0,0,0
150129,NKS_monster_mmg005,-1717986918,True,Ground,Normal,,110002,0,40,9,0,1,1,6,6,1,0,0,NKS_fx_monster_spawn_01,NKS_fx_monster_hit_01,NKS_fx_common_explosion_01,False,False,False,0,0,0,0,0,0
150130,NKS_monster_emg003,-1717986918,True,Ground,Normal,,110002,0,40,9,0,1,1,6,6,1,0,0,NKS_fx_monster_spawn_01,NKS_fx_monster_hit_01,NKS_fx_common_explosion_01,False,False,False,0,0,0,0,0,0
150131,NKS_monster_bma004,-1717986918,True,Ground,Normal,,110002,0,40,9,0,1,1,6,6,1,0,0,NKS_fx_monster_spawn_01,NKS_fx_monster_hit_01,NKS_fx_common_explosion_01,False,False,False,0,0,0,0,0,0
150132,NKS_monster_eta001,-1717986918,True,Ground,Normal,,110002,0,40,9,0,1,1,6,6,1,0,0,NKS_fx_monster_spawn_01,NKS_fx_monster_hit_01,NKS_fx_common_explosion_01,False,False,False,0,0,0,0,0,0
150133,NKS_monster_mmg005,-1717986918,True,Ground,Normal,,110002,0,40,9,0,1,1,6,6,1,0,0,NKS_fx_monster_spawn_01,NKS_fx_monster_hit_01,NKS_fx_common_explosion_01,False,False,False,0,0,0,0,0,0
150134,NKS_monster_emg003,-1717986918,True,Ground,Normal,,110002,0,40,9,0,1,1,6,6,1,0,0,NKS_fx_monster_spawn_01,NKS_fx_monster_hit_01,NKS_fx_common_explosion_01,False,False,False,0,0,0,0,0,0
150135,NKS_monster_bma004,-1717986918,True,Ground,Normal,,110002,0,40,9,0,1,1,6,6,1,0,0,NKS_fx_monster_spawn_01,NKS_fx_monster_hit_01,NKS_fx_common_explosion_01,False,False,False,0,0,0,0,0,0
150136,NKS_monster_eta001,-1717986918,True,Ground,Normal,,110002,0,40,9,0,1,1,6,6,1,0,0,NKS_fx_monster_spawn_01,NKS_fx_monster_hit_01,NKS_fx_common_explosion_01,False,False,False,0,0,0,0,0,0
150137,NKS_monster_mmg005,-1717986918,True,Ground,Normal,,110002,-1717986918,40,9,0,1,1,6,0,0,0,0,NKS_fx_monster_spawn_01,NKS_fx_monster_hit_01,NKS_fx_common_explosion_01,False,False,False,0,0,0,0,0,0
150138,NKS_monster_emg003,-1717986918,True,Ground,Normal,,110002,-1717986918,40,9,0,1,1,6,0,0,0,0,NKS_fx_monster_spawn_01,NKS_fx_monster_hit_01,NKS_fx_common_explosion_01,False,False,False,0,0,0,0,0,0
150139,NKS_monster_bma004,-1717986918,True,Ground,Normal,,110002,-1717986918,40,9,0,1,1,6,0,0,0,0,NKS_fx_monster_spawn_01,NKS_fx_monster_hit_01,NKS_fx_common_explosion_01,False,False,False,0,0,0,0,0,0
150140,NKS_monster_eta001,-1717986918,True,Ground,Normal,,110002,-1717986918,40,9,0,1,1,6,0,0,0,0,NKS_fx_monster_spawn_01,NKS_fx_monster_hit_01,NKS_fx_common_explosion_01,False,False,False,0,0,0,0,0,0
152001,NKS_monster_bma004,-1717986918,True,Fly,Normal,,11,0,6,9,1,1,1,6,6,1,0,0,NKS_fx_monster_spawn_01,NKS_fx_monster_hit_01,NKS_fx_common_explosion_01,False,False,False,0,0,0,0,0,0
152002,NKS_monster_bma004,-1717986918,True,Fly,Normal,,11,0,13,9,1,1,1,6,6,1,0,0,NKS_fx_monster_spawn_01,NKS_fx_monster_hit_01,NKS_fx_common_explosion_01,False,False,False,0,0,0,0,0,0
158001,NKS_monster_emg003,-858993459,True,Ground,Normal,,900600,-1717986918,35,9,1,1,1,6,6,1,0,0,NKS_fx_monster_spawn_01,NKS_fx_monster_hit_01,NKS_fx_common_explosion_01,False,False,False,0,0,0,0,0,0
159001,NKS_monster_bca002,0,True,Ground,Normal,,900603,-1717986918,1500,9,1,1,1,6,6,1,0,0,NKS_fx_monster_spawn_01,NKS_fx_monster_hit_01,NKS_fx_common_explosion_03,True,True,True,100801,1,0,0,0,0
159002,NKS_monster_ecg003,-1717986918,True,Ground,Normal,,900603,-1717986918,3000,9,1,1,1,6,6,1,0,0,NKS_fx_monster_spawn_01,NKS_fx_monster_hit_01,NKS_fx_common_explosion_03,True,True,True,100801,1,0,0,0,0
159003,NKS_monster_beg006,858993459,True,Ground,Normal,,900603,-1717986918,5500,9,1,1,1,6,6,1,0,0,NKS_fx_monster_spawn_01,NKS_fx_monster_hit_01,NKS_fx_common_explosion_02,True,True,True,100801,1,0,0,0,0
160100,NKS_monster_mmg005,-1717986918,True,Ground,Normal,,110002,-1717986918,1,2,0,1,1,6,6,1,0,0,NKS_fx_monster_spawn_01,NKS_fx_monster_hit_01,NKS_fx_common_explosion_01,False,False,False,0,0,0,0,0,0
160101,NKS_monster_mmg005,-1717986918,True,Ground,Normal,,110002,858993459,30,10,0,1,1,10,6,1,0,0,NKS_fx_monster_spawn_01,NKS_fx_monster_hit_01,NKS_fx_common_explosion_01,False,False,False,0,0,0,0,0,0
160102,NKS_monster_emg003,-1717986918,True,Ground,Normal,,110002,858993459,30,10,0,1,1,10,6,1,0,0,NKS_fx_monster_spawn_01,NKS_fx_monster_hit_01,NKS_fx_common_explosion_01,False,False,False,0,0,0,0,0,0
160103,NKS_monster_bma004,-1717986918,True,Ground,Normal,,110002,858993459,30,10,0,1,1,10,6,1,0,0,NKS_fx_monster_spawn_01,NKS_fx_monster_hit_01,NKS_fx_common_explosion_01,False,False,False,0,0,0,0,0,0
160104,NKS_monster_eta001,-1717986918,True,Ground,Normal,,110002,858993459,30,10,0,1,1,10,6,1,0,0,NKS_fx_monster_spawn_01,NKS_fx_monster_hit_01,NKS_fx_common_explosion_01,False,False,False,0,0,0,0,0,0
160105,NKS_monster_mmg005,-1717986918,True,Ground,Normal,,110002,1717986918,35,10,0,1,1,10,6,1,0,0,NKS_fx_monster_spawn_01,NKS_fx_monster_hit_01,NKS_fx_common_explosion_01,False,False,False,0,0,0,0,0,0
160106,NKS_monster_emg003,-1717986918,True,Ground,Normal,,110002,1717986918,35,10,0,1,1,10,6,1,0,0,NKS_fx_monster_spawn_01,NKS_fx_monster_hit_01,NKS_fx_common_explosion_01,False,False,False,0,0,0,0,0,0
160107,NKS_monster_bma004,-1717986918,True,Ground,Normal,,110002,1717986918,35,10,0,1,1,10,6,1,0,0,NKS_fx_monster_spawn_01,NKS_fx_monster_hit_01,NKS_fx_common_explosion_01,False,False,False,0,0,0,0,0,0
160108,NKS_monster_eta001,-1717986918,True,Ground,Normal,,110002,1717986918,35,10,0,1,1,10,6,1,0,0,NKS_fx_monster_spawn_01,NKS_fx_monster_hit_01,NKS_fx_common_explosion_01,False,False,False,0,0,0,0,0,0
160109,NKS_monster_mmg005,-1717986918,True,Ground,Normal,,110002,0,45,10,0,1,1,10,6,1,0,0,NKS_fx_monster_spawn_01,NKS_fx_monster_hit_01,NKS_fx_common_explosion_01,False,True,True,0,0,0,0,0,0
160110,NKS_monster_emg003,-1717986918,True,Ground,Normal,,110002,0,45,10,0,1,1,10,6,1,0,0,NKS_fx_monster_spawn_01,NKS_fx_monster_hit_01,NKS_fx_common_explosion_01,False,True,True,0,0,0,0,0,0
160111,NKS_monster_bma004,-1717986918,True,Ground,Normal,,110002,0,45,10,0,1,1,10,6,1,0,0,NKS_fx_monster_spawn_01,NKS_fx_monster_hit_01,NKS_fx_common_explosion_01,False,True,True,0,0,0,0,0,0
160112,NKS_monster_eta001,-1717986918,True,Ground,Normal,,110002,0,45,10,0,1,1,10,6,1,0,0,NKS_fx_monster_spawn_01,NKS_fx_monster_hit_01,NKS_fx_common_explosion_01,False,True,True,0,0,0,0,0,0
160113,NKS_monster_mmg005,-1717986918,True,Ground,Normal,,110002,-1717986918,98,10,0,1,1,10,6,1,0,0,NKS_fx_monster_spawn_01,NKS_fx_monster_hit_01,NKS_fx_common_explosion_01,False,True,True,0,0,0,0,0,0
160114,NKS_monster_emg003,-1717986918,True,Ground,Normal,,110002,-1717986918,98,10,0,1,1,10,6,1,0,0,NKS_fx_monster_spawn_01,NKS_fx_monster_hit_01,NKS_fx_common_explosion_01,False,True,True,0,0,0,0,0,0
160115,NKS_monster_bma004,-1717986918,True,Ground,Normal,,110002,-1717986918,98,10,0,1,1,10,6,1,0,0,NKS_fx_monster_spawn_01,NKS_fx_monster_hit_01,NKS_fx_common_explosion_01,False,True,True,0,0,0,0,0,0
160116,NKS_monster_eta001,-1717986918,True,Ground,Normal,,110002,-1717986918,98,10,0,1,1,10,6,1,0,0,NKS_fx_monster_spawn_01,NKS_fx_monster_hit_01,NKS_fx_common_explosion_01,False,True,True,0,0,0,0,0,0
160117,NKS_monster_mmg005,-1717986918,True,Ground,Normal,,110002,858993459,126,10,0,1,1,10,6,1,0,0,NKS_fx_monster_spawn_01,NKS_fx_monster_hit_01,NKS_fx_common_explosion_01,False,True,True,0,0,0,0,0,0
160118,NKS_monster_emg003,-1717986918,True,Ground,Normal,,110002,858993459,126,10,0,1,1,10,6,1,0,0,NKS_fx_monster_spawn_01,NKS_fx_monster_hit_01,NKS_fx_common_explosion_01,False,True,True,0,0,0,0,0,0
160119,NKS_monster_bma004,-1717986918,True,Ground,Normal,,110002,858993459,126,10,0,1,1,10,6,1,0,0,NKS_fx_monster_spawn_01,NKS_fx_monster_hit_01,NKS_fx_common_explosion_01,False,True,True,0,0,0,0,0,0
160120,NKS_monster_eta001,-1717986918,True,Ground,Normal,,110002,858993459,126,10,0,1,1,10,6,1,0,0,NKS_fx_monster_spawn_01,NKS_fx_monster_hit_01,NKS_fx_common_explosion_01,False,True,True,0,0,0,0,0,0
160121,NKS_monster_mmg005,-1717986918,True,Ground,Normal,,110002,1717986918,161,10,0,1,1,10,6,1,0,0,NKS_fx_monster_spawn_01,NKS_fx_monster_hit_01,NKS_fx_common_explosion_01,False,True,True,0,0,0,0,0,0
160122,NKS_monster_emg003,-1717986918,True,Ground,Normal,,110002,1717986918,161,10,0,1,1,10,6,1,0,0,NKS_fx_monster_spawn_01,NKS_fx_monster_hit_01,NKS_fx_common_explosion_01,False,True,True,0,0,0,0,0,0
160123,NKS_monster_bma004,-1717986918,True,Ground,Normal,,110002,1717986918,161,10,0,1,1,10,6,1,0,0,NKS_fx_monster_spawn_01,NKS_fx_monster_hit_01,NKS_fx_common_explosion_01,False,True,True,0,0,0,0,0,0
160124,NKS_monster_eta001,-1717986918,True,Ground,Normal,,110002,1717986918,161,10,0,1,1,10,6,1,0,0,NKS_fx_monster_spawn_01,NKS_fx_monster_hit_01,NKS_fx_common_explosion_01,False,True,True,0,0,0,0,0,0
160125,NKS_monster_mmg005,-1717986918,True,Ground,Normal,,110002,0,161,10,1,1,1,10,6,1,0,0,NKS_fx_monster_spawn_01,NKS_fx_monster_hit_01,NKS_fx_common_explosion_01,False,True,True,0,0,0,0,0,0
160126,NKS_monster_emg003,-1717986918,True,Ground,Normal,,110002,0,161,10,1,1,1,10,6,1,0,0,NKS_fx_monster_spawn_01,NKS_fx_monster_hit_01,NKS_fx_common_explosion_01,False,True,True,0,0,0,0,0,0
160127,NKS_monster_bma004,-1717986918,True,Ground,Normal,,110002,0,161,10,1,1,1,10,6,1,0,0,NKS_fx_monster_spawn_01,NKS_fx_monster_hit_01,NKS_fx_common_explosion_01,False,True,True,0,0,0,0,0,0
160128,NKS_monster_eta001,-1717986918,True,Ground,Normal,,110002,0,161,10,1,1,1,10,6,1,0,0,NKS_fx_monster_spawn_01,NKS_fx_monster_hit_01,NKS_fx_common_explosion_01,False,True,True,0,0,0,0,0,0
160129,NKS_monster_mmg005,-1717986918,True,Ground,Normal,,110002,-858993459,168,10,2,1,1,10,6,1,0,0,NKS_fx_monster_spawn_01,NKS_fx_monster_hit_01,NKS_fx_common_explosion_01,False,True,True,0,0,0,0,0,0
160130,NKS_monster_emg003,-1717986918,True,Ground,Normal,,110002,-858993459,168,10,2,1,1,10,6,1,0,0,NKS_fx_monster_spawn_01,NKS_fx_monster_hit_01,NKS_fx_common_explosion_01,False,True,True,0,0,0,0,0,0
160131,NKS_monster_bma004,-1717986918,True,Ground,Normal,,110002,-858993459,168,10,2,1,1,10,6,1,0,0,NKS_fx_monster_spawn_01,NKS_fx_monster_hit_01,NKS_fx_common_explosion_01,False,True,True,0,0,0,0,0,0
160132,NKS_monster_eta001,-1717986918,True,Ground,Normal,,110002,-858993459,168,10,2,1,1,10,6,1,0,0,NKS_fx_monster_spawn_01,NKS_fx_monster_hit_01,NKS_fx_common_explosion_01,False,True,True,0,0,0,0,0,0
160133,NKS_monster_mmg005,0,True,Ground,Normal,,110002,-1717986918,196,10,2,1,1,10,6,1,0,0,NKS_fx_monster_spawn_01,NKS_fx_monster_hit_01,NKS_fx_common_explosion_01,False,True,True,0,0,0,0,0,0
160134,NKS_monster_emg003,0,True,Ground,Normal,,110002,-1717986918,196,10,2,1,1,10,6,1,0,0,NKS_fx_monster_spawn_01,NKS_fx_monster_hit_01,NKS_fx_common_explosion_01,False,True,True,0,0,0,0,0,0
160135,NKS_monster_bma004,0,True,Ground,Normal,,110002,-1717986918,196,10,2,1,1,10,6,1,0,0,NKS_fx_monster_spawn_01,NKS_fx_monster_hit_01,NKS_fx_common_explosion_01,False,True,True,0,0,0,0,0,0
160136,NKS_monster_eta001,0,True,Ground,Normal,,110002,-1717986918,196,10,2,1,1,10,6,1,0,0,NKS_fx_monster_spawn_01,NKS_fx_monster_hit_01,NKS_fx_common_explosion_01,False,True,True,0,0,0,0,0,0
160137,NKS_monster_mmg005,-1717986918,True,Ground,Normal,,110002,1717986918,250,10,3,1,1,10,0,0,0,0,NKS_fx_monster_spawn_01,NKS_fx_monster_hit_01,NKS_fx_common_explosion_01,False,True,True,0,0,0,0,0,0
160138,NKS_monster_emg003,-1717986918,True,Ground,Normal,,110002,1717986918,250,10,3,1,1,10,0,0,0,0,NKS_fx_monster_spawn_01,NKS_fx_monster_hit_01,NKS_fx_common_explosion_01,False,True,True,0,0,0,0,0,0
160139,NKS_monster_bma004,-1717986918,True,Ground,Normal,,110002,1717986918,250,10,3,1,1,10,0,0,0,0,NKS_fx_monster_spawn_01,NKS_fx_monster_hit_01,NKS_fx_common_explosion_01,False,True,True,0,0,0,0,0,0
160140,NKS_monster_eta001,-1717986918,True,Ground,Normal,,110002,1717986918,250,10,3,1,1,10,0,0,0,0,NKS_fx_monster_spawn_01,NKS_fx_monster_hit_01,NKS_fx_common_explosion_01,False,True,True,0,0,0,0,0,0
160141,NKS_monster_mmg005,858993459,True,Ground,Normal,,110002,858993459,300,10,3,1,1,10,0,0,0,0,NKS_fx_monster_spawn_01,NKS_fx_monster_hit_01,NKS_fx_common_explosion_01,False,True,True,0,0,0,0,0,0
160142,NKS_monster_emg003,858993459,True,Ground,Normal,,110002,858993459,300,10,3,1,1,10,0,0,0,0,NKS_fx_monster_spawn_01,NKS_fx_monster_hit_01,NKS_fx_common_explosion_01,False,True,True,0,0,0,0,0,0
160143,NKS_monster_bma004,858993459,True,Ground,Normal,,110002,858993459,300,10,3,1,1,10,0,0,0,0,NKS_fx_monster_spawn_01,NKS_fx_monster_hit_01,NKS_fx_common_explosion_01,False,True,True,0,0,0,0,0,0
160144,NKS_monster_eta001,858993459,True,Ground,Normal,,110002,858993459,300,10,3,1,1,10,0,0,0,0,NKS_fx_monster_spawn_01,NKS_fx_monster_hit_01,NKS_fx_common_explosion_01,False,True,True,0,0,0,0,0,0
160145,NKS_monster_mmg005,858993459,True,Ground,Normal,,110002,0,320,11,4,1,1,11,0,0,0,0,NKS_fx_monster_spawn_01,NKS_fx_monster_hit_01,NKS_fx_common_explosion_01,False,True,True,0,0,0,0,0,0
160146,NKS_monster_emg003,858993459,True,Ground,Normal,,110002,0,320,11,4,1,1,11,0,0,0,0,NKS_fx_monster_spawn_01,NKS_fx_monster_hit_01,NKS_fx_common_explosion_01,False,True,True,0,0,0,0,0,0
160147,NKS_monster_bma004,858993459,True,Ground,Normal,,110002,0,320,11,4,1,1,11,0,0,0,0,NKS_fx_monster_spawn_01,NKS_fx_monster_hit_01,NKS_fx_common_explosion_01,False,True,True,0,0,0,0,0,0
160148,NKS_monster_eta001,858993459,True,Ground,Normal,,110002,0,320,11,4,1,1,11,0,0,0,0,NKS_fx_monster_spawn_01,NKS_fx_monster_hit_01,NKS_fx_common_explosion_01,False,True,True,0,0,0,0,0,0
160149,NKS_monster_mmg005,-858993459,True,Ground,Normal,,110002,-858993459,340,12,4,1,1,12,0,0,0,0,NKS_fx_monster_spawn_01,NKS_fx_monster_hit_01,NKS_fx_common_explosion_01,False,True,True,0,0,0,0,0,0
160150,NKS_monster_emg003,-858993459,True,Ground,Normal,,110002,-858993459,340,12,4,1,1,12,0,0,0,0,NKS_fx_monster_spawn_01,NKS_fx_monster_hit_01,NKS_fx_common_explosion_01,False,True,True,0,0,0,0,0,0
160151,NKS_monster_bma004,-858993459,True,Ground,Normal,,110002,-858993459,340,12,4,1,1,12,0,0,0,0,NKS_fx_monster_spawn_01,NKS_fx_monster_hit_01,NKS_fx_common_explosion_01,False,True,True,0,0,0,0,0,0
160152,NKS_monster_eta001,-858993459,True,Ground,Normal,,110002,-858993459,340,12,4,1,1,12,0,0,0,0,NKS_fx_monster_spawn_01,NKS_fx_monster_hit_01,NKS_fx_common_explosion_01,False,True,True,0,0,0,0,0,0
160153,NKS_monster_mmg005,-858993459,True,Ground,Normal,,110002,-858993459,360,13,4,1,1,13,0,0,0,0,NKS_fx_monster_spawn_01,NKS_fx_monster_hit_01,NKS_fx_common_explosion_01,False,True,True,0,0,0,0,0,0
160154,NKS_monster_emg003,-858993459,True,Ground,Normal,,110002,-858993459,360,13,4,1,1,13,0,0,0,0,NKS_fx_monster_spawn_01,NKS_fx_monster_hit_01,NKS_fx_common_explosion_01,False,True,True,0,0,0,0,0,0
160155,NKS_monster_bma004,-858993459,True,Ground,Normal,,110002,-858993459,360,13,4,1,1,13,0,0,0,0,NKS_fx_monster_spawn_01,NKS_fx_monster_hit_01,NKS_fx_common_explosion_01,False,True,True,0,0,0,0,0,0
160156,NKS_monster_eta001,-858993459,True,Ground,Normal,,110002,-858993459,360,13,4,1,1,13,0,0,0,0,NKS_fx_monster_spawn_01,NKS_fx_monster_hit_01,NKS_fx_common_explosion_01,False,True,True,0,0,0,0,0,0
160157,NKS_monster_mmg005,1717986918,True,Ground,Normal,,110002,-1717986918,380,15,5,1,1,15,0,0,0,0,NKS_fx_monster_spawn_01,NKS_fx_monster_hit_01,NKS_fx_common_explosion_01,False,True,True,0,0,0,0,0,0
160158,NKS_monster_emg003,1717986918,True,Ground,Normal,,110002,-1717986918,380,15,5,1,1,15,0,0,0,0,NKS_fx_monster_spawn_01,NKS_fx_monster_hit_01,NKS_fx_common_explosion_01,False,True,True,0,0,0,0,0,0
160159,NKS_monster_bma004,1717986918,True,Ground,Normal,,110002,-1717986918,380,15,5,1,1,15,0,0,0,0,NKS_fx_monster_spawn_01,NKS_fx_monster_hit_01,NKS_fx_common_explosion_01,False,True,True,0,0,0,0,0,0
160160,NKS_monster_eta001,1717986918,True,Ground,Normal,,110002,-1717986918,380,15,5,1,1,15,0,0,0,0,NKS_fx_monster_spawn_01,NKS_fx_monster_hit_01,NKS_fx_common_explosion_01,False,True,True,0,0,0,0,0,0
160161,NKS_monster_mmg005,0,True,Ground,Normal,,110002,-1717986918,400,15,5,1,1,15,0,0,0,0,NKS_fx_monster_spawn_01,NKS_fx_monster_hit_01,NKS_fx_common_explosion_01,False,True,True,0,0,0,0,0,0
160162,NKS_monster_emg003,0,True,Ground,Normal,,110002,-1717986918,400,15,5,1,1,15,0,0,0,0,NKS_fx_monster_spawn_01,NKS_fx_monster_hit_01,NKS_fx_common_explosion_01,False,True,True,0,0,0,0,0,0
160163,NKS_monster_bma004,0,True,Ground,Normal,,110002,-1717986918,400,15,5,1,1,15,0,0,0,0,NKS_fx_monster_spawn_01,NKS_fx_monster_hit_01,NKS_fx_common_explosion_01,False,True,True,0,0,0,0,0,0
160164,NKS_monster_eta001,0,True,Ground,Normal,,110002,-1717986918,400,15,5,1,1,15,0,0,0,0,NKS_fx_monster_spawn_01,NKS_fx_monster_hit_01,NKS_fx_common_explosion_01,False,True,True,0,0,0,0,0,0
160165,NKS_monster_mmg005,0,True,Ground,Normal,,110002,858993459,450,15,5,1,1,15,0,0,0,0,NKS_fx_monster_spawn_01,NKS_fx_monster_hit_01,NKS_fx_common_explosion_01,False,True,True,0,0,0,0,0,0
160166,NKS_monster_emg003,0,True,Ground,Normal,,110002,858993459,450,15,5,1,1,15,0,0,0,0,NKS_fx_monster_spawn_01,NKS_fx_monster_hit_01,NKS_fx_common_explosion_01,False,True,True,0,0,0,0,0,0
160167,NKS_monster_bma004,0,True,Ground,Normal,,110002,858993459,450,15,5,1,1,15,0,0,0,0,NKS_fx_monster_spawn_01,NKS_fx_monster_hit_01,NKS_fx_common_explosion_01,False,True,True,0,0,0,0,0,0
160168,NKS_monster_eta001,0,True,Ground,Normal,,110002,858993459,450,15,5,1,1,15,0,0,0,0,NKS_fx_monster_spawn_01,NKS_fx_monster_hit_01,NKS_fx_common_explosion_01,False,True,True,0,0,0,0,0,0
160169,NKS_monster_mmg005,0,True,Ground,Normal,,110002,858993459,450,15,5,1,1,15,0,0,0,0,NKS_fx_monster_spawn_01,NKS_fx_monster_hit_01,NKS_fx_common_explosion_01,False,True,True,0,0,0,0,0,0
160170,NKS_monster_emg003,0,True,Ground,Normal,,110002,858993459,450,15,5,1,1,15,0,0,0,0,NKS_fx_monster_spawn_01,NKS_fx_monster_hit_01,NKS_fx_common_explosion_01,False,True,True,0,0,0,0,0,0
160171,NKS_monster_bma004,0,True,Ground,Normal,,110002,858993459,450,15,5,1,1,15,0,0,0,0,NKS_fx_monster_spawn_01,NKS_fx_monster_hit_01,NKS_fx_common_explosion_01,False,True,True,0,0,0,0,0,0
160172,NKS_monster_eta001,0,True,Ground,Normal,,110002,858993459,450,15,5,1,1,15,0,0,0,0,NKS_fx_monster_spawn_01,NKS_fx_monster_hit_01,NKS_fx_common_explosion_01,False,True,True,0,0,0,0,0,0
160173,NKS_monster_mmg005,0,True,Ground,Normal,,110002,0,450,15,5,1,1,15,0,0,0,0,NKS_fx_monster_spawn_01,NKS_fx_monster_hit_01,NKS_fx_common_explosion_01,False,True,True,0,0,0,0,0,0
160174,NKS_monster_emg003,0,True,Ground,Normal,,110002,0,450,15,5,1,1,15,0,0,0,0,NKS_fx_monster_spawn_01,NKS_fx_monster_hit_01,NKS_fx_common_explosion_01,False,True,True,0,0,0,0,0,0
160175,NKS_monster_bma004,0,True,Ground,Normal,,110002,0,450,15,5,1,1,15,0,0,0,0,NKS_fx_monster_spawn_01,NKS_fx_monster_hit_01,NKS_fx_common_explosion_01,False,True,True,0,0,0,0,0,0
160176,NKS_monster_eta001,0,True,Ground,Normal,,110002,0,450,15,5,1,1,15,0,0,0,0,NKS_fx_monster_spawn_01,NKS_fx_monster_hit_01,NKS_fx_common_explosion_01,False,True,True,0,0,0,0,0,0
160177,NKS_monster_mmg005,858993459,True,Ground,Normal,,110002,0,450,15,5,1,1,15,0,0,0,0,NKS_fx_monster_spawn_01,NKS_fx_monster_hit_01,NKS_fx_common_explosion_01,False,True,True,0,0,0,0,0,0
160178,NKS_monster_emg003,858993459,True,Ground,Normal,,110002,0,450,15,5,1,1,15,0,0,0,0,NKS_fx_monster_spawn_01,NKS_fx_monster_hit_01,NKS_fx_common_explosion_01,False,True,True,0,0,0,0,0,0
160179,NKS_monster_bma004,858993459,True,Ground,Normal,,110002,0,450,15,5,1,1,15,0,0,0,0,NKS_fx_monster_spawn_01,NKS_fx_monster_hit_01,NKS_fx_common_explosion_01,False,True,True,0,0,0,0,0,0
160180,NKS_monster_eta001,858993459,True,Ground,Normal,,110002,0,450,15,5,1,1,15,0,0,0,0,NKS_fx_monster_spawn_01,NKS_fx_monster_hit_01,NKS_fx_common_explosion_01,False,True,True,0,0,0,0,0,0
162001,NKS_monster_bma004,-1717986918,True,Fly,Normal,,11,0,30,8,1,1,1,8,6,1,0,0,NKS_fx_monster_spawn_01,NKS_fx_monster_hit_01,NKS_fx_common_explosion_01,False,True,True,0,0,0,0,0,0
162002,NKS_monster_bma004,858993459,True,Fly,Normal,,11,0,65,8,1,1,1,8,6,1,0,0,NKS_fx_monster_spawn_01,NKS_fx_monster_hit_01,NKS_fx_common_explosion_01,False,True,True,0,0,0,0,0,0
162003,NKS_monster_bma004,858993459,True,Fly,Normal,,11,0,90,8,1,1,1,8,0,0,0,0,NKS_fx_monster_spawn_01,NKS_fx_monster_hit_01,NKS_fx_common_explosion_01,False,True,True,0,0,0,0,0,0
163001,NKS_monster_bma004,-1717986918,False,Ground,Normal,,901000,0,200,15,1,1,1,15,0,0,0,0,NKS_fx_monster_spawn_01,NKS_fx_monster_hit_01,NKS_fx_common_explosion_01,False,True,True,0,0,0,0,0,0
163002,NKS_monster_bma004,-1717986918,False,Ground,Normal,,902000,0,200,15,1,1,1,15,0,0,0,0,NKS_fx_monster_spawn_01,NKS_fx_monster_hit_01,NKS_fx_common_explosion_01,False,True,True,0,0,0,0,0,0
168001,NKS_monster_emg003,-858993459,True,Ground,Normal,,900800,0,150,10,1,1,1,10,6,1,0,0,NKS_fx_monster_spawn_01,NKS_fx_monster_hit_01,NKS_fx_common_explosion_01,False,True,True,0,0,0,0,0,0
168002,NKS_monster_emg003,-858993459,True,Ground,Normal,,900800,0,150,10,1,1,1,10,6,1,0,0,NKS_fx_monster_spawn_01,NKS_fx_monster_hit_01,NKS_fx_common_explosion_01,False,True,True,0,0,0,0,0,0
168003,NKS_monster_emg003,-858993459,True,Ground,Normal,,900800,0,150,10,1,1,1,10,6,1,0,0,NKS_fx_monster_spawn_01,NKS_fx_monster_hit_01,NKS_fx_common_explosion_01,False,True,True,0,0,0,0,0,0
168004,NKS_monster_emg003,-858993459,True,Ground,Normal,,900800,0,150,10,1,1,1,10,6,1,0,0,NKS_fx_monster_spawn_01,NKS_fx_monster_hit_01,NKS_fx_common_explosion_01,False,True,True,0,0,0,0,0,0
168005,NKS_monster_emg003,-858993459,True,Ground,Normal,,900800,0,150,10,1,1,1,10,6,1,0,0,NKS_fx_monster_spawn_01,NKS_fx_monster_hit_01,NKS_fx_common_explosion_01,False,True,True,0,0,0,0,0,0
168006,NKS_monster_emg003,-858993459,True,Ground,Normal,,900800,0,150,10,1,1,1,10,6,1,0,0,NKS_fx_monster_spawn_01,NKS_fx_monster_hit_01,NKS_fx_common_explosion_01,False,True,True,0,0,0,0,0,0
168007,NKS_monster_emg003,-858993459,True,Ground,Normal,,900800,0,150,10,1,1,1,10,6,1,0,0,NKS_fx_monster_spawn_01,NKS_fx_monster_hit_01,NKS_fx_common_explosion_01,False,True,True,0,0,0,0,0,0
168008,NKS_monster_emg003,-858993459,True,Ground,Normal,,900800,0,150,11,1,1,1,11,6,1,0,0,NKS_fx_monster_spawn_01,NKS_fx_monster_hit_01,NKS_fx_common_explosion_01,False,True,True,0,0,0,0,0,0
168009,NKS_monster_emg003,-858993459,True,Ground,Normal,,900800,0,150,12,1,1,1,12,6,1,0,0,NKS_fx_monster_spawn_01,NKS_fx_monster_hit_01,NKS_fx_common_explosion_01,False,True,True,0,0,0,0,0,0
168010,NKS_monster_emg003,-858993459,True,Ground,Normal,,900800,0,150,13,1,1,1,13,6,1,0,0,NKS_fx_monster_spawn_01,NKS_fx_monster_hit_01,NKS_fx_common_explosion_01,False,True,True,0,0,0,0,0,0
168011,NKS_monster_emg003,-858993459,True,Ground,Normal,,900800,0,150,15,1,1,1,15,6,1,0,0,NKS_fx_monster_spawn_01,NKS_fx_monster_hit_01,NKS_fx_common_explosion_01,False,True,True,0,0,0,0,0,0
168012,NKS_monster_emg003,-858993459,True,Ground,Normal,,900800,0,150,15,1,1,1,15,6,1,0,0,NKS_fx_monster_spawn_01,NKS_fx_monster_hit_01,NKS_fx_common_explosion_01,False,True,True,0,0,0,0,0,0
169001,NKS_monster_bca002,0,True,Ground,Normal,,900605,0,3000,10,1,1,1,10,6,1,0,0,NKS_fx_monster_spawn_01,NKS_fx_monster_hit_01,NKS_fx_common_explosion_03,True,True,True,100801,1,0,0,0,0
169002,NKS_monster_ecg003,0,True,Ground,Normal,,900605,0,5000,10,1,1,1,10,6,1,0,0,NKS_fx_monster_spawn_01,NKS_fx_monster_hit_01,NKS_fx_common_explosion_03,True,True,True,100801,1,0,0,0,0
169003,NKS_monster_beg006,-1717986918,True,Ground,Normal,,900605,0,7500,10,1,1,1,10,6,1,0,0,NKS_fx_monster_spawn_01,NKS_fx_monster_hit_01,NKS_fx_common_explosion_02,True,True,True,100801,1,0,0,0,0
170100,NKS_monster_mmg005,-1717986918,True,Ground,Normal,,110002,-1717986918,1,2,0,1,1,10,6,1,0,0,NKS_fx_monster_spawn_01,NKS_fx_monster_hit_01,NKS_fx_common_explosion_01,False,False,False,0,0,0,0,0,0
170101,NKS_monster_mmg005,-1717986918,True,Ground,Normal,,110002,858993459,10,9,0,1,1,10,6,1,0,0,NKS_fx_monster_spawn_01,NKS_fx_monster_hit_01,NKS_fx_common_explosion_01,False,False,False,0,0,0,0,0,0
170102,NKS_monster_emg003,-1717986918,True,Ground,Normal,,110002,858993459,10,9,0,1,1,10,6,1,0,0,NKS_fx_monster_spawn_01,NKS_fx_monster_hit_01,NKS_fx_common_explosion_01,False,False,False,0,0,0,0,0,0
170103,NKS_monster_bma004,-1717986918,True,Ground,Normal,,110002,858993459,10,9,0,1,1,10,6,1,0,0,NKS_fx_monster_spawn_01,NKS_fx_monster_hit_01,NKS_fx_common_explosion_01,False,False,False,0,0,0,0,0,0
170104,NKS_monster_eta001,-1717986918,True,Ground,Normal,,110002,858993459,10,9,0,1,1,10,6,1,0,0,NKS_fx_monster_spawn_01,NKS_fx_monster_hit_01,NKS_fx_common_explosion_01,False,False,False,0,0,0,0,0,0
170105,NKS_monster_mmg005,-1717986918,True,Ground,Normal,,110002,858993459,12,9,0,1,1,10,6,1,0,0,NKS_fx_monster_spawn_01,NKS_fx_monster_hit_01,NKS_fx_common_explosion_01,False,False,False,0,0,0,0,0,0
170106,NKS_monster_emg003,-1717986918,True,Ground,Normal,,110002,858993459,12,9,0,1,1,10,6,1,0,0,NKS_fx_monster_spawn_01,NKS_fx_monster_hit_01,NKS_fx_common_explosion_01,False,False,False,0,0,0,0,0,0
170107,NKS_monster_bma004,-1717986918,True,Ground,Normal,,110002,858993459,12,9,0,1,1,10,6,1,0,0,NKS_fx_monster_spawn_01,NKS_fx_monster_hit_01,NKS_fx_common_explosion_01,False,False,False,0,0,0,0,0,0
170108,NKS_monster_eta001,-1717986918,True,Ground,Normal,,110002,858993459,12,9,0,1,1,10,6,1,0,0,NKS_fx_monster_spawn_01,NKS_fx_monster_hit_01,NKS_fx_common_explosion_01,False,False,False,0,0,0,0,0,0
170109,NKS_monster_mmg005,-1717986918,True,Ground,Normal,,110002,1717986918,15,9,0,1,1,10,6,1,0,0,NKS_fx_monster_spawn_01,NKS_fx_monster_hit_01,NKS_fx_common_explosion_01,False,False,False,0,0,0,0,0,0
170110,NKS_monster_emg003,-1717986918,True,Ground,Normal,,110002,1717986918,15,9,0,1,1,10,6,1,0,0,NKS_fx_monster_spawn_01,NKS_fx_monster_hit_01,NKS_fx_common_explosion_01,False,False,False,0,0,0,0,0,0
170111,NKS_monster_bma004,-1717986918,True,Ground,Normal,,110002,1717986918,15,9,0,1,1,10,6,1,0,0,NKS_fx_monster_spawn_01,NKS_fx_monster_hit_01,NKS_fx_common_explosion_01,False,False,False,0,0,0,0,0,0
170112,NKS_monster_eta001,-1717986918,True,Ground,Normal,,110002,1717986918,15,9,0,1,1,10,6,1,0,0,NKS_fx_monster_spawn_01,NKS_fx_monster_hit_01,NKS_fx_common_explosion_01,False,False,False,0,0,0,0,0,0
170113,NKS_monster_mmg005,-1717986918,True,Ground,Normal,,110002,1717986918,33,9,0,1,1,10,6,1,0,0,NKS_fx_monster_spawn_01,NKS_fx_monster_hit_01,NKS_fx_common_explosion_01,False,False,False,0,0,0,0,0,0
170114,NKS_monster_emg003,-1717986918,True,Ground,Normal,,110002,1717986918,33,9,0,1,1,10,6,1,0,0,NKS_fx_monster_spawn_01,NKS_fx_monster_hit_01,NKS_fx_common_explosion_01,False,False,False,0,0,0,0,0,0
170115,NKS_monster_bma004,-1717986918,True,Ground,Normal,,110002,1717986918,33,9,0,1,1,10,6,1,0,0,NKS_fx_monster_spawn_01,NKS_fx_monster_hit_01,NKS_fx_common_explosion_01,False,False,False,0,0,0,0,0,0
170116,NKS_monster_eta001,-1717986918,True,Ground,Normal,,110002,1717986918,33,9,0,1,1,10,6,1,0,0,NKS_fx_monster_spawn_01,NKS_fx_monster_hit_01,NKS_fx_common_explosion_01,False,False,False,0,0,0,0,0,0
170117,NKS_monster_mmg005,-1717986918,True,Ground,Normal,,110002,0,42,9,0,1,1,10,6,1,0,0,NKS_fx_monster_spawn_01,NKS_fx_monster_hit_01,NKS_fx_common_explosion_01,False,False,False,0,0,0,0,0,0
170118,NKS_monster_emg003,-1717986918,True,Ground,Normal,,110002,0,42,9,0,1,1,10,6,1,0,0,NKS_fx_monster_spawn_01,NKS_fx_monster_hit_01,NKS_fx_common_explosion_01,False,False,False,0,0,0,0,0,0
170119,NKS_monster_bma004,-1717986918,True,Ground,Normal,,110002,0,42,9,0,1,1,10,6,1,0,0,NKS_fx_monster_spawn_01,NKS_fx_monster_hit_01,NKS_fx_common_explosion_01,False,False,False,0,0,0,0,0,0
170120,NKS_monster_eta001,-1717986918,True,Ground,Normal,,110002,0,42,9,0,1,1,10,6,1,0,0,NKS_fx_monster_spawn_01,NKS_fx_monster_hit_01,NKS_fx_common_explosion_01,False,False,False,0,0,0,0,0,0
170121,NKS_monster_mmg005,-1717986918,True,Ground,Normal,,110002,-1717986918,54,9,0,1,1,10,6,1,0,0,NKS_fx_monster_spawn_01,NKS_fx_monster_hit_01,NKS_fx_common_explosion_01,False,False,False,0,0,0,0,0,0
170122,NKS_monster_emg003,-1717986918,True,Ground,Normal,,110002,-1717986918,54,9,0,1,1,10,6,1,0,0,NKS_fx_monster_spawn_01,NKS_fx_monster_hit_01,NKS_fx_common_explosion_01,False,False,False,0,0,0,0,0,0
170123,NKS_monster_bma004,-1717986918,True,Ground,Normal,,110002,-1717986918,54,9,0,1,1,10,6,1,0,0,NKS_fx_monster_spawn_01,NKS_fx_monster_hit_01,NKS_fx_common_explosion_01,False,False,False,0,0,0,0,0,0
170124,NKS_monster_eta001,-1717986918,True,Ground,Normal,,110002,-1717986918,54,9,0,1,1,10,6,1,0,0,NKS_fx_monster_spawn_01,NKS_fx_monster_hit_01,NKS_fx_common_explosion_01,False,False,False,0,0,0,0,0,0
170125,NKS_monster_mmg005,-1717986918,True,Ground,Normal,,110002,-858993459,56,9,0,1,1,10,6,1,0,0,NKS_fx_monster_spawn_01,NKS_fx_monster_hit_01,NKS_fx_common_explosion_01,False,False,False,0,0,0,0,0,0
170126,NKS_monster_emg003,-1717986918,True,Ground,Normal,,110002,-858993459,56,9,0,1,1,10,6,1,0,0,NKS_fx_monster_spawn_01,NKS_fx_monster_hit_01,NKS_fx_common_explosion_01,False,False,False,0,0,0,0,0,0
170127,NKS_monster_bma004,-1717986918,True,Ground,Normal,,110002,-858993459,56,9,0,1,1,10,6,1,0,0,NKS_fx_monster_spawn_01,NKS_fx_monster_hit_01,NKS_fx_common_explosion_01,False,False,False,0,0,0,0,0,0
170128,NKS_monster_eta001,-1717986918,True,Ground,Normal,,110002,-858993459,56,9,0,1,1,10,6,1,0,0,NKS_fx_monster_spawn_01,NKS_fx_monster_hit_01,NKS_fx_common_explosion_01,False,False,False,0,0,0,0,0,0
170129,NKS_monster_mmg005,-1717986918,True,Ground,Normal,,110002,0,65,9,0,1,1,10,6,1,0,0,NKS_fx_monster_spawn_01,NKS_fx_monster_hit_01,NKS_fx_common_explosion_01,False,False,False,0,0,0,0,0,0
170130,NKS_monster_emg003,-1717986918,True,Ground,Normal,,110002,0,65,9,0,1,1,10,6,1,0,0,NKS_fx_monster_spawn_01,NKS_fx_monster_hit_01,NKS_fx_common_explosion_01,False,False,False,0,0,0,0,0,0
170131,NKS_monster_bma004,-1717986918,True,Ground,Normal,,110002,0,65,9,0,1,1,10,6,1,0,0,NKS_fx_monster_spawn_01,NKS_fx_monster_hit_01,NKS_fx_common_explosion_01,False,False,False,0,0,0,0,0,0
170132,NKS_monster_eta001,-1717986918,True,Ground,Normal,,110002,0,65,9,0,1,1,10,6,1,0,0,NKS_fx_monster_spawn_01,NKS_fx_monster_hit_01,NKS_fx_common_explosion_01,False,False,False,0,0,0,0,0,0
170133,NKS_monster_mmg005,-1717986918,True,Ground,Normal,,110002,0,65,9,0,1,1,10,6,1,0,0,NKS_fx_monster_spawn_01,NKS_fx_monster_hit_01,NKS_fx_common_explosion_01,False,False,False,0,0,0,0,0,0
170134,NKS_monster_emg003,-1717986918,True,Ground,Normal,,110002,0,65,9,0,1,1,10,6,1,0,0,NKS_fx_monster_spawn_01,NKS_fx_monster_hit_01,NKS_fx_common_explosion_01,False,False,False,0,0,0,0,0,0
170135,NKS_monster_bma004,-1717986918,True,Ground,Normal,,110002,0,65,9,0,1,1,10,6,1,0,0,NKS_fx_monster_spawn_01,NKS_fx_monster_hit_01,NKS_fx_common_explosion_01,False,False,False,0,0,0,0,0,0
170136,NKS_monster_eta001,-1717986918,True,Ground,Normal,,110002,0,65,9,0,1,1,10,6,1,0,0,NKS_fx_monster_spawn_01,NKS_fx_monster_hit_01,NKS_fx_common_explosion_01,False,False,False,0,0,0,0,0,0
170137,NKS_monster_mmg005,-1717986918,True,Ground,Normal,,110002,-1717986918,65,9,0,1,1,10,0,0,0,0,NKS_fx_monster_spawn_01,NKS_fx_monster_hit_01,NKS_fx_common_explosion_01,False,False,False,0,0,0,0,0,0
170138,NKS_monster_emg003,-1717986918,True,Ground,Normal,,110002,-1717986918,65,9,0,1,1,10,0,0,0,0,NKS_fx_monster_spawn_01,NKS_fx_monster_hit_01,NKS_fx_common_explosion_01,False,False,False,0,0,0,0,0,0
170139,NKS_monster_bma004,-1717986918,True,Ground,Normal,,110002,-1717986918,65,9,0,1,1,10,0,0,0,0,NKS_fx_monster_spawn_01,NKS_fx_monster_hit_01,NKS_fx_common_explosion_01,False,False,False,0,0,0,0,0,0
170140,NKS_monster_eta001,-1717986918,True,Ground,Normal,,110002,-1717986918,65,9,0,1,1,10,0,0,0,0,NKS_fx_monster_spawn_01,NKS_fx_monster_hit_01,NKS_fx_common_explosion_01,False,False,False,0,0,0,0,0,0
170201,NKS_monster_mma002,-858993459,False,Barrier,Normal,,1900502,0,300,9,0,1,1,10,0,0,0,0,NKS_fx_monster_spawn_01,NKS_fx_monster_hit_01,NKS_fx_common_explosion_01,True,True,True,0,0,0,0,0,0
170202,NKS_monster_mma002,-858993459,False,Barrier,Normal,,1900503,0,300,9,0,1,1,10,0,0,0,0,NKS_fx_monster_spawn_01,NKS_fx_monster_hit_01,NKS_fx_common_explosion_01,True,True,True,0,0,0,0,0,0
170203,NKS_monster_mma002,-858993459,False,Barrier,Normal,,1900504,0,300,9,0,1,1,10,0,0,0,0,NKS_fx_monster_spawn_01,NKS_fx_monster_hit_01,NKS_fx_common_explosion_01,True,True,True,0,0,0,0,0,0
170204,NKS_monster_mma002,-858993459,False,Barrier,Normal,,1900505,0,300,9,0,1,1,10,0,0,0,0,NKS_fx_monster_spawn_01,NKS_fx_monster_hit_01,NKS_fx_common_explosion_01,True,True,True,0,0,0,0,0,0
170301,fx_boss_cave_crystalsphere_01,858993459,True,Ground,Normal,,1900501,0,75,9,0,1,1,10,0,0,0,0,NKS_fx_monster_spawn_01,NKS_fx_monster_hit_01,NKS_fx_boss_cave_crystalsphere_explosion,True,True,True,0,0,0,0,0,0
170302,fx_boss_cave_crystalsphere_01,858993459,True,Ground,Normal,,1900501,0,90,9,0,1,1,10,0,0,0,0,NKS_fx_monster_spawn_01,NKS_fx_monster_hit_01,NKS_fx_boss_cave_crystalsphere_explosion,True,True,True,0,0,0,0,0,0
170303,fx_boss_cave_crystalsphere_01,858993459,True,Ground,Normal,,1900501,0,150,9,0,1,1,10,0,0,0,0,NKS_fx_monster_spawn_01,NKS_fx_monster_hit_01,NKS_fx_boss_cave_crystalsphere_explosion,True,True,True,0,0,0,0,0,0
170304,fx_boss_cave_crystalsphere_01,858993459,True,Ground,Normal,,1900501,0,300,9,0,1,1,10,0,0,0,0,NKS_fx_monster_spawn_01,NKS_fx_monster_hit_01,NKS_fx_boss_cave_crystalsphere_explosion,True,True,True,0,0,0,0,0,0
170401,NKS_monster_eea003,0,False,Barrier,Normal,,1900506,-1717986918,500,9,0,1,1,10,0,0,0,0,NKS_fx_monster_spawn_01,NKS_fx_monster_hit_01,NKS_fx_common_explosion_01,True,True,True,0,0,0,0,0,0
170402,NKS_monster_eea003,0,False,Barrier,Normal,,1900506,-1717986918,700,9,0,1,1,10,0,0,0,0,NKS_fx_monster_spawn_01,NKS_fx_monster_hit_01,NKS_fx_common_explosion_01,True,True,True,0,0,0,0,0,0
172001,fx_boss_cave_crystalsphere_01,-1717986918,True,Fly,Normal,,11,0,15,9,1,1,1,10,6,1,0,0,NKS_fx_monster_spawn_01,NKS_fx_monster_hit_01,NKS_fx_boss_cave_crystalsphere_explosion,False,False,False,0,0,0,0,0,0
172002,fx_boss_cave_crystalsphere_01,-1717986918,True,Fly,Normal,,11,0,42,9,1,1,1,10,6,1,0,0,NKS_fx_monster_spawn_01,NKS_fx_monster_hit_01,NKS_fx_boss_cave_crystalsphere_explosion,False,False,False,0,0,0,0,0,0
178001,NKS_monster_emg003,-858993459,True,Ground,Normal,,900600,-1717986918,33,9,1,1,1,10,6,1,0,0,NKS_fx_monster_spawn_01,NKS_fx_monster_hit_01,NKS_fx_common_explosion_01,False,False,False,0,0,0,0,0,0
179001,NKS_monster_bca002,0,True,Ground,Normal,,900603,-1717986918,3000,9,1,1,1,10,6,1,0,0,NKS_fx_monster_spawn_01,NKS_fx_monster_hit_01,NKS_fx_common_explosion_03,True,True,True,100801,1,0,0,0,0
179002,NKS_monster_ecg003,-1717986918,True,Ground,Normal,,900603,-1717986918,5000,9,1,1,1,10,6,1,0,0,NKS_fx_monster_spawn_01,NKS_fx_monster_hit_01,NKS_fx_common_explosion_03,True,True,True,100801,1,0,0,0,0
179003,NKS_monster_beg006,858993459,True,Ground,Normal,,900603,-1717986918,7500,9,1,1,1,10,6,1,0,0,NKS_fx_monster_spawn_01,NKS_fx_monster_hit_01,NKS_fx_common_explosion_02,True,True,True,100801,1,0,0,0,0
200000,NKS_monster_mmg005,-1717986918,True,Ground,Normal,,110002,858993459,30,9,1,1,1,15,401,1,0,0,NKS_fx_monster_spawn_01,NKS_fx_monster_hit_01,NKS_fx_common_explosion_02,False,False,False,0,0,0,0,0,0
200001,NKS_monster_mmg005,-1717986918,True,Ground,Normal,,110002,858993459,30,8,1,1,1,15,401,1,0,0,NKS_fx_monster_spawn_01,NKS_fx_monster_hit_01,NKS_fx_common_explosion_02,False,False,False,0,0,0,0,0,0
200002,NKS_monster_emg003,-1717986918,True,Ground,Normal,,110002,858993459,30,8,1,1,1,15,401,1,0,0,NKS_fx_monster_spawn_01,NKS_fx_monster_hit_01,NKS_fx_common_explosion_02,False,False,False,0,0,0,0,0,0
200003,NKS_monster_bma004,-1717986918,True,Ground,Normal,,110002,858993459,30,8,1,1,1,15,401,1,0,0,NKS_fx_monster_spawn_01,NKS_fx_monster_hit_01,NKS_fx_common_explosion_02,False,False,False,0,0,0,0,0,0
200004,NKS_monster_eta001,-1717986918,True,Ground,Normal,,110002,1717986918,30,8,1,1,1,15,0,0,0,0,NKS_fx_monster_spawn_01,NKS_fx_monster_hit_01,NKS_fx_common_explosion_02,False,False,False,0,0,0,0,0,0
200005,NKS_monster_bmg001,-1717986918,True,Ground,Normal,,110002,1717986918,30,8,1,1,1,15,0,0,0,0,NKS_fx_monster_spawn_01,NKS_fx_monster_hit_01,NKS_fx_common_explosion_02,False,False,False,0,0,0,0,0,0
200006,NKS_monster_mma002,-1717986918,True,Ground,Normal,,110002,1717986918,30,8,1,1,1,15,0,0,0,0,NKS_fx_monster_spawn_01,NKS_fx_monster_hit_01,NKS_fx_common_explosion_02,False,False,False,0,0,0,0,0,0
200011,NKS_monster_mmg005,858993459,True,Ground,Normal,,110002,858993459,35,10,1,1,1,17,401,1,0,0,NKS_fx_monster_spawn_01,NKS_fx_monster_hit_01,NKS_fx_common_explosion_02,False,False,False,0,0,0,0,0,0
200012,NKS_monster_emg003,858993459,True,Ground,Normal,,110002,858993459,35,10,1,1,1,17,401,1,0,0,NKS_fx_monster_spawn_01,NKS_fx_monster_hit_01,NKS_fx_common_explosion_02,False,False,False,0,0,0,0,0,0
200013,NKS_monster_bma004,858993459,True,Ground,Normal,,110002,858993459,35,10,1,1,1,17,401,1,0,0,NKS_fx_monster_spawn_01,NKS_fx_monster_hit_01,NKS_fx_common_explosion_02,False,False,False,0,0,0,0,0,0
200014,NKS_monster_eta001,858993459,True,Ground,Normal,,110002,0,35,10,1,1,1,17,0,0,0,0,NKS_fx_monster_spawn_01,NKS_fx_monster_hit_01,NKS_fx_common_explosion_02,False,False,False,0,0,0,0,0,0
200015,NKS_monster_bmg001,858993459,True,Ground,Normal,,110002,0,35,10,1,1,1,17,0,0,0,0,NKS_fx_monster_spawn_01,NKS_fx_monster_hit_01,NKS_fx_common_explosion_02,False,False,False,0,0,0,0,0,0
200016,NKS_monster_mma002,858993459,True,Ground,Normal,,110002,0,35,10,1,1,1,17,0,0,0,0,NKS_fx_monster_spawn_01,NKS_fx_monster_hit_01,NKS_fx_common_explosion_02,False,False,False,0,0,0,0,0,0
200021,NKS_monster_mmg005,-858993459,True,Ground,Normal,,110002,858993459,45,12,1,1,1,19,401,1,0,0,NKS_fx_monster_spawn_01,NKS_fx_monster_hit_01,NKS_fx_common_explosion_02,False,False,False,0,0,0,0,0,0
200022,NKS_monster_emg003,-858993459,True,Ground,Normal,,110002,858993459,45,12,1,1,1,19,401,1,0,0,NKS_fx_monster_spawn_01,NKS_fx_monster_hit_01,NKS_fx_common_explosion_02,False,False,False,0,0,0,0,0,0
200023,NKS_monster_bma004,-858993459,True,Ground,Normal,,110002,858993459,45,12,1,1,1,19,401,1,0,0,NKS_fx_monster_spawn_01,NKS_fx_monster_hit_01,NKS_fx_common_explosion_02,False,False,False,0,0,0,0,0,0
200024,NKS_monster_eta001,-858993459,True,Ground,Normal,,110002,-1717986918,45,12,1,1,1,19,0,0,0,0,NKS_fx_monster_spawn_01,NKS_fx_monster_hit_01,NKS_fx_common_explosion_02,False,False,False,0,0,0,0,0,0
200025,NKS_monster_bmg001,-858993459,True,Ground,Normal,,110002,-1717986918,45,12,1,1,1,19,0,0,0,0,NKS_fx_monster_spawn_01,NKS_fx_monster_hit_01,NKS_fx_common_explosion_02,False,False,False,0,0,0,0,0,0
200026,NKS_monster_mma002,-858993459,True,Ground,Normal,,110002,-1717986918,45,12,1,1,1,19,0,0,0,0,NKS_fx_monster_spawn_01,NKS_fx_monster_hit_01,NKS_fx_common_explosion_02,False,False,False,0,0,0,0,0,0
200031,NKS_monster_mmg005,1717986918,True,Ground,Normal,,110002,858993459,100,14,1,1,1,20,401,1,0,0,NKS_fx_monster_spawn_01,NKS_fx_monster_hit_01,NKS_fx_common_explosion_02,False,False,False,0,0,0,0,0,0
200032,NKS_monster_emg003,1717986918,True,Ground,Normal,,110002,858993459,100,14,1,1,1,20,401,1,0,0,NKS_fx_monster_spawn_01,NKS_fx_monster_hit_01,NKS_fx_common_explosion_02,False,False,False,0,0,0,0,0,0
200033,NKS_monster_bma004,1717986918,True,Ground,Normal,,110002,858993459,100,14,1,1,1,20,401,1,0,0,NKS_fx_monster_spawn_01,NKS_fx_monster_hit_01,NKS_fx_common_explosion_02,False,False,False,0,0,0,0,0,0
200034,NKS_monster_eta001,1717986918,True,Ground,Normal,,110002,858993459,100,14,1,1,1,20,0,0,0,0,NKS_fx_monster_spawn_01,NKS_fx_monster_hit_01,NKS_fx_common_explosion_02,False,False,False,0,0,0,0,0,0
200035,NKS_monster_bmg001,1717986918,True,Ground,Normal,,110002,858993459,100,14,1,1,1,20,0,0,0,0,NKS_fx_monster_spawn_01,NKS_fx_monster_hit_01,NKS_fx_common_explosion_02,False,False,False,0,0,0,0,0,0
200036,NKS_monster_mma002,1717986918,True,Ground,Normal,,110002,858993459,100,14,1,1,1,20,0,0,0,0,NKS_fx_monster_spawn_01,NKS_fx_monster_hit_01,NKS_fx_common_explosion_02,False,False,False,0,0,0,0,0,0
200041,NKS_monster_mmg005,0,True,Ground,Normal,,110002,858993459,150,16,1,1,1,22,401,1,0,0,NKS_fx_monster_spawn_01,NKS_fx_monster_hit_01,NKS_fx_common_explosion_02,False,False,False,0,0,0,0,0,0
200042,NKS_monster_emg003,0,True,Ground,Normal,,110002,858993459,150,16,1,1,1,22,401,1,0,0,NKS_fx_monster_spawn_01,NKS_fx_monster_hit_01,NKS_fx_common_explosion_02,False,False,False,0,0,0,0,0,0
200043,NKS_monster_bma004,0,True,Ground,Normal,,110002,858993459,150,16,1,1,1,22,401,1,0,0,NKS_fx_monster_spawn_01,NKS_fx_monster_hit_01,NKS_fx_common_explosion_02,False,False,False,0,0,0,0,0,0
200044,NKS_monster_eta001,0,True,Ground,Normal,,110002,-858993459,150,16,1,1,1,22,0,0,0,0,NKS_fx_monster_spawn_01,NKS_fx_monster_hit_01,NKS_fx_common_explosion_02,False,False,False,0,0,0,0,0,0
200045,NKS_monster_bmg001,0,True,Ground,Normal,,110002,-858993459,150,16,1,1,1,22,0,0,0,0,NKS_fx_monster_spawn_01,NKS_fx_monster_hit_01,NKS_fx_common_explosion_02,False,False,False,0,0,0,0,0,0
200046,NKS_monster_mma002,0,True,Ground,Normal,,110002,-858993459,150,16,1,1,1,22,0,0,0,0,NKS_fx_monster_spawn_01,NKS_fx_monster_hit_01,NKS_fx_common_explosion_02,False,False,False,0,0,0,0,0,0
200051,NKS_monster_mmg005,0,True,Ground,Normal,,110002,858993459,200,18,1,1,1,24,401,1,0,0,NKS_fx_monster_spawn_01,NKS_fx_monster_hit_01,NKS_fx_common_explosion_02,False,False,False,0,0,0,0,0,0
200052,NKS_monster_emg003,0,True,Ground,Normal,,110002,858993459,200,18,1,1,1,24,401,1,0,0,NKS_fx_monster_spawn_01,NKS_fx_monster_hit_01,NKS_fx_common_explosion_02,False,False,False,0,0,0,0,0,0
200053,NKS_monster_bma004,0,True,Ground,Normal,,110002,858993459,200,18,1,1,1,24,401,1,0,0,NKS_fx_monster_spawn_01,NKS_fx_monster_hit_01,NKS_fx_common_explosion_02,False,False,False,0,0,0,0,0,0
200054,NKS_monster_eta001,0,True,Ground,Normal,,110002,-858993459,200,18,1,1,1,24,0,0,0,0,NKS_fx_monster_spawn_01,NKS_fx_monster_hit_01,NKS_fx_common_explosion_02,False,False,False,0,0,0,0,0,0
200055,NKS_monster_bmg001,0,True,Ground,Normal,,110002,-858993459,200,18,1,1,1,24,0,0,0,0,NKS_fx_monster_spawn_01,NKS_fx_monster_hit_01,NKS_fx_common_explosion_02,False,False,False,0,0,0,0,0,0
200056,NKS_monster_mma002,0,True,Ground,Normal,,110002,-858993459,200,18,1,1,1,24,0,0,0,0,NKS_fx_monster_spawn_01,NKS_fx_monster_hit_01,NKS_fx_common_explosion_02,False,False,False,0,0,0,0,0,0
200061,NKS_monster_mmg005,0,True,Ground,Normal,,110002,858993459,240,20,1,1,1,25,401,1,0,0,NKS_fx_monster_spawn_01,NKS_fx_monster_hit_01,NKS_fx_common_explosion_02,False,False,False,0,0,0,0,0,0
200062,NKS_monster_emg003,0,True,Ground,Normal,,110002,858993459,240,20,1,1,1,25,401,1,0,0,NKS_fx_monster_spawn_01,NKS_fx_monster_hit_01,NKS_fx_common_explosion_02,False,False,False,0,0,0,0,0,0
200063,NKS_monster_bma004,0,True,Ground,Normal,,110002,858993459,240,20,1,1,1,25,401,1,0,0,NKS_fx_monster_spawn_01,NKS_fx_monster_hit_01,NKS_fx_common_explosion_02,False,False,False,0,0,0,0,0,0
200064,NKS_monster_eta001,0,True,Ground,Normal,,110002,-858993459,240,20,1,1,1,25,0,0,0,0,NKS_fx_monster_spawn_01,NKS_fx_monster_hit_01,NKS_fx_common_explosion_02,False,False,False,0,0,0,0,0,0
200065,NKS_monster_bmg001,0,True,Ground,Normal,,110002,-858993459,240,20,1,1,1,25,0,0,0,0,NKS_fx_monster_spawn_01,NKS_fx_monster_hit_01,NKS_fx_common_explosion_02,False,False,False,0,0,0,0,0,0
200066,NKS_monster_mma002,0,True,Ground,Normal,,110002,-858993459,240,20,1,1,1,25,0,0,0,0,NKS_fx_monster_spawn_01,NKS_fx_monster_hit_01,NKS_fx_common_explosion_02,False,False,False,0,0,0,0,0,0
200071,NKS_monster_mmg005,0,True,Ground,Normal,,110002,858993459,270,22,1,1,1,26,401,1,0,0,NKS_fx_monster_spawn_01,NKS_fx_monster_hit_01,NKS_fx_common_explosion_02,False,False,False,0,0,0,0,0,0
200072,NKS_monster_emg003,0,True,Ground,Normal,,110002,858993459,270,22,1,1,1,26,401,1,0,0,NKS_fx_monster_spawn_01,NKS_fx_monster_hit_01,NKS_fx_common_explosion_02,False,False,False,0,0,0,0,0,0
200073,NKS_monster_bma004,0,True,Ground,Normal,,110002,858993459,270,22,1,1,1,26,401,1,0,0,NKS_fx_monster_spawn_01,NKS_fx_monster_hit_01,NKS_fx_common_explosion_02,False,False,False,0,0,0,0,0,0
200074,NKS_monster_eta001,0,True,Ground,Normal,,110002,-858993459,270,22,1,1,1,26,0,0,0,0,NKS_fx_monster_spawn_01,NKS_fx_monster_hit_01,NKS_fx_common_explosion_02,False,False,False,0,0,0,0,0,0
200075,NKS_monster_bmg001,0,True,Ground,Normal,,110002,-858993459,270,22,1,1,1,26,0,0,0,0,NKS_fx_monster_spawn_01,NKS_fx_monster_hit_01,NKS_fx_common_explosion_02,False,False,False,0,0,0,0,0,0
200076,NKS_monster_mma002,0,True,Ground,Normal,,110002,-858993459,270,22,1,1,1,26,0,0,0,0,NKS_fx_monster_spawn_01,NKS_fx_monster_hit_01,NKS_fx_common_explosion_02,False,False,False,0,0,0,0,0,0
200081,NKS_monster_mmg005,0,True,Ground,Normal,,110002,-858993459,285,24,1,1,1,27,401,1,0,0,NKS_fx_monster_spawn_01,NKS_fx_monster_hit_01,NKS_fx_common_explosion_02,False,False,False,0,0,0,0,0,0
200082,NKS_monster_emg003,0,True,Ground,Normal,,110002,-858993459,285,24,1,1,1,27,401,1,0,0,NKS_fx_monster_spawn_01,NKS_fx_monster_hit_01,NKS_fx_common_explosion_02,False,False,False,0,0,0,0,0,0
200083,NKS_monster_bma004,0,True,Ground,Normal,,110002,-858993459,285,24,1,1,1,27,401,1,0,0,NKS_fx_monster_spawn_01,NKS_fx_monster_hit_01,NKS_fx_common_explosion_02,False,False,False,0,0,0,0,0,0
200084,NKS_monster_eta001,0,True,Ground,Normal,,110002,-858993459,285,24,1,1,1,27,0,0,0,0,NKS_fx_monster_spawn_01,NKS_fx_monster_hit_01,NKS_fx_common_explosion_02,False,False,False,0,0,0,0,0,0
200085,NKS_monster_bmg001,0,True,Ground,Normal,,110002,-858993459,285,24,1,1,1,27,0,0,0,0,NKS_fx_monster_spawn_01,NKS_fx_monster_hit_01,NKS_fx_common_explosion_02,False,False,False,0,0,0,0,0,0
200086,NKS_monster_mma002,0,True,Ground,Normal,,110002,-858993459,285,24,1,1,1,27,0,0,0,0,NKS_fx_monster_spawn_01,NKS_fx_monster_hit_01,NKS_fx_common_explosion_02,False,False,False,0,0,0,0,0,0
200091,NKS_monster_mmg005,0,True,Ground,Normal,,1900507,-858993459,300,26,1,1,1,28,401,1,0,0,NKS_fx_monster_spawn_01,NKS_fx_monster_hit_01,NKS_fx_common_explosion_02,False,False,False,0,0,0,0,0,0
200092,NKS_monster_emg003,0,True,Ground,Normal,,110002,-858993459,300,26,1,1,1,28,401,1,0,0,NKS_fx_monster_spawn_01,NKS_fx_monster_hit_01,NKS_fx_common_explosion_02,False,False,False,0,0,0,0,0,0
200093,NKS_monster_bma004,0,True,Ground,Normal,,110002,-858993459,300,26,1,1,1,28,401,1,0,0,NKS_fx_monster_spawn_01,NKS_fx_monster_hit_01,NKS_fx_common_explosion_02,False,False,False,0,0,0,0,0,0
200094,NKS_monster_eta001,0,True,Ground,Normal,,110002,-858993459,300,26,1,1,1,28,0,0,0,0,NKS_fx_monster_spawn_01,NKS_fx_monster_hit_01,NKS_fx_common_explosion_02,False,False,False,0,0,0,0,0,0
200095,NKS_monster_bmg001,0,True,Ground,Normal,,110002,-858993459,300,26,1,1,1,28,0,0,0,0,NKS_fx_monster_spawn_01,NKS_fx_monster_hit_01,NKS_fx_common_explosion_02,False,False,False,0,0,0,0,0,0
200096,NKS_monster_mma002,0,True,Ground,Normal,,110002,-858993459,300,26,1,1,1,28,0,0,0,0,NKS_fx_monster_spawn_01,NKS_fx_monster_hit_01,NKS_fx_common_explosion_02,False,False,False,0,0,0,0,0,0
200101,NKS_monster_mmg005,0,True,Ground,Normal,,110002,-858993459,320,28,1,1,1,29,401,1,0,0,NKS_fx_monster_spawn_01,NKS_fx_monster_hit_01,NKS_fx_common_explosion_02,False,False,False,0,0,0,0,0,0
200102,NKS_monster_emg003,0,True,Ground,Normal,,110002,-858993459,320,28,1,1,1,29,401,1,0,0,NKS_fx_monster_spawn_01,NKS_fx_monster_hit_01,NKS_fx_common_explosion_02,False,False,False,0,0,0,0,0,0
200103,NKS_monster_bma004,0,True,Ground,Normal,,1900507,-858993459,320,28,1,1,1,29,401,1,0,0,NKS_fx_monster_spawn_01,NKS_fx_monster_hit_01,NKS_fx_common_explosion_02,False,False,False,0,0,0,0,0,0
200104,NKS_monster_eta001,0,True,Ground,Normal,,110002,-858993459,320,28,1,1,1,29,0,0,0,0,NKS_fx_monster_spawn_01,NKS_fx_monster_hit_01,NKS_fx_common_explosion_02,False,False,False,0,0,0,0,0,0
200105,NKS_monster_bmg001,0,True,Ground,Normal,,110002,-858993459,320,28,1,1,1,29,0,0,0,0,NKS_fx_monster_spawn_01,NKS_fx_monster_hit_01,NKS_fx_common_explosion_02,False,False,False,0,0,0,0,0,0
200106,NKS_monster_mma002,0,True,Ground,Normal,,110002,-858993459,320,28,1,1,1,29,0,0,0,0,NKS_fx_monster_spawn_01,NKS_fx_monster_hit_01,NKS_fx_common_explosion_02,False,False,False,0,0,0,0,0,0
200111,NKS_monster_mmg005,0,True,Ground,Normal,,110002,-858993459,340,30,1,1,1,30,401,1,0,0,NKS_fx_monster_spawn_01,NKS_fx_monster_hit_01,NKS_fx_common_explosion_02,False,False,False,0,0,0,0,0,0
200112,NKS_monster_emg003,0,True,Ground,Normal,,110002,-858993459,340,30,1,1,1,30,401,1,0,0,NKS_fx_monster_spawn_01,NKS_fx_monster_hit_01,NKS_fx_common_explosion_02,False,False,False,0,0,0,0,0,0
200113,NKS_monster_bma004,0,True,Ground,Normal,,110002,-858993459,340,30,1,1,1,30,401,1,0,0,NKS_fx_monster_spawn_01,NKS_fx_monster_hit_01,NKS_fx_common_explosion_02,False,False,False,0,0,0,0,0,0
200114,NKS_monster_eta001,0,True,Ground,Normal,,110002,-858993459,340,30,1,1,1,30,0,0,0,0,NKS_fx_monster_spawn_01,NKS_fx_monster_hit_01,NKS_fx_common_explosion_02,False,False,False,0,0,0,0,0,0
200115,NKS_monster_bmg001,0,True,Ground,Normal,,1900507,-858993459,340,30,1,1,1,30,0,0,0,0,NKS_fx_monster_spawn_01,NKS_fx_monster_hit_01,NKS_fx_common_explosion_02,False,False,False,0,0,0,0,0,0
200116,NKS_monster_mma002,0,True,Ground,Normal,,110002,-858993459,340,30,1,1,1,30,0,0,0,0,NKS_fx_monster_spawn_01,NKS_fx_monster_hit_01,NKS_fx_common_explosion_02,False,False,False,0,0,0,0,0,0
200121,NKS_monster_mmg005,0,True,Ground,Normal,,110002,1717986918,360,32,1,1,1,30,401,1,0,0,NKS_fx_monster_spawn_01,NKS_fx_monster_hit_01,NKS_fx_common_explosion_02,False,False,False,0,0,0,0,0,0
200122,NKS_monster_emg003,0,True,Ground,Normal,,110002,1717986918,360,32,1,1,1,30,401,1,0,0,NKS_fx_monster_spawn_01,NKS_fx_monster_hit_01,NKS_fx_common_explosion_02,False,False,False,0,0,0,0,0,0
200123,NKS_monster_bma004,0,True,Ground,Normal,,110002,1717986918,360,32,1,1,1,30,401,1,0,0,NKS_fx_monster_spawn_01,NKS_fx_monster_hit_01,NKS_fx_common_explosion_02,False,False,False,0,0,0,0,0,0
200124,NKS_monster_eta001,0,True,Ground,Normal,,110002,-858993459,360,32,1,1,1,30,0,0,0,0,NKS_fx_monster_spawn_01,NKS_fx_monster_hit_01,NKS_fx_common_explosion_02,False,False,False,0,0,0,0,0,0
200125,NKS_monster_bmg001,0,True,Ground,Normal,,110002,-858993459,360,32,1,1,1,30,0,0,0,0,NKS_fx_monster_spawn_01,NKS_fx_monster_hit_01,NKS_fx_common_explosion_02,False,False,False,0,0,0,0,0,0
200126,NKS_monster_mma002,0,True,Ground,Normal,,1900507,-858993459,360,32,1,1,1,30,0,0,0,0,NKS_fx_monster_spawn_01,NKS_fx_monster_hit_01,NKS_fx_common_explosion_02,False,False,False,0,0,0,0,0,0
200131,NKS_monster_mmg005,0,True,Ground,Normal,,110002,1717986918,380,34,1,1,1,30,401,1,0,0,NKS_fx_monster_spawn_01,NKS_fx_monster_hit_01,NKS_fx_common_explosion_02,False,False,False,0,0,0,0,0,0
200132,NKS_monster_emg003,0,True,Ground,Normal,,110002,1717986918,380,34,1,1,1,30,401,1,0,0,NKS_fx_monster_spawn_01,NKS_fx_monster_hit_01,NKS_fx_common_explosion_02,False,False,False,0,0,0,0,0,0
200133,NKS_monster_bma004,0,True,Ground,Normal,,1900507,1717986918,380,34,1,1,1,30,0,0,0,0,NKS_fx_monster_spawn_01,NKS_fx_monster_hit_01,NKS_fx_common_explosion_02,False,False,False,0,0,0,0,0,0
200134,NKS_monster_eta001,0,True,Ground,Normal,,110002,-858993459,380,34,1,1,1,30,0,0,0,0,NKS_fx_monster_spawn_01,NKS_fx_monster_hit_01,NKS_fx_common_explosion_02,False,False,False,0,0,0,0,0,0
200135,NKS_monster_bmg001,0,True,Ground,Normal,,110002,-858993459,380,34,1,1,1,30,0,0,0,0,NKS_fx_monster_spawn_01,NKS_fx_monster_hit_01,NKS_fx_common_explosion_02,False,False,False,0,0,0,0,0,0
200136,NKS_monster_mma002,0,True,Ground,Normal,,110002,-858993459,380,34,1,1,1,30,0,0,0,0,NKS_fx_monster_spawn_01,NKS_fx_monster_hit_01,NKS_fx_common_explosion_02,False,False,False,0,0,0,0,0,0
200141,NKS_monster_mmg005,0,True,Ground,Normal,,1900507,1717986918,400,36,1,1,1,30,401,1,0,0,NKS_fx_monster_spawn_01,NKS_fx_monster_hit_01,NKS_fx_common_explosion_02,False,False,False,0,0,0,0,0,0
200142,NKS_monster_emg003,0,True,Ground,Normal,,110002,1717986918,400,36,1,1,1,30,401,1,0,0,NKS_fx_monster_spawn_01,NKS_fx_monster_hit_01,NKS_fx_common_explosion_02,False,False,False,0,0,0,0,0,0
200143,NKS_monster_bma004,0,True,Ground,Normal,,110002,1717986918,400,36,1,1,1,30,0,0,0,0,NKS_fx_monster_spawn_01,NKS_fx_monster_hit_01,NKS_fx_common_explosion_02,False,False,False,0,0,0,0,0,0
200144,NKS_monster_eta001,0,True,Ground,Normal,,110002,-858993459,400,36,1,1,1,30,0,0,0,0,NKS_fx_monster_spawn_01,NKS_fx_monster_hit_01,NKS_fx_common_explosion_02,False,False,False,0,0,0,0,0,0
200145,NKS_monster_bmg001,0,True,Ground,Normal,,110002,-858993459,400,36,1,1,1,30,0,0,0,0,NKS_fx_monster_spawn_01,NKS_fx_monster_hit_01,NKS_fx_common_explosion_02,False,False,False,0,0,0,0,0,0
200146,NKS_monster_mma002,0,True,Ground,Normal,,110002,-858993459,400,36,1,1,1,30,0,0,0,0,NKS_fx_monster_spawn_01,NKS_fx_monster_hit_01,NKS_fx_common_explosion_02,False,False,False,0,0,0,0,0,0
200151,NKS_monster_mmg005,0,True,Ground,Normal,,110002,1717986918,600,38,1,1,1,30,401,1,0,0,NKS_fx_monster_spawn_01,NKS_fx_monster_hit_01,NKS_fx_common_explosion_02,False,False,False,0,0,0,0,0,0
200152,NKS_monster_emg003,0,True,Ground,Normal,,1900507,1717986918,600,38,1,1,1,30,401,1,0,0,NKS_fx_monster_spawn_01,NKS_fx_monster_hit_01,NKS_fx_common_explosion_02,False,False,False,0,0,0,0,0,0
200153,NKS_monster_bma004,0,True,Ground,Normal,,110002,1717986918,600,38,1,1,1,30,0,0,0,0,NKS_fx_monster_spawn_01,NKS_fx_monster_hit_01,NKS_fx_common_explosion_02,False,False,False,0,0,0,0,0,0
200154,NKS_monster_eta001,0,True,Ground,Normal,,110002,-858993459,600,38,1,1,1,30,0,0,0,0,NKS_fx_monster_spawn_01,NKS_fx_monster_hit_01,NKS_fx_common_explosion_02,False,False,False,0,0,0,0,0,0
200155,NKS_monster_bmg001,0,True,Ground,Normal,,110002,-858993459,600,38,1,1,1,30,0,0,0,0,NKS_fx_monster_spawn_01,NKS_fx_monster_hit_01,NKS_fx_common_explosion_02,False,False,False,0,0,0,0,0,0
200156,NKS_monster_mma002,0,True,Ground,Normal,,110002,-858993459,600,38,1,1,1,30,0,0,0,0,NKS_fx_monster_spawn_01,NKS_fx_monster_hit_01,NKS_fx_common_explosion_02,False,False,False,0,0,0,0,0,0
200161,NKS_monster_mmg005,0,True,Ground,Normal,,110002,1717986918,900,40,1,1,1,30,401,1,0,0,NKS_fx_monster_spawn_01,NKS_fx_monster_hit_01,NKS_fx_common_explosion_02,False,False,False,0,0,0,0,0,0
200162,NKS_monster_emg003,0,True,Ground,Normal,,110002,1717986918,900,40,1,1,1,30,401,1,0,0,NKS_fx_monster_spawn_01,NKS_fx_monster_hit_01,NKS_fx_common_explosion_02,False,False,False,0,0,0,0,0,0
200163,NKS_monster_bma004,0,True,Ground,Normal,,110002,1717986918,900,40,1,1,1,30,0,0,0,0,NKS_fx_monster_spawn_01,NKS_fx_monster_hit_01,NKS_fx_common_explosion_02,False,False,False,0,0,0,0,0,0
200164,NKS_monster_eta001,0,True,Ground,Normal,,110002,-858993459,900,40,1,1,1,30,0,0,0,0,NKS_fx_monster_spawn_01,NKS_fx_monster_hit_01,NKS_fx_common_explosion_02,False,False,False,0,0,0,0,0,0
200165,NKS_monster_bmg001,0,True,Ground,Normal,,110002,-858993459,900,40,1,1,1,30,0,0,0,0,NKS_fx_monster_spawn_01,NKS_fx_monster_hit_01,NKS_fx_common_explosion_02,False,False,False,0,0,0,0,0,0
200166,NKS_monster_mma002,0,True,Ground,Normal,,1900507,-858993459,900,40,1,1,1,30,0,0,0,0,NKS_fx_monster_spawn_01,NKS_fx_monster_hit_01,NKS_fx_common_explosion_02,False,False,False,0,0,0,0,0,0
200171,NKS_monster_mmg005,0,True,Ground,Normal,,110002,1717986918,1100,42,1,1,1,30,401,1,0,0,NKS_fx_monster_spawn_01,NKS_fx_monster_hit_01,NKS_fx_common_explosion_02,False,False,False,0,0,0,0,0,0
200172,NKS_monster_emg003,0,True,Ground,Normal,,110002,1717986918,1100,42,1,1,1,30,0,0,0,0,NKS_fx_monster_spawn_01,NKS_fx_monster_hit_01,NKS_fx_common_explosion_02,False,False,False,0,0,0,0,0,0
200173,NKS_monster_bma004,0,True,Ground,Normal,,110002,1717986918,1100,42,1,1,1,30,0,0,0,0,NKS_fx_monster_spawn_01,NKS_fx_monster_hit_01,NKS_fx_common_explosion_02,False,False,False,0,0,0,0,0,0
200174,NKS_monster_eta001,0,True,Ground,Normal,,110002,-858993459,1100,42,1,1,1,30,0,0,0,0,NKS_fx_monster_spawn_01,NKS_fx_monster_hit_01,NKS_fx_common_explosion_02,False,False,False,0,0,0,0,0,0
200175,NKS_monster_bmg001,0,True,Ground,Normal,,1900507,-858993459,1100,42,1,1,1,30,0,0,0,0,NKS_fx_monster_spawn_01,NKS_fx_monster_hit_01,NKS_fx_common_explosion_02,False,False,False,0,0,0,0,0,0
200176,NKS_monster_mma002,0,True,Ground,Normal,,110002,-858993459,1100,42,1,1,1,30,0,0,0,0,NKS_fx_monster_spawn_01,NKS_fx_monster_hit_01,NKS_fx_common_explosion_02,False,False,False,0,0,0,0,0,0
200181,NKS_monster_mmg005,0,True,Ground,Normal,,110002,1717986918,1200,44,1,1,1,30,401,1,0,0,NKS_fx_monster_spawn_01,NKS_fx_monster_hit_01,NKS_fx_common_explosion_02,False,False,False,0,0,0,0,0,0
200182,NKS_monster_emg003,0,True,Ground,Normal,,110002,1717986918,1200,44,1,1,1,30,0,0,0,0,NKS_fx_monster_spawn_01,NKS_fx_monster_hit_01,NKS_fx_common_explosion_02,False,False,False,0,0,0,0,0,0
200183,NKS_monster_bma004,0,True,Ground,Normal,,1900507,1717986918,1200,44,1,1,1,30,0,0,0,0,NKS_fx_monster_spawn_01,NKS_fx_monster_hit_01,NKS_fx_common_explosion_02,False,False,False,0,0,0,0,0,0
200184,NKS_monster_eta001,0,True,Ground,Normal,,110002,-858993459,1200,44,1,1,1,30,0,0,0,0,NKS_fx_monster_spawn_01,NKS_fx_monster_hit_01,NKS_fx_common_explosion_02,False,False,False,0,0,0,0,0,0
200185,NKS_monster_bmg001,0,True,Ground,Normal,,110002,-858993459,1200,44,1,1,1,30,0,0,0,0,NKS_fx_monster_spawn_01,NKS_fx_monster_hit_01,NKS_fx_common_explosion_02,False,False,False,0,0,0,0,0,0
200186,NKS_monster_mma002,0,True,Ground,Normal,,110002,-858993459,1200,44,1,1,1,30,0,0,0,0,NKS_fx_monster_spawn_01,NKS_fx_monster_hit_01,NKS_fx_common_explosion_02,False,False,False,0,0,0,0,0,0
200191,NKS_monster_mmg005,0,True,Ground,Normal,,1900507,1717986918,1200,46,1,1,1,30,0,0,0,0,NKS_fx_monster_spawn_01,NKS_fx_monster_hit_01,NKS_fx_common_explosion_02,False,False,False,0,0,0,0,0,0
200192,NKS_monster_emg003,0,True,Ground,Normal,,110002,1717986918,1200,46,1,1,1,30,0,0,0,0,NKS_fx_monster_spawn_01,NKS_fx_monster_hit_01,NKS_fx_common_explosion_02,False,False,False,0,0,0,0,0,0
200193,NKS_monster_bma004,0,True,Ground,Normal,,110002,1717986918,1200,46,1,1,1,30,0,0,0,0,NKS_fx_monster_spawn_01,NKS_fx_monster_hit_01,NKS_fx_common_explosion_02,False,False,False,0,0,0,0,0,0
200194,NKS_monster_eta001,0,True,Ground,Normal,,110002,-858993459,1200,46,1,1,1,30,0,0,0,0,NKS_fx_monster_spawn_01,NKS_fx_monster_hit_01,NKS_fx_common_explosion_02,False,False,False,0,0,0,0,0,0
200195,NKS_monster_bmg001,0,True,Ground,Normal,,110002,-858993459,1200,46,1,1,1,30,0,0,0,0,NKS_fx_monster_spawn_01,NKS_fx_monster_hit_01,NKS_fx_common_explosion_02,False,False,False,0,0,0,0,0,0
200196,NKS_monster_mma002,0,True,Ground,Normal,,110002,-858993459,1200,46,1,1,1,30,0,0,0,0,NKS_fx_monster_spawn_01,NKS_fx_monster_hit_01,NKS_fx_common_explosion_02,False,False,False,0,0,0,0,0,0
210001,NKS_monster_bma004,-1717986918,True,Fly,Normal,,11,0,30,10,1,1,1,15,0,0,0,0,NKS_fx_monster_spawn_01,NKS_fx_monster_hit_01,NKS_fx_common_explosion_01,False,False,False,0,0,0,0,0,0
210002,NKS_monster_bma004,-858993459,True,Fly,Normal,,11,-858993459,45,12,1,1,1,15,0,0,0,0,NKS_fx_monster_spawn_01,NKS_fx_monster_hit_01,NKS_fx_common_explosion_01,False,False,False,0,0,0,0,0,0
210003,NKS_monster_eta001,0,True,Fly,Normal,,11,-1717986918,126,14,1,1,1,15,0,0,0,0,NKS_fx_monster_spawn_01,NKS_fx_monster_hit_01,NKS_fx_common_explosion_01,False,False,False,0,0,0,0,0,0
210004,NKS_monster_eta001,-1717986918,True,Fly,Normal,,11,1717986918,161,16,1,1,1,15,0,0,0,0,NKS_fx_monster_spawn_01,NKS_fx_monster_hit_01,NKS_fx_common_explosion_01,False,False,False,0,0,0,0,0,0
210005,NKS_monster_bma004,858993459,True,Fly,Normal,,11,858993459,196,18,1,1,1,15,0,0,0,0,NKS_fx_monster_spawn_01,NKS_fx_monster_hit_01,NKS_fx_common_explosion_01,False,False,False,0,0,0,0,0,0
210006,NKS_monster_bma004,1717986918,True,Fly,Normal,,11,0,300,20,1,1,1,15,0,0,0,0,NKS_fx_monster_spawn_01,NKS_fx_monster_hit_01,NKS_fx_common_explosion_01,False,False,False,0,0,0,0,0,0
210007,NKS_monster_bma004,1717986918,True,Fly,Normal,,11,-858993459,340,22,1,1,1,15,0,0,0,0,NKS_fx_monster_spawn_01,NKS_fx_monster_hit_01,NKS_fx_common_explosion_01,False,False,False,0,0,0,0,0,0
210008,NKS_monster_bma004,1717986918,True,Fly,Normal,,11,-1717986918,380,24,1,1,1,15,0,0,0,0,NKS_fx_monster_spawn_01,NKS_fx_monster_hit_01,NKS_fx_common_explosion_01,False,False,False,0,0,0,0,0,0
210009,NKS_monster_eta001,1717986918,True,Fly,Normal,,11,858993459,410,26,1,1,1,15,0,0,0,0,NKS_fx_monster_spawn_01,NKS_fx_monster_hit_01,NKS_fx_common_explosion_01,False,False,False,0,0,0,0,0,0
210010,NKS_monster_mma002,1717986918,True,Fly,Normal,,11,0,430,28,1,1,1,15,0,0,0,0,NKS_fx_monster_spawn_01,NKS_fx_monster_hit_01,NKS_fx_common_explosion_01,False,False,False,0,0,0,0,0,0
220001,NKS_monster_eea003,0,True,Barrier,Normal,,1900506,-1717986918,150,50,0,1,1,15,0,0,0,0,NKS_fx_monster_spawn_01,NKS_fx_monster_hit_01,NKS_fx_common_explosion_01,True,True,True,0,0,0,0,0,0
220002,NKS_monster_eea003,858993459,True,Barrier,Normal,,1900506,-1717986918,700,50,0,1,1,15,0,0,0,0,NKS_fx_monster_spawn_01,NKS_fx_monster_hit_01,NKS_fx_common_explosion_01,True,True,True,0,0,0,0,0,0
220003,NKS_monster_eea003,1717986918,True,Barrier,Normal,,1900506,-1717986918,1200,50,0,1,1,15,0,0,0,0,NKS_fx_monster_spawn_01,NKS_fx_monster_hit_01,NKS_fx_common_explosion_01,True,True,True,0,0,0,0,0,0
220004,NKS_monster_eea003,-1717986918,True,Barrier,Normal,,1900506,-1717986918,1700,50,0,1,1,15,0,0,0,0,NKS_fx_monster_spawn_01,NKS_fx_monster_hit_01,NKS_fx_common_explosion_01,True,True,True,0,0,0,0,0,0
230001,fx_boss_cave_crystalsphere_01,-1717986918,True,Ground,Normal,,1900501,0,150,15,0,1,1,15,0,0,0,0,NKS_fx_monster_spawn_01,NKS_fx_monster_hit_01,NKS_fx_boss_cave_crystalsphere_explosion,True,True,True,0,0,0,0,0,0
230002,fx_boss_cave_crystalsphere_01,-858993459,True,Ground,Normal,,1900501,0,300,25,0,1,1,15,0,0,0,0,NKS_fx_monster_spawn_01,NKS_fx_monster_hit_01,NKS_fx_boss_cave_crystalsphere_explosion,True,True,True,0,0,0,0,0,0
230003,fx_boss_cave_crystalsphere_01,0,True,Ground,Normal,,1900501,0,450,35,0,1,1,15,0,0,0,0,NKS_fx_monster_spawn_01,NKS_fx_monster_hit_01,NKS_fx_boss_cave_crystalsphere_explosion,True,True,True,0,0,0,0,0,0
230004,fx_boss_cave_crystalsphere_01,858993459,True,Ground,Normal,,1900501,0,650,45,0,1,1,15,0,0,0,0,NKS_fx_monster_spawn_01,NKS_fx_monster_hit_01,NKS_fx_boss_cave_crystalsphere_explosion,True,True,True,0,0,0,0,0,0
230005,fx_boss_cave_crystalsphere_01,1717986918,True,Ground,Normal,,1900501,0,800,55,0,1,1,15,0,0,0,0,NKS_fx_monster_spawn_01,NKS_fx_monster_hit_01,NKS_fx_boss_cave_crystalsphere_explosion,True,True,True,0,0,0,0,0,0
230006,NKS_monster_bma004,-1717986918,True,Ground,Normal,,1900508,0,150,15,0,1,1,15,0,0,0,0,NKS_fx_monster_spawn_01,NKS_fx_monster_hit_01,NKS_fx_common_explosion_01,True,True,True,0,0,0,0,0,0
230007,NKS_monster_eta001,-858993459,True,Ground,Normal,,1900508,0,300,25,0,1,1,15,0,0,0,0,NKS_fx_monster_spawn_01,NKS_fx_monster_hit_01,NKS_fx_common_explosion_01,True,True,True,0,0,0,0,0,0
230008,NKS_monster_emg003,0,True,Ground,Normal,,1900508,0,450,35,0,1,1,15,0,0,0,0,NKS_fx_monster_spawn_01,NKS_fx_monster_hit_01,NKS_fx_common_explosion_01,True,True,True,0,0,0,0,0,0
230009,NKS_monster_eta001,-1717986918,True,Ground,Normal,,1900508,0,650,45,0,1,1,15,0,0,0,0,NKS_fx_monster_spawn_01,NKS_fx_monster_hit_01,NKS_fx_common_explosion_01,True,True,True,0,0,0,0,0,0
230010,NKS_monster_emg003,858993459,True,Ground,Normal,,1900508,0,800,55,0,1,1,15,0,0,0,0,NKS_fx_monster_spawn_01,NKS_fx_monster_hit_01,NKS_fx_common_explosion_01,True,True,True,0,0,0,0,0,0
230101,NKS_monster_mma002,0,False,Fly,Normal,,1900502,1717986918,150,15,0,1,1,15,0,0,0,0,NKS_fx_monster_spawn_01,NKS_fx_monster_hit_01,NKS_fx_common_explosion_01,True,True,True,0,0,0,0,0,0
230102,NKS_monster_mma002,0,False,Fly,Normal,,1900503,1717986918,150,15,0,1,1,15,0,0,0,0,NKS_fx_monster_spawn_01,NKS_fx_monster_hit_01,NKS_fx_common_explosion_01,True,True,True,0,0,0,0,0,0
230103,NKS_monster_mma002,0,False,Fly,Normal,,1900504,1717986918,150,15,0,1,1,15,0,0,0,0,NKS_fx_monster_spawn_01,NKS_fx_monster_hit_01,NKS_fx_common_explosion_01,True,True,True,0,0,0,0,0,0
230104,NKS_monster_mma002,0,False,Fly,Normal,,1900505,1717986918,150,15,0,1,1,15,0,0,0,0,NKS_fx_monster_spawn_01,NKS_fx_monster_hit_01,NKS_fx_common_explosion_01,True,True,True,0,0,0,0,0,0
230105,NKS_monster_mma002,0,False,Fly,Normal,,1900502,1717986918,350,15,0,1,1,15,0,0,0,0,NKS_fx_monster_spawn_01,NKS_fx_monster_hit_01,NKS_fx_common_explosion_01,True,True,True,0,0,0,0,0,0
230106,NKS_monster_mma002,0,False,Fly,Normal,,1900503,1717986918,350,15,0,1,1,15,0,0,0,0,NKS_fx_monster_spawn_01,NKS_fx_monster_hit_01,NKS_fx_common_explosion_01,True,True,True,0,0,0,0,0,0
230107,NKS_monster_mma002,0,False,Fly,Normal,,1900504,1717986918,350,15,0,1,1,15,0,0,0,0,NKS_fx_monster_spawn_01,NKS_fx_monster_hit_01,NKS_fx_common_explosion_01,True,True,True,0,0,0,0,0,0
230108,NKS_monster_mma002,0,False,Fly,Normal,,1900505,1717986918,350,15,0,1,1,15,0,0,0,0,NKS_fx_monster_spawn_01,NKS_fx_monster_hit_01,NKS_fx_common_explosion_01,True,True,True,0,0,0,0,0,0
230109,NKS_monster_mma002,0,False,Fly,Normal,,1900502,1717986918,650,15,0,1,1,15,0,0,0,0,NKS_fx_monster_spawn_01,NKS_fx_monster_hit_01,NKS_fx_common_explosion_01,True,True,True,0,0,0,0,0,0
230110,NKS_monster_mma002,0,False,Fly,Normal,,1900503,1717986918,650,15,0,1,1,15,0,0,0,0,NKS_fx_monster_spawn_01,NKS_fx_monster_hit_01,NKS_fx_common_explosion_01,True,True,True,0,0,0,0,0,0
230111,NKS_monster_mma002,0,False,Fly,Normal,,1900504,1717986918,650,15,0,1,1,15,0,0,0,0,NKS_fx_monster_spawn_01,NKS_fx_monster_hit_01,NKS_fx_common_explosion_01,True,True,True,0,0,0,0,0,0
230112,NKS_monster_mma002,0,False,Fly,Normal,,1900505,1717986918,650,15,0,1,1,15,0,0,0,0,NKS_fx_monster_spawn_01,NKS_fx_monster_hit_01,NKS_fx_common_explosion_01,True,True,True,0,0,0,0,0,0
230113,NKS_monster_mma002,0,False,Fly,Normal,,1900502,1717986918,800,15,0,1,1,15,0,0,0,0,NKS_fx_monster_spawn_01,NKS_fx_monster_hit_01,NKS_fx_common_explosion_01,True,True,True,0,0,0,0,0,0
230114,NKS_monster_mma002,0,False,Fly,Normal,,1900503,1717986918,800,15,0,1,1,15,0,0,0,0,NKS_fx_monster_spawn_01,NKS_fx_monster_hit_01,NKS_fx_common_explosion_01,True,True,True,0,0,0,0,0,0
230115,NKS_monster_mma002,0,False,Fly,Normal,,1900504,1717986918,800,15,0,1,1,15,0,0,0,0,NKS_fx_monster_spawn_01,NKS_fx_monster_hit_01,NKS_fx_common_explosion_01,True,True,True,0,0,0,0,0,0
230116,NKS_monster_mma002,0,False,Fly,Normal,,1900505,1717986918,800,15,0,1,1,15,0,0,0,0,NKS_fx_monster_spawn_01,NKS_fx_monster_hit_01,NKS_fx_common_explosion_01,True,True,True,0,0,0,0,0,0
230117,NKS_monster_mma002,0,False,Fly,Normal,,1900502,1717986918,800,15,0,1,1,15,0,0,0,0,NKS_fx_monster_spawn_01,NKS_fx_monster_hit_01,NKS_fx_common_explosion_01,True,True,True,0,0,0,0,0,0
230118,NKS_monster_mma002,0,False,Fly,Normal,,1900503,1717986918,800,15,0,1,1,15,0,0,0,0,NKS_fx_monster_spawn_01,NKS_fx_monster_hit_01,NKS_fx_common_explosion_01,True,True,True,0,0,0,0,0,0
230119,NKS_monster_mma002,0,False,Fly,Normal,,1900504,1717986918,800,15,0,1,1,15,0,0,0,0,NKS_fx_monster_spawn_01,NKS_fx_monster_hit_01,NKS_fx_common_explosion_01,True,True,True,0,0,0,0,0,0
230120,NKS_monster_mma002,0,False,Fly,Normal,,1900505,1717986918,800,15,0,1,1,15,0,0,0,0,NKS_fx_monster_spawn_01,NKS_fx_monster_hit_01,NKS_fx_common_explosion_01,True,True,True,0,0,0,0,0,0
240001,boss_iceland,0,False,Ground,Boss,NKSmini_BT_boss01b,0,0,15000,4,10,1,1,8,201,25,5,0,NKS_fx_monster_boss_spawn_01,NKS_fx_monster_hit_02,NKS_fx_boss_explosion_01,True,True,True,100801,1,0,0,0,0
240002,boss_armybase,0,False,Ground,Boss,NKSmini_BT_boss02b,0,0,15000,4,10,1,1,8,201,25,5,0,NKS_fx_monster_boss_spawn_01,NKS_fx_monster_hit_02,NKS_fx_boss_explosion_01,True,True,True,100801,1,0,0,0,0
240003,boss_desert,0,False,Ground,Boss,NKSmini_BT_boss03b,0,-1717986918,45000,8,10,1,1,8,201,25,5,0,NKS_fx_monster_boss_spawn_01,NKS_fx_monster_hit_02,NKS_fx_boss_explosion_01,True,True,True,100801,1,0,0,0,0
240004,boss_grassland,0,False,Fly,Boss,NKSmini_BT_boss04b,0,0,15000,10,10,1,1,10,201,25,5,0,NKS_fx_monster_boss_spawn_01,NKS_fx_monster_hit_02,NKS_fx_boss_explosion_01,True,True,True,100801,1,0,0,0,0
240005,boss_simulationroom,0,False,Ground,Boss,NKSmini_BT_boss05b,0,0,15000,15,10,1,1,20,201,25,5,0,NKS_fx_monster_boss_spawn_01,NKS_fx_monster_hit_02,NKS_fx_boss_explosion_01,True,True,True,100801,1,0,0,0,0
240006,boss_hidden,0,False,Fly,Boss,NKSmini_BT_boss06b,0,0,30000,30,10,1,1,30,201,25,5,0,NKS_fx_monster_boss_spawn_01,NKS_fx_monster_hit_02,NKS_fx_boss_explosion_01,True,True,True,100801,1,0,0,0,0
240011,boss_iceland,0,False,Ground,Boss,NKSmini_BT_boss01b,0,0,12500,10,20,1,1,40,201,25,5,0,NKS_fx_monster_boss_spawn_01,NKS_fx_monster_hit_02,NKS_fx_boss_explosion_01,True,True,True,100801,1,0,0,0,0
240012,boss_armybase,0,False,Ground,Boss,NKSmini_BT_boss02b,0,0,15700,10,20,1,1,50,201,25,5,0,NKS_fx_monster_boss_spawn_01,NKS_fx_monster_hit_02,NKS_fx_boss_explosion_01,True,True,True,100801,1,0,0,0,0
240013,boss_desert,0,False,Ground,Boss,NKSmini_BT_boss03b,0,-1717986918,45000,20,20,1,1,60,201,25,5,0,NKS_fx_monster_boss_spawn_01,NKS_fx_monster_hit_02,NKS_fx_boss_explosion_01,True,True,True,100801,1,0,0,0,0
240014,boss_grassland,0,False,Fly,Boss,NKSmini_BT_boss04b,0,0,16000,30,20,1,1,80,201,25,5,0,NKS_fx_monster_boss_spawn_01,NKS_fx_monster_hit_02,NKS_fx_boss_explosion_01,True,True,True,100801,1,0,0,0,0
240015,boss_simulationroom,0,False,Ground,Boss,NKSmini_BT_boss05b,0,0,34000,40,20,1,1,80,201,25,5,0,NKS_fx_monster_boss_spawn_01,NKS_fx_monster_hit_02,NKS_fx_boss_explosion_01,True,True,True,100801,1,0,0,0,0
240016,boss_hidden,0,False,Fly,Boss,NKSmini_BT_boss06b,0,0,50000,50,20,1,1,80,201,25,5,0,NKS_fx_monster_boss_spawn_01,NKS_fx_monster_hit_02,NKS_fx_boss_explosion_01,True,True,True,100801,1,0,0,0,0
240017,NKS_monster_boss_cave,0,False,Fly,Boss,NKSmini_BT_boss_Crystal,0,0,50000,50,20,1,1,80,201,25,5,0,NKS_fx_monster_boss_spawn_01,NKS_fx_monster_hit_02,NKS_fx_boss_explosion_01,True,True,True,100801,1,0,0,0,0
240018,NKS_monster_boss_cave,0,False,Fly,Boss,NKSmini_BT_boss_Crystal,0,0,250000,50,20,1,1,80,201,25,5,0,NKS_fx_monster_boss_spawn_01,NKS_fx_monster_hit_02,NKS_fx_boss_explosion_01,True,True,True,100801,1,0,0,0,0
250001,NKS_monster_ecg003,1717986918,True,Ground,Normal,,1900100,-1717986918,5000,20,20,1,1,35,201,25,5,0,NKS_fx_monster_spawn_01,NKS_fx_monster_hit_01,NKS_fx_common_explosion_03,True,True,True,100801,1,0,0,0,0
250002,NKS_monster_beg006,0,True,Ground,Normal,,1900201,-1717986918,9000,30,20,1,1,35,201,25,5,0,NKS_fx_monster_spawn_01,NKS_fx_monster_hit_01,NKS_fx_common_explosion_02,True,True,True,100801,1,0,0,0,0
250003,NKS_monster_beg006,-1717986918,True,Ground,Normal,,1900301,-1717986918,12000,40,20,1,1,35,201,25,5,0,NKS_fx_monster_spawn_01,NKS_fx_monster_hit_01,NKS_fx_common_explosion_02,True,True,True,100801,1,0,0,0,0
250004,NKS_monster_ecg003,858993459,True,Ground,Normal,,1900400,-1717986918,20000,50,20,1,1,35,201,25,5,0,NKS_fx_monster_spawn_01,NKS_fx_monster_hit_01,NKS_fx_common_explosion_03,True,True,True,100801,1,0,0,0,0
250005,NKS_monster_beg006,0,True,Ground,Normal,,1900401,-1717986918,20000,70,20,1,1,35,201,25,5,0,NKS_fx_monster_spawn_01,NKS_fx_monster_hit_01,NKS_fx_common_explosion_02,True,True,True,100801,1,0,0,0,0
121000,NKS_monster_bma004,0,True,Fly,Normal,,1,0,5,1,1,1,1,6,0,0,0,0,NKS_fx_monster_spawn_01,NKS_fx_monster_hit_01,NKS_fx_common_explosion_01,False,False,False,0,0,0,0,0,0
121001,NKS_monster_eea003,0,True,Fly,Normal,,1,0,10,4,4,1,1,6,0,0,0,0,NKS_fx_monster_spawn_02,NKS_fx_monster_hit_01,NKS_fx_common_explosion_02,False,False,False,0,0,0,0,0,0
201001,NKS_monster_beg006,858993459,True,Ground,Normal,,19,0,500,2,2,1,1,5,5,1,1,0,NKS_fx_monster_spawn_02,NKS_fx_monster_hit_01,NKS_fx_common_explosion_02,False,False,False,100801,1,0,0,0,0
201002,NKS_monster_beg006,858993459,True,Ground,Normal,,19,0,100,2,2,1,1,5,5,1,1,0,NKS_fx_monster_spawn_02,NKS_fx_monster_hit_01,NKS_fx_common_explosion_02,False,False,False,100801,1,0,0,0,0
800001,boss_armybase,0,False,Ground,Boss,NKSmini_BT_boss02,0,0,15000,4,10,1,1,8,0,0,0,0,NKS_fx_monster_boss_spawn_01,NKS_fx_monster_hit_02,NKS_fx_boss_explosion_01,False,True,True,0,0,0,0,0,0
800002,boss_desert,0,False,Ground,Boss,NKSmini_BT_boss03,0,-1717986918,35000,8,10,1,1,8,0,0,0,0,NKS_fx_monster_boss_spawn_01,NKS_fx_monster_hit_02,NKS_fx_boss_explosion_01,False,True,True,0,0,0,0,0,0
800003,NKS_monster_boss_cave,0,False,Fly,Boss,NKSmini_BT_boss_Crystal,0,0,50000,1,1,1,1,1,0,0,0,0,NKS_fx_monster_boss_spawn_01,NKS_fx_monster_hit_02,NKS_fx_boss_explosion_01,True,True,True,0,0,0,0,0,0
900100,NKS_monster_mmg005,0,True,Ground,Normal,,900100,0,100,2,2,1,1,5,4,1,0,0,NKS_fx_monster_spawn_01,NKS_fx_monster_hit_01,NKS_fx_common_explosion_01,False,False,False,0,0,0,0,0,0
900200,NKS_monster_mmg005,0,True,Ground,Normal,,900200,0,100,2,2,1,1,5,4,1,0,0,NKS_fx_monster_spawn_01,NKS_fx_monster_hit_01,NKS_fx_common_explosion_01,False,False,False,0,0,0,0,0,0
900301,NKS_monster_mmg005,-1717986918,True,Ground,Normal,,110002,-1717986918,60,10,0,1,1,10,0,0,0,0,NKS_fx_monster_spawn_01,NKS_fx_monster_hit_01,NKS_fx_common_explosion_01,False,False,False,0,0,0,0,0,0
900302,NKS_monster_emg003,-1717986918,True,Ground,Normal,,110002,-1717986918,60,10,0,1,1,10,0,0,0,0,NKS_fx_monster_spawn_01,NKS_fx_monster_hit_01,NKS_fx_common_explosion_01,False,False,False,0,0,0,0,0,0
900303,NKS_monster_bma004,-1717986918,True,Ground,Normal,,110002,-1717986918,60,10,0,1,1,10,0,0,0,0,NKS_fx_monster_spawn_01,NKS_fx_monster_hit_01,NKS_fx_common_explosion_01,False,False,False,0,0,0,0,0,0
900304,NKS_monster_eta001,-1717986918,True,Ground,Normal,,110002,-1717986918,60,10,0,1,1,10,0,0,0,0,NKS_fx_monster_spawn_01,NKS_fx_monster_hit_01,NKS_fx_common_explosion_01,False,False,False,0,0,0,0,0,0
900501,NKS_monster_mmg005,-1717986918,True,Ground,Normal,,110002,1717986918,35,10,0,1,1,10,6,1,0,0,NKS_fx_monster_spawn_01,NKS_fx_monster_hit_01,NKS_fx_common_explosion_01,False,False,False,0,0,0,0,0,0
900502,NKS_monster_mmg005,-1717986918,True,Ground,Normal,,110002,1717986918,35,10,0,1,1,10,6,1,0,0,NKS_fx_monster_spawn_01,NKS_fx_monster_hit_01,NKS_fx_common_explosion_01,True,False,False,0,0,0,0,0,0
1119000,NKS_monster_ecg003,-1717986918,True,Ground,Normal,,1900100,-1717986918,300,4,1,1,1,12,6,1,0,0,NKS_fx_monster_spawn_01,NKS_fx_monster_hit_01,NKS_fx_common_explosion_03,True,True,True,100801,1,0,0,0,0
1119001,NKS_monster_ecg003,-1717986918,True,Ground,Normal,,1900100,-1717986918,300,4,1,1,1,12,201,25,5,0,NKS_fx_monster_spawn_01,NKS_fx_monster_hit_01,NKS_fx_common_explosion_03,True,True,True,100801,1,0,0,0,0
1119002,NKS_monster_ecg003,-1717986918,True,Ground,Normal,,1900100,-1717986918,500,4,1,1,1,12,201,25,5,0,NKS_fx_monster_spawn_01,NKS_fx_monster_hit_01,NKS_fx_common_explosion_03,True,True,True,100801,1,0,0,0,0
1119003,NKS_monster_ecg003,-1717986918,True,Ground,Normal,,1900100,-1717986918,700,4,1,1,1,12,201,25,5,0,NKS_fx_monster_spawn_01,NKS_fx_monster_hit_01,NKS_fx_common_explosion_03,True,True,True,100801,1,0,0,0,0
1129001,NKS_monster_bca002,0,True,Ground,Normal,,1900100,-1717986918,400,5,1,1,1,12,201,25,5,0,NKS_fx_monster_spawn_01,NKS_fx_monster_hit_01,NKS_fx_common_explosion_03,True,True,True,100801,1,0,0,0,0
1129002,NKS_monster_bca002,0,True,Ground,Normal,,1900100,-1717986918,600,5,1,1,1,12,201,25,5,0,NKS_fx_monster_spawn_01,NKS_fx_monster_hit_01,NKS_fx_common_explosion_03,True,True,True,100801,1,0,0,0,0
1129003,NKS_monster_bca002,0,True,Ground,Normal,,1900100,-1717986918,800,5,1,1,1,12,201,25,5,0,NKS_fx_monster_spawn_01,NKS_fx_monster_hit_01,NKS_fx_common_explosion_03,True,True,True,100801,1,0,0,0,0
1139000,NKS_monster_beg006,858993459,True,Ground,Normal,,1900200,-1717986918,500,7,1,1,1,15,6,1,0,0,NKS_fx_monster_spawn_01,NKS_fx_monster_hit_01,NKS_fx_common_explosion_02,True,True,True,100801,1,0,0,0,0
1139001,NKS_monster_beg006,858993459,True,Ground,Normal,,1900200,-1717986918,500,7,1,1,1,15,201,25,5,0,NKS_fx_monster_spawn_01,NKS_fx_monster_hit_01,NKS_fx_common_explosion_02,True,True,True,100801,1,0,0,0,0
1139002,NKS_monster_beg006,858993459,True,Ground,Normal,,1900200,-1717986918,800,7,1,1,1,15,201,25,5,0,NKS_fx_monster_spawn_01,NKS_fx_monster_hit_01,NKS_fx_common_explosion_02,True,True,True,100801,1,0,0,0,0
1139003,NKS_monster_beg006,858993459,True,Ground,Normal,,1900201,-1717986918,1500,7,1,1,1,15,201,25,5,0,NKS_fx_monster_spawn_01,NKS_fx_monster_hit_01,NKS_fx_common_explosion_02,True,True,True,100801,1,0,0,0,0
1149001,NKS_monster_eea003,-858993459,True,Ground,Normal,,1900200,-1717986918,800,8,1,1,1,15,201,25,5,0,NKS_fx_monster_spawn_01,NKS_fx_monster_hit_01,NKS_fx_common_explosion_02,True,True,True,100801,1,0,0,0,0
1149002,NKS_monster_eea003,-858993459,True,Ground,Normal,,1900200,-1717986918,1200,8,1,1,1,15,201,25,5,0,NKS_fx_monster_spawn_01,NKS_fx_monster_hit_01,NKS_fx_common_explosion_02,True,True,True,100801,1,0,0,0,0
1149003,NKS_monster_eea003,-858993459,True,Ground,Normal,,1900201,-1717986918,2400,8,1,1,1,15,201,25,5,0,NKS_fx_monster_spawn_01,NKS_fx_monster_hit_01,NKS_fx_common_explosion_02,True,True,True,100801,1,0,0,0,0
1159000,NKS_monster_bca002,0,True,Ground,Normal,,1900300,-1717986918,1500,9,1,1,1,20,6,1,0,0,NKS_fx_monster_spawn_01,NKS_fx_monster_hit_01,NKS_fx_common_explosion_03,True,True,True,100801,1,0,0,0,0
1159001,NKS_monster_bca002,0,True,Ground,Normal,,1900300,-1717986918,1500,9,1,1,1,20,201,25,5,0,NKS_fx_monster_spawn_01,NKS_fx_monster_hit_01,NKS_fx_common_explosion_03,True,True,True,100801,1,0,0,0,0
1159002,NKS_monster_ecg003,-1717986918,True,Ground,Normal,,1900300,-1717986918,3000,9,1,1,1,20,201,25,5,0,NKS_fx_monster_spawn_01,NKS_fx_monster_hit_01,NKS_fx_common_explosion_03,True,True,True,100801,1,0,0,0,0
1159003,NKS_monster_beg006,858993459,True,Ground,Normal,,1900301,-1717986918,5500,9,1,1,1,20,201,25,5,0,NKS_fx_monster_spawn_01,NKS_fx_monster_hit_01,NKS_fx_common_explosion_02,True,True,True,100801,1,0,0,0,0
1169001,NKS_monster_bca002,0,True,Ground,Normal,,1900300,-1717986918,1500,10,1,1,1,20,201,25,5,0,NKS_fx_monster_spawn_01,NKS_fx_monster_hit_01,NKS_fx_common_explosion_03,True,True,True,100801,1,0,0,0,0
1169002,NKS_monster_ecg003,0,True,Ground,Normal,,1900300,-1717986918,3000,10,1,1,1,20,201,25,5,0,NKS_fx_monster_spawn_01,NKS_fx_monster_hit_01,NKS_fx_common_explosion_03,True,True,True,100801,1,0,0,0,0
1169003,NKS_monster_beg006,-1717986918,True,Ground,Normal,,1900301,-1717986918,3000,10,1,1,1,20,201,25,5,0,NKS_fx_monster_spawn_01,NKS_fx_monster_hit_01,NKS_fx_common_explosion_02,True,True,True,100801,1,0,0,0,0
1179000,NKS_monster_bca002,0,True,Ground,Normal,,1900400,-1717986918,1500,9,1,1,1,22,6,1,0,0,NKS_fx_monster_spawn_01,NKS_fx_monster_hit_01,NKS_fx_common_explosion_03,True,True,True,100801,1,0,0,0,0
1179001,NKS_monster_bca002,0,True,Ground,Normal,,1900400,-1717986918,1500,9,1,1,1,22,201,25,5,0,NKS_fx_monster_spawn_01,NKS_fx_monster_hit_01,NKS_fx_common_explosion_03,True,True,True,100801,1,0,0,0,0
1179002,NKS_monster_ecg003,-1717986918,True,Ground,Normal,,1900400,-1717986918,3000,9,1,1,1,22,201,25,5,0,NKS_fx_monster_spawn_01,NKS_fx_monster_hit_01,NKS_fx_common_explosion_03,True,True,True,100801,1,0,0,0,0
1179003,NKS_monster_beg006,858993459,True,Ground,Normal,,1900401,-1717986918,5500,9,1,1,1,22,201,25,5,0,NKS_fx_monster_spawn_01,NKS_fx_monster_hit_01,NKS_fx_common_explosion_02,True,True,True,100801,1,0,0,0,0
1900000,NKS_monster_eea003,0,True,Ground,Normal,,1990100,0,9999999,4,9999999,1,1,30,2,2,1,0,NKS_fx_monster_boss_spawn_01,NKS_fx_monster_hit_02,NKS_fx_boss_explosion_01,True,True,True,100101,15,100801,0,9,1
1900100,NKS_monster_eea003,-858993459,True,Ground,Normal,,1900201,-1717986918,1,8,1,1,1,15,0,0,0,0,NKS_fx_monster_spawn_01,NKS_fx_monster_hit_01,NKS_fx_common_explosion_02,True,True,True,0,0,0,0,0,0
1900102,NKS_monster_eea003,0,True,Barrier,Normal,,1990100,-1717986918,250,8,1,1,1,15,0,0,0,0,NKS_fx_monster_spawn_01,NKS_fx_monster_hit_01,NKS_fx_common_explosion_02,True,True,True,0,0,0,0,0,0
1900103,NKS_monster_eea003,0,True,Barrier,Normal,,1990101,-1717986918,250,8,1,1,1,15,0,0,0,0,NKS_fx_monster_spawn_01,NKS_fx_monster_hit_01,NKS_fx_common_explosion_02,True,True,True,0,0,0,0,0,0
1900104,fx_boss_cave_crystalsphere_01,0,True,Ground,Normal,,1990200,-1717986918,400,8,1,1,1,15,0,0,0,0,NKS_fx_monster_spawn_01,NKS_fx_monster_hit_01,NKS_fx_boss_cave_crystalsphere_explosion,True,True,True,0,0,0,0,0,0
1900301,NKS_monster_boss_cave_pillar_01,858993459,True,Barrier_Block_All,Normal,,1990300,0,99999999,0,99999999,0,0,0,0,0,0,0,NKS_fx_monster_boss_spawn_01,NKS_fx_monster_hit_01,NKS_fx_common_explosion_02,True,True,True,0,0,0,0,0,0
1900401,fx_boss_cave_crystalsphere_01,0,True,Ground,Normal,,1990400,-1717986918,250,8,1,1,1,15,0,0,0,0,NKS_fx_monster_spawn_01,NKS_fx_monster_hit_01,NKS_fx_boss_cave_crystalsphere_explosion,True,True,True,0,0,0,0,0,0
1900402,fx_boss_cave_crystalsphere_01,0,True,Ground,Normal,,1990401,-1717986918,250,8,1,1,1,15,0,0,0,0,NKS_fx_monster_spawn_01,NKS_fx_monster_hit_01,NKS_fx_common_explosion_02,True,True,True,0,0,0,0,0,0
1900501,fx_boss_cave_crystalsphere_01,0,True,Ground,Normal,,1990500,0,99999999,0,0,1,1,15,0,0,0,0,NKS_fx_projectile_missile_explosion_01,NKS_fx_monster_hit_01,NKS_fx_boss_cave_crystalsphere_explosion,True,True,True,0,0,0,0,0,0
1900601,NKS_monster_eea003,0,True,Ground,Normal,,1990600,-1717986918,250,8,1,1,1,15,0,0,0,0,NKS_fx_monster_spawn_01,NKS_fx_monster_hit_01,NKS_fx_common_explosion_02,True,True,True,0,0,0,0,0,0
1900602,NKS_monster_eea003,0,True,Ground,Normal,,1990601,-1717986918,250,8,1,1,1,15,0,0,0,0,NKS_fx_monster_spawn_01,NKS_fx_monster_hit_01,NKS_fx_common_explosion_02,True,True,True,0,0,0,0,0,0
1900701,fx_boss_cave_crystalsphere_01,0,False,Fly,Normal,,1990702,0,99999999,0,1,1,1,15,0,0,0,0,NKS_fx_monster_spawn_01,NKS_fx_monster_hit_01,NKS_fx_boss_cave_crystalsphere_explosion,True,True,True,0,0,0,0,0,0
1900702,fx_boss_cave_crystalsphere_01,0,False,Ground,Normal,,1990701,0,99999999,0,1,1,1,15,0,0,0,0,NKS_fx_monster_spawn_01,NKS_fx_monster_hit_01,NKS_fx_boss_cave_crystalsphere_explosion,True,True,True,0,0,0,0,0,0
1900997,NKS_monster_emg003,0,True,Barrier_Block_All,Normal,,1990203,0,99999999,0,99999999,1,1,15,0,0,0,0,NKS_fx_monster_spawn_01,NKS_fx_monster_hit_01,NKS_fx_common_explosion_02,True,True,True,0,0,0,0,0,0
1900998,NKS_monster_bma004,858993459,True,Barrier,Normal,,1990203,0,99999999,0,99999999,1,1,15,0,0,0,0,NKS_fx_monster_spawn_01,NKS_fx_monster_hit_01,NKS_fx_common_explosion_02,True,True,True,0,0,0,0,0,0
1900999,fx_boss_cave_crystalsphere_01,1717986918,True,Ground,Normal,,1990202,0,99999999,0,99999999,1,1,15,0,0,0,0,NKS_fx_monster_spawn_01,NKS_fx_monster_hit_01,NKS_fx_boss_cave_crystalsphere_explosion,True,True,True,0,0,0,0,0,0
2000100,NKS_monster_emg003,-1717986918,True,Ground,Normal,,1990701,-1717986918,200,10,0,1,1,10,0,0,0,0,NKS_fx_monster_spawn_01,NKS_fx_monster_hit_01,NKS_fx_common_explosion_01,False,False,False,0,0,0,0,0,0
2000101,NKS_monster_emg003,0,True,Ground,Normal,,1990203,0,99999999,0,99999999,1,1,6,0,0,0,1990201,NKS_fx_monster_spawn_01,NKS_fx_monster_hit_01,NKS_fx_common_explosion_02,True,True,True,0,0,0,0,0,0
2000102,NKS_monster_boss_cave_pillar_01,1717986918,True,Barrier_Block_All,Normal,,1990203,0,99999999,0,99999999,0,0,0,0,0,0,0,NKS_fx_monster_boss_spawn_01,NKS_fx_monster_hit_01,NKS_fx_common_explosion_02,True,True,True,0,0,0,0,0,0
