id,group_id,raw_order,fallable_tile,tile_O2_use_spawner_group_id,tile_01_use_object_id,tile_02_use_object_id,tile_03_use_object_id,tile_05_use_object_id,tile_06_use_object_id,tile_07_use_object_id,tile_O1_use_spawner_group_id,tile_04_use_object_id,tile_resource/0,tile_resource/1
1,10101,10,False,301.0,,,,,,,,,dragondungeonrun_ingame_tile_land_normal_rock_1,
2,10101,9,False,,10121.0,10121.0,10121.0,10121.0,10121.0,10121.0,,,dragondungeonrun_ingame_tile_land_normal_solid_1,
3,10101,8,False,,10121.0,11011.0,10121.0,10121.0,11431.0,10121.0,,,dragondungeonrun_ingame_tile_land_normal_solid_1,dragondungeonrun_ingame_tile_land_normal_solid_B
4,10101,7,False,,,,,,,,505.0,,dragondungeonrun_ingame_tile_land_normal_solid_1,
5,10101,6,False,505.0,,,,,,,,,dragondungeonrun_ingame_tile_land_normal_solid_1,
6,10101,5,False,,,,,,,,301.0,,dragondungeonrun_ingame_tile_land_normal_rock_1,
7,10101,4,False,,,,10121.0,10121.0,,,,10121.0,dragondungeonrun_ingame_tile_land_normal_solid_1,
8,10101,3,False,,,,10121.0,10121.0,,,,11431.0,dragondungeonrun_ingame_tile_land_normal_solid_1,dragondungeonrun_ingame_tile_land_normal_solid_B
9,10101,2,False,505.0,,,,,,,,,dragondungeonrun_ingame_tile_land_normal_solid_1,
10,10101,1,False,,,,,,,,505.0,,dragondungeonrun_ingame_tile_land_normal_solid_1,
11,10102,10,False,,,,,,,,201.0,,dragondungeonrun_ingame_tile_land_normal_rock_1,
12,10102,9,False,,10121.0,10121.0,10121.0,10121.0,10121.0,10121.0,,,dragondungeonrun_ingame_tile_land_normal_solid_1,
13,10102,8,False,,10121.0,11431.0,10121.0,10121.0,11011.0,10121.0,,,dragondungeonrun_ingame_tile_land_normal_solid_1,
14,10102,7,False,505.0,,,,,,,,,dragondungeonrun_ingame_tile_land_normal_solid_1,dragondungeonrun_ingame_tile_land_normal_solid_B
15,10102,6,False,,,,,,,,505.0,,dragondungeonrun_ingame_tile_land_normal_solid_1,
16,10102,5,False,,,,,,,,201.0,,dragondungeonrun_ingame_tile_land_normal_rock_1,
17,10102,4,False,,,,10121.0,10121.0,,,,10121.0,dragondungeonrun_ingame_tile_land_normal_solid_1,
18,10102,3,False,,,,10121.0,10121.0,,,,11011.0,dragondungeonrun_ingame_tile_land_normal_solid_1,dragondungeonrun_ingame_tile_land_normal_solid_B
19,10102,2,False,,,,,,,,505.0,,dragondungeonrun_ingame_tile_land_normal_solid_1,
20,10102,1,False,505.0,,,,,,,,,dragondungeonrun_ingame_tile_land_normal_solid_1,
21,10201,10,False,,,,,,,,501.0,,dragondungeonrun_ingame_tile_land_normal_solid_1,
22,10201,9,False,,10121.0,10121.0,10121.0,10121.0,10121.0,10121.0,,,dragondungeonrun_ingame_tile_land_normal_solid_1,
23,10201,8,False,,10121.0,11431.0,10121.0,10121.0,11011.0,10121.0,,,dragondungeonrun_ingame_tile_land_normal_solid_1,
24,10201,7,False,,10411.0,10411.0,10411.0,10411.0,10411.0,10411.0,,10411.0,dragondungeonrun_ingame_tile_land_normal_solid_1,
25,10201,6,False,301.0,,,,,,,,,dragondungeonrun_ingame_tile_land_normal_rock_1,
26,10201,5,False,,,,,,,,301.0,,dragondungeonrun_ingame_tile_land_normal_rock_1,
27,10201,4,False,505.0,,,,,,,,,dragondungeonrun_ingame_tile_land_normal_solid_1,dragondungeonrun_ingame_tile_land_normal_solid_B
28,10201,3,False,,10121.0,10121.0,10121.0,10121.0,10121.0,10121.0,,,dragondungeonrun_ingame_tile_land_normal_solid_1,
29,10201,2,False,,10121.0,11011.0,10121.0,10121.0,11431.0,10121.0,,,dragondungeonrun_ingame_tile_land_normal_solid_1,
30,10201,1,False,,,,,,,,505.0,,dragondungeonrun_ingame_tile_land_normal_solid_1,
31,10202,10,False,,,,,,,,505.0,,dragondungeonrun_ingame_tile_land_normal_solid_1,
32,10202,9,False,,10121.0,10121.0,10121.0,10121.0,10121.0,10121.0,,,dragondungeonrun_ingame_tile_land_normal_solid_1,
33,10202,8,False,,10121.0,11011.0,10121.0,10121.0,11431.0,10121.0,,,dragondungeonrun_ingame_tile_land_normal_solid_1,
34,10202,7,False,,10411.0,10411.0,10411.0,10411.0,10411.0,10411.0,,10411.0,dragondungeonrun_ingame_tile_land_normal_solid_1,
35,10202,6,False,,,,,,,,201.0,,dragondungeonrun_ingame_tile_land_normal_rock_1,
36,10202,5,False,301.0,,,,,,,,,dragondungeonrun_ingame_tile_land_normal_rock_1,
37,10202,4,False,,,,,,,,502.0,,dragondungeonrun_ingame_tile_land_normal_solid_1,dragondungeonrun_ingame_tile_land_normal_solid_B
38,10202,3,False,,10121.0,10121.0,10121.0,10121.0,10121.0,10121.0,,,dragondungeonrun_ingame_tile_land_normal_solid_1,
39,10202,2,False,,10121.0,11011.0,10121.0,10121.0,11431.0,10121.0,,,dragondungeonrun_ingame_tile_land_normal_solid_1,
40,10202,1,False,505.0,,,,,,,,,dragondungeonrun_ingame_tile_land_normal_solid_1,
41,10203,10,False,,,,,,,,501.0,,dragondungeonrun_ingame_tile_land_normal_solid_2_with_frost,
42,10203,9,False,,10131.0,10131.0,10131.0,10131.0,10131.0,10131.0,,,dragondungeonrun_ingame_tile_land_normal_solid_2_with_frost,
43,10203,8,False,,10131.0,11431.0,10131.0,10131.0,11011.0,10131.0,,,dragondungeonrun_ingame_tile_land_normal_solid_2_with_frost,
44,10203,7,False,,10411.0,10411.0,10411.0,10411.0,10411.0,10411.0,,10411.0,dragondungeonrun_ingame_tile_land_normal_solid_2_with_frost,
45,10203,6,False,206.0,,,,,,,,,dragondungeonrun_ingame_tile_land_normal_rock_2_with_frost,
46,10203,5,False,,,,,,,,307.0,,dragondungeonrun_ingame_tile_land_normal_rock_2_with_frost,
47,10203,4,False,505.0,,,,,,,,,dragondungeonrun_ingame_tile_land_normal_solid_2_with_frost,
48,10203,3,False,,10131.0,10131.0,10131.0,10131.0,10131.0,10131.0,,,dragondungeonrun_ingame_tile_land_normal_solid_2_with_frost,
49,10203,2,False,,10131.0,11011.0,10131.0,10131.0,11431.0,10131.0,,,dragondungeonrun_ingame_tile_land_normal_solid_2_with_frost,
50,10203,1,False,,,,,,,,507.0,,dragondungeonrun_ingame_tile_land_normal_solid_2_with_frost,
51,10301,10,False,,10121.0,10121.0,,,10121.0,10121.0,,,dragondungeonrun_ingame_tile_land_normal_solid_2,
52,10301,9,False,,10121.0,11011.0,,,11431.0,10121.0,,11211.0,dragondungeonrun_ingame_tile_land_normal_solid_2,
53,10301,8,False,,10121.0,10121.0,,,10121.0,10121.0,,,dragondungeonrun_ingame_tile_land_normal_solid_2,
54,10301,7,False,301.0,,,,,11412.0,,,,dragondungeonrun_ingame_tile_land_normal_solid_2,
55,10301,6,False,,10411.0,10411.0,10411.0,10411.0,10411.0,10411.0,,10411.0,dragondungeonrun_ingame_tile_land_normal_solid_2,
56,10301,5,True,103.0,,,,,,,,,dragondungeonrun_ingame_tile_water_top,
57,10301,4,True,,,,,,,,103.0,,dragondungeonrun_ingame_tile_water_normal,
58,10301,3,False,,10121.0,10121.0,10121.0,10121.0,10121.0,10121.0,,,dragondungeonrun_ingame_tile_land_normal_solid_2,
59,10301,2,False,,10121.0,11011.0,10121.0,10121.0,11431.0,10121.0,,,dragondungeonrun_ingame_tile_land_normal_solid_2,
60,10301,1,False,,,,,,,,,,dragondungeonrun_ingame_tile_land_normal_solid_2,
61,10302,10,False,,10121.0,10121.0,,,10121.0,10121.0,,,dragondungeonrun_ingame_tile_land_normal_solid_2,
62,10302,9,False,,10121.0,11011.0,,,11431.0,10121.0,,11211.0,dragondungeonrun_ingame_tile_land_normal_solid_2,
63,10302,8,False,,10121.0,10121.0,,,10121.0,10121.0,,,dragondungeonrun_ingame_tile_land_normal_solid_2,
64,10302,7,False,,,,,,11412.0,,301.0,,dragondungeonrun_ingame_tile_land_normal_solid_2,
65,10302,6,False,,10411.0,10411.0,10411.0,10411.0,10411.0,10411.0,,10411.0,dragondungeonrun_ingame_tile_land_normal_solid_2,
66,10302,5,True,104.0,,,,,,,,,dragondungeonrun_ingame_tile_water_top,
67,10302,4,True,,,,,,,,103.0,,dragondungeonrun_ingame_tile_water_normal,
68,10302,3,False,,10121.0,10121.0,10121.0,10121.0,10121.0,10121.0,,,dragondungeonrun_ingame_tile_land_normal_solid_2,
69,10302,2,False,,10121.0,11431.0,10121.0,10121.0,11011.0,10121.0,,,dragondungeonrun_ingame_tile_land_normal_solid_2,
70,10302,1,False,,,,,,,,,,dragondungeonrun_ingame_tile_land_normal_solid_2,
71,10303,10,False,,10121.0,10121.0,,,10121.0,10121.0,,,dragondungeonrun_ingame_tile_land_normal_solid_1,
72,10303,9,False,,10121.0,11011.0,,,11431.0,10121.0,,11211.0,dragondungeonrun_ingame_tile_land_normal_solid_1,
73,10303,8,False,,10121.0,10121.0,,,10121.0,10121.0,,,dragondungeonrun_ingame_tile_land_normal_solid_1,
74,10303,7,False,301.0,,,,,11412.0,,,,dragondungeonrun_ingame_tile_land_normal_solid_1,
75,10303,6,False,,10411.0,10411.0,10411.0,10411.0,10411.0,10411.0,,10411.0,dragondungeonrun_ingame_tile_land_normal_solid_1,
76,10303,5,True,103.0,,,,,,,,,dragondungeonrun_ingame_tile_water_top,
77,10303,4,True,,,,,,,,103.0,,dragondungeonrun_ingame_tile_water_normal,
78,10303,3,False,,10121.0,10121.0,10121.0,10121.0,10121.0,10121.0,,,dragondungeonrun_ingame_tile_land_normal_solid_1,
79,10303,2,False,,10121.0,11011.0,10121.0,10121.0,11431.0,10121.0,,,dragondungeonrun_ingame_tile_land_normal_solid_1,
80,10303,1,False,,,,,,,,,,dragondungeonrun_ingame_tile_land_normal_solid_1,
81,10304,10,False,,10121.0,10121.0,,,10121.0,10121.0,,,dragondungeonrun_ingame_tile_land_normal_solid_1,
82,10304,9,False,,10121.0,11011.0,,,11431.0,10121.0,,11211.0,dragondungeonrun_ingame_tile_land_normal_solid_1,
83,10304,8,False,,10121.0,10121.0,,,10121.0,10121.0,,,dragondungeonrun_ingame_tile_land_normal_solid_1,
84,10304,7,False,,,,,,11412.0,,301.0,,dragondungeonrun_ingame_tile_land_normal_solid_1,
85,10304,6,False,,10411.0,10411.0,10411.0,10411.0,10411.0,10411.0,,10411.0,dragondungeonrun_ingame_tile_land_normal_solid_1,
86,10304,5,True,104.0,,,,,,,,,dragondungeonrun_ingame_tile_water_top,
87,10304,4,True,,,,,,,,103.0,,dragondungeonrun_ingame_tile_water_normal,
88,10304,3,False,,10121.0,10121.0,10121.0,10121.0,10121.0,10121.0,,,dragondungeonrun_ingame_tile_land_normal_solid_1,
89,10304,2,False,,10121.0,11431.0,10121.0,10121.0,11011.0,10121.0,,,dragondungeonrun_ingame_tile_land_normal_solid_1,
90,10304,1,False,,,,,,,,,,dragondungeonrun_ingame_tile_land_normal_solid_1,
91,10401,10,False,201.0,,,,,,,,,dragondungeonrun_ingame_tile_land_normal_rock_1,
92,10401,9,False,,10141.0,10141.0,10141.0,10141.0,10141.0,10141.0,,,dragondungeonrun_ingame_tile_land_normal_solid_1,
93,10401,8,False,,10141.0,11011.0,10141.0,10141.0,11431.0,10141.0,,,dragondungeonrun_ingame_tile_land_normal_solid_1,
94,10401,7,False,,,,,,,,505.0,,dragondungeonrun_ingame_tile_land_normal_solid_1,dragondungeonrun_ingame_tile_land_normal_solid_B
95,10401,6,False,,,10131.0,,,10131.0,,,,dragondungeonrun_ingame_tile_land_normal_solid_1,
96,10401,5,False,,,,,,,,201.0,,dragondungeonrun_ingame_tile_land_normal_rock_1,
97,10401,4,False,,,,10141.0,10141.0,,,,10141.0,dragondungeonrun_ingame_tile_land_normal_solid_1,
98,10401,3,False,,,,10141.0,10141.0,,,,11431.0,dragondungeonrun_ingame_tile_land_normal_solid_1,
99,10401,2,False,505.0,,,,,,,,,dragondungeonrun_ingame_tile_land_normal_solid_1,
100,10401,1,False,,,10131.0,,,10131.0,,,,dragondungeonrun_ingame_tile_land_normal_solid_1,
101,10402,10,False,201.0,,,,,,,,,dragondungeonrun_ingame_tile_land_normal_rock_1,
102,10402,9,False,,10141.0,10141.0,10141.0,10141.0,10141.0,10141.0,,,dragondungeonrun_ingame_tile_land_normal_solid_1,
103,10402,8,False,,10141.0,11431.0,10141.0,10141.0,11431.0,10141.0,,,dragondungeonrun_ingame_tile_land_normal_solid_1,
104,10402,7,False,,,,,,,,505.0,,dragondungeonrun_ingame_tile_land_normal_solid_1,
105,10402,6,False,,,10131.0,,,10131.0,,,,dragondungeonrun_ingame_tile_land_normal_solid_1,
106,10402,5,False,201.0,,,,,,,,,dragondungeonrun_ingame_tile_land_normal_rock_1,
107,10402,4,False,,,,10141.0,10141.0,,,,10141.0,dragondungeonrun_ingame_tile_land_normal_solid_1,
108,10402,3,False,,,,10141.0,10141.0,,,,11011.0,dragondungeonrun_ingame_tile_land_normal_solid_1,
109,10402,2,False,,,,,,,,505.0,,dragondungeonrun_ingame_tile_land_normal_solid_1,dragondungeonrun_ingame_tile_land_normal_solid_B
110,10402,1,False,,,10131.0,,,10131.0,,,,dragondungeonrun_ingame_tile_land_normal_solid_1,
111,10403,10,False,307.0,,,,,,,,,dragondungeonrun_ingame_tile_land_normal_rock_2_with_frost,
112,10403,9,False,,10131.0,10131.0,10131.0,10131.0,10131.0,10131.0,,,dragondungeonrun_ingame_tile_land_normal_solid_2_with_frost,
113,10403,8,False,,10131.0,11431.0,10131.0,10131.0,11431.0,10131.0,,,dragondungeonrun_ingame_tile_land_normal_solid_2_with_frost,
114,10403,7,False,,,,,,,,507.0,,dragondungeonrun_ingame_tile_land_normal_solid_2_with_frost,
115,10403,6,False,,,10131.0,,,10131.0,,,,dragondungeonrun_ingame_tile_land_normal_solid_2_with_frost,
116,10403,5,False,206.0,,,,,,,,,dragondungeonrun_ingame_tile_land_normal_rock_2_with_frost,
117,10403,4,False,,,,10131.0,10131.0,,,,10131.0,dragondungeonrun_ingame_tile_land_normal_solid_2_with_frost,
118,10403,3,False,,,,10131.0,10131.0,,,,11011.0,dragondungeonrun_ingame_tile_land_normal_solid_2_with_frost,
119,10403,2,False,,,,,,,,507.0,,dragondungeonrun_ingame_tile_land_normal_solid_2_with_frost,
120,10403,1,False,,,10131.0,,,10131.0,,,,dragondungeonrun_ingame_tile_land_normal_solid_2_with_frost,
121,20101,10,False,,,,,11412.0,,,501.0,,dragondungeonrun_ingame_tile_land_normal_solid_1,
122,20101,9,False,501.0,,,,11412.0,,,,,dragondungeonrun_ingame_tile_land_normal_solid_1,dragondungeonrun_ingame_tile_land_normal_solid_B
123,20101,8,False,,10111.0,11423.0,,,,10111.0,,10121.0,dragondungeonrun_ingame_tile_land_normal_solid_1,
124,20101,7,False,,10111.0,,11412.0,,,10111.0,,,dragondungeonrun_ingame_tile_land_normal_solid_1,
125,20101,6,False,,,,,,,,501.0,11412.0,dragondungeonrun_ingame_tile_land_normal_solid_1,
126,20101,5,False,,,,10111.0,,10121.0,,,,dragondungeonrun_ingame_tile_land_normal_solid_1,dragondungeonrun_ingame_tile_land_normal_solid_B
127,20101,4,False,501.0,,,,11412.0,,,,,dragondungeonrun_ingame_tile_land_normal_solid_1,
128,20101,3,False,,,,,10111.0,11412.0,,,10111.0,dragondungeonrun_ingame_tile_land_normal_solid_1,
129,20101,2,False,,10111.0,10111.0,,,,10111.0,,11412.0,dragondungeonrun_ingame_tile_land_normal_solid_1,
130,20101,1,False,501.0,,,,,11412.0,,,,dragondungeonrun_ingame_tile_land_normal_solid_1,
131,20201,10,False,,10111.0,,11412.0,,,,,10121.0,dragondungeonrun_ingame_tile_land_normal_solid_1,dragondungeonrun_ingame_tile_land_normal_solid_B
132,20201,9,False,502.0,,,,,,,,,dragondungeonrun_ingame_tile_land_normal_solid_1,
133,20201,8,False,,,,,11412.0,,,502.0,,dragondungeonrun_ingame_tile_land_normal_solid_1,
134,20201,7,False,,,,11412.0,,,,502.0,,dragondungeonrun_ingame_tile_land_normal_solid_1,
135,20201,6,False,502.0,,,,,,,,11412.0,dragondungeonrun_ingame_tile_land_normal_solid_1,dragondungeonrun_ingame_tile_land_normal_solid_B
136,20201,5,False,,10121.0,11431.0,,11011.0,10121.0,11412.0,,10111.0,dragondungeonrun_ingame_tile_land_normal_solid_1,
137,20201,4,False,,,,,11412.0,,,502.0,,dragondungeonrun_ingame_tile_land_normal_solid_1,
138,20201,3,False,,,,,11412.0,,,502.0,,dragondungeonrun_ingame_tile_land_normal_solid_1,
139,20201,2,False,,,,,,,,502.0,11412.0,dragondungeonrun_ingame_tile_land_normal_solid_1,
140,20201,1,False,,10111.0,,,,,,,10121.0,dragondungeonrun_ingame_tile_land_normal_solid_1,
141,20301,10,False,503.0,,,,11412.0,,,,,dragondungeonrun_ingame_tile_land_normal_solid_2,
142,20301,9,False,,,,,,,11412.0,503.0,,dragondungeonrun_ingame_tile_land_normal_solid_2,
143,20301,8,False,503.0,,,,11412.0,,,,,dragondungeonrun_ingame_tile_land_normal_solid_2,
144,20301,7,False,503.0,,,11412.0,,,,,,dragondungeonrun_ingame_tile_land_normal_solid_2,
145,20301,6,False,,11011.0,11412.0,10111.0,,10111.0,,,11431.0,dragondungeonrun_ingame_tile_land_normal_solid_2,
146,20301,5,False,503.0,,,,11412.0,,,,,dragondungeonrun_ingame_tile_land_normal_solid_2,
147,20301,4,False,,,,,,,11423.0,503.0,,dragondungeonrun_ingame_tile_land_normal_solid_2,
148,20301,3,False,503.0,,,,11412.0,,,,,dragondungeonrun_ingame_tile_land_normal_solid_2,
149,20301,2,False,,,11412.0,,,,,503.0,,dragondungeonrun_ingame_tile_land_normal_solid_2,
150,20301,1,False,,10111.0,,10111.0,,,,,,dragondungeonrun_ingame_tile_land_normal_solid_2,
151,20302,10,False,503.0,,,,11412.0,,,,,dragondungeonrun_ingame_tile_land_normal_solid_1,
152,20302,9,False,,,,,,,11412.0,503.0,,dragondungeonrun_ingame_tile_land_normal_solid_1,dragondungeonrun_ingame_tile_land_normal_solid_B
153,20302,8,False,503.0,,,,11412.0,,,,,dragondungeonrun_ingame_tile_land_normal_solid_1,
154,20302,7,False,503.0,,,11412.0,,,,,,dragondungeonrun_ingame_tile_land_normal_solid_1,
155,20302,6,False,,11011.0,11412.0,10111.0,,10111.0,,,11431.0,dragondungeonrun_ingame_tile_land_normal_solid_1,dragondungeonrun_ingame_tile_land_normal_solid_B
156,20302,5,False,503.0,,,,11412.0,,,,,dragondungeonrun_ingame_tile_land_normal_solid_1,
157,20302,4,False,,,,,,,11423.0,503.0,,dragondungeonrun_ingame_tile_land_normal_solid_1,
158,20302,3,False,503.0,,,,11412.0,,,,,dragondungeonrun_ingame_tile_land_normal_solid_1,dragondungeonrun_ingame_tile_land_normal_solid_B
159,20302,2,False,,,11412.0,,,,,503.0,,dragondungeonrun_ingame_tile_land_normal_solid_1,
160,20302,1,False,,10111.0,,10111.0,,,,,,dragondungeonrun_ingame_tile_land_normal_solid_1,
161,20303,10,False,503.0,,,,11412.0,,,,,dragondungeonrun_ingame_tile_land_normal_solid_2_with_frost,
162,20303,9,False,,,,,,,11412.0,503.0,,dragondungeonrun_ingame_tile_land_normal_solid_2_with_frost,
163,20303,8,False,507.0,,,,11412.0,,,,,dragondungeonrun_ingame_tile_land_normal_solid_2_with_frost,
164,20303,7,False,503.0,,,11412.0,,,,,,dragondungeonrun_ingame_tile_land_normal_solid_2_with_frost,
165,20303,6,False,,11011.0,11412.0,10111.0,,10111.0,,,11431.0,dragondungeonrun_ingame_tile_land_normal_solid_2_with_frost,
166,20303,5,False,503.0,,,,11412.0,,,,,dragondungeonrun_ingame_tile_land_normal_solid_2_with_frost,
167,20303,4,False,,,,,,,11423.0,507.0,,dragondungeonrun_ingame_tile_land_normal_solid_2_with_frost,
168,20303,3,False,507.0,,,,11412.0,,,,,dragondungeonrun_ingame_tile_land_normal_solid_2_with_frost,
169,20303,2,False,,,11412.0,,,,,503.0,,dragondungeonrun_ingame_tile_land_normal_solid_2_with_frost,
170,20303,1,False,,10111.0,,10111.0,,,,,,dragondungeonrun_ingame_tile_land_normal_solid_2_with_frost,
171,20401,10,False,,,,,,,,,10121.0,dragondungeonrun_ingame_tile_land_normal_solid_2,
172,20401,9,False,,,,,,,,,,dragondungeonrun_ingame_tile_land_normal_solid_2,
173,20401,8,False,502.0,,,,,,,,,dragondungeonrun_ingame_tile_land_normal_solid_2,
174,20401,7,False,,,11212.0,,,11212.0,,501.0,,dragondungeonrun_ingame_tile_land_normal_solid_2,
175,20401,6,False,503.0,,,,,,,,,dragondungeonrun_ingame_tile_land_normal_solid_2,
176,20401,5,False,,,,10121.0,10121.0,,,,,dragondungeonrun_ingame_tile_land_normal_solid_2,
177,20401,4,False,,,,,,,,502.0,,dragondungeonrun_ingame_tile_land_normal_solid_2,
178,20401,3,False,503.0,,,,,,,,,dragondungeonrun_ingame_tile_land_normal_solid_2,
179,20401,2,False,,11212.0,,11211.0,11211.0,,11212.0,501.0,11211.0,dragondungeonrun_ingame_tile_land_normal_solid_2,
180,20401,1,False,,10121.0,,,,,10121.0,,,dragondungeonrun_ingame_tile_land_normal_solid_2,
181,20402,10,False,,,,10121.0,,,,,,dragondungeonrun_ingame_tile_land_normal_solid_1,
182,20402,9,False,,,,,,,,,,dragondungeonrun_ingame_tile_land_normal_solid_1,
183,20402,8,False,502.0,,,,,,,,,dragondungeonrun_ingame_tile_land_normal_solid_1,dragondungeonrun_ingame_tile_land_normal_solid_B
184,20402,7,False,,,11211.0,,,11211.0,,501.0,,dragondungeonrun_ingame_tile_land_normal_solid_1,dragondungeonrun_ingame_tile_land_normal_solid_B
185,20402,6,False,503.0,,,,,,,,,dragondungeonrun_ingame_tile_land_normal_solid_1,
186,20402,5,False,,,,10121.0,10121.0,,,,,dragondungeonrun_ingame_tile_land_normal_solid_1,
187,20402,4,False,,,,,,,,502.0,,dragondungeonrun_ingame_tile_land_normal_solid_1,dragondungeonrun_ingame_tile_land_normal_solid_B
188,20402,3,False,503.0,,,,,,,,,dragondungeonrun_ingame_tile_land_normal_solid_1,
189,20402,2,False,,11211.0,,11211.0,11211.0,,11211.0,501.0,11211.0,dragondungeonrun_ingame_tile_land_normal_solid_1,
190,20402,1,False,,10121.0,,,,,10121.0,,,dragondungeonrun_ingame_tile_land_normal_solid_1,dragondungeonrun_ingame_tile_land_normal_solid_B
191,20403,10,False,,,,,,,,,10131.0,dragondungeonrun_ingame_tile_land_normal_solid_2_with_frost,
192,20403,9,False,,,,,,,,,,dragondungeonrun_ingame_tile_land_normal_solid_2_with_frost,
193,20403,8,False,507.0,,,,,,,,,dragondungeonrun_ingame_tile_land_normal_solid_2_with_frost,
194,20403,7,False,,,11211.0,,,11211.0,,501.0,,dragondungeonrun_ingame_tile_land_normal_solid_2_with_frost,
195,20403,6,False,503.0,,,,,,,,,dragondungeonrun_ingame_tile_land_normal_solid_2_with_frost,
196,20403,5,False,,,,10131.0,10131.0,,,,,dragondungeonrun_ingame_tile_land_normal_solid_2_with_frost,
197,20403,4,False,,,,,,,,507.0,,dragondungeonrun_ingame_tile_land_normal_solid_2_with_frost,
198,20403,3,False,503.0,,,,,,,,,dragondungeonrun_ingame_tile_land_normal_solid_2_with_frost,
199,20403,2,False,,11211.0,,11211.0,11211.0,,11211.0,501.0,11211.0,dragondungeonrun_ingame_tile_land_normal_solid_2_with_frost,
200,20403,1,False,,10131.0,,,,,10131.0,,,dragondungeonrun_ingame_tile_land_normal_solid_2_with_frost,
201,20501,10,False,,,,,11412.0,,,501.0,,dragondungeonrun_ingame_tile_land_normal_solid_1,
202,20501,9,False,,10131.0,,,,,10131.0,,11412.0,dragondungeonrun_ingame_tile_land_normal_solid_1,
203,20501,8,False,,,11412.0,10131.0,,,,,10131.0,dragondungeonrun_ingame_tile_land_normal_solid_1,
204,20501,7,False,,,,,,,,501.0,11412.0,dragondungeonrun_ingame_tile_land_normal_solid_1,
205,20501,6,False,,10131.0,11421.0,,,10131.0,,,,dragondungeonrun_ingame_tile_land_normal_solid_1,
206,20501,5,False,,,11412.0,10131.0,,10131.0,,,,dragondungeonrun_ingame_tile_land_normal_solid_1,
207,20501,4,False,501.0,,,,11412.0,,,,,dragondungeonrun_ingame_tile_land_normal_solid_1,
208,20501,3,False,,10131.0,,,,,10131.0,,11412.0,dragondungeonrun_ingame_tile_land_normal_solid_1,
209,20501,2,False,,,,,10131.0,,10131.0,,11412.0,dragondungeonrun_ingame_tile_land_normal_solid_1,
210,20501,1,False,501.0,,,,,11412.0,,,,dragondungeonrun_ingame_tile_land_normal_solid_1,
211,30101,10,False,,,11412.0,10121.0,,,,,,dragondungeonrun_ingame_tile_land_normal_solid_1,
212,30101,9,True,,,,,,,,101.0,,dragondungeonrun_ingame_tile_water_top,
213,30101,8,False,,10121.0,,,11423.0,,10121.0,,,dragondungeonrun_ingame_tile_land_normal_solid_1,
214,30101,7,True,101.0,,,,,,,,,dragondungeonrun_ingame_tile_water_top,
215,30101,6,True,,,,,,,,102.0,,dragondungeonrun_ingame_tile_water_normal,
216,30101,5,False,,,11412.0,,,,10121.0,,10121.0,dragondungeonrun_ingame_tile_land_normal_solid_1,
217,30101,4,True,102.0,,,,,,,,,dragondungeonrun_ingame_tile_water_top,
218,30101,3,True,,,,10611.0,10611.0,,,,,dragondungeonrun_ingame_tile_water_normal,
219,30101,2,False,,,10121.0,,11412.0,,10121.0,,,dragondungeonrun_ingame_tile_land_normal_solid_1,
220,30101,1,True,,,,,,,,101.0,,dragondungeonrun_ingame_tile_water_top,
221,30201,10,False,,10121.0,,,11412.0,,,,10121.0,dragondungeonrun_ingame_tile_land_normal_solid_1,
222,30201,9,True,,,,,,,,102.0,,dragondungeonrun_ingame_tile_water_top,
223,30201,8,True,,,10611.0,,10611.0,,,,,dragondungeonrun_ingame_tile_water_normal,
224,30201,7,True,,,,,,,,102.0,,dragondungeonrun_ingame_tile_water_normal,
225,30201,6,False,,,11423.0,,,,,,10121.0,dragondungeonrun_ingame_tile_land_normal_solid_1,
226,30201,5,False,,,10111.0,,11412.0,10111.0,,,,dragondungeonrun_ingame_tile_land_normal_solid_1,
227,30201,4,True,,,,,,,,102.0,,dragondungeonrun_ingame_tile_water_top,
228,30201,3,True,102.0,,,,,,,,,dragondungeonrun_ingame_tile_water_normal,
229,30201,2,True,,,,,,,,102.0,,dragondungeonrun_ingame_tile_water_normal,
230,30201,1,False,,,,,11412.0,10121.0,,,10121.0,dragondungeonrun_ingame_tile_land_normal_solid_1,
231,30301,10,True,103.0,,,,,,,,,dragondungeonrun_ingame_tile_water_top,
232,30301,9,True,,,,,,,,103.0,,dragondungeonrun_ingame_tile_water_normal,
233,30301,8,False,,10111.0,,,10111.0,,,,11211.0,dragondungeonrun_ingame_tile_land_normal_solid_2,
234,30301,7,True,103.0,,,,,,,,,dragondungeonrun_ingame_tile_water_top,
235,30301,6,True,,,,,,,,103.0,,dragondungeonrun_ingame_tile_water_normal,
236,30301,5,True,103.0,,,,,,,,,dragondungeonrun_ingame_tile_water_normal,
237,30301,4,True,,,,10611.0,10611.0,,,,,dragondungeonrun_ingame_tile_water_normal,
238,30301,3,True,103.0,,,,,,,,,dragondungeonrun_ingame_tile_water_normal,
239,30301,2,True,,,,,,,,103.0,,dragondungeonrun_ingame_tile_water_normal,
240,30301,1,False,,,10111.0,11412.0,,,10111.0,,,dragondungeonrun_ingame_tile_land_normal_solid_2,
241,30302,10,True,103.0,,,,,,,,,dragondungeonrun_ingame_tile_water_top,
242,30302,9,True,,,,,,,,103.0,,dragondungeonrun_ingame_tile_water_normal,
243,30302,8,False,,10111.0,,,10111.0,,,,11211.0,dragondungeonrun_ingame_tile_land_normal_solid_1,
244,30302,7,True,103.0,,,,,,,,,dragondungeonrun_ingame_tile_water_top,
245,30302,6,True,,,,,,,,103.0,,dragondungeonrun_ingame_tile_water_normal,
246,30302,5,True,103.0,,,,,,,,,dragondungeonrun_ingame_tile_water_normal,
247,30302,4,True,,,,10611.0,10611.0,,,,,dragondungeonrun_ingame_tile_water_normal,
248,30302,3,True,103.0,,,,,,,,,dragondungeonrun_ingame_tile_water_normal,
249,30302,2,True,,,,,,,,103.0,,dragondungeonrun_ingame_tile_water_normal,
250,30302,1,False,,,10111.0,11412.0,,,10111.0,,,dragondungeonrun_ingame_tile_land_normal_solid_1,
251,30401,10,False,,,,,,,10111.0,,11412.0,dragondungeonrun_ingame_tile_land_normal_solid_2,
252,30401,9,True,,,,,,,,104.0,,dragondungeonrun_ingame_tile_water_top,
253,30401,8,True,104.0,,,,,,,,,dragondungeonrun_ingame_tile_water_normal,
254,30401,7,True,,,10611.0,,,10611.0,,,,dragondungeonrun_ingame_tile_water_normal,
255,30401,6,True,105.0,,,,,,,,,dragondungeonrun_ingame_tile_water_normal,
256,30401,5,True,,,,,,,,105.0,11211.0,dragondungeonrun_ingame_tile_water_normal,
257,30401,4,True,104.0,,,,,,,,,dragondungeonrun_ingame_tile_water_normal,
258,30401,3,True,,,10611.0,,10611.0,,,,,dragondungeonrun_ingame_tile_water_normal,
259,30401,2,True,105.0,,,,,,,,,dragondungeonrun_ingame_tile_water_normal,
260,30401,1,True,,,,,,,,104.0,,dragondungeonrun_ingame_tile_water_normal,
261,30402,10,False,,,,,,,10111.0,,11412.0,dragondungeonrun_ingame_tile_land_normal_solid_1,
262,30402,9,True,,,,,,,,104.0,,dragondungeonrun_ingame_tile_water_top,
263,30402,8,True,104.0,,,,,,,,,dragondungeonrun_ingame_tile_water_normal,
264,30402,7,True,,,10611.0,,,10611.0,,,,dragondungeonrun_ingame_tile_water_normal,
265,30402,6,True,105.0,,,,,,,,,dragondungeonrun_ingame_tile_water_normal,
266,30402,5,True,,,,,,,,105.0,11211.0,dragondungeonrun_ingame_tile_water_normal,
267,30402,4,True,104.0,,,,,,,,,dragondungeonrun_ingame_tile_water_normal,
268,30402,3,True,,,10611.0,,10611.0,,,,,dragondungeonrun_ingame_tile_water_normal,
269,30402,2,True,105.0,,,,,,,,,dragondungeonrun_ingame_tile_water_normal,
270,30402,1,True,,,,,,,,104.0,,dragondungeonrun_ingame_tile_water_normal,
271,30403,10,False,,10131.0,,,,,,,11412.0,dragondungeonrun_ingame_tile_land_normal_solid_2_with_frost,
272,30403,9,True,,,,,,,,104.0,,dragondungeonrun_ingame_tile_water_top,
273,30403,8,True,104.0,,,,,,,,,dragondungeonrun_ingame_tile_water_normal,
274,30403,7,True,,,10611.0,,,10611.0,,,,dragondungeonrun_ingame_tile_water_normal,
275,30403,6,True,105.0,,,,,,,,,dragondungeonrun_ingame_tile_water_normal,
276,30403,5,True,,,,,,,,105.0,11211.0,dragondungeonrun_ingame_tile_water_normal,
277,30403,4,True,104.0,,,,,,,,,dragondungeonrun_ingame_tile_water_normal,
278,30403,3,True,,,10611.0,,10611.0,,,,,dragondungeonrun_ingame_tile_water_normal,
279,30403,2,True,105.0,,,,,,,,,dragondungeonrun_ingame_tile_water_normal,
280,30403,1,True,,,,,,,,104.0,,dragondungeonrun_ingame_tile_water_normal,
281,30501,10,False,,,,,10111.0,11412.0,,,,dragondungeonrun_ingame_tile_land_normal_solid_2,
282,30501,9,True,,,,,,,,104.0,,dragondungeonrun_ingame_tile_water_top,
283,30501,8,True,,,,10611.0,10611.0,,,,,dragondungeonrun_ingame_tile_water_normal,
284,30501,7,True,105.0,,,,,,,,11211.0,dragondungeonrun_ingame_tile_water_normal,
285,30501,6,True,,,,,,,,105.0,,dragondungeonrun_ingame_tile_water_normal,
286,30501,5,True,104.0,,,,,,,,,dragondungeonrun_ingame_tile_water_normal,
287,30501,4,True,,,,,,,,104.0,,dragondungeonrun_ingame_tile_water_normal,
288,30501,3,True,,,10611.0,,,10611.0,,,,dragondungeonrun_ingame_tile_water_normal,
289,30501,2,True,105.0,,,,,,,,,dragondungeonrun_ingame_tile_water_normal,
290,30501,1,True,,,,,,,,104.0,,dragondungeonrun_ingame_tile_water_normal,
291,30502,10,False,,,,10111.0,,11412.0,,,,dragondungeonrun_ingame_tile_land_normal_solid_1,
292,30502,9,True,,,,,,,,104.0,,dragondungeonrun_ingame_tile_water_top,
293,30502,8,True,,,,10611.0,10611.0,,,,,dragondungeonrun_ingame_tile_water_normal,
294,30502,7,True,105.0,,,,,,,,11211.0,dragondungeonrun_ingame_tile_water_normal,
295,30502,6,True,,,,,,,,105.0,,dragondungeonrun_ingame_tile_water_normal,
296,30502,5,True,104.0,,,,,,,,,dragondungeonrun_ingame_tile_water_normal,
297,30502,4,True,,,,,,,,104.0,,dragondungeonrun_ingame_tile_water_normal,
298,30502,3,True,,,10611.0,,,10611.0,,,,dragondungeonrun_ingame_tile_water_normal,
299,30502,2,True,105.0,,,,,,,,,dragondungeonrun_ingame_tile_water_normal,
300,30502,1,True,,,,,,,,104.0,,dragondungeonrun_ingame_tile_water_normal,
301,30503,10,False,,,,,10131.0,11412.0,,,,dragondungeonrun_ingame_tile_land_normal_solid_2_with_frost,
302,30503,9,True,,,,,,,,104.0,,dragondungeonrun_ingame_tile_water_top,
303,30503,8,True,,,,10611.0,10611.0,,,,,dragondungeonrun_ingame_tile_water_normal,
304,30503,7,True,105.0,,,,,,,,11211.0,dragondungeonrun_ingame_tile_water_normal,
305,30503,6,True,,,,,,,,105.0,,dragondungeonrun_ingame_tile_water_normal,
306,30503,5,True,104.0,,,,,,,,,dragondungeonrun_ingame_tile_water_normal,
307,30503,4,True,,,,,,,,104.0,,dragondungeonrun_ingame_tile_water_normal,
308,30503,3,True,,,10611.0,,,10611.0,,,,dragondungeonrun_ingame_tile_water_normal,
309,30503,2,True,105.0,,,,,,,,,dragondungeonrun_ingame_tile_water_normal,
310,30503,1,True,,,,,,,,104.0,,dragondungeonrun_ingame_tile_water_normal,
311,30601,10,False,,11412.0,,,10111.0,11412.0,,,,dragondungeonrun_ingame_tile_land_normal_solid_2,
312,30601,9,True,,,,,,,,105.0,,dragondungeonrun_ingame_tile_water_top,
313,30601,8,True,,,10611.0,,10611.0,,,,,dragondungeonrun_ingame_tile_water_normal,
314,30601,7,True,104.0,,,,,,,,,dragondungeonrun_ingame_tile_water_normal,
315,30601,6,True,,,10611.0,,,10611.0,,,,dragondungeonrun_ingame_tile_water_normal,
316,30601,5,True,,,,,,,,104.0,,dragondungeonrun_ingame_tile_water_normal,
317,30601,4,True,,,,10611.0,10611.0,,,,,dragondungeonrun_ingame_tile_water_normal,
318,30601,3,True,104.0,,,,,,,,,dragondungeonrun_ingame_tile_water_normal,
319,30601,2,True,,,10611.0,,10611.0,,,,,dragondungeonrun_ingame_tile_water_normal,
320,30601,1,True,,,,,,,,105.0,,dragondungeonrun_ingame_tile_water_normal,
321,30602,10,False,,11412.0,,,,11412.0,,,10131.0,dragondungeonrun_ingame_tile_land_normal_solid_2_with_frost,
322,30602,9,True,,,,,,,,105.0,,dragondungeonrun_ingame_tile_water_top,
323,30602,8,True,,,10611.0,,10611.0,,,,,dragondungeonrun_ingame_tile_water_normal,
324,30602,7,True,104.0,,,,,,,,,dragondungeonrun_ingame_tile_water_normal,
325,30602,6,True,,,10611.0,,,10611.0,,,,dragondungeonrun_ingame_tile_water_normal,
326,30602,5,True,,,,,,,,104.0,,dragondungeonrun_ingame_tile_water_normal,
327,30602,4,True,,,,10611.0,10611.0,,,,,dragondungeonrun_ingame_tile_water_normal,
328,30602,3,True,104.0,,,,,,,,,dragondungeonrun_ingame_tile_water_normal,
329,30602,2,True,,,10611.0,,10611.0,,,,,dragondungeonrun_ingame_tile_water_normal,
330,30602,1,True,,,,,,,,105.0,,dragondungeonrun_ingame_tile_water_normal,
331,40101,10,False,506.0,,,,,11412.0,,,,dragondungeonrun_ingame_tile_land_normal_solid_1,
332,40101,9,False,,,,,,11412.0,10111.0,,10121.0,dragondungeonrun_ingame_tile_land_normal_solid_1,
333,40101,8,False,,,10121.0,10121.0,11412.0,,10111.0,,,dragondungeonrun_ingame_tile_land_normal_solid_1,dragondungeonrun_ingame_tile_land_normal_crack_1
334,40101,7,False,401.0,,,,,11412.0,,,,dragondungeonrun_ingame_tile_land_normal_crack_1,
335,40101,6,False,,10111.0,,11412.0,10111.0,,,,,dragondungeonrun_ingame_tile_land_normal_solid_1,
336,40101,5,False,,,11412.0,10111.0,,10121.0,,,,dragondungeonrun_ingame_tile_land_normal_solid_1,dragondungeonrun_ingame_tile_land_normal_crack_1
337,40101,4,False,306.0,,,,,,,,11412.0,dragondungeonrun_ingame_tile_land_normal_rock_1,
338,40101,3,False,,10111.0,,,,10121.0,10111.0,,11412.0,dragondungeonrun_ingame_tile_land_normal_solid_1,
339,40101,2,False,,10111.0,,,11412.0,,,,,dragondungeonrun_ingame_tile_land_normal_solid_1,dragondungeonrun_ingame_tile_land_normal_crack_1
340,40101,1,False,,,11412.0,10111.0,10111.0,,,,,dragondungeonrun_ingame_tile_land_normal_solid_1,dragondungeonrun_ingame_tile_land_normal_crack_1
341,40201,10,False,,,,,10111.0,,,,,dragondungeonrun_ingame_tile_land_normal_solid_1,
342,40201,9,False,,,,10111.0,,,,,,dragondungeonrun_ingame_tile_land_normal_solid_1,dragondungeonrun_ingame_tile_land_normal_crack_1
343,40201,8,False,,,,11412.0,,,,501.0,,dragondungeonrun_ingame_tile_land_normal_solid_1,
344,40201,7,False,,,10111.0,,11412.0,,10111.0,,,dragondungeonrun_ingame_tile_land_normal_solid_1,
345,40201,6,True,101.0,,,,,,,,,dragondungeonrun_ingame_tile_water_top,
346,40201,5,False,,,10111.0,11412.0,10111.0,,,,,dragondungeonrun_ingame_tile_land_normal_solid_1,dragondungeonrun_ingame_tile_land_normal_crack_1
347,40201,4,False,,,11412.0,,,,,,10111.0,dragondungeonrun_ingame_tile_land_normal_solid_1,dragondungeonrun_ingame_tile_land_normal_crack_1
348,40201,3,False,,,,,11412.0,,,401.0,,dragondungeonrun_ingame_tile_land_normal_crack_1,
349,40201,2,False,,10111.0,,,,,10111.0,,11412.0,dragondungeonrun_ingame_tile_land_normal_solid_1,dragondungeonrun_ingame_tile_land_normal_crack_1
350,40201,1,False,,,,,10111.0,,10111.0,,11412.0,dragondungeonrun_ingame_tile_land_normal_solid_1,
351,40301,10,False,,,,,10121.0,11412.0,,,,dragondungeonrun_ingame_tile_land_normal_solid_1,
352,40301,9,False,506.0,,,,11412.0,,,,,dragondungeonrun_ingame_tile_land_normal_solid_1,dragondungeonrun_ingame_tile_land_normal_crack_1
353,40301,8,False,,,10121.0,,,11412.0,10121.0,,,dragondungeonrun_ingame_tile_land_normal_solid_1,
354,40301,7,True,,,,,,,,101.0,,dragondungeonrun_ingame_tile_water_top,
355,40301,6,True,101.0,,,,,,,,,dragondungeonrun_ingame_tile_water_normal,
356,40301,5,False,,10121.0,,11412.0,,,10121.0,,10121.0,dragondungeonrun_ingame_tile_land_normal_solid_1,dragondungeonrun_ingame_tile_land_normal_crack_1
357,40301,4,False,,,,10121.0,,11412.0,,,10121.0,dragondungeonrun_ingame_tile_land_normal_solid_1,
358,40301,3,False,,10411.0,10411.0,10411.0,10411.0,10411.0,10411.0,,10411.0,dragondungeonrun_ingame_tile_land_normal_solid_1,
359,40301,2,False,,,10121.0,,11412.0,10121.0,,,,dragondungeonrun_ingame_tile_land_normal_solid_1,
360,40301,1,False,,,10121.0,11412.0,,,10121.0,,,dragondungeonrun_ingame_tile_land_normal_solid_1,dragondungeonrun_ingame_tile_land_normal_crack_1
361,40401,10,False,,,,11412.0,,,,,10121.0,dragondungeonrun_ingame_tile_land_normal_solid_1,
362,40401,9,False,,10121.0,,,,11412.0,,,11412.0,dragondungeonrun_ingame_tile_land_normal_solid_1,
363,40401,8,False,401.0,,,11412.0,,,,,,dragondungeonrun_ingame_tile_land_normal_crack_1,
364,40401,7,False,,,10121.0,,10121.0,11412.0,,,,dragondungeonrun_ingame_tile_land_normal_solid_1,
365,40401,6,False,,,10121.0,,11412.0,,10111.0,,,dragondungeonrun_ingame_tile_land_normal_solid_1,dragondungeonrun_ingame_tile_land_normal_crack_1
366,40401,5,False,506.0,,,,11412.0,,,,,dragondungeonrun_ingame_tile_land_normal_solid_1,dragondungeonrun_ingame_tile_land_normal_crack_1
367,40401,4,False,,10121.0,,,,11412.0,10121.0,,,dragondungeonrun_ingame_tile_land_normal_solid_1,
368,40401,3,False,205.0,,,,,,,,11412.0,dragondungeonrun_ingame_tile_land_normal_rock_1,
369,40401,2,False,,,,,,11412.0,10121.0,,,dragondungeonrun_ingame_tile_land_normal_solid_1,
370,40401,1,False,,,,11412.0,10121.0,,,,10121.0,dragondungeonrun_ingame_tile_land_normal_solid_1,
371,40501,10,False,306.0,,,,,,,,11412.0,dragondungeonrun_ingame_tile_land_normal_rock_1,
372,40501,9,False,,,,,11412.0,,10111.0,,,dragondungeonrun_ingame_tile_land_normal_solid_1,
373,40501,8,False,,,10121.0,11412.0,10121.0,,,,,dragondungeonrun_ingame_tile_land_normal_solid_1,dragondungeonrun_ingame_tile_land_normal_crack_1
374,40501,7,False,,,,,,,,205.0,11412.0,dragondungeonrun_ingame_tile_land_normal_rock_1,
375,40501,6,False,,,11412.0,10121.0,,,,,10121.0,dragondungeonrun_ingame_tile_land_normal_crack_1,
376,40501,5,False,,10121.0,,,11412.0,,10121.0,,,dragondungeonrun_ingame_tile_land_normal_solid_1,
377,40501,4,False,,,,11412.0,,,10121.0,,10121.0,dragondungeonrun_ingame_tile_land_normal_solid_1,dragondungeonrun_ingame_tile_land_normal_crack_1
378,40501,3,True,,,,,,,,101.0,,dragondungeonrun_ingame_tile_water_top,
379,40501,2,True,101.0,,,,,,,,,dragondungeonrun_ingame_tile_water_normal,
380,40501,1,False,,,10121.0,10121.0,,11412.0,,,,dragondungeonrun_ingame_tile_land_normal_solid_1,dragondungeonrun_ingame_tile_land_normal_crack_1
381,40601,10,False,306.0,,,,,,,,11412.0,dragondungeonrun_ingame_tile_land_normal_rock_1,
382,40601,9,False,,,,10121.0,11412.0,,10111.0,,,dragondungeonrun_ingame_tile_land_normal_solid_1,
383,40601,8,True,,,,,,,,101.0,,dragondungeonrun_ingame_tile_water_top,
384,40601,7,False,,,10121.0,11412.0,,,,,,dragondungeonrun_ingame_tile_land_normal_solid_1,
385,40601,6,False,506.0,,,,11412.0,,,,,dragondungeonrun_ingame_tile_land_normal_solid_1,dragondungeonrun_ingame_tile_land_normal_crack_1
386,40601,5,False,,,11412.0,,10121.0,,,,10121.0,dragondungeonrun_ingame_tile_land_normal_solid_1,dragondungeonrun_ingame_tile_land_normal_crack_1
387,40601,4,False,,,10121.0,,,11412.0,10121.0,,,dragondungeonrun_ingame_tile_land_normal_solid_1,
388,40601,3,False,,10411.0,10411.0,10411.0,10411.0,10411.0,10411.0,,10411.0,dragondungeonrun_ingame_tile_land_normal_solid_1,
389,40601,2,False,,10121.0,,,,,10121.0,,11412.0,dragondungeonrun_ingame_tile_land_normal_crack_1,
390,40601,1,False,,,,11412.0,,,10121.0,,10121.0,dragondungeonrun_ingame_tile_land_normal_solid_1,dragondungeonrun_ingame_tile_land_normal_crack_1
391,50101,10,False,501.0,,,,,11412.0,,,,dragondungeonrun_ingame_tile_land_normal_solid_1,
392,50101,9,False,,10111.0,,11412.0,,10121.0,,,10121.0,dragondungeonrun_ingame_tile_land_normal_solid_1,dragondungeonrun_ingame_tile_land_normal_solid_B
393,50101,8,False,,11412.0,,,,,,301.0,,dragondungeonrun_ingame_tile_land_normal_rock_1,
394,50101,7,False,401.0,,,,,11412.0,,,,dragondungeonrun_ingame_tile_land_normal_crack_1,
395,50101,6,False,,11422.0,,10111.0,,11212.0,10111.0,,10111.0,dragondungeonrun_ingame_tile_land_normal_solid_1,
396,50101,5,False,,,,,11412.0,,,,10111.0,dragondungeonrun_ingame_tile_land_normal_solid_1,
397,50101,4,True,,,,,,,,101.0,,dragondungeonrun_ingame_tile_water_top,
398,50101,3,False,,10121.0,11412.0,,,10121.0,,,10121.0,dragondungeonrun_ingame_tile_land_normal_solid_1,dragondungeonrun_ingame_tile_land_normal_solid_B
399,50101,2,False,,,,,,11412.0,,501.0,,dragondungeonrun_ingame_tile_land_normal_solid_1,
400,50101,1,False,,,10111.0,11412.0,,,,,10111.0,dragondungeonrun_ingame_tile_land_normal_solid_1,
401,50201,10,False,501.0,,,,,,,,11424.0,dragondungeonrun_ingame_tile_land_normal_solid_1,
402,50201,9,False,,,10111.0,,11412.0,,,,,dragondungeonrun_ingame_tile_land_normal_solid_1,
403,50201,8,True,101.0,,,,,,,,,dragondungeonrun_ingame_tile_water_top,
404,50201,7,False,,11412.0,,,,10121.0,,,10111.0,dragondungeonrun_ingame_tile_land_normal_solid_1,
405,50201,6,False,,,,,,,11412.0,301.0,,dragondungeonrun_ingame_tile_land_normal_rock_1,
406,50201,5,False,,10121.0,10111.0,11412.0,,10121.0,,,,dragondungeonrun_ingame_tile_land_normal_solid_1,
407,50201,4,False,,10111.0,,,10111.0,11412.0,,,,dragondungeonrun_ingame_tile_land_normal_solid_1,dragondungeonrun_ingame_tile_land_normal_solid_B
408,50201,3,False,301.0,,,,,11412.0,,,,dragondungeonrun_ingame_tile_land_normal_rock_1,
409,50201,2,False,,,11412.0,,,,,201.0,11212.0,dragondungeonrun_ingame_tile_land_normal_rock_1,
410,50201,1,False,,,,10121.0,,10111.0,,,11412.0,dragondungeonrun_ingame_tile_land_normal_solid_1,
411,50301,10,False,,,,10111.0,,,11412.0,,,dragondungeonrun_ingame_tile_land_normal_solid_1,
412,50301,9,False,401.0,,,,11412.0,,,,,dragondungeonrun_ingame_tile_land_normal_crack_1,
413,50301,8,False,,10121.0,10121.0,11412.0,10111.0,,,,11212.0,dragondungeonrun_ingame_tile_land_normal_solid_1,
414,50301,7,False,,10121.0,,,10121.0,11424.0,10121.0,,,dragondungeonrun_ingame_tile_land_normal_solid_1,dragondungeonrun_ingame_tile_land_normal_solid_B
415,50301,6,False,,,,11412.0,,,,301.0,,dragondungeonrun_ingame_tile_land_normal_rock_1,
416,50301,5,False,,11412.0,10111.0,,,,,,10111.0,dragondungeonrun_ingame_tile_land_normal_solid_1,
417,50301,4,True,101.0,,,,,,,,,dragondungeonrun_ingame_tile_water_top,
418,50301,3,True,,,,,,,,101.0,,dragondungeonrun_ingame_tile_water_normal,
419,50301,2,False,,10111.0,10121.0,11412.0,10111.0,,,,,dragondungeonrun_ingame_tile_land_normal_solid_1,dragondungeonrun_ingame_tile_land_normal_solid_B
420,50301,1,False,,10111.0,11412.0,,,,10121.0,,,dragondungeonrun_ingame_tile_land_normal_solid_1,
421,50401,10,False,501.0,,,,,11412.0,,,,dragondungeonrun_ingame_tile_land_normal_solid_1,
422,50401,9,False,,11412.0,10111.0,,,,,,10121.0,dragondungeonrun_ingame_tile_land_normal_solid_1,
423,50401,8,False,,10411.0,10411.0,10411.0,10411.0,10411.0,10411.0,,10411.0,dragondungeonrun_ingame_tile_land_normal_solid_1,
424,50401,7,False,,10111.0,,,10111.0,10121.0,,,,dragondungeonrun_ingame_tile_land_normal_solid_1,
425,50401,6,True,,,,,,,,101.0,,dragondungeonrun_ingame_tile_water_top,
426,50401,5,False,,,,10121.0,10121.0,11412.0,,,,dragondungeonrun_ingame_tile_land_normal_solid_1,dragondungeonrun_ingame_tile_land_normal_solid_B
427,50401,4,False,,11412.0,,,,,,301.0,,dragondungeonrun_ingame_tile_land_normal_rock_1,
428,50401,3,False,301.0,,,11424.0,,,,,,dragondungeonrun_ingame_tile_land_normal_rock_1,
429,50401,2,False,,,,,,11412.0,,201.0,,dragondungeonrun_ingame_tile_land_normal_rock_1,
430,50401,1,False,,10111.0,11412.0,,,10121.0,,,,dragondungeonrun_ingame_tile_land_normal_solid_1,
431,50501,10,False,,,,,,11412.0,,201.0,,dragondungeonrun_ingame_tile_land_normal_rock_1,
432,50501,9,False,,10411.0,10411.0,10411.0,10411.0,10411.0,10411.0,,10411.0,dragondungeonrun_ingame_tile_land_normal_solid_1,
433,50501,8,False,,10111.0,,,10121.0,,,,11412.0,dragondungeonrun_ingame_tile_land_normal_solid_1,
434,50501,7,False,,,,,,11424.0,,401.0,,dragondungeonrun_ingame_tile_land_normal_crack_1,
435,50501,6,False,,11412.0,10121.0,,,,,,10121.0,dragondungeonrun_ingame_tile_land_normal_solid_1,dragondungeonrun_ingame_tile_land_normal_solid_B
436,50501,5,False,301.0,,,,,11412.0,,,,dragondungeonrun_ingame_tile_land_normal_rock_1,
437,50501,4,False,,,10111.0,11412.0,10121.0,,,,,dragondungeonrun_ingame_tile_land_normal_solid_1,dragondungeonrun_ingame_tile_land_normal_solid_B
438,50501,3,True,,,,,,,,101.0,,dragondungeonrun_ingame_tile_water_top,
439,50501,2,False,,,,,10121.0,,,,11412.0,dragondungeonrun_ingame_tile_land_normal_solid_1,
440,50501,1,False,,,,11412.0,,,,301.0,,dragondungeonrun_ingame_tile_land_normal_rock_1,
441,50601,10,False,,,,,,11412.0,,501.0,,dragondungeonrun_ingame_tile_land_normal_solid_1,
442,50601,9,False,,10111.0,11424.0,,10121.0,,,,,dragondungeonrun_ingame_tile_land_normal_solid_1,
443,50601,8,False,,10411.0,10411.0,10411.0,10411.0,10411.0,10411.0,,10411.0,dragondungeonrun_ingame_tile_land_normal_solid_1,
444,50601,7,False,,,,,,11412.0,,301.0,,dragondungeonrun_ingame_tile_land_normal_rock_1,
445,50601,6,False,,10121.0,10111.0,,10121.0,,11412.0,,,dragondungeonrun_ingame_tile_land_normal_solid_1,
446,50601,5,False,,10111.0,11412.0,,,,10111.0,,,dragondungeonrun_ingame_tile_land_normal_solid_1,dragondungeonrun_ingame_tile_land_normal_solid_B
447,50601,4,True,101.0,,,,,,,,,dragondungeonrun_ingame_tile_water_top,
448,50601,3,True,,,,10611.0,,10611.0,,,,dragondungeonrun_ingame_tile_water_normal,
449,50601,2,True,,,,,,,,101.0,,dragondungeonrun_ingame_tile_water_normal,
450,50601,1,False,,,11412.0,,,,,,10111.0,dragondungeonrun_ingame_tile_land_normal_solid_1,
451,50701,10,False,,,11412.0,,,,,301.0,,dragondungeonrun_ingame_tile_land_normal_rock_1,
452,50701,9,False,,,,,,10121.0,11412.0,,10121.0,dragondungeonrun_ingame_tile_land_normal_solid_1,dragondungeonrun_ingame_tile_land_normal_solid_B
453,50701,8,True,,,10611.0,,10611.0,,,,,dragondungeonrun_ingame_tile_water_top,
454,50701,7,False,,,,10121.0,11412.0,,,,,dragondungeonrun_ingame_tile_land_normal_solid_1,dragondungeonrun_ingame_tile_land_normal_solid_B
455,50701,6,False,401.0,,,,,11412.0,,,,dragondungeonrun_ingame_tile_land_normal_crack_1,
456,50701,5,False,,,,,,,,501.0,11424.0,dragondungeonrun_ingame_tile_land_normal_solid_1,
457,50701,4,False,301.0,,,11412.0,,,,,,dragondungeonrun_ingame_tile_land_normal_rock_1,
458,50701,3,False,,10121.0,,10121.0,,,10121.0,,,dragondungeonrun_ingame_tile_land_normal_solid_1,dragondungeonrun_ingame_tile_land_normal_solid_B
459,50701,2,False,,,,,11412.0,,,201.0,,dragondungeonrun_ingame_tile_land_normal_rock_1,
460,50701,1,False,,10111.0,,11412.0,11212.0,,10111.0,,,dragondungeonrun_ingame_tile_land_normal_solid_1,
461,50801,10,False,501.0,,11412.0,,,,,,,dragondungeonrun_ingame_tile_land_normal_solid_1,
462,50801,9,False,,,10121.0,,,11412.0,10121.0,,10121.0,dragondungeonrun_ingame_tile_land_normal_solid_1,
463,50801,8,False,,,,,,,,501.0,11424.0,dragondungeonrun_ingame_tile_land_normal_solid_1,
464,50801,7,False,,10411.0,10411.0,10411.0,10411.0,10411.0,10411.0,,10411.0,dragondungeonrun_ingame_tile_land_normal_solid_1,
465,50801,6,False,,,10121.0,10121.0,,11412.0,10121.0,,,dragondungeonrun_ingame_tile_land_normal_solid_1,dragondungeonrun_ingame_tile_land_normal_solid_B
466,50801,5,False,201.0,,11412.0,,,,,,,dragondungeonrun_ingame_tile_land_normal_rock_1,
467,50801,4,False,,,,,11412.0,,,301.0,,dragondungeonrun_ingame_tile_land_normal_rock_1,
468,50801,3,False,,10121.0,10121.0,11412.0,,,10121.0,,,dragondungeonrun_ingame_tile_land_normal_solid_1,dragondungeonrun_ingame_tile_land_normal_solid_B
469,50801,2,False,,10121.0,,,11412.0,,10121.0,,,dragondungeonrun_ingame_tile_land_normal_solid_1,
470,50801,1,False,401.0,,,,,,,,11412.0,dragondungeonrun_ingame_tile_land_normal_crack_1,
471,50901,10,False,,,,,,,,,10111.0,dragondungeonrun_ingame_tile_land_normal_solid_1,
472,50901,9,False,501.0,11412.0,,,,,,,,dragondungeonrun_ingame_tile_land_normal_solid_1,dragondungeonrun_ingame_tile_land_normal_solid_B
473,50901,8,False,301.0,,,11412.0,,,,,,dragondungeonrun_ingame_tile_land_normal_rock_1,
474,50901,7,False,,,,,11424.0,,,301.0,,dragondungeonrun_ingame_tile_land_normal_rock_1,
475,50901,6,False,,,11412.0,10121.0,,,10111.0,,10121.0,dragondungeonrun_ingame_tile_land_normal_solid_1,
476,50901,5,False,,10121.0,,,,,10111.0,,11412.0,dragondungeonrun_ingame_tile_land_normal_solid_1,
477,50901,4,True,101.0,,,,,,,,,dragondungeonrun_ingame_tile_water_top,
478,50901,3,True,,,,,,,,101.0,,dragondungeonrun_ingame_tile_water_normal,
479,50901,2,False,,10111.0,,11412.0,,,10121.0,,10111.0,dragondungeonrun_ingame_tile_land_normal_solid_1,dragondungeonrun_ingame_tile_land_normal_solid_B
480,50901,1,False,,,11412.0,,,10121.0,10111.0,,,dragondungeonrun_ingame_tile_land_normal_solid_1,
481,51001,10,False,301.0,,,,,11412.0,,,,dragondungeonrun_ingame_tile_land_normal_rock_1,
482,51001,9,False,,,,10121.0,10121.0,,,,11412.0,dragondungeonrun_ingame_tile_land_normal_solid_1,
483,51001,8,True,,,10611.0,,,10611.0,,,,dragondungeonrun_ingame_tile_water_top,
484,51001,7,False,,10111.0,,11412.0,,,10121.0,,10111.0,dragondungeonrun_ingame_tile_land_normal_solid_1,dragondungeonrun_ingame_tile_land_normal_solid_B
485,51001,6,False,,,11412.0,10121.0,,,10111.0,,10121.0,dragondungeonrun_ingame_tile_land_normal_solid_1,
486,51001,5,False,401.0,,,,,11412.0,,,,dragondungeonrun_ingame_tile_land_normal_crack_1,
487,51001,4,False,,,,11424.0,,,,301.0,,dragondungeonrun_ingame_tile_land_normal_rock_1,
488,51001,3,False,,11412.0,11212.0,10121.0,,,10111.0,,10111.0,dragondungeonrun_ingame_tile_land_normal_solid_1,dragondungeonrun_ingame_tile_land_normal_solid_B
489,51001,2,False,,10411.0,10411.0,10411.0,10411.0,10411.0,10411.0,,10411.0,dragondungeonrun_ingame_tile_land_normal_solid_1,
490,51001,1,False,,,,10121.0,11412.0,,10111.0,,,dragondungeonrun_ingame_tile_land_normal_solid_1,
491,60101,10,False,502.0,,,,,11412.0,,,,dragondungeonrun_ingame_tile_land_normal_solid_1,
492,60101,9,False,,10111.0,11432.0,11412.0,,,10121.0,,10121.0,dragondungeonrun_ingame_tile_land_normal_solid_1,
493,60101,8,False,,11412.0,,,,,,202.0,,dragondungeonrun_ingame_tile_land_normal_rock_1,
494,60101,7,False,,,,,11412.0,,,202.0,,dragondungeonrun_ingame_tile_land_normal_rock_1,
495,60101,6,False,402.0,,,,,11412.0,,,,dragondungeonrun_ingame_tile_land_normal_crack_1,
496,60101,5,False,,11423.0,,10111.0,11211.0,,,,11012.0,dragondungeonrun_ingame_tile_land_normal_solid_1,
497,60101,4,True,,,,,,,,102.0,,dragondungeonrun_ingame_tile_water_top,
498,60101,3,False,,10121.0,11412.0,,,10111.0,,,10111.0,dragondungeonrun_ingame_tile_land_normal_solid_1,
499,60101,2,False,,,,,,11412.0,,502.0,,dragondungeonrun_ingame_tile_land_normal_solid_1,
500,60101,1,False,,,10111.0,11412.0,,,,,10121.0,dragondungeonrun_ingame_tile_land_normal_solid_1,
501,60201,10,False,,,11412.0,10111.0,10121.0,,,,,dragondungeonrun_ingame_tile_land_normal_solid_1,
502,60201,9,False,402.0,,,,,11412.0,,,,dragondungeonrun_ingame_tile_land_normal_crack_1,
503,60201,8,False,,10411.0,10411.0,10411.0,10411.0,10411.0,10411.0,,10411.0,dragondungeonrun_ingame_tile_land_normal_solid_1,
504,60201,7,False,,,,,,11412.0,,502.0,,dragondungeonrun_ingame_tile_land_normal_solid_1,
505,60201,6,False,,,11211.0,10121.0,11012.0,,10111.0,,11412.0,dragondungeonrun_ingame_tile_land_normal_solid_1,
506,60201,5,False,302.0,11412.0,,,,,,,,dragondungeonrun_ingame_tile_land_normal_rock_1,
507,60201,4,False,,,,,11412.0,,,202.0,,dragondungeonrun_ingame_tile_land_normal_rock_1,
508,60201,3,False,,11423.0,,10111.0,,,10121.0,,11432.0,dragondungeonrun_ingame_tile_land_normal_solid_1,
509,60201,2,True,102.0,,,,,,,,,dragondungeonrun_ingame_tile_water_top,
510,60201,1,True,,,,,,,,102.0,,dragondungeonrun_ingame_tile_water_normal,
511,60301,10,False,,10111.0,11412.0,,,,10111.0,,,dragondungeonrun_ingame_tile_land_normal_solid_1,
512,60301,9,False,302.0,,,11412.0,,,,,,dragondungeonrun_ingame_tile_land_normal_rock_1,
513,60301,8,False,,,,,11412.0,,,502.0,,dragondungeonrun_ingame_tile_land_normal_solid_1,
514,60301,7,False,,10411.0,10411.0,10411.0,10411.0,10411.0,10411.0,,10411.0,dragondungeonrun_ingame_tile_land_normal_solid_1,
515,60301,6,False,,,,,,,,402.0,11412.0,dragondungeonrun_ingame_tile_land_normal_crack_1,
516,60301,5,False,,10111.0,11423.0,,10111.0,11432.0,,,11012.0,dragondungeonrun_ingame_tile_land_normal_solid_1,
517,60301,4,False,,,,,,11211.0,10111.0,,11412.0,dragondungeonrun_ingame_tile_land_normal_solid_1,dragondungeonrun_ingame_tile_land_normal_solid_B
518,60301,3,True,,,,10611.0,10611.0,,,,,dragondungeonrun_ingame_tile_water_top,
519,60301,2,False,,10111.0,,,,,,,11412.0,dragondungeonrun_ingame_tile_land_normal_solid_1,
520,60301,1,False,,11412.0,,10121.0,,,10111.0,,,dragondungeonrun_ingame_tile_land_normal_solid_1,
521,60401,10,False,302.0,,,11412.0,,,,,,dragondungeonrun_ingame_tile_land_normal_rock_1,
522,60401,9,False,,10411.0,10411.0,10411.0,10411.0,10411.0,10411.0,,10411.0,dragondungeonrun_ingame_tile_land_normal_solid_1,
523,60401,8,False,,10111.0,11412.0,,11012.0,,,,10121.0,dragondungeonrun_ingame_tile_land_normal_solid_1,
524,60401,7,False,402.0,,,,,,,,11412.0,dragondungeonrun_ingame_tile_land_normal_crack_1,
525,60401,6,False,,,,,11412.0,,,202.0,,dragondungeonrun_ingame_tile_land_normal_rock_1,
526,60401,5,False,302.0,,,11423.0,,,,,,dragondungeonrun_ingame_tile_land_normal_rock_1,
527,60401,4,False,,,,,11412.0,,,502.0,,dragondungeonrun_ingame_tile_land_normal_solid_1,
528,60401,3,False,,10111.0,11211.0,11432.0,,11412.0,10121.0,,,dragondungeonrun_ingame_tile_land_normal_solid_1,
529,60401,2,True,,,,,,,,102.0,,dragondungeonrun_ingame_tile_water_top,
530,60401,1,False,,,11412.0,,10111.0,,,,,dragondungeonrun_ingame_tile_land_normal_solid_1,
531,60501,10,False,,,,10111.0,11412.0,,,,11012.0,dragondungeonrun_ingame_tile_land_normal_solid_1,
532,60501,9,False,,10411.0,10411.0,10411.0,10411.0,10411.0,10411.0,,10411.0,dragondungeonrun_ingame_tile_land_normal_solid_1,
533,60501,8,False,,,,,,,,402.0,11412.0,dragondungeonrun_ingame_tile_land_normal_crack_1,
534,60501,7,False,,,,11412.0,,,,502.0,,dragondungeonrun_ingame_tile_land_normal_solid_1,dragondungeonrun_ingame_tile_land_normal_solid_B
535,60501,6,False,,10111.0,,,11211.0,11412.0,10111.0,,,dragondungeonrun_ingame_tile_land_normal_solid_1,
536,60501,5,True,,,,,,,,102.0,,dragondungeonrun_ingame_tile_water_top,
537,60501,4,False,,,,11412.0,11432.0,,,,10111.0,dragondungeonrun_ingame_tile_land_normal_solid_1,
538,60501,3,False,,,,,11423.0,,,202.0,,dragondungeonrun_ingame_tile_land_normal_rock_1,
539,60501,2,False,502.0,,,,,,,,11412.0,dragondungeonrun_ingame_tile_land_normal_solid_1,
540,60501,1,False,,,,,11412.0,,,202.0,,dragondungeonrun_ingame_tile_land_normal_rock_1,
541,60601,10,False,,,,10121.0,11412.0,,,,11211.0,dragondungeonrun_ingame_tile_land_normal_solid_1,
542,60601,9,True,,,,,,,,102.0,,dragondungeonrun_ingame_tile_water_top,
543,60601,8,True,102.0,,,,,,,,,dragondungeonrun_ingame_tile_water_normal,
544,60601,7,False,,10111.0,11012.0,,11432.0,,10121.0,,11412.0,dragondungeonrun_ingame_tile_land_normal_solid_1,
545,60601,6,False,,,,11412.0,,,,402.0,,dragondungeonrun_ingame_tile_land_normal_crack_1,
546,60601,5,False,202.0,,,11412.0,,,,,,dragondungeonrun_ingame_tile_land_normal_rock_1,
547,60601,4,False,,,,10121.0,11412.0,,,,10121.0,dragondungeonrun_ingame_tile_land_normal_solid_1,dragondungeonrun_ingame_tile_land_normal_solid_B
548,60601,3,False,,,,11423.0,,,,202.0,,dragondungeonrun_ingame_tile_land_normal_rock_1,
549,60601,2,False,,10111.0,,10121.0,11412.0,,10121.0,,,dragondungeonrun_ingame_tile_land_normal_solid_1,
550,60601,1,False,502.0,,,,,,,,11412.0,dragondungeonrun_ingame_tile_land_normal_solid_1,
551,60701,10,False,,,,,11412.0,,,202.0,,dragondungeonrun_ingame_tile_land_normal_rock_1,
552,60701,9,False,,10411.0,10411.0,10411.0,10411.0,10411.0,10411.0,,10411.0,dragondungeonrun_ingame_tile_land_normal_solid_1,
553,60701,8,False,,10121.0,10121.0,,,,10111.0,,11412.0,dragondungeonrun_ingame_tile_land_normal_solid_1,
554,60701,7,True,,,,10611.0,10611.0,,,,,dragondungeonrun_ingame_tile_water_top,
555,60701,6,False,,10111.0,,11412.0,11012.0,,10121.0,,,dragondungeonrun_ingame_tile_land_normal_solid_1,
556,60701,5,False,,,11432.0,10111.0,,11412.0,10121.0,,,dragondungeonrun_ingame_tile_land_normal_solid_1,dragondungeonrun_ingame_tile_land_normal_solid_B
557,60701,4,False,,,,11412.0,,,,502.0,,dragondungeonrun_ingame_tile_land_normal_solid_1,
558,60701,3,False,,,,,11423.0,,,202.0,,dragondungeonrun_ingame_tile_land_normal_rock_1,
559,60701,2,False,502.0,,11412.0,,,,,,,dragondungeonrun_ingame_tile_land_normal_solid_1,dragondungeonrun_ingame_tile_land_normal_solid_B
560,60701,1,False,402.0,,,,11211.0,,,,11412.0,dragondungeonrun_ingame_tile_land_normal_crack_1,
561,60801,10,False,,,10111.0,,10121.0,,,,11412.0,dragondungeonrun_ingame_tile_land_normal_solid_1,
562,60801,9,True,,,,,,,,102.0,,dragondungeonrun_ingame_tile_water_top,
563,60801,8,False,,11012.0,,,,11412.0,10111.0,,,dragondungeonrun_ingame_tile_land_normal_solid_1,dragondungeonrun_ingame_tile_land_normal_solid_B
564,60801,7,False,,10411.0,10411.0,10411.0,10411.0,10411.0,10411.0,,10411.0,dragondungeonrun_ingame_tile_land_normal_solid_1,
565,60801,6,False,202.0,,,,11412.0,,,,,dragondungeonrun_ingame_tile_land_normal_rock_1,
566,60801,5,False,,,,11423.0,,,,502.0,,dragondungeonrun_ingame_tile_land_normal_solid_1,
567,60801,4,False,,10121.0,,10121.0,11211.0,11412.0,10111.0,,11432.0,dragondungeonrun_ingame_tile_land_normal_solid_1,dragondungeonrun_ingame_tile_land_normal_solid_B
568,60801,3,False,,,,,11412.0,,,202.0,,dragondungeonrun_ingame_tile_land_normal_rock_1,
569,60801,2,False,,,,,,,,402.0,11412.0,dragondungeonrun_ingame_tile_land_normal_crack_1,
570,60801,1,False,502.0,,11412.0,,,,,,,dragondungeonrun_ingame_tile_land_normal_solid_1,
571,60901,10,False,202.0,,,,,,,,11412.0,dragondungeonrun_ingame_tile_land_normal_rock_1,
572,60901,9,False,,,11412.0,,,,,402.0,,dragondungeonrun_ingame_tile_land_normal_solid_1,dragondungeonrun_ingame_tile_land_normal_solid_B
573,60901,8,False,,10121.0,,,11012.0,,10121.0,,11211.0,dragondungeonrun_ingame_tile_land_normal_crack_1,
574,60901,7,True,,,,,,,,102.0,,dragondungeonrun_ingame_tile_water_top,
575,60901,6,False,,10121.0,10111.0,,,11432.0,10121.0,,11423.0,dragondungeonrun_ingame_tile_land_normal_solid_1,
576,60901,5,False,502.0,,,,11412.0,,,,,dragondungeonrun_ingame_tile_land_normal_solid_1,
577,60901,4,False,502.0,,11412.0,,,,,,,dragondungeonrun_ingame_tile_land_normal_solid_1,dragondungeonrun_ingame_tile_land_normal_solid_B
578,60901,3,False,,10411.0,10411.0,10411.0,10411.0,10411.0,10411.0,,10411.0,dragondungeonrun_ingame_tile_land_normal_solid_1,
579,60901,2,False,,,,,11412.0,,,202.0,,dragondungeonrun_ingame_tile_land_normal_rock_1,
580,60901,1,False,,10121.0,,11412.0,,10111.0,,,,dragondungeonrun_ingame_tile_land_normal_solid_1,
581,61001,10,False,,10121.0,,,,,10121.0,,,dragondungeonrun_ingame_tile_land_normal_solid_1,
582,61001,9,True,,,10611.0,10611.0,,10611.0,,,,dragondungeonrun_ingame_tile_water_top,
583,61001,8,False,,,,11432.0,,,10121.0,,10111.0,dragondungeonrun_ingame_tile_land_normal_solid_1,
584,61001,7,False,,10121.0,,11412.0,,10111.0,10121.0,,11012.0,dragondungeonrun_ingame_tile_land_normal_solid_1,dragondungeonrun_ingame_tile_land_normal_solid_B
585,61001,6,False,302.0,,11412.0,,,,,,,dragondungeonrun_ingame_tile_land_normal_rock_1,
586,61001,5,False,,,,,11423.0,,,202.0,,dragondungeonrun_ingame_tile_land_normal_rock_1,
587,61001,4,False,,,,11412.0,,,,502.0,,dragondungeonrun_ingame_tile_land_normal_solid_1,
588,61001,3,False,402.0,,,,,,,,11412.0,dragondungeonrun_ingame_tile_land_normal_crack_1,
589,61001,2,False,,10411.0,10411.0,10411.0,10411.0,10411.0,10411.0,,10411.0,dragondungeonrun_ingame_tile_land_normal_solid_1,
590,61001,1,False,,,,10111.0,11211.0,11412.0,10121.0,,,dragondungeonrun_ingame_tile_land_normal_solid_1,
591,60102,10,False,502.0,,,,,11412.0,,,,dragondungeonrun_ingame_tile_land_normal_solid_2,
592,60102,9,False,,10111.0,11432.0,11412.0,,,10121.0,,10121.0,dragondungeonrun_ingame_tile_land_normal_solid_2,
593,60102,8,False,,11412.0,,,,,,202.0,,dragondungeonrun_ingame_tile_land_normal_rock_2,
594,60102,7,False,,,,,11412.0,,,202.0,,dragondungeonrun_ingame_tile_land_normal_rock_2,
595,60102,6,False,402.0,,,,,11412.0,,,,dragondungeonrun_ingame_tile_land_normal_crack_2,
596,60102,5,False,,11423.0,,10111.0,11211.0,,,,11012.0,dragondungeonrun_ingame_tile_land_normal_solid_2,
597,60102,4,True,,,,,,,,102.0,,dragondungeonrun_ingame_tile_water_top,
598,60102,3,False,,10121.0,11412.0,,,10111.0,,,10111.0,dragondungeonrun_ingame_tile_land_normal_solid_2,
599,60102,2,False,,,,,,11412.0,,502.0,,dragondungeonrun_ingame_tile_land_normal_solid_2,
600,60102,1,False,,,10111.0,11412.0,,,,,10121.0,dragondungeonrun_ingame_tile_land_normal_solid_2,
601,60202,10,False,,,11412.0,10111.0,10121.0,,,,,dragondungeonrun_ingame_tile_land_normal_solid_2,
602,60202,9,False,402.0,,,,,11412.0,,,,dragondungeonrun_ingame_tile_land_normal_crack_2,
603,60202,8,False,,10411.0,10411.0,10411.0,10411.0,10411.0,10411.0,,10411.0,dragondungeonrun_ingame_tile_land_normal_solid_2,
604,60202,7,False,,,,,,11412.0,,502.0,,dragondungeonrun_ingame_tile_land_normal_solid_2,
605,60202,6,False,,,11211.0,10121.0,11012.0,,10111.0,,11412.0,dragondungeonrun_ingame_tile_land_normal_solid_2,
606,60202,5,False,302.0,11412.0,,,,,,,,dragondungeonrun_ingame_tile_land_normal_rock_2,dragondungeonrun_ingame_tile_land_normal_rock_B
607,60202,4,False,,,,,11412.0,,,202.0,,dragondungeonrun_ingame_tile_land_normal_rock_2,dragondungeonrun_ingame_tile_land_normal_rock_B
608,60202,3,False,,11423.0,,10111.0,,,10121.0,,11432.0,dragondungeonrun_ingame_tile_land_normal_solid_2,
609,60202,2,True,102.0,,,,,,,,,dragondungeonrun_ingame_tile_water_top,
610,60202,1,True,,,,,,,,102.0,,dragondungeonrun_ingame_tile_water_normal,
611,60302,10,False,,10111.0,11412.0,,,,10111.0,,10121.0,dragondungeonrun_ingame_tile_land_normal_solid_2,
612,60302,9,False,302.0,,,11412.0,,,,,,dragondungeonrun_ingame_tile_land_normal_rock_2,dragondungeonrun_ingame_tile_land_normal_rock_B
613,60302,8,False,,,,,11412.0,,,502.0,,dragondungeonrun_ingame_tile_land_normal_solid_2,
614,60302,7,False,,10411.0,10411.0,10411.0,10411.0,10411.0,10411.0,,10411.0,dragondungeonrun_ingame_tile_land_normal_solid_2,
615,60302,6,False,,,,,,,,402.0,11412.0,dragondungeonrun_ingame_tile_land_normal_crack_2,
616,60302,5,False,,10111.0,11423.0,,10111.0,11432.0,,,11012.0,dragondungeonrun_ingame_tile_land_normal_solid_2,
617,60302,4,False,,,,,,11211.0,10111.0,,11412.0,dragondungeonrun_ingame_tile_land_normal_solid_2,
618,60302,3,True,,,,10611.0,10611.0,,,,,dragondungeonrun_ingame_tile_water_top,
619,60302,2,False,,10111.0,,,,,,,11412.0,dragondungeonrun_ingame_tile_land_normal_solid_2,
620,60302,1,False,,11412.0,,10121.0,,,10111.0,,,dragondungeonrun_ingame_tile_land_normal_solid_2,
621,70101,10,False,503.0,,,,,11412.0,,,,dragondungeonrun_ingame_tile_land_normal_solid_1,
622,70101,9,False,,10111.0,,11011.0,,11431.0,,,10121.0,dragondungeonrun_ingame_tile_land_normal_solid_1,dragondungeonrun_ingame_tile_land_normal_solid_B
623,70101,8,False,,11412.0,,,,,,203.0,,dragondungeonrun_ingame_tile_land_normal_rock_1,
624,70101,7,False,,,11214.0,11423.0,,,,403.0,,dragondungeonrun_ingame_tile_land_normal_crack_1,
625,70101,6,False,403.0,11412.0,,,,,,,,dragondungeonrun_ingame_tile_land_normal_crack_1,
626,70101,5,False,,11431.0,10111.0,,10111.0,,,,11211.0,dragondungeonrun_ingame_tile_land_normal_solid_1,
627,70101,4,False,,10411.0,10411.0,10411.0,10411.0,10411.0,10411.0,,10411.0,dragondungeonrun_ingame_tile_land_normal_solid_1,
628,70101,3,True,103.0,,,,,,,,,dragondungeonrun_ingame_tile_water_top_fast,
629,70101,2,True,,,,,,,,103.0,,dragondungeonrun_ingame_tile_water_normal_fast,
630,70101,1,False,,,10121.0,11412.0,,,,,10121.0,dragondungeonrun_ingame_tile_land_normal_solid_1,
631,70201,10,False,,,,,,,,203.0,,dragondungeonrun_ingame_tile_land_normal_rock_1,
632,70201,9,False,,10121.0,11412.0,,10121.0,,,,10111.0,dragondungeonrun_ingame_tile_land_normal_solid_1,
633,70201,8,False,,,11214.0,11423.0,,,,403.0,,dragondungeonrun_ingame_tile_land_normal_crack_1,
634,70201,7,False,503.0,,,,,11412.0,,,,dragondungeonrun_ingame_tile_land_normal_solid_1,
635,70201,6,True,103.0,,,,,,,,,dragondungeonrun_ingame_tile_water_top_fast,
636,70201,5,True,,,,,,,,103.0,,dragondungeonrun_ingame_tile_water_normal_fast,
637,70201,4,False,,10111.0,,11431.0,10111.0,11214.0,,,11011.0,dragondungeonrun_ingame_tile_land_normal_solid_1,dragondungeonrun_ingame_tile_land_normal_solid_B
638,70201,3,False,,,,,11423.0,,,403.0,,dragondungeonrun_ingame_tile_land_normal_crack_1,
639,70201,2,False,303.0,,,,,,,,,dragondungeonrun_ingame_tile_land_normal_rock_1,
640,70201,1,False,,,,,,,,203.0,,dragondungeonrun_ingame_tile_land_normal_rock_1,
641,70301,10,False,,,11214.0,11423.0,,,,403.0,,dragondungeonrun_ingame_tile_land_normal_crack_1,
642,70301,9,True,,,,,,,,103.0,,dragondungeonrun_ingame_tile_water_top_fast,
643,70301,8,False,503.0,,,,,11412.0,,,,dragondungeonrun_ingame_tile_land_normal_solid_1,
644,70301,7,False,,11412.0,,,,,,203.0,,dragondungeonrun_ingame_tile_land_normal_rock_1,
645,70301,6,False,,11011.0,10111.0,11412.0,,,,,10121.0,dragondungeonrun_ingame_tile_land_normal_solid_1,
646,70301,5,False,,10411.0,10411.0,10411.0,10411.0,10411.0,10411.0,,10411.0,dragondungeonrun_ingame_tile_land_normal_solid_1,
647,70301,4,False,403.0,11423.0,,,,,,,,dragondungeonrun_ingame_tile_land_normal_crack_1,
648,70301,3,False,,10411.0,10411.0,10411.0,10411.0,10411.0,10411.0,,10411.0,dragondungeonrun_ingame_tile_land_normal_solid_1,
649,70301,2,True,,,,10611.0,,10611.0,,,,dragondungeonrun_ingame_tile_water_top_fast,
650,70301,1,False,,,10121.0,11211.0,11431.0,,,,,dragondungeonrun_ingame_tile_land_normal_solid_1,dragondungeonrun_ingame_tile_land_normal_solid_B
651,70401,10,False,,11412.0,,,,,,203.0,,dragondungeonrun_ingame_tile_land_normal_rock_1,
652,70401,9,False,,10411.0,10411.0,10411.0,10411.0,10411.0,10411.0,,10411.0,dragondungeonrun_ingame_tile_land_normal_solid_1,
653,70401,8,False,503.0,,,11214.0,,11412.0,,,,dragondungeonrun_ingame_tile_land_normal_solid_1,dragondungeonrun_ingame_tile_land_normal_solid_B
654,70401,7,False,,10411.0,10411.0,10411.0,10411.0,10411.0,10411.0,,10411.0,dragondungeonrun_ingame_tile_land_normal_solid_1,
655,70401,6,False,,10111.0,,,10121.0,,11431.0,,11011.0,dragondungeonrun_ingame_tile_land_normal_solid_1,
656,70401,5,True,103.0,,,,,,,,,dragondungeonrun_ingame_tile_water_top_fast,
657,70401,4,True,,,10611.0,,10611.0,,,,,dragondungeonrun_ingame_tile_water_normal_fast,
658,70401,3,True,,,,,,,,103.0,,dragondungeonrun_ingame_tile_water_normal_fast,
659,70401,2,False,,,,11423.0,11211.0,,,403.0,,dragondungeonrun_ingame_tile_land_normal_crack_1,
660,70401,1,False,403.0,11423.0,,,,,,,,dragondungeonrun_ingame_tile_land_normal_crack_1,
661,70501,10,False,,10411.0,10411.0,10411.0,10411.0,10411.0,10411.0,,10411.0,dragondungeonrun_ingame_tile_land_normal_solid_1,
662,70501,9,False,,11431.0,10111.0,,,11011.0,,,11214.0,dragondungeonrun_ingame_tile_land_normal_solid_1,
663,70501,8,False,,10411.0,10411.0,10411.0,10411.0,10411.0,10411.0,,10411.0,dragondungeonrun_ingame_tile_land_normal_solid_1,
664,70501,7,False,,11412.0,,,,,,203.0,,dragondungeonrun_ingame_tile_land_normal_rock_1,
665,70501,6,False,503.0,,,,,11412.0,,,,dragondungeonrun_ingame_tile_land_normal_solid_1,dragondungeonrun_ingame_tile_land_normal_solid_B
666,70501,5,False,,,11431.0,10121.0,,,10111.0,,,dragondungeonrun_ingame_tile_land_normal_solid_1,dragondungeonrun_ingame_tile_land_normal_solid_B
667,70501,4,False,,11412.0,,,,,,203.0,,dragondungeonrun_ingame_tile_land_normal_rock_1,
668,70501,3,False,403.0,11423.0,,,,,,,11211.0,dragondungeonrun_ingame_tile_land_normal_crack_1,
669,70501,2,True,103.0,,,,,,,,,dragondungeonrun_ingame_tile_water_top_fast,
670,70501,1,True,,,,,,,,103.0,,dragondungeonrun_ingame_tile_water_normal_fast,
671,70601,10,False,,,,10121.0,11011.0,,,,10111.0,dragondungeonrun_ingame_tile_land_normal_solid_1,
672,70601,9,False,,,,11412.0,,,,203.0,,dragondungeonrun_ingame_tile_land_normal_rock_1,
673,70601,8,False,503.0,,11214.0,,,11412.0,,,,dragondungeonrun_ingame_tile_land_normal_solid_1,
674,70601,7,True,,,,,,,,103.0,,dragondungeonrun_ingame_tile_water_top_fast,
675,70601,6,True,,,,10611.0,,,,,10611.0,dragondungeonrun_ingame_tile_water_normal_fast,
676,70601,5,False,503.0,,,,,11412.0,,,,dragondungeonrun_ingame_tile_land_normal_solid_1,
677,70601,4,False,,10411.0,10411.0,10411.0,10411.0,10411.0,10411.0,,10411.0,dragondungeonrun_ingame_tile_land_normal_solid_1,
678,70601,3,False,,,11431.0,10111.0,,,,,10121.0,dragondungeonrun_ingame_tile_land_normal_solid_1,
679,70601,2,False,403.0,11423.0,,,11211.0,,,,,dragondungeonrun_ingame_tile_land_normal_crack_1,
680,70601,1,False,,,,11412.0,,,,203.0,,dragondungeonrun_ingame_tile_land_normal_rock_1,
681,70701,10,False,,10411.0,10411.0,10411.0,10411.0,10411.0,10411.0,,10411.0,dragondungeonrun_ingame_tile_land_normal_solid_1,
682,70701,9,True,103.0,,,,,,,,,dragondungeonrun_ingame_tile_water_top_fast,
683,70701,8,True,,,,,,,,103.0,,dragondungeonrun_ingame_tile_water_normal_fast,
684,70701,7,False,403.0,11423.0,,,,,,,11214.0,dragondungeonrun_ingame_tile_land_normal_crack_1,
685,70701,6,False,503.0,,,,,11412.0,,,,dragondungeonrun_ingame_tile_land_normal_solid_1,dragondungeonrun_ingame_tile_land_normal_solid_B
686,70701,5,False,503.0,,,,,11412.0,,,,dragondungeonrun_ingame_tile_land_normal_solid_1,
687,70701,4,False,,11412.0,,,,,,203.0,,dragondungeonrun_ingame_tile_land_normal_rock_1,
688,70701,3,False,,10111.0,,11431.0,,,,,11011.0,dragondungeonrun_ingame_tile_land_normal_solid_1,dragondungeonrun_ingame_tile_land_normal_solid_B
689,70701,2,True,,,10611.0,,10611.0,,,,,dragondungeonrun_ingame_tile_water_top_fast,
690,70701,1,False,,10411.0,10411.0,10411.0,10411.0,10411.0,10411.0,,10411.0,dragondungeonrun_ingame_tile_land_normal_solid_1,
691,70801,10,True,,,,,,,,103.0,,dragondungeonrun_ingame_tile_water_top_fast,
692,70801,9,False,403.0,,,,,11423.0,,,,dragondungeonrun_ingame_tile_land_normal_crack_1,
693,70801,8,False,203.0,,,11412.0,11214.0,,,,,dragondungeonrun_ingame_tile_land_normal_rock_1,
694,70801,7,False,,11412.0,,,,,,203.0,,dragondungeonrun_ingame_tile_land_normal_rock_1,
695,70801,6,False,,,,,,,,503.0,11412.0,dragondungeonrun_ingame_tile_land_normal_solid_1,
696,70801,5,False,,10411.0,10411.0,10411.0,10411.0,10411.0,10411.0,,10411.0,dragondungeonrun_ingame_tile_land_normal_solid_1,
697,70801,4,False,,11011.0,10121.0,11412.0,,,11431.0,,10111.0,dragondungeonrun_ingame_tile_land_normal_solid_1,dragondungeonrun_ingame_tile_land_normal_solid_B
698,70801,3,False,403.0,11423.0,,11211.0,,,,,,dragondungeonrun_ingame_tile_land_normal_crack_1,
699,70801,2,False,503.0,,,,,11412.0,,,,dragondungeonrun_ingame_tile_land_normal_solid_1,
700,70801,1,False,,11412.0,,,,,,203.0,,dragondungeonrun_ingame_tile_land_normal_rock_1,
701,70901,10,False,,10411.0,10411.0,10411.0,10411.0,10411.0,10411.0,,10411.0,dragondungeonrun_ingame_tile_land_normal_solid_1,
702,70901,9,False,,11412.0,,,,,,203.0,11214.0,dragondungeonrun_ingame_tile_land_normal_rock_1,
703,70901,8,False,503.0,,,,,,,,11412.0,dragondungeonrun_ingame_tile_land_normal_solid_1,
704,70901,7,False,,10411.0,10411.0,10411.0,10411.0,10411.0,10411.0,,10411.0,dragondungeonrun_ingame_tile_land_normal_solid_1,
705,70901,6,False,403.0,,,,,11423.0,,,,dragondungeonrun_ingame_tile_land_normal_crack_1,
706,70901,5,False,,10111.0,11011.0,,11431.0,11211.0,,,,dragondungeonrun_ingame_tile_land_normal_solid_1,
707,70901,4,True,,,,,,,,103.0,,dragondungeonrun_ingame_tile_water_top_fast,
708,70901,3,True,103.0,,,,,,,,,dragondungeonrun_ingame_tile_water_normal_fast,
709,70901,2,True,,,,,,,,103.0,,dragondungeonrun_ingame_tile_water_normal_fast,
710,70901,1,False,,11412.0,,,,,,203.0,,dragondungeonrun_ingame_tile_land_normal_rock_1,
711,71001,10,False,,,,,,,,403.0,11412.0,dragondungeonrun_ingame_tile_land_normal_crack_1,
712,71001,9,True,,,,,,,,103.0,,dragondungeonrun_ingame_tile_water_top_fast,
713,71001,8,False,403.0,,,,,11423.0,,,,dragondungeonrun_ingame_tile_land_normal_crack_1,
714,71001,7,False,,10411.0,10411.0,10411.0,10411.0,10411.0,10411.0,,10411.0,dragondungeonrun_ingame_tile_land_normal_solid_1,
715,71001,6,False,,,11431.0,,10121.0,11011.0,,,,dragondungeonrun_ingame_tile_land_normal_solid_1,dragondungeonrun_ingame_tile_land_normal_solid_B
716,71001,5,False,203.0,,,,11412.0,,,,11214.0,dragondungeonrun_ingame_tile_land_normal_rock_1,
717,71001,4,False,203.0,,,11211.0,,,,,11412.0,dragondungeonrun_ingame_tile_land_normal_rock_1,
718,71001,3,False,,,,,,,,503.0,11412.0,dragondungeonrun_ingame_tile_land_normal_solid_1,
719,71001,2,False,303.0,,,,11412.0,,,,,dragondungeonrun_ingame_tile_land_normal_rock_1,
720,71001,1,False,,,,11412.0,,,,203.0,,dragondungeonrun_ingame_tile_land_normal_rock_1,
721,70102,10,False,503.0,,,,,11412.0,,,,dragondungeonrun_ingame_tile_land_normal_solid_2,
722,70102,9,False,,10111.0,,11011.0,,11431.0,,,10121.0,dragondungeonrun_ingame_tile_land_normal_solid_2,
723,70102,8,False,,11412.0,,,,,,203.0,,dragondungeonrun_ingame_tile_land_normal_rock_2,dragondungeonrun_ingame_tile_land_normal_rock_B
724,70102,7,False,,,11214.0,11423.0,,,,403.0,,dragondungeonrun_ingame_tile_land_normal_crack_2,
725,70102,6,False,403.0,11412.0,,,,,,,,dragondungeonrun_ingame_tile_land_normal_crack_2,
726,70102,5,False,,11431.0,10111.0,,10111.0,,,,11211.0,dragondungeonrun_ingame_tile_land_normal_solid_2,
727,70102,4,False,,10411.0,10411.0,10411.0,10411.0,10411.0,10411.0,,10411.0,dragondungeonrun_ingame_tile_land_normal_solid_2,
728,70102,3,True,103.0,,,,,,,,,dragondungeonrun_ingame_tile_water_top_fast,
729,70102,2,True,,,,,,,,103.0,,dragondungeonrun_ingame_tile_water_normal_fast,
730,70102,1,False,,,10121.0,11412.0,,,,,10121.0,dragondungeonrun_ingame_tile_land_normal_solid_2,
731,70202,10,False,,,,,,,,203.0,,dragondungeonrun_ingame_tile_land_normal_rock_2,
732,70202,9,False,,10121.0,11412.0,,10121.0,,,,10111.0,dragondungeonrun_ingame_tile_land_normal_solid_2,
733,70202,8,False,,,11214.0,11423.0,,,,403.0,,dragondungeonrun_ingame_tile_land_normal_crack_2,
734,70202,7,False,503.0,,,,,11412.0,,,,dragondungeonrun_ingame_tile_land_normal_solid_2,
735,70202,6,True,103.0,,,,,,,,,dragondungeonrun_ingame_tile_water_top_fast,
736,70202,5,True,,,,,,,,103.0,,dragondungeonrun_ingame_tile_water_normal_fast,
737,70202,4,False,,10111.0,,11431.0,10111.0,11214.0,,,11011.0,dragondungeonrun_ingame_tile_land_normal_solid_2,
738,70202,3,False,,,,,11423.0,,,403.0,,dragondungeonrun_ingame_tile_land_normal_crack_2,
739,70202,2,False,303.0,,,,,,,,,dragondungeonrun_ingame_tile_land_normal_rock_2,
740,70202,1,False,,,,,,,,203.0,,dragondungeonrun_ingame_tile_land_normal_rock_2,dragondungeonrun_ingame_tile_land_normal_rock_B
741,70302,10,False,,,11214.0,11423.0,,,,403.0,,dragondungeonrun_ingame_tile_land_normal_crack_2,
742,70302,9,True,,,,,,,,103.0,,dragondungeonrun_ingame_tile_water_top_fast,
743,70302,8,False,503.0,,,,,11412.0,,,,dragondungeonrun_ingame_tile_land_normal_solid_2,
744,70302,7,False,,11412.0,,,,,,203.0,,dragondungeonrun_ingame_tile_land_normal_rock_2,
745,70302,6,False,,11011.0,10111.0,11412.0,,,,,10121.0,dragondungeonrun_ingame_tile_land_normal_solid_2,
746,70302,5,False,,10411.0,10411.0,10411.0,10411.0,10411.0,10411.0,,10411.0,dragondungeonrun_ingame_tile_land_normal_solid_2,
747,70302,4,False,403.0,11423.0,,,,,,,,dragondungeonrun_ingame_tile_land_normal_crack_2,
748,70302,3,False,,10411.0,10411.0,10411.0,10411.0,10411.0,10411.0,,10411.0,dragondungeonrun_ingame_tile_land_normal_solid_2,
749,70302,2,True,,,,10611.0,,10611.0,,,,dragondungeonrun_ingame_tile_water_top_fast,
750,70302,1,False,,,10121.0,11211.0,11431.0,,,,,dragondungeonrun_ingame_tile_land_normal_solid_2,
751,70402,10,False,,11412.0,,,,,,203.0,,dragondungeonrun_ingame_tile_land_normal_rock_2,
752,70402,9,False,,10411.0,10411.0,10411.0,10411.0,10411.0,10411.0,,10411.0,dragondungeonrun_ingame_tile_land_normal_solid_2,
753,70402,8,False,503.0,,,11214.0,,11412.0,,,,dragondungeonrun_ingame_tile_land_normal_solid_2,
754,70402,7,False,,10411.0,10411.0,10411.0,10411.0,10411.0,10411.0,,10411.0,dragondungeonrun_ingame_tile_land_normal_solid_2,
755,70402,6,False,,10111.0,,,10121.0,,11431.0,,11011.0,dragondungeonrun_ingame_tile_land_normal_solid_2,
756,70402,5,True,103.0,,,,,,,,,dragondungeonrun_ingame_tile_water_top_fast,
757,70402,4,True,,,10611.0,,10611.0,,,,,dragondungeonrun_ingame_tile_water_normal_fast,
758,70402,3,True,,,,,,,,103.0,,dragondungeonrun_ingame_tile_water_normal_fast,
759,70402,2,False,,,,11423.0,11211.0,,,403.0,,dragondungeonrun_ingame_tile_land_normal_crack_2,
760,70402,1,False,403.0,11423.0,,,,,,,,dragondungeonrun_ingame_tile_land_normal_crack_2,
761,70502,10,False,,10411.0,10411.0,10411.0,10411.0,10411.0,10411.0,,10411.0,dragondungeonrun_ingame_tile_land_normal_solid_2,
762,70502,9,False,,11431.0,10111.0,,,11011.0,,,11214.0,dragondungeonrun_ingame_tile_land_normal_solid_2,
763,70502,8,False,,10411.0,10411.0,10411.0,10411.0,10411.0,10411.0,,10411.0,dragondungeonrun_ingame_tile_land_normal_solid_2,
764,70502,7,False,,11412.0,,,,,,203.0,,dragondungeonrun_ingame_tile_land_normal_rock_2,
765,70502,6,False,503.0,,,,,11412.0,,,,dragondungeonrun_ingame_tile_land_normal_solid_2,
766,70502,5,False,,,11431.0,10121.0,,,10111.0,,,dragondungeonrun_ingame_tile_land_normal_solid_2,
767,70502,4,False,,11412.0,,,,,,203.0,,dragondungeonrun_ingame_tile_land_normal_rock_2,dragondungeonrun_ingame_tile_land_normal_rock_B
768,70502,3,False,403.0,11423.0,,,,,,,11211.0,dragondungeonrun_ingame_tile_land_normal_crack_2,
769,70502,2,True,103.0,,,,,,,,,dragondungeonrun_ingame_tile_water_top_fast,
770,70502,1,True,,,,,,,,103.0,,dragondungeonrun_ingame_tile_water_normal_fast,
771,70602,10,False,,,,10121.0,11011.0,,,,10111.0,dragondungeonrun_ingame_tile_land_normal_solid_2,
772,70602,9,False,,,,11412.0,,,,203.0,,dragondungeonrun_ingame_tile_land_normal_rock_2,dragondungeonrun_ingame_tile_land_normal_rock_B
773,70602,8,False,503.0,,11214.0,,,11412.0,,,,dragondungeonrun_ingame_tile_land_normal_solid_2,
774,70602,7,True,,,,,,,,103.0,,dragondungeonrun_ingame_tile_water_top_fast,
775,70602,6,True,,,,10611.0,,,,,10611.0,dragondungeonrun_ingame_tile_water_normal_fast,
776,70602,5,False,503.0,,,,,11412.0,,,,dragondungeonrun_ingame_tile_land_normal_solid_2,
777,70602,4,False,,10411.0,10411.0,10411.0,10411.0,10411.0,10411.0,,10411.0,dragondungeonrun_ingame_tile_land_normal_solid_2,
778,70602,3,False,,,11431.0,10111.0,,,,,10121.0,dragondungeonrun_ingame_tile_land_normal_solid_2,
779,70602,2,False,403.0,11423.0,,,11211.0,,,,,dragondungeonrun_ingame_tile_land_normal_crack_2,
780,70602,1,False,,,,11412.0,,,,203.0,,dragondungeonrun_ingame_tile_land_normal_rock_2,
781,70702,10,False,,10411.0,10411.0,10411.0,10411.0,10411.0,10411.0,,10411.0,dragondungeonrun_ingame_tile_land_normal_solid_2,
782,70702,9,True,103.0,,,,,,,,,dragondungeonrun_ingame_tile_water_top_fast,
783,70702,8,True,,,,,,,,103.0,,dragondungeonrun_ingame_tile_water_normal_fast,
784,70702,7,False,403.0,11423.0,,,,,,,11214.0,dragondungeonrun_ingame_tile_land_normal_crack_2,
785,70702,6,False,503.0,,,,,11412.0,,,,dragondungeonrun_ingame_tile_land_normal_solid_2,
786,70702,5,False,503.0,,,,,11412.0,,,,dragondungeonrun_ingame_tile_land_normal_solid_2,
787,70702,4,False,,11412.0,,,,,,203.0,,dragondungeonrun_ingame_tile_land_normal_rock_2,
788,70702,3,False,,10111.0,,11431.0,,,,,11011.0,dragondungeonrun_ingame_tile_land_normal_solid_2,
789,70702,2,True,,,10611.0,,10611.0,,,,,dragondungeonrun_ingame_tile_water_top_fast,
790,70702,1,False,,10411.0,10411.0,10411.0,10411.0,10411.0,10411.0,,10411.0,dragondungeonrun_ingame_tile_land_normal_solid_2,
791,70802,10,True,,,,,,,,103.0,,dragondungeonrun_ingame_tile_water_top_fast,
792,70802,9,False,403.0,,,,,11423.0,,,,dragondungeonrun_ingame_tile_land_normal_crack_2,
793,70802,8,False,203.0,,,11412.0,11214.0,,,,,dragondungeonrun_ingame_tile_land_normal_rock_2,dragondungeonrun_ingame_tile_land_normal_rock_B
794,70802,7,False,,11412.0,,,,,,203.0,,dragondungeonrun_ingame_tile_land_normal_rock_2,dragondungeonrun_ingame_tile_land_normal_rock_B
795,70802,6,False,,,,,,,,503.0,11412.0,dragondungeonrun_ingame_tile_land_normal_solid_2,
796,70802,5,False,,10411.0,10411.0,10411.0,10411.0,10411.0,10411.0,,10411.0,dragondungeonrun_ingame_tile_land_normal_solid_2,
797,70802,4,False,,11011.0,10121.0,11412.0,,,11431.0,,10111.0,dragondungeonrun_ingame_tile_land_normal_solid_2,
798,70802,3,False,403.0,11423.0,,11211.0,,,,,,dragondungeonrun_ingame_tile_land_normal_crack_2,
799,70802,2,False,503.0,,,,,11412.0,,,,dragondungeonrun_ingame_tile_land_normal_solid_2,
800,70802,1,False,,11412.0,,,,,,203.0,,dragondungeonrun_ingame_tile_land_normal_rock_2,
801,70902,10,False,,10411.0,10411.0,10411.0,10411.0,10411.0,10411.0,,10411.0,dragondungeonrun_ingame_tile_land_normal_solid_2,
802,70902,9,False,,11412.0,,,,,,203.0,11214.0,dragondungeonrun_ingame_tile_land_normal_rock_2,dragondungeonrun_ingame_tile_land_normal_rock_B
803,70902,8,False,503.0,,,,,,,,11412.0,dragondungeonrun_ingame_tile_land_normal_solid_2,
804,70902,7,False,,10411.0,10411.0,10411.0,10411.0,10411.0,10411.0,,10411.0,dragondungeonrun_ingame_tile_land_normal_solid_2,
805,70902,6,False,403.0,,,,,11423.0,,,,dragondungeonrun_ingame_tile_land_normal_crack_2,
806,70902,5,False,,10111.0,11011.0,,11431.0,11211.0,,,,dragondungeonrun_ingame_tile_land_normal_solid_2,
807,70902,4,True,,,,,,,,103.0,,dragondungeonrun_ingame_tile_water_top_fast,
808,70902,3,True,103.0,,,,,,,,,dragondungeonrun_ingame_tile_water_normal_fast,
809,70902,2,True,,,,,,,,103.0,,dragondungeonrun_ingame_tile_water_normal_fast,
810,70902,1,False,,11412.0,,,,,,203.0,,dragondungeonrun_ingame_tile_land_normal_rock_2,
811,71002,10,False,,,,,,,,403.0,11412.0,dragondungeonrun_ingame_tile_land_normal_crack_2,
812,71002,9,True,,,,,,,,103.0,,dragondungeonrun_ingame_tile_water_top_fast,
813,71002,8,False,403.0,,,,,11423.0,,,,dragondungeonrun_ingame_tile_land_normal_crack_2,
814,71002,7,False,,10411.0,10411.0,10411.0,10411.0,10411.0,10411.0,,10411.0,dragondungeonrun_ingame_tile_land_normal_solid_2,
815,71002,6,False,,,11431.0,,10121.0,11011.0,,,,dragondungeonrun_ingame_tile_land_normal_solid_2,
816,71002,5,False,203.0,,,,11412.0,,,,11214.0,dragondungeonrun_ingame_tile_land_normal_rock_2,dragondungeonrun_ingame_tile_land_normal_rock_B
817,71002,4,False,203.0,,,11211.0,,,,,11412.0,dragondungeonrun_ingame_tile_land_normal_rock_2,
818,71002,3,False,,,,,,,,503.0,11412.0,dragondungeonrun_ingame_tile_land_normal_solid_2,
819,71002,2,False,303.0,,,,11412.0,,,,,dragondungeonrun_ingame_tile_land_normal_rock_2,
820,71002,1,False,,,,11412.0,,,,203.0,,dragondungeonrun_ingame_tile_land_normal_rock_2,dragondungeonrun_ingame_tile_land_normal_rock_B
821,80101,10,False,504.0,,,,,11423.0,,,,dragondungeonrun_ingame_tile_land_normal_solid_2,
822,80101,9,False,,11412.0,,11214.0,,,,204.0,,dragondungeonrun_ingame_tile_land_normal_rock_2,
823,80101,8,False,,10411.0,10411.0,10411.0,10411.0,10411.0,10411.0,,10411.0,dragondungeonrun_ingame_tile_land_normal_solid_2,
824,80101,7,False,,11431.0,10111.0,,10121.0,11011.0,,,11214.0,dragondungeonrun_ingame_tile_land_normal_solid_2,
825,80101,6,True,104.0,,,,,,,,,dragondungeonrun_ingame_tile_water_top_fast,
826,80101,5,True,,,,,,,,104.0,,dragondungeonrun_ingame_tile_water_normal_fast,
827,80101,4,False,,10411.0,10411.0,10411.0,10411.0,10411.0,10411.0,,10411.0,dragondungeonrun_ingame_tile_land_normal_solid_2,
828,80101,3,False,404.0,11423.0,,,,,,,11211.0,dragondungeonrun_ingame_tile_land_normal_crack_2,
829,80101,2,False,,10411.0,10411.0,10411.0,10411.0,10411.0,10411.0,,10411.0,dragondungeonrun_ingame_tile_land_normal_solid_2,
830,80101,1,False,,,10121.0,11412.0,10111.0,,,,11011.0,dragondungeonrun_ingame_tile_land_normal_solid_2,
831,80201,10,False,,,11412.0,,,,,504.0,,dragondungeonrun_ingame_tile_land_normal_solid_2,
832,80201,9,False,504.0,,,,11412.0,,,,11214.0,dragondungeonrun_ingame_tile_land_normal_solid_2,
833,80201,8,False,404.0,,,11412.0,,,,,,dragondungeonrun_ingame_tile_land_normal_crack_2,
834,80201,7,False,,10411.0,10411.0,10411.0,10411.0,10411.0,10411.0,,10411.0,dragondungeonrun_ingame_tile_land_normal_solid_2,
835,80201,6,True,104.0,,,,,,,,,dragondungeonrun_ingame_tile_water_top_fast,
836,80201,5,True,,,,,,,,104.0,,dragondungeonrun_ingame_tile_water_normal_fast,
837,80201,4,False,,,,,,11211.0,,204.0,11423.0,dragondungeonrun_ingame_tile_land_normal_rock_2,dragondungeonrun_ingame_tile_land_normal_rock_B
838,80201,3,False,,,,11214.0,11412.0,,,204.0,,dragondungeonrun_ingame_tile_land_normal_rock_2,dragondungeonrun_ingame_tile_land_normal_rock_B
839,80201,2,False,,11431.0,10111.0,,,10121.0,11011.0,,,dragondungeonrun_ingame_tile_land_normal_solid_2,
840,80201,1,False,404.0,11423.0,,,,,,,,dragondungeonrun_ingame_tile_land_normal_crack_2,
841,80301,10,False,,10411.0,10411.0,10411.0,10411.0,10411.0,10411.0,,10411.0,dragondungeonrun_ingame_tile_land_normal_solid_2,
842,80301,9,False,,,10111.0,,,10121.0,,,11011.0,dragondungeonrun_ingame_tile_land_normal_solid_2,
843,80301,8,False,404.0,,11412.0,,11211.0,,,,,dragondungeonrun_ingame_tile_land_normal_crack_2,
844,80301,7,False,,,,,,,,404.0,11412.0,dragondungeonrun_ingame_tile_land_normal_crack_2,
845,80301,6,False,404.0,,,11412.0,,,,,,dragondungeonrun_ingame_tile_land_normal_crack_2,
846,80301,5,False,,11431.0,10121.0,,10111.0,11011.0,,,11214.0,dragondungeonrun_ingame_tile_land_normal_solid_2,
847,80301,4,False,504.0,,,,,11423.0,,,,dragondungeonrun_ingame_tile_land_normal_solid_2,
848,80301,3,False,,,,11412.0,,,,204.0,,dragondungeonrun_ingame_tile_land_normal_rock_2,dragondungeonrun_ingame_tile_land_normal_rock_B
849,80301,2,False,,,,,11423.0,,,204.0,,dragondungeonrun_ingame_tile_land_normal_rock_2,
850,80301,1,False,,,11412.0,11214.0,,,,204.0,,dragondungeonrun_ingame_tile_land_normal_rock_2,
851,80401,10,False,,11011.0,10121.0,,,10111.0,,,,dragondungeonrun_ingame_tile_land_normal_solid_2,
852,80401,9,False,,,,,,,,404.0,11412.0,dragondungeonrun_ingame_tile_land_normal_crack_2,
853,80401,8,False,,10411.0,10411.0,10411.0,10411.0,10411.0,10411.0,,10411.0,dragondungeonrun_ingame_tile_land_normal_solid_2,
854,80401,7,False,,10411.0,10411.0,10411.0,10411.0,10411.0,10411.0,,10411.0,dragondungeonrun_ingame_tile_land_normal_solid_2,
855,80401,6,False,,11431.0,10111.0,10121.0,,,,,11011.0,dragondungeonrun_ingame_tile_land_normal_solid_2,
856,80401,5,False,,,,,,,,404.0,11412.0,dragondungeonrun_ingame_tile_land_normal_crack_2,
857,80401,4,False,504.0,,,,,11423.0,,,11211.0,dragondungeonrun_ingame_tile_land_normal_solid_2,
858,80401,3,True,104.0,,,,,,,,,dragondungeonrun_ingame_tile_water_top_fast,
859,80401,2,True,,,10611.0,,10611.0,,,,,dragondungeonrun_ingame_tile_water_normal,
860,80401,1,True,,,,,,,,104.0,,dragondungeonrun_ingame_tile_water_normal_fast,
861,80501,10,False,,10411.0,10411.0,10411.0,10411.0,10411.0,10411.0,,10411.0,dragondungeonrun_ingame_tile_land_normal_solid_2,
862,80501,9,True,104.0,,,,,,,,,dragondungeonrun_ingame_tile_water_top_fast,
863,80501,8,True,,,,,,,,104.0,,dragondungeonrun_ingame_tile_water_normal_fast,
864,80501,7,False,,,,11412.0,11211.0,,,204.0,,dragondungeonrun_ingame_tile_land_normal_rock_2,dragondungeonrun_ingame_tile_land_normal_rock_B
865,80501,6,False,404.0,,,11412.0,,,,,,dragondungeonrun_ingame_tile_land_normal_crack_2,
866,80501,5,False,504.0,,,,,11423.0,,,,dragondungeonrun_ingame_tile_land_normal_solid_2,
867,80501,4,False,,10411.0,10411.0,10411.0,10411.0,10411.0,10411.0,,10411.0,dragondungeonrun_ingame_tile_land_normal_solid_2,
868,80501,3,False,404.0,,,11412.0,,,,,11214.0,dragondungeonrun_ingame_tile_land_normal_crack_2,
869,80501,2,False,,,11423.0,11214.0,,,,204.0,,dragondungeonrun_ingame_tile_land_normal_rock_2,
870,80501,1,False,,,10111.0,,11011.0,10121.0,,,11431.0,dragondungeonrun_ingame_tile_land_normal_solid_2,
871,80601,10,False,,10121.0,,,11431.0,,,,11011.0,dragondungeonrun_ingame_tile_land_normal_solid_2,
872,80601,9,False,,10411.0,10411.0,10411.0,10411.0,10411.0,10411.0,,10411.0,dragondungeonrun_ingame_tile_land_normal_solid_2,
873,80601,8,True,,,,,,,,104.0,,dragondungeonrun_ingame_tile_water_top_fast,
874,80601,7,True,104.0,,,,,,,,,dragondungeonrun_ingame_tile_water_normal_fast,
875,80601,6,True,,,,,,,,102.0,,dragondungeonrun_ingame_tile_water_normal_fast,
876,80601,5,False,,10411.0,10411.0,10411.0,10411.0,10411.0,10411.0,,10411.0,dragondungeonrun_ingame_tile_land_normal_solid_2,
877,80601,4,False,,,11423.0,,,,,204.0,11214.0,dragondungeonrun_ingame_tile_land_normal_rock_2,
878,80601,3,False,404.0,,,11412.0,11211.0,,,,,dragondungeonrun_ingame_tile_land_normal_crack_2,
879,80601,2,False,504.0,,,,,11423.0,,,,dragondungeonrun_ingame_tile_land_normal_solid_2,
880,80601,1,False,,,,11412.0,,,,504.0,,dragondungeonrun_ingame_tile_land_normal_solid_2,
881,80701,10,False,,,,11412.0,11214.0,,,204.0,,dragondungeonrun_ingame_tile_land_normal_rock_2,
882,80701,9,False,,10411.0,10411.0,10411.0,10411.0,10411.0,10411.0,,10411.0,dragondungeonrun_ingame_tile_land_normal_solid_2,
883,80701,8,True,,,,,,,,104.0,,dragondungeonrun_ingame_tile_water_top_fast,
884,80701,7,False,,,11431.0,10111.0,11011.0,10111.0,,,11211.0,dragondungeonrun_ingame_tile_land_normal_solid_2,
885,80701,6,False,,10411.0,10411.0,10411.0,10411.0,10411.0,10411.0,,10411.0,dragondungeonrun_ingame_tile_land_normal_solid_2,
886,80701,5,True,,,,,,,,104.0,,dragondungeonrun_ingame_tile_water_top_fast,
887,80701,4,False,404.0,,,11423.0,11214.0,,,,,dragondungeonrun_ingame_tile_land_normal_crack_2,
888,80701,3,False,,10411.0,10411.0,10411.0,10411.0,10411.0,10411.0,,10411.0,dragondungeonrun_ingame_tile_land_normal_solid_2,
889,80701,2,True,,,,,,,,104.0,,dragondungeonrun_ingame_tile_water_top_fast,
890,80701,1,False,504.0,,,,,11423.0,,,,dragondungeonrun_ingame_tile_land_normal_solid_2,
891,80801,10,False,404.0,,,,,,,,11412.0,dragondungeonrun_ingame_tile_land_normal_crack_2,
892,80801,9,False,,,,11423.0,11211.0,,,204.0,,dragondungeonrun_ingame_tile_land_normal_rock_2,dragondungeonrun_ingame_tile_land_normal_rock_B
893,80801,8,False,,,11011.0,10111.0,11431.0,10111.0,,,,dragondungeonrun_ingame_tile_land_normal_solid_2,
894,80801,7,True,104.0,,,,,,,,,dragondungeonrun_ingame_tile_water_top_fast,
895,80801,6,True,,,,,,,,104.0,,dragondungeonrun_ingame_tile_water_normal_fast,
896,80801,5,False,,10411.0,10411.0,10411.0,10411.0,10411.0,10411.0,,10411.0,dragondungeonrun_ingame_tile_land_normal_solid_2,
897,80801,4,False,404.0,,,11412.0,11214.0,,,,,dragondungeonrun_ingame_tile_land_normal_crack_2,
898,80801,3,False,,,,,,,,504.0,11412.0,dragondungeonrun_ingame_tile_land_normal_solid_2,
899,80801,2,False,504.0,,,11412.0,,,,,11214.0,dragondungeonrun_ingame_tile_land_normal_solid_2,
900,80801,1,False,504.0,,,,11423.0,,,,,dragondungeonrun_ingame_tile_land_normal_solid_2,
901,80901,10,False,,,,,11412.0,,,204.0,,dragondungeonrun_ingame_tile_land_normal_rock_2,
902,80901,9,False,,,,,,,,204.0,11412.0,dragondungeonrun_ingame_tile_land_normal_rock_2,dragondungeonrun_ingame_tile_land_normal_rock_B
903,80901,8,False,,,,,11011.0,,11431.0,,11214.0,dragondungeonrun_ingame_tile_land_normal_solid_2,
904,80901,7,False,504.0,,,11211.0,,,,,11423.0,dragondungeonrun_ingame_tile_land_normal_solid_2,
905,80901,6,False,,10411.0,10411.0,10411.0,10411.0,10411.0,10411.0,,10411.0,dragondungeonrun_ingame_tile_land_normal_solid_2,
906,80901,5,True,105.0,,,,,,,,,dragondungeonrun_ingame_tile_water_top_fast,
907,80901,4,True,,,,,,,,104.0,,dragondungeonrun_ingame_tile_water_normal_fast,
908,80901,3,False,404.0,,,,11214.0,11412.0,,,,dragondungeonrun_ingame_tile_land_normal_crack_2,
909,80901,2,False,,10411.0,10411.0,10411.0,10411.0,10411.0,10411.0,,10411.0,dragondungeonrun_ingame_tile_land_normal_solid_2,
910,80901,1,False,404.0,,,11423.0,,,,,11211.0,dragondungeonrun_ingame_tile_land_normal_crack_2,
911,81001,10,False,,,,11214.0,,,,404.0,,dragondungeonrun_ingame_tile_land_normal_crack_2,
912,81001,9,False,,10411.0,10411.0,10411.0,10411.0,10411.0,10411.0,,10411.0,dragondungeonrun_ingame_tile_land_normal_solid_2,
913,81001,8,False,,,10121.0,,,11011.0,11431.0,,10121.0,dragondungeonrun_ingame_tile_land_normal_solid_2,
914,81001,7,False,,10411.0,10411.0,10411.0,10411.0,10411.0,10411.0,,10411.0,dragondungeonrun_ingame_tile_land_normal_solid_2,
915,81001,6,False,404.0,,,,11214.0,11423.0,,,,dragondungeonrun_ingame_tile_land_normal_crack_2,
916,81001,5,True,104.0,,,,,,,,,dragondungeonrun_ingame_tile_water_top_fast,
917,81001,4,True,,,,,,,,104.0,,dragondungeonrun_ingame_tile_water_normal_fast,
918,81001,3,False,504.0,,11214.0,,11423.0,,,,11211.0,dragondungeonrun_ingame_tile_land_normal_solid_2,
919,81001,2,False,,,,,,,,204.0,11412.0,dragondungeonrun_ingame_tile_land_normal_rock_2,
920,81001,1,False,,,10121.0,,11011.0,,11431.0,,10111.0,dragondungeonrun_ingame_tile_land_normal_solid_2,
921,80102,10,False,504.0,,,,,11423.0,,,,dragondungeonrun_ingame_tile_land_normal_solid_2_with_frost,
922,80102,9,False,,11412.0,,11214.0,,,,204.0,,dragondungeonrun_ingame_tile_land_normal_rock_2_with_frost,
923,80102,8,False,,10411.0,10411.0,10411.0,10411.0,10411.0,10411.0,,10411.0,dragondungeonrun_ingame_tile_land_normal_solid_2_with_frost,
924,80102,7,False,,11431.0,10131.0,,10122.0,11011.0,,,11214.0,dragondungeonrun_ingame_tile_land_normal_solid_2_with_frost,
925,80102,6,True,104.0,,,,,,,,,dragondungeonrun_ingame_tile_water_top_fast,
926,80102,5,True,,,,,,,,104.0,,dragondungeonrun_ingame_tile_water_normal_fast,
927,80102,4,False,,10411.0,10411.0,10411.0,10411.0,10411.0,10411.0,,10411.0,dragondungeonrun_ingame_tile_land_normal_solid_2_with_frost,
928,80102,3,False,404.0,11423.0,,,,,,,11211.0,dragondungeonrun_ingame_tile_land_normal_crack_2_with_frost,
929,80102,2,False,,10411.0,10411.0,10411.0,10411.0,10411.0,10411.0,,10411.0,dragondungeonrun_ingame_tile_land_normal_solid_2_with_frost,
930,80102,1,False,,,10122.0,11412.0,10131.0,,,,11011.0,dragondungeonrun_ingame_tile_land_normal_solid_2_with_frost,
931,80202,10,False,,,11412.0,,,,,507.0,,dragondungeonrun_ingame_tile_land_normal_solid_2_with_frost,
932,80202,9,False,507.0,,,,11412.0,,,,11214.0,dragondungeonrun_ingame_tile_land_normal_solid_2_with_frost,
933,80202,8,False,404.0,,,11412.0,,,,,,dragondungeonrun_ingame_tile_land_normal_crack_2_with_frost,
934,80202,7,False,,10411.0,10411.0,10411.0,10411.0,10411.0,10411.0,,10411.0,dragondungeonrun_ingame_tile_land_normal_solid_2_with_frost,
935,80202,6,True,104.0,,,,,,,,,dragondungeonrun_ingame_tile_water_top_fast,
936,80202,5,True,,,,,,,,104.0,,dragondungeonrun_ingame_tile_water_normal_fast,
937,80202,4,False,,,,,,11211.0,,307.0,11423.0,dragondungeonrun_ingame_tile_land_normal_rock_2_with_frost,
938,80202,3,False,,,,11214.0,11412.0,,,204.0,,dragondungeonrun_ingame_tile_land_normal_rock_2_with_frost,
939,80202,2,False,,11431.0,10141.0,,,10122.0,11011.0,,,dragondungeonrun_ingame_tile_land_normal_solid_2_with_frost,
940,80202,1,False,404.0,11423.0,,,,,,,,dragondungeonrun_ingame_tile_land_normal_crack_2_with_frost,
941,80302,10,False,,10411.0,10411.0,10411.0,10411.0,10411.0,10411.0,,10411.0,dragondungeonrun_ingame_tile_land_normal_solid_2_with_frost,
942,80302,9,False,,,10131.0,,,10131.0,,,11011.0,dragondungeonrun_ingame_tile_land_normal_solid_2_with_frost,
943,80302,8,False,404.0,,11412.0,,11211.0,,,,,dragondungeonrun_ingame_tile_land_normal_crack_2_with_frost,
944,80302,7,False,,,,,,,,404.0,11412.0,dragondungeonrun_ingame_tile_land_normal_crack_2_with_frost,
945,80302,6,False,404.0,,,11412.0,,,,,,dragondungeonrun_ingame_tile_land_normal_crack_2_with_frost,
946,80302,5,False,,11431.0,10122.0,,10141.0,11011.0,,,11214.0,dragondungeonrun_ingame_tile_land_normal_solid_2_with_frost,
947,80302,4,False,507.0,,,,,11423.0,,,,dragondungeonrun_ingame_tile_land_normal_solid_2_with_frost,
948,80302,3,False,,,,11412.0,,,,204.0,,dragondungeonrun_ingame_tile_land_normal_rock_2_with_frost,
949,80302,2,False,,,,,11423.0,,,206.0,,dragondungeonrun_ingame_tile_land_normal_rock_2_with_frost,
950,80302,1,False,,,11412.0,11214.0,,,,204.0,,dragondungeonrun_ingame_tile_land_normal_rock_2_with_frost,
951,80402,10,False,,11011.0,10122.0,,,10111.0,,,,dragondungeonrun_ingame_tile_land_normal_solid_2_with_frost,
952,80402,9,False,,,,,,,,404.0,11412.0,dragondungeonrun_ingame_tile_land_normal_crack_2_with_frost,
953,80402,8,False,,10411.0,10411.0,10411.0,10411.0,10411.0,10411.0,,10411.0,dragondungeonrun_ingame_tile_land_normal_solid_2_with_frost,
954,80402,7,False,,10411.0,10411.0,10411.0,10411.0,10411.0,10411.0,,10411.0,dragondungeonrun_ingame_tile_land_normal_solid_2_with_frost,
955,80402,6,False,,11431.0,10141.0,10131.0,,,,,11011.0,dragondungeonrun_ingame_tile_land_normal_solid_2_with_frost,
956,80402,5,False,,,,,,,,404.0,11412.0,dragondungeonrun_ingame_tile_land_normal_crack_2_with_frost,
957,80402,4,False,504.0,,,,,11423.0,,,11211.0,dragondungeonrun_ingame_tile_land_normal_solid_2_with_frost,
958,80402,3,True,104.0,,,,,,,,,dragondungeonrun_ingame_tile_water_top_fast,
959,80402,2,True,,,10611.0,,10611.0,,,,,dragondungeonrun_ingame_tile_water_normal,
960,80402,1,True,,,,,,,,104.0,,dragondungeonrun_ingame_tile_water_normal_fast,
961,80502,10,False,,10411.0,10411.0,10411.0,10411.0,10411.0,10411.0,,10411.0,dragondungeonrun_ingame_tile_land_normal_solid_2_with_frost,
962,80502,9,True,104.0,,,,,,,,,dragondungeonrun_ingame_tile_water_top_fast,
963,80502,8,True,,,,,,,,104.0,,dragondungeonrun_ingame_tile_water_normal_fast,
964,80502,7,False,,,,11412.0,11211.0,,,204.0,,dragondungeonrun_ingame_tile_land_normal_rock_2_with_frost,
965,80502,6,False,404.0,,,11412.0,,,,,,dragondungeonrun_ingame_tile_land_normal_crack_2_with_frost,
966,80502,5,False,504.0,,,,,11423.0,,,,dragondungeonrun_ingame_tile_land_normal_solid_2_with_frost,
967,80502,4,False,,10411.0,10411.0,10411.0,10411.0,10411.0,10411.0,,10411.0,dragondungeonrun_ingame_tile_land_normal_solid_2_with_frost,
968,80502,3,False,404.0,,,11412.0,,,,,11214.0,dragondungeonrun_ingame_tile_land_normal_crack_2_with_frost,
969,80502,2,False,,,11423.0,11214.0,,,,307.0,,dragondungeonrun_ingame_tile_land_normal_rock_2_with_frost,
970,80502,1,False,,,10141.0,,11011.0,10131.0,,,11431.0,dragondungeonrun_ingame_tile_land_normal_solid_2_with_frost,
971,80602,10,False,,10122.0,,,11431.0,,,,11011.0,dragondungeonrun_ingame_tile_land_normal_solid_2_with_frost,
972,80602,9,False,,10411.0,10411.0,10411.0,10411.0,10411.0,10411.0,,10411.0,dragondungeonrun_ingame_tile_land_normal_solid_2_with_frost,
973,80602,8,True,,,,,,,,104.0,,dragondungeonrun_ingame_tile_water_top_fast,
974,80602,7,True,104.0,,,,,,,,,dragondungeonrun_ingame_tile_water_normal_fast,
975,80602,6,True,,,,,,,,102.0,,dragondungeonrun_ingame_tile_water_normal_fast,
976,80602,5,False,,10411.0,10411.0,10411.0,10411.0,10411.0,10411.0,,10411.0,dragondungeonrun_ingame_tile_land_normal_solid_2_with_frost,
977,80602,4,False,,,11423.0,,,,,206.0,11214.0,dragondungeonrun_ingame_tile_land_normal_rock_2_with_frost,
978,80602,3,False,404.0,,,11412.0,11211.0,,,,,dragondungeonrun_ingame_tile_land_normal_crack_2_with_frost,
979,80602,2,False,507.0,,,,,11423.0,,,,dragondungeonrun_ingame_tile_land_normal_solid_2_with_frost,
980,80602,1,False,,,,11412.0,,,,504.0,,dragondungeonrun_ingame_tile_land_normal_solid_2_with_frost,
981,80702,10,False,,,,11412.0,11214.0,,,204.0,,dragondungeonrun_ingame_tile_land_normal_rock_2_with_frost,
982,80702,9,False,,10411.0,10411.0,10411.0,10411.0,10411.0,10411.0,,10411.0,dragondungeonrun_ingame_tile_land_normal_solid_2_with_frost,
983,80702,8,True,,,,,,,,104.0,,dragondungeonrun_ingame_tile_water_top_fast,
984,80702,7,False,,,11431.0,10141.0,11011.0,10111.0,,,11211.0,dragondungeonrun_ingame_tile_land_normal_solid_2_with_frost,
985,80702,6,False,,10411.0,10411.0,10411.0,10411.0,10411.0,10411.0,,10411.0,dragondungeonrun_ingame_tile_land_normal_solid_2_with_frost,
986,80702,5,True,,,,,,,,104.0,,dragondungeonrun_ingame_tile_water_top_fast,
987,80702,4,False,404.0,,,11423.0,11214.0,,,,,dragondungeonrun_ingame_tile_land_normal_crack_2_with_frost,
988,80702,3,False,,10411.0,10411.0,10411.0,10411.0,10411.0,10411.0,,10411.0,dragondungeonrun_ingame_tile_land_normal_solid_2_with_frost,
989,80702,2,True,,,,,,,,104.0,,dragondungeonrun_ingame_tile_water_top_fast,
990,80702,1,False,507.0,,,,,11423.0,,,,dragondungeonrun_ingame_tile_land_normal_solid_2_with_frost,
991,80802,10,False,404.0,,,,,,,,11412.0,dragondungeonrun_ingame_tile_land_normal_crack_2_with_frost,
992,80802,9,False,,,,11423.0,11211.0,,,307.0,,dragondungeonrun_ingame_tile_land_normal_rock_2_with_frost,
993,80802,8,False,,,11011.0,10131.0,11431.0,10141.0,,,,dragondungeonrun_ingame_tile_land_normal_solid_2_with_frost,
994,80802,7,True,104.0,,,,,,,,,dragondungeonrun_ingame_tile_water_top_fast,
995,80802,6,True,,,,,,,,104.0,,dragondungeonrun_ingame_tile_water_normal_fast,
996,80802,5,False,,10411.0,10411.0,10411.0,10411.0,10411.0,10411.0,,10411.0,dragondungeonrun_ingame_tile_land_normal_solid_2_with_frost,
997,80802,4,False,404.0,,,11412.0,11214.0,,,,,dragondungeonrun_ingame_tile_land_normal_crack_2_with_frost,
998,80802,3,False,,,,,,,,507.0,11412.0,dragondungeonrun_ingame_tile_land_normal_solid_2_with_frost,
999,80802,2,False,504.0,,,11412.0,,,,,11214.0,dragondungeonrun_ingame_tile_land_normal_solid_2_with_frost,
1000,80802,1,False,507.0,,,,11423.0,,,,,dragondungeonrun_ingame_tile_land_normal_solid_2_with_frost,
1001,80902,10,False,,,,,11412.0,,,204.0,,dragondungeonrun_ingame_tile_land_normal_rock_2_with_frost,
1002,80902,9,False,,,,,,,,206.0,11412.0,dragondungeonrun_ingame_tile_land_normal_rock_2_with_frost,
1003,80902,8,False,,,,,11011.0,,11431.0,,11214.0,dragondungeonrun_ingame_tile_land_normal_solid_2_with_frost,
1004,80902,7,False,504.0,,,11211.0,,,,,11423.0,dragondungeonrun_ingame_tile_land_normal_solid_2_with_frost,
1005,80902,6,False,,10411.0,10411.0,10411.0,10411.0,10411.0,10411.0,,10411.0,dragondungeonrun_ingame_tile_land_normal_solid_2_with_frost,
1006,80902,5,True,105.0,,,,,,,,,dragondungeonrun_ingame_tile_water_top_fast,
1007,80902,4,True,,,,,,,,104.0,,dragondungeonrun_ingame_tile_water_normal_fast,
1008,80902,3,False,404.0,,,,11214.0,11412.0,,,,dragondungeonrun_ingame_tile_land_normal_crack_2_with_frost,
1009,80902,2,False,,10411.0,10411.0,10411.0,10411.0,10411.0,10411.0,,10411.0,dragondungeonrun_ingame_tile_land_normal_solid_2_with_frost,
1010,80902,1,False,404.0,,,11423.0,,,,,11211.0,dragondungeonrun_ingame_tile_land_normal_crack_2_with_frost,
1011,81002,10,False,,,,11214.0,,,,404.0,,dragondungeonrun_ingame_tile_land_normal_crack_2_with_frost,
1012,81002,9,False,,10411.0,10411.0,10411.0,10411.0,10411.0,10411.0,,10411.0,dragondungeonrun_ingame_tile_land_normal_solid_2_with_frost,
1013,81002,8,False,,,10122.0,,,11011.0,11431.0,,10122.0,dragondungeonrun_ingame_tile_land_normal_solid_2_with_frost,
1014,81002,7,False,,10411.0,10411.0,10411.0,10411.0,10411.0,10411.0,,10411.0,dragondungeonrun_ingame_tile_land_normal_solid_2_with_frost,
1015,81002,6,False,404.0,,,,11214.0,11423.0,,,,dragondungeonrun_ingame_tile_land_normal_crack_2_with_frost,
1016,81002,5,True,104.0,,,,,,,,,dragondungeonrun_ingame_tile_water_top_fast,
1017,81002,4,True,,,,,,,,104.0,,dragondungeonrun_ingame_tile_water_normal_fast,
1018,81002,3,False,507.0,,11214.0,,11423.0,,,,11211.0,dragondungeonrun_ingame_tile_land_normal_solid_2_with_frost,
1019,81002,2,False,,,,,,,,206.0,11412.0,dragondungeonrun_ingame_tile_land_normal_rock_2_with_frost,
1020,81002,1,False,,,10131.0,,11011.0,,11431.0,,10131.0,dragondungeonrun_ingame_tile_land_normal_solid_2_with_frost,
1021,90101,10,False,,10121.0,,,,,10121.0,,,dragondungeonrun_ingame_tile_land_normal_solid_1,
1022,90101,9,False,,,,,,,,302.0,11412.0,dragondungeonrun_ingame_tile_land_normal_rock_1,
1023,90101,8,False,,,10121.0,10121.0,10121.0,10121.0,11412.0,,10121.0,dragondungeonrun_ingame_tile_land_normal_solid_1,
1024,90101,7,False,302.0,,11412.0,,,,,,,dragondungeonrun_ingame_tile_land_normal_rock_1,
1025,90101,6,False,,10121.0,,10121.0,,10121.0,10121.0,,10121.0,dragondungeonrun_ingame_tile_land_normal_solid_1,
1026,90101,5,False,,,,,,,,301.0,11412.0,dragondungeonrun_ingame_tile_land_normal_rock_1,
1027,90101,4,False,,10121.0,10121.0,,10121.0,,10121.0,,10121.0,dragondungeonrun_ingame_tile_land_normal_solid_1,dragondungeonrun_ingame_tile_land_normal_solid_B
1028,90101,3,False,,,11412.0,,,,,303.0,,dragondungeonrun_ingame_tile_land_normal_rock_1,
1029,90101,2,False,,10121.0,10121.0,10121.0,,10121.0,10121.0,,,dragondungeonrun_ingame_tile_land_normal_solid_1,
1030,90101,1,False,301.0,,,,,,,,11412.0,dragondungeonrun_ingame_tile_land_normal_rock_1,
1031,90102,10,False,,10121.0,,,11412.0,,10121.0,,,dragondungeonrun_ingame_tile_land_normal_solid_2,
1032,90102,9,False,202.0,,,,,,,,11412.0,dragondungeonrun_ingame_tile_land_normal_rock_2,
1033,90102,8,False,,10121.0,10121.0,,,10121.0,10121.0,,,dragondungeonrun_ingame_tile_land_normal_solid_2,
1034,90102,7,False,302.0,,11412.0,11211.0,11211.0,,,,,dragondungeonrun_ingame_tile_land_normal_rock_2,dragondungeonrun_ingame_tile_land_normal_rock_B
1035,90102,6,False,,10121.0,,10121.0,10121.0,,10121.0,,10121.0,dragondungeonrun_ingame_tile_land_normal_solid_2,
1036,90102,5,False,203.0,,,,,,,,11412.0,dragondungeonrun_ingame_tile_land_normal_rock_2,
1037,90102,4,False,,10121.0,10121.0,11412.0,,10121.0,10121.0,,10121.0,dragondungeonrun_ingame_tile_land_normal_solid_2,
1038,90102,3,False,,,11412.0,,,,,302.0,11211.0,dragondungeonrun_ingame_tile_land_normal_rock_2,dragondungeonrun_ingame_tile_land_normal_rock_B
1039,90102,2,False,,10121.0,,10121.0,10121.0,10121.0,10121.0,,,dragondungeonrun_ingame_tile_land_normal_solid_2,
1040,90102,1,False,,,,,,,,201.0,,dragondungeonrun_ingame_tile_land_normal_rock_2,dragondungeonrun_ingame_tile_land_normal_rock_B
1041,90103,10,False,,10121.0,,,11412.0,,10121.0,,,dragondungeonrun_ingame_tile_land_normal_solid_1,
1042,90103,9,False,202.0,,,,,,,,11412.0,dragondungeonrun_ingame_tile_land_normal_rock_1,
1043,90103,8,False,,10121.0,10121.0,,,10121.0,10121.0,,,dragondungeonrun_ingame_tile_land_normal_solid_1,dragondungeonrun_ingame_tile_land_normal_solid_B
1044,90103,7,False,302.0,,11412.0,11211.0,11211.0,,,,,dragondungeonrun_ingame_tile_land_normal_rock_1,
1045,90103,6,False,,10121.0,,10121.0,10121.0,,10121.0,,10121.0,dragondungeonrun_ingame_tile_land_normal_solid_1,
1046,90103,5,False,203.0,,,,,,,,11412.0,dragondungeonrun_ingame_tile_land_normal_rock_1,
1047,90103,4,False,,10121.0,10121.0,11412.0,,10121.0,10121.0,,10121.0,dragondungeonrun_ingame_tile_land_normal_solid_1,
1048,90103,3,False,,,11412.0,,,,,302.0,11211.0,dragondungeonrun_ingame_tile_land_normal_rock_1,
1049,90103,2,False,,10121.0,,10121.0,10121.0,10121.0,10121.0,,,dragondungeonrun_ingame_tile_land_normal_solid_1,dragondungeonrun_ingame_tile_land_normal_solid_B
1050,90103,1,False,,,,,,,,201.0,,dragondungeonrun_ingame_tile_land_normal_rock_1,
1051,90104,10,False,,10122.0,,,11412.0,,10121.0,,,dragondungeonrun_ingame_tile_land_normal_solid_2_with_frost,
1052,90104,9,False,206.0,,,,,,,,11412.0,dragondungeonrun_ingame_tile_land_normal_rock_2_with_frost,
1053,90104,8,False,,10122.0,10121.0,,,10122.0,10121.0,,,dragondungeonrun_ingame_tile_land_normal_solid_2_with_frost,
1054,90104,7,False,302.0,,11412.0,11211.0,11211.0,,,,,dragondungeonrun_ingame_tile_land_normal_rock_2_with_frost,
1055,90104,6,False,,10122.0,,10122.0,10122.0,,10122.0,,10122.0,dragondungeonrun_ingame_tile_land_normal_solid_2_with_frost,
1056,90104,5,False,203.0,,,,,,,,11412.0,dragondungeonrun_ingame_tile_land_normal_rock_2_with_frost,
1057,90104,4,False,,10121.0,10122.0,11412.0,,10121.0,10122.0,,10121.0,dragondungeonrun_ingame_tile_land_normal_solid_2_with_frost,
1058,90104,3,False,,,11412.0,,,,,307.0,11211.0,dragondungeonrun_ingame_tile_land_normal_rock_2_with_frost,
1059,90104,2,False,,10122.0,,10122.0,10121.0,10122.0,10122.0,,,dragondungeonrun_ingame_tile_land_normal_solid_2_with_frost,
1060,90104,1,False,,,,,,,,201.0,,dragondungeonrun_ingame_tile_land_normal_rock_2_with_frost,
1061,90201,10,False,,,,,,,,502.0,,dragondungeonrun_ingame_tile_land_normal_solid_1,
1062,90201,9,False,,10131.0,10141.0,,,10141.0,10131.0,,,dragondungeonrun_ingame_tile_land_normal_solid_1,
1063,90201,8,False,,10131.0,,10411.0,10411.0,11431.0,10131.0,,,dragondungeonrun_ingame_tile_land_normal_solid_1,
1064,90201,7,False,,10131.0,10411.0,,,10411.0,10131.0,,10411.0,dragondungeonrun_ingame_tile_land_normal_solid_1,
1065,90201,6,False,,10131.0,11431.0,10411.0,10411.0,,10131.0,,,dragondungeonrun_ingame_tile_land_normal_solid_1,
1066,90201,5,False,,10131.0,10411.0,,,10411.0,10131.0,,10411.0,dragondungeonrun_ingame_tile_land_normal_solid_1,
1067,90201,4,False,,10131.0,,10411.0,10411.0,,10131.0,,,dragondungeonrun_ingame_tile_land_normal_solid_1,
1068,90201,3,False,,10131.0,10141.0,,,10141.0,10131.0,,,dragondungeonrun_ingame_tile_land_normal_solid_1,
1069,90201,2,False,,,,,,,,503.0,,dragondungeonrun_ingame_tile_land_normal_solid_1,
1070,90201,1,False,501.0,,,,,,,,,dragondungeonrun_ingame_tile_land_normal_solid_1,
1071,90202,10,False,,,,,,,,302.0,,dragondungeonrun_ingame_tile_land_normal_rock_2,
1072,90202,9,False,,10131.0,10141.0,10411.0,10411.0,10141.0,10131.0,,,dragondungeonrun_ingame_tile_land_normal_solid_2,
1073,90202,8,False,,10131.0,10141.0,,11211.0,10141.0,10131.0,,10411.0,dragondungeonrun_ingame_tile_land_normal_solid_2,
1074,90202,7,False,,10131.0,10141.0,10411.0,10411.0,10141.0,10131.0,,,dragondungeonrun_ingame_tile_land_normal_solid_2,
1075,90202,6,False,,10131.0,10141.0,11211.0,,10141.0,10131.0,,10411.0,dragondungeonrun_ingame_tile_land_normal_solid_2,
1076,90202,5,False,,10131.0,10141.0,10411.0,10411.0,10141.0,10131.0,,,dragondungeonrun_ingame_tile_land_normal_solid_2,
1077,90202,4,False,,10131.0,10141.0,,,10141.0,10131.0,,10411.0,dragondungeonrun_ingame_tile_land_normal_solid_2,
1078,90202,3,False,,10131.0,10141.0,10411.0,10411.0,10141.0,10131.0,,11211.0,dragondungeonrun_ingame_tile_land_normal_solid_2,
1079,90202,2,False,,10131.0,10141.0,,,10141.0,10131.0,,10411.0,dragondungeonrun_ingame_tile_land_normal_solid_2,
1080,90202,1,True,,,,,,,,104.0,,dragondungeonrun_ingame_tile_water_top_fast,
1081,90203,10,False,,,,,,,,302.0,,dragondungeonrun_ingame_tile_land_normal_rock_1,
1082,90203,9,False,,10131.0,10141.0,10411.0,10411.0,10141.0,10131.0,,,dragondungeonrun_ingame_tile_land_normal_solid_1,
1083,90203,8,False,,10131.0,10141.0,,11211.0,10141.0,10131.0,,10411.0,dragondungeonrun_ingame_tile_land_normal_solid_1,
1084,90203,7,False,,10131.0,10141.0,10411.0,10411.0,10141.0,10131.0,,,dragondungeonrun_ingame_tile_land_normal_solid_1,
1085,90203,6,False,,10131.0,10141.0,11211.0,,10141.0,10131.0,,10411.0,dragondungeonrun_ingame_tile_land_normal_solid_1,
1086,90203,5,False,,10131.0,10141.0,10411.0,10411.0,10141.0,10131.0,,,dragondungeonrun_ingame_tile_land_normal_solid_1,
1087,90203,4,False,,10131.0,10141.0,,,10141.0,10131.0,,10411.0,dragondungeonrun_ingame_tile_land_normal_solid_1,
1088,90203,3,False,,10131.0,10141.0,10411.0,10411.0,10141.0,10131.0,,11211.0,dragondungeonrun_ingame_tile_land_normal_solid_1,
1089,90203,2,False,,10131.0,10141.0,,,10141.0,10131.0,,10411.0,dragondungeonrun_ingame_tile_land_normal_solid_1,
1090,90203,1,True,,,,,,,,104.0,,dragondungeonrun_ingame_tile_water_top_fast,
1091,90204,10,False,,,,,,,,302.0,,dragondungeonrun_ingame_tile_land_normal_rock_2_with_frost,
1092,90204,9,False,,10131.0,10141.0,10411.0,10411.0,10141.0,10131.0,,,dragondungeonrun_ingame_tile_land_normal_solid_2_with_frost,
1093,90204,8,False,,10131.0,10141.0,,11211.0,10141.0,10131.0,,10411.0,dragondungeonrun_ingame_tile_land_normal_solid_2_with_frost,
1094,90204,7,False,,10131.0,10141.0,10411.0,10411.0,10141.0,10131.0,,,dragondungeonrun_ingame_tile_land_normal_solid_2_with_frost,
1095,90204,6,False,,10131.0,10141.0,11211.0,,10141.0,10131.0,,10411.0,dragondungeonrun_ingame_tile_land_normal_solid_2_with_frost,
1096,90204,5,False,,10131.0,10141.0,10411.0,10411.0,10141.0,10131.0,,,dragondungeonrun_ingame_tile_land_normal_solid_2_with_frost,
1097,90204,4,False,,10131.0,10141.0,,,10141.0,10131.0,,10411.0,dragondungeonrun_ingame_tile_land_normal_solid_2_with_frost,
1098,90204,3,False,,10131.0,10141.0,10411.0,10411.0,10141.0,10131.0,,11211.0,dragondungeonrun_ingame_tile_land_normal_solid_2_with_frost,
1099,90204,2,False,,10131.0,10141.0,,,10141.0,10131.0,,10411.0,dragondungeonrun_ingame_tile_land_normal_solid_2_with_frost,
1100,90204,1,True,,,,,,,,104.0,,dragondungeonrun_ingame_tile_water_top_fast,
1101,90301,10,False,,,,10121.0,10121.0,,,,,dragondungeonrun_ingame_tile_land_normal_solid_1,
1102,90301,9,False,,,,,,,,305.0,,dragondungeonrun_ingame_tile_land_normal_rock_1,
1103,90301,8,False,,,,,,,,305.0,,dragondungeonrun_ingame_tile_land_normal_rock_1,
1104,90301,7,False,,,,,,,,305.0,,dragondungeonrun_ingame_tile_land_normal_rock_1,
1105,90301,6,False,,,10121.0,,,10121.0,,,,dragondungeonrun_ingame_tile_land_normal_solid_1,
1106,90301,5,False,305.0,,,,,,,,,dragondungeonrun_ingame_tile_land_normal_rock_1,
1107,90301,4,False,305.0,,,,,,,,,dragondungeonrun_ingame_tile_land_normal_rock_1,
1108,90301,3,False,,10121.0,,10121.0,10121.0,,10121.0,,,dragondungeonrun_ingame_tile_land_normal_solid_1,dragondungeonrun_ingame_tile_land_normal_solid_B
1109,90301,2,False,305.0,,,,,,,,,dragondungeonrun_ingame_tile_land_normal_rock_1,
1110,90301,1,False,305.0,,,,,,,,,dragondungeonrun_ingame_tile_land_normal_rock_1,
1111,90302,10,False,,,10121.0,,,10121.0,,,,dragondungeonrun_ingame_tile_land_normal_solid_2,
1112,90302,9,False,,,,,,,,305.0,,dragondungeonrun_ingame_tile_land_normal_rock_2,dragondungeonrun_ingame_tile_land_normal_rock_B
1113,90302,8,False,,,,,,,,305.0,,dragondungeonrun_ingame_tile_land_normal_rock_2,
1114,90302,7,False,,,,,,,,305.0,,dragondungeonrun_ingame_tile_land_normal_rock_2,
1115,90302,6,False,,,,,,,,305.0,,dragondungeonrun_ingame_tile_land_normal_rock_2,dragondungeonrun_ingame_tile_land_normal_rock_B
1116,90302,5,False,,10121.0,,10121.0,10121.0,,10121.0,,,dragondungeonrun_ingame_tile_land_normal_solid_2,
1117,90302,4,False,305.0,,,,,,,,,dragondungeonrun_ingame_tile_land_normal_rock_2,
1118,90302,3,False,305.0,,,,,,,,,dragondungeonrun_ingame_tile_land_normal_rock_2,dragondungeonrun_ingame_tile_land_normal_rock_B
1119,90302,2,False,305.0,,,,,,,,,dragondungeonrun_ingame_tile_land_normal_rock_2,dragondungeonrun_ingame_tile_land_normal_rock_B
1120,90302,1,False,305.0,,,,,,,,,dragondungeonrun_ingame_tile_land_normal_rock_2,
1121,90303,10,False,,,10131.0,,,10131.0,,,,dragondungeonrun_ingame_tile_land_normal_solid_2_with_frost,
1122,90303,9,False,,,,,,,,305.0,,dragondungeonrun_ingame_tile_land_normal_rock_2_with_frost,
1123,90303,8,False,,,,,,,,305.0,,dragondungeonrun_ingame_tile_land_normal_rock_2_with_frost,
1124,90303,7,False,,,,,,,,305.0,,dragondungeonrun_ingame_tile_land_normal_rock_2_with_frost,
1125,90303,6,False,,,,,,,,305.0,,dragondungeonrun_ingame_tile_land_normal_rock_2_with_frost,
1126,90303,5,False,,10131.0,,10131.0,10131.0,,10131.0,,,dragondungeonrun_ingame_tile_land_normal_solid_2_with_frost,
1127,90303,4,False,305.0,,,,,,,,,dragondungeonrun_ingame_tile_land_normal_rock_2_with_frost,
1128,90303,3,False,305.0,,,,,,,,,dragondungeonrun_ingame_tile_land_normal_rock_2_with_frost,
1129,90303,2,False,305.0,,,,,,,,,dragondungeonrun_ingame_tile_land_normal_rock_2_with_frost,
1130,90303,1,False,305.0,,,,,,,,,dragondungeonrun_ingame_tile_land_normal_rock_2_with_frost,
1131,90401,10,False,,10121.0,,,,,10121.0,,,dragondungeonrun_ingame_tile_land_normal_solid_2,
1132,90401,9,False,,,,,,,,,11212.0,dragondungeonrun_ingame_tile_land_normal_solid_2,
1133,90401,8,False,,,10121.0,,,10121.0,,,,dragondungeonrun_ingame_tile_land_normal_solid_2,
1134,90401,7,False,,,,11212.0,11212.0,,,,,dragondungeonrun_ingame_tile_land_normal_solid_2,
1135,90401,6,False,,,,,,,,,10121.0,dragondungeonrun_ingame_tile_land_normal_solid_2,
1136,90401,5,False,,11212.0,10121.0,,,10121.0,11212.0,,10121.0,dragondungeonrun_ingame_tile_land_normal_solid_2,
1137,90401,4,False,,,,10121.0,10121.0,,,,,dragondungeonrun_ingame_tile_land_normal_solid_2,
1138,90401,3,False,,,11212.0,,,11212.0,,,,dragondungeonrun_ingame_tile_land_normal_solid_2,
1139,90401,2,False,,,10121.0,,,10121.0,,,,dragondungeonrun_ingame_tile_land_normal_solid_2,
1140,90401,1,False,,10121.0,,,,,10121.0,,11211.0,dragondungeonrun_ingame_tile_land_normal_solid_2,
1141,90402,10,False,,10121.0,,,,,10121.0,,,dragondungeonrun_ingame_tile_land_normal_solid_2,
1142,90402,9,False,,,,11212.0,11212.0,,,,11211.0,dragondungeonrun_ingame_tile_land_normal_solid_2,
1143,90402,8,False,,,10121.0,,,10121.0,,,,dragondungeonrun_ingame_tile_land_normal_solid_2,
1144,90402,7,False,,,,,,,,,,dragondungeonrun_ingame_tile_land_normal_solid_2,
1145,90402,6,False,,,,10121.0,10121.0,,,,,dragondungeonrun_ingame_tile_land_normal_solid_2,
1146,90402,5,False,,11212.0,10121.0,,,10121.0,11212.0,,10121.0,dragondungeonrun_ingame_tile_land_normal_solid_2,
1147,90402,4,False,,,,10121.0,10121.0,,,,,dragondungeonrun_ingame_tile_land_normal_solid_2,
1148,90402,3,False,,,11212.0,,,11212.0,,,,dragondungeonrun_ingame_tile_land_normal_solid_2,
1149,90402,2,False,,,10121.0,11211.0,11211.0,10121.0,,,,dragondungeonrun_ingame_tile_land_normal_solid_2,
1150,90402,1,False,,10121.0,,,,,10121.0,,11211.0,dragondungeonrun_ingame_tile_land_normal_solid_2,
1151,90403,10,False,,10131.0,,,,,10131.0,,,dragondungeonrun_ingame_tile_land_normal_solid_2_with_frost,
1152,90403,9,False,,,11211.0,,,11211.0,,,11211.0,dragondungeonrun_ingame_tile_land_normal_solid_2_with_frost,
1153,90403,8,False,,,10131.0,,,10131.0,,,,dragondungeonrun_ingame_tile_land_normal_solid_2_with_frost,
1154,90403,7,False,,,,,,,,,,dragondungeonrun_ingame_tile_land_normal_solid_2_with_frost,
1155,90403,6,False,,,,10131.0,10131.0,,,,,dragondungeonrun_ingame_tile_land_normal_solid_2_with_frost,
1156,90403,5,False,,11211.0,10131.0,,,10131.0,11211.0,,10131.0,dragondungeonrun_ingame_tile_land_normal_solid_2_with_frost,
1157,90403,4,False,,,,10131.0,10131.0,,,,,dragondungeonrun_ingame_tile_land_normal_solid_2_with_frost,
1158,90403,3,False,,,11211.0,,,11211.0,,,,dragondungeonrun_ingame_tile_land_normal_solid_2_with_frost,
1159,90403,2,False,,,10131.0,11211.0,11211.0,10131.0,,,,dragondungeonrun_ingame_tile_land_normal_solid_2_with_frost,
1160,90403,1,False,,10131.0,,,,,10131.0,,11211.0,dragondungeonrun_ingame_tile_land_normal_solid_2_with_frost,
1161,90404,10,False,,10131.0,10131.0,,,10131.0,10131.0,,,dragondungeonrun_ingame_tile_land_normal_solid_1,
1162,90404,9,False,,10131.0,,,,11211.0,10131.0,,,dragondungeonrun_ingame_tile_land_normal_solid_1,
1163,90404,8,False,,10131.0,,,,,10131.0,,11211.0,dragondungeonrun_ingame_tile_land_normal_solid_1,dragondungeonrun_ingame_tile_land_normal_solid_B
1164,90404,7,False,,10131.0,11211.0,,,,10131.0,,,dragondungeonrun_ingame_tile_land_normal_solid_1,dragondungeonrun_ingame_tile_land_normal_solid_B
1165,90404,6,False,,10131.0,,,,,10131.0,,,dragondungeonrun_ingame_tile_land_normal_solid_1,
1166,90404,5,False,,10131.0,,,11211.0,,10131.0,,,dragondungeonrun_ingame_tile_land_normal_solid_1,
1167,90404,4,False,,10131.0,,,,,10131.0,,,dragondungeonrun_ingame_tile_land_normal_solid_1,
1168,90404,3,False,,10131.0,,11211.0,,,10131.0,,,dragondungeonrun_ingame_tile_land_normal_solid_1,
1169,90404,2,False,,10131.0,,,,,10131.0,,,dragondungeonrun_ingame_tile_land_normal_solid_1,dragondungeonrun_ingame_tile_land_normal_solid_B
1170,90404,1,False,,10131.0,10131.0,,,10131.0,10131.0,,11211.0,dragondungeonrun_ingame_tile_land_normal_solid_1,
1171,90501,10,False,,,,,,,,,10121.0,dragondungeonrun_ingame_tile_land_normal_solid_1,
1172,90501,9,False,,,,,,,,401.0,,dragondungeonrun_ingame_tile_land_normal_crack_1,
1173,90501,8,False,,,,,,,,403.0,,dragondungeonrun_ingame_tile_land_normal_crack_1,
1174,90501,7,False,,,,,,,,403.0,,dragondungeonrun_ingame_tile_land_normal_crack_1,
1175,90501,6,False,,,10121.0,,,10121.0,,,10121.0,dragondungeonrun_ingame_tile_land_normal_solid_1,dragondungeonrun_ingame_tile_land_normal_solid_B
1176,90501,5,False,,,,,,,,402.0,,dragondungeonrun_ingame_tile_land_normal_crack_1,
1177,90501,4,False,401.0,,,,,,,,,dragondungeonrun_ingame_tile_land_normal_crack_1,
1178,90501,3,False,,10121.0,,10121.0,10121.0,,10121.0,,,dragondungeonrun_ingame_tile_land_normal_solid_1,
1179,90501,2,False,402.0,,,,,,,,,dragondungeonrun_ingame_tile_land_normal_crack_1,
1180,90501,1,False,403.0,,,,,,,,,dragondungeonrun_ingame_tile_land_normal_crack_1,
1181,90502,10,False,,,,,,,,,10121.0,dragondungeonrun_ingame_tile_land_normal_solid_2,
1182,90502,9,False,401.0,,,,,,,,,dragondungeonrun_ingame_tile_land_normal_crack_2,
1183,90502,8,False,,,,,,,,402.0,,dragondungeonrun_ingame_tile_land_normal_crack_2,
1184,90502,7,False,403.0,,,,,,,,,dragondungeonrun_ingame_tile_land_normal_crack_2,
1185,90502,6,False,,,10121.0,,,10121.0,,,10121.0,dragondungeonrun_ingame_tile_land_normal_solid_2,
1186,90502,5,False,403.0,,,,,,,,,dragondungeonrun_ingame_tile_land_normal_crack_2,
1187,90502,4,False,,,,,,,,402.0,,dragondungeonrun_ingame_tile_land_normal_crack_2,
1188,90502,3,False,,10121.0,,10121.0,10121.0,,10121.0,,,dragondungeonrun_ingame_tile_land_normal_solid_2,
1189,90502,2,False,,,,,,,,402.0,,dragondungeonrun_ingame_tile_land_normal_crack_2,
1190,90502,1,False,403.0,,,,,,,,,dragondungeonrun_ingame_tile_land_normal_crack_2,
1191,90503,10,False,,,,,,,,,10131.0,dragondungeonrun_ingame_tile_land_normal_solid_2_with_frost,
1192,90503,9,False,401.0,,,,,,,,,dragondungeonrun_ingame_tile_land_normal_crack_2_with_frost,
1193,90503,8,False,,,,,,,,402.0,,dragondungeonrun_ingame_tile_land_normal_crack_2_with_frost,
1194,90503,7,False,403.0,,,,,,,,,dragondungeonrun_ingame_tile_land_normal_crack_2_with_frost,
1195,90503,6,False,,,10131.0,,,10131.0,,,10131.0,dragondungeonrun_ingame_tile_land_normal_solid_2_with_frost,
1196,90503,5,False,403.0,,,,,,,,,dragondungeonrun_ingame_tile_land_normal_crack_2_with_frost,
1197,90503,4,False,,,,,,,,402.0,,dragondungeonrun_ingame_tile_land_normal_crack_2_with_frost,
1198,90503,3,False,,10131.0,,10131.0,10131.0,,10131.0,,,dragondungeonrun_ingame_tile_land_normal_solid_2_with_frost,
1199,90503,2,False,,,,,,,,402.0,,dragondungeonrun_ingame_tile_land_normal_crack_2_with_frost,
1200,90503,1,False,403.0,,,,,,,,,dragondungeonrun_ingame_tile_land_normal_crack_2_with_frost,
