id,is_dialogfirstpoint,group_id,priority,printtype,portrait_id,name_localkey,scenario_localkey,play_sound,play_bgm,duration,set_background,hide_background,set_background_cord_x,set_background_cord_y,set_background_scale,scenario_effect_type,scenario_effect_value,execute_delaytime,execute_rate,first_show_check,conditiondata/0/usecondition_type,conditiondata/1/usecondition_type,conditiondata/2/usecondition_type,conditiondata/3/usecondition_type,conditiondata/4/usecondition_type,conditiondata/5/usecondition_type,spinedata/0/show_spine_resource_id,spinedata/0/spine_anim_resource_id,spinedata/0/hide_spine_resource_id,spinedata/0/spine_resource_cord_x,spinedata/0/spine_resource_cord_y,spinedata/0/spine_resource_scale,spinedata/1/show_spine_resource_id,spinedata/1/spine_anim_resource_id,spinedata/1/hide_spine_resource_id,spinedata/1/spine_resource_cord_x,spinedata/1/spine_resource_cord_y,spinedata/1/spine_resource_scale,spinedata/2/show_spine_resource_id,spinedata/2/spine_anim_resource_id,spinedata/2/hide_spine_resource_id,spinedata/2/spine_resource_cord_x,spinedata/2/spine_resource_cord_y,spinedata/2/spine_resource_scale,spinedata/3/show_spine_resource_id,spinedata/3/spine_anim_resource_id,spinedata/3/hide_spine_resource_id,spinedata/3/spine_resource_cord_x,spinedata/3/spine_resource_cord_y,spinedata/3/spine_resource_scale,spinedata/4/show_spine_resource_id,spinedata/4/spine_anim_resource_id,spinedata/4/hide_spine_resource_id,spinedata/4/spine_resource_cord_x,spinedata/4/spine_resource_cord_y,spinedata/4/spine_resource_scale,spinedata/5/show_spine_resource_id,spinedata/5/spine_anim_resource_id,spinedata/5/hide_spine_resource_id,spinedata/5/spine_resource_cord_x,spinedata/5/spine_resource_cord_y,spinedata/5/spine_resource_scale,spinedata/6/show_spine_resource_id,spinedata/6/spine_anim_resource_id,spinedata/6/hide_spine_resource_id,spinedata/6/spine_resource_cord_x,spinedata/6/spine_resource_cord_y,spinedata/6/spine_resource_scale,spinedata/7/show_spine_resource_id,spinedata/7/spine_anim_resource_id,spinedata/7/hide_spine_resource_id,spinedata/7/spine_resource_cord_x,spinedata/7/spine_resource_cord_y,spinedata/7/spine_resource_scale,spinedata/8/show_spine_resource_id,spinedata/8/spine_anim_resource_id,spinedata/8/hide_spine_resource_id,spinedata/8/spine_resource_cord_x,spinedata/8/spine_resource_cord_y,spinedata/8/spine_resource_scale,spinedata/9/show_spine_resource_id,spinedata/9/spine_anim_resource_id,spinedata/9/hide_spine_resource_id,spinedata/9/spine_resource_cord_x,spinedata/9/spine_resource_cord_y,spinedata/9/spine_resource_scale,conditiondata/0/usecondition_value/0/name,conditiondata/0/usecondition_value/0/value,conditiondata/0/usecondition_value/1/name,conditiondata/0/usecondition_value/1/value,conditiondata/0/usecondition_value/2/name,conditiondata/0/usecondition_value/2/value,conditiondata/1/usecondition_value/0/name,conditiondata/1/usecondition_value/0/value
1,True,NKSmini_Dialog_Group_01,1,Stage,NKS_characterDialog_c220,Locale_Character:220_name,Locale_Event:NKS_ScenarioDialog_001_01,sfx,bgm,0,,,0,0,0,Set_camera_shake,Low_1,1500,10000,True,None,None,None,None,None,None,,,,0,0,0,,,,0,0,0,,,,0,0,0,,,,0,0,0,,,,0,0,0,,,,0,0,0,,,,0,0,0,,,,0,0,0,,,,0,0,0,,,,0,0,0,,,,,,,,
2,False,NKSmini_Dialog_Group_01,1,Stage,NKS_characterDialog_c220,Locale_Character:233_name,Locale_Event:NKS_ScenarioDialog_001_01,sfx,,0,,,0,0,0,None,,0,0,False,None,None,None,None,None,None,,,,0,0,0,,,,0,0,0,,,,0,0,0,,,,0,0,0,,,,0,0,0,,,,0,0,0,,,,0,0,0,,,,0,0,0,,,,0,0,0,,,,0,0,0,,,,,,,,
3,False,NKSmini_Dialog_Group_01,1,Stage,NKS_characterDialog_c470,Locale_Character:220_name,Locale_Event:NKS_ScenarioDialog_001_01,,bgm,0,,,0,0,0,None,,0,0,False,None,None,None,None,None,None,,,,0,0,0,,,,0,0,0,,,,0,0,0,,,,0,0,0,,,,0,0,0,,,,0,0,0,,,,0,0,0,,,,0,0,0,,,,0,0,0,,,,0,0,0,,,,,,,,
4,True,NKSmini_Dialog_Group_02,2,Stage,NKS_characterDialog_c220,Locale_Character:220_name,Locale_Event:NKS_ScenarioDialog_001_01,,,0,,,0,0,0,White,2,1500,10000,True,Check_ItemHold,None,None,None,None,None,,,,0,0,0,,,,0,0,0,,,,0,0,0,,,,0,0,0,,,,0,0,0,,,,0,0,0,,,,0,0,0,,,,0,0,0,,,,0,0,0,,,,0,0,0,usecondition_value,8.0,,,,,,
5,False,NKSmini_Dialog_Group_02,2,Stage,NKS_characterDialog_c220,Locale_Character:220_name,Locale_Event:NKS_ScenarioDialog_001_01,,,0,,,0,0,0,None,,0,0,False,None,None,None,None,None,None,,,,0,0,0,,,,0,0,0,,,,0,0,0,,,,0,0,0,,,,0,0,0,,,,0,0,0,,,,0,0,0,,,,0,0,0,,,,0,0,0,,,,0,0,0,,,,,,,,
6,False,NKSmini_Dialog_Group_03,2,Stage,NKS_characterDialog_c470,Locale_Character:233_name,Locale_Event:NKS_ScenarioDialog_001_01,,,0,,,0,0,0,None,,0,0,False,None,None,None,None,None,None,,,,0,0,0,,,,0,0,0,,,,0,0,0,,,,0,0,0,,,,0,0,0,,,,0,0,0,,,,0,0,0,,,,0,0,0,,,,0,0,0,,,,0,0,0,,,,,,,,
7,False,NKSmini_Dialog_Group_03,2,Stage,NKS_characterDialog_c470,Locale_Character:220_name,Locale_Event:NKS_ScenarioDialog_001_01,,,0,,,0,0,0,White,2,0,0,False,None,None,None,None,None,None,,,,0,0,0,,,,0,0,0,,,,0,0,0,,,,0,0,0,,,,0,0,0,,,,0,0,0,,,,0,0,0,,,,0,0,0,,,,0,0,0,,,,0,0,0,,,,,,,,
8,True,NKSmini_Dialog_Group_05,3,Stage,NKS_characterDialog_c220,Locale_Character:220_name,Locale_Event:NKS_ScenarioDialog_001_01,,,0,,,0,0,0,None,,1500,3000,False,None,None,None,None,None,None,,,,0,0,0,,,,0,0,0,,,,0,0,0,,,,0,0,0,,,,0,0,0,,,,0,0,0,,,,0,0,0,,,,0,0,0,,,,0,0,0,,,,0,0,0,,,,,,,,
9,False,NKSmini_Dialog_Group_05,3,Stage,NKS_characterDialog_c470,Locale_Character:233_name,Locale_Event:NKS_ScenarioDialog_001_01,,,0,,,0,0,0,Black,2,0,0,False,None,None,None,None,None,None,,,,0,0,0,,,,0,0,0,,,,0,0,0,,,,0,0,0,,,,0,0,0,,,,0,0,0,,,,0,0,0,,,,0,0,0,,,,0,0,0,,,,0,0,0,,,,,,,,
100001,True,NKSmini_Dialog_Group_07_A,1,Stage,NKS_characterDialog_c220,Locale_Character:220_name,Locale_Event:NKS_ScenarioDialog_001_01,,event_bgm_redash_minigame_grassland,0,NKS_sbg_02,,0,0,-1717986918,None,,1500,3000,False,None,None,None,None,None,None,NKS_characterDialog_c220_00,characterDialog_sprite_00,,-20,100,0,,,,0,0,0,,,,0,0,0,,,,0,0,0,NKS_characterDialog_emoji,characterDialog_emoji_00,,-50,120,0,NKS_characterDialog_emoji,characterDialog_emoji_03,,-70,120,0,NKS_characterDialog_emoji,characterDialog_emoji_07,,-90,120,0,NKS_characterDialog_c928_00,characterDialog_sprite_00,,0,0,0,NKS_characterDialog_c966_01,characterDialog_sprite_00,,0,0,0,,,,0,0,0,,,,,,,,
100002,False,NKSmini_Dialog_Group_07_A,1,Stage,,Locale_Character:233_name,Locale_Event:NKS_ScenarioDialog_001_02,sfx_scn_toyshopbell,None,0,,,0,0,0,White,2,0,0,False,None,None,None,None,None,None,,,,0,0,0,NKS_characterDialog_c470_01,characterDialog_sprite_00,,20,100,0,NKS_characterDialog_c965_01,characterDialog_sprite_00,,-15,250,1717986918,,,,0,0,0,NKS_characterDialog_emoji,characterDialog_emoji_00,,-50,120,0,NKS_characterDialog_emoji,characterDialog_emoji_03,,-70,120,0,NKS_characterDialog_emoji,characterDialog_emoji_07,,-90,120,0,,,,0,0,0,,,,0,0,0,,,,0,0,0,,,,,,,,
100003,False,NKSmini_Dialog_Group_07_A,1,Stage,NKS_characterDialog_c965,Locale_Character:220_name,Locale_Event:NKS_ScenarioDialog_001_01,,event_bgm_redash_minigame_boxlv3,0,NKS_sbg_03,NKS_sbg_02,0,0,0,Set_camera_shake,Low_1,0,0,False,None,None,None,None,None,None,NKS_characterDialog_c220_01,characterDialog_sprite_00,NKS_characterDialog_c220_00,20,140,-1717986918,,,,0,0,0,,,,0,0,0,,,,0,0,0,NKS_characterDialog_emoji,characterDialog_emoji_00,,-50,120,0,NKS_characterDialog_emoji,characterDialog_emoji_03,,-70,120,0,NKS_characterDialog_emoji,characterDialog_emoji_07,,-90,120,0,,,,0,0,0,,,,0,0,0,,,,0,0,0,,,,,,,,
100004,False,NKSmini_Dialog_Group_07_A,1,Stage,,Locale_Character:233_name,Locale_Event:NKS_ScenarioDialog_001_02,sfx_scn_paperopen,None,0,,NKS_sbg_03,0,0,0,Black,2,0,0,False,None,None,None,None,None,None,,,,0,0,0,NKS_characterDialog_c470_02,characterDialog_sprite_00,,20,100,-858993459,NKS_characterDialog_c966_00,characterDialog_sprite_00,,0,100,-1717986918,,,,0,0,0,NKS_characterDialog_emoji,characterDialog_emoji_00,,-50,120,0,NKS_characterDialog_emoji,characterDialog_emoji_03,,-70,120,0,NKS_characterDialog_emoji,characterDialog_emoji_07,,-90,120,0,,,,0,0,0,,,,0,0,0,,,,0,0,0,,,,,,,,
100005,False,NKSmini_Dialog_Group_07_A,1,Stage,NKS_characterDialog_hidden,Locale_Character:220_name,Locale_Event:NKS_ScenarioDialog_001_01,,event_bgm_redash_minigame_title,0,NKS_sbg_04,,0,0,-1717986918,None,,0,0,False,None,None,None,None,None,None,NKS_characterDialog_c220_02,characterDialog_sprite_00,,-40,200,-1717986918,,,NKS_characterDialog_c470_02,0,0,0,,,,0,0,0,,,,0,0,0,NKS_characterDialog_emoji,characterDialog_emoji_00,,-50,120,0,NKS_characterDialog_emoji,characterDialog_emoji_03,,-70,120,0,NKS_characterDialog_emoji,characterDialog_emoji_07,,-90,120,0,,,,0,0,0,,,,0,0,0,,,,0,0,0,,,,,,,,
100006,False,NKSmini_Dialog_Group_07_A,1,Stage,,Locale_Character:233_name,Locale_Event:NKS_ScenarioDialog_001_02,sfx_scn_trainhorn,,0,,,0,0,0,Set_camera_shake,Low_1,0,0,False,None,None,None,None,None,None,,,NKS_characterDialog_c220_02,0,0,0,,,,0,0,0,,,,0,0,0,,,,0,0,0,NKS_characterDialog_emoji,characterDialog_emoji_00,,-50,120,0,NKS_characterDialog_emoji,characterDialog_emoji_03,,-70,120,0,NKS_characterDialog_emoji,characterDialog_emoji_07,,-90,120,0,,,,0,0,0,,,,0,0,0,,,,0,0,0,,,,,,,,
100007,False,NKSmini_Dialog_Group_07_A,1,Stage,,Locale_Character:220_name,Locale_Event:NKS_ScenarioDialog_001_01,sfx_scn_paperopen,,0,NKS_sbg_05,,0,0,-858993459,White,1,0,0,False,None,None,None,None,None,None,NKS_characterDialog_c220_00,characterDialog_sprite_00,,40,140,0,NKS_characterDialog_c470_00,characterDialog_sprite_00,,20,15,-1717986918,,,,0,0,0,,,,0,0,0,NKS_characterDialog_emoji,characterDialog_emoji_00,,-50,120,0,NKS_characterDialog_emoji,characterDialog_emoji_03,,-70,120,0,NKS_characterDialog_emoji,characterDialog_emoji_07,,-90,120,0,,,,0,0,0,,,,0,0,0,,,,0,0,0,,,,,,,,
100008,False,NKSmini_Dialog_Group_07_A,1,Stage,,Locale_Character:233_name,Locale_Event:NKS_ScenarioDialog_001_02,,None,0,,NKS_sbg_05,0,0,0,Black,1,0,0,False,None,None,None,None,None,None,,,,0,0,0,,,,0,0,0,,,,0,0,0,,,,0,0,0,NKS_characterDialog_emoji,characterDialog_emoji_00,,-50,120,0,NKS_characterDialog_emoji,characterDialog_emoji_03,,-70,120,0,NKS_characterDialog_emoji,characterDialog_emoji_07,,-90,120,0,,,,0,0,0,,,,0,0,0,,,,0,0,0,,,,,,,,
100009,False,NKSmini_Dialog_Group_07_A,1,Stage,NKS_characterDialog_c220,Locale_Character:220_name,Locale_Event:NKS_ScenarioDialog_001_01,,,0,NKS_sbg_06,NKS_sbg_04,0,0,0,Set_camera_shake,Low_1,0,0,False,None,None,None,None,None,None,NKS_characterDialog_c220_03,characterDialog_sprite_01,,-20,100,858993459,,,NKS_characterDialog_c470_00,0,0,0,NKS_characterDialog_c470_00,characterDialog_sprite_00,,-15,-200,-1717986918,,,,0,0,0,NKS_characterDialog_emoji,characterDialog_emoji_00,,-50,120,0,NKS_characterDialog_emoji,characterDialog_emoji_03,,-70,120,0,NKS_characterDialog_emoji,characterDialog_emoji_07,,-90,120,0,,,,0,0,0,,,,0,0,0,,,,0,0,0,,,,,,,,
300101,True,1ann_mini_ending_snowwhite,1,Stage,,,Locale_SubScenario:1ann_mini_ending_snowwhite_1,,event_bgm_redash_minigame_story2,0,NKS_sbg_02,,0,165,0,Set_camera_shake,Low_1,0,10000,True,Check_CurCharacter,Check_ItemHold,None,None,None,None,NKS_characterDialog_c220_01,characterDialog_sprite_01,,-81,110,0,NKS_characterDialog_c470_01,characterDialog_sprite_00,,132,10,0,,,,0,0,0,,,,0,0,0,,,,0,0,0,,,,0,0,0,,,,0,0,0,,,,0,0,0,,,,0,0,0,,,,0,0,0,usecondition_value,1.0,usecondition_value,101.0,usecondition_value,202.0,usecondition_value,110005.0
300102,False,1ann_mini_ending_snowwhite,1,Stage,NKS_characterDialog_c220,Locale_Character:220_name,Locale_SubScenario:1ann_mini_ending_snowwhite_2,,,0,,,0,0,0,None,,0,0,False,Check_CurCharacter,Check_ItemHold,None,None,None,None,NKS_characterDialog_c220_01,characterDialog_sprite_01,,-81,110,0,NKS_characterDialog_c470_01,characterDialog_sprite_00,,132,10,0,NKS_characterDialog_emoji,characterDialog_emoji_02,,-81,215,0,,,,0,0,0,,,,0,0,0,,,,0,0,0,,,,0,0,0,,,,0,0,0,,,,0,0,0,,,,0,0,0,usecondition_value,1.0,usecondition_value,101.0,usecondition_value,202.0,usecondition_value,110005.0
300103,False,1ann_mini_ending_snowwhite,1,Stage,NKS_characterDialog_c470,Locale_Character:470_name,Locale_SubScenario:1ann_mini_ending_snowwhite_3,,,0,,,0,0,0,None,,0,0,False,Check_CurCharacter,Check_ItemHold,None,None,None,None,NKS_characterDialog_c220_01,characterDialog_sprite_01,,-81,110,0,NKS_characterDialog_c470_01,characterDialog_sprite_00,,132,10,0,,,NKS_characterDialog_emoji,0,0,0,,,,0,0,0,,,,0,0,0,,,,0,0,0,,,,0,0,0,,,,0,0,0,,,,0,0,0,,,,0,0,0,usecondition_value,1.0,usecondition_value,101.0,usecondition_value,202.0,usecondition_value,110005.0
300104,False,1ann_mini_ending_snowwhite,1,Stage,NKS_characterDialog_c470,Locale_Character:470_name,Locale_SubScenario:1ann_mini_ending_snowwhite_4,,,0,,,0,0,0,None,,0,0,False,Check_CurCharacter,Check_ItemHold,None,None,None,None,NKS_characterDialog_c220_01,characterDialog_sprite_01,,-81,110,0,NKS_characterDialog_c470_01,characterDialog_sprite_00,,132,10,0,,,,0,0,0,,,,0,0,0,,,,0,0,0,,,,0,0,0,,,,0,0,0,,,,0,0,0,,,,0,0,0,,,,0,0,0,usecondition_value,1.0,usecondition_value,101.0,usecondition_value,202.0,usecondition_value,110005.0
300105,False,1ann_mini_ending_snowwhite,1,Stage,NKS_characterDialog_c220,Locale_Character:220_name,Locale_SubScenario:1ann_mini_ending_snowwhite_5,,,0,,,0,0,0,None,,0,0,False,Check_CurCharacter,Check_ItemHold,None,None,None,None,NKS_characterDialog_c220_01,characterDialog_sprite_01,,-81,110,0,NKS_characterDialog_c470_01,characterDialog_sprite_00,,132,10,0,,,,0,0,0,,,,0,0,0,,,,0,0,0,,,,0,0,0,,,,0,0,0,,,,0,0,0,,,,0,0,0,,,,0,0,0,usecondition_value,1.0,usecondition_value,101.0,usecondition_value,202.0,usecondition_value,110005.0
300106,False,1ann_mini_ending_snowwhite,1,Stage,NKS_characterDialog_c220,Locale_Character:220_name,Locale_SubScenario:1ann_mini_ending_snowwhite_6,,,0,,,0,0,0,None,,0,0,False,Check_CurCharacter,Check_ItemHold,None,None,None,None,NKS_characterDialog_c220_01,characterDialog_sprite_01,,-81,110,0,NKS_characterDialog_c470_01,characterDialog_sprite_00,,132,10,0,,,,0,0,0,,,,0,0,0,,,,0,0,0,,,,0,0,0,,,,0,0,0,,,,0,0,0,,,,0,0,0,,,,0,0,0,usecondition_value,1.0,usecondition_value,101.0,usecondition_value,202.0,usecondition_value,110005.0
300107,False,1ann_mini_ending_snowwhite,1,Stage,NKS_characterDialog_c470,Locale_Character:470_name,Locale_SubScenario:1ann_mini_ending_snowwhite_7,,,0,,,0,0,0,None,,0,0,False,Check_CurCharacter,Check_ItemHold,None,None,None,None,NKS_characterDialog_c220_01,characterDialog_sprite_01,,-81,110,0,NKS_characterDialog_c470_01,characterDialog_sprite_00,,132,10,0,,,,0,0,0,,,,0,0,0,,,,0,0,0,,,,0,0,0,,,,0,0,0,,,,0,0,0,,,,0,0,0,,,,0,0,0,usecondition_value,1.0,usecondition_value,101.0,usecondition_value,202.0,usecondition_value,110005.0
300108,False,1ann_mini_ending_snowwhite,1,Stage,NKS_characterDialog_c220,Locale_Character:220_name,Locale_SubScenario:1ann_mini_ending_snowwhite_8,,,0,,,0,0,0,None,,0,0,False,Check_CurCharacter,Check_ItemHold,None,None,None,None,NKS_characterDialog_c220_01,characterDialog_sprite_01,,-81,110,0,NKS_characterDialog_c470_01,characterDialog_sprite_00,,132,10,0,NKS_characterDialog_emoji,characterDialog_emoji_04,,-81,215,0,,,,0,0,0,,,,0,0,0,,,,0,0,0,,,,0,0,0,,,,0,0,0,,,,0,0,0,,,,0,0,0,usecondition_value,1.0,usecondition_value,101.0,usecondition_value,202.0,usecondition_value,110005.0
300109,False,1ann_mini_ending_snowwhite,1,Stage,NKS_characterDialog_c470,Locale_Character:470_name,Locale_SubScenario:1ann_mini_ending_snowwhite_9,,,0,,,0,0,0,None,,0,0,False,Check_CurCharacter,Check_ItemHold,None,None,None,None,NKS_characterDialog_c220_01,characterDialog_sprite_01,,-81,110,0,NKS_characterDialog_c470_01,characterDialog_sprite_00,,132,10,0,,,NKS_characterDialog_emoji,0,0,0,NKS_characterDialog_emoji,characterDialog_emoji_05,,132,115,0,,,,0,0,0,,,,0,0,0,,,,0,0,0,,,,0,0,0,,,,0,0,0,,,,0,0,0,usecondition_value,1.0,usecondition_value,101.0,usecondition_value,202.0,usecondition_value,110005.0
300110,False,1ann_mini_ending_snowwhite,1,Stage,NKS_characterDialog_c470,Locale_Character:470_name,Locale_SubScenario:1ann_mini_ending_snowwhite_10,,,0,,,0,0,0,None,,0,0,False,Check_CurCharacter,Check_ItemHold,None,None,None,None,NKS_characterDialog_c220_01,characterDialog_sprite_01,,-81,110,0,NKS_characterDialog_c470_01,characterDialog_sprite_00,,132,10,0,,,,0,0,0,,,NKS_characterDialog_emoji,0,0,0,,,,0,0,0,,,,0,0,0,,,,0,0,0,,,,0,0,0,,,,0,0,0,,,,0,0,0,usecondition_value,1.0,usecondition_value,101.0,usecondition_value,202.0,usecondition_value,110005.0
300111,False,1ann_mini_ending_snowwhite,1,Stage,NKS_characterDialog_c220,Locale_Character:220_name,Locale_SubScenario:1ann_mini_ending_snowwhite_11,,,0,,,0,0,0,None,,0,0,False,Check_CurCharacter,Check_ItemHold,None,None,None,None,NKS_characterDialog_c220_01,characterDialog_sprite_02,,-81,110,0,NKS_characterDialog_c470_01,characterDialog_sprite_00,,132,10,0,,,,0,0,0,,,,0,0,0,,,,0,0,0,,,,0,0,0,,,,0,0,0,,,,0,0,0,,,,0,0,0,,,,0,0,0,usecondition_value,1.0,usecondition_value,101.0,usecondition_value,202.0,usecondition_value,110005.0
300112,False,1ann_mini_ending_snowwhite,1,Stage,NKS_characterDialog_c470,Locale_Character:470_name,Locale_SubScenario:1ann_mini_ending_snowwhite_12,,,0,,,0,0,0,None,,0,0,False,Check_CurCharacter,Check_ItemHold,None,None,None,None,NKS_characterDialog_c220_01,characterDialog_sprite_02,,-81,110,0,NKS_characterDialog_c470_01,characterDialog_sprite_00,,132,10,0,,,,0,0,0,,,,0,0,0,,,,0,0,0,,,,0,0,0,,,,0,0,0,,,,0,0,0,,,,0,0,0,,,,0,0,0,usecondition_value,1.0,usecondition_value,101.0,usecondition_value,202.0,usecondition_value,110005.0
300113,False,1ann_mini_ending_snowwhite,1,Stage,NKS_characterDialog_c470,Locale_Character:470_name,Locale_SubScenario:1ann_mini_ending_snowwhite_13,,,0,,,0,0,0,None,,0,0,False,Check_CurCharacter,Check_ItemHold,None,None,None,None,NKS_characterDialog_c220_01,characterDialog_sprite_02,,-81,110,0,NKS_characterDialog_c470_01,characterDialog_sprite_00,,132,10,0,,,,0,0,0,,,,0,0,0,,,,0,0,0,,,,0,0,0,,,,0,0,0,,,,0,0,0,,,,0,0,0,,,,0,0,0,usecondition_value,1.0,usecondition_value,101.0,usecondition_value,202.0,usecondition_value,110005.0
300114,False,1ann_mini_ending_snowwhite,1,Stage,NKS_characterDialog_c470,Locale_Character:470_name,Locale_SubScenario:1ann_mini_ending_snowwhite_14,,,0,,,0,0,0,None,,0,0,False,Check_CurCharacter,Check_ItemHold,None,None,None,None,NKS_characterDialog_c220_01,characterDialog_sprite_02,,-81,110,0,NKS_characterDialog_c470_01,characterDialog_sprite_00,,132,10,0,,,,0,0,0,,,,0,0,0,,,,0,0,0,,,,0,0,0,,,,0,0,0,,,,0,0,0,,,,0,0,0,,,,0,0,0,usecondition_value,1.0,usecondition_value,101.0,usecondition_value,202.0,usecondition_value,110005.0
300115,False,1ann_mini_ending_snowwhite,1,Stage,NKS_characterDialog_c220,Locale_Character:220_name,Locale_SubScenario:1ann_mini_ending_snowwhite_15,,,0,,,0,0,0,None,,0,0,False,Check_CurCharacter,Check_ItemHold,None,None,None,None,NKS_characterDialog_c220_01,characterDialog_sprite_02,,-81,110,0,NKS_characterDialog_c470_01,characterDialog_sprite_00,,132,10,0,,,,0,0,0,,,,0,0,0,,,,0,0,0,,,,0,0,0,,,,0,0,0,,,,0,0,0,,,,0,0,0,,,,0,0,0,usecondition_value,1.0,usecondition_value,101.0,usecondition_value,202.0,usecondition_value,110005.0
300116,False,1ann_mini_ending_snowwhite,1,Stage,NKS_characterDialog_c470,Locale_Character:470_name,Locale_SubScenario:1ann_mini_ending_snowwhite_16,,,0,,,0,0,0,None,,0,0,False,Check_CurCharacter,Check_ItemHold,None,None,None,None,NKS_characterDialog_c220_01,characterDialog_sprite_02,,-81,110,0,NKS_characterDialog_c470_01,characterDialog_sprite_00,,132,10,0,,,,0,0,0,,,,0,0,0,,,,0,0,0,,,,0,0,0,,,,0,0,0,,,,0,0,0,,,,0,0,0,,,,0,0,0,usecondition_value,1.0,usecondition_value,101.0,usecondition_value,202.0,usecondition_value,110005.0
300117,False,1ann_mini_ending_snowwhite,1,Stage,NKS_characterDialog_c470,Locale_Character:470_name,Locale_SubScenario:1ann_mini_ending_snowwhite_17,,,0,,,0,0,0,None,,0,0,False,Check_CurCharacter,Check_ItemHold,None,None,None,None,NKS_characterDialog_c220_01,characterDialog_sprite_02,,-81,110,0,NKS_characterDialog_c470_01,characterDialog_sprite_00,,132,10,0,,,,0,0,0,NKS_characterDialog_emoji,characterDialog_emoji_05,,132,115,0,,,,0,0,0,,,,0,0,0,,,,0,0,0,,,,0,0,0,,,,0,0,0,,,,0,0,0,usecondition_value,1.0,usecondition_value,101.0,usecondition_value,202.0,usecondition_value,110005.0
300118,False,1ann_mini_ending_snowwhite,1,Stage,NKS_characterDialog_c220,Locale_Character:220_name,Locale_SubScenario:1ann_mini_ending_snowwhite_18,,,0,,,0,0,0,None,,0,0,False,Check_CurCharacter,Check_ItemHold,None,None,None,None,NKS_characterDialog_c220_01,characterDialog_sprite_02,,-81,110,0,NKS_characterDialog_c470_01,characterDialog_sprite_00,,132,10,0,,,,0,0,0,,,NKS_characterDialog_emoji,0,0,0,,,,0,0,0,,,,0,0,0,,,,0,0,0,,,,0,0,0,,,,0,0,0,,,,0,0,0,usecondition_value,1.0,usecondition_value,101.0,usecondition_value,202.0,usecondition_value,110005.0
300119,False,1ann_mini_ending_snowwhite,1,Stage,NKS_characterDialog_c470,Locale_Character:470_name,Locale_SubScenario:1ann_mini_ending_snowwhite_19,,,0,,,0,0,0,None,,0,0,False,Check_CurCharacter,Check_ItemHold,None,None,None,None,NKS_characterDialog_c220_01,characterDialog_sprite_02,,-81,110,0,NKS_characterDialog_c470_01,characterDialog_sprite_00,,132,10,0,,,,0,0,0,,,,0,0,0,,,,0,0,0,,,,0,0,0,,,,0,0,0,,,,0,0,0,,,,0,0,0,,,,0,0,0,usecondition_value,1.0,usecondition_value,101.0,usecondition_value,202.0,usecondition_value,110005.0
300120,False,1ann_mini_ending_snowwhite,1,Stage,NKS_characterDialog_c220,Locale_Character:220_name,Locale_SubScenario:1ann_mini_ending_snowwhite_20,,,0,,,0,0,0,None,,0,0,False,Check_CurCharacter,Check_ItemHold,None,None,None,None,NKS_characterDialog_c220_01,characterDialog_sprite_02,,-81,110,0,NKS_characterDialog_c470_01,characterDialog_sprite_00,,132,10,0,,,,0,0,0,,,,0,0,0,,,,0,0,0,,,,0,0,0,,,,0,0,0,,,,0,0,0,,,,0,0,0,,,,0,0,0,usecondition_value,1.0,usecondition_value,101.0,usecondition_value,202.0,usecondition_value,110005.0
300121,False,1ann_mini_ending_snowwhite,1,Stage,NKS_characterDialog_c470,Locale_Character:470_name,Locale_SubScenario:1ann_mini_ending_snowwhite_21,,,0,,,0,0,0,None,,0,0,False,Check_CurCharacter,Check_ItemHold,None,None,None,None,NKS_characterDialog_c220_01,characterDialog_sprite_02,,-81,110,0,NKS_characterDialog_c470_01,characterDialog_sprite_00,,132,10,0,,,,0,0,0,,,,0,0,0,,,,0,0,0,,,,0,0,0,,,,0,0,0,,,,0,0,0,,,,0,0,0,,,,0,0,0,usecondition_value,1.0,usecondition_value,101.0,usecondition_value,202.0,usecondition_value,110005.0
300122,False,1ann_mini_ending_snowwhite,1,Stage,NKS_characterDialog_c220,Locale_Character:220_name,Locale_SubScenario:1ann_mini_ending_snowwhite_22,,,0,,,0,0,0,None,,0,0,False,Check_CurCharacter,Check_ItemHold,None,None,None,None,NKS_characterDialog_c220_01,characterDialog_sprite_02,,-81,110,0,NKS_characterDialog_c470_01,characterDialog_sprite_00,,132,10,0,NKS_characterDialog_emoji,characterDialog_emoji_01,,-81,215,0,,,,0,0,0,,,,0,0,0,,,,0,0,0,,,,0,0,0,,,,0,0,0,,,,0,0,0,,,,0,0,0,usecondition_value,1.0,usecondition_value,101.0,usecondition_value,202.0,usecondition_value,110005.0
300123,False,1ann_mini_ending_snowwhite,1,Stage,NKS_characterDialog_c470,Locale_Character:470_name,Locale_SubScenario:1ann_mini_ending_snowwhite_23,,,0,,,0,0,0,None,,0,0,False,Check_CurCharacter,Check_ItemHold,None,None,None,None,NKS_characterDialog_c220_01,characterDialog_sprite_02,,-81,110,0,NKS_characterDialog_c470_01,characterDialog_sprite_00,,132,10,0,,,NKS_characterDialog_emoji,0,0,0,,,,0,0,0,,,,0,0,0,,,,0,0,0,,,,0,0,0,,,,0,0,0,,,,0,0,0,,,,0,0,0,usecondition_value,1.0,usecondition_value,101.0,usecondition_value,202.0,usecondition_value,110005.0
300124,False,1ann_mini_ending_snowwhite,1,Stage,NKS_characterDialog_c220,Locale_Character:220_name,Locale_SubScenario:1ann_mini_ending_snowwhite_24,,,0,,,0,0,0,None,,0,0,False,Check_CurCharacter,Check_ItemHold,None,None,None,None,NKS_characterDialog_c220_01,characterDialog_sprite_02,,-81,110,0,NKS_characterDialog_c470_01,characterDialog_sprite_00,,132,10,0,,,,0,0,0,,,,0,0,0,,,,0,0,0,,,,0,0,0,,,,0,0,0,,,,0,0,0,,,,0,0,0,,,,0,0,0,usecondition_value,1.0,usecondition_value,101.0,usecondition_value,202.0,usecondition_value,110005.0
300125,False,1ann_mini_ending_snowwhite,1,Stage,NKS_characterDialog_c470,Locale_Character:470_name,Locale_SubScenario:1ann_mini_ending_snowwhite_25,,,0,,,0,0,0,None,,0,0,False,Check_CurCharacter,Check_ItemHold,None,None,None,None,NKS_characterDialog_c220_01,characterDialog_sprite_02,,-81,110,0,NKS_characterDialog_c470_01,characterDialog_sprite_00,,132,10,0,,,,0,0,0,,,,0,0,0,,,,0,0,0,,,,0,0,0,,,,0,0,0,,,,0,0,0,,,,0,0,0,,,,0,0,0,usecondition_value,1.0,usecondition_value,101.0,usecondition_value,202.0,usecondition_value,110005.0
300126,False,1ann_mini_ending_snowwhite,1,Stage,NKS_characterDialog_c220,Locale_Character:220_name,Locale_SubScenario:1ann_mini_ending_snowwhite_26,,,0,,,0,0,0,None,,0,0,False,Check_CurCharacter,Check_ItemHold,None,None,None,None,NKS_characterDialog_c220_01,characterDialog_sprite_02,,-81,110,0,NKS_characterDialog_c470_01,characterDialog_sprite_00,,132,10,0,NKS_characterDialog_emoji,characterDialog_emoji_05,,-81,215,0,,,,0,0,0,,,,0,0,0,,,,0,0,0,,,,0,0,0,,,,0,0,0,,,,0,0,0,,,,0,0,0,usecondition_value,1.0,usecondition_value,101.0,usecondition_value,202.0,usecondition_value,110005.0
300127,False,1ann_mini_ending_snowwhite,1,Stage,NKS_characterDialog_c220,Locale_Character:220_name,Locale_SubScenario:1ann_mini_ending_snowwhite_27,,,0,,,0,0,0,None,,0,0,False,Check_CurCharacter,Check_ItemHold,None,None,None,None,NKS_characterDialog_c220_01,characterDialog_sprite_01,,-81,110,0,NKS_characterDialog_c470_01,characterDialog_sprite_00,,132,10,0,,,NKS_characterDialog_emoji,0,0,0,,,,0,0,0,,,,0,0,0,,,,0,0,0,,,,0,0,0,,,,0,0,0,,,,0,0,0,,,,0,0,0,usecondition_value,1.0,usecondition_value,101.0,usecondition_value,202.0,usecondition_value,110005.0
300128,False,1ann_mini_ending_snowwhite,1,Stage,NKS_characterDialog_c470,Locale_Character:470_name,Locale_SubScenario:1ann_mini_ending_snowwhite_28,,,0,,,0,0,0,None,,0,0,False,Check_CurCharacter,Check_ItemHold,None,None,None,None,NKS_characterDialog_c220_01,characterDialog_sprite_01,,-81,110,0,NKS_characterDialog_c470_01,characterDialog_sprite_00,,132,10,0,,,,0,0,0,,,,0,0,0,,,,0,0,0,,,,0,0,0,,,,0,0,0,,,,0,0,0,,,,0,0,0,,,,0,0,0,usecondition_value,1.0,usecondition_value,101.0,usecondition_value,202.0,usecondition_value,110005.0
300129,False,1ann_mini_ending_snowwhite,1,Stage,NKS_characterDialog_c470,Locale_Character:470_name,Locale_SubScenario:1ann_mini_ending_snowwhite_29,,,0,,,0,0,0,None,,0,0,False,Check_CurCharacter,Check_ItemHold,None,None,None,None,NKS_characterDialog_c220_01,characterDialog_sprite_01,,-81,110,0,NKS_characterDialog_c470_01,characterDialog_sprite_00,,132,10,0,,,,0,0,0,NKS_characterDialog_emoji,characterDialog_emoji_02,,132,115,0,,,,0,0,0,,,,0,0,0,,,,0,0,0,,,,0,0,0,,,,0,0,0,,,,0,0,0,usecondition_value,1.0,usecondition_value,101.0,usecondition_value,202.0,usecondition_value,110005.0
300130,False,1ann_mini_ending_snowwhite,1,Stage,NKS_characterDialog_c220,Locale_Character:220_name,Locale_SubScenario:1ann_mini_ending_snowwhite_30,,,0,,,0,0,0,None,,0,0,False,Check_CurCharacter,Check_ItemHold,None,None,None,None,NKS_characterDialog_c220_01,characterDialog_sprite_01,,-81,110,0,NKS_characterDialog_c470_01,characterDialog_sprite_00,,132,10,0,NKS_characterDialog_emoji,characterDialog_emoji_02,,-81,215,0,,,NKS_characterDialog_emoji,0,0,0,,,,0,0,0,,,,0,0,0,,,,0,0,0,,,,0,0,0,,,,0,0,0,,,,0,0,0,usecondition_value,1.0,usecondition_value,101.0,usecondition_value,202.0,usecondition_value,110005.0
300201,True,1ann_mini_ending_hongryeon,1,Stage,,,Locale_SubScenario:1ann_mini_ending_hongryeon_1,,event_bgm_redash_minigame_story2,0,NKS_sbg_03,,0,165,0,Set_camera_shake,Low_1,0,10000,True,Check_CurCharacter,Check_ItemHold,None,None,None,None,NKS_characterDialog_c220_02,c220_sprite_complain,,-152,122,0,NKS_characterDialog_c965_01,characterDialog_sprite_00,,-132,80,0,,,,0,0,0,,,,0,0,0,,,,0,0,0,,,,0,0,0,,,,0,0,0,,,,0,0,0,,,,0,0,0,,,,0,0,0,usecondition_value,3.0,usecondition_value,103.0,usecondition_value,204.0,usecondition_value,110006.0
300202,False,1ann_mini_ending_hongryeon,1,Stage,NKS_characterDialog_c965,Locale_Character:222_name,Locale_SubScenario:1ann_mini_ending_hongryeon_2,,,0,,,0,0,0,None,,0,0,False,Check_CurCharacter,Check_ItemHold,None,None,None,None,NKS_characterDialog_c220_02,c220_sprite_complain,,-152,122,0,NKS_characterDialog_c965_01,characterDialog_sprite_00,,-132,80,0,,,,0,0,0,NKS_characterDialog_emoji,characterDialog_emoji_01,,-71,206,0,,,,0,0,0,,,,0,0,0,,,,0,0,0,,,,0,0,0,,,,0,0,0,,,,0,0,0,usecondition_value,3.0,usecondition_value,103.0,usecondition_value,204.0,usecondition_value,110006.0
300203,False,1ann_mini_ending_hongryeon,1,Stage,NKS_characterDialog_c965,Locale_Character:222_name,Locale_SubScenario:1ann_mini_ending_hongryeon_3,,,0,,,0,0,0,None,,0,0,False,Check_CurCharacter,Check_ItemHold,None,None,None,None,NKS_characterDialog_c220_02,c220_sprite_complain,,-152,122,0,NKS_characterDialog_c965_01,characterDialog_sprite_00,,-132,80,0,,,,0,0,0,,,NKS_characterDialog_emoji,0,0,0,,,,0,0,0,,,,0,0,0,,,,0,0,0,,,,0,0,0,,,,0,0,0,,,,0,0,0,usecondition_value,3.0,usecondition_value,103.0,usecondition_value,204.0,usecondition_value,110006.0
300204,False,1ann_mini_ending_hongryeon,1,Stage,NKS_characterDialog_c220,Locale_Character:220_name,Locale_SubScenario:1ann_mini_ending_hongryeon_4,,,0,,,0,0,0,None,,0,0,False,Check_CurCharacter,Check_ItemHold,None,None,None,None,NKS_characterDialog_c220_02,c220_sprite_complain,,-152,122,0,NKS_characterDialog_c965_01,characterDialog_sprite_00,,-132,80,0,NKS_characterDialog_emoji,characterDialog_emoji_01,,-170,212,0,,,,0,0,0,,,,0,0,0,,,,0,0,0,,,,0,0,0,,,,0,0,0,,,,0,0,0,,,,0,0,0,usecondition_value,3.0,usecondition_value,103.0,usecondition_value,204.0,usecondition_value,110006.0
300205,False,1ann_mini_ending_hongryeon,1,Stage,NKS_characterDialog_c965,Locale_Character:222_name,Locale_SubScenario:1ann_mini_ending_hongryeon_5,,,0,,,0,0,0,None,,0,0,False,Check_CurCharacter,Check_ItemHold,None,None,None,None,NKS_characterDialog_c220_02,c220_sprite_complain,,-152,122,0,NKS_characterDialog_c965_01,characterDialog_sprite_00,,-132,80,0,,,NKS_characterDialog_emoji,0,0,0,,,,0,0,0,,,,0,0,0,,,,0,0,0,,,,0,0,0,,,,0,0,0,,,,0,0,0,,,,0,0,0,usecondition_value,3.0,usecondition_value,103.0,usecondition_value,204.0,usecondition_value,110006.0
300206,False,1ann_mini_ending_hongryeon,1,Stage,NKS_characterDialog_c965,Locale_Character:222_name,Locale_SubScenario:1ann_mini_ending_hongryeon_6,,,0,,,0,0,0,None,,0,0,False,Check_CurCharacter,Check_ItemHold,None,None,None,None,NKS_characterDialog_c220_02,c220_sprite_complain,,-152,122,0,NKS_characterDialog_c965_01,characterDialog_sprite_00,,-132,80,0,,,,0,0,0,,,,0,0,0,,,,0,0,0,,,,0,0,0,,,,0,0,0,,,,0,0,0,,,,0,0,0,,,,0,0,0,usecondition_value,3.0,usecondition_value,103.0,usecondition_value,204.0,usecondition_value,110006.0
300207,False,1ann_mini_ending_hongryeon,1,Stage,NKS_characterDialog_c220,Locale_Character:220_name,Locale_SubScenario:1ann_mini_ending_hongryeon_7,,,0,,,0,0,0,None,,0,0,False,Check_CurCharacter,Check_ItemHold,None,None,None,None,NKS_characterDialog_c220_02,c220_sprite_complain,,-152,122,0,NKS_characterDialog_c965_01,characterDialog_sprite_00,,-132,80,0,,,,0,0,0,,,,0,0,0,,,,0,0,0,,,,0,0,0,,,,0,0,0,,,,0,0,0,,,,0,0,0,,,,0,0,0,usecondition_value,3.0,usecondition_value,103.0,usecondition_value,204.0,usecondition_value,110006.0
300208,False,1ann_mini_ending_hongryeon,1,Stage,NKS_characterDialog_c220,Locale_Character:220_name,Locale_SubScenario:1ann_mini_ending_hongryeon_8,,,0,,,0,0,0,None,,0,0,False,Check_CurCharacter,Check_ItemHold,None,None,None,None,NKS_characterDialog_c220_02,c220_sprite_complain,,-152,122,0,NKS_characterDialog_c965_01,characterDialog_sprite_00,,-132,80,0,,,,0,0,0,,,,0,0,0,,,,0,0,0,,,,0,0,0,,,,0,0,0,,,,0,0,0,,,,0,0,0,,,,0,0,0,usecondition_value,3.0,usecondition_value,103.0,usecondition_value,204.0,usecondition_value,110006.0
300209,False,1ann_mini_ending_hongryeon,1,Stage,NKS_characterDialog_c965,Locale_Character:222_name,Locale_SubScenario:1ann_mini_ending_hongryeon_9,,,0,,,0,0,0,None,,0,0,False,Check_CurCharacter,Check_ItemHold,None,None,None,None,NKS_characterDialog_c220_02,c220_sprite_complain,,-152,122,0,NKS_characterDialog_c965_01,characterDialog_sprite_00,,-132,80,0,,,,0,0,0,,,,0,0,0,,,,0,0,0,,,,0,0,0,,,,0,0,0,,,,0,0,0,,,,0,0,0,,,,0,0,0,usecondition_value,3.0,usecondition_value,103.0,usecondition_value,204.0,usecondition_value,110006.0
300210,False,1ann_mini_ending_hongryeon,1,Stage,NKS_characterDialog_c965,Locale_Character:222_name,Locale_SubScenario:1ann_mini_ending_hongryeon_10,,,0,,,0,0,0,None,,0,0,False,Check_CurCharacter,Check_ItemHold,None,None,None,None,NKS_characterDialog_c220_02,c220_sprite_complain,,-152,122,0,NKS_characterDialog_c965_01,characterDialog_sprite_00,,-132,80,0,,,,0,0,0,,,,0,0,0,,,,0,0,0,,,,0,0,0,,,,0,0,0,,,,0,0,0,,,,0,0,0,,,,0,0,0,usecondition_value,3.0,usecondition_value,103.0,usecondition_value,204.0,usecondition_value,110006.0
300211,False,1ann_mini_ending_hongryeon,1,Stage,NKS_characterDialog_c220,Locale_Character:220_name,Locale_SubScenario:1ann_mini_ending_hongryeon_11,,,0,,,0,0,0,None,,0,0,False,Check_CurCharacter,Check_ItemHold,None,None,None,None,NKS_characterDialog_c220_02,c220_sprite_complain,,-152,122,0,NKS_characterDialog_c965_01,characterDialog_sprite_00,,-132,80,0,,,,0,0,0,,,,0,0,0,,,,0,0,0,,,,0,0,0,,,,0,0,0,,,,0,0,0,,,,0,0,0,,,,0,0,0,usecondition_value,3.0,usecondition_value,103.0,usecondition_value,204.0,usecondition_value,110006.0
300212,False,1ann_mini_ending_hongryeon,1,Stage,NKS_characterDialog_c965,Locale_Character:222_name,Locale_SubScenario:1ann_mini_ending_hongryeon_12,,,0,,,0,0,0,None,,0,0,False,Check_CurCharacter,Check_ItemHold,None,None,None,None,NKS_characterDialog_c220_02,c220_sprite_complain,,-152,122,0,NKS_characterDialog_c965_01,characterDialog_sprite_00,,-132,80,0,,,,0,0,0,,,,0,0,0,,,,0,0,0,,,,0,0,0,,,,0,0,0,,,,0,0,0,,,,0,0,0,,,,0,0,0,usecondition_value,3.0,usecondition_value,103.0,usecondition_value,204.0,usecondition_value,110006.0
300213,False,1ann_mini_ending_hongryeon,1,Stage,NKS_characterDialog_c965,Locale_Character:222_name,Locale_SubScenario:1ann_mini_ending_hongryeon_13,,,0,,,0,0,0,None,,0,0,False,Check_CurCharacter,Check_ItemHold,None,None,None,None,NKS_characterDialog_c220_02,c220_sprite_complain,,-152,122,0,NKS_characterDialog_c965_01,characterDialog_sprite_00,,-132,80,0,,,,0,0,0,,,,0,0,0,,,,0,0,0,,,,0,0,0,,,,0,0,0,,,,0,0,0,,,,0,0,0,,,,0,0,0,usecondition_value,3.0,usecondition_value,103.0,usecondition_value,204.0,usecondition_value,110006.0
300214,False,1ann_mini_ending_hongryeon,1,Stage,NKS_characterDialog_c220,Locale_Character:220_name,Locale_SubScenario:1ann_mini_ending_hongryeon_14,,,0,,,0,0,0,None,,0,0,False,Check_CurCharacter,Check_ItemHold,None,None,None,None,NKS_characterDialog_c220_02,c220_sprite_complain,,-152,122,0,NKS_characterDialog_c965_01,characterDialog_sprite_00,,-132,80,0,,,,0,0,0,,,,0,0,0,,,,0,0,0,,,,0,0,0,,,,0,0,0,,,,0,0,0,,,,0,0,0,,,,0,0,0,usecondition_value,3.0,usecondition_value,103.0,usecondition_value,204.0,usecondition_value,110006.0
300215,False,1ann_mini_ending_hongryeon,1,Stage,NKS_characterDialog_c220,Locale_Character:220_name,Locale_SubScenario:1ann_mini_ending_hongryeon_15,,,0,,,0,0,0,None,,0,0,False,Check_CurCharacter,Check_ItemHold,None,None,None,None,NKS_characterDialog_c220_02,c220_sprite_complain,,-152,122,0,NKS_characterDialog_c965_01,characterDialog_sprite_00,,-132,80,0,,,,0,0,0,,,,0,0,0,,,,0,0,0,,,,0,0,0,,,,0,0,0,,,,0,0,0,,,,0,0,0,,,,0,0,0,usecondition_value,3.0,usecondition_value,103.0,usecondition_value,204.0,usecondition_value,110006.0
300216,False,1ann_mini_ending_hongryeon,1,Stage,NKS_characterDialog_c965,Locale_Character:222_name,Locale_SubScenario:1ann_mini_ending_hongryeon_16,,,0,,,0,0,0,None,,0,0,False,Check_CurCharacter,Check_ItemHold,None,None,None,None,NKS_characterDialog_c220_02,c220_sprite_complain,,-152,122,0,NKS_characterDialog_c965_01,characterDialog_sprite_00,,-132,80,0,,,,0,0,0,,,,0,0,0,,,,0,0,0,,,,0,0,0,,,,0,0,0,,,,0,0,0,,,,0,0,0,,,,0,0,0,usecondition_value,3.0,usecondition_value,103.0,usecondition_value,204.0,usecondition_value,110006.0
300217,False,1ann_mini_ending_hongryeon,1,Stage,NKS_characterDialog_c965,Locale_Character:222_name,Locale_SubScenario:1ann_mini_ending_hongryeon_17,,,0,,,0,0,0,None,,0,0,False,Check_CurCharacter,Check_ItemHold,None,None,None,None,NKS_characterDialog_c220_02,c220_sprite_complain,,-152,122,0,NKS_characterDialog_c965_01,characterDialog_sprite_00,,-132,80,0,,,,0,0,0,,,,0,0,0,,,,0,0,0,,,,0,0,0,,,,0,0,0,,,,0,0,0,,,,0,0,0,,,,0,0,0,usecondition_value,3.0,usecondition_value,103.0,usecondition_value,204.0,usecondition_value,110006.0
300218,False,1ann_mini_ending_hongryeon,1,Stage,NKS_characterDialog_c965,Locale_Character:222_name,Locale_SubScenario:1ann_mini_ending_hongryeon_18,,,0,,,0,0,0,None,,0,0,False,Check_CurCharacter,Check_ItemHold,None,None,None,None,NKS_characterDialog_c220_02,c220_sprite_complain,,-152,122,0,NKS_characterDialog_c965_01,characterDialog_sprite_00,,-132,80,0,,,,0,0,0,,,,0,0,0,,,,0,0,0,,,,0,0,0,,,,0,0,0,,,,0,0,0,,,,0,0,0,,,,0,0,0,usecondition_value,3.0,usecondition_value,103.0,usecondition_value,204.0,usecondition_value,110006.0
300219,False,1ann_mini_ending_hongryeon,1,Stage,NKS_characterDialog_c220,Locale_Character:220_name,Locale_SubScenario:1ann_mini_ending_hongryeon_19,,,0,,,0,0,0,None,,0,0,False,Check_CurCharacter,Check_ItemHold,None,None,None,None,NKS_characterDialog_c220_02,c220_sprite_complain,,-152,122,0,NKS_characterDialog_c965_01,characterDialog_sprite_00,,-132,80,0,,,,0,0,0,,,,0,0,0,,,,0,0,0,,,,0,0,0,,,,0,0,0,,,,0,0,0,,,,0,0,0,,,,0,0,0,usecondition_value,3.0,usecondition_value,103.0,usecondition_value,204.0,usecondition_value,110006.0
300220,False,1ann_mini_ending_hongryeon,1,Stage,NKS_characterDialog_c965,Locale_Character:222_name,Locale_SubScenario:1ann_mini_ending_hongryeon_20,,,0,,,0,0,0,None,,0,0,False,Check_CurCharacter,Check_ItemHold,None,None,None,None,NKS_characterDialog_c220_02,c220_sprite_complain,,-152,122,0,NKS_characterDialog_c965_01,characterDialog_sprite_00,,-132,80,0,,,,0,0,0,,,,0,0,0,,,,0,0,0,,,,0,0,0,,,,0,0,0,,,,0,0,0,,,,0,0,0,,,,0,0,0,usecondition_value,3.0,usecondition_value,103.0,usecondition_value,204.0,usecondition_value,110006.0
300221,False,1ann_mini_ending_hongryeon,1,Stage,NKS_characterDialog_c965,Locale_Character:222_name,Locale_SubScenario:1ann_mini_ending_hongryeon_21,,,0,,,0,0,0,None,,0,0,False,Check_CurCharacter,Check_ItemHold,None,None,None,None,NKS_characterDialog_c220_02,c220_sprite_complain,,-152,122,0,NKS_characterDialog_c965_01,characterDialog_sprite_00,,-132,80,0,,,,0,0,0,,,,0,0,0,,,,0,0,0,,,,0,0,0,,,,0,0,0,,,,0,0,0,,,,0,0,0,,,,0,0,0,usecondition_value,3.0,usecondition_value,103.0,usecondition_value,204.0,usecondition_value,110006.0
300222,False,1ann_mini_ending_hongryeon,1,Stage,NKS_characterDialog_c220,Locale_Character:220_name,Locale_SubScenario:1ann_mini_ending_hongryeon_22,,,0,,,0,0,0,None,,0,0,False,Check_CurCharacter,Check_ItemHold,None,None,None,None,NKS_characterDialog_c220_02,c220_sprite_complain,,-152,122,0,NKS_characterDialog_c965_01,characterDialog_sprite_00,,-132,80,0,,,,0,0,0,,,,0,0,0,,,,0,0,0,,,,0,0,0,,,,0,0,0,,,,0,0,0,,,,0,0,0,,,,0,0,0,usecondition_value,3.0,usecondition_value,103.0,usecondition_value,204.0,usecondition_value,110006.0
300223,False,1ann_mini_ending_hongryeon,1,Stage,NKS_characterDialog_c965,Locale_Character:222_name,Locale_SubScenario:1ann_mini_ending_hongryeon_23,,,0,,,0,0,0,None,,0,0,False,Check_CurCharacter,Check_ItemHold,None,None,None,None,NKS_characterDialog_c220_02,c220_sprite_complain,,-152,122,0,NKS_characterDialog_c965_01,characterDialog_sprite_00,,-132,80,0,,,,0,0,0,,,,0,0,0,,,,0,0,0,,,,0,0,0,,,,0,0,0,,,,0,0,0,,,,0,0,0,,,,0,0,0,usecondition_value,3.0,usecondition_value,103.0,usecondition_value,204.0,usecondition_value,110006.0
300224,False,1ann_mini_ending_hongryeon,1,Stage,NKS_characterDialog_c220,Locale_Character:220_name,Locale_SubScenario:1ann_mini_ending_hongryeon_24,,,0,,,0,0,0,None,,0,0,False,Check_CurCharacter,Check_ItemHold,None,None,None,None,NKS_characterDialog_c220_02,c220_sprite_complain,,-152,122,0,NKS_characterDialog_c965_01,characterDialog_sprite_00,,-132,80,0,,,,0,0,0,,,,0,0,0,,,,0,0,0,,,,0,0,0,,,,0,0,0,,,,0,0,0,,,,0,0,0,,,,0,0,0,usecondition_value,3.0,usecondition_value,103.0,usecondition_value,204.0,usecondition_value,110006.0
300225,False,1ann_mini_ending_hongryeon,1,Stage,NKS_characterDialog_c220,Locale_Character:220_name,Locale_SubScenario:1ann_mini_ending_hongryeon_25,,,0,,,0,0,0,None,,0,0,False,Check_CurCharacter,Check_ItemHold,None,None,None,None,NKS_characterDialog_c220_02,c220_sprite_complain,,-152,122,0,NKS_characterDialog_c965_01,characterDialog_sprite_00,,-132,80,0,,,,0,0,0,,,,0,0,0,,,,0,0,0,,,,0,0,0,,,,0,0,0,,,,0,0,0,,,,0,0,0,,,,0,0,0,usecondition_value,3.0,usecondition_value,103.0,usecondition_value,204.0,usecondition_value,110006.0
300226,False,1ann_mini_ending_hongryeon,1,Stage,NKS_characterDialog_c965,Locale_Character:222_name,Locale_SubScenario:1ann_mini_ending_hongryeon_26,,,0,,,0,0,0,None,,0,0,False,Check_CurCharacter,Check_ItemHold,None,None,None,None,NKS_characterDialog_c220_02,c220_sprite_complain,,-152,122,0,NKS_characterDialog_c965_01,characterDialog_sprite_00,,-132,80,0,,,,0,0,0,NKS_characterDialog_emoji,characterDialog_emoji_05,,-71,206,0,,,,0,0,0,,,,0,0,0,,,,0,0,0,,,,0,0,0,,,,0,0,0,,,,0,0,0,usecondition_value,3.0,usecondition_value,103.0,usecondition_value,204.0,usecondition_value,110006.0
300227,False,1ann_mini_ending_hongryeon,1,Stage,NKS_characterDialog_c220,Locale_Character:220_name,Locale_SubScenario:1ann_mini_ending_hongryeon_27,,,0,,,0,0,0,None,,0,0,False,Check_CurCharacter,Check_ItemHold,None,None,None,None,NKS_characterDialog_c220_02,c220_sprite_complain,,-152,122,0,NKS_characterDialog_c965_01,characterDialog_sprite_00,,-132,80,0,,,,0,0,0,,,NKS_characterDialog_emoji,0,0,0,,,,0,0,0,,,,0,0,0,,,,0,0,0,,,,0,0,0,,,,0,0,0,,,,0,0,0,usecondition_value,3.0,usecondition_value,103.0,usecondition_value,204.0,usecondition_value,110006.0
300228,False,1ann_mini_ending_hongryeon,1,Stage,NKS_characterDialog_c220,Locale_Character:220_name,Locale_SubScenario:1ann_mini_ending_hongryeon_28,,,0,,,0,0,0,None,,0,0,False,Check_CurCharacter,Check_ItemHold,None,None,None,None,NKS_characterDialog_c220_02,c220_sprite_complain,,-152,122,0,NKS_characterDialog_c965_01,characterDialog_sprite_00,,-132,80,0,,,,0,0,0,,,,0,0,0,,,,0,0,0,,,,0,0,0,,,,0,0,0,,,,0,0,0,,,,0,0,0,,,,0,0,0,usecondition_value,3.0,usecondition_value,103.0,usecondition_value,204.0,usecondition_value,110006.0
300229,False,1ann_mini_ending_hongryeon,1,Stage,NKS_characterDialog_c965,Locale_Character:222_name,Locale_SubScenario:1ann_mini_ending_hongryeon_29,,,0,,,0,0,0,None,,0,0,False,Check_CurCharacter,Check_ItemHold,None,None,None,None,NKS_characterDialog_c220_02,c220_sprite_complain,,-152,122,0,NKS_characterDialog_c965_01,characterDialog_sprite_00,,-132,80,0,,,,0,0,0,,,,0,0,0,,,,0,0,0,,,,0,0,0,,,,0,0,0,,,,0,0,0,,,,0,0,0,,,,0,0,0,usecondition_value,3.0,usecondition_value,103.0,usecondition_value,204.0,usecondition_value,110006.0
300230,False,1ann_mini_ending_hongryeon,1,Stage,NKS_characterDialog_c965,Locale_Character:222_name,Locale_SubScenario:1ann_mini_ending_hongryeon_30,,,0,,,0,0,0,None,,0,0,False,Check_CurCharacter,Check_ItemHold,None,None,None,None,NKS_characterDialog_c220_02,c220_sprite_complain,,-152,122,0,NKS_characterDialog_c965_01,characterDialog_sprite_00,,-132,80,0,,,,0,0,0,,,,0,0,0,,,,0,0,0,,,,0,0,0,,,,0,0,0,,,,0,0,0,,,,0,0,0,,,,0,0,0,usecondition_value,3.0,usecondition_value,103.0,usecondition_value,204.0,usecondition_value,110006.0
300231,False,1ann_mini_ending_hongryeon,1,Stage,NKS_characterDialog_c965,Locale_Character:222_name,Locale_SubScenario:1ann_mini_ending_hongryeon_31,,,0,,,0,0,0,None,,0,0,False,Check_CurCharacter,Check_ItemHold,None,None,None,None,NKS_characterDialog_c220_02,c220_sprite_complain,,-152,122,0,NKS_characterDialog_c965_01,characterDialog_sprite_00,,-132,80,0,,,,0,0,0,,,,0,0,0,,,,0,0,0,,,,0,0,0,,,,0,0,0,,,,0,0,0,,,,0,0,0,,,,0,0,0,usecondition_value,3.0,usecondition_value,103.0,usecondition_value,204.0,usecondition_value,110006.0
300232,False,1ann_mini_ending_hongryeon,1,Stage,NKS_characterDialog_c220,Locale_Character:220_name,Locale_SubScenario:1ann_mini_ending_hongryeon_32,,,0,,,0,0,0,None,,0,0,False,Check_CurCharacter,Check_ItemHold,None,None,None,None,NKS_characterDialog_c220_02,c220_sprite_complain,,-152,122,0,NKS_characterDialog_c965_01,characterDialog_sprite_00,,-132,80,0,,,,0,0,0,,,,0,0,0,,,,0,0,0,,,,0,0,0,,,,0,0,0,,,,0,0,0,,,,0,0,0,,,,0,0,0,usecondition_value,3.0,usecondition_value,103.0,usecondition_value,204.0,usecondition_value,110006.0
300233,False,1ann_mini_ending_hongryeon,1,Stage,NKS_characterDialog_c220,Locale_Character:220_name,Locale_SubScenario:1ann_mini_ending_hongryeon_33,,,0,,,0,0,0,None,,0,0,False,Check_CurCharacter,Check_ItemHold,None,None,None,None,NKS_characterDialog_c220_02,c220_sprite_complain,,-152,122,0,NKS_characterDialog_c965_01,characterDialog_sprite_00,,-132,80,0,NKS_characterDialog_emoji,characterDialog_emoji_03,,-170,212,0,,,,0,0,0,,,,0,0,0,,,,0,0,0,,,,0,0,0,,,,0,0,0,,,,0,0,0,,,,0,0,0,usecondition_value,3.0,usecondition_value,103.0,usecondition_value,204.0,usecondition_value,110006.0
300234,False,1ann_mini_ending_hongryeon,1,Stage,NKS_characterDialog_c965,Locale_Character:222_name,Locale_SubScenario:1ann_mini_ending_hongryeon_34,,,0,,,0,0,0,None,,0,0,False,Check_CurCharacter,Check_ItemHold,None,None,None,None,NKS_characterDialog_c220_02,c220_sprite_complain,,-152,122,0,NKS_characterDialog_c965_01,characterDialog_sprite_00,,-132,80,0,,,NKS_characterDialog_emoji,0,0,0,NKS_characterDialog_emoji,characterDialog_emoji_06,,-71,206,0,,,,0,0,0,,,,0,0,0,,,,0,0,0,,,,0,0,0,,,,0,0,0,,,,0,0,0,usecondition_value,3.0,usecondition_value,103.0,usecondition_value,204.0,usecondition_value,110006.0
300235,False,1ann_mini_ending_hongryeon,1,Stage,NKS_characterDialog_c965,Locale_Character:222_name,Locale_SubScenario:1ann_mini_ending_hongryeon_35,,,0,,,0,0,0,None,,0,0,False,Check_CurCharacter,Check_ItemHold,None,None,None,None,NKS_characterDialog_c220_02,c220_sprite_complain,,-152,122,0,NKS_characterDialog_c965_01,characterDialog_sprite_00,,-132,80,0,,,,0,0,0,,,NKS_characterDialog_emoji,0,0,0,,,,0,0,0,,,,0,0,0,,,,0,0,0,,,,0,0,0,,,,0,0,0,,,,0,0,0,usecondition_value,3.0,usecondition_value,103.0,usecondition_value,204.0,usecondition_value,110006.0
300236,False,1ann_mini_ending_hongryeon,1,Stage,NKS_characterDialog_c220,Locale_Character:220_name,Locale_SubScenario:1ann_mini_ending_hongryeon_36,,,0,,,0,0,0,None,,0,0,False,Check_CurCharacter,Check_ItemHold,None,None,None,None,NKS_characterDialog_c220_02,c220_sprite_complain,,-152,122,0,NKS_characterDialog_c965_01,characterDialog_sprite_00,,-132,80,0,NKS_characterDialog_emoji,characterDialog_emoji_02,,-170,212,0,,,,0,0,0,,,,0,0,0,,,,0,0,0,,,,0,0,0,,,,0,0,0,,,,0,0,0,,,,0,0,0,usecondition_value,3.0,usecondition_value,103.0,usecondition_value,204.0,usecondition_value,110006.0
300237,False,1ann_mini_ending_hongryeon,1,Stage,NKS_characterDialog_c965,Locale_Character:222_name,Locale_SubScenario:1ann_mini_ending_hongryeon_37,,,0,,,0,0,0,None,,0,0,False,Check_CurCharacter,Check_ItemHold,None,None,None,None,NKS_characterDialog_c220_02,c220_sprite_complain,,-152,122,0,NKS_characterDialog_c965_01,characterDialog_sprite_00,,-132,80,0,,,NKS_characterDialog_emoji,0,0,0,NKS_characterDialog_emoji,characterDialog_emoji_02,,-71,206,0,,,,0,0,0,,,,0,0,0,,,,0,0,0,,,,0,0,0,,,,0,0,0,,,,0,0,0,usecondition_value,3.0,usecondition_value,103.0,usecondition_value,204.0,usecondition_value,110006.0
300238,False,1ann_mini_ending_hongryeon,1,Stage,NKS_characterDialog_c965,Locale_Character:222_name,Locale_SubScenario:1ann_mini_ending_hongryeon_38,,,0,,,0,0,0,None,,0,0,False,Check_CurCharacter,Check_ItemHold,None,None,None,None,NKS_characterDialog_c220_02,c220_sprite_complain,,-152,122,0,NKS_characterDialog_c965_01,characterDialog_sprite_00,,-132,80,0,,,,0,0,0,,,NKS_characterDialog_emoji,0,0,0,,,,0,0,0,,,,0,0,0,,,,0,0,0,,,,0,0,0,,,,0,0,0,,,,0,0,0,usecondition_value,3.0,usecondition_value,103.0,usecondition_value,204.0,usecondition_value,110006.0
300301,True,1ann_mini_ending_rapunzel,1,Stage,,,Locale_SubScenario:1ann_mini_ending_rapunzel_1,,event_bgm_redash_minigame_story1,0,NKS_sbg_04,,0,165,0,Set_camera_shake,Low_1,0,10000,True,Check_CurCharacter,Check_ItemHold,None,None,None,None,NKS_characterDialog_c220_03,characterDialog_sprite_00,,-105,-27,0,NKS_characterDialog_c966_01,characterDialog_sprite_00,,120,-30,0,,,,0,0,0,,,,0,0,0,,,,0,0,0,,,,0,0,0,,,,0,0,0,,,,0,0,0,,,,0,0,0,,,,0,0,0,usecondition_value,4.0,usecondition_value,104.0,usecondition_value,205.0,usecondition_value,110007.0
300302,False,1ann_mini_ending_rapunzel,1,Stage,NKS_characterDialog_c220,Locale_Character:220_name,Locale_SubScenario:1ann_mini_ending_rapunzel_2,,,0,,,0,0,0,None,,0,0,False,Check_CurCharacter,Check_ItemHold,None,None,None,None,NKS_characterDialog_c220_03,characterDialog_sprite_00,,-105,-27,0,NKS_characterDialog_c966_01,characterDialog_sprite_00,,120,-30,0,NKS_characterDialog_emoji,characterDialog_emoji_01,,-105,78,0,,,,0,0,0,,,,0,0,0,,,,0,0,0,,,,0,0,0,,,,0,0,0,,,,0,0,0,,,,0,0,0,usecondition_value,4.0,usecondition_value,104.0,usecondition_value,205.0,usecondition_value,110007.0
300303,False,1ann_mini_ending_rapunzel,1,Stage,NKS_characterDialog_c220,Locale_Character:220_name,Locale_SubScenario:1ann_mini_ending_rapunzel_3,,,0,,,0,0,0,None,,0,0,False,Check_CurCharacter,Check_ItemHold,None,None,None,None,NKS_characterDialog_c220_03,characterDialog_sprite_00,,-105,-27,0,NKS_characterDialog_c966_01,characterDialog_sprite_00,,120,-30,0,,,NKS_characterDialog_emoji,0,0,0,,,,0,0,0,,,,0,0,0,,,,0,0,0,,,,0,0,0,,,,0,0,0,,,,0,0,0,,,,0,0,0,usecondition_value,4.0,usecondition_value,104.0,usecondition_value,205.0,usecondition_value,110007.0
300304,False,1ann_mini_ending_rapunzel,1,Stage,NKS_characterDialog_c220,Locale_Character:220_name,Locale_SubScenario:1ann_mini_ending_rapunzel_4,,,0,,,0,0,0,None,,0,0,False,Check_CurCharacter,Check_ItemHold,None,None,None,None,NKS_characterDialog_c220_03,characterDialog_sprite_00,,-105,-27,0,NKS_characterDialog_c966_01,characterDialog_sprite_00,,120,-30,0,,,,0,0,0,,,,0,0,0,,,,0,0,0,,,,0,0,0,,,,0,0,0,,,,0,0,0,,,,0,0,0,,,,0,0,0,usecondition_value,4.0,usecondition_value,104.0,usecondition_value,205.0,usecondition_value,110007.0
300305,False,1ann_mini_ending_rapunzel,1,Stage,NKS_characterDialog_c966,Locale_Character:221_name,Locale_SubScenario:1ann_mini_ending_rapunzel_5,,,0,,,0,0,0,None,,0,0,False,Check_CurCharacter,Check_ItemHold,None,None,None,None,NKS_characterDialog_c220_03,characterDialog_sprite_01,,-105,-27,0,NKS_characterDialog_c966_01,characterDialog_sprite_00,,120,-30,0,,,,0,0,0,NKS_characterDialog_emoji,characterDialog_emoji_07,,120,94,0,,,,0,0,0,,,,0,0,0,,,,0,0,0,,,,0,0,0,,,,0,0,0,,,,0,0,0,usecondition_value,4.0,usecondition_value,104.0,usecondition_value,205.0,usecondition_value,110007.0
300306,False,1ann_mini_ending_rapunzel,1,Stage,NKS_characterDialog_c220,Locale_Character:220_name,Locale_SubScenario:1ann_mini_ending_rapunzel_6,,,0,,,0,0,0,None,,0,0,False,Check_CurCharacter,Check_ItemHold,None,None,None,None,NKS_characterDialog_c220_03,characterDialog_sprite_00,,-105,-27,0,NKS_characterDialog_c966_01,characterDialog_sprite_00,,120,-30,0,,,,0,0,0,,,NKS_characterDialog_emoji,0,0,0,,,,0,0,0,,,,0,0,0,,,,0,0,0,,,,0,0,0,,,,0,0,0,,,,0,0,0,usecondition_value,4.0,usecondition_value,104.0,usecondition_value,205.0,usecondition_value,110007.0
300307,False,1ann_mini_ending_rapunzel,1,Stage,NKS_characterDialog_c220,Locale_Character:220_name,Locale_SubScenario:1ann_mini_ending_rapunzel_7,,,0,,,0,0,0,None,,0,0,False,Check_CurCharacter,Check_ItemHold,None,None,None,None,NKS_characterDialog_c220_03,characterDialog_sprite_00,,-105,-27,0,NKS_characterDialog_c966_01,characterDialog_sprite_00,,120,-30,0,,,,0,0,0,,,,0,0,0,,,,0,0,0,,,,0,0,0,,,,0,0,0,,,,0,0,0,,,,0,0,0,,,,0,0,0,usecondition_value,4.0,usecondition_value,104.0,usecondition_value,205.0,usecondition_value,110007.0
300308,False,1ann_mini_ending_rapunzel,1,Stage,NKS_characterDialog_c966,Locale_Character:221_name,Locale_SubScenario:1ann_mini_ending_rapunzel_8,,,0,,,0,0,0,None,,0,0,False,Check_CurCharacter,Check_ItemHold,None,None,None,None,NKS_characterDialog_c220_03,characterDialog_sprite_00,,-105,-27,0,NKS_characterDialog_c966_01,characterDialog_sprite_00,,120,-30,0,,,,0,0,0,NKS_characterDialog_emoji,characterDialog_emoji_05,,120,94,0,,,,0,0,0,,,,0,0,0,,,,0,0,0,,,,0,0,0,,,,0,0,0,,,,0,0,0,usecondition_value,4.0,usecondition_value,104.0,usecondition_value,205.0,usecondition_value,110007.0
300309,False,1ann_mini_ending_rapunzel,1,Stage,NKS_characterDialog_c220,Locale_Character:220_name,Locale_SubScenario:1ann_mini_ending_rapunzel_9,,,0,,,0,0,0,None,,0,0,False,Check_CurCharacter,Check_ItemHold,None,None,None,None,NKS_characterDialog_c220_03,characterDialog_sprite_00,,-105,-27,0,NKS_characterDialog_c966_01,characterDialog_sprite_00,,120,-30,0,,,,0,0,0,,,NKS_characterDialog_emoji,0,0,0,,,,0,0,0,,,,0,0,0,,,,0,0,0,,,,0,0,0,,,,0,0,0,,,,0,0,0,usecondition_value,4.0,usecondition_value,104.0,usecondition_value,205.0,usecondition_value,110007.0
300310,False,1ann_mini_ending_rapunzel,1,Stage,NKS_characterDialog_c966,Locale_Character:221_name,Locale_SubScenario:1ann_mini_ending_rapunzel_10,,,0,,,0,0,0,None,,0,0,False,Check_CurCharacter,Check_ItemHold,None,None,None,None,NKS_characterDialog_c220_03,characterDialog_sprite_00,,-105,-27,0,NKS_characterDialog_c966_01,characterDialog_sprite_00,,120,-30,0,,,,0,0,0,,,,0,0,0,,,,0,0,0,,,,0,0,0,,,,0,0,0,,,,0,0,0,,,,0,0,0,,,,0,0,0,usecondition_value,4.0,usecondition_value,104.0,usecondition_value,205.0,usecondition_value,110007.0
300311,False,1ann_mini_ending_rapunzel,1,Stage,NKS_characterDialog_c966,Locale_Character:221_name,Locale_SubScenario:1ann_mini_ending_rapunzel_11,,,0,,,0,0,0,None,,0,0,False,Check_CurCharacter,Check_ItemHold,None,None,None,None,NKS_characterDialog_c220_03,characterDialog_sprite_00,,-105,-27,0,NKS_characterDialog_c966_01,characterDialog_sprite_00,,120,-30,0,,,,0,0,0,,,,0,0,0,,,,0,0,0,,,,0,0,0,,,,0,0,0,,,,0,0,0,,,,0,0,0,,,,0,0,0,usecondition_value,4.0,usecondition_value,104.0,usecondition_value,205.0,usecondition_value,110007.0
300312,False,1ann_mini_ending_rapunzel,1,Stage,NKS_characterDialog_c220,Locale_Character:220_name,Locale_SubScenario:1ann_mini_ending_rapunzel_12,,,0,,,0,0,0,None,,0,0,False,Check_CurCharacter,Check_ItemHold,None,None,None,None,NKS_characterDialog_c220_03,characterDialog_sprite_00,,-105,-27,0,NKS_characterDialog_c966_01,characterDialog_sprite_00,,120,-30,0,,,,0,0,0,,,,0,0,0,,,,0,0,0,,,,0,0,0,,,,0,0,0,,,,0,0,0,,,,0,0,0,,,,0,0,0,usecondition_value,4.0,usecondition_value,104.0,usecondition_value,205.0,usecondition_value,110007.0
300313,False,1ann_mini_ending_rapunzel,1,Stage,NKS_characterDialog_c966,Locale_Character:221_name,Locale_SubScenario:1ann_mini_ending_rapunzel_13,,,0,,,0,0,0,None,,0,0,False,Check_CurCharacter,Check_ItemHold,None,None,None,None,NKS_characterDialog_c220_03,characterDialog_sprite_00,,-105,-27,0,NKS_characterDialog_c966_01,characterDialog_sprite_00,,120,-30,0,,,,0,0,0,,,,0,0,0,,,,0,0,0,,,,0,0,0,,,,0,0,0,,,,0,0,0,,,,0,0,0,,,,0,0,0,usecondition_value,4.0,usecondition_value,104.0,usecondition_value,205.0,usecondition_value,110007.0
300314,False,1ann_mini_ending_rapunzel,1,Stage,NKS_characterDialog_c966,Locale_Character:221_name,Locale_SubScenario:1ann_mini_ending_rapunzel_14,,,0,,,0,0,0,None,,0,0,False,Check_CurCharacter,Check_ItemHold,None,None,None,None,NKS_characterDialog_c220_03,characterDialog_sprite_00,,-105,-27,0,NKS_characterDialog_c966_01,characterDialog_sprite_00,,120,-30,0,,,,0,0,0,,,,0,0,0,,,,0,0,0,,,,0,0,0,,,,0,0,0,,,,0,0,0,,,,0,0,0,,,,0,0,0,usecondition_value,4.0,usecondition_value,104.0,usecondition_value,205.0,usecondition_value,110007.0
300315,False,1ann_mini_ending_rapunzel,1,Stage,NKS_characterDialog_c220,Locale_Character:220_name,Locale_SubScenario:1ann_mini_ending_rapunzel_15,,,0,,,0,0,0,None,,0,0,False,Check_CurCharacter,Check_ItemHold,None,None,None,None,NKS_characterDialog_c220_03,characterDialog_sprite_00,,-105,-27,0,NKS_characterDialog_c966_01,characterDialog_sprite_00,,120,-30,0,,,,0,0,0,,,,0,0,0,,,,0,0,0,,,,0,0,0,,,,0,0,0,,,,0,0,0,,,,0,0,0,,,,0,0,0,usecondition_value,4.0,usecondition_value,104.0,usecondition_value,205.0,usecondition_value,110007.0
300316,False,1ann_mini_ending_rapunzel,1,Stage,NKS_characterDialog_c966,Locale_Character:221_name,Locale_SubScenario:1ann_mini_ending_rapunzel_16,,,0,,,0,0,0,None,,0,0,False,Check_CurCharacter,Check_ItemHold,None,None,None,None,NKS_characterDialog_c220_03,characterDialog_sprite_00,,-105,-27,0,NKS_characterDialog_c966_01,characterDialog_sprite_00,,120,-30,0,,,,0,0,0,,,,0,0,0,,,,0,0,0,,,,0,0,0,,,,0,0,0,,,,0,0,0,,,,0,0,0,,,,0,0,0,usecondition_value,4.0,usecondition_value,104.0,usecondition_value,205.0,usecondition_value,110007.0
300317,False,1ann_mini_ending_rapunzel,1,Stage,NKS_characterDialog_c966,Locale_Character:221_name,Locale_SubScenario:1ann_mini_ending_rapunzel_17,,,0,,,0,0,0,None,,0,0,False,Check_CurCharacter,Check_ItemHold,None,None,None,None,NKS_characterDialog_c220_03,characterDialog_sprite_00,,-105,-27,0,NKS_characterDialog_c966_01,characterDialog_sprite_00,,120,-30,0,,,,0,0,0,,,,0,0,0,,,,0,0,0,,,,0,0,0,,,,0,0,0,,,,0,0,0,,,,0,0,0,,,,0,0,0,usecondition_value,4.0,usecondition_value,104.0,usecondition_value,205.0,usecondition_value,110007.0
300318,False,1ann_mini_ending_rapunzel,1,Stage,NKS_characterDialog_c966,Locale_Character:221_name,Locale_SubScenario:1ann_mini_ending_rapunzel_18,,,0,,,0,0,0,None,,0,0,False,Check_CurCharacter,Check_ItemHold,None,None,None,None,NKS_characterDialog_c220_03,characterDialog_sprite_01,,-105,-27,0,NKS_characterDialog_c966_01,characterDialog_sprite_00,,120,-30,0,,,,0,0,0,,,,0,0,0,,,,0,0,0,,,,0,0,0,,,,0,0,0,,,,0,0,0,,,,0,0,0,,,,0,0,0,usecondition_value,4.0,usecondition_value,104.0,usecondition_value,205.0,usecondition_value,110007.0
300319,False,1ann_mini_ending_rapunzel,1,Stage,NKS_characterDialog_c220,Locale_Character:220_name,Locale_SubScenario:1ann_mini_ending_rapunzel_19,,,0,,,0,0,0,None,,0,0,False,Check_CurCharacter,Check_ItemHold,None,None,None,None,NKS_characterDialog_c220_03,characterDialog_sprite_00,,-105,-27,0,NKS_characterDialog_c966_01,characterDialog_sprite_00,,120,-30,0,,,,0,0,0,,,,0,0,0,,,,0,0,0,,,,0,0,0,,,,0,0,0,,,,0,0,0,,,,0,0,0,,,,0,0,0,usecondition_value,4.0,usecondition_value,104.0,usecondition_value,205.0,usecondition_value,110007.0
300320,False,1ann_mini_ending_rapunzel,1,Stage,NKS_characterDialog_c966,Locale_Character:221_name,Locale_SubScenario:1ann_mini_ending_rapunzel_20,,,0,,,0,0,0,None,,0,0,False,Check_CurCharacter,Check_ItemHold,None,None,None,None,NKS_characterDialog_c220_03,characterDialog_sprite_00,,-105,-27,0,NKS_characterDialog_c966_01,characterDialog_sprite_00,,120,-30,0,,,,0,0,0,,,,0,0,0,,,,0,0,0,,,,0,0,0,,,,0,0,0,,,,0,0,0,,,,0,0,0,,,,0,0,0,usecondition_value,4.0,usecondition_value,104.0,usecondition_value,205.0,usecondition_value,110007.0
300321,False,1ann_mini_ending_rapunzel,1,Stage,NKS_characterDialog_c966,Locale_Character:221_name,Locale_SubScenario:1ann_mini_ending_rapunzel_21,,,0,,,0,0,0,None,,0,0,False,Check_CurCharacter,Check_ItemHold,None,None,None,None,NKS_characterDialog_c220_03,characterDialog_sprite_00,,-105,-27,0,NKS_characterDialog_c966_01,characterDialog_sprite_00,,120,-30,0,,,,0,0,0,,,,0,0,0,,,,0,0,0,,,,0,0,0,,,,0,0,0,,,,0,0,0,,,,0,0,0,,,,0,0,0,usecondition_value,4.0,usecondition_value,104.0,usecondition_value,205.0,usecondition_value,110007.0
300322,False,1ann_mini_ending_rapunzel,1,Stage,NKS_characterDialog_c966,Locale_Character:221_name,Locale_SubScenario:1ann_mini_ending_rapunzel_22,,,0,,,0,0,0,None,,0,0,False,Check_CurCharacter,Check_ItemHold,None,None,None,None,NKS_characterDialog_c220_03,characterDialog_sprite_00,,-105,-27,0,NKS_characterDialog_c966_01,characterDialog_sprite_00,,120,-30,0,,,,0,0,0,,,,0,0,0,,,,0,0,0,,,,0,0,0,,,,0,0,0,,,,0,0,0,,,,0,0,0,,,,0,0,0,usecondition_value,4.0,usecondition_value,104.0,usecondition_value,205.0,usecondition_value,110007.0
300323,False,1ann_mini_ending_rapunzel,1,Stage,NKS_characterDialog_c220,Locale_Character:220_name,Locale_SubScenario:1ann_mini_ending_rapunzel_23,,,0,,,0,0,0,None,,0,0,False,Check_CurCharacter,Check_ItemHold,None,None,None,None,NKS_characterDialog_c220_03,characterDialog_sprite_00,,-105,-27,0,NKS_characterDialog_c966_01,characterDialog_sprite_00,,120,-30,0,,,,0,0,0,,,,0,0,0,,,,0,0,0,,,,0,0,0,,,,0,0,0,,,,0,0,0,,,,0,0,0,,,,0,0,0,usecondition_value,4.0,usecondition_value,104.0,usecondition_value,205.0,usecondition_value,110007.0
300324,False,1ann_mini_ending_rapunzel,1,Stage,NKS_characterDialog_c966,Locale_Character:221_name,Locale_SubScenario:1ann_mini_ending_rapunzel_24,,,0,,,0,0,0,None,,0,0,False,Check_CurCharacter,Check_ItemHold,None,None,None,None,NKS_characterDialog_c220_03,characterDialog_sprite_00,,-105,-27,0,NKS_characterDialog_c966_01,characterDialog_sprite_00,,120,-30,0,,,,0,0,0,,,,0,0,0,,,,0,0,0,,,,0,0,0,,,,0,0,0,,,,0,0,0,,,,0,0,0,,,,0,0,0,usecondition_value,4.0,usecondition_value,104.0,usecondition_value,205.0,usecondition_value,110007.0
300325,False,1ann_mini_ending_rapunzel,1,Stage,NKS_characterDialog_c220,Locale_Character:220_name,Locale_SubScenario:1ann_mini_ending_rapunzel_25,,,0,,,0,0,0,None,,0,0,False,Check_CurCharacter,Check_ItemHold,None,None,None,None,NKS_characterDialog_c220_03,characterDialog_sprite_00,,-105,-27,0,NKS_characterDialog_c966_01,characterDialog_sprite_00,,120,-30,0,NKS_characterDialog_emoji,characterDialog_emoji_05,,-105,78,0,,,,0,0,0,,,,0,0,0,,,,0,0,0,,,,0,0,0,,,,0,0,0,,,,0,0,0,,,,0,0,0,usecondition_value,4.0,usecondition_value,104.0,usecondition_value,205.0,usecondition_value,110007.0
300326,False,1ann_mini_ending_rapunzel,1,Stage,NKS_characterDialog_c220,Locale_Character:220_name,Locale_SubScenario:1ann_mini_ending_rapunzel_26,,,0,,,0,0,0,None,,0,0,False,Check_CurCharacter,Check_ItemHold,None,None,None,None,NKS_characterDialog_c220_03,characterDialog_sprite_00,,-105,-27,0,NKS_characterDialog_c966_01,characterDialog_sprite_00,,120,-30,0,,,NKS_characterDialog_emoji,0,0,0,,,,0,0,0,,,,0,0,0,,,,0,0,0,,,,0,0,0,,,,0,0,0,,,,0,0,0,,,,0,0,0,usecondition_value,4.0,usecondition_value,104.0,usecondition_value,205.0,usecondition_value,110007.0
300327,False,1ann_mini_ending_rapunzel,1,Stage,NKS_characterDialog_c220,Locale_Character:220_name,Locale_SubScenario:1ann_mini_ending_rapunzel_27,,,0,,,0,0,0,None,,0,0,False,Check_CurCharacter,Check_ItemHold,None,None,None,None,NKS_characterDialog_c220_03,characterDialog_sprite_00,,-105,-27,0,NKS_characterDialog_c966_01,characterDialog_sprite_00,,120,-30,0,,,,0,0,0,,,,0,0,0,,,,0,0,0,,,,0,0,0,,,,0,0,0,,,,0,0,0,,,,0,0,0,,,,0,0,0,usecondition_value,4.0,usecondition_value,104.0,usecondition_value,205.0,usecondition_value,110007.0
300328,False,1ann_mini_ending_rapunzel,1,Stage,NKS_characterDialog_c220,Locale_Character:220_name,Locale_SubScenario:1ann_mini_ending_rapunzel_28,,,0,,,0,0,0,None,,0,0,False,Check_CurCharacter,Check_ItemHold,None,None,None,None,NKS_characterDialog_c220_03,characterDialog_sprite_00,,-105,-27,0,NKS_characterDialog_c966_01,characterDialog_sprite_00,,120,-30,0,,,,0,0,0,,,,0,0,0,,,,0,0,0,,,,0,0,0,,,,0,0,0,,,,0,0,0,,,,0,0,0,,,,0,0,0,usecondition_value,4.0,usecondition_value,104.0,usecondition_value,205.0,usecondition_value,110007.0
300329,False,1ann_mini_ending_rapunzel,1,Stage,NKS_characterDialog_c966,Locale_Character:221_name,Locale_SubScenario:1ann_mini_ending_rapunzel_29,,,0,,,0,0,0,None,,0,0,False,Check_CurCharacter,Check_ItemHold,None,None,None,None,NKS_characterDialog_c220_03,characterDialog_sprite_00,,-105,-27,0,NKS_characterDialog_c966_01,characterDialog_sprite_00,,120,-30,0,,,,0,0,0,,,,0,0,0,,,,0,0,0,,,,0,0,0,,,,0,0,0,,,,0,0,0,,,,0,0,0,,,,0,0,0,usecondition_value,4.0,usecondition_value,104.0,usecondition_value,205.0,usecondition_value,110007.0
300330,False,1ann_mini_ending_rapunzel,1,Stage,NKS_characterDialog_c220,Locale_Character:220_name,Locale_SubScenario:1ann_mini_ending_rapunzel_30,,,0,,,0,0,0,None,,0,0,False,Check_CurCharacter,Check_ItemHold,None,None,None,None,NKS_characterDialog_c220_03,characterDialog_sprite_00,,-105,-27,0,NKS_characterDialog_c966_01,characterDialog_sprite_00,,120,-30,0,,,,0,0,0,,,,0,0,0,,,,0,0,0,,,,0,0,0,,,,0,0,0,,,,0,0,0,,,,0,0,0,,,,0,0,0,usecondition_value,4.0,usecondition_value,104.0,usecondition_value,205.0,usecondition_value,110007.0
300331,False,1ann_mini_ending_rapunzel,1,Stage,NKS_characterDialog_c966,Locale_Character:221_name,Locale_SubScenario:1ann_mini_ending_rapunzel_31,,,0,,,0,0,0,None,,0,0,False,Check_CurCharacter,Check_ItemHold,None,None,None,None,NKS_characterDialog_c220_03,characterDialog_sprite_00,,-105,-27,0,NKS_characterDialog_c966_01,characterDialog_sprite_00,,120,-30,0,,,,0,0,0,,,,0,0,0,,,,0,0,0,,,,0,0,0,,,,0,0,0,,,,0,0,0,,,,0,0,0,,,,0,0,0,usecondition_value,4.0,usecondition_value,104.0,usecondition_value,205.0,usecondition_value,110007.0
300332,False,1ann_mini_ending_rapunzel,1,Stage,NKS_characterDialog_c966,Locale_Character:221_name,Locale_SubScenario:1ann_mini_ending_rapunzel_32,,,0,,,0,0,0,None,,0,0,False,Check_CurCharacter,Check_ItemHold,None,None,None,None,NKS_characterDialog_c220_03,characterDialog_sprite_01,,-105,-27,0,NKS_characterDialog_c966_01,characterDialog_sprite_00,,120,-30,0,,,,0,0,0,,,,0,0,0,,,,0,0,0,,,,0,0,0,,,,0,0,0,,,,0,0,0,,,,0,0,0,,,,0,0,0,usecondition_value,4.0,usecondition_value,104.0,usecondition_value,205.0,usecondition_value,110007.0
300333,False,1ann_mini_ending_rapunzel,1,Stage,NKS_characterDialog_c966,Locale_Character:221_name,Locale_SubScenario:1ann_mini_ending_rapunzel_33,,,0,,,0,0,0,None,,0,0,False,Check_CurCharacter,Check_ItemHold,None,None,None,None,NKS_characterDialog_c220_03,characterDialog_sprite_00,,-105,-27,0,NKS_characterDialog_c966_01,characterDialog_sprite_00,,120,-30,0,,,,0,0,0,,,,0,0,0,,,,0,0,0,,,,0,0,0,,,,0,0,0,,,,0,0,0,,,,0,0,0,,,,0,0,0,usecondition_value,4.0,usecondition_value,104.0,usecondition_value,205.0,usecondition_value,110007.0
300334,False,1ann_mini_ending_rapunzel,1,Stage,NKS_characterDialog_c966,Locale_Character:221_name,Locale_SubScenario:1ann_mini_ending_rapunzel_34,,,0,,,0,0,0,None,,0,0,False,Check_CurCharacter,Check_ItemHold,None,None,None,None,NKS_characterDialog_c220_03,characterDialog_sprite_00,,-105,-27,0,NKS_characterDialog_c966_01,characterDialog_sprite_00,,120,-30,0,,,,0,0,0,,,,0,0,0,,,,0,0,0,,,,0,0,0,,,,0,0,0,,,,0,0,0,,,,0,0,0,,,,0,0,0,usecondition_value,4.0,usecondition_value,104.0,usecondition_value,205.0,usecondition_value,110007.0
300335,False,1ann_mini_ending_rapunzel,1,Stage,NKS_characterDialog_c220,Locale_Character:220_name,Locale_SubScenario:1ann_mini_ending_rapunzel_35,,,0,,,0,0,0,None,,0,0,False,Check_CurCharacter,Check_ItemHold,None,None,None,None,NKS_characterDialog_c220_03,characterDialog_sprite_00,,-105,-27,0,NKS_characterDialog_c966_01,characterDialog_sprite_00,,120,-30,0,NKS_characterDialog_emoji,characterDialog_emoji_05,,-105,78,0,,,,0,0,0,,,,0,0,0,,,,0,0,0,,,,0,0,0,,,,0,0,0,,,,0,0,0,,,,0,0,0,usecondition_value,4.0,usecondition_value,104.0,usecondition_value,205.0,usecondition_value,110007.0
300336,False,1ann_mini_ending_rapunzel,1,Stage,NKS_characterDialog_c220,Locale_Character:220_name,Locale_SubScenario:1ann_mini_ending_rapunzel_36,,,0,,,0,0,0,None,,0,0,False,Check_CurCharacter,Check_ItemHold,None,None,None,None,NKS_characterDialog_c220_03,characterDialog_sprite_00,,-105,-27,0,NKS_characterDialog_c966_01,characterDialog_sprite_00,,120,-30,0,,,NKS_characterDialog_emoji,0,0,0,,,,0,0,0,,,,0,0,0,,,,0,0,0,,,,0,0,0,,,,0,0,0,,,,0,0,0,,,,0,0,0,usecondition_value,4.0,usecondition_value,104.0,usecondition_value,205.0,usecondition_value,110007.0
300337,False,1ann_mini_ending_rapunzel,1,Stage,NKS_characterDialog_c966,Locale_Character:221_name,Locale_SubScenario:1ann_mini_ending_rapunzel_37,,,0,,,0,0,0,None,,0,0,False,Check_CurCharacter,Check_ItemHold,None,None,None,None,NKS_characterDialog_c220_03,characterDialog_sprite_00,,-105,-27,0,NKS_characterDialog_c966_01,characterDialog_sprite_00,,120,-30,0,,,,0,0,0,NKS_characterDialog_emoji,characterDialog_emoji_02,,120,94,0,,,,0,0,0,,,,0,0,0,,,,0,0,0,,,,0,0,0,,,,0,0,0,,,,0,0,0,usecondition_value,4.0,usecondition_value,104.0,usecondition_value,205.0,usecondition_value,110007.0
300401,True,1ann_mini_ending_dorothy,1,Stage,,,Locale_SubScenario:1ann_mini_ending_dorothy_1,,event_bgm_redash_minigame_story1,0,NKS_sbg_05,,0,165,0,Set_camera_shake,Low_1,0,10000,True,Check_CurCharacter,Check_ItemHold,None,None,None,None,NKS_characterDialog_c220_04,characterDialog_sprite_00,,9,-127,0,NKS_characterDialog_c233_01,characterDialog_sprite_00,,61,-104,0,,,,0,0,0,,,,0,0,0,,,,0,0,0,,,,0,0,0,,,,0,0,0,,,,0,0,0,,,,0,0,0,,,,0,0,0,usecondition_value,2.0,usecondition_value,102.0,usecondition_value,203.0,usecondition_value,110008.0
300402,False,1ann_mini_ending_dorothy,1,Stage,NKS_characterDialog_c233,Locale_Character:233_name,Locale_SubScenario:1ann_mini_ending_dorothy_2,,,0,,,0,0,0,None,,0,0,False,Check_CurCharacter,Check_ItemHold,None,None,None,None,NKS_characterDialog_c220_04,characterDialog_sprite_00,,9,-127,0,NKS_characterDialog_c233_01,characterDialog_sprite_00,,61,-104,0,,,,0,0,0,,,,0,0,0,,,,0,0,0,,,,0,0,0,,,,0,0,0,,,,0,0,0,,,,0,0,0,,,,0,0,0,usecondition_value,2.0,usecondition_value,102.0,usecondition_value,203.0,usecondition_value,110008.0
300403,False,1ann_mini_ending_dorothy,1,Stage,NKS_characterDialog_c220,Locale_Character:220_name,Locale_SubScenario:1ann_mini_ending_dorothy_3,,,0,,,0,0,0,None,,0,0,False,Check_CurCharacter,Check_ItemHold,None,None,None,None,NKS_characterDialog_c220_04,characterDialog_sprite_00,,9,-127,0,NKS_characterDialog_c233_01,characterDialog_sprite_00,,61,-104,0,,,,0,0,0,,,,0,0,0,,,,0,0,0,,,,0,0,0,,,,0,0,0,,,,0,0,0,,,,0,0,0,,,,0,0,0,usecondition_value,2.0,usecondition_value,102.0,usecondition_value,203.0,usecondition_value,110008.0
300404,False,1ann_mini_ending_dorothy,1,Stage,NKS_characterDialog_c220,Locale_Character:220_name,Locale_SubScenario:1ann_mini_ending_dorothy_4,,,0,,,0,0,0,None,,0,0,False,Check_CurCharacter,Check_ItemHold,None,None,None,None,NKS_characterDialog_c220_04,characterDialog_sprite_00,,9,-127,0,NKS_characterDialog_c233_01,characterDialog_sprite_00,,61,-104,0,,,,0,0,0,,,,0,0,0,,,,0,0,0,,,,0,0,0,,,,0,0,0,,,,0,0,0,,,,0,0,0,,,,0,0,0,usecondition_value,2.0,usecondition_value,102.0,usecondition_value,203.0,usecondition_value,110008.0
300405,False,1ann_mini_ending_dorothy,1,Stage,NKS_characterDialog_c233,Locale_Character:233_name,Locale_SubScenario:1ann_mini_ending_dorothy_5,,,0,,,0,0,0,None,,0,0,False,Check_CurCharacter,Check_ItemHold,None,None,None,None,NKS_characterDialog_c220_04,characterDialog_sprite_00,,9,-127,0,NKS_characterDialog_c233_01,characterDialog_sprite_00,,61,-104,0,,,,0,0,0,,,,0,0,0,,,,0,0,0,,,,0,0,0,,,,0,0,0,,,,0,0,0,,,,0,0,0,,,,0,0,0,usecondition_value,2.0,usecondition_value,102.0,usecondition_value,203.0,usecondition_value,110008.0
300406,False,1ann_mini_ending_dorothy,1,Stage,NKS_characterDialog_c220,Locale_Character:220_name,Locale_SubScenario:1ann_mini_ending_dorothy_6,,,0,,,0,0,0,None,,0,0,False,Check_CurCharacter,Check_ItemHold,None,None,None,None,NKS_characterDialog_c220_04,characterDialog_sprite_00,,9,-127,0,NKS_characterDialog_c233_01,characterDialog_sprite_00,,61,-104,0,,,,0,0,0,,,,0,0,0,,,,0,0,0,,,,0,0,0,,,,0,0,0,,,,0,0,0,,,,0,0,0,,,,0,0,0,usecondition_value,2.0,usecondition_value,102.0,usecondition_value,203.0,usecondition_value,110008.0
300407,False,1ann_mini_ending_dorothy,1,Stage,NKS_characterDialog_c233,Locale_Character:233_name,Locale_SubScenario:1ann_mini_ending_dorothy_7,,,0,,,0,0,0,None,,0,0,False,Check_CurCharacter,Check_ItemHold,None,None,None,None,NKS_characterDialog_c220_04,characterDialog_sprite_00,,9,-127,0,NKS_characterDialog_c233_01,characterDialog_sprite_00,,61,-104,0,,,,0,0,0,,,,0,0,0,,,,0,0,0,,,,0,0,0,,,,0,0,0,,,,0,0,0,,,,0,0,0,,,,0,0,0,usecondition_value,2.0,usecondition_value,102.0,usecondition_value,203.0,usecondition_value,110008.0
300408,False,1ann_mini_ending_dorothy,1,Stage,NKS_characterDialog_c220,Locale_Character:220_name,Locale_SubScenario:1ann_mini_ending_dorothy_8,,,0,,,0,0,0,None,,0,0,False,Check_CurCharacter,Check_ItemHold,None,None,None,None,NKS_characterDialog_c220_04,characterDialog_sprite_00,,9,-127,0,NKS_characterDialog_c233_01,characterDialog_sprite_00,,61,-104,0,,,,0,0,0,,,,0,0,0,,,,0,0,0,,,,0,0,0,,,,0,0,0,,,,0,0,0,,,,0,0,0,,,,0,0,0,usecondition_value,2.0,usecondition_value,102.0,usecondition_value,203.0,usecondition_value,110008.0
300409,False,1ann_mini_ending_dorothy,1,Stage,NKS_characterDialog_c233,Locale_Character:233_name,Locale_SubScenario:1ann_mini_ending_dorothy_9,,,0,,,0,0,0,None,,0,0,False,Check_CurCharacter,Check_ItemHold,None,None,None,None,NKS_characterDialog_c220_04,characterDialog_sprite_00,,9,-127,0,NKS_characterDialog_c233_01,characterDialog_sprite_00,,61,-104,0,,,,0,0,0,,,,0,0,0,,,,0,0,0,,,,0,0,0,,,,0,0,0,,,,0,0,0,,,,0,0,0,,,,0,0,0,usecondition_value,2.0,usecondition_value,102.0,usecondition_value,203.0,usecondition_value,110008.0
300410,False,1ann_mini_ending_dorothy,1,Stage,NKS_characterDialog_c220,Locale_Character:220_name,Locale_SubScenario:1ann_mini_ending_dorothy_10,,,0,,,0,0,0,None,,0,0,False,Check_CurCharacter,Check_ItemHold,None,None,None,None,NKS_characterDialog_c220_04,characterDialog_sprite_00,,9,-127,0,NKS_characterDialog_c233_01,characterDialog_sprite_00,,61,-104,0,,,,0,0,0,,,,0,0,0,,,,0,0,0,,,,0,0,0,,,,0,0,0,,,,0,0,0,,,,0,0,0,,,,0,0,0,usecondition_value,2.0,usecondition_value,102.0,usecondition_value,203.0,usecondition_value,110008.0
300411,False,1ann_mini_ending_dorothy,1,Stage,NKS_characterDialog_c220,Locale_Character:220_name,Locale_SubScenario:1ann_mini_ending_dorothy_11,,,0,,,0,0,0,None,,0,0,False,Check_CurCharacter,Check_ItemHold,None,None,None,None,NKS_characterDialog_c220_04,characterDialog_sprite_00,,9,-127,0,NKS_characterDialog_c233_01,characterDialog_sprite_00,,61,-104,0,,,,0,0,0,,,,0,0,0,,,,0,0,0,,,,0,0,0,,,,0,0,0,,,,0,0,0,,,,0,0,0,,,,0,0,0,usecondition_value,2.0,usecondition_value,102.0,usecondition_value,203.0,usecondition_value,110008.0
300412,False,1ann_mini_ending_dorothy,1,Stage,NKS_characterDialog_c233,Locale_Character:233_name,Locale_SubScenario:1ann_mini_ending_dorothy_12,,,0,,,0,0,0,None,,0,0,False,Check_CurCharacter,Check_ItemHold,None,None,None,None,NKS_characterDialog_c220_04,characterDialog_sprite_00,,9,-127,0,NKS_characterDialog_c233_01,characterDialog_sprite_00,,61,-104,0,,,,0,0,0,,,,0,0,0,,,,0,0,0,,,,0,0,0,,,,0,0,0,,,,0,0,0,,,,0,0,0,,,,0,0,0,usecondition_value,2.0,usecondition_value,102.0,usecondition_value,203.0,usecondition_value,110008.0
300413,False,1ann_mini_ending_dorothy,1,Stage,NKS_characterDialog_c233,Locale_Character:233_name,Locale_SubScenario:1ann_mini_ending_dorothy_13,,,0,,,0,0,0,None,,0,0,False,Check_CurCharacter,Check_ItemHold,None,None,None,None,NKS_characterDialog_c220_04,characterDialog_sprite_00,,9,-127,0,NKS_characterDialog_c233_01,characterDialog_sprite_00,,61,-104,0,,,,0,0,0,,,,0,0,0,,,,0,0,0,,,,0,0,0,,,,0,0,0,,,,0,0,0,,,,0,0,0,,,,0,0,0,usecondition_value,2.0,usecondition_value,102.0,usecondition_value,203.0,usecondition_value,110008.0
300414,False,1ann_mini_ending_dorothy,1,Stage,NKS_characterDialog_c220,Locale_Character:220_name,Locale_SubScenario:1ann_mini_ending_dorothy_14,,,0,,,0,0,0,None,,0,0,False,Check_CurCharacter,Check_ItemHold,None,None,None,None,NKS_characterDialog_c220_04,characterDialog_sprite_00,,9,-127,0,NKS_characterDialog_c233_01,characterDialog_sprite_00,,61,-104,0,,,,0,0,0,,,,0,0,0,,,,0,0,0,,,,0,0,0,,,,0,0,0,,,,0,0,0,,,,0,0,0,,,,0,0,0,usecondition_value,2.0,usecondition_value,102.0,usecondition_value,203.0,usecondition_value,110008.0
300415,False,1ann_mini_ending_dorothy,1,Stage,NKS_characterDialog_c233,Locale_Character:233_name,Locale_SubScenario:1ann_mini_ending_dorothy_15,,,0,,,0,0,0,None,,0,0,False,Check_CurCharacter,Check_ItemHold,None,None,None,None,NKS_characterDialog_c220_04,characterDialog_sprite_00,,9,-127,0,NKS_characterDialog_c233_01,characterDialog_sprite_00,,61,-104,0,,,,0,0,0,,,,0,0,0,,,,0,0,0,,,,0,0,0,,,,0,0,0,,,,0,0,0,,,,0,0,0,,,,0,0,0,usecondition_value,2.0,usecondition_value,102.0,usecondition_value,203.0,usecondition_value,110008.0
300416,False,1ann_mini_ending_dorothy,1,Stage,NKS_characterDialog_c233,Locale_Character:233_name,Locale_SubScenario:1ann_mini_ending_dorothy_16,,,0,,,0,0,0,None,,0,0,False,Check_CurCharacter,Check_ItemHold,None,None,None,None,NKS_characterDialog_c220_04,characterDialog_sprite_00,,9,-127,0,NKS_characterDialog_c233_01,characterDialog_sprite_00,,61,-104,0,,,,0,0,0,,,,0,0,0,,,,0,0,0,,,,0,0,0,,,,0,0,0,,,,0,0,0,,,,0,0,0,,,,0,0,0,usecondition_value,2.0,usecondition_value,102.0,usecondition_value,203.0,usecondition_value,110008.0
300417,False,1ann_mini_ending_dorothy,1,Stage,NKS_characterDialog_c233,Locale_Character:233_name,Locale_SubScenario:1ann_mini_ending_dorothy_17,,,0,,,0,0,0,None,,0,0,False,Check_CurCharacter,Check_ItemHold,None,None,None,None,NKS_characterDialog_c220_04,characterDialog_sprite_00,,9,-127,0,NKS_characterDialog_c233_01,characterDialog_sprite_00,,61,-104,0,,,,0,0,0,,,,0,0,0,,,,0,0,0,,,,0,0,0,,,,0,0,0,,,,0,0,0,,,,0,0,0,,,,0,0,0,usecondition_value,2.0,usecondition_value,102.0,usecondition_value,203.0,usecondition_value,110008.0
300418,False,1ann_mini_ending_dorothy,1,Stage,NKS_characterDialog_c233,Locale_Character:233_name,Locale_SubScenario:1ann_mini_ending_dorothy_18,,,0,,,0,0,0,None,,0,0,False,Check_CurCharacter,Check_ItemHold,None,None,None,None,NKS_characterDialog_c220_04,characterDialog_sprite_00,,9,-127,0,NKS_characterDialog_c233_01,characterDialog_sprite_00,,61,-104,0,,,,0,0,0,,,,0,0,0,,,,0,0,0,,,,0,0,0,,,,0,0,0,,,,0,0,0,,,,0,0,0,,,,0,0,0,usecondition_value,2.0,usecondition_value,102.0,usecondition_value,203.0,usecondition_value,110008.0
300419,False,1ann_mini_ending_dorothy,1,Stage,NKS_characterDialog_c220,Locale_Character:220_name,Locale_SubScenario:1ann_mini_ending_dorothy_19,,,0,,,0,0,0,None,,0,0,False,Check_CurCharacter,Check_ItemHold,None,None,None,None,NKS_characterDialog_c220_04,characterDialog_sprite_00,,9,-127,0,NKS_characterDialog_c233_01,characterDialog_sprite_00,,61,-104,0,,,,0,0,0,,,,0,0,0,,,,0,0,0,,,,0,0,0,,,,0,0,0,,,,0,0,0,,,,0,0,0,,,,0,0,0,usecondition_value,2.0,usecondition_value,102.0,usecondition_value,203.0,usecondition_value,110008.0
300420,False,1ann_mini_ending_dorothy,1,Stage,NKS_characterDialog_c233,Locale_Character:233_name,Locale_SubScenario:1ann_mini_ending_dorothy_20,,,0,,,0,0,0,None,,0,0,False,Check_CurCharacter,Check_ItemHold,None,None,None,None,NKS_characterDialog_c220_04,characterDialog_sprite_00,,9,-127,0,NKS_characterDialog_c233_01,characterDialog_sprite_00,,61,-104,0,,,,0,0,0,,,,0,0,0,,,,0,0,0,,,,0,0,0,,,,0,0,0,,,,0,0,0,,,,0,0,0,,,,0,0,0,usecondition_value,2.0,usecondition_value,102.0,usecondition_value,203.0,usecondition_value,110008.0
300421,False,1ann_mini_ending_dorothy,1,Stage,NKS_characterDialog_c233,Locale_Character:233_name,Locale_SubScenario:1ann_mini_ending_dorothy_21,,,0,,,0,0,0,None,,0,0,False,Check_CurCharacter,Check_ItemHold,None,None,None,None,NKS_characterDialog_c220_04,characterDialog_sprite_00,,9,-127,0,NKS_characterDialog_c233_01,characterDialog_sprite_00,,61,-104,0,,,,0,0,0,NKS_characterDialog_emoji,characterDialog_emoji_05,,110,-28,0,,,,0,0,0,,,,0,0,0,,,,0,0,0,,,,0,0,0,,,,0,0,0,,,,0,0,0,usecondition_value,2.0,usecondition_value,102.0,usecondition_value,203.0,usecondition_value,110008.0
300422,False,1ann_mini_ending_dorothy,1,Stage,NKS_characterDialog_c233,Locale_Character:233_name,Locale_SubScenario:1ann_mini_ending_dorothy_22,,,0,,,0,0,0,None,,0,0,False,Check_CurCharacter,Check_ItemHold,None,None,None,None,NKS_characterDialog_c220_04,characterDialog_sprite_00,,9,-127,0,NKS_characterDialog_c233_01,characterDialog_sprite_00,,61,-104,0,,,,0,0,0,,,NKS_characterDialog_emoji,0,0,0,,,,0,0,0,,,,0,0,0,,,,0,0,0,,,,0,0,0,,,,0,0,0,,,,0,0,0,usecondition_value,2.0,usecondition_value,102.0,usecondition_value,203.0,usecondition_value,110008.0
300423,False,1ann_mini_ending_dorothy,1,Stage,NKS_characterDialog_c233,Locale_Character:233_name,Locale_SubScenario:1ann_mini_ending_dorothy_23,,,0,,,0,0,0,None,,0,0,False,Check_CurCharacter,Check_ItemHold,None,None,None,None,NKS_characterDialog_c220_04,characterDialog_sprite_00,,9,-127,0,NKS_characterDialog_c233_01,characterDialog_sprite_00,,61,-104,0,,,,0,0,0,,,,0,0,0,,,,0,0,0,,,,0,0,0,,,,0,0,0,,,,0,0,0,,,,0,0,0,,,,0,0,0,usecondition_value,2.0,usecondition_value,102.0,usecondition_value,203.0,usecondition_value,110008.0
300424,False,1ann_mini_ending_dorothy,1,Stage,NKS_characterDialog_c220,Locale_Character:220_name,Locale_SubScenario:1ann_mini_ending_dorothy_24,,,0,,,0,0,0,None,,0,0,False,Check_CurCharacter,Check_ItemHold,None,None,None,None,NKS_characterDialog_c220_04,characterDialog_sprite_00,,9,-127,0,NKS_characterDialog_c233_01,characterDialog_sprite_00,,61,-104,0,,,,0,0,0,,,,0,0,0,,,,0,0,0,,,,0,0,0,,,,0,0,0,,,,0,0,0,,,,0,0,0,,,,0,0,0,usecondition_value,2.0,usecondition_value,102.0,usecondition_value,203.0,usecondition_value,110008.0
300425,False,1ann_mini_ending_dorothy,1,Stage,NKS_characterDialog_c233,Locale_Character:233_name,Locale_SubScenario:1ann_mini_ending_dorothy_25,,,0,,,0,0,0,None,,0,0,False,Check_CurCharacter,Check_ItemHold,None,None,None,None,NKS_characterDialog_c220_04,characterDialog_sprite_00,,9,-127,0,NKS_characterDialog_c233_01,characterDialog_sprite_00,,61,-104,0,,,,0,0,0,,,,0,0,0,,,,0,0,0,,,,0,0,0,,,,0,0,0,,,,0,0,0,,,,0,0,0,,,,0,0,0,usecondition_value,2.0,usecondition_value,102.0,usecondition_value,203.0,usecondition_value,110008.0
300426,False,1ann_mini_ending_dorothy,1,Stage,NKS_characterDialog_c233,Locale_Character:233_name,Locale_SubScenario:1ann_mini_ending_dorothy_26,,,0,,,0,0,0,None,,0,0,False,Check_CurCharacter,Check_ItemHold,None,None,None,None,NKS_characterDialog_c220_04,characterDialog_sprite_00,,9,-127,0,NKS_characterDialog_c233_01,characterDialog_sprite_00,,61,-104,0,,,,0,0,0,,,,0,0,0,,,,0,0,0,,,,0,0,0,,,,0,0,0,,,,0,0,0,,,,0,0,0,,,,0,0,0,usecondition_value,2.0,usecondition_value,102.0,usecondition_value,203.0,usecondition_value,110008.0
300427,False,1ann_mini_ending_dorothy,1,Stage,NKS_characterDialog_c233,Locale_Character:233_name,Locale_SubScenario:1ann_mini_ending_dorothy_27,,,0,,,0,0,0,None,,0,0,False,Check_CurCharacter,Check_ItemHold,None,None,None,None,NKS_characterDialog_c220_04,characterDialog_sprite_00,,9,-127,0,NKS_characterDialog_c233_01,characterDialog_sprite_00,,61,-104,0,,,,0,0,0,,,,0,0,0,,,,0,0,0,,,,0,0,0,,,,0,0,0,,,,0,0,0,,,,0,0,0,,,,0,0,0,usecondition_value,2.0,usecondition_value,102.0,usecondition_value,203.0,usecondition_value,110008.0
300428,False,1ann_mini_ending_dorothy,1,Stage,NKS_characterDialog_c233,Locale_Character:233_name,Locale_SubScenario:1ann_mini_ending_dorothy_28,,,0,,,0,0,0,None,,0,0,False,Check_CurCharacter,Check_ItemHold,None,None,None,None,NKS_characterDialog_c220_04,characterDialog_sprite_00,,9,-127,0,NKS_characterDialog_c233_01,characterDialog_sprite_00,,61,-104,0,,,,0,0,0,,,,0,0,0,,,,0,0,0,,,,0,0,0,,,,0,0,0,,,,0,0,0,,,,0,0,0,,,,0,0,0,usecondition_value,2.0,usecondition_value,102.0,usecondition_value,203.0,usecondition_value,110008.0
300429,False,1ann_mini_ending_dorothy,1,Stage,NKS_characterDialog_c220,Locale_Character:220_name,Locale_SubScenario:1ann_mini_ending_dorothy_29,,,0,,,0,0,0,None,,0,0,False,Check_CurCharacter,Check_ItemHold,None,None,None,None,NKS_characterDialog_c220_04,characterDialog_sprite_00,,9,-127,0,NKS_characterDialog_c233_01,characterDialog_sprite_00,,61,-104,0,,,,0,0,0,,,,0,0,0,,,,0,0,0,,,,0,0,0,,,,0,0,0,,,,0,0,0,,,,0,0,0,,,,0,0,0,usecondition_value,2.0,usecondition_value,102.0,usecondition_value,203.0,usecondition_value,110008.0
300430,False,1ann_mini_ending_dorothy,1,Stage,NKS_characterDialog_c233,Locale_Character:233_name,Locale_SubScenario:1ann_mini_ending_dorothy_30,,,0,,,0,0,0,None,,0,0,False,Check_CurCharacter,Check_ItemHold,None,None,None,None,NKS_characterDialog_c220_04,characterDialog_sprite_00,,9,-127,0,NKS_characterDialog_c233_01,characterDialog_sprite_00,,61,-104,0,,,,0,0,0,,,,0,0,0,,,,0,0,0,,,,0,0,0,,,,0,0,0,,,,0,0,0,,,,0,0,0,,,,0,0,0,usecondition_value,2.0,usecondition_value,102.0,usecondition_value,203.0,usecondition_value,110008.0
300431,False,1ann_mini_ending_dorothy,1,Stage,NKS_characterDialog_c220,Locale_Character:220_name,Locale_SubScenario:1ann_mini_ending_dorothy_31,,,0,,,0,0,0,None,,0,0,False,Check_CurCharacter,Check_ItemHold,None,None,None,None,NKS_characterDialog_c220_04,characterDialog_sprite_00,,9,-127,0,NKS_characterDialog_c233_01,characterDialog_sprite_00,,61,-104,0,NKS_characterDialog_emoji,characterDialog_emoji_02,,9,-22,0,,,,0,0,0,,,,0,0,0,,,,0,0,0,,,,0,0,0,,,,0,0,0,,,,0,0,0,,,,0,0,0,usecondition_value,2.0,usecondition_value,102.0,usecondition_value,203.0,usecondition_value,110008.0
300501,True,1ann_mini_ending_redhood,1,Stage,,,Locale_SubScenario:1ann_mini_ending_redhood_1,,event_bgm_redash_minigame_story1,0,NKS_sbg_06,,0,165,0,Set_camera_shake,Low_1,0,10000,True,Check_CurCharacter,Check_ItemHold,None,None,None,None,NKS_characterDialog_c220_05,characterDialog_sprite_00,,73,126,0,NKS_characterDialog_c470_02,characterDialog_sprite_00,,-42,126,0,,,,0,0,0,,,,0,0,0,,,,0,0,0,,,,0,0,0,,,,0,0,0,,,,0,0,0,,,,0,0,0,,,,0,0,0,usecondition_value,5.0,usecondition_value,105.0,usecondition_value,206.0,usecondition_value,110009.0
300502,False,1ann_mini_ending_redhood,1,Stage,NKS_characterDialog_c220,Locale_Character:220_name,Locale_SubScenario:1ann_mini_ending_redhood_2,,,0,,,0,0,0,None,,0,0,False,Check_CurCharacter,Check_ItemHold,None,None,None,None,NKS_characterDialog_c220_05,characterDialog_sprite_00,,73,126,0,NKS_characterDialog_c470_02,characterDialog_sprite_00,,-42,126,0,,,,0,0,0,,,,0,0,0,,,,0,0,0,,,,0,0,0,,,,0,0,0,,,,0,0,0,,,,0,0,0,,,,0,0,0,usecondition_value,5.0,usecondition_value,105.0,usecondition_value,206.0,usecondition_value,110009.0
300503,False,1ann_mini_ending_redhood,1,Stage,NKS_characterDialog_c470,Locale_Character:470_name,Locale_SubScenario:1ann_mini_ending_redhood_3,,,0,,,0,0,0,None,,0,0,False,Check_CurCharacter,Check_ItemHold,None,None,None,None,NKS_characterDialog_c220_05,characterDialog_sprite_00,,73,126,0,NKS_characterDialog_c470_02,characterDialog_sprite_00,,-42,126,0,,,,0,0,0,,,,0,0,0,,,,0,0,0,,,,0,0,0,,,,0,0,0,,,,0,0,0,,,,0,0,0,,,,0,0,0,usecondition_value,5.0,usecondition_value,105.0,usecondition_value,206.0,usecondition_value,110009.0
300504,False,1ann_mini_ending_redhood,1,Stage,NKS_characterDialog_c220,Locale_Character:220_name,Locale_SubScenario:1ann_mini_ending_redhood_4,,,0,,,0,0,0,None,,0,0,False,Check_CurCharacter,Check_ItemHold,None,None,None,None,NKS_characterDialog_c220_05,characterDialog_sprite_00,,73,126,0,NKS_characterDialog_c470_02,characterDialog_sprite_00,,-42,126,0,,,,0,0,0,,,,0,0,0,,,,0,0,0,,,,0,0,0,,,,0,0,0,,,,0,0,0,,,,0,0,0,,,,0,0,0,usecondition_value,5.0,usecondition_value,105.0,usecondition_value,206.0,usecondition_value,110009.0
300505,False,1ann_mini_ending_redhood,1,Stage,NKS_characterDialog_c470,Locale_Character:470_name,Locale_SubScenario:1ann_mini_ending_redhood_5,,,0,,,0,0,0,None,,0,0,False,Check_CurCharacter,Check_ItemHold,None,None,None,None,NKS_characterDialog_c220_05,characterDialog_sprite_00,,73,126,0,NKS_characterDialog_c470_02,characterDialog_sprite_00,,-42,126,0,,,,0,0,0,,,,0,0,0,,,,0,0,0,,,,0,0,0,,,,0,0,0,,,,0,0,0,,,,0,0,0,,,,0,0,0,usecondition_value,5.0,usecondition_value,105.0,usecondition_value,206.0,usecondition_value,110009.0
300506,False,1ann_mini_ending_redhood,1,Stage,NKS_characterDialog_c470,Locale_Character:470_name,Locale_SubScenario:1ann_mini_ending_redhood_6,,,0,,,0,0,0,None,,0,0,False,Check_CurCharacter,Check_ItemHold,None,None,None,None,NKS_characterDialog_c220_05,characterDialog_sprite_00,,73,126,0,NKS_characterDialog_c470_02,characterDialog_sprite_00,,-42,126,0,,,,0,0,0,NKS_characterDialog_emoji,characterDialog_emoji_05,,-42,231,0,,,,0,0,0,,,,0,0,0,,,,0,0,0,,,,0,0,0,,,,0,0,0,,,,0,0,0,usecondition_value,5.0,usecondition_value,105.0,usecondition_value,206.0,usecondition_value,110009.0
300507,False,1ann_mini_ending_redhood,1,Stage,NKS_characterDialog_c470,Locale_Character:470_name,Locale_SubScenario:1ann_mini_ending_redhood_7,,,0,,,0,0,0,None,,0,0,False,Check_CurCharacter,Check_ItemHold,None,None,None,None,NKS_characterDialog_c220_05,characterDialog_sprite_00,,73,126,0,NKS_characterDialog_c470_02,characterDialog_sprite_00,,-42,126,0,,,,0,0,0,NKS_characterDialog_emoji,characterDialog_emoji_07,NKS_characterDialog_emoji,-42,231,0,,,,0,0,0,,,,0,0,0,,,,0,0,0,,,,0,0,0,,,,0,0,0,,,,0,0,0,usecondition_value,5.0,usecondition_value,105.0,usecondition_value,206.0,usecondition_value,110009.0
300508,False,1ann_mini_ending_redhood,1,Stage,NKS_characterDialog_c220,Locale_Character:220_name,Locale_SubScenario:1ann_mini_ending_redhood_8,,,0,,,0,0,0,None,,0,0,False,Check_CurCharacter,Check_ItemHold,None,None,None,None,NKS_characterDialog_c220_05,characterDialog_sprite_01,,73,126,0,NKS_characterDialog_c470_02,characterDialog_sprite_00,,-42,126,0,NKS_characterDialog_emoji,characterDialog_emoji_07,,73,231,0,,,NKS_characterDialog_emoji,0,0,0,,,,0,0,0,,,,0,0,0,,,,0,0,0,,,,0,0,0,,,,0,0,0,,,,0,0,0,usecondition_value,5.0,usecondition_value,105.0,usecondition_value,206.0,usecondition_value,110009.0
300509,False,1ann_mini_ending_redhood,1,Stage,NKS_characterDialog_c470,Locale_Character:470_name,Locale_SubScenario:1ann_mini_ending_redhood_9,,,0,,,0,0,0,None,,0,0,False,Check_CurCharacter,Check_ItemHold,None,None,None,None,NKS_characterDialog_c220_05,characterDialog_sprite_01,,73,126,0,NKS_characterDialog_c470_02,characterDialog_sprite_00,,-42,126,0,,,NKS_characterDialog_emoji,0,0,0,,,,0,0,0,,,,0,0,0,,,,0,0,0,,,,0,0,0,,,,0,0,0,,,,0,0,0,,,,0,0,0,usecondition_value,5.0,usecondition_value,105.0,usecondition_value,206.0,usecondition_value,110009.0
300510,False,1ann_mini_ending_redhood,1,Stage,NKS_characterDialog_c470,Locale_Character:470_name,Locale_SubScenario:1ann_mini_ending_redhood_10,,,0,,,0,0,0,None,,0,0,False,Check_CurCharacter,Check_ItemHold,None,None,None,None,NKS_characterDialog_c220_05,characterDialog_sprite_00,,73,126,0,NKS_characterDialog_c470_02,characterDialog_sprite_00,,-42,126,0,,,,0,0,0,,,,0,0,0,,,,0,0,0,,,,0,0,0,,,,0,0,0,,,,0,0,0,,,,0,0,0,,,,0,0,0,usecondition_value,5.0,usecondition_value,105.0,usecondition_value,206.0,usecondition_value,110009.0
300511,False,1ann_mini_ending_redhood,1,Stage,NKS_characterDialog_c470,Locale_Character:470_name,Locale_SubScenario:1ann_mini_ending_redhood_11,,,0,,,0,0,0,None,,0,0,False,Check_CurCharacter,Check_ItemHold,None,None,None,None,NKS_characterDialog_c220_05,characterDialog_sprite_00,,73,126,0,NKS_characterDialog_c470_02,characterDialog_sprite_00,,-42,126,0,,,,0,0,0,,,,0,0,0,,,,0,0,0,,,,0,0,0,,,,0,0,0,,,,0,0,0,,,,0,0,0,,,,0,0,0,usecondition_value,5.0,usecondition_value,105.0,usecondition_value,206.0,usecondition_value,110009.0
300512,False,1ann_mini_ending_redhood,1,Stage,NKS_characterDialog_c470,Locale_Character:470_name,Locale_SubScenario:1ann_mini_ending_redhood_12,,,0,,,0,0,0,None,,0,0,False,Check_CurCharacter,Check_ItemHold,None,None,None,None,NKS_characterDialog_c220_05,characterDialog_sprite_00,,73,126,0,NKS_characterDialog_c470_02,characterDialog_sprite_00,,-42,126,0,,,,0,0,0,,,,0,0,0,,,,0,0,0,,,,0,0,0,,,,0,0,0,,,,0,0,0,,,,0,0,0,,,,0,0,0,usecondition_value,5.0,usecondition_value,105.0,usecondition_value,206.0,usecondition_value,110009.0
300513,False,1ann_mini_ending_redhood,1,Stage,NKS_characterDialog_c470,Locale_Character:470_name,Locale_SubScenario:1ann_mini_ending_redhood_13,,,0,,,0,0,0,None,,0,0,False,Check_CurCharacter,Check_ItemHold,None,None,None,None,NKS_characterDialog_c220_05,characterDialog_sprite_00,,73,126,0,NKS_characterDialog_c470_02,characterDialog_sprite_00,,-42,126,0,,,,0,0,0,,,,0,0,0,,,,0,0,0,,,,0,0,0,,,,0,0,0,,,,0,0,0,,,,0,0,0,,,,0,0,0,usecondition_value,5.0,usecondition_value,105.0,usecondition_value,206.0,usecondition_value,110009.0
300514,False,1ann_mini_ending_redhood,1,Stage,NKS_characterDialog_c470,Locale_Character:470_name,Locale_SubScenario:1ann_mini_ending_redhood_14,,,0,,,0,0,0,None,,0,0,False,Check_CurCharacter,Check_ItemHold,None,None,None,None,NKS_characterDialog_c220_05,characterDialog_sprite_00,,73,126,0,NKS_characterDialog_c470_02,characterDialog_sprite_00,,-42,126,0,,,,0,0,0,,,,0,0,0,,,,0,0,0,,,,0,0,0,,,,0,0,0,,,,0,0,0,,,,0,0,0,,,,0,0,0,usecondition_value,5.0,usecondition_value,105.0,usecondition_value,206.0,usecondition_value,110009.0
300515,False,1ann_mini_ending_redhood,1,Stage,NKS_characterDialog_c470,Locale_Character:470_name,Locale_SubScenario:1ann_mini_ending_redhood_15,,,0,,,0,0,0,None,,0,0,False,Check_CurCharacter,Check_ItemHold,None,None,None,None,NKS_characterDialog_c220_05,characterDialog_sprite_00,,73,126,0,NKS_characterDialog_c470_02,characterDialog_sprite_00,,-42,126,0,,,,0,0,0,,,,0,0,0,,,,0,0,0,,,,0,0,0,,,,0,0,0,,,,0,0,0,,,,0,0,0,,,,0,0,0,usecondition_value,5.0,usecondition_value,105.0,usecondition_value,206.0,usecondition_value,110009.0
300516,False,1ann_mini_ending_redhood,1,Stage,NKS_characterDialog_c220,Locale_Character:220_name,Locale_SubScenario:1ann_mini_ending_redhood_16,,,0,,,0,0,0,None,,0,0,False,Check_CurCharacter,Check_ItemHold,None,None,None,None,NKS_characterDialog_c220_05,characterDialog_sprite_00,,73,126,0,NKS_characterDialog_c470_02,characterDialog_sprite_00,,-42,126,0,,,,0,0,0,,,,0,0,0,,,,0,0,0,,,,0,0,0,,,,0,0,0,,,,0,0,0,,,,0,0,0,,,,0,0,0,usecondition_value,5.0,usecondition_value,105.0,usecondition_value,206.0,usecondition_value,110009.0
300517,False,1ann_mini_ending_redhood,1,Stage,NKS_characterDialog_c470,Locale_Character:470_name,Locale_SubScenario:1ann_mini_ending_redhood_17,,,0,,,0,0,0,None,,0,0,False,Check_CurCharacter,Check_ItemHold,None,None,None,None,NKS_characterDialog_c220_05,characterDialog_sprite_00,,73,126,0,NKS_characterDialog_c470_02,characterDialog_sprite_00,,-42,126,0,,,,0,0,0,,,,0,0,0,,,,0,0,0,,,,0,0,0,,,,0,0,0,,,,0,0,0,,,,0,0,0,,,,0,0,0,usecondition_value,5.0,usecondition_value,105.0,usecondition_value,206.0,usecondition_value,110009.0
300518,False,1ann_mini_ending_redhood,1,Stage,NKS_characterDialog_c470,Locale_Character:470_name,Locale_SubScenario:1ann_mini_ending_redhood_18,,,0,,,0,0,0,None,,0,0,False,Check_CurCharacter,Check_ItemHold,None,None,None,None,NKS_characterDialog_c220_05,characterDialog_sprite_00,,73,126,0,NKS_characterDialog_c470_02,characterDialog_sprite_00,,-42,126,0,,,,0,0,0,,,,0,0,0,,,,0,0,0,,,,0,0,0,,,,0,0,0,,,,0,0,0,,,,0,0,0,,,,0,0,0,usecondition_value,5.0,usecondition_value,105.0,usecondition_value,206.0,usecondition_value,110009.0
300519,False,1ann_mini_ending_redhood,1,Stage,NKS_characterDialog_c470,Locale_Character:470_name,Locale_SubScenario:1ann_mini_ending_redhood_19,,,0,,,0,0,0,None,,0,0,False,Check_CurCharacter,Check_ItemHold,None,None,None,None,NKS_characterDialog_c220_05,characterDialog_sprite_00,,73,126,0,NKS_characterDialog_c470_02,characterDialog_sprite_01,,-42,126,0,,,,0,0,0,,,,0,0,0,,,,0,0,0,,,,0,0,0,,,,0,0,0,,,,0,0,0,,,,0,0,0,,,,0,0,0,usecondition_value,5.0,usecondition_value,105.0,usecondition_value,206.0,usecondition_value,110009.0
300520,False,1ann_mini_ending_redhood,1,Stage,NKS_characterDialog_c220,Locale_Character:220_name,Locale_SubScenario:1ann_mini_ending_redhood_20,,,0,,,0,0,0,None,,0,0,False,Check_CurCharacter,Check_ItemHold,None,None,None,None,NKS_characterDialog_c220_05,characterDialog_sprite_00,,73,126,0,NKS_characterDialog_c470_02,characterDialog_sprite_01,,-42,126,0,NKS_characterDialog_emoji,characterDialog_emoji_04,,73,231,0,,,,0,0,0,,,,0,0,0,,,,0,0,0,,,,0,0,0,,,,0,0,0,,,,0,0,0,,,,0,0,0,usecondition_value,5.0,usecondition_value,105.0,usecondition_value,206.0,usecondition_value,110009.0
300521,False,1ann_mini_ending_redhood,1,Stage,NKS_characterDialog_c470,Locale_Character:470_name,Locale_SubScenario:1ann_mini_ending_redhood_21,,,0,,,0,0,0,None,,0,0,False,Check_CurCharacter,Check_ItemHold,None,None,None,None,NKS_characterDialog_c220_05,characterDialog_sprite_00,,73,126,0,NKS_characterDialog_c470_02,characterDialog_sprite_00,,-42,126,0,,,NKS_characterDialog_emoji,0,0,0,,,,0,0,0,,,,0,0,0,,,,0,0,0,,,,0,0,0,,,,0,0,0,,,,0,0,0,,,,0,0,0,usecondition_value,5.0,usecondition_value,105.0,usecondition_value,206.0,usecondition_value,110009.0
300522,False,1ann_mini_ending_redhood,1,Stage,NKS_characterDialog_c220,Locale_Character:220_name,Locale_SubScenario:1ann_mini_ending_redhood_22,,,0,,,0,0,0,None,,0,0,False,Check_CurCharacter,Check_ItemHold,None,None,None,None,NKS_characterDialog_c220_05,characterDialog_sprite_00,,73,126,0,NKS_characterDialog_c470_02,characterDialog_sprite_00,,-42,126,0,,,,0,0,0,,,,0,0,0,,,,0,0,0,,,,0,0,0,,,,0,0,0,,,,0,0,0,,,,0,0,0,,,,0,0,0,usecondition_value,5.0,usecondition_value,105.0,usecondition_value,206.0,usecondition_value,110009.0
300523,False,1ann_mini_ending_redhood,1,Stage,NKS_characterDialog_c470,Locale_Character:470_name,Locale_SubScenario:1ann_mini_ending_redhood_23,,,0,,,0,0,0,None,,0,0,False,Check_CurCharacter,Check_ItemHold,None,None,None,None,NKS_characterDialog_c220_05,characterDialog_sprite_00,,73,126,0,NKS_characterDialog_c470_02,characterDialog_sprite_00,,-42,126,0,,,,0,0,0,,,,0,0,0,,,,0,0,0,,,,0,0,0,,,,0,0,0,,,,0,0,0,,,,0,0,0,,,,0,0,0,usecondition_value,5.0,usecondition_value,105.0,usecondition_value,206.0,usecondition_value,110009.0
300524,False,1ann_mini_ending_redhood,1,Stage,NKS_characterDialog_c470,Locale_Character:470_name,Locale_SubScenario:1ann_mini_ending_redhood_24,,,0,,,0,0,0,None,,0,0,False,Check_CurCharacter,Check_ItemHold,None,None,None,None,NKS_characterDialog_c220_05,characterDialog_sprite_00,,73,126,0,NKS_characterDialog_c470_02,characterDialog_sprite_00,,-42,126,0,,,,0,0,0,,,,0,0,0,,,,0,0,0,,,,0,0,0,,,,0,0,0,,,,0,0,0,,,,0,0,0,,,,0,0,0,usecondition_value,5.0,usecondition_value,105.0,usecondition_value,206.0,usecondition_value,110009.0
300525,False,1ann_mini_ending_redhood,1,Stage,NKS_characterDialog_c470,Locale_Character:470_name,Locale_SubScenario:1ann_mini_ending_redhood_25,,,0,,,0,0,0,None,,0,0,False,Check_CurCharacter,Check_ItemHold,None,None,None,None,NKS_characterDialog_c220_05,characterDialog_sprite_00,,73,126,0,NKS_characterDialog_c470_02,characterDialog_sprite_00,,-42,126,0,,,,0,0,0,,,,0,0,0,,,,0,0,0,,,,0,0,0,,,,0,0,0,,,,0,0,0,,,,0,0,0,,,,0,0,0,usecondition_value,5.0,usecondition_value,105.0,usecondition_value,206.0,usecondition_value,110009.0
300526,False,1ann_mini_ending_redhood,1,Stage,NKS_characterDialog_c470,Locale_Character:470_name,Locale_SubScenario:1ann_mini_ending_redhood_26,,,0,,,0,0,0,None,,0,0,False,Check_CurCharacter,Check_ItemHold,None,None,None,None,NKS_characterDialog_c220_05,characterDialog_sprite_00,,73,126,0,NKS_characterDialog_c470_02,characterDialog_sprite_00,,-42,126,0,,,,0,0,0,,,,0,0,0,,,,0,0,0,,,,0,0,0,,,,0,0,0,,,,0,0,0,,,,0,0,0,,,,0,0,0,usecondition_value,5.0,usecondition_value,105.0,usecondition_value,206.0,usecondition_value,110009.0
300527,False,1ann_mini_ending_redhood,1,Stage,NKS_characterDialog_c470,Locale_Character:470_name,Locale_SubScenario:1ann_mini_ending_redhood_27,,,0,,,0,0,0,None,,0,0,False,Check_CurCharacter,Check_ItemHold,None,None,None,None,NKS_characterDialog_c220_05,characterDialog_sprite_00,,73,126,0,NKS_characterDialog_c470_02,characterDialog_sprite_00,,-42,126,0,,,,0,0,0,,,,0,0,0,,,,0,0,0,,,,0,0,0,,,,0,0,0,,,,0,0,0,,,,0,0,0,,,,0,0,0,usecondition_value,5.0,usecondition_value,105.0,usecondition_value,206.0,usecondition_value,110009.0
300528,False,1ann_mini_ending_redhood,1,Stage,NKS_characterDialog_c470,Locale_Character:470_name,Locale_SubScenario:1ann_mini_ending_redhood_28,,,0,,,0,0,0,None,,0,0,False,Check_CurCharacter,Check_ItemHold,None,None,None,None,NKS_characterDialog_c220_05,characterDialog_sprite_00,,73,126,0,NKS_characterDialog_c470_02,characterDialog_sprite_00,,-42,126,0,,,,0,0,0,,,,0,0,0,,,,0,0,0,,,,0,0,0,,,,0,0,0,,,,0,0,0,,,,0,0,0,,,,0,0,0,usecondition_value,5.0,usecondition_value,105.0,usecondition_value,206.0,usecondition_value,110009.0
300529,False,1ann_mini_ending_redhood,1,Stage,NKS_characterDialog_c470,Locale_Character:470_name,Locale_SubScenario:1ann_mini_ending_redhood_29,,,0,,,0,0,0,None,,0,0,False,Check_CurCharacter,Check_ItemHold,None,None,None,None,NKS_characterDialog_c220_05,characterDialog_sprite_00,,73,126,0,NKS_characterDialog_c470_02,characterDialog_sprite_00,,-42,126,0,,,,0,0,0,,,,0,0,0,,,,0,0,0,,,,0,0,0,,,,0,0,0,,,,0,0,0,,,,0,0,0,,,,0,0,0,usecondition_value,5.0,usecondition_value,105.0,usecondition_value,206.0,usecondition_value,110009.0
300530,False,1ann_mini_ending_redhood,1,Stage,NKS_characterDialog_c470,Locale_Character:470_name,Locale_SubScenario:1ann_mini_ending_redhood_30,,,0,,,0,0,0,None,,0,0,False,Check_CurCharacter,Check_ItemHold,None,None,None,None,NKS_characterDialog_c220_05,characterDialog_sprite_00,,73,126,0,NKS_characterDialog_c470_02,characterDialog_sprite_00,,-42,126,0,,,,0,0,0,,,,0,0,0,,,,0,0,0,,,,0,0,0,,,,0,0,0,,,,0,0,0,,,,0,0,0,,,,0,0,0,usecondition_value,5.0,usecondition_value,105.0,usecondition_value,206.0,usecondition_value,110009.0
300531,False,1ann_mini_ending_redhood,1,Stage,NKS_characterDialog_c220,Locale_Character:220_name,Locale_SubScenario:1ann_mini_ending_redhood_31,,,0,,,0,0,0,None,,0,0,False,Check_CurCharacter,Check_ItemHold,None,None,None,None,NKS_characterDialog_c220_05,characterDialog_sprite_01,,73,126,0,NKS_characterDialog_c470_02,characterDialog_sprite_00,,-42,126,0,NKS_characterDialog_emoji,characterDialog_emoji_07,,73,231,0,,,,0,0,0,,,,0,0,0,,,,0,0,0,,,,0,0,0,,,,0,0,0,,,,0,0,0,,,,0,0,0,usecondition_value,5.0,usecondition_value,105.0,usecondition_value,206.0,usecondition_value,110009.0
300532,False,1ann_mini_ending_redhood,1,Stage,NKS_characterDialog_c470,Locale_Character:470_name,Locale_SubScenario:1ann_mini_ending_redhood_32,,,0,,,0,0,0,None,,0,0,False,Check_CurCharacter,Check_ItemHold,None,None,None,None,NKS_characterDialog_c220_05,characterDialog_sprite_01,,73,126,0,NKS_characterDialog_c470_02,characterDialog_sprite_01,,-42,126,0,,,NKS_characterDialog_emoji,0,0,0,NKS_characterDialog_emoji,characterDialog_emoji_07,,-42,231,0,,,,0,0,0,,,,0,0,0,,,,0,0,0,,,,0,0,0,,,,0,0,0,,,,0,0,0,usecondition_value,5.0,usecondition_value,105.0,usecondition_value,206.0,usecondition_value,110009.0
300533,False,1ann_mini_ending_redhood,1,Stage,NKS_characterDialog_c470,Locale_Character:470_name,Locale_SubScenario:1ann_mini_ending_redhood_33,,,0,,,0,0,0,None,,0,0,False,Check_CurCharacter,Check_ItemHold,None,None,None,None,NKS_characterDialog_c220_05,characterDialog_sprite_01,,73,126,0,NKS_characterDialog_c470_02,characterDialog_sprite_00,,-42,126,0,,,,0,0,0,,,NKS_characterDialog_emoji,0,0,0,,,,0,0,0,,,,0,0,0,,,,0,0,0,,,,0,0,0,,,,0,0,0,,,,0,0,0,usecondition_value,5.0,usecondition_value,105.0,usecondition_value,206.0,usecondition_value,110009.0
300534,False,1ann_mini_ending_redhood,1,Stage,NKS_characterDialog_c220,Locale_Character:220_name,Locale_SubScenario:1ann_mini_ending_redhood_34,,,0,,,0,0,0,None,,0,0,False,Check_CurCharacter,Check_ItemHold,None,None,None,None,NKS_characterDialog_c220_05,characterDialog_sprite_01,,73,126,0,NKS_characterDialog_c470_02,characterDialog_sprite_00,,-42,126,0,,,,0,0,0,,,,0,0,0,,,,0,0,0,,,,0,0,0,,,,0,0,0,,,,0,0,0,,,,0,0,0,,,,0,0,0,usecondition_value,5.0,usecondition_value,105.0,usecondition_value,206.0,usecondition_value,110009.0
300535,False,1ann_mini_ending_redhood,1,Stage,NKS_characterDialog_c220,Locale_Character:220_name,Locale_SubScenario:1ann_mini_ending_redhood_35,,,0,,,0,0,0,None,,0,0,False,Check_CurCharacter,Check_ItemHold,None,None,None,None,NKS_characterDialog_c220_05,characterDialog_sprite_01,,73,126,0,NKS_characterDialog_c470_02,characterDialog_sprite_00,,-42,126,0,,,,0,0,0,,,,0,0,0,,,,0,0,0,,,,0,0,0,,,,0,0,0,,,,0,0,0,,,,0,0,0,,,,0,0,0,usecondition_value,5.0,usecondition_value,105.0,usecondition_value,206.0,usecondition_value,110009.0
300536,False,1ann_mini_ending_redhood,1,Stage,NKS_characterDialog_c470,Locale_Character:470_name,Locale_SubScenario:1ann_mini_ending_redhood_36,,,0,,,0,0,0,None,,0,0,False,Check_CurCharacter,Check_ItemHold,None,None,None,None,NKS_characterDialog_c220_05,characterDialog_sprite_01,,73,126,0,NKS_characterDialog_c470_02,characterDialog_sprite_00,,-42,126,0,,,,0,0,0,NKS_characterDialog_emoji,characterDialog_emoji_05,,-42,231,0,,,,0,0,0,,,,0,0,0,,,,0,0,0,,,,0,0,0,,,,0,0,0,,,,0,0,0,usecondition_value,5.0,usecondition_value,105.0,usecondition_value,206.0,usecondition_value,110009.0
300537,False,1ann_mini_ending_redhood,1,Stage,NKS_characterDialog_c470,Locale_Character:470_name,Locale_SubScenario:1ann_mini_ending_redhood_37,,,0,,,0,0,0,None,,0,0,False,Check_CurCharacter,Check_ItemHold,None,None,None,None,NKS_characterDialog_c220_05,characterDialog_sprite_01,,73,126,0,NKS_characterDialog_c470_02,characterDialog_sprite_00,,-42,126,0,,,,0,0,0,,,NKS_characterDialog_emoji,0,0,0,,,,0,0,0,,,,0,0,0,,,,0,0,0,,,,0,0,0,,,,0,0,0,,,,0,0,0,usecondition_value,5.0,usecondition_value,105.0,usecondition_value,206.0,usecondition_value,110009.0
300538,False,1ann_mini_ending_redhood,1,Stage,NKS_characterDialog_c470,Locale_Character:470_name,Locale_SubScenario:1ann_mini_ending_redhood_38,,,0,,,0,0,0,None,,0,0,False,Check_CurCharacter,Check_ItemHold,None,None,None,None,NKS_characterDialog_c220_05,characterDialog_sprite_01,,73,126,0,NKS_characterDialog_c470_02,characterDialog_sprite_00,,-42,126,0,,,,0,0,0,,,,0,0,0,,,,0,0,0,,,,0,0,0,,,,0,0,0,,,,0,0,0,,,,0,0,0,,,,0,0,0,usecondition_value,5.0,usecondition_value,105.0,usecondition_value,206.0,usecondition_value,110009.0
300539,False,1ann_mini_ending_redhood,1,Stage,NKS_characterDialog_c470,Locale_Character:470_name,Locale_SubScenario:1ann_mini_ending_redhood_39,,,0,,,0,0,0,None,,0,0,False,Check_CurCharacter,Check_ItemHold,None,None,None,None,NKS_characterDialog_c220_05,characterDialog_sprite_01,,73,126,0,NKS_characterDialog_c470_02,characterDialog_sprite_00,,-42,126,0,,,,0,0,0,,,,0,0,0,,,,0,0,0,,,,0,0,0,,,,0,0,0,,,,0,0,0,,,,0,0,0,,,,0,0,0,usecondition_value,5.0,usecondition_value,105.0,usecondition_value,206.0,usecondition_value,110009.0
300540,False,1ann_mini_ending_redhood,1,Stage,NKS_characterDialog_c220,Locale_Character:220_name,Locale_SubScenario:1ann_mini_ending_redhood_40,,,0,,,0,0,0,None,,0,0,False,Check_CurCharacter,Check_ItemHold,None,None,None,None,NKS_characterDialog_c220_05,characterDialog_sprite_00,,73,126,0,NKS_characterDialog_c470_02,characterDialog_sprite_00,,-42,126,0,NKS_characterDialog_emoji,characterDialog_emoji_01,,73,231,0,,,,0,0,0,,,,0,0,0,,,,0,0,0,,,,0,0,0,,,,0,0,0,,,,0,0,0,,,,0,0,0,usecondition_value,5.0,usecondition_value,105.0,usecondition_value,206.0,usecondition_value,110009.0
300541,False,1ann_mini_ending_redhood,1,Stage,NKS_characterDialog_c470,Locale_Character:470_name,Locale_SubScenario:1ann_mini_ending_redhood_41,,,0,,,0,0,0,None,,0,0,False,Check_CurCharacter,Check_ItemHold,None,None,None,None,NKS_characterDialog_c220_05,characterDialog_sprite_00,,73,126,0,NKS_characterDialog_c470_02,characterDialog_sprite_00,,-42,126,0,,,NKS_characterDialog_emoji,0,0,0,,,,0,0,0,,,,0,0,0,,,,0,0,0,,,,0,0,0,,,,0,0,0,,,,0,0,0,,,,0,0,0,usecondition_value,5.0,usecondition_value,105.0,usecondition_value,206.0,usecondition_value,110009.0
300542,False,1ann_mini_ending_redhood,1,Stage,NKS_characterDialog_c470,Locale_Character:470_name,Locale_SubScenario:1ann_mini_ending_redhood_42,,,0,,,0,0,0,None,,0,0,False,Check_CurCharacter,Check_ItemHold,None,None,None,None,NKS_characterDialog_c220_05,characterDialog_sprite_00,,73,126,0,NKS_characterDialog_c470_02,characterDialog_sprite_00,,-42,126,0,,,,0,0,0,,,,0,0,0,,,,0,0,0,,,,0,0,0,,,,0,0,0,,,,0,0,0,,,,0,0,0,,,,0,0,0,usecondition_value,5.0,usecondition_value,105.0,usecondition_value,206.0,usecondition_value,110009.0
300601,True,1ann_mini_ending_anarchyorr,1,Stage,,,Locale_SubScenario:1ann_mini_ending_anarchyorr_1,,None,0,NKS_sbg_08,,0,165,0,None,,0,10000,True,Check_ItemHold,None,None,None,None,None,NKS_characterDialog_c944_00,characterDialog_sprite_00,,-9,-119,0,,,,0,0,0,,,,0,0,0,,,,0,0,0,,,,0,0,0,,,,0,0,0,,,,0,0,0,,,,0,0,0,,,,0,0,0,,,,0,0,0,usecondition_value,110010.0,,,,,,
300602,False,1ann_mini_ending_anarchyorr,1,Stage,,,Locale_SubScenario:1ann_mini_ending_anarchyorr_2,,,0,,,0,0,0,None,,0,0,False,Check_ItemHold,None,None,None,None,None,NKS_characterDialog_c944_00,characterDialog_sprite_00,,-9,-119,0,,,,0,0,0,,,,0,0,0,,,,0,0,0,,,,0,0,0,,,,0,0,0,,,,0,0,0,,,,0,0,0,,,,0,0,0,,,,0,0,0,usecondition_value,110010.0,,,,,,
300603,False,1ann_mini_ending_anarchyorr,1,Stage,,,Locale_SubScenario:1ann_mini_ending_anarchyorr_3,,,0,,,0,0,0,None,,0,0,False,Check_ItemHold,None,None,None,None,None,NKS_characterDialog_c944_00,characterDialog_sprite_00,,-9,-119,0,,,,0,0,0,,,,0,0,0,,,,0,0,0,,,,0,0,0,,,,0,0,0,,,,0,0,0,,,,0,0,0,,,,0,0,0,,,,0,0,0,usecondition_value,110010.0,,,,,,
300604,False,1ann_mini_ending_anarchyorr,1,Stage,,,Locale_SubScenario:1ann_mini_ending_anarchyorr_4,,,0,,,0,0,0,None,,0,0,False,Check_ItemHold,None,None,None,None,None,NKS_characterDialog_c944_00,characterDialog_sprite_00,,-9,-119,0,,,,0,0,0,,,,0,0,0,,,,0,0,0,,,,0,0,0,,,,0,0,0,,,,0,0,0,,,,0,0,0,,,,0,0,0,,,,0,0,0,usecondition_value,110010.0,,,,,,
300605,False,1ann_mini_ending_anarchyorr,1,Stage,,,Locale_SubScenario:1ann_mini_ending_anarchyorr_5,,,0,,,0,0,0,None,,0,0,False,Check_ItemHold,None,None,None,None,None,NKS_characterDialog_c944_00,characterDialog_sprite_00,,-9,-119,0,,,,0,0,0,,,,0,0,0,,,,0,0,0,,,,0,0,0,,,,0,0,0,,,,0,0,0,,,,0,0,0,,,,0,0,0,,,,0,0,0,usecondition_value,110010.0,,,,,,
300606,False,1ann_mini_ending_anarchyorr,1,Stage,,,Locale_SubScenario:1ann_mini_ending_anarchyorr_6,,,0,,,0,0,0,None,,0,0,False,Check_ItemHold,None,None,None,None,None,NKS_characterDialog_c944_00,characterDialog_sprite_00,,-9,-119,0,,,,0,0,0,,,,0,0,0,,,,0,0,0,,,,0,0,0,,,,0,0,0,,,,0,0,0,,,,0,0,0,,,,0,0,0,,,,0,0,0,usecondition_value,110010.0,,,,,,
300607,False,1ann_mini_ending_anarchyorr,1,Stage,,,Locale_SubScenario:1ann_mini_ending_anarchyorr_7,,,0,,,0,0,0,None,,0,0,False,Check_ItemHold,None,None,None,None,None,NKS_characterDialog_c944_00,characterDialog_sprite_00,,-9,-119,0,,,,0,0,0,,,,0,0,0,,,,0,0,0,,,,0,0,0,,,,0,0,0,,,,0,0,0,,,,0,0,0,,,,0,0,0,,,,0,0,0,usecondition_value,110010.0,,,,,,
300608,False,1ann_mini_ending_anarchyorr,1,Stage,,,Locale_SubScenario:1ann_mini_ending_anarchyorr_8,,,0,,,0,0,0,None,,0,0,False,Check_ItemHold,None,None,None,None,None,NKS_characterDialog_c944_00,characterDialog_sprite_00,,-9,-119,0,,,,0,0,0,,,,0,0,0,,,,0,0,0,,,,0,0,0,,,,0,0,0,,,,0,0,0,,,,0,0,0,,,,0,0,0,,,,0,0,0,usecondition_value,110010.0,,,,,,
300609,False,1ann_mini_ending_anarchyorr,1,Stage,,,Locale_SubScenario:1ann_mini_ending_anarchyorr_9,,,0,,,0,0,0,None,,0,0,False,Check_ItemHold,None,None,None,None,None,NKS_characterDialog_c944_00,characterDialog_sprite_00,,-9,-119,0,,,,0,0,0,,,,0,0,0,,,,0,0,0,,,,0,0,0,,,,0,0,0,,,,0,0,0,,,,0,0,0,,,,0,0,0,,,,0,0,0,usecondition_value,110010.0,,,,,,
300610,False,1ann_mini_ending_anarchyorr,1,Stage,,,Locale_SubScenario:1ann_mini_ending_anarchyorr_10,,,0,,,0,0,0,None,,0,0,False,Check_ItemHold,None,None,None,None,None,NKS_characterDialog_c944_00,characterDialog_sprite_00,,-9,-119,0,,,,0,0,0,,,,0,0,0,,,,0,0,0,,,,0,0,0,,,,0,0,0,,,,0,0,0,,,,0,0,0,,,,0,0,0,,,,0,0,0,usecondition_value,110010.0,,,,,,
300611,False,1ann_mini_ending_anarchyorr,1,Stage,,,Locale_SubScenario:1ann_mini_ending_anarchyorr_11,,,0,,,0,0,0,None,,0,0,False,Check_ItemHold,None,None,None,None,None,NKS_characterDialog_c944_00,characterDialog_sprite_00,,-9,-119,0,,,,0,0,0,,,,0,0,0,,,,0,0,0,,,,0,0,0,,,,0,0,0,,,,0,0,0,,,,0,0,0,,,,0,0,0,,,,0,0,0,usecondition_value,110010.0,,,,,,
300612,False,1ann_mini_ending_anarchyorr,1,Stage,,,Locale_SubScenario:1ann_mini_ending_anarchyorr_12,,,0,,,0,0,0,None,,0,0,False,Check_ItemHold,None,None,None,None,None,NKS_characterDialog_c944_00,characterDialog_sprite_00,,-9,-119,0,,,,0,0,0,,,,0,0,0,,,,0,0,0,,,,0,0,0,,,,0,0,0,,,,0,0,0,,,,0,0,0,,,,0,0,0,,,,0,0,0,usecondition_value,110010.0,,,,,,
300613,False,1ann_mini_ending_anarchyorr,1,Stage,,,Locale_SubScenario:1ann_mini_ending_anarchyorr_13,,,0,,,0,0,0,None,,0,0,False,Check_ItemHold,None,None,None,None,None,NKS_characterDialog_c944_00,characterDialog_sprite_00,,-9,-119,0,,,,0,0,0,,,,0,0,0,,,,0,0,0,,,,0,0,0,,,,0,0,0,,,,0,0,0,,,,0,0,0,,,,0,0,0,,,,0,0,0,usecondition_value,110010.0,,,,,,
300614,False,1ann_mini_ending_anarchyorr,1,Stage,,,Locale_SubScenario:1ann_mini_ending_anarchyorr_14,,,0,,,0,0,0,None,,0,0,False,Check_ItemHold,None,None,None,None,None,NKS_characterDialog_c944_00,characterDialog_sprite_00,,-9,-119,0,,,,0,0,0,,,,0,0,0,,,,0,0,0,,,,0,0,0,,,,0,0,0,,,,0,0,0,,,,0,0,0,,,,0,0,0,,,,0,0,0,usecondition_value,110010.0,,,,,,
300615,False,1ann_mini_ending_anarchyorr,1,Stage,,,Locale_SubScenario:1ann_mini_ending_anarchyorr_15,,,0,,,0,0,0,None,,0,0,False,Check_ItemHold,None,None,None,None,None,NKS_characterDialog_c944_00,characterDialog_sprite_00,,-9,-119,0,,,,0,0,0,,,,0,0,0,,,,0,0,0,,,,0,0,0,,,,0,0,0,,,,0,0,0,,,,0,0,0,,,,0,0,0,,,,0,0,0,usecondition_value,110010.0,,,,,,
300616,False,1ann_mini_ending_anarchyorr,1,Stage,,,Locale_SubScenario:1ann_mini_ending_anarchyorr_16,,,0,,,0,0,0,None,,0,0,False,Check_ItemHold,None,None,None,None,None,NKS_characterDialog_c944_00,characterDialog_sprite_00,,-9,-119,0,,,,0,0,0,,,,0,0,0,,,,0,0,0,,,,0,0,0,,,,0,0,0,,,,0,0,0,,,,0,0,0,,,,0,0,0,,,,0,0,0,usecondition_value,110010.0,,,,,,
300617,False,1ann_mini_ending_anarchyorr,1,Stage,,,Locale_SubScenario:1ann_mini_ending_anarchyorr_17,,,0,,,0,0,0,None,,0,0,False,Check_ItemHold,None,None,None,None,None,NKS_characterDialog_c944_00,characterDialog_sprite_00,,-9,-119,0,,,,0,0,0,,,,0,0,0,,,,0,0,0,,,,0,0,0,,,,0,0,0,,,,0,0,0,,,,0,0,0,,,,0,0,0,,,,0,0,0,usecondition_value,110010.0,,,,,,
300618,False,1ann_mini_ending_anarchyorr,1,Stage,,,Locale_SubScenario:1ann_mini_ending_anarchyorr_18,,,0,,,0,0,0,None,,0,0,False,Check_ItemHold,None,None,None,None,None,NKS_characterDialog_c944_00,characterDialog_sprite_00,,-9,-119,0,,,,0,0,0,,,,0,0,0,,,,0,0,0,,,,0,0,0,,,,0,0,0,,,,0,0,0,,,,0,0,0,,,,0,0,0,,,,0,0,0,usecondition_value,110010.0,,,,,,
300619,False,1ann_mini_ending_anarchyorr,1,Stage,,,Locale_SubScenario:1ann_mini_ending_anarchyorr_19,,,0,,,0,0,0,None,,0,0,False,Check_ItemHold,None,None,None,None,None,NKS_characterDialog_c944_00,characterDialog_sprite_00,,-9,-119,0,,,,0,0,0,,,,0,0,0,,,,0,0,0,,,,0,0,0,,,,0,0,0,,,,0,0,0,,,,0,0,0,,,,0,0,0,,,,0,0,0,usecondition_value,110010.0,,,,,,
300620,False,1ann_mini_ending_anarchyorr,1,Stage,,,Locale_SubScenario:1ann_mini_ending_anarchyorr_20,,,0,,,0,0,0,None,,0,0,False,Check_ItemHold,None,None,None,None,None,NKS_characterDialog_c944_00,characterDialog_sprite_00,,-9,-119,0,,,,0,0,0,,,,0,0,0,,,,0,0,0,,,,0,0,0,,,,0,0,0,,,,0,0,0,,,,0,0,0,,,,0,0,0,,,,0,0,0,usecondition_value,110010.0,,,,,,
300621,False,1ann_mini_ending_anarchyorr,1,Stage,,,Locale_SubScenario:1ann_mini_ending_anarchyorr_21,,,0,,,0,0,0,None,,0,0,False,Check_ItemHold,None,None,None,None,None,NKS_characterDialog_c944_00,characterDialog_sprite_00,,-9,-119,0,,,,0,0,0,,,,0,0,0,,,,0,0,0,,,,0,0,0,,,,0,0,0,,,,0,0,0,,,,0,0,0,,,,0,0,0,,,,0,0,0,usecondition_value,110010.0,,,,,,
300622,False,1ann_mini_ending_anarchyorr,1,Stage,,,Locale_SubScenario:1ann_mini_ending_anarchyorr_22,,,0,,,0,0,0,None,,0,0,False,Check_ItemHold,None,None,None,None,None,NKS_characterDialog_c944_00,characterDialog_sprite_00,,-9,-119,0,,,,0,0,0,,,,0,0,0,,,,0,0,0,,,,0,0,0,,,,0,0,0,,,,0,0,0,,,,0,0,0,,,,0,0,0,,,,0,0,0,usecondition_value,110010.0,,,,,,
300623,False,1ann_mini_ending_anarchyorr,1,Stage,,,Locale_SubScenario:1ann_mini_ending_anarchyorr_23,,,0,,,0,0,0,None,,0,0,False,Check_ItemHold,None,None,None,None,None,NKS_characterDialog_c944_00,characterDialog_sprite_00,,-9,-119,0,,,,0,0,0,,,,0,0,0,,,,0,0,0,,,,0,0,0,,,,0,0,0,,,,0,0,0,,,,0,0,0,,,,0,0,0,,,,0,0,0,usecondition_value,110010.0,,,,,,
300624,False,1ann_mini_ending_anarchyorr,1,Stage,,,Locale_SubScenario:1ann_mini_ending_anarchyorr_24,,,0,,,0,0,0,None,,0,0,False,Check_ItemHold,None,None,None,None,None,NKS_characterDialog_c944_00,characterDialog_sprite_00,,-9,-119,0,,,,0,0,0,,,,0,0,0,,,,0,0,0,,,,0,0,0,,,,0,0,0,,,,0,0,0,,,,0,0,0,,,,0,0,0,,,,0,0,0,usecondition_value,110010.0,,,,,,
300625,False,1ann_mini_ending_anarchyorr,1,Stage,,,Locale_SubScenario:1ann_mini_ending_anarchyorr_25,,,0,,,0,0,0,None,,0,0,False,Check_ItemHold,None,None,None,None,None,NKS_characterDialog_c944_00,characterDialog_sprite_00,,-9,-119,0,,,,0,0,0,,,,0,0,0,,,,0,0,0,,,,0,0,0,,,,0,0,0,,,,0,0,0,,,,0,0,0,,,,0,0,0,,,,0,0,0,usecondition_value,110010.0,,,,,,
300626,False,1ann_mini_ending_anarchyorr,1,Stage,,,Locale_SubScenario:1ann_mini_ending_anarchyorr_26,,,0,,,0,0,0,None,,0,0,False,Check_ItemHold,None,None,None,None,None,NKS_characterDialog_c944_00,characterDialog_sprite_00,,-9,-119,0,,,,0,0,0,,,,0,0,0,,,,0,0,0,,,,0,0,0,,,,0,0,0,,,,0,0,0,,,,0,0,0,,,,0,0,0,,,,0,0,0,usecondition_value,110010.0,,,,,,
300627,False,1ann_mini_ending_anarchyorr,1,Stage,,,Locale_SubScenario:1ann_mini_ending_anarchyorr_27,,,0,,,0,0,0,None,,0,0,False,Check_ItemHold,None,None,None,None,None,NKS_characterDialog_c944_00,characterDialog_sprite_00,,-9,-119,0,,,,0,0,0,,,,0,0,0,,,,0,0,0,,,,0,0,0,,,,0,0,0,,,,0,0,0,,,,0,0,0,,,,0,0,0,,,,0,0,0,usecondition_value,110010.0,,,,,,
300628,False,1ann_mini_ending_anarchyorr,1,Stage,,,Locale_SubScenario:1ann_mini_ending_anarchyorr_28,,,0,,,0,0,0,None,,0,0,False,Check_ItemHold,None,None,None,None,None,NKS_characterDialog_c944_00,characterDialog_sprite_00,,-9,-119,0,,,,0,0,0,,,,0,0,0,,,,0,0,0,,,,0,0,0,,,,0,0,0,,,,0,0,0,,,,0,0,0,,,,0,0,0,,,,0,0,0,usecondition_value,110010.0,,,,,,
300629,False,1ann_mini_ending_anarchyorr,1,Stage,,,Locale_SubScenario:1ann_mini_ending_anarchyorr_29,,,0,,,0,0,0,None,,0,0,False,Check_ItemHold,None,None,None,None,None,NKS_characterDialog_c944_00,characterDialog_sprite_00,,-9,-119,0,,,,0,0,0,,,,0,0,0,,,,0,0,0,,,,0,0,0,,,,0,0,0,,,,0,0,0,,,,0,0,0,,,,0,0,0,,,,0,0,0,usecondition_value,110010.0,,,,,,
300630,False,1ann_mini_ending_anarchyorr,1,Stage,,,Locale_SubScenario:1ann_mini_ending_anarchyorr_30,,,0,,,0,0,0,None,,0,0,False,Check_ItemHold,None,None,None,None,None,NKS_characterDialog_c944_00,characterDialog_sprite_00,,-9,-119,0,,,,0,0,0,,,,0,0,0,,,,0,0,0,,,,0,0,0,,,,0,0,0,,,,0,0,0,,,,0,0,0,,,,0,0,0,,,,0,0,0,usecondition_value,110010.0,,,,,,
300631,False,1ann_mini_ending_anarchyorr,1,Stage,,,Locale_SubScenario:1ann_mini_ending_anarchyorr_31,,,0,,,0,0,0,None,,0,0,False,Check_ItemHold,None,None,None,None,None,NKS_characterDialog_c944_00,characterDialog_sprite_00,,-9,-119,0,,,,0,0,0,,,,0,0,0,,,,0,0,0,,,,0,0,0,,,,0,0,0,,,,0,0,0,,,,0,0,0,,,,0,0,0,,,,0,0,0,usecondition_value,110010.0,,,,,,
300632,False,1ann_mini_ending_anarchyorr,1,Stage,,,Locale_SubScenario:1ann_mini_ending_anarchyorr_32,,,0,,,0,0,0,None,,0,0,False,Check_ItemHold,None,None,None,None,None,NKS_characterDialog_c944_00,characterDialog_sprite_00,,-9,-119,0,,,,0,0,0,,,,0,0,0,,,,0,0,0,,,,0,0,0,,,,0,0,0,,,,0,0,0,,,,0,0,0,,,,0,0,0,,,,0,0,0,usecondition_value,110010.0,,,,,,
300633,False,1ann_mini_ending_anarchyorr,1,Stage,,,Locale_SubScenario:1ann_mini_ending_anarchyorr_33,,,0,,,0,0,0,None,,0,0,False,Check_ItemHold,None,None,None,None,None,NKS_characterDialog_c944_00,characterDialog_sprite_00,,-9,-119,0,,,,0,0,0,,,,0,0,0,,,,0,0,0,,,,0,0,0,,,,0,0,0,,,,0,0,0,,,,0,0,0,,,,0,0,0,,,,0,0,0,usecondition_value,110010.0,,,,,,
300634,False,1ann_mini_ending_anarchyorr,1,Stage,,,Locale_SubScenario:1ann_mini_ending_anarchyorr_34,,,0,,,0,0,0,None,,0,0,False,Check_ItemHold,None,None,None,None,None,NKS_characterDialog_c944_00,characterDialog_sprite_00,,-9,-119,0,,,,0,0,0,,,,0,0,0,,,,0,0,0,,,,0,0,0,,,,0,0,0,,,,0,0,0,,,,0,0,0,,,,0,0,0,,,,0,0,0,usecondition_value,110010.0,,,,,,
300635,False,1ann_mini_ending_anarchyorr,1,Stage,,,Locale_SubScenario:1ann_mini_ending_anarchyorr_35,,,0,,,0,0,0,None,,0,0,False,Check_ItemHold,None,None,None,None,None,NKS_characterDialog_c944_00,characterDialog_sprite_00,,-9,-119,0,,,,0,0,0,,,,0,0,0,,,,0,0,0,,,,0,0,0,,,,0,0,0,,,,0,0,0,,,,0,0,0,,,,0,0,0,,,,0,0,0,usecondition_value,110010.0,,,,,,
300636,False,1ann_mini_ending_anarchyorr,1,Stage,,,Locale_SubScenario:1ann_mini_ending_anarchyorr_36,,,0,,,0,0,0,None,,0,0,False,Check_ItemHold,None,None,None,None,None,NKS_characterDialog_c944_00,characterDialog_sprite_00,,-9,-119,0,,,,0,0,0,,,,0,0,0,,,,0,0,0,,,,0,0,0,,,,0,0,0,,,,0,0,0,,,,0,0,0,,,,0,0,0,,,,0,0,0,usecondition_value,110010.0,,,,,,
300637,False,1ann_mini_ending_anarchyorr,1,Stage,,,Locale_SubScenario:1ann_mini_ending_anarchyorr_37,,,0,,,0,0,0,None,,0,0,False,Check_ItemHold,None,None,None,None,None,NKS_characterDialog_c944_00,characterDialog_sprite_00,,-9,-119,0,,,,0,0,0,,,,0,0,0,,,,0,0,0,,,,0,0,0,,,,0,0,0,,,,0,0,0,,,,0,0,0,,,,0,0,0,,,,0,0,0,usecondition_value,110010.0,,,,,,
300638,False,1ann_mini_ending_anarchyorr,1,Stage,,,Locale_SubScenario:1ann_mini_ending_anarchyorr_38,,,0,,,0,0,0,None,,0,0,False,Check_ItemHold,None,None,None,None,None,NKS_characterDialog_c944_00,characterDialog_sprite_00,,-9,-119,0,,,,0,0,0,,,,0,0,0,,,,0,0,0,,,,0,0,0,,,,0,0,0,,,,0,0,0,,,,0,0,0,,,,0,0,0,,,,0,0,0,usecondition_value,110010.0,,,,,,
300639,False,1ann_mini_ending_anarchyorr,1,Stage,,,Locale_SubScenario:1ann_mini_ending_anarchyorr_39,,,0,,,0,0,0,None,,0,0,False,Check_ItemHold,None,None,None,None,None,NKS_characterDialog_c944_00,characterDialog_sprite_00,,-9,-119,0,,,,0,0,0,,,,0,0,0,,,,0,0,0,,,,0,0,0,,,,0,0,0,,,,0,0,0,,,,0,0,0,,,,0,0,0,,,,0,0,0,usecondition_value,110010.0,,,,,,
300640,False,1ann_mini_ending_anarchyorr,1,Stage,,,Locale_SubScenario:1ann_mini_ending_anarchyorr_40,,,0,,,0,0,0,None,,0,0,False,Check_ItemHold,None,None,None,None,None,NKS_characterDialog_c944_00,characterDialog_sprite_00,,-9,-119,0,,,,0,0,0,,,,0,0,0,,,,0,0,0,,,,0,0,0,,,,0,0,0,,,,0,0,0,,,,0,0,0,,,,0,0,0,,,,0,0,0,usecondition_value,110010.0,,,,,,
300641,False,1ann_mini_ending_anarchyorr,1,Stage,,,Locale_SubScenario:1ann_mini_ending_anarchyorr_41,,,0,,,0,0,0,None,,0,0,False,Check_ItemHold,None,None,None,None,None,NKS_characterDialog_c944_00,characterDialog_sprite_00,,-9,-119,0,,,,0,0,0,,,,0,0,0,,,,0,0,0,,,,0,0,0,,,,0,0,0,,,,0,0,0,,,,0,0,0,,,,0,0,0,,,,0,0,0,usecondition_value,110010.0,,,,,,
300642,False,1ann_mini_ending_anarchyorr,1,Stage,,,Locale_SubScenario:1ann_mini_ending_anarchyorr_42,,,0,,,0,0,0,None,,0,0,False,Check_ItemHold,None,None,None,None,None,NKS_characterDialog_c944_00,characterDialog_sprite_00,,-9,-119,0,,,,0,0,0,,,,0,0,0,,,,0,0,0,,,,0,0,0,,,,0,0,0,,,,0,0,0,,,,0,0,0,,,,0,0,0,,,,0,0,0,usecondition_value,110010.0,,,,,,
300643,False,1ann_mini_ending_anarchyorr,1,Stage,,,Locale_SubScenario:1ann_mini_ending_anarchyorr_43,,,0,,,0,0,0,None,,0,0,False,Check_ItemHold,None,None,None,None,None,NKS_characterDialog_c944_00,characterDialog_sprite_00,,-9,-119,0,,,,0,0,0,,,,0,0,0,,,,0,0,0,,,,0,0,0,,,,0,0,0,,,,0,0,0,,,,0,0,0,,,,0,0,0,,,,0,0,0,usecondition_value,110010.0,,,,,,
300644,False,1ann_mini_ending_anarchyorr,1,Stage,,,Locale_SubScenario:1ann_mini_ending_anarchyorr_44,,,0,,,0,0,0,None,,0,0,False,Check_ItemHold,None,None,None,None,None,NKS_characterDialog_c944_00,characterDialog_sprite_00,,-9,-119,0,,,,0,0,0,,,,0,0,0,,,,0,0,0,,,,0,0,0,,,,0,0,0,,,,0,0,0,,,,0,0,0,,,,0,0,0,,,,0,0,0,usecondition_value,110010.0,,,,,,
300645,False,1ann_mini_ending_anarchyorr,1,Stage,,,Locale_SubScenario:1ann_mini_ending_anarchyorr_45,,,0,,,0,0,0,None,,0,0,False,Check_ItemHold,None,None,None,None,None,NKS_characterDialog_c944_00,characterDialog_sprite_00,,-9,-119,0,,,,0,0,0,,,,0,0,0,,,,0,0,0,,,,0,0,0,,,,0,0,0,,,,0,0,0,,,,0,0,0,,,,0,0,0,,,,0,0,0,usecondition_value,110010.0,,,,,,
300646,False,1ann_mini_ending_anarchyorr,1,Stage,,,Locale_SubScenario:1ann_mini_ending_anarchyorr_46,,,0,,,0,0,0,None,,0,0,False,Check_ItemHold,None,None,None,None,None,NKS_characterDialog_c944_00,characterDialog_sprite_00,,-9,-119,0,,,,0,0,0,,,,0,0,0,,,,0,0,0,,,,0,0,0,,,,0,0,0,,,,0,0,0,,,,0,0,0,,,,0,0,0,,,,0,0,0,usecondition_value,110010.0,,,,,,
300647,False,1ann_mini_ending_anarchyorr,1,Stage,,,Locale_SubScenario:1ann_mini_ending_anarchyorr_47,,,0,,,0,0,0,None,,0,0,False,Check_ItemHold,None,None,None,None,None,NKS_characterDialog_c944_00,characterDialog_sprite_00,,-9,-119,0,,,,0,0,0,,,,0,0,0,,,,0,0,0,,,,0,0,0,,,,0,0,0,,,,0,0,0,,,,0,0,0,,,,0,0,0,,,,0,0,0,usecondition_value,110010.0,,,,,,
300648,False,1ann_mini_ending_anarchyorr,1,Stage,,,Locale_SubScenario:1ann_mini_ending_anarchyorr_48,,,0,,,0,0,0,None,,0,0,False,Check_ItemHold,None,None,None,None,None,NKS_characterDialog_c944_00,characterDialog_sprite_00,,-9,-119,0,,,,0,0,0,,,,0,0,0,,,,0,0,0,,,,0,0,0,,,,0,0,0,,,,0,0,0,,,,0,0,0,,,,0,0,0,,,,0,0,0,usecondition_value,110010.0,,,,,,
300649,False,1ann_mini_ending_anarchyorr,1,Stage,,,Locale_SubScenario:1ann_mini_ending_anarchyorr_49,,,0,,,0,0,0,None,,0,0,False,Check_ItemHold,None,None,None,None,None,NKS_characterDialog_c944_00,characterDialog_sprite_00,,-9,-119,0,,,,0,0,0,,,,0,0,0,,,,0,0,0,,,,0,0,0,,,,0,0,0,,,,0,0,0,,,,0,0,0,,,,0,0,0,,,,0,0,0,usecondition_value,110010.0,,,,,,
300650,False,1ann_mini_ending_anarchyorr,1,Stage,,,Locale_SubScenario:1ann_mini_ending_anarchyorr_50,,,0,,,0,0,0,None,,0,0,False,Check_ItemHold,None,None,None,None,None,NKS_characterDialog_c944_00,characterDialog_sprite_00,,-9,-119,0,,,,0,0,0,,,,0,0,0,,,,0,0,0,,,,0,0,0,,,,0,0,0,,,,0,0,0,,,,0,0,0,,,,0,0,0,,,,0,0,0,usecondition_value,110010.0,,,,,,
300651,False,1ann_mini_ending_anarchyorr,1,Stage,,,Locale_SubScenario:1ann_mini_ending_anarchyorr_51,,,0,,,0,0,0,None,,0,0,False,Check_ItemHold,None,None,None,None,None,NKS_characterDialog_c944_00,characterDialog_sprite_00,,-9,-119,0,,,,0,0,0,,,,0,0,0,,,,0,0,0,,,,0,0,0,,,,0,0,0,,,,0,0,0,,,,0,0,0,,,,0,0,0,,,,0,0,0,usecondition_value,110010.0,,,,,,
300652,False,1ann_mini_ending_anarchyorr,1,Stage,,,Locale_SubScenario:1ann_mini_ending_anarchyorr_52,,,0,,,0,0,0,None,,0,0,False,Check_ItemHold,None,None,None,None,None,NKS_characterDialog_c944_00,characterDialog_sprite_00,,-9,-119,0,,,,0,0,0,,,,0,0,0,,,,0,0,0,,,,0,0,0,,,,0,0,0,,,,0,0,0,,,,0,0,0,,,,0,0,0,,,,0,0,0,usecondition_value,110010.0,,,,,,
300653,False,1ann_mini_ending_anarchyorr,1,Stage,,,Locale_SubScenario:1ann_mini_ending_anarchyorr_53,,,0,,,0,0,0,None,,0,0,False,Check_ItemHold,None,None,None,None,None,NKS_characterDialog_c944_00,characterDialog_sprite_00,,-9,-119,0,,,,0,0,0,,,,0,0,0,,,,0,0,0,,,,0,0,0,,,,0,0,0,,,,0,0,0,,,,0,0,0,,,,0,0,0,,,,0,0,0,usecondition_value,110010.0,,,,,,
300654,False,1ann_mini_ending_anarchyorr,1,Stage,,,Locale_SubScenario:1ann_mini_ending_anarchyorr_54,,,0,,,0,0,0,None,,0,0,False,Check_ItemHold,None,None,None,None,None,NKS_characterDialog_c944_00,characterDialog_sprite_00,,-9,-119,0,,,,0,0,0,,,,0,0,0,,,,0,0,0,,,,0,0,0,,,,0,0,0,,,,0,0,0,,,,0,0,0,,,,0,0,0,,,,0,0,0,usecondition_value,110010.0,,,,,,
300701,True,1ann_mini_ending_einkk,1,Stage,,,Locale_SubScenario:1ann_mini_ending_einkk_1,,None,0,NKS_sbg_07,,0,165,0,None,,0,10000,True,None,None,None,None,None,None,NKS_characterDialog_c928_00,characterDialog_sprite_00,,48,30,0,,,,0,0,0,,,,0,0,0,,,,0,0,0,,,,0,0,0,,,,0,0,0,,,,0,0,0,,,,0,0,0,,,,0,0,0,,,,0,0,0,,,,,,,,
300702,False,1ann_mini_ending_einkk,1,Stage,,Locale_Character:npc_04_name,Locale_SubScenario:1ann_mini_ending_einkk_2,,,0,,,0,0,0,None,,0,0,False,None,None,None,None,None,None,NKS_characterDialog_c928_00,characterDialog_sprite_00,,48,30,0,,,,0,0,0,,,,0,0,0,,,,0,0,0,,,,0,0,0,,,,0,0,0,,,,0,0,0,,,,0,0,0,,,,0,0,0,,,,0,0,0,,,,,,,,
300703,False,1ann_mini_ending_einkk,1,Stage,,Locale_Character:npc_04_name,Locale_SubScenario:1ann_mini_ending_einkk_3,,,0,,,0,0,0,None,,0,0,False,None,None,None,None,None,None,NKS_characterDialog_c928_00,characterDialog_sprite_00,,48,30,0,,,,0,0,0,,,,0,0,0,,,,0,0,0,,,,0,0,0,,,,0,0,0,,,,0,0,0,,,,0,0,0,,,,0,0,0,,,,0,0,0,,,,,,,,
300704,False,1ann_mini_ending_einkk,1,Stage,,Locale_Character:npc_04_name,Locale_SubScenario:1ann_mini_ending_einkk_4,,,0,,,0,0,0,None,,0,0,False,None,None,None,None,None,None,NKS_characterDialog_c928_00,characterDialog_sprite_00,,48,30,0,,,,0,0,0,,,,0,0,0,,,,0,0,0,,,,0,0,0,,,,0,0,0,,,,0,0,0,,,,0,0,0,,,,0,0,0,,,,0,0,0,,,,,,,,
300705,False,1ann_mini_ending_einkk,1,Stage,,Locale_Character:npc_04_name,Locale_SubScenario:1ann_mini_ending_einkk_5,,,0,,,0,0,0,None,,0,0,False,None,None,None,None,None,None,NKS_characterDialog_c928_00,characterDialog_sprite_00,,48,30,0,,,,0,0,0,,,,0,0,0,,,,0,0,0,,,,0,0,0,,,,0,0,0,,,,0,0,0,,,,0,0,0,,,,0,0,0,,,,0,0,0,,,,,,,,
300706,False,1ann_mini_ending_einkk,1,Stage,,Locale_Character:npc_04_name,Locale_SubScenario:1ann_mini_ending_einkk_6,,,0,,,0,0,0,None,,0,0,False,None,None,None,None,None,None,NKS_characterDialog_c928_00,characterDialog_sprite_00,,48,30,0,,,,0,0,0,,,,0,0,0,,,,0,0,0,,,,0,0,0,,,,0,0,0,,,,0,0,0,,,,0,0,0,,,,0,0,0,,,,0,0,0,,,,,,,,
300707,False,1ann_mini_ending_einkk,1,Stage,,Locale_Character:npc_04_name,Locale_SubScenario:1ann_mini_ending_einkk_7,,,0,,,0,0,0,None,,0,0,False,None,None,None,None,None,None,NKS_characterDialog_c928_00,characterDialog_sprite_00,,48,30,0,,,,0,0,0,,,,0,0,0,,,,0,0,0,,,,0,0,0,,,,0,0,0,,,,0,0,0,,,,0,0,0,,,,0,0,0,,,,0,0,0,,,,,,,,
300708,False,1ann_mini_ending_einkk,1,Stage,,Locale_Character:npc_04_name,Locale_SubScenario:1ann_mini_ending_einkk_8,,,0,,,0,0,0,None,,0,0,False,None,None,None,None,None,None,NKS_characterDialog_c928_00,characterDialog_sprite_00,,48,30,0,,,,0,0,0,,,,0,0,0,,,,0,0,0,,,,0,0,0,,,,0,0,0,,,,0,0,0,,,,0,0,0,,,,0,0,0,,,,0,0,0,,,,,,,,
300709,False,1ann_mini_ending_einkk,1,Stage,,Locale_Character:npc_04_name,Locale_SubScenario:1ann_mini_ending_einkk_9,,,0,,,0,0,0,None,,0,0,False,None,None,None,None,None,None,NKS_characterDialog_c928_00,characterDialog_sprite_00,,48,30,0,,,,0,0,0,,,,0,0,0,,,,0,0,0,,,,0,0,0,,,,0,0,0,,,,0,0,0,,,,0,0,0,,,,0,0,0,,,,0,0,0,,,,,,,,
300710,False,1ann_mini_ending_einkk,1,Stage,,Locale_Character:npc_04_name,Locale_SubScenario:1ann_mini_ending_einkk_10,,,0,,,0,0,0,None,,0,0,False,None,None,None,None,None,None,NKS_characterDialog_c928_00,characterDialog_sprite_00,,48,30,0,,,,0,0,0,,,,0,0,0,,,,0,0,0,,,,0,0,0,,,,0,0,0,,,,0,0,0,,,,0,0,0,,,,0,0,0,,,,0,0,0,,,,,,,,
300711,False,1ann_mini_ending_einkk,1,Stage,,Locale_Character:npc_04_name,Locale_SubScenario:1ann_mini_ending_einkk_11,,,0,,,0,0,0,None,,0,0,False,None,None,None,None,None,None,NKS_characterDialog_c928_00,characterDialog_sprite_00,,48,30,0,,,,0,0,0,,,,0,0,0,,,,0,0,0,,,,0,0,0,,,,0,0,0,,,,0,0,0,,,,0,0,0,,,,0,0,0,,,,0,0,0,,,,,,,,
300712,False,1ann_mini_ending_einkk,1,Stage,,Locale_Character:npc_04_name,Locale_SubScenario:1ann_mini_ending_einkk_12,,,0,,,0,0,0,None,,0,0,False,None,None,None,None,None,None,NKS_characterDialog_c928_00,characterDialog_sprite_00,,48,30,0,,,,0,0,0,,,,0,0,0,,,,0,0,0,,,,0,0,0,,,,0,0,0,,,,0,0,0,,,,0,0,0,,,,0,0,0,,,,0,0,0,,,,,,,,
300713,False,1ann_mini_ending_einkk,1,Stage,,Locale_Character:npc_04_name,Locale_SubScenario:1ann_mini_ending_einkk_13,,,0,,,0,0,0,None,,0,0,False,None,None,None,None,None,None,NKS_characterDialog_c928_00,characterDialog_sprite_00,,48,30,0,,,,0,0,0,,,,0,0,0,,,,0,0,0,,,,0,0,0,,,,0,0,0,,,,0,0,0,,,,0,0,0,,,,0,0,0,,,,0,0,0,,,,,,,,
300714,False,1ann_mini_ending_einkk,1,Stage,,Locale_Character:npc_04_name,Locale_SubScenario:1ann_mini_ending_einkk_14,,,0,,,0,0,0,None,,0,0,False,None,None,None,None,None,None,NKS_characterDialog_c928_00,characterDialog_sprite_00,,48,30,0,,,,0,0,0,,,,0,0,0,,,,0,0,0,,,,0,0,0,,,,0,0,0,,,,0,0,0,,,,0,0,0,,,,0,0,0,,,,0,0,0,,,,,,,,
300715,False,1ann_mini_ending_einkk,1,Stage,,Locale_Character:npc_04_name,Locale_SubScenario:1ann_mini_ending_einkk_15,,,0,,,0,0,0,None,,0,0,False,None,None,None,None,None,None,NKS_characterDialog_c928_00,characterDialog_sprite_00,,48,30,0,,,,0,0,0,,,,0,0,0,,,,0,0,0,,,,0,0,0,,,,0,0,0,,,,0,0,0,,,,0,0,0,,,,0,0,0,,,,0,0,0,,,,,,,,
300716,False,1ann_mini_ending_einkk,1,Stage,,Locale_Character:npc_04_name,Locale_SubScenario:1ann_mini_ending_einkk_16,,,0,,,0,0,0,None,,0,0,False,None,None,None,None,None,None,NKS_characterDialog_c928_00,characterDialog_sprite_00,,48,30,0,,,,0,0,0,,,,0,0,0,,,,0,0,0,,,,0,0,0,,,,0,0,0,,,,0,0,0,,,,0,0,0,,,,0,0,0,,,,0,0,0,,,,,,,,
300717,False,1ann_mini_ending_einkk,1,Stage,,Locale_Character:npc_04_name,Locale_SubScenario:1ann_mini_ending_einkk_17,,,0,,,0,0,0,None,,0,0,False,None,None,None,None,None,None,NKS_characterDialog_c928_00,characterDialog_sprite_00,,48,30,0,,,,0,0,0,,,,0,0,0,,,,0,0,0,,,,0,0,0,,,,0,0,0,,,,0,0,0,,,,0,0,0,,,,0,0,0,,,,0,0,0,,,,,,,,
300718,False,1ann_mini_ending_einkk,1,Stage,,Locale_Character:npc_04_name,Locale_SubScenario:1ann_mini_ending_einkk_18,,,0,,,0,0,0,None,,0,0,False,None,None,None,None,None,None,NKS_characterDialog_c928_00,characterDialog_sprite_00,,48,30,0,,,,0,0,0,,,,0,0,0,,,,0,0,0,,,,0,0,0,,,,0,0,0,,,,0,0,0,,,,0,0,0,,,,0,0,0,,,,0,0,0,,,,,,,,
300719,False,1ann_mini_ending_einkk,1,Stage,,Locale_Character:npc_04_name,Locale_SubScenario:1ann_mini_ending_einkk_19,,,0,,,0,0,0,None,,0,0,False,None,None,None,None,None,None,NKS_characterDialog_c928_00,characterDialog_sprite_00,,48,30,0,,,,0,0,0,,,,0,0,0,,,,0,0,0,,,,0,0,0,,,,0,0,0,,,,0,0,0,,,,0,0,0,,,,0,0,0,,,,0,0,0,,,,,,,,
300720,False,1ann_mini_ending_einkk,1,Stage,,Locale_Character:npc_04_name,Locale_SubScenario:1ann_mini_ending_einkk_20,,,0,,,0,0,0,None,,0,0,False,None,None,None,None,None,None,NKS_characterDialog_c928_00,characterDialog_sprite_00,,48,30,0,,,,0,0,0,,,,0,0,0,,,,0,0,0,,,,0,0,0,,,,0,0,0,,,,0,0,0,,,,0,0,0,,,,0,0,0,,,,0,0,0,,,,,,,,
300721,False,1ann_mini_ending_einkk,1,Stage,,Locale_Character:npc_04_name,Locale_SubScenario:1ann_mini_ending_einkk_21,,,0,,,0,0,0,None,,0,0,False,None,None,None,None,None,None,NKS_characterDialog_c928_00,characterDialog_sprite_00,,48,30,0,,,,0,0,0,,,,0,0,0,,,,0,0,0,,,,0,0,0,,,,0,0,0,,,,0,0,0,,,,0,0,0,,,,0,0,0,,,,0,0,0,,,,,,,,
300722,False,1ann_mini_ending_einkk,1,Stage,,Locale_Character:npc_04_name,Locale_SubScenario:1ann_mini_ending_einkk_22,,,0,,,0,0,0,None,,0,0,False,None,None,None,None,None,None,NKS_characterDialog_c928_00,characterDialog_sprite_00,,48,30,0,,,,0,0,0,,,,0,0,0,,,,0,0,0,,,,0,0,0,,,,0,0,0,,,,0,0,0,,,,0,0,0,,,,0,0,0,,,,0,0,0,,,,,,,,
300723,False,1ann_mini_ending_einkk,1,Stage,,Locale_Character:npc_04_name,Locale_SubScenario:1ann_mini_ending_einkk_23,,,0,,,0,0,0,None,,0,0,False,None,None,None,None,None,None,NKS_characterDialog_c928_00,characterDialog_sprite_00,,48,30,0,,,,0,0,0,,,,0,0,0,,,,0,0,0,,,,0,0,0,,,,0,0,0,,,,0,0,0,,,,0,0,0,,,,0,0,0,,,,0,0,0,,,,,,,,
300724,False,1ann_mini_ending_einkk,1,Stage,,Locale_Character:npc_04_name,Locale_SubScenario:1ann_mini_ending_einkk_24,,,0,,,0,0,0,None,,0,0,False,None,None,None,None,None,None,NKS_characterDialog_c928_00,characterDialog_sprite_00,,48,30,0,,,,0,0,0,,,,0,0,0,,,,0,0,0,,,,0,0,0,,,,0,0,0,,,,0,0,0,,,,0,0,0,,,,0,0,0,,,,0,0,0,,,,,,,,
300801,True,1ann_mini_ending_hidden,1,Stage,,,Locale_SubScenario:1ann_mini_ending_hidden_1,,event_bgm_redash_minigame_story2,0,NKS_sbg_01,,0,165,0,None,,0,10000,True,Check_CurCharacter,None,None,None,None,None,NKS_characterDialog_c220_00,characterDialog_sprite_00,,-222,-101,0,NKS_characterDialog_c965_00,characterDialog_sprite_00,,-117,-101,0,NKS_characterDialog_c966_00,characterDialog_sprite_00,,-18,-101,0,NKS_characterDialog_c470_00,characterDialog_sprite_00,,100,-101,0,NKS_characterDialog_c233_00,characterDialog_sprite_00,,236,-101,0,,,,0,0,0,,,,0,0,0,,,,0,0,0,,,,0,0,0,,,,0,0,0,usecondition_value,6.0,usecondition_value,106.0,usecondition_value,207.0,,
300802,False,1ann_mini_ending_hidden,1,Stage,NKS_characterDialog_c220,Locale_Character:220_name,Locale_SubScenario:1ann_mini_ending_hidden_2,,,0,,,0,0,0,None,,0,0,False,Check_CurCharacter,None,None,None,None,None,NKS_characterDialog_c220_00,characterDialog_sprite_00,,-222,-101,0,NKS_characterDialog_c965_00,characterDialog_sprite_00,,-117,-101,0,NKS_characterDialog_c966_00,characterDialog_sprite_00,,-18,-101,0,NKS_characterDialog_c470_00,characterDialog_sprite_00,,100,-101,0,NKS_characterDialog_c233_00,characterDialog_sprite_00,,236,-101,0,,,,0,0,0,,,,0,0,0,,,,0,0,0,,,,0,0,0,,,,0,0,0,usecondition_value,6.0,usecondition_value,106.0,usecondition_value,207.0,,
300803,False,1ann_mini_ending_hidden,1,Stage,NKS_characterDialog_c470,Locale_Character:470_name,Locale_SubScenario:1ann_mini_ending_hidden_3,,,0,,,0,0,0,None,,0,0,False,Check_CurCharacter,None,None,None,None,None,NKS_characterDialog_c220_00,characterDialog_sprite_00,,-222,-101,0,NKS_characterDialog_c965_00,characterDialog_sprite_00,,-117,-101,0,NKS_characterDialog_c966_00,characterDialog_sprite_00,,-18,-101,0,NKS_characterDialog_c470_00,characterDialog_sprite_00,,100,-101,0,NKS_characterDialog_c233_00,characterDialog_sprite_00,,236,-101,0,,,,0,0,0,,,,0,0,0,,,,0,0,0,,,,0,0,0,,,,0,0,0,usecondition_value,6.0,usecondition_value,106.0,usecondition_value,207.0,,
300804,False,1ann_mini_ending_hidden,1,Stage,NKS_characterDialog_c233,Locale_Character:233_name,Locale_SubScenario:1ann_mini_ending_hidden_4,,,0,,,0,0,0,None,,0,0,False,Check_CurCharacter,None,None,None,None,None,NKS_characterDialog_c220_00,characterDialog_sprite_00,,-222,-101,0,NKS_characterDialog_c965_00,characterDialog_sprite_00,,-117,-101,0,NKS_characterDialog_c966_00,characterDialog_sprite_00,,-18,-101,0,NKS_characterDialog_c470_00,characterDialog_sprite_00,,100,-101,0,NKS_characterDialog_c233_00,characterDialog_sprite_00,,236,-101,0,,,,0,0,0,,,,0,0,0,,,,0,0,0,,,,0,0,0,,,,0,0,0,usecondition_value,6.0,usecondition_value,106.0,usecondition_value,207.0,,
300805,False,1ann_mini_ending_hidden,1,Stage,NKS_characterDialog_c233,Locale_Character:233_name,Locale_SubScenario:1ann_mini_ending_hidden_5,,,0,,,0,0,0,None,,0,0,False,Check_CurCharacter,None,None,None,None,None,NKS_characterDialog_c220_00,characterDialog_sprite_00,,-222,-101,0,NKS_characterDialog_c965_00,characterDialog_sprite_00,,-117,-101,0,NKS_characterDialog_c966_00,characterDialog_sprite_00,,-18,-101,0,NKS_characterDialog_c470_00,characterDialog_sprite_00,,100,-101,0,NKS_characterDialog_c233_00,characterDialog_sprite_00,,236,-101,0,,,,0,0,0,,,,0,0,0,,,,0,0,0,,,,0,0,0,,,,0,0,0,usecondition_value,6.0,usecondition_value,106.0,usecondition_value,207.0,,
300806,False,1ann_mini_ending_hidden,1,Stage,NKS_characterDialog_c966,Locale_Character:221_name,Locale_SubScenario:1ann_mini_ending_hidden_6,,,0,,,0,0,0,None,,0,0,False,Check_CurCharacter,None,None,None,None,None,NKS_characterDialog_c220_00,characterDialog_sprite_00,,-222,-101,0,NKS_characterDialog_c965_00,characterDialog_sprite_00,,-117,-101,0,NKS_characterDialog_c966_00,characterDialog_sprite_00,,-18,-101,0,NKS_characterDialog_c470_00,characterDialog_sprite_00,,100,-101,0,NKS_characterDialog_c233_00,characterDialog_sprite_00,,236,-101,0,,,,0,0,0,,,,0,0,0,,,,0,0,0,,,,0,0,0,,,,0,0,0,usecondition_value,6.0,usecondition_value,106.0,usecondition_value,207.0,,
300807,False,1ann_mini_ending_hidden,1,Stage,NKS_characterDialog_c966,Locale_Character:221_name,Locale_SubScenario:1ann_mini_ending_hidden_7,,,0,,,0,0,0,None,,0,0,False,Check_CurCharacter,None,None,None,None,None,NKS_characterDialog_c220_00,characterDialog_sprite_00,,-222,-101,0,NKS_characterDialog_c965_00,characterDialog_sprite_00,,-117,-101,0,NKS_characterDialog_c966_00,characterDialog_sprite_00,,-18,-101,0,NKS_characterDialog_c470_00,characterDialog_sprite_00,,100,-101,0,NKS_characterDialog_c233_00,characterDialog_sprite_00,,236,-101,0,,,,0,0,0,,,,0,0,0,,,,0,0,0,,,,0,0,0,,,,0,0,0,usecondition_value,6.0,usecondition_value,106.0,usecondition_value,207.0,,
300808,False,1ann_mini_ending_hidden,1,Stage,NKS_characterDialog_c470,Locale_Character:470_name,Locale_SubScenario:1ann_mini_ending_hidden_8,,,0,,,0,0,0,None,,0,0,False,Check_CurCharacter,None,None,None,None,None,NKS_characterDialog_c220_00,characterDialog_sprite_00,,-222,-101,0,NKS_characterDialog_c965_00,characterDialog_sprite_00,,-117,-101,0,NKS_characterDialog_c966_00,characterDialog_sprite_00,,-18,-101,0,NKS_characterDialog_c470_00,characterDialog_sprite_00,,100,-101,0,NKS_characterDialog_c233_00,characterDialog_sprite_00,,236,-101,0,,,,0,0,0,,,,0,0,0,,,,0,0,0,,,,0,0,0,,,,0,0,0,usecondition_value,6.0,usecondition_value,106.0,usecondition_value,207.0,,
300809,False,1ann_mini_ending_hidden,1,Stage,NKS_characterDialog_c470,Locale_Character:470_name,Locale_SubScenario:1ann_mini_ending_hidden_9,,,0,,,0,0,0,None,,0,0,False,Check_CurCharacter,None,None,None,None,None,NKS_characterDialog_c220_00,characterDialog_sprite_00,,-222,-101,0,NKS_characterDialog_c965_00,characterDialog_sprite_00,,-117,-101,0,NKS_characterDialog_c966_00,characterDialog_sprite_00,,-18,-101,0,NKS_characterDialog_c470_00,characterDialog_sprite_00,,100,-101,0,NKS_characterDialog_c233_00,characterDialog_sprite_00,,236,-101,0,,,,0,0,0,,,,0,0,0,,,,0,0,0,NKS_characterDialog_emoji,characterDialog_emoji_05,,100,4,0,,,,0,0,0,usecondition_value,6.0,usecondition_value,106.0,usecondition_value,207.0,,
300810,False,1ann_mini_ending_hidden,1,Stage,NKS_characterDialog_c220,Locale_Character:220_name,Locale_SubScenario:1ann_mini_ending_hidden_10,,,0,,,0,0,0,None,,0,0,False,Check_CurCharacter,None,None,None,None,None,NKS_characterDialog_c220_00,characterDialog_sprite_00,,-222,-101,0,NKS_characterDialog_c965_00,characterDialog_sprite_00,,-117,-101,0,NKS_characterDialog_c966_00,characterDialog_sprite_00,,-18,-101,0,NKS_characterDialog_c470_00,characterDialog_sprite_00,,100,-101,0,NKS_characterDialog_c233_00,characterDialog_sprite_00,,236,-101,0,NKS_characterDialog_emoji,characterDialog_emoji_07,,-222,-4,0,,,,0,0,0,,,,0,0,0,,,NKS_characterDialog_emoji,0,0,0,,,,0,0,0,usecondition_value,6.0,usecondition_value,106.0,usecondition_value,207.0,,
300811,False,1ann_mini_ending_hidden,1,Stage,NKS_characterDialog_c966,Locale_Character:221_name,Locale_SubScenario:1ann_mini_ending_hidden_11,,,0,,,0,0,0,None,,0,0,False,Check_CurCharacter,None,None,None,None,None,NKS_characterDialog_c220_00,characterDialog_sprite_00,,-222,-101,0,NKS_characterDialog_c965_00,characterDialog_sprite_00,,-117,-101,0,NKS_characterDialog_c966_00,characterDialog_sprite_00,,-18,-101,0,NKS_characterDialog_c470_00,characterDialog_sprite_00,,100,-101,0,NKS_characterDialog_c233_00,characterDialog_sprite_00,,236,-101,0,,,NKS_characterDialog_emoji,0,0,0,,,,0,0,0,NKS_characterDialog_emoji,characterDialog_emoji_07,,-18,4,0,,,,0,0,0,,,,0,0,0,usecondition_value,6.0,usecondition_value,106.0,usecondition_value,207.0,,
300812,False,1ann_mini_ending_hidden,1,Stage,NKS_characterDialog_c233,Locale_Character:233_name,Locale_SubScenario:1ann_mini_ending_hidden_12,,,0,,,0,0,0,None,,0,0,False,Check_CurCharacter,None,None,None,None,None,NKS_characterDialog_c220_00,characterDialog_sprite_00,,-222,-101,0,NKS_characterDialog_c965_00,characterDialog_sprite_00,,-117,-101,0,NKS_characterDialog_c966_00,characterDialog_sprite_00,,-18,-101,0,NKS_characterDialog_c470_00,characterDialog_sprite_00,,100,-101,0,NKS_characterDialog_c233_00,characterDialog_sprite_00,,236,-101,0,,,,0,0,0,,,,0,0,0,,,NKS_characterDialog_emoji,0,0,0,,,,0,0,0,,,,0,0,0,usecondition_value,6.0,usecondition_value,106.0,usecondition_value,207.0,,
300813,False,1ann_mini_ending_hidden,1,Stage,NKS_characterDialog_c965,Locale_Character:222_name,Locale_SubScenario:1ann_mini_ending_hidden_13,,,0,,,0,0,0,None,,0,0,False,Check_CurCharacter,None,None,None,None,None,NKS_characterDialog_c220_00,characterDialog_sprite_00,,-222,-101,0,NKS_characterDialog_c965_00,characterDialog_sprite_00,,-117,-101,0,NKS_characterDialog_c966_00,characterDialog_sprite_00,,-18,-101,0,NKS_characterDialog_c470_00,characterDialog_sprite_00,,100,-101,0,NKS_characterDialog_c233_00,characterDialog_sprite_00,,236,-101,0,,,,0,0,0,,,,0,0,0,,,,0,0,0,,,,0,0,0,,,,0,0,0,usecondition_value,6.0,usecondition_value,106.0,usecondition_value,207.0,,
300814,False,1ann_mini_ending_hidden,1,Stage,NKS_characterDialog_c470,Locale_Character:470_name,Locale_SubScenario:1ann_mini_ending_hidden_14,,,0,,,0,0,0,None,,0,0,False,Check_CurCharacter,None,None,None,None,None,NKS_characterDialog_c220_00,characterDialog_sprite_00,,-222,-101,0,NKS_characterDialog_c965_00,characterDialog_sprite_00,,-117,-101,0,NKS_characterDialog_c966_00,characterDialog_sprite_00,,-18,-101,0,NKS_characterDialog_c470_00,characterDialog_sprite_00,,100,-101,0,NKS_characterDialog_c233_00,characterDialog_sprite_00,,236,-101,0,,,,0,0,0,,,,0,0,0,,,,0,0,0,,,,0,0,0,,,,0,0,0,usecondition_value,6.0,usecondition_value,106.0,usecondition_value,207.0,,
300815,False,1ann_mini_ending_hidden,1,Stage,NKS_characterDialog_c965,Locale_Character:222_name,Locale_SubScenario:1ann_mini_ending_hidden_15,,,0,,,0,0,0,None,,0,0,False,Check_CurCharacter,None,None,None,None,None,NKS_characterDialog_c220_00,characterDialog_sprite_00,,-222,-101,0,NKS_characterDialog_c965_00,characterDialog_sprite_00,,-117,-101,0,NKS_characterDialog_c966_00,characterDialog_sprite_00,,-18,-101,0,NKS_characterDialog_c470_00,characterDialog_sprite_00,,100,-101,0,NKS_characterDialog_c233_00,characterDialog_sprite_00,,236,-101,0,,,,0,0,0,,,,0,0,0,,,,0,0,0,,,,0,0,0,,,,0,0,0,usecondition_value,6.0,usecondition_value,106.0,usecondition_value,207.0,,
300816,False,1ann_mini_ending_hidden,1,Stage,,,Locale_SubScenario:1ann_mini_ending_hidden_16,,,0,,,0,0,0,None,,0,0,False,Check_CurCharacter,None,None,None,None,None,NKS_characterDialog_c220_00,characterDialog_sprite_00,,-222,-101,0,NKS_characterDialog_c965_00,characterDialog_sprite_00,,-117,-101,0,NKS_characterDialog_c966_00,characterDialog_sprite_00,,-18,-101,0,NKS_characterDialog_c470_00,characterDialog_sprite_00,,100,-101,0,NKS_characterDialog_c233_00,characterDialog_sprite_00,,236,-101,0,,,,0,0,0,,,,0,0,0,,,,0,0,0,,,,0,0,0,,,,0,0,0,usecondition_value,6.0,usecondition_value,106.0,usecondition_value,207.0,,
300817,False,1ann_mini_ending_hidden,1,Stage,NKS_characterDialog_c966,Locale_Character:221_name,Locale_SubScenario:1ann_mini_ending_hidden_17,,,0,,,0,0,0,None,,0,0,False,Check_CurCharacter,None,None,None,None,None,NKS_characterDialog_c220_00,characterDialog_sprite_00,,-222,-101,0,NKS_characterDialog_c965_00,characterDialog_sprite_00,,-117,-101,0,NKS_characterDialog_c966_00,characterDialog_sprite_00,,-18,-101,0,NKS_characterDialog_c470_00,characterDialog_sprite_00,,100,-101,0,NKS_characterDialog_c233_00,characterDialog_sprite_00,,236,-101,0,,,,0,0,0,,,,0,0,0,NKS_characterDialog_emoji,characterDialog_emoji_06,,-18,4,0,,,,0,0,0,,,,0,0,0,usecondition_value,6.0,usecondition_value,106.0,usecondition_value,207.0,,
300818,False,1ann_mini_ending_hidden,1,Stage,NKS_characterDialog_c965,Locale_Character:222_name,Locale_SubScenario:1ann_mini_ending_hidden_18,,,0,,,0,0,0,None,,0,0,False,Check_CurCharacter,None,None,None,None,None,NKS_characterDialog_c220_00,characterDialog_sprite_00,,-222,-101,0,NKS_characterDialog_c965_00,characterDialog_sprite_00,,-117,-101,0,NKS_characterDialog_c966_00,characterDialog_sprite_00,,-18,-101,0,NKS_characterDialog_c470_00,characterDialog_sprite_00,,100,-101,0,NKS_characterDialog_c233_00,characterDialog_sprite_00,,236,-101,0,,,,0,0,0,,,,0,0,0,,,NKS_characterDialog_emoji,0,0,0,,,,0,0,0,,,,0,0,0,usecondition_value,6.0,usecondition_value,106.0,usecondition_value,207.0,,
300819,False,1ann_mini_ending_hidden,1,Stage,NKS_characterDialog_c233,Locale_Character:233_name,Locale_SubScenario:1ann_mini_ending_hidden_19,,,0,,,0,0,0,None,,0,0,False,Check_CurCharacter,None,None,None,None,None,NKS_characterDialog_c220_00,characterDialog_sprite_00,,-222,-101,0,NKS_characterDialog_c965_00,characterDialog_sprite_00,,-117,-101,0,NKS_characterDialog_c966_00,characterDialog_sprite_00,,-18,-101,0,NKS_characterDialog_c470_00,characterDialog_sprite_00,,100,-101,0,NKS_characterDialog_c233_00,characterDialog_sprite_00,,236,-101,0,,,,0,0,0,,,,0,0,0,,,,0,0,0,,,,0,0,0,,,,0,0,0,usecondition_value,6.0,usecondition_value,106.0,usecondition_value,207.0,,
300820,False,1ann_mini_ending_hidden,1,Stage,NKS_characterDialog_c470,Locale_Character:470_name,Locale_SubScenario:1ann_mini_ending_hidden_20,,,0,,,0,0,0,None,,0,0,False,Check_CurCharacter,None,None,None,None,None,NKS_characterDialog_c220_00,characterDialog_sprite_00,,-222,-101,0,NKS_characterDialog_c965_00,characterDialog_sprite_00,,-117,-101,0,NKS_characterDialog_c966_00,characterDialog_sprite_00,,-18,-101,0,NKS_characterDialog_c470_00,characterDialog_sprite_00,,100,-101,0,NKS_characterDialog_c233_00,characterDialog_sprite_00,,236,-101,0,,,,0,0,0,,,,0,0,0,,,,0,0,0,NKS_characterDialog_emoji,characterDialog_emoji_00,,100,4,0,,,,0,0,0,usecondition_value,6.0,usecondition_value,106.0,usecondition_value,207.0,,
300821,False,1ann_mini_ending_hidden,1,Stage,NKS_characterDialog_c966,Locale_Character:221_name,Locale_SubScenario:1ann_mini_ending_hidden_21,,,0,,,0,0,0,None,,0,0,False,Check_CurCharacter,None,None,None,None,None,NKS_characterDialog_c220_00,characterDialog_sprite_00,,-222,-101,0,NKS_characterDialog_c965_00,characterDialog_sprite_00,,-117,-101,0,NKS_characterDialog_c966_00,characterDialog_sprite_00,,-18,-101,0,NKS_characterDialog_c470_00,characterDialog_sprite_00,,100,-101,0,NKS_characterDialog_c233_00,characterDialog_sprite_00,,236,-101,0,,,,0,0,0,,,,0,0,0,NKS_characterDialog_emoji,characterDialog_emoji_00,,-18,4,0,,,NKS_characterDialog_emoji,0,0,0,,,,0,0,0,usecondition_value,6.0,usecondition_value,106.0,usecondition_value,207.0,,
300822,False,1ann_mini_ending_hidden,1,Stage,NKS_characterDialog_c470,Locale_Character:470_name,Locale_SubScenario:1ann_mini_ending_hidden_22,,,0,,,0,0,0,None,,0,0,False,Check_CurCharacter,None,None,None,None,None,NKS_characterDialog_c220_00,characterDialog_sprite_00,,-222,-101,0,NKS_characterDialog_c965_00,characterDialog_sprite_00,,-117,-101,0,NKS_characterDialog_c966_00,characterDialog_sprite_00,,-18,-101,0,NKS_characterDialog_c470_00,characterDialog_sprite_00,,100,-101,0,NKS_characterDialog_c233_00,characterDialog_sprite_00,,236,-101,0,,,,0,0,0,,,,0,0,0,,,NKS_characterDialog_emoji,0,0,0,NKS_characterDialog_emoji,characterDialog_emoji_00,,100,4,0,,,,0,0,0,usecondition_value,6.0,usecondition_value,106.0,usecondition_value,207.0,,
300823,False,1ann_mini_ending_hidden,1,Stage,NKS_characterDialog_c233,Locale_Character:233_name,Locale_SubScenario:1ann_mini_ending_hidden_23,,,0,,,0,0,0,None,,0,0,False,Check_CurCharacter,None,None,None,None,None,NKS_characterDialog_c220_00,characterDialog_sprite_00,,-222,-101,0,NKS_characterDialog_c965_00,characterDialog_sprite_00,,-117,-101,0,NKS_characterDialog_c966_00,characterDialog_sprite_00,,-18,-101,0,NKS_characterDialog_c470_00,characterDialog_sprite_00,,100,-101,0,NKS_characterDialog_c233_00,characterDialog_sprite_00,,236,-101,0,,,,0,0,0,,,,0,0,0,,,,0,0,0,,,NKS_characterDialog_emoji,0,0,0,,,,0,0,0,usecondition_value,6.0,usecondition_value,106.0,usecondition_value,207.0,,
300824,False,1ann_mini_ending_hidden,1,Stage,NKS_characterDialog_c470,Locale_Character:470_name,Locale_SubScenario:1ann_mini_ending_hidden_24,,,0,,,0,0,0,None,,0,0,False,Check_CurCharacter,None,None,None,None,None,NKS_characterDialog_c220_00,characterDialog_sprite_00,,-222,-101,0,NKS_characterDialog_c965_00,characterDialog_sprite_00,,-117,-101,0,NKS_characterDialog_c966_00,characterDialog_sprite_00,,-18,-101,0,NKS_characterDialog_c470_00,characterDialog_sprite_00,,100,-101,0,NKS_characterDialog_c233_00,characterDialog_sprite_00,,236,-101,0,,,,0,0,0,,,,0,0,0,,,,0,0,0,,,,0,0,0,,,,0,0,0,usecondition_value,6.0,usecondition_value,106.0,usecondition_value,207.0,,
300825,False,1ann_mini_ending_hidden,1,Stage,NKS_characterDialog_c965,Locale_Character:222_name,Locale_SubScenario:1ann_mini_ending_hidden_25,,,0,,,0,0,0,None,,0,0,False,Check_CurCharacter,None,None,None,None,None,NKS_characterDialog_c220_00,characterDialog_sprite_00,,-222,-101,0,NKS_characterDialog_c965_00,characterDialog_sprite_00,,-117,-101,0,NKS_characterDialog_c966_00,characterDialog_sprite_00,,-18,-101,0,NKS_characterDialog_c470_00,characterDialog_sprite_00,,100,-101,0,NKS_characterDialog_c233_00,characterDialog_sprite_00,,236,-101,0,,,,0,0,0,NKS_characterDialog_emoji,characterDialog_emoji_05,,-117,4,0,,,,0,0,0,,,,0,0,0,,,,0,0,0,usecondition_value,6.0,usecondition_value,106.0,usecondition_value,207.0,,
300826,False,1ann_mini_ending_hidden,1,Stage,NKS_characterDialog_c966,Locale_Character:221_name,Locale_SubScenario:1ann_mini_ending_hidden_26,,,0,,,0,0,0,None,,0,0,False,Check_CurCharacter,None,None,None,None,None,NKS_characterDialog_c220_00,characterDialog_sprite_00,,-222,-101,0,NKS_characterDialog_c965_00,characterDialog_sprite_00,,-117,-101,0,NKS_characterDialog_c966_00,characterDialog_sprite_00,,-18,-101,0,NKS_characterDialog_c470_00,characterDialog_sprite_00,,100,-101,0,NKS_characterDialog_c233_00,characterDialog_sprite_00,,236,-101,0,,,,0,0,0,,,NKS_characterDialog_emoji,0,0,0,NKS_characterDialog_emoji,characterDialog_emoji_05,,-18,4,0,,,,0,0,0,,,,0,0,0,usecondition_value,6.0,usecondition_value,106.0,usecondition_value,207.0,,
300827,False,1ann_mini_ending_hidden,1,Stage,NKS_characterDialog_c233,Locale_Character:233_name,Locale_SubScenario:1ann_mini_ending_hidden_27,,,0,,,0,0,0,None,,0,0,False,Check_CurCharacter,None,None,None,None,None,NKS_characterDialog_c220_00,characterDialog_sprite_00,,-222,-101,0,NKS_characterDialog_c965_00,characterDialog_sprite_00,,-117,-101,0,NKS_characterDialog_c966_00,characterDialog_sprite_00,,-18,-101,0,NKS_characterDialog_c470_00,characterDialog_sprite_00,,100,-101,0,NKS_characterDialog_c233_00,characterDialog_sprite_00,,236,-101,0,,,,0,0,0,,,,0,0,0,,,NKS_characterDialog_emoji,0,0,0,,,,0,0,0,NKS_characterDialog_emoji,characterDialog_emoji_05,,236,0,0,usecondition_value,6.0,usecondition_value,106.0,usecondition_value,207.0,,
300828,False,1ann_mini_ending_hidden,1,Stage,NKS_characterDialog_c470,Locale_Character:470_name,Locale_SubScenario:1ann_mini_ending_hidden_28,,,0,,,0,0,0,None,,0,0,False,Check_CurCharacter,None,None,None,None,None,NKS_characterDialog_c220_00,characterDialog_sprite_00,,-222,-101,0,NKS_characterDialog_c965_00,characterDialog_sprite_00,,-117,-101,0,NKS_characterDialog_c966_00,characterDialog_sprite_00,,-18,-101,0,NKS_characterDialog_c470_00,characterDialog_sprite_00,,100,-101,0,NKS_characterDialog_c233_00,characterDialog_sprite_00,,236,-101,0,,,,0,0,0,,,,0,0,0,,,,0,0,0,NKS_characterDialog_emoji,characterDialog_emoji_00,,100,4,0,,,NKS_characterDialog_emoji,0,0,0,usecondition_value,6.0,usecondition_value,106.0,usecondition_value,207.0,,
300829,False,1ann_mini_ending_hidden,1,Stage,NKS_characterDialog_c220,Locale_Character:220_name,Locale_SubScenario:1ann_mini_ending_hidden_29,,,0,,,0,0,0,None,,0,0,False,Check_CurCharacter,None,None,None,None,None,NKS_characterDialog_c220_00,characterDialog_sprite_00,,-222,-101,0,NKS_characterDialog_c965_00,characterDialog_sprite_00,,-117,-101,0,NKS_characterDialog_c966_00,characterDialog_sprite_00,,-18,-101,0,NKS_characterDialog_c470_00,characterDialog_sprite_00,,100,-101,0,NKS_characterDialog_c233_00,characterDialog_sprite_00,,236,-101,0,NKS_characterDialog_emoji,characterDialog_emoji_07,,-222,-4,0,,,,0,0,0,,,,0,0,0,,,NKS_characterDialog_emoji,0,0,0,,,,0,0,0,usecondition_value,6.0,usecondition_value,106.0,usecondition_value,207.0,,
300830,False,1ann_mini_ending_hidden,1,Stage,NKS_characterDialog_c470,Locale_Character:470_name,Locale_SubScenario:1ann_mini_ending_hidden_30,,,0,,,0,0,0,None,,0,0,False,Check_CurCharacter,None,None,None,None,None,NKS_characterDialog_c220_00,characterDialog_sprite_00,,-222,-101,0,NKS_characterDialog_c965_00,characterDialog_sprite_00,,-117,-101,0,NKS_characterDialog_c966_00,characterDialog_sprite_00,,-18,-101,0,NKS_characterDialog_c470_00,characterDialog_sprite_00,,100,-101,0,NKS_characterDialog_c233_00,characterDialog_sprite_00,,236,-101,0,,,NKS_characterDialog_emoji,0,0,0,,,,0,0,0,,,,0,0,0,,,,0,0,0,,,,0,0,0,usecondition_value,6.0,usecondition_value,106.0,usecondition_value,207.0,,
300831,False,1ann_mini_ending_hidden,1,Stage,NKS_characterDialog_c220,Locale_Character:220_name,Locale_SubScenario:1ann_mini_ending_hidden_31,,,0,,,0,0,0,None,,0,0,False,Check_CurCharacter,None,None,None,None,None,NKS_characterDialog_c220_00,characterDialog_sprite_00,,-222,-101,0,NKS_characterDialog_c965_00,characterDialog_sprite_00,,-117,-101,0,NKS_characterDialog_c966_00,characterDialog_sprite_00,,-18,-101,0,NKS_characterDialog_c470_00,characterDialog_sprite_00,,100,-101,0,NKS_characterDialog_c233_00,characterDialog_sprite_00,,236,-101,0,,,,0,0,0,,,,0,0,0,,,,0,0,0,,,,0,0,0,,,,0,0,0,usecondition_value,6.0,usecondition_value,106.0,usecondition_value,207.0,,
300832,False,1ann_mini_ending_hidden,1,Stage,NKS_characterDialog_c220,Locale_Character:220_name,Locale_SubScenario:1ann_mini_ending_hidden_32,,,0,,,0,0,0,None,,0,0,False,Check_CurCharacter,None,None,None,None,None,NKS_characterDialog_c220_00,characterDialog_sprite_00,,-222,-101,0,NKS_characterDialog_c965_00,characterDialog_sprite_00,,-117,-101,0,NKS_characterDialog_c966_00,characterDialog_sprite_00,,-18,-101,0,NKS_characterDialog_c470_00,characterDialog_sprite_00,,100,-101,0,NKS_characterDialog_c233_00,characterDialog_sprite_00,,236,-101,0,,,,0,0,0,,,,0,0,0,,,,0,0,0,,,,0,0,0,,,,0,0,0,usecondition_value,6.0,usecondition_value,106.0,usecondition_value,207.0,,
300833,False,1ann_mini_ending_hidden,1,Stage,NKS_characterDialog_c220,Locale_Character:220_name,Locale_SubScenario:1ann_mini_ending_hidden_33,,,0,,,0,0,0,None,,0,0,False,Check_CurCharacter,None,None,None,None,None,NKS_characterDialog_c220_00,characterDialog_sprite_00,,-222,-101,0,NKS_characterDialog_c965_00,characterDialog_sprite_00,,-117,-101,0,NKS_characterDialog_c966_00,characterDialog_sprite_00,,-18,-101,0,NKS_characterDialog_c470_00,characterDialog_sprite_00,,100,-101,0,NKS_characterDialog_c233_00,characterDialog_sprite_00,,236,-101,0,,,,0,0,0,,,,0,0,0,,,,0,0,0,,,,0,0,0,,,,0,0,0,usecondition_value,6.0,usecondition_value,106.0,usecondition_value,207.0,,
300834,False,1ann_mini_ending_hidden,1,Stage,NKS_characterDialog_c220,Locale_Character:220_name,Locale_SubScenario:1ann_mini_ending_hidden_34,,,0,,,0,0,0,None,,0,0,False,Check_CurCharacter,None,None,None,None,None,NKS_characterDialog_c220_00,characterDialog_sprite_00,,-222,-101,0,NKS_characterDialog_c965_00,characterDialog_sprite_00,,-117,-101,0,NKS_characterDialog_c966_00,characterDialog_sprite_00,,-18,-101,0,NKS_characterDialog_c470_00,characterDialog_sprite_00,,100,-101,0,NKS_characterDialog_c233_00,characterDialog_sprite_00,,236,-101,0,NKS_characterDialog_emoji,characterDialog_emoji_02,,-222,-4,0,,,,0,0,0,,,,0,0,0,,,,0,0,0,,,,0,0,0,usecondition_value,6.0,usecondition_value,106.0,usecondition_value,207.0,,
300835,False,1ann_mini_ending_hidden,1,Stage,,,Locale_SubScenario:1ann_mini_ending_hidden_35,,,0,NKS_sbg_09,NKS_sbg_01,0,165,0,None,,0,0,False,Check_CurCharacter,None,None,None,None,None,NKS_characterDialog_c220_00,characterDialog_sprite_00,,2000,2000,0,NKS_characterDialog_c965_00,characterDialog_sprite_00,,2000,2000,0,NKS_characterDialog_c966_00,characterDialog_sprite_00,,2000,2000,0,NKS_characterDialog_c470_00,characterDialog_sprite_00,,2000,2000,0,NKS_characterDialog_c233_00,characterDialog_sprite_00,,2000,2000,0,,,NKS_characterDialog_emoji,0,0,0,,,,0,0,0,,,,0,0,0,,,,0,0,0,,,,0,0,0,usecondition_value,6.0,usecondition_value,106.0,usecondition_value,207.0,,
800101,True,test_mini_ending_snowwhite,1,Stage,,,Locale_SubScenario:1ann_mini_ending_snowwhite_1,,event_bgm_redash_minigame_story2,0,NKS_sbg_02,,0,165,0,None,,0,0,False,None,None,None,None,None,None,NKS_characterDialog_c220_01,characterDialog_sprite_01,,-81,125,0,NKS_characterDialog_c470_01,characterDialog_sprite_00,,132,10,0,,,,0,0,0,,,,0,0,0,,,,0,0,0,,,,0,0,0,,,,0,0,0,,,,0,0,0,,,,0,0,0,,,,0,0,0,,,,,,,,
800102,False,test_mini_ending_snowwhite,1,Stage,NKS_characterDialog_c220,Locale_Character:220_name,Locale_SubScenario:1ann_mini_ending_snowwhite_2,,,0,,,0,0,0,None,,0,0,False,None,None,None,None,None,None,NKS_characterDialog_c220_01,characterDialog_sprite_01,,-81,125,0,NKS_characterDialog_c470_01,characterDialog_sprite_00,,132,10,0,,,,0,0,0,,,,0,0,0,,,,0,0,0,,,,0,0,0,,,,0,0,0,,,,0,0,0,,,,0,0,0,,,,0,0,0,,,,,,,,
800103,False,test_mini_ending_snowwhite,1,Stage,NKS_characterDialog_c470,Locale_Character:470_name,Locale_SubScenario:1ann_mini_ending_snowwhite_3,,,0,,,0,0,0,None,,0,0,False,None,None,None,None,None,None,NKS_characterDialog_c220_01,characterDialog_sprite_01,,-81,125,0,NKS_characterDialog_c470_01,characterDialog_sprite_00,,132,10,0,,,,0,0,0,,,,0,0,0,,,,0,0,0,,,,0,0,0,,,,0,0,0,,,,0,0,0,,,,0,0,0,,,,0,0,0,,,,,,,,
800104,False,test_mini_ending_snowwhite,1,Stage,NKS_characterDialog_c470,Locale_Character:470_name,Locale_SubScenario:1ann_mini_ending_snowwhite_4,,,0,,,0,0,0,None,,0,0,False,None,None,None,None,None,None,NKS_characterDialog_c220_01,characterDialog_sprite_01,,-81,125,0,NKS_characterDialog_c470_01,characterDialog_sprite_00,,132,10,0,,,,0,0,0,,,,0,0,0,,,,0,0,0,,,,0,0,0,,,,0,0,0,,,,0,0,0,,,,0,0,0,,,,0,0,0,,,,,,,,
800105,False,test_mini_ending_snowwhite,1,Stage,NKS_characterDialog_c220,Locale_Character:220_name,Locale_SubScenario:1ann_mini_ending_snowwhite_5,,,0,,,0,0,0,None,,0,0,False,None,None,None,None,None,None,NKS_characterDialog_c220_01,characterDialog_sprite_01,,-81,125,0,NKS_characterDialog_c470_01,characterDialog_sprite_00,,132,10,0,,,,0,0,0,,,,0,0,0,,,,0,0,0,,,,0,0,0,,,,0,0,0,,,,0,0,0,,,,0,0,0,,,,0,0,0,,,,,,,,
800106,False,test_mini_ending_snowwhite,1,Stage,NKS_characterDialog_c220,Locale_Character:220_name,Locale_SubScenario:1ann_mini_ending_snowwhite_6,,,0,,,0,0,0,None,,0,0,False,None,None,None,None,None,None,NKS_characterDialog_c220_01,characterDialog_sprite_01,,-81,125,0,NKS_characterDialog_c470_01,characterDialog_sprite_00,,132,10,0,,,,0,0,0,,,,0,0,0,,,,0,0,0,,,,0,0,0,,,,0,0,0,,,,0,0,0,,,,0,0,0,,,,0,0,0,,,,,,,,
800107,False,test_mini_ending_snowwhite,1,Stage,NKS_characterDialog_c470,Locale_Character:470_name,Locale_SubScenario:1ann_mini_ending_snowwhite_7,,,0,,,0,0,0,None,,0,0,False,None,None,None,None,None,None,NKS_characterDialog_c220_01,characterDialog_sprite_01,,-81,125,0,NKS_characterDialog_c470_01,characterDialog_sprite_00,,132,10,0,,,,0,0,0,,,,0,0,0,,,,0,0,0,,,,0,0,0,,,,0,0,0,,,,0,0,0,,,,0,0,0,,,,0,0,0,,,,,,,,
800108,False,test_mini_ending_snowwhite,1,Stage,NKS_characterDialog_c220,Locale_Character:220_name,Locale_SubScenario:1ann_mini_ending_snowwhite_8,,,0,,,0,0,0,None,,0,0,False,None,None,None,None,None,None,NKS_characterDialog_c220_01,characterDialog_sprite_01,,-81,125,0,NKS_characterDialog_c470_01,characterDialog_sprite_00,,132,10,0,,,,0,0,0,,,,0,0,0,,,,0,0,0,,,,0,0,0,,,,0,0,0,,,,0,0,0,,,,0,0,0,,,,0,0,0,,,,,,,,
800109,False,test_mini_ending_snowwhite,1,Stage,NKS_characterDialog_c470,Locale_Character:470_name,Locale_SubScenario:1ann_mini_ending_snowwhite_9,,,0,,,0,0,0,None,,0,0,False,None,None,None,None,None,None,NKS_characterDialog_c220_01,characterDialog_sprite_01,,-81,125,0,NKS_characterDialog_c470_01,characterDialog_sprite_00,,132,10,0,,,,0,0,0,,,,0,0,0,,,,0,0,0,,,,0,0,0,,,,0,0,0,,,,0,0,0,,,,0,0,0,,,,0,0,0,,,,,,,,
800110,False,test_mini_ending_snowwhite,1,Stage,NKS_characterDialog_c470,Locale_Character:470_name,Locale_SubScenario:1ann_mini_ending_snowwhite_10,,,0,,,0,0,0,None,,0,0,False,None,None,None,None,None,None,NKS_characterDialog_c220_01,characterDialog_sprite_01,,-81,125,0,NKS_characterDialog_c470_01,characterDialog_sprite_00,,132,10,0,,,,0,0,0,,,,0,0,0,,,,0,0,0,,,,0,0,0,,,,0,0,0,,,,0,0,0,,,,0,0,0,,,,0,0,0,,,,,,,,
800111,False,test_mini_ending_snowwhite,1,Stage,NKS_characterDialog_c220,Locale_Character:220_name,Locale_SubScenario:1ann_mini_ending_snowwhite_11,,,0,,,0,0,0,None,,0,0,False,None,None,None,None,None,None,NKS_characterDialog_c220_01,characterDialog_sprite_02,,-81,125,0,NKS_characterDialog_c470_01,characterDialog_sprite_00,,132,10,0,,,,0,0,0,,,,0,0,0,,,,0,0,0,,,,0,0,0,,,,0,0,0,,,,0,0,0,,,,0,0,0,,,,0,0,0,,,,,,,,
800112,False,test_mini_ending_snowwhite,1,Stage,NKS_characterDialog_c470,Locale_Character:470_name,Locale_SubScenario:1ann_mini_ending_snowwhite_12,,,0,,,0,0,0,None,,0,0,False,None,None,None,None,None,None,NKS_characterDialog_c220_01,characterDialog_sprite_02,,-81,125,0,NKS_characterDialog_c470_01,characterDialog_sprite_00,,132,10,0,,,,0,0,0,,,,0,0,0,,,,0,0,0,,,,0,0,0,,,,0,0,0,,,,0,0,0,,,,0,0,0,,,,0,0,0,,,,,,,,
800113,False,test_mini_ending_snowwhite,1,Stage,NKS_characterDialog_c470,Locale_Character:470_name,Locale_SubScenario:1ann_mini_ending_snowwhite_13,,,0,,,0,0,0,None,,0,0,False,None,None,None,None,None,None,NKS_characterDialog_c220_01,characterDialog_sprite_02,,-81,125,0,NKS_characterDialog_c470_01,characterDialog_sprite_00,,132,10,0,,,,0,0,0,,,,0,0,0,,,,0,0,0,,,,0,0,0,,,,0,0,0,,,,0,0,0,,,,0,0,0,,,,0,0,0,,,,,,,,
800114,False,test_mini_ending_snowwhite,1,Stage,NKS_characterDialog_c470,Locale_Character:470_name,Locale_SubScenario:1ann_mini_ending_snowwhite_14,,,0,,,0,0,0,None,,0,0,False,None,None,None,None,None,None,NKS_characterDialog_c220_01,characterDialog_sprite_02,,-81,125,0,NKS_characterDialog_c470_01,characterDialog_sprite_00,,132,10,0,,,,0,0,0,,,,0,0,0,,,,0,0,0,,,,0,0,0,,,,0,0,0,,,,0,0,0,,,,0,0,0,,,,0,0,0,,,,,,,,
800115,False,test_mini_ending_snowwhite,1,Stage,NKS_characterDialog_c220,Locale_Character:220_name,Locale_SubScenario:1ann_mini_ending_snowwhite_15,,,0,,,0,0,0,None,,0,0,False,None,None,None,None,None,None,NKS_characterDialog_c220_01,characterDialog_sprite_02,,-81,125,0,NKS_characterDialog_c470_01,characterDialog_sprite_00,,132,10,0,,,,0,0,0,,,,0,0,0,,,,0,0,0,,,,0,0,0,,,,0,0,0,,,,0,0,0,,,,0,0,0,,,,0,0,0,,,,,,,,
800116,False,test_mini_ending_snowwhite,1,Stage,NKS_characterDialog_c470,Locale_Character:470_name,Locale_SubScenario:1ann_mini_ending_snowwhite_16,,,0,,,0,0,0,None,,0,0,False,None,None,None,None,None,None,NKS_characterDialog_c220_01,characterDialog_sprite_02,,-81,125,0,NKS_characterDialog_c470_01,characterDialog_sprite_00,,132,10,0,,,,0,0,0,,,,0,0,0,,,,0,0,0,,,,0,0,0,,,,0,0,0,,,,0,0,0,,,,0,0,0,,,,0,0,0,,,,,,,,
800117,False,test_mini_ending_snowwhite,1,Stage,NKS_characterDialog_c470,Locale_Character:470_name,Locale_SubScenario:1ann_mini_ending_snowwhite_17,,,0,,,0,0,0,None,,0,0,False,None,None,None,None,None,None,NKS_characterDialog_c220_01,characterDialog_sprite_02,,-81,125,0,NKS_characterDialog_c470_01,characterDialog_sprite_00,,132,10,0,,,,0,0,0,,,,0,0,0,,,,0,0,0,,,,0,0,0,,,,0,0,0,,,,0,0,0,,,,0,0,0,,,,0,0,0,,,,,,,,
800118,False,test_mini_ending_snowwhite,1,Stage,NKS_characterDialog_c220,Locale_Character:220_name,Locale_SubScenario:1ann_mini_ending_snowwhite_18,,,0,,,0,0,0,None,,0,0,False,None,None,None,None,None,None,NKS_characterDialog_c220_01,characterDialog_sprite_02,,-81,125,0,NKS_characterDialog_c470_01,characterDialog_sprite_00,,132,10,0,,,,0,0,0,,,,0,0,0,,,,0,0,0,,,,0,0,0,,,,0,0,0,,,,0,0,0,,,,0,0,0,,,,0,0,0,,,,,,,,
800119,False,test_mini_ending_snowwhite,1,Stage,NKS_characterDialog_c470,Locale_Character:470_name,Locale_SubScenario:1ann_mini_ending_snowwhite_19,,,0,,,0,0,0,None,,0,0,False,None,None,None,None,None,None,NKS_characterDialog_c220_01,characterDialog_sprite_02,,-81,125,0,NKS_characterDialog_c470_01,characterDialog_sprite_00,,132,10,0,,,,0,0,0,,,,0,0,0,,,,0,0,0,,,,0,0,0,,,,0,0,0,,,,0,0,0,,,,0,0,0,,,,0,0,0,,,,,,,,
800120,False,test_mini_ending_snowwhite,1,Stage,NKS_characterDialog_c220,Locale_Character:220_name,Locale_SubScenario:1ann_mini_ending_snowwhite_20,,,0,,,0,0,0,None,,0,0,False,None,None,None,None,None,None,NKS_characterDialog_c220_01,characterDialog_sprite_02,,-81,125,0,NKS_characterDialog_c470_01,characterDialog_sprite_00,,132,10,0,,,,0,0,0,,,,0,0,0,,,,0,0,0,,,,0,0,0,,,,0,0,0,,,,0,0,0,,,,0,0,0,,,,0,0,0,,,,,,,,
800121,False,test_mini_ending_snowwhite,1,Stage,NKS_characterDialog_c470,Locale_Character:470_name,Locale_SubScenario:1ann_mini_ending_snowwhite_21,,,0,,,0,0,0,None,,0,0,False,None,None,None,None,None,None,NKS_characterDialog_c220_01,characterDialog_sprite_02,,-81,125,0,NKS_characterDialog_c470_01,characterDialog_sprite_00,,132,10,0,,,,0,0,0,,,,0,0,0,,,,0,0,0,,,,0,0,0,,,,0,0,0,,,,0,0,0,,,,0,0,0,,,,0,0,0,,,,,,,,
800122,False,test_mini_ending_snowwhite,1,Stage,NKS_characterDialog_c220,Locale_Character:220_name,Locale_SubScenario:1ann_mini_ending_snowwhite_22,,,0,,,0,0,0,None,,0,0,False,None,None,None,None,None,None,NKS_characterDialog_c220_01,characterDialog_sprite_02,,-81,125,0,NKS_characterDialog_c470_01,characterDialog_sprite_00,,132,10,0,,,,0,0,0,,,,0,0,0,,,,0,0,0,,,,0,0,0,,,,0,0,0,,,,0,0,0,,,,0,0,0,,,,0,0,0,,,,,,,,
800123,False,test_mini_ending_snowwhite,1,Stage,NKS_characterDialog_c470,Locale_Character:470_name,Locale_SubScenario:1ann_mini_ending_snowwhite_23,,,0,,,0,0,0,None,,0,0,False,None,None,None,None,None,None,NKS_characterDialog_c220_01,characterDialog_sprite_02,,-81,125,0,NKS_characterDialog_c470_01,characterDialog_sprite_00,,132,10,0,,,,0,0,0,,,,0,0,0,,,,0,0,0,,,,0,0,0,,,,0,0,0,,,,0,0,0,,,,0,0,0,,,,0,0,0,,,,,,,,
800124,False,test_mini_ending_snowwhite,1,Stage,NKS_characterDialog_c220,Locale_Character:220_name,Locale_SubScenario:1ann_mini_ending_snowwhite_24,,,0,,,0,0,0,None,,0,0,False,None,None,None,None,None,None,NKS_characterDialog_c220_01,characterDialog_sprite_02,,-81,125,0,NKS_characterDialog_c470_01,characterDialog_sprite_00,,132,10,0,,,,0,0,0,,,,0,0,0,,,,0,0,0,,,,0,0,0,,,,0,0,0,,,,0,0,0,,,,0,0,0,,,,0,0,0,,,,,,,,
800125,False,test_mini_ending_snowwhite,1,Stage,NKS_characterDialog_c470,Locale_Character:470_name,Locale_SubScenario:1ann_mini_ending_snowwhite_25,,,0,,,0,0,0,None,,0,0,False,None,None,None,None,None,None,NKS_characterDialog_c220_01,characterDialog_sprite_02,,-81,125,0,NKS_characterDialog_c470_01,characterDialog_sprite_00,,132,10,0,,,,0,0,0,,,,0,0,0,,,,0,0,0,,,,0,0,0,,,,0,0,0,,,,0,0,0,,,,0,0,0,,,,0,0,0,,,,,,,,
800126,False,test_mini_ending_snowwhite,1,Stage,NKS_characterDialog_c220,Locale_Character:220_name,Locale_SubScenario:1ann_mini_ending_snowwhite_26,,,0,,,0,0,0,None,,0,0,False,None,None,None,None,None,None,NKS_characterDialog_c220_01,characterDialog_sprite_02,,-81,125,0,NKS_characterDialog_c470_01,characterDialog_sprite_00,,132,10,0,,,,0,0,0,,,,0,0,0,,,,0,0,0,,,,0,0,0,,,,0,0,0,,,,0,0,0,,,,0,0,0,,,,0,0,0,,,,,,,,
800127,False,test_mini_ending_snowwhite,1,Stage,NKS_characterDialog_c220,Locale_Character:220_name,Locale_SubScenario:1ann_mini_ending_snowwhite_27,,,0,,,0,0,0,None,,0,0,False,None,None,None,None,None,None,NKS_characterDialog_c220_01,characterDialog_sprite_01,,-81,125,0,NKS_characterDialog_c470_01,characterDialog_sprite_00,,132,10,0,,,,0,0,0,,,,0,0,0,,,,0,0,0,,,,0,0,0,,,,0,0,0,,,,0,0,0,,,,0,0,0,,,,0,0,0,,,,,,,,
800128,False,test_mini_ending_snowwhite,1,Stage,NKS_characterDialog_c470,Locale_Character:470_name,Locale_SubScenario:1ann_mini_ending_snowwhite_28,,,0,,,0,0,0,None,,0,0,False,None,None,None,None,None,None,NKS_characterDialog_c220_01,characterDialog_sprite_01,,-81,125,0,NKS_characterDialog_c470_01,characterDialog_sprite_00,,132,10,0,,,,0,0,0,,,,0,0,0,,,,0,0,0,,,,0,0,0,,,,0,0,0,,,,0,0,0,,,,0,0,0,,,,0,0,0,,,,,,,,
800129,False,test_mini_ending_snowwhite,1,Stage,NKS_characterDialog_c470,Locale_Character:470_name,Locale_SubScenario:1ann_mini_ending_snowwhite_29,,,0,,,0,0,0,None,,0,0,False,None,None,None,None,None,None,NKS_characterDialog_c220_01,characterDialog_sprite_01,,-81,125,0,NKS_characterDialog_c470_01,characterDialog_sprite_00,,132,10,0,,,,0,0,0,,,,0,0,0,,,,0,0,0,,,,0,0,0,,,,0,0,0,,,,0,0,0,,,,0,0,0,,,,0,0,0,,,,,,,,
800130,False,test_mini_ending_snowwhite,1,Stage,NKS_characterDialog_c220,Locale_Character:220_name,Locale_SubScenario:1ann_mini_ending_snowwhite_30,,,0,,,0,0,0,None,,0,0,False,None,None,None,None,None,None,NKS_characterDialog_c220_01,characterDialog_sprite_01,,-81,125,0,NKS_characterDialog_c470_01,characterDialog_sprite_00,,132,10,0,,,,0,0,0,,,,0,0,0,,,,0,0,0,,,,0,0,0,,,,0,0,0,,,,0,0,0,,,,0,0,0,,,,0,0,0,,,,,,,,
800201,True,test_mini_ending_hongryeon,1,Stage,,,Locale_SubScenario:1ann_mini_ending_hongryeon_1,,event_bgm_redash_minigame_story2,0,NKS_sbg_03,,0,165,0,None,,0,10000,False,None,None,None,None,None,None,NKS_characterDialog_c220_02,c220_sprite_complain,,-152,122,0,NKS_characterDialog_c965_01,characterDialog_sprite_00,,-132,80,0,,,,0,0,0,,,,0,0,0,,,,0,0,0,,,,0,0,0,,,,0,0,0,,,,0,0,0,,,,0,0,0,,,,0,0,0,,,,,,,,
800202,False,test_mini_ending_hongryeon,1,Stage,NKS_characterDialog_c965,Locale_Character:222_name,Locale_SubScenario:1ann_mini_ending_hongryeon_2,,,0,,,0,0,0,None,,0,0,False,None,None,None,None,None,None,NKS_characterDialog_c220_02,c220_sprite_complain,,-152,122,0,NKS_characterDialog_c965_01,characterDialog_sprite_00,,-132,80,0,,,,0,0,0,,,,0,0,0,,,,0,0,0,,,,0,0,0,,,,0,0,0,,,,0,0,0,,,,0,0,0,,,,0,0,0,,,,,,,,
800203,False,test_mini_ending_hongryeon,1,Stage,NKS_characterDialog_c965,Locale_Character:222_name,Locale_SubScenario:1ann_mini_ending_hongryeon_3,,,0,,,0,0,0,None,,0,0,False,None,None,None,None,None,None,NKS_characterDialog_c220_02,c220_sprite_complain,,-152,122,0,NKS_characterDialog_c965_01,characterDialog_sprite_00,,-132,80,0,,,,0,0,0,,,,0,0,0,,,,0,0,0,,,,0,0,0,,,,0,0,0,,,,0,0,0,,,,0,0,0,,,,0,0,0,,,,,,,,
800204,False,test_mini_ending_hongryeon,1,Stage,NKS_characterDialog_c220,Locale_Character:220_name,Locale_SubScenario:1ann_mini_ending_hongryeon_4,,,0,,,0,0,0,None,,0,0,False,None,None,None,None,None,None,NKS_characterDialog_c220_02,c220_sprite_complain,,-152,122,0,NKS_characterDialog_c965_01,characterDialog_sprite_00,,-132,80,0,,,,0,0,0,,,,0,0,0,,,,0,0,0,,,,0,0,0,,,,0,0,0,,,,0,0,0,,,,0,0,0,,,,0,0,0,,,,,,,,
800205,False,test_mini_ending_hongryeon,1,Stage,NKS_characterDialog_c965,Locale_Character:222_name,Locale_SubScenario:1ann_mini_ending_hongryeon_5,,,0,,,0,0,0,None,,0,0,False,None,None,None,None,None,None,NKS_characterDialog_c220_02,c220_sprite_complain,,-152,122,0,NKS_characterDialog_c965_01,characterDialog_sprite_00,,-132,80,0,,,,0,0,0,,,,0,0,0,,,,0,0,0,,,,0,0,0,,,,0,0,0,,,,0,0,0,,,,0,0,0,,,,0,0,0,,,,,,,,
800206,False,test_mini_ending_hongryeon,1,Stage,NKS_characterDialog_c965,Locale_Character:222_name,Locale_SubScenario:1ann_mini_ending_hongryeon_6,,,0,,,0,0,0,None,,0,0,False,None,None,None,None,None,None,NKS_characterDialog_c220_02,c220_sprite_complain,,-152,122,0,NKS_characterDialog_c965_01,characterDialog_sprite_00,,-132,80,0,,,,0,0,0,,,,0,0,0,,,,0,0,0,,,,0,0,0,,,,0,0,0,,,,0,0,0,,,,0,0,0,,,,0,0,0,,,,,,,,
800207,False,test_mini_ending_hongryeon,1,Stage,NKS_characterDialog_c220,Locale_Character:220_name,Locale_SubScenario:1ann_mini_ending_hongryeon_7,,,0,,,0,0,0,None,,0,0,False,None,None,None,None,None,None,NKS_characterDialog_c220_02,c220_sprite_complain,,-152,122,0,NKS_characterDialog_c965_01,characterDialog_sprite_00,,-132,80,0,,,,0,0,0,,,,0,0,0,,,,0,0,0,,,,0,0,0,,,,0,0,0,,,,0,0,0,,,,0,0,0,,,,0,0,0,,,,,,,,
800208,False,test_mini_ending_hongryeon,1,Stage,NKS_characterDialog_c220,Locale_Character:220_name,Locale_SubScenario:1ann_mini_ending_hongryeon_8,,,0,,,0,0,0,None,,0,0,False,None,None,None,None,None,None,NKS_characterDialog_c220_02,c220_sprite_complain,,-152,122,0,NKS_characterDialog_c965_01,characterDialog_sprite_00,,-132,80,0,,,,0,0,0,,,,0,0,0,,,,0,0,0,,,,0,0,0,,,,0,0,0,,,,0,0,0,,,,0,0,0,,,,0,0,0,,,,,,,,
800209,False,test_mini_ending_hongryeon,1,Stage,NKS_characterDialog_c965,Locale_Character:222_name,Locale_SubScenario:1ann_mini_ending_hongryeon_9,,,0,,,0,0,0,None,,0,0,False,None,None,None,None,None,None,NKS_characterDialog_c220_02,c220_sprite_complain,,-152,122,0,NKS_characterDialog_c965_01,characterDialog_sprite_00,,-132,80,0,,,,0,0,0,,,,0,0,0,,,,0,0,0,,,,0,0,0,,,,0,0,0,,,,0,0,0,,,,0,0,0,,,,0,0,0,,,,,,,,
800210,False,test_mini_ending_hongryeon,1,Stage,NKS_characterDialog_c965,Locale_Character:222_name,Locale_SubScenario:1ann_mini_ending_hongryeon_10,,,0,,,0,0,0,None,,0,0,False,None,None,None,None,None,None,NKS_characterDialog_c220_02,c220_sprite_complain,,-152,122,0,NKS_characterDialog_c965_01,characterDialog_sprite_00,,-132,80,0,,,,0,0,0,,,,0,0,0,,,,0,0,0,,,,0,0,0,,,,0,0,0,,,,0,0,0,,,,0,0,0,,,,0,0,0,,,,,,,,
800211,False,test_mini_ending_hongryeon,1,Stage,NKS_characterDialog_c220,Locale_Character:220_name,Locale_SubScenario:1ann_mini_ending_hongryeon_11,,,0,,,0,0,0,None,,0,0,False,None,None,None,None,None,None,NKS_characterDialog_c220_02,c220_sprite_complain,,-152,122,0,NKS_characterDialog_c965_01,characterDialog_sprite_00,,-132,80,0,,,,0,0,0,,,,0,0,0,,,,0,0,0,,,,0,0,0,,,,0,0,0,,,,0,0,0,,,,0,0,0,,,,0,0,0,,,,,,,,
800212,False,test_mini_ending_hongryeon,1,Stage,NKS_characterDialog_c965,Locale_Character:222_name,Locale_SubScenario:1ann_mini_ending_hongryeon_12,,,0,,,0,0,0,None,,0,0,False,None,None,None,None,None,None,NKS_characterDialog_c220_02,c220_sprite_complain,,-152,122,0,NKS_characterDialog_c965_01,characterDialog_sprite_00,,-132,80,0,,,,0,0,0,,,,0,0,0,,,,0,0,0,,,,0,0,0,,,,0,0,0,,,,0,0,0,,,,0,0,0,,,,0,0,0,,,,,,,,
800213,False,test_mini_ending_hongryeon,1,Stage,NKS_characterDialog_c965,Locale_Character:222_name,Locale_SubScenario:1ann_mini_ending_hongryeon_13,,,0,,,0,0,0,None,,0,0,False,None,None,None,None,None,None,NKS_characterDialog_c220_02,c220_sprite_complain,,-152,122,0,NKS_characterDialog_c965_01,characterDialog_sprite_00,,-132,80,0,,,,0,0,0,,,,0,0,0,,,,0,0,0,,,,0,0,0,,,,0,0,0,,,,0,0,0,,,,0,0,0,,,,0,0,0,,,,,,,,
800214,False,test_mini_ending_hongryeon,1,Stage,NKS_characterDialog_c220,Locale_Character:220_name,Locale_SubScenario:1ann_mini_ending_hongryeon_14,,,0,,,0,0,0,None,,0,0,False,None,None,None,None,None,None,NKS_characterDialog_c220_02,c220_sprite_complain,,-152,122,0,NKS_characterDialog_c965_01,characterDialog_sprite_00,,-132,80,0,,,,0,0,0,,,,0,0,0,,,,0,0,0,,,,0,0,0,,,,0,0,0,,,,0,0,0,,,,0,0,0,,,,0,0,0,,,,,,,,
800215,False,test_mini_ending_hongryeon,1,Stage,NKS_characterDialog_c220,Locale_Character:220_name,Locale_SubScenario:1ann_mini_ending_hongryeon_15,,,0,,,0,0,0,None,,0,0,False,None,None,None,None,None,None,NKS_characterDialog_c220_02,c220_sprite_complain,,-152,122,0,NKS_characterDialog_c965_01,characterDialog_sprite_00,,-132,80,0,,,,0,0,0,,,,0,0,0,,,,0,0,0,,,,0,0,0,,,,0,0,0,,,,0,0,0,,,,0,0,0,,,,0,0,0,,,,,,,,
800216,False,test_mini_ending_hongryeon,1,Stage,NKS_characterDialog_c965,Locale_Character:222_name,Locale_SubScenario:1ann_mini_ending_hongryeon_16,,,0,,,0,0,0,None,,0,0,False,None,None,None,None,None,None,NKS_characterDialog_c220_02,c220_sprite_complain,,-152,122,0,NKS_characterDialog_c965_01,characterDialog_sprite_00,,-132,80,0,,,,0,0,0,,,,0,0,0,,,,0,0,0,,,,0,0,0,,,,0,0,0,,,,0,0,0,,,,0,0,0,,,,0,0,0,,,,,,,,
800217,False,test_mini_ending_hongryeon,1,Stage,NKS_characterDialog_c965,Locale_Character:222_name,Locale_SubScenario:1ann_mini_ending_hongryeon_17,,,0,,,0,0,0,None,,0,0,False,None,None,None,None,None,None,NKS_characterDialog_c220_02,c220_sprite_complain,,-152,122,0,NKS_characterDialog_c965_01,characterDialog_sprite_00,,-132,80,0,,,,0,0,0,,,,0,0,0,,,,0,0,0,,,,0,0,0,,,,0,0,0,,,,0,0,0,,,,0,0,0,,,,0,0,0,,,,,,,,
800218,False,test_mini_ending_hongryeon,1,Stage,NKS_characterDialog_c965,Locale_Character:222_name,Locale_SubScenario:1ann_mini_ending_hongryeon_18,,,0,,,0,0,0,None,,0,0,False,None,None,None,None,None,None,NKS_characterDialog_c220_02,c220_sprite_complain,,-152,122,0,NKS_characterDialog_c965_01,characterDialog_sprite_00,,-132,80,0,,,,0,0,0,,,,0,0,0,,,,0,0,0,,,,0,0,0,,,,0,0,0,,,,0,0,0,,,,0,0,0,,,,0,0,0,,,,,,,,
800219,False,test_mini_ending_hongryeon,1,Stage,NKS_characterDialog_c220,Locale_Character:220_name,Locale_SubScenario:1ann_mini_ending_hongryeon_19,,,0,,,0,0,0,None,,0,0,False,None,None,None,None,None,None,NKS_characterDialog_c220_02,c220_sprite_complain,,-152,122,0,NKS_characterDialog_c965_01,characterDialog_sprite_00,,-132,80,0,,,,0,0,0,,,,0,0,0,,,,0,0,0,,,,0,0,0,,,,0,0,0,,,,0,0,0,,,,0,0,0,,,,0,0,0,,,,,,,,
800220,False,test_mini_ending_hongryeon,1,Stage,NKS_characterDialog_c965,Locale_Character:222_name,Locale_SubScenario:1ann_mini_ending_hongryeon_20,,,0,,,0,0,0,None,,0,0,False,None,None,None,None,None,None,NKS_characterDialog_c220_02,c220_sprite_complain,,-152,122,0,NKS_characterDialog_c965_01,characterDialog_sprite_00,,-132,80,0,,,,0,0,0,,,,0,0,0,,,,0,0,0,,,,0,0,0,,,,0,0,0,,,,0,0,0,,,,0,0,0,,,,0,0,0,,,,,,,,
800221,False,test_mini_ending_hongryeon,1,Stage,NKS_characterDialog_c965,Locale_Character:222_name,Locale_SubScenario:1ann_mini_ending_hongryeon_21,,,0,,,0,0,0,None,,0,0,False,None,None,None,None,None,None,NKS_characterDialog_c220_02,c220_sprite_complain,,-152,122,0,NKS_characterDialog_c965_01,characterDialog_sprite_00,,-132,80,0,,,,0,0,0,,,,0,0,0,,,,0,0,0,,,,0,0,0,,,,0,0,0,,,,0,0,0,,,,0,0,0,,,,0,0,0,,,,,,,,
800222,False,test_mini_ending_hongryeon,1,Stage,NKS_characterDialog_c220,Locale_Character:220_name,Locale_SubScenario:1ann_mini_ending_hongryeon_22,,,0,,,0,0,0,None,,0,0,False,None,None,None,None,None,None,NKS_characterDialog_c220_02,c220_sprite_complain,,-152,122,0,NKS_characterDialog_c965_01,characterDialog_sprite_00,,-132,80,0,,,,0,0,0,,,,0,0,0,,,,0,0,0,,,,0,0,0,,,,0,0,0,,,,0,0,0,,,,0,0,0,,,,0,0,0,,,,,,,,
800223,False,test_mini_ending_hongryeon,1,Stage,NKS_characterDialog_c965,Locale_Character:222_name,Locale_SubScenario:1ann_mini_ending_hongryeon_23,,,0,,,0,0,0,None,,0,0,False,None,None,None,None,None,None,NKS_characterDialog_c220_02,c220_sprite_complain,,-152,122,0,NKS_characterDialog_c965_01,characterDialog_sprite_00,,-132,80,0,,,,0,0,0,,,,0,0,0,,,,0,0,0,,,,0,0,0,,,,0,0,0,,,,0,0,0,,,,0,0,0,,,,0,0,0,,,,,,,,
800224,False,test_mini_ending_hongryeon,1,Stage,NKS_characterDialog_c220,Locale_Character:220_name,Locale_SubScenario:1ann_mini_ending_hongryeon_24,,,0,,,0,0,0,None,,0,0,False,None,None,None,None,None,None,NKS_characterDialog_c220_02,c220_sprite_complain,,-152,122,0,NKS_characterDialog_c965_01,characterDialog_sprite_00,,-132,80,0,,,,0,0,0,,,,0,0,0,,,,0,0,0,,,,0,0,0,,,,0,0,0,,,,0,0,0,,,,0,0,0,,,,0,0,0,,,,,,,,
800225,False,test_mini_ending_hongryeon,1,Stage,NKS_characterDialog_c220,Locale_Character:220_name,Locale_SubScenario:1ann_mini_ending_hongryeon_25,,,0,,,0,0,0,None,,0,0,False,None,None,None,None,None,None,NKS_characterDialog_c220_02,c220_sprite_complain,,-152,122,0,NKS_characterDialog_c965_01,characterDialog_sprite_00,,-132,80,0,,,,0,0,0,,,,0,0,0,,,,0,0,0,,,,0,0,0,,,,0,0,0,,,,0,0,0,,,,0,0,0,,,,0,0,0,,,,,,,,
800226,False,test_mini_ending_hongryeon,1,Stage,NKS_characterDialog_c965,Locale_Character:222_name,Locale_SubScenario:1ann_mini_ending_hongryeon_26,,,0,,,0,0,0,None,,0,0,False,None,None,None,None,None,None,NKS_characterDialog_c220_02,c220_sprite_complain,,-152,122,0,NKS_characterDialog_c965_01,characterDialog_sprite_00,,-132,80,0,,,,0,0,0,,,,0,0,0,,,,0,0,0,,,,0,0,0,,,,0,0,0,,,,0,0,0,,,,0,0,0,,,,0,0,0,,,,,,,,
800227,False,test_mini_ending_hongryeon,1,Stage,NKS_characterDialog_c220,Locale_Character:220_name,Locale_SubScenario:1ann_mini_ending_hongryeon_27,,,0,,,0,0,0,None,,0,0,False,None,None,None,None,None,None,NKS_characterDialog_c220_02,c220_sprite_complain,,-152,122,0,NKS_characterDialog_c965_01,characterDialog_sprite_00,,-132,80,0,,,,0,0,0,,,,0,0,0,,,,0,0,0,,,,0,0,0,,,,0,0,0,,,,0,0,0,,,,0,0,0,,,,0,0,0,,,,,,,,
800228,False,test_mini_ending_hongryeon,1,Stage,NKS_characterDialog_c220,Locale_Character:220_name,Locale_SubScenario:1ann_mini_ending_hongryeon_28,,,0,,,0,0,0,None,,0,0,False,None,None,None,None,None,None,NKS_characterDialog_c220_02,c220_sprite_complain,,-152,122,0,NKS_characterDialog_c965_01,characterDialog_sprite_00,,-132,80,0,,,,0,0,0,,,,0,0,0,,,,0,0,0,,,,0,0,0,,,,0,0,0,,,,0,0,0,,,,0,0,0,,,,0,0,0,,,,,,,,
800229,False,test_mini_ending_hongryeon,1,Stage,NKS_characterDialog_c965,Locale_Character:222_name,Locale_SubScenario:1ann_mini_ending_hongryeon_29,,,0,,,0,0,0,None,,0,0,False,None,None,None,None,None,None,NKS_characterDialog_c220_02,c220_sprite_complain,,-152,122,0,NKS_characterDialog_c965_01,characterDialog_sprite_00,,-132,80,0,,,,0,0,0,,,,0,0,0,,,,0,0,0,,,,0,0,0,,,,0,0,0,,,,0,0,0,,,,0,0,0,,,,0,0,0,,,,,,,,
800230,False,test_mini_ending_hongryeon,1,Stage,NKS_characterDialog_c965,Locale_Character:222_name,Locale_SubScenario:1ann_mini_ending_hongryeon_30,,,0,,,0,0,0,None,,0,0,False,None,None,None,None,None,None,NKS_characterDialog_c220_02,c220_sprite_complain,,-152,122,0,NKS_characterDialog_c965_01,characterDialog_sprite_00,,-132,80,0,,,,0,0,0,,,,0,0,0,,,,0,0,0,,,,0,0,0,,,,0,0,0,,,,0,0,0,,,,0,0,0,,,,0,0,0,,,,,,,,
800231,False,test_mini_ending_hongryeon,1,Stage,NKS_characterDialog_c965,Locale_Character:222_name,Locale_SubScenario:1ann_mini_ending_hongryeon_31,,,0,,,0,0,0,None,,0,0,False,None,None,None,None,None,None,NKS_characterDialog_c220_02,c220_sprite_complain,,-152,122,0,NKS_characterDialog_c965_01,characterDialog_sprite_00,,-132,80,0,,,,0,0,0,,,,0,0,0,,,,0,0,0,,,,0,0,0,,,,0,0,0,,,,0,0,0,,,,0,0,0,,,,0,0,0,,,,,,,,
800232,False,test_mini_ending_hongryeon,1,Stage,NKS_characterDialog_c220,Locale_Character:220_name,Locale_SubScenario:1ann_mini_ending_hongryeon_32,,,0,,,0,0,0,None,,0,0,False,None,None,None,None,None,None,NKS_characterDialog_c220_02,c220_sprite_complain,,-152,122,0,NKS_characterDialog_c965_01,characterDialog_sprite_00,,-132,80,0,,,,0,0,0,,,,0,0,0,,,,0,0,0,,,,0,0,0,,,,0,0,0,,,,0,0,0,,,,0,0,0,,,,0,0,0,,,,,,,,
800233,False,test_mini_ending_hongryeon,1,Stage,NKS_characterDialog_c220,Locale_Character:220_name,Locale_SubScenario:1ann_mini_ending_hongryeon_33,,,0,,,0,0,0,None,,0,0,False,None,None,None,None,None,None,NKS_characterDialog_c220_02,c220_sprite_complain,,-152,122,0,NKS_characterDialog_c965_01,characterDialog_sprite_00,,-132,80,0,,,,0,0,0,,,,0,0,0,,,,0,0,0,,,,0,0,0,,,,0,0,0,,,,0,0,0,,,,0,0,0,,,,0,0,0,,,,,,,,
800234,False,test_mini_ending_hongryeon,1,Stage,NKS_characterDialog_c965,Locale_Character:222_name,Locale_SubScenario:1ann_mini_ending_hongryeon_34,,,0,,,0,0,0,None,,0,0,False,None,None,None,None,None,None,NKS_characterDialog_c220_02,c220_sprite_complain,,-152,122,0,NKS_characterDialog_c965_01,characterDialog_sprite_00,,-132,80,0,,,,0,0,0,,,,0,0,0,,,,0,0,0,,,,0,0,0,,,,0,0,0,,,,0,0,0,,,,0,0,0,,,,0,0,0,,,,,,,,
800235,False,test_mini_ending_hongryeon,1,Stage,NKS_characterDialog_c965,Locale_Character:222_name,Locale_SubScenario:1ann_mini_ending_hongryeon_35,,,0,,,0,0,0,None,,0,0,False,None,None,None,None,None,None,NKS_characterDialog_c220_02,c220_sprite_complain,,-152,122,0,NKS_characterDialog_c965_01,characterDialog_sprite_00,,-132,80,0,,,,0,0,0,,,,0,0,0,,,,0,0,0,,,,0,0,0,,,,0,0,0,,,,0,0,0,,,,0,0,0,,,,0,0,0,,,,,,,,
800236,False,test_mini_ending_hongryeon,1,Stage,NKS_characterDialog_c220,Locale_Character:220_name,Locale_SubScenario:1ann_mini_ending_hongryeon_36,,,0,,,0,0,0,None,,0,0,False,None,None,None,None,None,None,NKS_characterDialog_c220_02,c220_sprite_complain,,-152,122,0,NKS_characterDialog_c965_01,characterDialog_sprite_00,,-132,80,0,,,,0,0,0,,,,0,0,0,,,,0,0,0,,,,0,0,0,,,,0,0,0,,,,0,0,0,,,,0,0,0,,,,0,0,0,,,,,,,,
800237,False,test_mini_ending_hongryeon,1,Stage,NKS_characterDialog_c965,Locale_Character:222_name,Locale_SubScenario:1ann_mini_ending_hongryeon_37,,,0,,,0,0,0,None,,0,0,False,None,None,None,None,None,None,NKS_characterDialog_c220_02,c220_sprite_complain,,-152,122,0,NKS_characterDialog_c965_01,characterDialog_sprite_00,,-132,80,0,,,,0,0,0,,,,0,0,0,,,,0,0,0,,,,0,0,0,,,,0,0,0,,,,0,0,0,,,,0,0,0,,,,0,0,0,,,,,,,,
800238,False,test_mini_ending_hongryeon,1,Stage,NKS_characterDialog_c965,Locale_Character:222_name,Locale_SubScenario:1ann_mini_ending_hongryeon_38,,,0,,,0,0,0,None,,0,0,False,None,None,None,None,None,None,NKS_characterDialog_c220_02,c220_sprite_complain,,-152,122,0,NKS_characterDialog_c965_01,characterDialog_sprite_00,,-132,80,0,,,,0,0,0,,,,0,0,0,,,,0,0,0,,,,0,0,0,,,,0,0,0,,,,0,0,0,,,,0,0,0,,,,0,0,0,,,,,,,,
800301,True,test_mini_ending_rapunzel,1,Stage,,,Locale_SubScenario:1ann_mini_ending_rapunzel_1,,event_bgm_redash_minigame_story1,0,NKS_sbg_04,,0,165,0,None,,0,10000,False,None,None,None,None,None,None,NKS_characterDialog_c220_03,characterDialog_sprite_00,,-105,-27,0,NKS_characterDialog_c966_01,characterDialog_sprite_00,,127,-44,0,,,,0,0,0,,,,0,0,0,,,,0,0,0,,,,0,0,0,,,,0,0,0,,,,0,0,0,,,,0,0,0,,,,0,0,0,,,,,,,,
800302,False,test_mini_ending_rapunzel,1,Stage,NKS_characterDialog_c220,Locale_Character:220_name,Locale_SubScenario:1ann_mini_ending_rapunzel_2,,,0,,,0,0,0,None,,0,0,False,None,None,None,None,None,None,NKS_characterDialog_c220_03,characterDialog_sprite_00,,-105,-27,0,NKS_characterDialog_c966_01,characterDialog_sprite_00,,127,-44,0,,,,0,0,0,,,,0,0,0,,,,0,0,0,,,,0,0,0,,,,0,0,0,,,,0,0,0,,,,0,0,0,,,,0,0,0,,,,,,,,
800303,False,test_mini_ending_rapunzel,1,Stage,NKS_characterDialog_c220,Locale_Character:220_name,Locale_SubScenario:1ann_mini_ending_rapunzel_3,,,0,,,0,0,0,None,,0,0,False,None,None,None,None,None,None,NKS_characterDialog_c220_03,characterDialog_sprite_00,,-105,-27,0,NKS_characterDialog_c966_01,characterDialog_sprite_00,,127,-44,0,,,,0,0,0,,,,0,0,0,,,,0,0,0,,,,0,0,0,,,,0,0,0,,,,0,0,0,,,,0,0,0,,,,0,0,0,,,,,,,,
800304,False,test_mini_ending_rapunzel,1,Stage,NKS_characterDialog_c220,Locale_Character:220_name,Locale_SubScenario:1ann_mini_ending_rapunzel_4,,,0,,,0,0,0,None,,0,0,False,None,None,None,None,None,None,NKS_characterDialog_c220_03,characterDialog_sprite_00,,-105,-27,0,NKS_characterDialog_c966_01,characterDialog_sprite_00,,127,-44,0,,,,0,0,0,,,,0,0,0,,,,0,0,0,,,,0,0,0,,,,0,0,0,,,,0,0,0,,,,0,0,0,,,,0,0,0,,,,,,,,
800305,False,test_mini_ending_rapunzel,1,Stage,NKS_characterDialog_c966,Locale_Character:221_name,Locale_SubScenario:1ann_mini_ending_rapunzel_5,,,0,,,0,0,0,None,,0,0,False,None,None,None,None,None,None,NKS_characterDialog_c220_03,characterDialog_sprite_01,,-105,-27,0,NKS_characterDialog_c966_01,characterDialog_sprite_00,,127,-44,0,,,,0,0,0,,,,0,0,0,,,,0,0,0,,,,0,0,0,,,,0,0,0,,,,0,0,0,,,,0,0,0,,,,0,0,0,,,,,,,,
800306,False,test_mini_ending_rapunzel,1,Stage,NKS_characterDialog_c220,Locale_Character:220_name,Locale_SubScenario:1ann_mini_ending_rapunzel_6,,,0,,,0,0,0,None,,0,0,False,None,None,None,None,None,None,NKS_characterDialog_c220_03,characterDialog_sprite_00,,-105,-27,0,NKS_characterDialog_c966_01,characterDialog_sprite_00,,127,-44,0,,,,0,0,0,,,,0,0,0,,,,0,0,0,,,,0,0,0,,,,0,0,0,,,,0,0,0,,,,0,0,0,,,,0,0,0,,,,,,,,
800307,False,test_mini_ending_rapunzel,1,Stage,NKS_characterDialog_c220,Locale_Character:220_name,Locale_SubScenario:1ann_mini_ending_rapunzel_7,,,0,,,0,0,0,None,,0,0,False,None,None,None,None,None,None,NKS_characterDialog_c220_03,characterDialog_sprite_00,,-105,-27,0,NKS_characterDialog_c966_01,characterDialog_sprite_00,,127,-44,0,,,,0,0,0,,,,0,0,0,,,,0,0,0,,,,0,0,0,,,,0,0,0,,,,0,0,0,,,,0,0,0,,,,0,0,0,,,,,,,,
800308,False,test_mini_ending_rapunzel,1,Stage,NKS_characterDialog_c966,Locale_Character:221_name,Locale_SubScenario:1ann_mini_ending_rapunzel_8,,,0,,,0,0,0,None,,0,0,False,None,None,None,None,None,None,NKS_characterDialog_c220_03,characterDialog_sprite_00,,-105,-27,0,NKS_characterDialog_c966_01,characterDialog_sprite_00,,127,-44,0,,,,0,0,0,,,,0,0,0,,,,0,0,0,,,,0,0,0,,,,0,0,0,,,,0,0,0,,,,0,0,0,,,,0,0,0,,,,,,,,
800309,False,test_mini_ending_rapunzel,1,Stage,NKS_characterDialog_c220,Locale_Character:220_name,Locale_SubScenario:1ann_mini_ending_rapunzel_9,,,0,,,0,0,0,None,,0,0,False,None,None,None,None,None,None,NKS_characterDialog_c220_03,characterDialog_sprite_00,,-105,-27,0,NKS_characterDialog_c966_01,characterDialog_sprite_00,,127,-44,0,,,,0,0,0,,,,0,0,0,,,,0,0,0,,,,0,0,0,,,,0,0,0,,,,0,0,0,,,,0,0,0,,,,0,0,0,,,,,,,,
800310,False,test_mini_ending_rapunzel,1,Stage,NKS_characterDialog_c966,Locale_Character:221_name,Locale_SubScenario:1ann_mini_ending_rapunzel_10,,,0,,,0,0,0,None,,0,0,False,None,None,None,None,None,None,NKS_characterDialog_c220_03,characterDialog_sprite_00,,-105,-27,0,NKS_characterDialog_c966_01,characterDialog_sprite_00,,127,-44,0,,,,0,0,0,,,,0,0,0,,,,0,0,0,,,,0,0,0,,,,0,0,0,,,,0,0,0,,,,0,0,0,,,,0,0,0,,,,,,,,
800311,False,test_mini_ending_rapunzel,1,Stage,NKS_characterDialog_c966,Locale_Character:221_name,Locale_SubScenario:1ann_mini_ending_rapunzel_11,,,0,,,0,0,0,None,,0,0,False,None,None,None,None,None,None,NKS_characterDialog_c220_03,characterDialog_sprite_00,,-105,-27,0,NKS_characterDialog_c966_01,characterDialog_sprite_00,,127,-44,0,,,,0,0,0,,,,0,0,0,,,,0,0,0,,,,0,0,0,,,,0,0,0,,,,0,0,0,,,,0,0,0,,,,0,0,0,,,,,,,,
800312,False,test_mini_ending_rapunzel,1,Stage,NKS_characterDialog_c220,Locale_Character:220_name,Locale_SubScenario:1ann_mini_ending_rapunzel_12,,,0,,,0,0,0,None,,0,0,False,None,None,None,None,None,None,NKS_characterDialog_c220_03,characterDialog_sprite_00,,-105,-27,0,NKS_characterDialog_c966_01,characterDialog_sprite_00,,127,-44,0,,,,0,0,0,,,,0,0,0,,,,0,0,0,,,,0,0,0,,,,0,0,0,,,,0,0,0,,,,0,0,0,,,,0,0,0,,,,,,,,
800313,False,test_mini_ending_rapunzel,1,Stage,NKS_characterDialog_c966,Locale_Character:221_name,Locale_SubScenario:1ann_mini_ending_rapunzel_13,,,0,,,0,0,0,None,,0,0,False,None,None,None,None,None,None,NKS_characterDialog_c220_03,characterDialog_sprite_00,,-105,-27,0,NKS_characterDialog_c966_01,characterDialog_sprite_00,,127,-44,0,,,,0,0,0,,,,0,0,0,,,,0,0,0,,,,0,0,0,,,,0,0,0,,,,0,0,0,,,,0,0,0,,,,0,0,0,,,,,,,,
800314,False,test_mini_ending_rapunzel,1,Stage,NKS_characterDialog_c966,Locale_Character:221_name,Locale_SubScenario:1ann_mini_ending_rapunzel_14,,,0,,,0,0,0,None,,0,0,False,None,None,None,None,None,None,NKS_characterDialog_c220_03,characterDialog_sprite_00,,-105,-27,0,NKS_characterDialog_c966_01,characterDialog_sprite_00,,127,-44,0,,,,0,0,0,,,,0,0,0,,,,0,0,0,,,,0,0,0,,,,0,0,0,,,,0,0,0,,,,0,0,0,,,,0,0,0,,,,,,,,
800315,False,test_mini_ending_rapunzel,1,Stage,NKS_characterDialog_c220,Locale_Character:220_name,Locale_SubScenario:1ann_mini_ending_rapunzel_15,,,0,,,0,0,0,None,,0,0,False,None,None,None,None,None,None,NKS_characterDialog_c220_03,characterDialog_sprite_00,,-105,-27,0,NKS_characterDialog_c966_01,characterDialog_sprite_00,,127,-44,0,,,,0,0,0,,,,0,0,0,,,,0,0,0,,,,0,0,0,,,,0,0,0,,,,0,0,0,,,,0,0,0,,,,0,0,0,,,,,,,,
800316,False,test_mini_ending_rapunzel,1,Stage,NKS_characterDialog_c966,Locale_Character:221_name,Locale_SubScenario:1ann_mini_ending_rapunzel_16,,,0,,,0,0,0,None,,0,0,False,None,None,None,None,None,None,NKS_characterDialog_c220_03,characterDialog_sprite_00,,-105,-27,0,NKS_characterDialog_c966_01,characterDialog_sprite_00,,127,-44,0,,,,0,0,0,,,,0,0,0,,,,0,0,0,,,,0,0,0,,,,0,0,0,,,,0,0,0,,,,0,0,0,,,,0,0,0,,,,,,,,
800317,False,test_mini_ending_rapunzel,1,Stage,NKS_characterDialog_c966,Locale_Character:221_name,Locale_SubScenario:1ann_mini_ending_rapunzel_17,,,0,,,0,0,0,None,,0,0,False,None,None,None,None,None,None,NKS_characterDialog_c220_03,characterDialog_sprite_00,,-105,-27,0,NKS_characterDialog_c966_01,characterDialog_sprite_00,,127,-44,0,,,,0,0,0,,,,0,0,0,,,,0,0,0,,,,0,0,0,,,,0,0,0,,,,0,0,0,,,,0,0,0,,,,0,0,0,,,,,,,,
800318,False,test_mini_ending_rapunzel,1,Stage,NKS_characterDialog_c966,Locale_Character:221_name,Locale_SubScenario:1ann_mini_ending_rapunzel_18,,,0,,,0,0,0,None,,0,0,False,None,None,None,None,None,None,NKS_characterDialog_c220_03,characterDialog_sprite_01,,-105,-27,0,NKS_characterDialog_c966_01,characterDialog_sprite_00,,127,-44,0,,,,0,0,0,,,,0,0,0,,,,0,0,0,,,,0,0,0,,,,0,0,0,,,,0,0,0,,,,0,0,0,,,,0,0,0,,,,,,,,
800319,False,test_mini_ending_rapunzel,1,Stage,NKS_characterDialog_c220,Locale_Character:220_name,Locale_SubScenario:1ann_mini_ending_rapunzel_19,,,0,,,0,0,0,None,,0,0,False,None,None,None,None,None,None,NKS_characterDialog_c220_03,characterDialog_sprite_00,,-105,-27,0,NKS_characterDialog_c966_01,characterDialog_sprite_00,,127,-44,0,,,,0,0,0,,,,0,0,0,,,,0,0,0,,,,0,0,0,,,,0,0,0,,,,0,0,0,,,,0,0,0,,,,0,0,0,,,,,,,,
800320,False,test_mini_ending_rapunzel,1,Stage,NKS_characterDialog_c966,Locale_Character:221_name,Locale_SubScenario:1ann_mini_ending_rapunzel_20,,,0,,,0,0,0,None,,0,0,False,None,None,None,None,None,None,NKS_characterDialog_c220_03,characterDialog_sprite_00,,-105,-27,0,NKS_characterDialog_c966_01,characterDialog_sprite_00,,127,-44,0,,,,0,0,0,,,,0,0,0,,,,0,0,0,,,,0,0,0,,,,0,0,0,,,,0,0,0,,,,0,0,0,,,,0,0,0,,,,,,,,
800321,False,test_mini_ending_rapunzel,1,Stage,NKS_characterDialog_c966,Locale_Character:221_name,Locale_SubScenario:1ann_mini_ending_rapunzel_21,,,0,,,0,0,0,None,,0,0,False,None,None,None,None,None,None,NKS_characterDialog_c220_03,characterDialog_sprite_00,,-105,-27,0,NKS_characterDialog_c966_01,characterDialog_sprite_00,,127,-44,0,,,,0,0,0,,,,0,0,0,,,,0,0,0,,,,0,0,0,,,,0,0,0,,,,0,0,0,,,,0,0,0,,,,0,0,0,,,,,,,,
800322,False,test_mini_ending_rapunzel,1,Stage,NKS_characterDialog_c966,Locale_Character:221_name,Locale_SubScenario:1ann_mini_ending_rapunzel_22,,,0,,,0,0,0,None,,0,0,False,None,None,None,None,None,None,NKS_characterDialog_c220_03,characterDialog_sprite_00,,-105,-27,0,NKS_characterDialog_c966_01,characterDialog_sprite_00,,127,-44,0,,,,0,0,0,,,,0,0,0,,,,0,0,0,,,,0,0,0,,,,0,0,0,,,,0,0,0,,,,0,0,0,,,,0,0,0,,,,,,,,
800323,False,test_mini_ending_rapunzel,1,Stage,NKS_characterDialog_c220,Locale_Character:220_name,Locale_SubScenario:1ann_mini_ending_rapunzel_23,,,0,,,0,0,0,None,,0,0,False,None,None,None,None,None,None,NKS_characterDialog_c220_03,characterDialog_sprite_00,,-105,-27,0,NKS_characterDialog_c966_01,characterDialog_sprite_00,,127,-44,0,,,,0,0,0,,,,0,0,0,,,,0,0,0,,,,0,0,0,,,,0,0,0,,,,0,0,0,,,,0,0,0,,,,0,0,0,,,,,,,,
800324,False,test_mini_ending_rapunzel,1,Stage,NKS_characterDialog_c966,Locale_Character:221_name,Locale_SubScenario:1ann_mini_ending_rapunzel_24,,,0,,,0,0,0,None,,0,0,False,None,None,None,None,None,None,NKS_characterDialog_c220_03,characterDialog_sprite_00,,-105,-27,0,NKS_characterDialog_c966_01,characterDialog_sprite_00,,127,-44,0,,,,0,0,0,,,,0,0,0,,,,0,0,0,,,,0,0,0,,,,0,0,0,,,,0,0,0,,,,0,0,0,,,,0,0,0,,,,,,,,
800325,False,test_mini_ending_rapunzel,1,Stage,NKS_characterDialog_c220,Locale_Character:220_name,Locale_SubScenario:1ann_mini_ending_rapunzel_25,,,0,,,0,0,0,None,,0,0,False,None,None,None,None,None,None,NKS_characterDialog_c220_03,characterDialog_sprite_00,,-105,-27,0,NKS_characterDialog_c966_01,characterDialog_sprite_00,,127,-44,0,,,,0,0,0,,,,0,0,0,,,,0,0,0,,,,0,0,0,,,,0,0,0,,,,0,0,0,,,,0,0,0,,,,0,0,0,,,,,,,,
800326,False,test_mini_ending_rapunzel,1,Stage,NKS_characterDialog_c220,Locale_Character:220_name,Locale_SubScenario:1ann_mini_ending_rapunzel_26,,,0,,,0,0,0,None,,0,0,False,None,None,None,None,None,None,NKS_characterDialog_c220_03,characterDialog_sprite_00,,-105,-27,0,NKS_characterDialog_c966_01,characterDialog_sprite_00,,127,-44,0,,,,0,0,0,,,,0,0,0,,,,0,0,0,,,,0,0,0,,,,0,0,0,,,,0,0,0,,,,0,0,0,,,,0,0,0,,,,,,,,
800327,False,test_mini_ending_rapunzel,1,Stage,NKS_characterDialog_c220,Locale_Character:220_name,Locale_SubScenario:1ann_mini_ending_rapunzel_27,,,0,,,0,0,0,None,,0,0,False,None,None,None,None,None,None,NKS_characterDialog_c220_03,characterDialog_sprite_00,,-105,-27,0,NKS_characterDialog_c966_01,characterDialog_sprite_00,,127,-44,0,,,,0,0,0,,,,0,0,0,,,,0,0,0,,,,0,0,0,,,,0,0,0,,,,0,0,0,,,,0,0,0,,,,0,0,0,,,,,,,,
800328,False,test_mini_ending_rapunzel,1,Stage,NKS_characterDialog_c220,Locale_Character:220_name,Locale_SubScenario:1ann_mini_ending_rapunzel_28,,,0,,,0,0,0,None,,0,0,False,None,None,None,None,None,None,NKS_characterDialog_c220_03,characterDialog_sprite_00,,-105,-27,0,NKS_characterDialog_c966_01,characterDialog_sprite_00,,127,-44,0,,,,0,0,0,,,,0,0,0,,,,0,0,0,,,,0,0,0,,,,0,0,0,,,,0,0,0,,,,0,0,0,,,,0,0,0,,,,,,,,
800329,False,test_mini_ending_rapunzel,1,Stage,NKS_characterDialog_c966,Locale_Character:221_name,Locale_SubScenario:1ann_mini_ending_rapunzel_29,,,0,,,0,0,0,None,,0,0,False,None,None,None,None,None,None,NKS_characterDialog_c220_03,characterDialog_sprite_00,,-105,-27,0,NKS_characterDialog_c966_01,characterDialog_sprite_00,,127,-44,0,,,,0,0,0,,,,0,0,0,,,,0,0,0,,,,0,0,0,,,,0,0,0,,,,0,0,0,,,,0,0,0,,,,0,0,0,,,,,,,,
800330,False,test_mini_ending_rapunzel,1,Stage,NKS_characterDialog_c220,Locale_Character:220_name,Locale_SubScenario:1ann_mini_ending_rapunzel_30,,,0,,,0,0,0,None,,0,0,False,None,None,None,None,None,None,NKS_characterDialog_c220_03,characterDialog_sprite_00,,-105,-27,0,NKS_characterDialog_c966_01,characterDialog_sprite_00,,127,-44,0,,,,0,0,0,,,,0,0,0,,,,0,0,0,,,,0,0,0,,,,0,0,0,,,,0,0,0,,,,0,0,0,,,,0,0,0,,,,,,,,
800331,False,test_mini_ending_rapunzel,1,Stage,NKS_characterDialog_c966,Locale_Character:221_name,Locale_SubScenario:1ann_mini_ending_rapunzel_31,,,0,,,0,0,0,None,,0,0,False,None,None,None,None,None,None,NKS_characterDialog_c220_03,characterDialog_sprite_00,,-105,-27,0,NKS_characterDialog_c966_01,characterDialog_sprite_00,,127,-44,0,,,,0,0,0,,,,0,0,0,,,,0,0,0,,,,0,0,0,,,,0,0,0,,,,0,0,0,,,,0,0,0,,,,0,0,0,,,,,,,,
800332,False,test_mini_ending_rapunzel,1,Stage,NKS_characterDialog_c966,Locale_Character:221_name,Locale_SubScenario:1ann_mini_ending_rapunzel_32,,,0,,,0,0,0,None,,0,0,False,None,None,None,None,None,None,NKS_characterDialog_c220_03,characterDialog_sprite_01,,-105,-27,0,NKS_characterDialog_c966_01,characterDialog_sprite_00,,127,-44,0,,,,0,0,0,,,,0,0,0,,,,0,0,0,,,,0,0,0,,,,0,0,0,,,,0,0,0,,,,0,0,0,,,,0,0,0,,,,,,,,
800333,False,test_mini_ending_rapunzel,1,Stage,NKS_characterDialog_c966,Locale_Character:221_name,Locale_SubScenario:1ann_mini_ending_rapunzel_33,,,0,,,0,0,0,None,,0,0,False,None,None,None,None,None,None,NKS_characterDialog_c220_03,characterDialog_sprite_00,,-105,-27,0,NKS_characterDialog_c966_01,characterDialog_sprite_00,,127,-44,0,,,,0,0,0,,,,0,0,0,,,,0,0,0,,,,0,0,0,,,,0,0,0,,,,0,0,0,,,,0,0,0,,,,0,0,0,,,,,,,,
800334,False,test_mini_ending_rapunzel,1,Stage,NKS_characterDialog_c966,Locale_Character:221_name,Locale_SubScenario:1ann_mini_ending_rapunzel_34,,,0,,,0,0,0,None,,0,0,False,None,None,None,None,None,None,NKS_characterDialog_c220_03,characterDialog_sprite_00,,-105,-27,0,NKS_characterDialog_c966_01,characterDialog_sprite_00,,127,-44,0,,,,0,0,0,,,,0,0,0,,,,0,0,0,,,,0,0,0,,,,0,0,0,,,,0,0,0,,,,0,0,0,,,,0,0,0,,,,,,,,
800335,False,test_mini_ending_rapunzel,1,Stage,NKS_characterDialog_c220,Locale_Character:220_name,Locale_SubScenario:1ann_mini_ending_rapunzel_35,,,0,,,0,0,0,None,,0,0,False,None,None,None,None,None,None,NKS_characterDialog_c220_03,characterDialog_sprite_00,,-105,-27,0,NKS_characterDialog_c966_01,characterDialog_sprite_00,,127,-44,0,,,,0,0,0,,,,0,0,0,,,,0,0,0,,,,0,0,0,,,,0,0,0,,,,0,0,0,,,,0,0,0,,,,0,0,0,,,,,,,,
800336,False,test_mini_ending_rapunzel,1,Stage,NKS_characterDialog_c220,Locale_Character:220_name,Locale_SubScenario:1ann_mini_ending_rapunzel_36,,,0,,,0,0,0,None,,0,0,False,None,None,None,None,None,None,NKS_characterDialog_c220_03,characterDialog_sprite_00,,-105,-27,0,NKS_characterDialog_c966_01,characterDialog_sprite_00,,127,-44,0,,,,0,0,0,,,,0,0,0,,,,0,0,0,,,,0,0,0,,,,0,0,0,,,,0,0,0,,,,0,0,0,,,,0,0,0,,,,,,,,
800337,False,test_mini_ending_rapunzel,1,Stage,NKS_characterDialog_c966,Locale_Character:221_name,Locale_SubScenario:1ann_mini_ending_rapunzel_37,,,0,,,0,0,0,None,,0,0,False,None,None,None,None,None,None,NKS_characterDialog_c220_03,characterDialog_sprite_00,,-105,-27,0,NKS_characterDialog_c966_01,characterDialog_sprite_00,,127,-44,0,,,,0,0,0,,,,0,0,0,,,,0,0,0,,,,0,0,0,,,,0,0,0,,,,0,0,0,,,,0,0,0,,,,0,0,0,,,,,,,,
800401,True,test_mini_ending_dorothy,1,Stage,,,Locale_SubScenario:1ann_mini_ending_dorothy_1,,event_bgm_redash_minigame_story1,0,NKS_sbg_05,,0,165,0,None,,0,10000,False,None,None,None,None,None,None,NKS_characterDialog_c220_04,characterDialog_sprite_00,,0,0,0,NKS_characterDialog_c233_01,characterDialog_sprite_00,,0,0,0,,,,0,0,0,,,,0,0,0,,,,0,0,0,,,,0,0,0,,,,0,0,0,,,,0,0,0,,,,0,0,0,,,,0,0,0,,,,,,,,
800402,False,test_mini_ending_dorothy,1,Stage,NKS_characterDialog_c233,Locale_Character:233_name,Locale_SubScenario:1ann_mini_ending_dorothy_2,,,0,,,0,0,0,None,,0,0,False,None,None,None,None,None,None,NKS_characterDialog_c220_04,characterDialog_sprite_00,,0,0,0,NKS_characterDialog_c233_01,characterDialog_sprite_00,,0,0,0,,,,0,0,0,,,,0,0,0,,,,0,0,0,,,,0,0,0,,,,0,0,0,,,,0,0,0,,,,0,0,0,,,,0,0,0,,,,,,,,
800403,False,test_mini_ending_dorothy,1,Stage,NKS_characterDialog_c220,Locale_Character:220_name,Locale_SubScenario:1ann_mini_ending_dorothy_3,,,0,,,0,0,0,None,,0,0,False,None,None,None,None,None,None,NKS_characterDialog_c220_04,characterDialog_sprite_00,,0,0,0,NKS_characterDialog_c233_01,characterDialog_sprite_00,,0,0,0,,,,0,0,0,,,,0,0,0,,,,0,0,0,,,,0,0,0,,,,0,0,0,,,,0,0,0,,,,0,0,0,,,,0,0,0,,,,,,,,
800404,False,test_mini_ending_dorothy,1,Stage,NKS_characterDialog_c220,Locale_Character:220_name,Locale_SubScenario:1ann_mini_ending_dorothy_4,,,0,,,0,0,0,None,,0,0,False,None,None,None,None,None,None,NKS_characterDialog_c220_04,characterDialog_sprite_00,,0,0,0,NKS_characterDialog_c233_01,characterDialog_sprite_00,,0,0,0,,,,0,0,0,,,,0,0,0,,,,0,0,0,,,,0,0,0,,,,0,0,0,,,,0,0,0,,,,0,0,0,,,,0,0,0,,,,,,,,
800405,False,test_mini_ending_dorothy,1,Stage,NKS_characterDialog_c233,Locale_Character:233_name,Locale_SubScenario:1ann_mini_ending_dorothy_5,,,0,,,0,0,0,None,,0,0,False,None,None,None,None,None,None,NKS_characterDialog_c220_04,characterDialog_sprite_00,,0,0,0,NKS_characterDialog_c233_01,characterDialog_sprite_00,,0,0,0,,,,0,0,0,,,,0,0,0,,,,0,0,0,,,,0,0,0,,,,0,0,0,,,,0,0,0,,,,0,0,0,,,,0,0,0,,,,,,,,
800406,False,test_mini_ending_dorothy,1,Stage,NKS_characterDialog_c220,Locale_Character:220_name,Locale_SubScenario:1ann_mini_ending_dorothy_6,,,0,,,0,0,0,None,,0,0,False,None,None,None,None,None,None,NKS_characterDialog_c220_04,characterDialog_sprite_00,,0,0,0,NKS_characterDialog_c233_01,characterDialog_sprite_00,,0,0,0,,,,0,0,0,,,,0,0,0,,,,0,0,0,,,,0,0,0,,,,0,0,0,,,,0,0,0,,,,0,0,0,,,,0,0,0,,,,,,,,
800407,False,test_mini_ending_dorothy,1,Stage,NKS_characterDialog_c233,Locale_Character:233_name,Locale_SubScenario:1ann_mini_ending_dorothy_7,,,0,,,0,0,0,None,,0,0,False,None,None,None,None,None,None,NKS_characterDialog_c220_04,characterDialog_sprite_00,,0,0,0,NKS_characterDialog_c233_01,characterDialog_sprite_00,,0,0,0,,,,0,0,0,,,,0,0,0,,,,0,0,0,,,,0,0,0,,,,0,0,0,,,,0,0,0,,,,0,0,0,,,,0,0,0,,,,,,,,
800408,False,test_mini_ending_dorothy,1,Stage,NKS_characterDialog_c220,Locale_Character:220_name,Locale_SubScenario:1ann_mini_ending_dorothy_8,,,0,,,0,0,0,None,,0,0,False,None,None,None,None,None,None,NKS_characterDialog_c220_04,characterDialog_sprite_00,,0,0,0,NKS_characterDialog_c233_01,characterDialog_sprite_00,,0,0,0,,,,0,0,0,,,,0,0,0,,,,0,0,0,,,,0,0,0,,,,0,0,0,,,,0,0,0,,,,0,0,0,,,,0,0,0,,,,,,,,
800409,False,test_mini_ending_dorothy,1,Stage,NKS_characterDialog_c233,Locale_Character:233_name,Locale_SubScenario:1ann_mini_ending_dorothy_9,,,0,,,0,0,0,None,,0,0,False,None,None,None,None,None,None,NKS_characterDialog_c220_04,characterDialog_sprite_00,,0,0,0,NKS_characterDialog_c233_01,characterDialog_sprite_00,,0,0,0,,,,0,0,0,,,,0,0,0,,,,0,0,0,,,,0,0,0,,,,0,0,0,,,,0,0,0,,,,0,0,0,,,,0,0,0,,,,,,,,
800410,False,test_mini_ending_dorothy,1,Stage,NKS_characterDialog_c220,Locale_Character:220_name,Locale_SubScenario:1ann_mini_ending_dorothy_10,,,0,,,0,0,0,None,,0,0,False,None,None,None,None,None,None,NKS_characterDialog_c220_04,characterDialog_sprite_00,,0,0,0,NKS_characterDialog_c233_01,characterDialog_sprite_00,,0,0,0,,,,0,0,0,,,,0,0,0,,,,0,0,0,,,,0,0,0,,,,0,0,0,,,,0,0,0,,,,0,0,0,,,,0,0,0,,,,,,,,
800411,False,test_mini_ending_dorothy,1,Stage,NKS_characterDialog_c220,Locale_Character:220_name,Locale_SubScenario:1ann_mini_ending_dorothy_11,,,0,,,0,0,0,None,,0,0,False,None,None,None,None,None,None,NKS_characterDialog_c220_04,characterDialog_sprite_00,,0,0,0,NKS_characterDialog_c233_01,characterDialog_sprite_00,,0,0,0,,,,0,0,0,,,,0,0,0,,,,0,0,0,,,,0,0,0,,,,0,0,0,,,,0,0,0,,,,0,0,0,,,,0,0,0,,,,,,,,
800412,False,test_mini_ending_dorothy,1,Stage,NKS_characterDialog_c233,Locale_Character:233_name,Locale_SubScenario:1ann_mini_ending_dorothy_12,,,0,,,0,0,0,None,,0,0,False,None,None,None,None,None,None,NKS_characterDialog_c220_04,characterDialog_sprite_00,,0,0,0,NKS_characterDialog_c233_01,characterDialog_sprite_00,,0,0,0,,,,0,0,0,,,,0,0,0,,,,0,0,0,,,,0,0,0,,,,0,0,0,,,,0,0,0,,,,0,0,0,,,,0,0,0,,,,,,,,
800413,False,test_mini_ending_dorothy,1,Stage,NKS_characterDialog_c233,Locale_Character:233_name,Locale_SubScenario:1ann_mini_ending_dorothy_13,,,0,,,0,0,0,None,,0,0,False,None,None,None,None,None,None,NKS_characterDialog_c220_04,characterDialog_sprite_00,,0,0,0,NKS_characterDialog_c233_01,characterDialog_sprite_00,,0,0,0,,,,0,0,0,,,,0,0,0,,,,0,0,0,,,,0,0,0,,,,0,0,0,,,,0,0,0,,,,0,0,0,,,,0,0,0,,,,,,,,
800414,False,test_mini_ending_dorothy,1,Stage,NKS_characterDialog_c220,Locale_Character:220_name,Locale_SubScenario:1ann_mini_ending_dorothy_14,,,0,,,0,0,0,None,,0,0,False,None,None,None,None,None,None,NKS_characterDialog_c220_04,characterDialog_sprite_00,,0,0,0,NKS_characterDialog_c233_01,characterDialog_sprite_00,,0,0,0,,,,0,0,0,,,,0,0,0,,,,0,0,0,,,,0,0,0,,,,0,0,0,,,,0,0,0,,,,0,0,0,,,,0,0,0,,,,,,,,
800415,False,test_mini_ending_dorothy,1,Stage,NKS_characterDialog_c233,Locale_Character:233_name,Locale_SubScenario:1ann_mini_ending_dorothy_15,,,0,,,0,0,0,None,,0,0,False,None,None,None,None,None,None,NKS_characterDialog_c220_04,characterDialog_sprite_00,,0,0,0,NKS_characterDialog_c233_01,characterDialog_sprite_00,,0,0,0,,,,0,0,0,,,,0,0,0,,,,0,0,0,,,,0,0,0,,,,0,0,0,,,,0,0,0,,,,0,0,0,,,,0,0,0,,,,,,,,
800416,False,test_mini_ending_dorothy,1,Stage,NKS_characterDialog_c233,Locale_Character:233_name,Locale_SubScenario:1ann_mini_ending_dorothy_16,,,0,,,0,0,0,None,,0,0,False,None,None,None,None,None,None,NKS_characterDialog_c220_04,characterDialog_sprite_00,,0,0,0,NKS_characterDialog_c233_01,characterDialog_sprite_00,,0,0,0,,,,0,0,0,,,,0,0,0,,,,0,0,0,,,,0,0,0,,,,0,0,0,,,,0,0,0,,,,0,0,0,,,,0,0,0,,,,,,,,
800417,False,test_mini_ending_dorothy,1,Stage,NKS_characterDialog_c233,Locale_Character:233_name,Locale_SubScenario:1ann_mini_ending_dorothy_17,,,0,,,0,0,0,None,,0,0,False,None,None,None,None,None,None,NKS_characterDialog_c220_04,characterDialog_sprite_00,,0,0,0,NKS_characterDialog_c233_01,characterDialog_sprite_00,,0,0,0,,,,0,0,0,,,,0,0,0,,,,0,0,0,,,,0,0,0,,,,0,0,0,,,,0,0,0,,,,0,0,0,,,,0,0,0,,,,,,,,
800418,False,test_mini_ending_dorothy,1,Stage,NKS_characterDialog_c233,Locale_Character:233_name,Locale_SubScenario:1ann_mini_ending_dorothy_18,,,0,,,0,0,0,None,,0,0,False,None,None,None,None,None,None,NKS_characterDialog_c220_04,characterDialog_sprite_00,,0,0,0,NKS_characterDialog_c233_01,characterDialog_sprite_00,,0,0,0,,,,0,0,0,,,,0,0,0,,,,0,0,0,,,,0,0,0,,,,0,0,0,,,,0,0,0,,,,0,0,0,,,,0,0,0,,,,,,,,
800419,False,test_mini_ending_dorothy,1,Stage,NKS_characterDialog_c220,Locale_Character:220_name,Locale_SubScenario:1ann_mini_ending_dorothy_19,,,0,,,0,0,0,None,,0,0,False,None,None,None,None,None,None,NKS_characterDialog_c220_04,characterDialog_sprite_00,,0,0,0,NKS_characterDialog_c233_01,characterDialog_sprite_00,,0,0,0,,,,0,0,0,,,,0,0,0,,,,0,0,0,,,,0,0,0,,,,0,0,0,,,,0,0,0,,,,0,0,0,,,,0,0,0,,,,,,,,
800420,False,test_mini_ending_dorothy,1,Stage,NKS_characterDialog_c233,Locale_Character:233_name,Locale_SubScenario:1ann_mini_ending_dorothy_20,,,0,,,0,0,0,None,,0,0,False,None,None,None,None,None,None,NKS_characterDialog_c220_04,characterDialog_sprite_00,,0,0,0,NKS_characterDialog_c233_01,characterDialog_sprite_00,,0,0,0,,,,0,0,0,,,,0,0,0,,,,0,0,0,,,,0,0,0,,,,0,0,0,,,,0,0,0,,,,0,0,0,,,,0,0,0,,,,,,,,
800421,False,test_mini_ending_dorothy,1,Stage,NKS_characterDialog_c233,Locale_Character:233_name,Locale_SubScenario:1ann_mini_ending_dorothy_21,,,0,,,0,0,0,None,,0,0,False,None,None,None,None,None,None,NKS_characterDialog_c220_04,characterDialog_sprite_00,,0,0,0,NKS_characterDialog_c233_01,characterDialog_sprite_00,,0,0,0,,,,0,0,0,,,,0,0,0,,,,0,0,0,,,,0,0,0,,,,0,0,0,,,,0,0,0,,,,0,0,0,,,,0,0,0,,,,,,,,
800422,False,test_mini_ending_dorothy,1,Stage,NKS_characterDialog_c233,Locale_Character:233_name,Locale_SubScenario:1ann_mini_ending_dorothy_22,,,0,,,0,0,0,None,,0,0,False,None,None,None,None,None,None,NKS_characterDialog_c220_04,characterDialog_sprite_00,,0,0,0,NKS_characterDialog_c233_01,characterDialog_sprite_00,,0,0,0,,,,0,0,0,,,,0,0,0,,,,0,0,0,,,,0,0,0,,,,0,0,0,,,,0,0,0,,,,0,0,0,,,,0,0,0,,,,,,,,
800423,False,test_mini_ending_dorothy,1,Stage,NKS_characterDialog_c233,Locale_Character:233_name,Locale_SubScenario:1ann_mini_ending_dorothy_23,,,0,,,0,0,0,None,,0,0,False,None,None,None,None,None,None,NKS_characterDialog_c220_04,characterDialog_sprite_00,,0,0,0,NKS_characterDialog_c233_01,characterDialog_sprite_00,,0,0,0,,,,0,0,0,,,,0,0,0,,,,0,0,0,,,,0,0,0,,,,0,0,0,,,,0,0,0,,,,0,0,0,,,,0,0,0,,,,,,,,
800424,False,test_mini_ending_dorothy,1,Stage,NKS_characterDialog_c220,Locale_Character:220_name,Locale_SubScenario:1ann_mini_ending_dorothy_24,,,0,,,0,0,0,None,,0,0,False,None,None,None,None,None,None,NKS_characterDialog_c220_04,characterDialog_sprite_00,,0,0,0,NKS_characterDialog_c233_01,characterDialog_sprite_00,,0,0,0,,,,0,0,0,,,,0,0,0,,,,0,0,0,,,,0,0,0,,,,0,0,0,,,,0,0,0,,,,0,0,0,,,,0,0,0,,,,,,,,
800425,False,test_mini_ending_dorothy,1,Stage,NKS_characterDialog_c233,Locale_Character:233_name,Locale_SubScenario:1ann_mini_ending_dorothy_25,,,0,,,0,0,0,None,,0,0,False,None,None,None,None,None,None,NKS_characterDialog_c220_04,characterDialog_sprite_00,,0,0,0,NKS_characterDialog_c233_01,characterDialog_sprite_00,,0,0,0,,,,0,0,0,,,,0,0,0,,,,0,0,0,,,,0,0,0,,,,0,0,0,,,,0,0,0,,,,0,0,0,,,,0,0,0,,,,,,,,
800426,False,test_mini_ending_dorothy,1,Stage,NKS_characterDialog_c233,Locale_Character:233_name,Locale_SubScenario:1ann_mini_ending_dorothy_26,,,0,,,0,0,0,None,,0,0,False,None,None,None,None,None,None,NKS_characterDialog_c220_04,characterDialog_sprite_00,,0,0,0,NKS_characterDialog_c233_01,characterDialog_sprite_00,,0,0,0,,,,0,0,0,,,,0,0,0,,,,0,0,0,,,,0,0,0,,,,0,0,0,,,,0,0,0,,,,0,0,0,,,,0,0,0,,,,,,,,
800427,False,test_mini_ending_dorothy,1,Stage,NKS_characterDialog_c233,Locale_Character:233_name,Locale_SubScenario:1ann_mini_ending_dorothy_27,,,0,,,0,0,0,None,,0,0,False,None,None,None,None,None,None,NKS_characterDialog_c220_04,characterDialog_sprite_00,,0,0,0,NKS_characterDialog_c233_01,characterDialog_sprite_00,,0,0,0,,,,0,0,0,,,,0,0,0,,,,0,0,0,,,,0,0,0,,,,0,0,0,,,,0,0,0,,,,0,0,0,,,,0,0,0,,,,,,,,
800428,False,test_mini_ending_dorothy,1,Stage,NKS_characterDialog_c233,Locale_Character:233_name,Locale_SubScenario:1ann_mini_ending_dorothy_28,,,0,,,0,0,0,None,,0,0,False,None,None,None,None,None,None,NKS_characterDialog_c220_04,characterDialog_sprite_00,,0,0,0,NKS_characterDialog_c233_01,characterDialog_sprite_00,,0,0,0,,,,0,0,0,,,,0,0,0,,,,0,0,0,,,,0,0,0,,,,0,0,0,,,,0,0,0,,,,0,0,0,,,,0,0,0,,,,,,,,
800429,False,test_mini_ending_dorothy,1,Stage,NKS_characterDialog_c220,Locale_Character:220_name,Locale_SubScenario:1ann_mini_ending_dorothy_29,,,0,,,0,0,0,None,,0,0,False,None,None,None,None,None,None,NKS_characterDialog_c220_04,characterDialog_sprite_00,,0,0,0,NKS_characterDialog_c233_01,characterDialog_sprite_00,,0,0,0,,,,0,0,0,,,,0,0,0,,,,0,0,0,,,,0,0,0,,,,0,0,0,,,,0,0,0,,,,0,0,0,,,,0,0,0,,,,,,,,
800430,False,test_mini_ending_dorothy,1,Stage,NKS_characterDialog_c233,Locale_Character:233_name,Locale_SubScenario:1ann_mini_ending_dorothy_30,,,0,,,0,0,0,None,,0,0,False,None,None,None,None,None,None,NKS_characterDialog_c220_04,characterDialog_sprite_00,,0,0,0,NKS_characterDialog_c233_01,characterDialog_sprite_00,,0,0,0,,,,0,0,0,,,,0,0,0,,,,0,0,0,,,,0,0,0,,,,0,0,0,,,,0,0,0,,,,0,0,0,,,,0,0,0,,,,,,,,
800431,False,test_mini_ending_dorothy,1,Stage,NKS_characterDialog_c220,Locale_Character:220_name,Locale_SubScenario:1ann_mini_ending_dorothy_31,,,0,,,0,0,0,None,,0,0,False,None,None,None,None,None,None,NKS_characterDialog_c220_04,characterDialog_sprite_00,,0,0,0,NKS_characterDialog_c233_01,characterDialog_sprite_00,,0,0,0,,,,0,0,0,,,,0,0,0,,,,0,0,0,,,,0,0,0,,,,0,0,0,,,,0,0,0,,,,0,0,0,,,,0,0,0,,,,,,,,
800501,True,test_mini_ending_redhood,1,Stage,,,Locale_SubScenario:1ann_mini_ending_redhood_1,,event_bgm_redash_minigame_story1,0,NKS_sbg_06,,0,165,0,None,,0,10000,False,None,None,None,None,None,None,NKS_characterDialog_c220_05,characterDialog_sprite_00,,0,0,0,NKS_characterDialog_c470_02,characterDialog_sprite_00,,0,0,0,,,,0,0,0,,,,0,0,0,,,,0,0,0,,,,0,0,0,,,,0,0,0,,,,0,0,0,,,,0,0,0,,,,0,0,0,,,,,,,,
800502,False,test_mini_ending_redhood,1,Stage,NKS_characterDialog_c220,Locale_Character:220_name,Locale_SubScenario:1ann_mini_ending_redhood_2,,,0,,,0,0,0,None,,0,0,False,None,None,None,None,None,None,NKS_characterDialog_c220_05,characterDialog_sprite_00,,0,0,0,NKS_characterDialog_c470_02,characterDialog_sprite_00,,0,0,0,,,,0,0,0,,,,0,0,0,,,,0,0,0,,,,0,0,0,,,,0,0,0,,,,0,0,0,,,,0,0,0,,,,0,0,0,,,,,,,,
800503,False,test_mini_ending_redhood,1,Stage,NKS_characterDialog_c470,Locale_Character:470_name,Locale_SubScenario:1ann_mini_ending_redhood_3,,,0,,,0,0,0,None,,0,0,False,None,None,None,None,None,None,NKS_characterDialog_c220_05,characterDialog_sprite_00,,0,0,0,NKS_characterDialog_c470_02,characterDialog_sprite_00,,0,0,0,,,,0,0,0,,,,0,0,0,,,,0,0,0,,,,0,0,0,,,,0,0,0,,,,0,0,0,,,,0,0,0,,,,0,0,0,,,,,,,,
800504,False,test_mini_ending_redhood,1,Stage,NKS_characterDialog_c220,Locale_Character:220_name,Locale_SubScenario:1ann_mini_ending_redhood_4,,,0,,,0,0,0,None,,0,0,False,None,None,None,None,None,None,NKS_characterDialog_c220_05,characterDialog_sprite_00,,0,0,0,NKS_characterDialog_c470_02,characterDialog_sprite_00,,0,0,0,,,,0,0,0,,,,0,0,0,,,,0,0,0,,,,0,0,0,,,,0,0,0,,,,0,0,0,,,,0,0,0,,,,0,0,0,,,,,,,,
800505,False,test_mini_ending_redhood,1,Stage,NKS_characterDialog_c470,Locale_Character:470_name,Locale_SubScenario:1ann_mini_ending_redhood_5,,,0,,,0,0,0,None,,0,0,False,None,None,None,None,None,None,NKS_characterDialog_c220_05,characterDialog_sprite_00,,0,0,0,NKS_characterDialog_c470_02,characterDialog_sprite_00,,0,0,0,,,,0,0,0,,,,0,0,0,,,,0,0,0,,,,0,0,0,,,,0,0,0,,,,0,0,0,,,,0,0,0,,,,0,0,0,,,,,,,,
800506,False,test_mini_ending_redhood,1,Stage,NKS_characterDialog_c470,Locale_Character:470_name,Locale_SubScenario:1ann_mini_ending_redhood_6,,,0,,,0,0,0,None,,0,0,False,None,None,None,None,None,None,NKS_characterDialog_c220_05,characterDialog_sprite_00,,0,0,0,NKS_characterDialog_c470_02,characterDialog_sprite_00,,0,0,0,,,,0,0,0,,,,0,0,0,,,,0,0,0,,,,0,0,0,,,,0,0,0,,,,0,0,0,,,,0,0,0,,,,0,0,0,,,,,,,,
800507,False,test_mini_ending_redhood,1,Stage,NKS_characterDialog_c470,Locale_Character:470_name,Locale_SubScenario:1ann_mini_ending_redhood_7,,,0,,,0,0,0,None,,0,0,False,None,None,None,None,None,None,NKS_characterDialog_c220_05,characterDialog_sprite_00,,0,0,0,NKS_characterDialog_c470_02,characterDialog_sprite_00,,0,0,0,,,,0,0,0,,,,0,0,0,,,,0,0,0,,,,0,0,0,,,,0,0,0,,,,0,0,0,,,,0,0,0,,,,0,0,0,,,,,,,,
800508,False,test_mini_ending_redhood,1,Stage,NKS_characterDialog_c220,Locale_Character:220_name,Locale_SubScenario:1ann_mini_ending_redhood_8,,,0,,,0,0,0,None,,0,0,False,None,None,None,None,None,None,NKS_characterDialog_c220_05,characterDialog_sprite_01,,0,0,0,NKS_characterDialog_c470_02,characterDialog_sprite_00,,0,0,0,,,,0,0,0,,,,0,0,0,,,,0,0,0,,,,0,0,0,,,,0,0,0,,,,0,0,0,,,,0,0,0,,,,0,0,0,,,,,,,,
800509,False,test_mini_ending_redhood,1,Stage,NKS_characterDialog_c470,Locale_Character:470_name,Locale_SubScenario:1ann_mini_ending_redhood_9,,,0,,,0,0,0,None,,0,0,False,None,None,None,None,None,None,NKS_characterDialog_c220_05,characterDialog_sprite_01,,0,0,0,NKS_characterDialog_c470_02,characterDialog_sprite_00,,0,0,0,,,,0,0,0,,,,0,0,0,,,,0,0,0,,,,0,0,0,,,,0,0,0,,,,0,0,0,,,,0,0,0,,,,0,0,0,,,,,,,,
800510,False,test_mini_ending_redhood,1,Stage,NKS_characterDialog_c470,Locale_Character:470_name,Locale_SubScenario:1ann_mini_ending_redhood_10,,,0,,,0,0,0,None,,0,0,False,None,None,None,None,None,None,NKS_characterDialog_c220_05,characterDialog_sprite_00,,0,0,0,NKS_characterDialog_c470_02,characterDialog_sprite_00,,0,0,0,,,,0,0,0,,,,0,0,0,,,,0,0,0,,,,0,0,0,,,,0,0,0,,,,0,0,0,,,,0,0,0,,,,0,0,0,,,,,,,,
800511,False,test_mini_ending_redhood,1,Stage,NKS_characterDialog_c470,Locale_Character:470_name,Locale_SubScenario:1ann_mini_ending_redhood_11,,,0,,,0,0,0,None,,0,0,False,None,None,None,None,None,None,NKS_characterDialog_c220_05,characterDialog_sprite_00,,0,0,0,NKS_characterDialog_c470_02,characterDialog_sprite_00,,0,0,0,,,,0,0,0,,,,0,0,0,,,,0,0,0,,,,0,0,0,,,,0,0,0,,,,0,0,0,,,,0,0,0,,,,0,0,0,,,,,,,,
800512,False,test_mini_ending_redhood,1,Stage,NKS_characterDialog_c470,Locale_Character:470_name,Locale_SubScenario:1ann_mini_ending_redhood_12,,,0,,,0,0,0,None,,0,0,False,None,None,None,None,None,None,NKS_characterDialog_c220_05,characterDialog_sprite_00,,0,0,0,NKS_characterDialog_c470_02,characterDialog_sprite_00,,0,0,0,,,,0,0,0,,,,0,0,0,,,,0,0,0,,,,0,0,0,,,,0,0,0,,,,0,0,0,,,,0,0,0,,,,0,0,0,,,,,,,,
800513,False,test_mini_ending_redhood,1,Stage,NKS_characterDialog_c470,Locale_Character:470_name,Locale_SubScenario:1ann_mini_ending_redhood_13,,,0,,,0,0,0,None,,0,0,False,None,None,None,None,None,None,NKS_characterDialog_c220_05,characterDialog_sprite_00,,0,0,0,NKS_characterDialog_c470_02,characterDialog_sprite_00,,0,0,0,,,,0,0,0,,,,0,0,0,,,,0,0,0,,,,0,0,0,,,,0,0,0,,,,0,0,0,,,,0,0,0,,,,0,0,0,,,,,,,,
800514,False,test_mini_ending_redhood,1,Stage,NKS_characterDialog_c470,Locale_Character:470_name,Locale_SubScenario:1ann_mini_ending_redhood_14,,,0,,,0,0,0,None,,0,0,False,None,None,None,None,None,None,NKS_characterDialog_c220_05,characterDialog_sprite_00,,0,0,0,NKS_characterDialog_c470_02,characterDialog_sprite_00,,0,0,0,,,,0,0,0,,,,0,0,0,,,,0,0,0,,,,0,0,0,,,,0,0,0,,,,0,0,0,,,,0,0,0,,,,0,0,0,,,,,,,,
800515,False,test_mini_ending_redhood,1,Stage,NKS_characterDialog_c470,Locale_Character:470_name,Locale_SubScenario:1ann_mini_ending_redhood_15,,,0,,,0,0,0,None,,0,0,False,None,None,None,None,None,None,NKS_characterDialog_c220_05,characterDialog_sprite_00,,0,0,0,NKS_characterDialog_c470_02,characterDialog_sprite_00,,0,0,0,,,,0,0,0,,,,0,0,0,,,,0,0,0,,,,0,0,0,,,,0,0,0,,,,0,0,0,,,,0,0,0,,,,0,0,0,,,,,,,,
800516,False,test_mini_ending_redhood,1,Stage,NKS_characterDialog_c220,Locale_Character:220_name,Locale_SubScenario:1ann_mini_ending_redhood_16,,,0,,,0,0,0,None,,0,0,False,None,None,None,None,None,None,NKS_characterDialog_c220_05,characterDialog_sprite_00,,0,0,0,NKS_characterDialog_c470_02,characterDialog_sprite_00,,0,0,0,,,,0,0,0,,,,0,0,0,,,,0,0,0,,,,0,0,0,,,,0,0,0,,,,0,0,0,,,,0,0,0,,,,0,0,0,,,,,,,,
800517,False,test_mini_ending_redhood,1,Stage,NKS_characterDialog_c470,Locale_Character:470_name,Locale_SubScenario:1ann_mini_ending_redhood_17,,,0,,,0,0,0,None,,0,0,False,None,None,None,None,None,None,NKS_characterDialog_c220_05,characterDialog_sprite_00,,0,0,0,NKS_characterDialog_c470_02,characterDialog_sprite_00,,0,0,0,,,,0,0,0,,,,0,0,0,,,,0,0,0,,,,0,0,0,,,,0,0,0,,,,0,0,0,,,,0,0,0,,,,0,0,0,,,,,,,,
800518,False,test_mini_ending_redhood,1,Stage,NKS_characterDialog_c470,Locale_Character:470_name,Locale_SubScenario:1ann_mini_ending_redhood_18,,,0,,,0,0,0,None,,0,0,False,None,None,None,None,None,None,NKS_characterDialog_c220_05,characterDialog_sprite_00,,0,0,0,NKS_characterDialog_c470_02,characterDialog_sprite_00,,0,0,0,,,,0,0,0,,,,0,0,0,,,,0,0,0,,,,0,0,0,,,,0,0,0,,,,0,0,0,,,,0,0,0,,,,0,0,0,,,,,,,,
800519,False,test_mini_ending_redhood,1,Stage,NKS_characterDialog_c470,Locale_Character:470_name,Locale_SubScenario:1ann_mini_ending_redhood_19,,,0,,,0,0,0,None,,0,0,False,None,None,None,None,None,None,NKS_characterDialog_c220_05,characterDialog_sprite_00,,0,0,0,NKS_characterDialog_c470_02,characterDialog_sprite_01,,0,0,0,,,,0,0,0,,,,0,0,0,,,,0,0,0,,,,0,0,0,,,,0,0,0,,,,0,0,0,,,,0,0,0,,,,0,0,0,,,,,,,,
800520,False,test_mini_ending_redhood,1,Stage,NKS_characterDialog_c220,Locale_Character:220_name,Locale_SubScenario:1ann_mini_ending_redhood_20,,,0,,,0,0,0,None,,0,0,False,None,None,None,None,None,None,NKS_characterDialog_c220_05,characterDialog_sprite_00,,0,0,0,NKS_characterDialog_c470_02,characterDialog_sprite_01,,0,0,0,,,,0,0,0,,,,0,0,0,,,,0,0,0,,,,0,0,0,,,,0,0,0,,,,0,0,0,,,,0,0,0,,,,0,0,0,,,,,,,,
800521,False,test_mini_ending_redhood,1,Stage,NKS_characterDialog_c470,Locale_Character:470_name,Locale_SubScenario:1ann_mini_ending_redhood_21,,,0,,,0,0,0,None,,0,0,False,None,None,None,None,None,None,NKS_characterDialog_c220_05,characterDialog_sprite_00,,0,0,0,NKS_characterDialog_c470_02,characterDialog_sprite_00,,0,0,0,,,,0,0,0,,,,0,0,0,,,,0,0,0,,,,0,0,0,,,,0,0,0,,,,0,0,0,,,,0,0,0,,,,0,0,0,,,,,,,,
800522,False,test_mini_ending_redhood,1,Stage,NKS_characterDialog_c220,Locale_Character:220_name,Locale_SubScenario:1ann_mini_ending_redhood_22,,,0,,,0,0,0,None,,0,0,False,None,None,None,None,None,None,NKS_characterDialog_c220_05,characterDialog_sprite_00,,0,0,0,NKS_characterDialog_c470_02,characterDialog_sprite_00,,0,0,0,,,,0,0,0,,,,0,0,0,,,,0,0,0,,,,0,0,0,,,,0,0,0,,,,0,0,0,,,,0,0,0,,,,0,0,0,,,,,,,,
800523,False,test_mini_ending_redhood,1,Stage,NKS_characterDialog_c470,Locale_Character:470_name,Locale_SubScenario:1ann_mini_ending_redhood_23,,,0,,,0,0,0,None,,0,0,False,None,None,None,None,None,None,NKS_characterDialog_c220_05,characterDialog_sprite_00,,0,0,0,NKS_characterDialog_c470_02,characterDialog_sprite_00,,0,0,0,,,,0,0,0,,,,0,0,0,,,,0,0,0,,,,0,0,0,,,,0,0,0,,,,0,0,0,,,,0,0,0,,,,0,0,0,,,,,,,,
800524,False,test_mini_ending_redhood,1,Stage,NKS_characterDialog_c470,Locale_Character:470_name,Locale_SubScenario:1ann_mini_ending_redhood_24,,,0,,,0,0,0,None,,0,0,False,None,None,None,None,None,None,NKS_characterDialog_c220_05,characterDialog_sprite_00,,0,0,0,NKS_characterDialog_c470_02,characterDialog_sprite_00,,0,0,0,,,,0,0,0,,,,0,0,0,,,,0,0,0,,,,0,0,0,,,,0,0,0,,,,0,0,0,,,,0,0,0,,,,0,0,0,,,,,,,,
800525,False,test_mini_ending_redhood,1,Stage,NKS_characterDialog_c470,Locale_Character:470_name,Locale_SubScenario:1ann_mini_ending_redhood_25,,,0,,,0,0,0,None,,0,0,False,None,None,None,None,None,None,NKS_characterDialog_c220_05,characterDialog_sprite_00,,0,0,0,NKS_characterDialog_c470_02,characterDialog_sprite_00,,0,0,0,,,,0,0,0,,,,0,0,0,,,,0,0,0,,,,0,0,0,,,,0,0,0,,,,0,0,0,,,,0,0,0,,,,0,0,0,,,,,,,,
800526,False,test_mini_ending_redhood,1,Stage,NKS_characterDialog_c470,Locale_Character:470_name,Locale_SubScenario:1ann_mini_ending_redhood_26,,,0,,,0,0,0,None,,0,0,False,None,None,None,None,None,None,NKS_characterDialog_c220_05,characterDialog_sprite_00,,0,0,0,NKS_characterDialog_c470_02,characterDialog_sprite_00,,0,0,0,,,,0,0,0,,,,0,0,0,,,,0,0,0,,,,0,0,0,,,,0,0,0,,,,0,0,0,,,,0,0,0,,,,0,0,0,,,,,,,,
800527,False,test_mini_ending_redhood,1,Stage,NKS_characterDialog_c470,Locale_Character:470_name,Locale_SubScenario:1ann_mini_ending_redhood_27,,,0,,,0,0,0,None,,0,0,False,None,None,None,None,None,None,NKS_characterDialog_c220_05,characterDialog_sprite_00,,0,0,0,NKS_characterDialog_c470_02,characterDialog_sprite_00,,0,0,0,,,,0,0,0,,,,0,0,0,,,,0,0,0,,,,0,0,0,,,,0,0,0,,,,0,0,0,,,,0,0,0,,,,0,0,0,,,,,,,,
800528,False,test_mini_ending_redhood,1,Stage,NKS_characterDialog_c470,Locale_Character:470_name,Locale_SubScenario:1ann_mini_ending_redhood_28,,,0,,,0,0,0,None,,0,0,False,None,None,None,None,None,None,NKS_characterDialog_c220_05,characterDialog_sprite_00,,0,0,0,NKS_characterDialog_c470_02,characterDialog_sprite_00,,0,0,0,,,,0,0,0,,,,0,0,0,,,,0,0,0,,,,0,0,0,,,,0,0,0,,,,0,0,0,,,,0,0,0,,,,0,0,0,,,,,,,,
800529,False,test_mini_ending_redhood,1,Stage,NKS_characterDialog_c470,Locale_Character:470_name,Locale_SubScenario:1ann_mini_ending_redhood_29,,,0,,,0,0,0,None,,0,0,False,None,None,None,None,None,None,NKS_characterDialog_c220_05,characterDialog_sprite_00,,0,0,0,NKS_characterDialog_c470_02,characterDialog_sprite_00,,0,0,0,,,,0,0,0,,,,0,0,0,,,,0,0,0,,,,0,0,0,,,,0,0,0,,,,0,0,0,,,,0,0,0,,,,0,0,0,,,,,,,,
800530,False,test_mini_ending_redhood,1,Stage,NKS_characterDialog_c470,Locale_Character:470_name,Locale_SubScenario:1ann_mini_ending_redhood_30,,,0,,,0,0,0,None,,0,0,False,None,None,None,None,None,None,NKS_characterDialog_c220_05,characterDialog_sprite_00,,0,0,0,NKS_characterDialog_c470_02,characterDialog_sprite_00,,0,0,0,,,,0,0,0,,,,0,0,0,,,,0,0,0,,,,0,0,0,,,,0,0,0,,,,0,0,0,,,,0,0,0,,,,0,0,0,,,,,,,,
800531,False,test_mini_ending_redhood,1,Stage,NKS_characterDialog_c220,Locale_Character:220_name,Locale_SubScenario:1ann_mini_ending_redhood_31,,,0,,,0,0,0,None,,0,0,False,None,None,None,None,None,None,NKS_characterDialog_c220_05,characterDialog_sprite_01,,0,0,0,NKS_characterDialog_c470_02,characterDialog_sprite_00,,0,0,0,,,,0,0,0,,,,0,0,0,,,,0,0,0,,,,0,0,0,,,,0,0,0,,,,0,0,0,,,,0,0,0,,,,0,0,0,,,,,,,,
800532,False,test_mini_ending_redhood,1,Stage,NKS_characterDialog_c470,Locale_Character:470_name,Locale_SubScenario:1ann_mini_ending_redhood_32,,,0,,,0,0,0,None,,0,0,False,None,None,None,None,None,None,NKS_characterDialog_c220_05,characterDialog_sprite_01,,0,0,0,NKS_characterDialog_c470_02,characterDialog_sprite_01,,0,0,0,,,,0,0,0,,,,0,0,0,,,,0,0,0,,,,0,0,0,,,,0,0,0,,,,0,0,0,,,,0,0,0,,,,0,0,0,,,,,,,,
800533,False,test_mini_ending_redhood,1,Stage,NKS_characterDialog_c470,Locale_Character:470_name,Locale_SubScenario:1ann_mini_ending_redhood_33,,,0,,,0,0,0,None,,0,0,False,None,None,None,None,None,None,NKS_characterDialog_c220_05,characterDialog_sprite_01,,0,0,0,NKS_characterDialog_c470_02,characterDialog_sprite_00,,0,0,0,,,,0,0,0,,,,0,0,0,,,,0,0,0,,,,0,0,0,,,,0,0,0,,,,0,0,0,,,,0,0,0,,,,0,0,0,,,,,,,,
800534,False,test_mini_ending_redhood,1,Stage,NKS_characterDialog_c220,Locale_Character:220_name,Locale_SubScenario:1ann_mini_ending_redhood_34,,,0,,,0,0,0,None,,0,0,False,None,None,None,None,None,None,NKS_characterDialog_c220_05,characterDialog_sprite_01,,0,0,0,NKS_characterDialog_c470_02,characterDialog_sprite_00,,0,0,0,,,,0,0,0,,,,0,0,0,,,,0,0,0,,,,0,0,0,,,,0,0,0,,,,0,0,0,,,,0,0,0,,,,0,0,0,,,,,,,,
800535,False,test_mini_ending_redhood,1,Stage,NKS_characterDialog_c220,Locale_Character:220_name,Locale_SubScenario:1ann_mini_ending_redhood_35,,,0,,,0,0,0,None,,0,0,False,None,None,None,None,None,None,NKS_characterDialog_c220_05,characterDialog_sprite_01,,0,0,0,NKS_characterDialog_c470_02,characterDialog_sprite_00,,0,0,0,,,,0,0,0,,,,0,0,0,,,,0,0,0,,,,0,0,0,,,,0,0,0,,,,0,0,0,,,,0,0,0,,,,0,0,0,,,,,,,,
800536,False,test_mini_ending_redhood,1,Stage,NKS_characterDialog_c470,Locale_Character:470_name,Locale_SubScenario:1ann_mini_ending_redhood_36,,,0,,,0,0,0,None,,0,0,False,None,None,None,None,None,None,NKS_characterDialog_c220_05,characterDialog_sprite_01,,0,0,0,NKS_characterDialog_c470_02,characterDialog_sprite_00,,0,0,0,,,,0,0,0,,,,0,0,0,,,,0,0,0,,,,0,0,0,,,,0,0,0,,,,0,0,0,,,,0,0,0,,,,0,0,0,,,,,,,,
800537,False,test_mini_ending_redhood,1,Stage,NKS_characterDialog_c470,Locale_Character:470_name,Locale_SubScenario:1ann_mini_ending_redhood_37,,,0,,,0,0,0,None,,0,0,False,None,None,None,None,None,None,NKS_characterDialog_c220_05,characterDialog_sprite_01,,0,0,0,NKS_characterDialog_c470_02,characterDialog_sprite_00,,0,0,0,,,,0,0,0,,,,0,0,0,,,,0,0,0,,,,0,0,0,,,,0,0,0,,,,0,0,0,,,,0,0,0,,,,0,0,0,,,,,,,,
800538,False,test_mini_ending_redhood,1,Stage,NKS_characterDialog_c470,Locale_Character:470_name,Locale_SubScenario:1ann_mini_ending_redhood_38,,,0,,,0,0,0,None,,0,0,False,None,None,None,None,None,None,NKS_characterDialog_c220_05,characterDialog_sprite_01,,0,0,0,NKS_characterDialog_c470_02,characterDialog_sprite_00,,0,0,0,,,,0,0,0,,,,0,0,0,,,,0,0,0,,,,0,0,0,,,,0,0,0,,,,0,0,0,,,,0,0,0,,,,0,0,0,,,,,,,,
800539,False,test_mini_ending_redhood,1,Stage,NKS_characterDialog_c470,Locale_Character:470_name,Locale_SubScenario:1ann_mini_ending_redhood_39,,,0,,,0,0,0,None,,0,0,False,None,None,None,None,None,None,NKS_characterDialog_c220_05,characterDialog_sprite_01,,0,0,0,NKS_characterDialog_c470_02,characterDialog_sprite_00,,0,0,0,,,,0,0,0,,,,0,0,0,,,,0,0,0,,,,0,0,0,,,,0,0,0,,,,0,0,0,,,,0,0,0,,,,0,0,0,,,,,,,,
800540,False,test_mini_ending_redhood,1,Stage,NKS_characterDialog_c220,Locale_Character:220_name,Locale_SubScenario:1ann_mini_ending_redhood_40,,,0,,,0,0,0,None,,0,0,False,None,None,None,None,None,None,NKS_characterDialog_c220_05,characterDialog_sprite_00,,0,0,0,NKS_characterDialog_c470_02,characterDialog_sprite_00,,0,0,0,,,,0,0,0,,,,0,0,0,,,,0,0,0,,,,0,0,0,,,,0,0,0,,,,0,0,0,,,,0,0,0,,,,0,0,0,,,,,,,,
800541,False,test_mini_ending_redhood,1,Stage,NKS_characterDialog_c470,Locale_Character:470_name,Locale_SubScenario:1ann_mini_ending_redhood_41,,,0,,,0,0,0,None,,0,0,False,None,None,None,None,None,None,NKS_characterDialog_c220_05,characterDialog_sprite_00,,0,0,0,NKS_characterDialog_c470_02,characterDialog_sprite_00,,0,0,0,,,,0,0,0,,,,0,0,0,,,,0,0,0,,,,0,0,0,,,,0,0,0,,,,0,0,0,,,,0,0,0,,,,0,0,0,,,,,,,,
800542,False,test_mini_ending_redhood,1,Stage,NKS_characterDialog_c470,Locale_Character:470_name,Locale_SubScenario:1ann_mini_ending_redhood_42,,,0,,,0,0,0,None,,0,0,False,None,None,None,None,None,None,NKS_characterDialog_c220_05,characterDialog_sprite_00,,0,0,0,NKS_characterDialog_c470_02,characterDialog_sprite_00,,0,0,0,,,,0,0,0,,,,0,0,0,,,,0,0,0,,,,0,0,0,,,,0,0,0,,,,0,0,0,,,,0,0,0,,,,0,0,0,,,,,,,,
800601,True,test_mini_ending_anarchyorr,1,Stage,,,Locale_SubScenario:1ann_mini_ending_anarchyorr_1,,None,0,NKS_sbg_08,,0,165,0,None,,0,10000,False,None,None,None,None,None,None,NKS_characterDialog_c944_00,characterDialog_sprite_00,,-9,-119,0,,,,0,0,0,,,,0,0,0,,,,0,0,0,,,,0,0,0,,,,0,0,0,,,,0,0,0,,,,0,0,0,,,,0,0,0,,,,0,0,0,,,,,,,,
800602,False,test_mini_ending_anarchyorr,1,Stage,,,Locale_SubScenario:1ann_mini_ending_anarchyorr_2,,,0,,,0,0,0,None,,0,0,False,None,None,None,None,None,None,NKS_characterDialog_c944_00,characterDialog_sprite_00,,-9,-119,0,,,,0,0,0,,,,0,0,0,,,,0,0,0,,,,0,0,0,,,,0,0,0,,,,0,0,0,,,,0,0,0,,,,0,0,0,,,,0,0,0,,,,,,,,
800603,False,test_mini_ending_anarchyorr,1,Stage,,,Locale_SubScenario:1ann_mini_ending_anarchyorr_3,,,0,,,0,0,0,None,,0,0,False,None,None,None,None,None,None,NKS_characterDialog_c944_00,characterDialog_sprite_00,,-9,-119,0,,,,0,0,0,,,,0,0,0,,,,0,0,0,,,,0,0,0,,,,0,0,0,,,,0,0,0,,,,0,0,0,,,,0,0,0,,,,0,0,0,,,,,,,,
800604,False,test_mini_ending_anarchyorr,1,Stage,,,Locale_SubScenario:1ann_mini_ending_anarchyorr_4,,,0,,,0,0,0,None,,0,0,False,None,None,None,None,None,None,NKS_characterDialog_c944_00,characterDialog_sprite_00,,-9,-119,0,,,,0,0,0,,,,0,0,0,,,,0,0,0,,,,0,0,0,,,,0,0,0,,,,0,0,0,,,,0,0,0,,,,0,0,0,,,,0,0,0,,,,,,,,
800605,False,test_mini_ending_anarchyorr,1,Stage,,,Locale_SubScenario:1ann_mini_ending_anarchyorr_5,,,0,,,0,0,0,None,,0,0,False,None,None,None,None,None,None,NKS_characterDialog_c944_00,characterDialog_sprite_00,,-9,-119,0,,,,0,0,0,,,,0,0,0,,,,0,0,0,,,,0,0,0,,,,0,0,0,,,,0,0,0,,,,0,0,0,,,,0,0,0,,,,0,0,0,,,,,,,,
800606,False,test_mini_ending_anarchyorr,1,Stage,,,Locale_SubScenario:1ann_mini_ending_anarchyorr_6,,,0,,,0,0,0,None,,0,0,False,None,None,None,None,None,None,NKS_characterDialog_c944_00,characterDialog_sprite_00,,-9,-119,0,,,,0,0,0,,,,0,0,0,,,,0,0,0,,,,0,0,0,,,,0,0,0,,,,0,0,0,,,,0,0,0,,,,0,0,0,,,,0,0,0,,,,,,,,
800607,False,test_mini_ending_anarchyorr,1,Stage,,,Locale_SubScenario:1ann_mini_ending_anarchyorr_7,,,0,,,0,0,0,None,,0,0,False,None,None,None,None,None,None,NKS_characterDialog_c944_00,characterDialog_sprite_00,,-9,-119,0,,,,0,0,0,,,,0,0,0,,,,0,0,0,,,,0,0,0,,,,0,0,0,,,,0,0,0,,,,0,0,0,,,,0,0,0,,,,0,0,0,,,,,,,,
800608,False,test_mini_ending_anarchyorr,1,Stage,,,Locale_SubScenario:1ann_mini_ending_anarchyorr_8,,,0,,,0,0,0,None,,0,0,False,None,None,None,None,None,None,NKS_characterDialog_c944_00,characterDialog_sprite_00,,-9,-119,0,,,,0,0,0,,,,0,0,0,,,,0,0,0,,,,0,0,0,,,,0,0,0,,,,0,0,0,,,,0,0,0,,,,0,0,0,,,,0,0,0,,,,,,,,
800609,False,test_mini_ending_anarchyorr,1,Stage,,,Locale_SubScenario:1ann_mini_ending_anarchyorr_9,,,0,,,0,0,0,None,,0,0,False,None,None,None,None,None,None,NKS_characterDialog_c944_00,characterDialog_sprite_00,,-9,-119,0,,,,0,0,0,,,,0,0,0,,,,0,0,0,,,,0,0,0,,,,0,0,0,,,,0,0,0,,,,0,0,0,,,,0,0,0,,,,0,0,0,,,,,,,,
800610,False,test_mini_ending_anarchyorr,1,Stage,,,Locale_SubScenario:1ann_mini_ending_anarchyorr_10,,,0,,,0,0,0,None,,0,0,False,None,None,None,None,None,None,NKS_characterDialog_c944_00,characterDialog_sprite_00,,-9,-119,0,,,,0,0,0,,,,0,0,0,,,,0,0,0,,,,0,0,0,,,,0,0,0,,,,0,0,0,,,,0,0,0,,,,0,0,0,,,,0,0,0,,,,,,,,
800611,False,test_mini_ending_anarchyorr,1,Stage,,,Locale_SubScenario:1ann_mini_ending_anarchyorr_11,,,0,,,0,0,0,None,,0,0,False,None,None,None,None,None,None,NKS_characterDialog_c944_00,characterDialog_sprite_00,,-9,-119,0,,,,0,0,0,,,,0,0,0,,,,0,0,0,,,,0,0,0,,,,0,0,0,,,,0,0,0,,,,0,0,0,,,,0,0,0,,,,0,0,0,,,,,,,,
800612,False,test_mini_ending_anarchyorr,1,Stage,,,Locale_SubScenario:1ann_mini_ending_anarchyorr_12,,,0,,,0,0,0,None,,0,0,False,None,None,None,None,None,None,NKS_characterDialog_c944_00,characterDialog_sprite_00,,-9,-119,0,,,,0,0,0,,,,0,0,0,,,,0,0,0,,,,0,0,0,,,,0,0,0,,,,0,0,0,,,,0,0,0,,,,0,0,0,,,,0,0,0,,,,,,,,
800613,False,test_mini_ending_anarchyorr,1,Stage,,,Locale_SubScenario:1ann_mini_ending_anarchyorr_13,,,0,,,0,0,0,None,,0,0,False,None,None,None,None,None,None,NKS_characterDialog_c944_00,characterDialog_sprite_00,,-9,-119,0,,,,0,0,0,,,,0,0,0,,,,0,0,0,,,,0,0,0,,,,0,0,0,,,,0,0,0,,,,0,0,0,,,,0,0,0,,,,0,0,0,,,,,,,,
800614,False,test_mini_ending_anarchyorr,1,Stage,,,Locale_SubScenario:1ann_mini_ending_anarchyorr_14,,,0,,,0,0,0,None,,0,0,False,None,None,None,None,None,None,NKS_characterDialog_c944_00,characterDialog_sprite_00,,-9,-119,0,,,,0,0,0,,,,0,0,0,,,,0,0,0,,,,0,0,0,,,,0,0,0,,,,0,0,0,,,,0,0,0,,,,0,0,0,,,,0,0,0,,,,,,,,
800615,False,test_mini_ending_anarchyorr,1,Stage,,,Locale_SubScenario:1ann_mini_ending_anarchyorr_15,,,0,,,0,0,0,None,,0,0,False,None,None,None,None,None,None,NKS_characterDialog_c944_00,characterDialog_sprite_00,,-9,-119,0,,,,0,0,0,,,,0,0,0,,,,0,0,0,,,,0,0,0,,,,0,0,0,,,,0,0,0,,,,0,0,0,,,,0,0,0,,,,0,0,0,,,,,,,,
800616,False,test_mini_ending_anarchyorr,1,Stage,,,Locale_SubScenario:1ann_mini_ending_anarchyorr_16,,,0,,,0,0,0,None,,0,0,False,None,None,None,None,None,None,NKS_characterDialog_c944_00,characterDialog_sprite_00,,-9,-119,0,,,,0,0,0,,,,0,0,0,,,,0,0,0,,,,0,0,0,,,,0,0,0,,,,0,0,0,,,,0,0,0,,,,0,0,0,,,,0,0,0,,,,,,,,
800617,False,test_mini_ending_anarchyorr,1,Stage,,,Locale_SubScenario:1ann_mini_ending_anarchyorr_17,,,0,,,0,0,0,None,,0,0,False,None,None,None,None,None,None,NKS_characterDialog_c944_00,characterDialog_sprite_00,,-9,-119,0,,,,0,0,0,,,,0,0,0,,,,0,0,0,,,,0,0,0,,,,0,0,0,,,,0,0,0,,,,0,0,0,,,,0,0,0,,,,0,0,0,,,,,,,,
800618,False,test_mini_ending_anarchyorr,1,Stage,,,Locale_SubScenario:1ann_mini_ending_anarchyorr_18,,,0,,,0,0,0,None,,0,0,False,None,None,None,None,None,None,NKS_characterDialog_c944_00,characterDialog_sprite_00,,-9,-119,0,,,,0,0,0,,,,0,0,0,,,,0,0,0,,,,0,0,0,,,,0,0,0,,,,0,0,0,,,,0,0,0,,,,0,0,0,,,,0,0,0,,,,,,,,
800619,False,test_mini_ending_anarchyorr,1,Stage,,,Locale_SubScenario:1ann_mini_ending_anarchyorr_19,,,0,,,0,0,0,None,,0,0,False,None,None,None,None,None,None,NKS_characterDialog_c944_00,characterDialog_sprite_00,,-9,-119,0,,,,0,0,0,,,,0,0,0,,,,0,0,0,,,,0,0,0,,,,0,0,0,,,,0,0,0,,,,0,0,0,,,,0,0,0,,,,0,0,0,,,,,,,,
800620,False,test_mini_ending_anarchyorr,1,Stage,,,Locale_SubScenario:1ann_mini_ending_anarchyorr_20,,,0,,,0,0,0,None,,0,0,False,None,None,None,None,None,None,NKS_characterDialog_c944_00,characterDialog_sprite_00,,-9,-119,0,,,,0,0,0,,,,0,0,0,,,,0,0,0,,,,0,0,0,,,,0,0,0,,,,0,0,0,,,,0,0,0,,,,0,0,0,,,,0,0,0,,,,,,,,
800621,False,test_mini_ending_anarchyorr,1,Stage,,,Locale_SubScenario:1ann_mini_ending_anarchyorr_21,,,0,,,0,0,0,None,,0,0,False,None,None,None,None,None,None,NKS_characterDialog_c944_00,characterDialog_sprite_00,,-9,-119,0,,,,0,0,0,,,,0,0,0,,,,0,0,0,,,,0,0,0,,,,0,0,0,,,,0,0,0,,,,0,0,0,,,,0,0,0,,,,0,0,0,,,,,,,,
800622,False,test_mini_ending_anarchyorr,1,Stage,,,Locale_SubScenario:1ann_mini_ending_anarchyorr_22,,,0,,,0,0,0,None,,0,0,False,None,None,None,None,None,None,NKS_characterDialog_c944_00,characterDialog_sprite_00,,-9,-119,0,,,,0,0,0,,,,0,0,0,,,,0,0,0,,,,0,0,0,,,,0,0,0,,,,0,0,0,,,,0,0,0,,,,0,0,0,,,,0,0,0,,,,,,,,
800623,False,test_mini_ending_anarchyorr,1,Stage,,,Locale_SubScenario:1ann_mini_ending_anarchyorr_23,,,0,,,0,0,0,None,,0,0,False,None,None,None,None,None,None,NKS_characterDialog_c944_00,characterDialog_sprite_00,,-9,-119,0,,,,0,0,0,,,,0,0,0,,,,0,0,0,,,,0,0,0,,,,0,0,0,,,,0,0,0,,,,0,0,0,,,,0,0,0,,,,0,0,0,,,,,,,,
800624,False,test_mini_ending_anarchyorr,1,Stage,,,Locale_SubScenario:1ann_mini_ending_anarchyorr_24,,,0,,,0,0,0,None,,0,0,False,None,None,None,None,None,None,NKS_characterDialog_c944_00,characterDialog_sprite_00,,-9,-119,0,,,,0,0,0,,,,0,0,0,,,,0,0,0,,,,0,0,0,,,,0,0,0,,,,0,0,0,,,,0,0,0,,,,0,0,0,,,,0,0,0,,,,,,,,
800625,False,test_mini_ending_anarchyorr,1,Stage,,,Locale_SubScenario:1ann_mini_ending_anarchyorr_25,,,0,,,0,0,0,None,,0,0,False,None,None,None,None,None,None,NKS_characterDialog_c944_00,characterDialog_sprite_00,,-9,-119,0,,,,0,0,0,,,,0,0,0,,,,0,0,0,,,,0,0,0,,,,0,0,0,,,,0,0,0,,,,0,0,0,,,,0,0,0,,,,0,0,0,,,,,,,,
800626,False,test_mini_ending_anarchyorr,1,Stage,,,Locale_SubScenario:1ann_mini_ending_anarchyorr_26,,,0,,,0,0,0,None,,0,0,False,None,None,None,None,None,None,NKS_characterDialog_c944_00,characterDialog_sprite_00,,-9,-119,0,,,,0,0,0,,,,0,0,0,,,,0,0,0,,,,0,0,0,,,,0,0,0,,,,0,0,0,,,,0,0,0,,,,0,0,0,,,,0,0,0,,,,,,,,
800627,False,test_mini_ending_anarchyorr,1,Stage,,,Locale_SubScenario:1ann_mini_ending_anarchyorr_27,,,0,,,0,0,0,None,,0,0,False,None,None,None,None,None,None,NKS_characterDialog_c944_00,characterDialog_sprite_00,,-9,-119,0,,,,0,0,0,,,,0,0,0,,,,0,0,0,,,,0,0,0,,,,0,0,0,,,,0,0,0,,,,0,0,0,,,,0,0,0,,,,0,0,0,,,,,,,,
800628,False,test_mini_ending_anarchyorr,1,Stage,,,Locale_SubScenario:1ann_mini_ending_anarchyorr_28,,,0,,,0,0,0,None,,0,0,False,None,None,None,None,None,None,NKS_characterDialog_c944_00,characterDialog_sprite_00,,-9,-119,0,,,,0,0,0,,,,0,0,0,,,,0,0,0,,,,0,0,0,,,,0,0,0,,,,0,0,0,,,,0,0,0,,,,0,0,0,,,,0,0,0,,,,,,,,
800629,False,test_mini_ending_anarchyorr,1,Stage,,,Locale_SubScenario:1ann_mini_ending_anarchyorr_29,,,0,,,0,0,0,None,,0,0,False,None,None,None,None,None,None,NKS_characterDialog_c944_00,characterDialog_sprite_00,,-9,-119,0,,,,0,0,0,,,,0,0,0,,,,0,0,0,,,,0,0,0,,,,0,0,0,,,,0,0,0,,,,0,0,0,,,,0,0,0,,,,0,0,0,,,,,,,,
800630,False,test_mini_ending_anarchyorr,1,Stage,,,Locale_SubScenario:1ann_mini_ending_anarchyorr_30,,,0,,,0,0,0,None,,0,0,False,None,None,None,None,None,None,NKS_characterDialog_c944_00,characterDialog_sprite_00,,-9,-119,0,,,,0,0,0,,,,0,0,0,,,,0,0,0,,,,0,0,0,,,,0,0,0,,,,0,0,0,,,,0,0,0,,,,0,0,0,,,,0,0,0,,,,,,,,
800631,False,test_mini_ending_anarchyorr,1,Stage,,,Locale_SubScenario:1ann_mini_ending_anarchyorr_31,,,0,,,0,0,0,None,,0,0,False,None,None,None,None,None,None,NKS_characterDialog_c944_00,characterDialog_sprite_00,,-9,-119,0,,,,0,0,0,,,,0,0,0,,,,0,0,0,,,,0,0,0,,,,0,0,0,,,,0,0,0,,,,0,0,0,,,,0,0,0,,,,0,0,0,,,,,,,,
800632,False,test_mini_ending_anarchyorr,1,Stage,,,Locale_SubScenario:1ann_mini_ending_anarchyorr_32,,,0,,,0,0,0,None,,0,0,False,None,None,None,None,None,None,NKS_characterDialog_c944_00,characterDialog_sprite_00,,-9,-119,0,,,,0,0,0,,,,0,0,0,,,,0,0,0,,,,0,0,0,,,,0,0,0,,,,0,0,0,,,,0,0,0,,,,0,0,0,,,,0,0,0,,,,,,,,
800633,False,test_mini_ending_anarchyorr,1,Stage,,,Locale_SubScenario:1ann_mini_ending_anarchyorr_33,,,0,,,0,0,0,None,,0,0,False,None,None,None,None,None,None,NKS_characterDialog_c944_00,characterDialog_sprite_00,,-9,-119,0,,,,0,0,0,,,,0,0,0,,,,0,0,0,,,,0,0,0,,,,0,0,0,,,,0,0,0,,,,0,0,0,,,,0,0,0,,,,0,0,0,,,,,,,,
800634,False,test_mini_ending_anarchyorr,1,Stage,,,Locale_SubScenario:1ann_mini_ending_anarchyorr_34,,,0,,,0,0,0,None,,0,0,False,None,None,None,None,None,None,NKS_characterDialog_c944_00,characterDialog_sprite_00,,-9,-119,0,,,,0,0,0,,,,0,0,0,,,,0,0,0,,,,0,0,0,,,,0,0,0,,,,0,0,0,,,,0,0,0,,,,0,0,0,,,,0,0,0,,,,,,,,
800635,False,test_mini_ending_anarchyorr,1,Stage,,,Locale_SubScenario:1ann_mini_ending_anarchyorr_35,,,0,,,0,0,0,None,,0,0,False,None,None,None,None,None,None,NKS_characterDialog_c944_00,characterDialog_sprite_00,,-9,-119,0,,,,0,0,0,,,,0,0,0,,,,0,0,0,,,,0,0,0,,,,0,0,0,,,,0,0,0,,,,0,0,0,,,,0,0,0,,,,0,0,0,,,,,,,,
800636,False,test_mini_ending_anarchyorr,1,Stage,,,Locale_SubScenario:1ann_mini_ending_anarchyorr_36,,,0,,,0,0,0,None,,0,0,False,None,None,None,None,None,None,NKS_characterDialog_c944_00,characterDialog_sprite_00,,-9,-119,0,,,,0,0,0,,,,0,0,0,,,,0,0,0,,,,0,0,0,,,,0,0,0,,,,0,0,0,,,,0,0,0,,,,0,0,0,,,,0,0,0,,,,,,,,
800637,False,test_mini_ending_anarchyorr,1,Stage,,,Locale_SubScenario:1ann_mini_ending_anarchyorr_37,,,0,,,0,0,0,None,,0,0,False,None,None,None,None,None,None,NKS_characterDialog_c944_00,characterDialog_sprite_00,,-9,-119,0,,,,0,0,0,,,,0,0,0,,,,0,0,0,,,,0,0,0,,,,0,0,0,,,,0,0,0,,,,0,0,0,,,,0,0,0,,,,0,0,0,,,,,,,,
800638,False,test_mini_ending_anarchyorr,1,Stage,,,Locale_SubScenario:1ann_mini_ending_anarchyorr_38,,,0,,,0,0,0,None,,0,0,False,None,None,None,None,None,None,NKS_characterDialog_c944_00,characterDialog_sprite_00,,-9,-119,0,,,,0,0,0,,,,0,0,0,,,,0,0,0,,,,0,0,0,,,,0,0,0,,,,0,0,0,,,,0,0,0,,,,0,0,0,,,,0,0,0,,,,,,,,
800639,False,test_mini_ending_anarchyorr,1,Stage,,,Locale_SubScenario:1ann_mini_ending_anarchyorr_39,,,0,,,0,0,0,None,,0,0,False,None,None,None,None,None,None,NKS_characterDialog_c944_00,characterDialog_sprite_00,,-9,-119,0,,,,0,0,0,,,,0,0,0,,,,0,0,0,,,,0,0,0,,,,0,0,0,,,,0,0,0,,,,0,0,0,,,,0,0,0,,,,0,0,0,,,,,,,,
800640,False,test_mini_ending_anarchyorr,1,Stage,,,Locale_SubScenario:1ann_mini_ending_anarchyorr_40,,,0,,,0,0,0,None,,0,0,False,None,None,None,None,None,None,NKS_characterDialog_c944_00,characterDialog_sprite_00,,-9,-119,0,,,,0,0,0,,,,0,0,0,,,,0,0,0,,,,0,0,0,,,,0,0,0,,,,0,0,0,,,,0,0,0,,,,0,0,0,,,,0,0,0,,,,,,,,
800641,False,test_mini_ending_anarchyorr,1,Stage,,,Locale_SubScenario:1ann_mini_ending_anarchyorr_41,,,0,,,0,0,0,None,,0,0,False,None,None,None,None,None,None,NKS_characterDialog_c944_00,characterDialog_sprite_00,,-9,-119,0,,,,0,0,0,,,,0,0,0,,,,0,0,0,,,,0,0,0,,,,0,0,0,,,,0,0,0,,,,0,0,0,,,,0,0,0,,,,0,0,0,,,,,,,,
800642,False,test_mini_ending_anarchyorr,1,Stage,,,Locale_SubScenario:1ann_mini_ending_anarchyorr_42,,,0,,,0,0,0,None,,0,0,False,None,None,None,None,None,None,NKS_characterDialog_c944_00,characterDialog_sprite_00,,-9,-119,0,,,,0,0,0,,,,0,0,0,,,,0,0,0,,,,0,0,0,,,,0,0,0,,,,0,0,0,,,,0,0,0,,,,0,0,0,,,,0,0,0,,,,,,,,
800643,False,test_mini_ending_anarchyorr,1,Stage,,,Locale_SubScenario:1ann_mini_ending_anarchyorr_43,,,0,,,0,0,0,None,,0,0,False,None,None,None,None,None,None,NKS_characterDialog_c944_00,characterDialog_sprite_00,,-9,-119,0,,,,0,0,0,,,,0,0,0,,,,0,0,0,,,,0,0,0,,,,0,0,0,,,,0,0,0,,,,0,0,0,,,,0,0,0,,,,0,0,0,,,,,,,,
800644,False,test_mini_ending_anarchyorr,1,Stage,,,Locale_SubScenario:1ann_mini_ending_anarchyorr_44,,,0,,,0,0,0,None,,0,0,False,None,None,None,None,None,None,NKS_characterDialog_c944_00,characterDialog_sprite_00,,-9,-119,0,,,,0,0,0,,,,0,0,0,,,,0,0,0,,,,0,0,0,,,,0,0,0,,,,0,0,0,,,,0,0,0,,,,0,0,0,,,,0,0,0,,,,,,,,
800645,False,test_mini_ending_anarchyorr,1,Stage,,,Locale_SubScenario:1ann_mini_ending_anarchyorr_45,,,0,,,0,0,0,None,,0,0,False,None,None,None,None,None,None,NKS_characterDialog_c944_00,characterDialog_sprite_00,,-9,-119,0,,,,0,0,0,,,,0,0,0,,,,0,0,0,,,,0,0,0,,,,0,0,0,,,,0,0,0,,,,0,0,0,,,,0,0,0,,,,0,0,0,,,,,,,,
800646,False,test_mini_ending_anarchyorr,1,Stage,,,Locale_SubScenario:1ann_mini_ending_anarchyorr_46,,,0,,,0,0,0,None,,0,0,False,None,None,None,None,None,None,NKS_characterDialog_c944_00,characterDialog_sprite_00,,-9,-119,0,,,,0,0,0,,,,0,0,0,,,,0,0,0,,,,0,0,0,,,,0,0,0,,,,0,0,0,,,,0,0,0,,,,0,0,0,,,,0,0,0,,,,,,,,
800647,False,test_mini_ending_anarchyorr,1,Stage,,,Locale_SubScenario:1ann_mini_ending_anarchyorr_47,,,0,,,0,0,0,None,,0,0,False,None,None,None,None,None,None,NKS_characterDialog_c944_00,characterDialog_sprite_00,,-9,-119,0,,,,0,0,0,,,,0,0,0,,,,0,0,0,,,,0,0,0,,,,0,0,0,,,,0,0,0,,,,0,0,0,,,,0,0,0,,,,0,0,0,,,,,,,,
800648,False,test_mini_ending_anarchyorr,1,Stage,,,Locale_SubScenario:1ann_mini_ending_anarchyorr_48,,,0,,,0,0,0,None,,0,0,False,None,None,None,None,None,None,NKS_characterDialog_c944_00,characterDialog_sprite_00,,-9,-119,0,,,,0,0,0,,,,0,0,0,,,,0,0,0,,,,0,0,0,,,,0,0,0,,,,0,0,0,,,,0,0,0,,,,0,0,0,,,,0,0,0,,,,,,,,
800649,False,test_mini_ending_anarchyorr,1,Stage,,,Locale_SubScenario:1ann_mini_ending_anarchyorr_49,,,0,,,0,0,0,None,,0,0,False,None,None,None,None,None,None,NKS_characterDialog_c944_00,characterDialog_sprite_00,,-9,-119,0,,,,0,0,0,,,,0,0,0,,,,0,0,0,,,,0,0,0,,,,0,0,0,,,,0,0,0,,,,0,0,0,,,,0,0,0,,,,0,0,0,,,,,,,,
800650,False,test_mini_ending_anarchyorr,1,Stage,,,Locale_SubScenario:1ann_mini_ending_anarchyorr_50,,,0,,,0,0,0,None,,0,0,False,None,None,None,None,None,None,NKS_characterDialog_c944_00,characterDialog_sprite_00,,-9,-119,0,,,,0,0,0,,,,0,0,0,,,,0,0,0,,,,0,0,0,,,,0,0,0,,,,0,0,0,,,,0,0,0,,,,0,0,0,,,,0,0,0,,,,,,,,
800651,False,test_mini_ending_anarchyorr,1,Stage,,,Locale_SubScenario:1ann_mini_ending_anarchyorr_51,,,0,,,0,0,0,None,,0,0,False,None,None,None,None,None,None,NKS_characterDialog_c944_00,characterDialog_sprite_00,,-9,-119,0,,,,0,0,0,,,,0,0,0,,,,0,0,0,,,,0,0,0,,,,0,0,0,,,,0,0,0,,,,0,0,0,,,,0,0,0,,,,0,0,0,,,,,,,,
800652,False,test_mini_ending_anarchyorr,1,Stage,,,Locale_SubScenario:1ann_mini_ending_anarchyorr_52,,,0,,,0,0,0,None,,0,0,False,None,None,None,None,None,None,NKS_characterDialog_c944_00,characterDialog_sprite_00,,-9,-119,0,,,,0,0,0,,,,0,0,0,,,,0,0,0,,,,0,0,0,,,,0,0,0,,,,0,0,0,,,,0,0,0,,,,0,0,0,,,,0,0,0,,,,,,,,
800653,False,test_mini_ending_anarchyorr,1,Stage,,,Locale_SubScenario:1ann_mini_ending_anarchyorr_53,,,0,,,0,0,0,None,,0,0,False,None,None,None,None,None,None,NKS_characterDialog_c944_00,characterDialog_sprite_00,,-9,-119,0,,,,0,0,0,,,,0,0,0,,,,0,0,0,,,,0,0,0,,,,0,0,0,,,,0,0,0,,,,0,0,0,,,,0,0,0,,,,0,0,0,,,,,,,,
800654,False,test_mini_ending_anarchyorr,1,Stage,,,Locale_SubScenario:1ann_mini_ending_anarchyorr_54,,,0,,,0,0,0,None,,0,0,False,None,None,None,None,None,None,NKS_characterDialog_c944_00,characterDialog_sprite_00,,-9,-119,0,,,,0,0,0,,,,0,0,0,,,,0,0,0,,,,0,0,0,,,,0,0,0,,,,0,0,0,,,,0,0,0,,,,0,0,0,,,,0,0,0,,,,,,,,
800701,True,test_mini_ending_einkk,1,Stage,,,Locale_SubScenario:1ann_mini_ending_einkk_1,,None,0,NKS_sbg_07,,0,165,0,None,,0,10000,False,None,None,None,None,None,None,NKS_characterDialog_c928_00,characterDialog_sprite_00,,0,0,0,,,,0,0,0,,,,0,0,0,,,,0,0,0,,,,0,0,0,,,,0,0,0,,,,0,0,0,,,,0,0,0,,,,0,0,0,,,,0,0,0,,,,,,,,
800702,False,test_mini_ending_einkk,1,Stage,,Locale_Character:npc_04_name,Locale_SubScenario:1ann_mini_ending_einkk_2,,,0,,,0,0,0,None,,0,0,False,None,None,None,None,None,None,NKS_characterDialog_c928_00,characterDialog_sprite_00,,0,0,0,,,,0,0,0,,,,0,0,0,,,,0,0,0,,,,0,0,0,,,,0,0,0,,,,0,0,0,,,,0,0,0,,,,0,0,0,,,,0,0,0,,,,,,,,
800703,False,test_mini_ending_einkk,1,Stage,,Locale_Character:npc_04_name,Locale_SubScenario:1ann_mini_ending_einkk_3,,,0,,,0,0,0,None,,0,0,False,None,None,None,None,None,None,NKS_characterDialog_c928_00,characterDialog_sprite_00,,0,0,0,,,,0,0,0,,,,0,0,0,,,,0,0,0,,,,0,0,0,,,,0,0,0,,,,0,0,0,,,,0,0,0,,,,0,0,0,,,,0,0,0,,,,,,,,
800704,False,test_mini_ending_einkk,1,Stage,,Locale_Character:npc_04_name,Locale_SubScenario:1ann_mini_ending_einkk_4,,,0,,,0,0,0,None,,0,0,False,None,None,None,None,None,None,NKS_characterDialog_c928_00,characterDialog_sprite_00,,0,0,0,,,,0,0,0,,,,0,0,0,,,,0,0,0,,,,0,0,0,,,,0,0,0,,,,0,0,0,,,,0,0,0,,,,0,0,0,,,,0,0,0,,,,,,,,
800705,False,test_mini_ending_einkk,1,Stage,,Locale_Character:npc_04_name,Locale_SubScenario:1ann_mini_ending_einkk_5,,,0,,,0,0,0,None,,0,0,False,None,None,None,None,None,None,NKS_characterDialog_c928_00,characterDialog_sprite_00,,0,0,0,,,,0,0,0,,,,0,0,0,,,,0,0,0,,,,0,0,0,,,,0,0,0,,,,0,0,0,,,,0,0,0,,,,0,0,0,,,,0,0,0,,,,,,,,
800706,False,test_mini_ending_einkk,1,Stage,,Locale_Character:npc_04_name,Locale_SubScenario:1ann_mini_ending_einkk_6,,,0,,,0,0,0,None,,0,0,False,None,None,None,None,None,None,NKS_characterDialog_c928_00,characterDialog_sprite_00,,0,0,0,,,,0,0,0,,,,0,0,0,,,,0,0,0,,,,0,0,0,,,,0,0,0,,,,0,0,0,,,,0,0,0,,,,0,0,0,,,,0,0,0,,,,,,,,
800707,False,test_mini_ending_einkk,1,Stage,,Locale_Character:npc_04_name,Locale_SubScenario:1ann_mini_ending_einkk_7,,,0,,,0,0,0,None,,0,0,False,None,None,None,None,None,None,NKS_characterDialog_c928_00,characterDialog_sprite_00,,0,0,0,,,,0,0,0,,,,0,0,0,,,,0,0,0,,,,0,0,0,,,,0,0,0,,,,0,0,0,,,,0,0,0,,,,0,0,0,,,,0,0,0,,,,,,,,
800708,False,test_mini_ending_einkk,1,Stage,,Locale_Character:npc_04_name,Locale_SubScenario:1ann_mini_ending_einkk_8,,,0,,,0,0,0,None,,0,0,False,None,None,None,None,None,None,NKS_characterDialog_c928_00,characterDialog_sprite_00,,0,0,0,,,,0,0,0,,,,0,0,0,,,,0,0,0,,,,0,0,0,,,,0,0,0,,,,0,0,0,,,,0,0,0,,,,0,0,0,,,,0,0,0,,,,,,,,
800709,False,test_mini_ending_einkk,1,Stage,,Locale_Character:npc_04_name,Locale_SubScenario:1ann_mini_ending_einkk_9,,,0,,,0,0,0,None,,0,0,False,None,None,None,None,None,None,NKS_characterDialog_c928_00,characterDialog_sprite_00,,0,0,0,,,,0,0,0,,,,0,0,0,,,,0,0,0,,,,0,0,0,,,,0,0,0,,,,0,0,0,,,,0,0,0,,,,0,0,0,,,,0,0,0,,,,,,,,
800710,False,test_mini_ending_einkk,1,Stage,,Locale_Character:npc_04_name,Locale_SubScenario:1ann_mini_ending_einkk_10,,,0,,,0,0,0,None,,0,0,False,None,None,None,None,None,None,NKS_characterDialog_c928_00,characterDialog_sprite_00,,0,0,0,,,,0,0,0,,,,0,0,0,,,,0,0,0,,,,0,0,0,,,,0,0,0,,,,0,0,0,,,,0,0,0,,,,0,0,0,,,,0,0,0,,,,,,,,
800711,False,test_mini_ending_einkk,1,Stage,,Locale_Character:npc_04_name,Locale_SubScenario:1ann_mini_ending_einkk_11,,,0,,,0,0,0,None,,0,0,False,None,None,None,None,None,None,NKS_characterDialog_c928_00,characterDialog_sprite_00,,0,0,0,,,,0,0,0,,,,0,0,0,,,,0,0,0,,,,0,0,0,,,,0,0,0,,,,0,0,0,,,,0,0,0,,,,0,0,0,,,,0,0,0,,,,,,,,
800712,False,test_mini_ending_einkk,1,Stage,,Locale_Character:npc_04_name,Locale_SubScenario:1ann_mini_ending_einkk_12,,,0,,,0,0,0,None,,0,0,False,None,None,None,None,None,None,NKS_characterDialog_c928_00,characterDialog_sprite_00,,0,0,0,,,,0,0,0,,,,0,0,0,,,,0,0,0,,,,0,0,0,,,,0,0,0,,,,0,0,0,,,,0,0,0,,,,0,0,0,,,,0,0,0,,,,,,,,
800713,False,test_mini_ending_einkk,1,Stage,,Locale_Character:npc_04_name,Locale_SubScenario:1ann_mini_ending_einkk_13,,,0,,,0,0,0,None,,0,0,False,None,None,None,None,None,None,NKS_characterDialog_c928_00,characterDialog_sprite_00,,0,0,0,,,,0,0,0,,,,0,0,0,,,,0,0,0,,,,0,0,0,,,,0,0,0,,,,0,0,0,,,,0,0,0,,,,0,0,0,,,,0,0,0,,,,,,,,
800714,False,test_mini_ending_einkk,1,Stage,,Locale_Character:npc_04_name,Locale_SubScenario:1ann_mini_ending_einkk_14,,,0,,,0,0,0,None,,0,0,False,None,None,None,None,None,None,NKS_characterDialog_c928_00,characterDialog_sprite_00,,0,0,0,,,,0,0,0,,,,0,0,0,,,,0,0,0,,,,0,0,0,,,,0,0,0,,,,0,0,0,,,,0,0,0,,,,0,0,0,,,,0,0,0,,,,,,,,
800715,False,test_mini_ending_einkk,1,Stage,,Locale_Character:npc_04_name,Locale_SubScenario:1ann_mini_ending_einkk_15,,,0,,,0,0,0,None,,0,0,False,None,None,None,None,None,None,NKS_characterDialog_c928_00,characterDialog_sprite_00,,0,0,0,,,,0,0,0,,,,0,0,0,,,,0,0,0,,,,0,0,0,,,,0,0,0,,,,0,0,0,,,,0,0,0,,,,0,0,0,,,,0,0,0,,,,,,,,
800716,False,test_mini_ending_einkk,1,Stage,,Locale_Character:npc_04_name,Locale_SubScenario:1ann_mini_ending_einkk_16,,,0,,,0,0,0,None,,0,0,False,None,None,None,None,None,None,NKS_characterDialog_c928_00,characterDialog_sprite_00,,0,0,0,,,,0,0,0,,,,0,0,0,,,,0,0,0,,,,0,0,0,,,,0,0,0,,,,0,0,0,,,,0,0,0,,,,0,0,0,,,,0,0,0,,,,,,,,
800717,False,test_mini_ending_einkk,1,Stage,,Locale_Character:npc_04_name,Locale_SubScenario:1ann_mini_ending_einkk_17,,,0,,,0,0,0,None,,0,0,False,None,None,None,None,None,None,NKS_characterDialog_c928_00,characterDialog_sprite_00,,0,0,0,,,,0,0,0,,,,0,0,0,,,,0,0,0,,,,0,0,0,,,,0,0,0,,,,0,0,0,,,,0,0,0,,,,0,0,0,,,,0,0,0,,,,,,,,
800718,False,test_mini_ending_einkk,1,Stage,,Locale_Character:npc_04_name,Locale_SubScenario:1ann_mini_ending_einkk_18,,,0,,,0,0,0,None,,0,0,False,None,None,None,None,None,None,NKS_characterDialog_c928_00,characterDialog_sprite_00,,0,0,0,,,,0,0,0,,,,0,0,0,,,,0,0,0,,,,0,0,0,,,,0,0,0,,,,0,0,0,,,,0,0,0,,,,0,0,0,,,,0,0,0,,,,,,,,
800719,False,test_mini_ending_einkk,1,Stage,,Locale_Character:npc_04_name,Locale_SubScenario:1ann_mini_ending_einkk_19,,,0,,,0,0,0,None,,0,0,False,None,None,None,None,None,None,NKS_characterDialog_c928_00,characterDialog_sprite_00,,0,0,0,,,,0,0,0,,,,0,0,0,,,,0,0,0,,,,0,0,0,,,,0,0,0,,,,0,0,0,,,,0,0,0,,,,0,0,0,,,,0,0,0,,,,,,,,
800720,False,test_mini_ending_einkk,1,Stage,,Locale_Character:npc_04_name,Locale_SubScenario:1ann_mini_ending_einkk_20,,,0,,,0,0,0,None,,0,0,False,None,None,None,None,None,None,NKS_characterDialog_c928_00,characterDialog_sprite_00,,0,0,0,,,,0,0,0,,,,0,0,0,,,,0,0,0,,,,0,0,0,,,,0,0,0,,,,0,0,0,,,,0,0,0,,,,0,0,0,,,,0,0,0,,,,,,,,
800721,False,test_mini_ending_einkk,1,Stage,,Locale_Character:npc_04_name,Locale_SubScenario:1ann_mini_ending_einkk_21,,,0,,,0,0,0,None,,0,0,False,None,None,None,None,None,None,NKS_characterDialog_c928_00,characterDialog_sprite_00,,0,0,0,,,,0,0,0,,,,0,0,0,,,,0,0,0,,,,0,0,0,,,,0,0,0,,,,0,0,0,,,,0,0,0,,,,0,0,0,,,,0,0,0,,,,,,,,
800722,False,test_mini_ending_einkk,1,Stage,,Locale_Character:npc_04_name,Locale_SubScenario:1ann_mini_ending_einkk_22,,,0,,,0,0,0,None,,0,0,False,None,None,None,None,None,None,NKS_characterDialog_c928_00,characterDialog_sprite_00,,0,0,0,,,,0,0,0,,,,0,0,0,,,,0,0,0,,,,0,0,0,,,,0,0,0,,,,0,0,0,,,,0,0,0,,,,0,0,0,,,,0,0,0,,,,,,,,
800723,False,test_mini_ending_einkk,1,Stage,,Locale_Character:npc_04_name,Locale_SubScenario:1ann_mini_ending_einkk_23,,,0,,,0,0,0,None,,0,0,False,None,None,None,None,None,None,NKS_characterDialog_c928_00,characterDialog_sprite_00,,0,0,0,,,,0,0,0,,,,0,0,0,,,,0,0,0,,,,0,0,0,,,,0,0,0,,,,0,0,0,,,,0,0,0,,,,0,0,0,,,,0,0,0,,,,,,,,
800724,False,test_mini_ending_einkk,1,Stage,,Locale_Character:npc_04_name,Locale_SubScenario:1ann_mini_ending_einkk_24,,,0,,,0,0,0,None,,0,0,False,None,None,None,None,None,None,NKS_characterDialog_c928_00,characterDialog_sprite_00,,0,0,0,,,,0,0,0,,,,0,0,0,,,,0,0,0,,,,0,0,0,,,,0,0,0,,,,0,0,0,,,,0,0,0,,,,0,0,0,,,,0,0,0,,,,,,,,
800801,True,test_mini_ending_hidden,1,Stage,,,Locale_SubScenario:1ann_mini_ending_hidden_1,,event_bgm_redash_minigame_story2,0,NKS_sbg_01,,0,165,0,None,,0,10000,False,None,None,None,None,None,None,NKS_characterDialog_c220_00,characterDialog_sprite_00,,-222,-101,0,NKS_characterDialog_c965_00,characterDialog_sprite_00,,-117,-101,0,NKS_characterDialog_c966_00,characterDialog_sprite_00,,-18,-101,0,NKS_characterDialog_c470_00,characterDialog_sprite_00,,100,-101,0,NKS_characterDialog_c233_00,characterDialog_sprite_00,,236,-101,0,,,,0,0,0,,,,0,0,0,,,,0,0,0,,,,0,0,0,,,,0,0,0,,,,,,,,
800802,False,test_mini_ending_hidden,1,Stage,NKS_characterDialog_c220,Locale_Character:220_name,Locale_SubScenario:1ann_mini_ending_hidden_2,,,0,,,0,0,0,None,,0,0,False,None,None,None,None,None,None,NKS_characterDialog_c220_00,characterDialog_sprite_00,,-222,-101,0,NKS_characterDialog_c965_00,characterDialog_sprite_00,,-117,-101,0,NKS_characterDialog_c966_00,characterDialog_sprite_00,,-18,-101,0,NKS_characterDialog_c470_00,characterDialog_sprite_00,,100,-101,0,NKS_characterDialog_c233_00,characterDialog_sprite_00,,236,-101,0,,,,0,0,0,,,,0,0,0,,,,0,0,0,,,,0,0,0,,,,0,0,0,,,,,,,,
800803,False,test_mini_ending_hidden,1,Stage,NKS_characterDialog_c470,Locale_Character:470_name,Locale_SubScenario:1ann_mini_ending_hidden_3,,,0,,,0,0,0,None,,0,0,False,None,None,None,None,None,None,NKS_characterDialog_c220_00,characterDialog_sprite_00,,-222,-101,0,NKS_characterDialog_c965_00,characterDialog_sprite_00,,-117,-101,0,NKS_characterDialog_c966_00,characterDialog_sprite_00,,-18,-101,0,NKS_characterDialog_c470_00,characterDialog_sprite_00,,100,-101,0,NKS_characterDialog_c233_00,characterDialog_sprite_00,,236,-101,0,,,,0,0,0,,,,0,0,0,,,,0,0,0,,,,0,0,0,,,,0,0,0,,,,,,,,
800804,False,test_mini_ending_hidden,1,Stage,NKS_characterDialog_c233,Locale_Character:233_name,Locale_SubScenario:1ann_mini_ending_hidden_4,,,0,,,0,0,0,None,,0,0,False,None,None,None,None,None,None,NKS_characterDialog_c220_00,characterDialog_sprite_00,,-222,-101,0,NKS_characterDialog_c965_00,characterDialog_sprite_00,,-117,-101,0,NKS_characterDialog_c966_00,characterDialog_sprite_00,,-18,-101,0,NKS_characterDialog_c470_00,characterDialog_sprite_00,,100,-101,0,NKS_characterDialog_c233_00,characterDialog_sprite_00,,236,-101,0,,,,0,0,0,,,,0,0,0,,,,0,0,0,,,,0,0,0,,,,0,0,0,,,,,,,,
800805,False,test_mini_ending_hidden,1,Stage,NKS_characterDialog_c233,Locale_Character:233_name,Locale_SubScenario:1ann_mini_ending_hidden_5,,,0,,,0,0,0,None,,0,0,False,None,None,None,None,None,None,NKS_characterDialog_c220_00,characterDialog_sprite_00,,-222,-101,0,NKS_characterDialog_c965_00,characterDialog_sprite_00,,-117,-101,0,NKS_characterDialog_c966_00,characterDialog_sprite_00,,-18,-101,0,NKS_characterDialog_c470_00,characterDialog_sprite_00,,100,-101,0,NKS_characterDialog_c233_00,characterDialog_sprite_00,,236,-101,0,,,,0,0,0,,,,0,0,0,,,,0,0,0,,,,0,0,0,,,,0,0,0,,,,,,,,
800806,False,test_mini_ending_hidden,1,Stage,NKS_characterDialog_c966,Locale_Character:221_name,Locale_SubScenario:1ann_mini_ending_hidden_6,,,0,,,0,0,0,None,,0,0,False,None,None,None,None,None,None,NKS_characterDialog_c220_00,characterDialog_sprite_00,,-222,-101,0,NKS_characterDialog_c965_00,characterDialog_sprite_00,,-117,-101,0,NKS_characterDialog_c966_00,characterDialog_sprite_00,,-18,-101,0,NKS_characterDialog_c470_00,characterDialog_sprite_00,,100,-101,0,NKS_characterDialog_c233_00,characterDialog_sprite_00,,236,-101,0,,,,0,0,0,,,,0,0,0,,,,0,0,0,,,,0,0,0,,,,0,0,0,,,,,,,,
800807,False,test_mini_ending_hidden,1,Stage,NKS_characterDialog_c966,Locale_Character:221_name,Locale_SubScenario:1ann_mini_ending_hidden_7,,,0,,,0,0,0,None,,0,0,False,None,None,None,None,None,None,NKS_characterDialog_c220_00,characterDialog_sprite_00,,-222,-101,0,NKS_characterDialog_c965_00,characterDialog_sprite_00,,-117,-101,0,NKS_characterDialog_c966_00,characterDialog_sprite_00,,-18,-101,0,NKS_characterDialog_c470_00,characterDialog_sprite_00,,100,-101,0,NKS_characterDialog_c233_00,characterDialog_sprite_00,,236,-101,0,,,,0,0,0,,,,0,0,0,,,,0,0,0,,,,0,0,0,,,,0,0,0,,,,,,,,
800808,False,test_mini_ending_hidden,1,Stage,NKS_characterDialog_c470,Locale_Character:470_name,Locale_SubScenario:1ann_mini_ending_hidden_8,,,0,,,0,0,0,None,,0,0,False,None,None,None,None,None,None,NKS_characterDialog_c220_00,characterDialog_sprite_00,,-222,-101,0,NKS_characterDialog_c965_00,characterDialog_sprite_00,,-117,-101,0,NKS_characterDialog_c966_00,characterDialog_sprite_00,,-18,-101,0,NKS_characterDialog_c470_00,characterDialog_sprite_00,,100,-101,0,NKS_characterDialog_c233_00,characterDialog_sprite_00,,236,-101,0,,,,0,0,0,,,,0,0,0,,,,0,0,0,,,,0,0,0,,,,0,0,0,,,,,,,,
800809,False,test_mini_ending_hidden,1,Stage,NKS_characterDialog_c470,Locale_Character:470_name,Locale_SubScenario:1ann_mini_ending_hidden_9,,,0,,,0,0,0,None,,0,0,False,None,None,None,None,None,None,NKS_characterDialog_c220_00,characterDialog_sprite_00,,-222,-101,0,NKS_characterDialog_c965_00,characterDialog_sprite_00,,-117,-101,0,NKS_characterDialog_c966_00,characterDialog_sprite_00,,-18,-101,0,NKS_characterDialog_c470_00,characterDialog_sprite_00,,100,-101,0,NKS_characterDialog_c233_00,characterDialog_sprite_00,,236,-101,0,,,,0,0,0,,,,0,0,0,,,,0,0,0,,,,0,0,0,,,,0,0,0,,,,,,,,
800810,False,test_mini_ending_hidden,1,Stage,NKS_characterDialog_c220,Locale_Character:220_name,Locale_SubScenario:1ann_mini_ending_hidden_10,,,0,,,0,0,0,None,,0,0,False,None,None,None,None,None,None,NKS_characterDialog_c220_00,characterDialog_sprite_00,,-222,-101,0,NKS_characterDialog_c965_00,characterDialog_sprite_00,,-117,-101,0,NKS_characterDialog_c966_00,characterDialog_sprite_00,,-18,-101,0,NKS_characterDialog_c470_00,characterDialog_sprite_00,,100,-101,0,NKS_characterDialog_c233_00,characterDialog_sprite_00,,236,-101,0,,,,0,0,0,,,,0,0,0,,,,0,0,0,,,,0,0,0,,,,0,0,0,,,,,,,,
800811,False,test_mini_ending_hidden,1,Stage,NKS_characterDialog_c966,Locale_Character:221_name,Locale_SubScenario:1ann_mini_ending_hidden_11,,,0,,,0,0,0,None,,0,0,False,None,None,None,None,None,None,NKS_characterDialog_c220_00,characterDialog_sprite_00,,-222,-101,0,NKS_characterDialog_c965_00,characterDialog_sprite_00,,-117,-101,0,NKS_characterDialog_c966_00,characterDialog_sprite_00,,-18,-101,0,NKS_characterDialog_c470_00,characterDialog_sprite_00,,100,-101,0,NKS_characterDialog_c233_00,characterDialog_sprite_00,,236,-101,0,,,,0,0,0,,,,0,0,0,,,,0,0,0,,,,0,0,0,,,,0,0,0,,,,,,,,
800812,False,test_mini_ending_hidden,1,Stage,NKS_characterDialog_c233,Locale_Character:233_name,Locale_SubScenario:1ann_mini_ending_hidden_12,,,0,,,0,0,0,None,,0,0,False,None,None,None,None,None,None,NKS_characterDialog_c220_00,characterDialog_sprite_00,,-222,-101,0,NKS_characterDialog_c965_00,characterDialog_sprite_00,,-117,-101,0,NKS_characterDialog_c966_00,characterDialog_sprite_00,,-18,-101,0,NKS_characterDialog_c470_00,characterDialog_sprite_00,,100,-101,0,NKS_characterDialog_c233_00,characterDialog_sprite_00,,236,-101,0,,,,0,0,0,,,,0,0,0,,,,0,0,0,,,,0,0,0,,,,0,0,0,,,,,,,,
800813,False,test_mini_ending_hidden,1,Stage,NKS_characterDialog_c965,Locale_Character:222_name,Locale_SubScenario:1ann_mini_ending_hidden_13,,,0,,,0,0,0,None,,0,0,False,None,None,None,None,None,None,NKS_characterDialog_c220_00,characterDialog_sprite_00,,-222,-101,0,NKS_characterDialog_c965_00,characterDialog_sprite_00,,-117,-101,0,NKS_characterDialog_c966_00,characterDialog_sprite_00,,-18,-101,0,NKS_characterDialog_c470_00,characterDialog_sprite_00,,100,-101,0,NKS_characterDialog_c233_00,characterDialog_sprite_00,,236,-101,0,,,,0,0,0,,,,0,0,0,,,,0,0,0,,,,0,0,0,,,,0,0,0,,,,,,,,
800814,False,test_mini_ending_hidden,1,Stage,NKS_characterDialog_c470,Locale_Character:470_name,Locale_SubScenario:1ann_mini_ending_hidden_14,,,0,,,0,0,0,None,,0,0,False,None,None,None,None,None,None,NKS_characterDialog_c220_00,characterDialog_sprite_00,,-222,-101,0,NKS_characterDialog_c965_00,characterDialog_sprite_00,,-117,-101,0,NKS_characterDialog_c966_00,characterDialog_sprite_00,,-18,-101,0,NKS_characterDialog_c470_00,characterDialog_sprite_00,,100,-101,0,NKS_characterDialog_c233_00,characterDialog_sprite_00,,236,-101,0,,,,0,0,0,,,,0,0,0,,,,0,0,0,,,,0,0,0,,,,0,0,0,,,,,,,,
800815,False,test_mini_ending_hidden,1,Stage,NKS_characterDialog_c965,Locale_Character:222_name,Locale_SubScenario:1ann_mini_ending_hidden_15,,,0,,,0,0,0,None,,0,0,False,None,None,None,None,None,None,NKS_characterDialog_c220_00,characterDialog_sprite_00,,-222,-101,0,NKS_characterDialog_c965_00,characterDialog_sprite_00,,-117,-101,0,NKS_characterDialog_c966_00,characterDialog_sprite_00,,-18,-101,0,NKS_characterDialog_c470_00,characterDialog_sprite_00,,100,-101,0,NKS_characterDialog_c233_00,characterDialog_sprite_00,,236,-101,0,,,,0,0,0,,,,0,0,0,,,,0,0,0,,,,0,0,0,,,,0,0,0,,,,,,,,
800816,False,test_mini_ending_hidden,1,Stage,,,Locale_SubScenario:1ann_mini_ending_hidden_16,,,0,,,0,0,0,None,,0,0,False,None,None,None,None,None,None,NKS_characterDialog_c220_00,characterDialog_sprite_00,,-222,-101,0,NKS_characterDialog_c965_00,characterDialog_sprite_00,,-117,-101,0,NKS_characterDialog_c966_00,characterDialog_sprite_00,,-18,-101,0,NKS_characterDialog_c470_00,characterDialog_sprite_00,,100,-101,0,NKS_characterDialog_c233_00,characterDialog_sprite_00,,236,-101,0,,,,0,0,0,,,,0,0,0,,,,0,0,0,,,,0,0,0,,,,0,0,0,,,,,,,,
800817,False,test_mini_ending_hidden,1,Stage,NKS_characterDialog_c966,Locale_Character:221_name,Locale_SubScenario:1ann_mini_ending_hidden_17,,,0,,,0,0,0,None,,0,0,False,None,None,None,None,None,None,NKS_characterDialog_c220_00,characterDialog_sprite_00,,-222,-101,0,NKS_characterDialog_c965_00,characterDialog_sprite_00,,-117,-101,0,NKS_characterDialog_c966_00,characterDialog_sprite_00,,-18,-101,0,NKS_characterDialog_c470_00,characterDialog_sprite_00,,100,-101,0,NKS_characterDialog_c233_00,characterDialog_sprite_00,,236,-101,0,,,,0,0,0,,,,0,0,0,,,,0,0,0,,,,0,0,0,,,,0,0,0,,,,,,,,
800818,False,test_mini_ending_hidden,1,Stage,NKS_characterDialog_c965,Locale_Character:222_name,Locale_SubScenario:1ann_mini_ending_hidden_18,,,0,,,0,0,0,None,,0,0,False,None,None,None,None,None,None,NKS_characterDialog_c220_00,characterDialog_sprite_00,,-222,-101,0,NKS_characterDialog_c965_00,characterDialog_sprite_00,,-117,-101,0,NKS_characterDialog_c966_00,characterDialog_sprite_00,,-18,-101,0,NKS_characterDialog_c470_00,characterDialog_sprite_00,,100,-101,0,NKS_characterDialog_c233_00,characterDialog_sprite_00,,236,-101,0,,,,0,0,0,,,,0,0,0,,,,0,0,0,,,,0,0,0,,,,0,0,0,,,,,,,,
800819,False,test_mini_ending_hidden,1,Stage,NKS_characterDialog_c233,Locale_Character:233_name,Locale_SubScenario:1ann_mini_ending_hidden_19,,,0,,,0,0,0,None,,0,0,False,None,None,None,None,None,None,NKS_characterDialog_c220_00,characterDialog_sprite_00,,-222,-101,0,NKS_characterDialog_c965_00,characterDialog_sprite_00,,-117,-101,0,NKS_characterDialog_c966_00,characterDialog_sprite_00,,-18,-101,0,NKS_characterDialog_c470_00,characterDialog_sprite_00,,100,-101,0,NKS_characterDialog_c233_00,characterDialog_sprite_00,,236,-101,0,,,,0,0,0,,,,0,0,0,,,,0,0,0,,,,0,0,0,,,,0,0,0,,,,,,,,
800820,False,test_mini_ending_hidden,1,Stage,NKS_characterDialog_c470,Locale_Character:470_name,Locale_SubScenario:1ann_mini_ending_hidden_20,,,0,,,0,0,0,None,,0,0,False,None,None,None,None,None,None,NKS_characterDialog_c220_00,characterDialog_sprite_00,,-222,-101,0,NKS_characterDialog_c965_00,characterDialog_sprite_00,,-117,-101,0,NKS_characterDialog_c966_00,characterDialog_sprite_00,,-18,-101,0,NKS_characterDialog_c470_00,characterDialog_sprite_00,,100,-101,0,NKS_characterDialog_c233_00,characterDialog_sprite_00,,236,-101,0,,,,0,0,0,,,,0,0,0,,,,0,0,0,,,,0,0,0,,,,0,0,0,,,,,,,,
800821,False,test_mini_ending_hidden,1,Stage,NKS_characterDialog_c966,Locale_Character:221_name,Locale_SubScenario:1ann_mini_ending_hidden_21,,,0,,,0,0,0,None,,0,0,False,None,None,None,None,None,None,NKS_characterDialog_c220_00,characterDialog_sprite_00,,-222,-101,0,NKS_characterDialog_c965_00,characterDialog_sprite_00,,-117,-101,0,NKS_characterDialog_c966_00,characterDialog_sprite_00,,-18,-101,0,NKS_characterDialog_c470_00,characterDialog_sprite_00,,100,-101,0,NKS_characterDialog_c233_00,characterDialog_sprite_00,,236,-101,0,,,,0,0,0,,,,0,0,0,,,,0,0,0,,,,0,0,0,,,,0,0,0,,,,,,,,
800822,False,test_mini_ending_hidden,1,Stage,NKS_characterDialog_c470,Locale_Character:470_name,Locale_SubScenario:1ann_mini_ending_hidden_22,,,0,,,0,0,0,None,,0,0,False,None,None,None,None,None,None,NKS_characterDialog_c220_00,characterDialog_sprite_00,,-222,-101,0,NKS_characterDialog_c965_00,characterDialog_sprite_00,,-117,-101,0,NKS_characterDialog_c966_00,characterDialog_sprite_00,,-18,-101,0,NKS_characterDialog_c470_00,characterDialog_sprite_00,,100,-101,0,NKS_characterDialog_c233_00,characterDialog_sprite_00,,236,-101,0,,,,0,0,0,,,,0,0,0,,,,0,0,0,,,,0,0,0,,,,0,0,0,,,,,,,,
800823,False,test_mini_ending_hidden,1,Stage,NKS_characterDialog_c233,Locale_Character:233_name,Locale_SubScenario:1ann_mini_ending_hidden_23,,,0,,,0,0,0,None,,0,0,False,None,None,None,None,None,None,NKS_characterDialog_c220_00,characterDialog_sprite_00,,-222,-101,0,NKS_characterDialog_c965_00,characterDialog_sprite_00,,-117,-101,0,NKS_characterDialog_c966_00,characterDialog_sprite_00,,-18,-101,0,NKS_characterDialog_c470_00,characterDialog_sprite_00,,100,-101,0,NKS_characterDialog_c233_00,characterDialog_sprite_00,,236,-101,0,,,,0,0,0,,,,0,0,0,,,,0,0,0,,,,0,0,0,,,,0,0,0,,,,,,,,
800824,False,test_mini_ending_hidden,1,Stage,NKS_characterDialog_c470,Locale_Character:470_name,Locale_SubScenario:1ann_mini_ending_hidden_24,,,0,,,0,0,0,None,,0,0,False,None,None,None,None,None,None,NKS_characterDialog_c220_00,characterDialog_sprite_00,,-222,-101,0,NKS_characterDialog_c965_00,characterDialog_sprite_00,,-117,-101,0,NKS_characterDialog_c966_00,characterDialog_sprite_00,,-18,-101,0,NKS_characterDialog_c470_00,characterDialog_sprite_00,,100,-101,0,NKS_characterDialog_c233_00,characterDialog_sprite_00,,236,-101,0,,,,0,0,0,,,,0,0,0,,,,0,0,0,,,,0,0,0,,,,0,0,0,,,,,,,,
800825,False,test_mini_ending_hidden,1,Stage,NKS_characterDialog_c965,Locale_Character:222_name,Locale_SubScenario:1ann_mini_ending_hidden_25,,,0,,,0,0,0,None,,0,0,False,None,None,None,None,None,None,NKS_characterDialog_c220_00,characterDialog_sprite_00,,-222,-101,0,NKS_characterDialog_c965_00,characterDialog_sprite_00,,-117,-101,0,NKS_characterDialog_c966_00,characterDialog_sprite_00,,-18,-101,0,NKS_characterDialog_c470_00,characterDialog_sprite_00,,100,-101,0,NKS_characterDialog_c233_00,characterDialog_sprite_00,,236,-101,0,,,,0,0,0,,,,0,0,0,,,,0,0,0,,,,0,0,0,,,,0,0,0,,,,,,,,
800826,False,test_mini_ending_hidden,1,Stage,NKS_characterDialog_c966,Locale_Character:221_name,Locale_SubScenario:1ann_mini_ending_hidden_26,,,0,,,0,0,0,None,,0,0,False,None,None,None,None,None,None,NKS_characterDialog_c220_00,characterDialog_sprite_00,,-222,-101,0,NKS_characterDialog_c965_00,characterDialog_sprite_00,,-117,-101,0,NKS_characterDialog_c966_00,characterDialog_sprite_00,,-18,-101,0,NKS_characterDialog_c470_00,characterDialog_sprite_00,,100,-101,0,NKS_characterDialog_c233_00,characterDialog_sprite_00,,236,-101,0,,,,0,0,0,,,,0,0,0,,,,0,0,0,,,,0,0,0,,,,0,0,0,,,,,,,,
800827,False,test_mini_ending_hidden,1,Stage,NKS_characterDialog_c233,Locale_Character:233_name,Locale_SubScenario:1ann_mini_ending_hidden_27,,,0,,,0,0,0,None,,0,0,False,None,None,None,None,None,None,NKS_characterDialog_c220_00,characterDialog_sprite_00,,-222,-101,0,NKS_characterDialog_c965_00,characterDialog_sprite_00,,-117,-101,0,NKS_characterDialog_c966_00,characterDialog_sprite_00,,-18,-101,0,NKS_characterDialog_c470_00,characterDialog_sprite_00,,100,-101,0,NKS_characterDialog_c233_00,characterDialog_sprite_00,,236,-101,0,,,,0,0,0,,,,0,0,0,,,,0,0,0,,,,0,0,0,,,,0,0,0,,,,,,,,
800828,False,test_mini_ending_hidden,1,Stage,NKS_characterDialog_c470,Locale_Character:470_name,Locale_SubScenario:1ann_mini_ending_hidden_28,,,0,,,0,0,0,None,,0,0,False,None,None,None,None,None,None,NKS_characterDialog_c220_00,characterDialog_sprite_00,,-222,-101,0,NKS_characterDialog_c965_00,characterDialog_sprite_00,,-117,-101,0,NKS_characterDialog_c966_00,characterDialog_sprite_00,,-18,-101,0,NKS_characterDialog_c470_00,characterDialog_sprite_00,,100,-101,0,NKS_characterDialog_c233_00,characterDialog_sprite_00,,236,-101,0,,,,0,0,0,,,,0,0,0,,,,0,0,0,,,,0,0,0,,,,0,0,0,,,,,,,,
800829,False,test_mini_ending_hidden,1,Stage,NKS_characterDialog_c220,Locale_Character:220_name,Locale_SubScenario:1ann_mini_ending_hidden_29,,,0,,,0,0,0,None,,0,0,False,None,None,None,None,None,None,NKS_characterDialog_c220_00,characterDialog_sprite_00,,-222,-101,0,NKS_characterDialog_c965_00,characterDialog_sprite_00,,-117,-101,0,NKS_characterDialog_c966_00,characterDialog_sprite_00,,-18,-101,0,NKS_characterDialog_c470_00,characterDialog_sprite_00,,100,-101,0,NKS_characterDialog_c233_00,characterDialog_sprite_00,,236,-101,0,,,,0,0,0,,,,0,0,0,,,,0,0,0,,,,0,0,0,,,,0,0,0,,,,,,,,
800830,False,test_mini_ending_hidden,1,Stage,NKS_characterDialog_c470,Locale_Character:470_name,Locale_SubScenario:1ann_mini_ending_hidden_30,,,0,,,0,0,0,None,,0,0,False,None,None,None,None,None,None,NKS_characterDialog_c220_00,characterDialog_sprite_00,,-222,-101,0,NKS_characterDialog_c965_00,characterDialog_sprite_00,,-117,-101,0,NKS_characterDialog_c966_00,characterDialog_sprite_00,,-18,-101,0,NKS_characterDialog_c470_00,characterDialog_sprite_00,,100,-101,0,NKS_characterDialog_c233_00,characterDialog_sprite_00,,236,-101,0,,,,0,0,0,,,,0,0,0,,,,0,0,0,,,,0,0,0,,,,0,0,0,,,,,,,,
800831,False,test_mini_ending_hidden,1,Stage,NKS_characterDialog_c220,Locale_Character:220_name,Locale_SubScenario:1ann_mini_ending_hidden_31,,,0,,,0,0,0,None,,0,0,False,None,None,None,None,None,None,NKS_characterDialog_c220_00,characterDialog_sprite_00,,-222,-101,0,NKS_characterDialog_c965_00,characterDialog_sprite_00,,-117,-101,0,NKS_characterDialog_c966_00,characterDialog_sprite_00,,-18,-101,0,NKS_characterDialog_c470_00,characterDialog_sprite_00,,100,-101,0,NKS_characterDialog_c233_00,characterDialog_sprite_00,,236,-101,0,,,,0,0,0,,,,0,0,0,,,,0,0,0,,,,0,0,0,,,,0,0,0,,,,,,,,
800832,False,test_mini_ending_hidden,1,Stage,NKS_characterDialog_c220,Locale_Character:220_name,Locale_SubScenario:1ann_mini_ending_hidden_32,,,0,,,0,0,0,None,,0,0,False,None,None,None,None,None,None,NKS_characterDialog_c220_00,characterDialog_sprite_00,,-222,-101,0,NKS_characterDialog_c965_00,characterDialog_sprite_00,,-117,-101,0,NKS_characterDialog_c966_00,characterDialog_sprite_00,,-18,-101,0,NKS_characterDialog_c470_00,characterDialog_sprite_00,,100,-101,0,NKS_characterDialog_c233_00,characterDialog_sprite_00,,236,-101,0,,,,0,0,0,,,,0,0,0,,,,0,0,0,,,,0,0,0,,,,0,0,0,,,,,,,,
800833,False,test_mini_ending_hidden,1,Stage,NKS_characterDialog_c220,Locale_Character:220_name,Locale_SubScenario:1ann_mini_ending_hidden_33,,,0,,,0,0,0,None,,0,0,False,None,None,None,None,None,None,NKS_characterDialog_c220_00,characterDialog_sprite_00,,-222,-101,0,NKS_characterDialog_c965_00,characterDialog_sprite_00,,-117,-101,0,NKS_characterDialog_c966_00,characterDialog_sprite_00,,-18,-101,0,NKS_characterDialog_c470_00,characterDialog_sprite_00,,100,-101,0,NKS_characterDialog_c233_00,characterDialog_sprite_00,,236,-101,0,,,,0,0,0,,,,0,0,0,,,,0,0,0,,,,0,0,0,,,,0,0,0,,,,,,,,
800834,False,test_mini_ending_hidden,1,Stage,NKS_characterDialog_c220,Locale_Character:220_name,Locale_SubScenario:1ann_mini_ending_hidden_34,,,0,,,0,0,0,None,,0,0,False,None,None,None,None,None,None,NKS_characterDialog_c220_00,characterDialog_sprite_00,NKS_characterDialog_c220_00,-222,-101,0,NKS_characterDialog_c965_00,characterDialog_sprite_00,NKS_characterDialog_c965_00,-117,-101,0,NKS_characterDialog_c966_00,characterDialog_sprite_00,NKS_characterDialog_c966_00,-18,-101,0,NKS_characterDialog_c470_00,characterDialog_sprite_00,NKS_characterDialog_c470_00,100,-101,0,NKS_characterDialog_c233_00,characterDialog_sprite_00,NKS_characterDialog_c233_00,236,-101,0,,,,0,0,0,,,,0,0,0,,,,0,0,0,,,,0,0,0,,,,0,0,0,,,,,,,,
800835,False,test_mini_ending_hidden,1,Stage,,,Locale_SubScenario:1ann_mini_ending_hidden_35,,,0,NKS_sbg_09,NKS_sbg_01,0,165,0,None,,0,0,False,None,None,None,None,None,None,,,,0,0,0,,,,0,0,0,,,,0,0,0,,,,0,0,0,,,,0,0,0,,,,0,0,0,,,,0,0,0,,,,0,0,0,,,,0,0,0,,,,0,0,0,,,,,,,,
800901,True,NKSmini_Dialog_Group_TESTTEST,1,Stage,NKS_characterDialog_c220,Locale_Character:220_name,Locale_Event:NKS_ScenarioDialog_001_01,,event_bgm_redash_minigame_grassland,0,NKS_sbg_02,,0,0,-1717986918,None,,0,3000,True,None,None,None,None,None,None,,,,0,0,0,,,,0,0,0,,,,0,0,0,,,,0,0,0,NKS_characterDialog_emoji,characterDialog_emoji_angry,,-50,120,0,NKS_characterDialog_emoji,characterDialog_emoji_delight,,-50,120,0,NKS_characterDialog_emoji,characterDialog_emoji_good,,-50,120,0,,,,0,0,0,,,,0,0,0,,,,0,0,0,,,,,,,,
800902,False,NKSmini_Dialog_Group_TESTTEST,1,Stage,,Locale_Character:233_name,Locale_Event:NKS_ScenarioDialog_001_02,sfx_scn_toyshopbell,None,0,,,0,0,0,None,,0,0,False,None,None,None,None,None,None,,,,0,0,0,,,,0,0,0,,,,0,0,0,,,,0,0,0,NKS_characterDialog_emoji,characterDialog_emoji_angry,,-50,120,0,NKS_characterDialog_emoji,characterDialog_emoji_delight,,-50,120,0,NKS_characterDialog_emoji,characterDialog_emoji_good,,-50,120,0,,,,0,0,0,,,,0,0,0,,,,0,0,0,,,,,,,,
800903,False,NKSmini_Dialog_Group_TESTTEST,1,Stage,NKS_characterDialog_c965,Locale_Character:220_name,Locale_Event:NKS_ScenarioDialog_001_01,,event_bgm_redash_minigame_boxlv3,0,NKS_sbg_03,,0,0,0,None,,0,0,False,None,None,None,None,None,None,,,,0,0,0,,,,0,0,0,,,,0,0,0,,,,0,0,0,NKS_characterDialog_emoji,characterDialog_emoji_angry,,-50,120,0,NKS_characterDialog_emoji,characterDialog_emoji_delight,,-50,120,0,NKS_characterDialog_emoji,characterDialog_emoji_good,,-50,120,0,,,,0,0,0,,,,0,0,0,,,,0,0,0,,,,,,,,
800904,False,NKSmini_Dialog_Group_TESTTEST,1,Stage,,Locale_Character:233_name,Locale_Event:NKS_ScenarioDialog_001_02,sfx_scn_paperopen,None,0,,,0,0,0,None,,0,0,False,None,None,None,None,None,None,,,,0,0,0,,,,0,0,0,,,,0,0,0,,,,0,0,0,NKS_characterDialog_emoji,characterDialog_emoji_angry,,-50,120,0,NKS_characterDialog_emoji,characterDialog_emoji_delight,,-50,120,0,NKS_characterDialog_emoji,characterDialog_emoji_good,,-50,120,0,,,,0,0,0,,,,0,0,0,,,,0,0,0,,,,,,,,
800905,False,NKSmini_Dialog_Group_TESTTEST,1,Stage,NKS_characterDialog_hidden,Locale_Character:220_name,Locale_Event:NKS_ScenarioDialog_001_01,,event_bgm_redash_minigame_title,0,NKS_sbg_04,,0,0,-1717986918,None,,0,0,False,None,None,None,None,None,None,,,,0,0,0,,,,0,0,0,,,,0,0,0,,,,0,0,0,NKS_characterDialog_emoji,characterDialog_emoji_angry,,-50,120,0,NKS_characterDialog_emoji,characterDialog_emoji_delight,,-50,120,0,NKS_characterDialog_emoji,characterDialog_emoji_good,,-50,120,0,,,,0,0,0,,,,0,0,0,,,,0,0,0,,,,,,,,
800906,False,NKSmini_Dialog_Group_TESTTEST,1,Stage,,Locale_Character:233_name,Locale_Event:NKS_ScenarioDialog_001_02,sfx_scn_trainhorn,,0,,,0,0,0,None,,0,0,False,None,None,None,None,None,None,,,,0,0,0,,,,0,0,0,,,,0,0,0,,,,0,0,0,NKS_characterDialog_emoji,characterDialog_emoji_angry,,-50,120,0,NKS_characterDialog_emoji,characterDialog_emoji_delight,,-50,120,0,NKS_characterDialog_emoji,characterDialog_emoji_good,,-50,120,0,,,,0,0,0,,,,0,0,0,,,,0,0,0,,,,,,,,
800907,False,NKSmini_Dialog_Group_TESTTEST,1,Stage,,Locale_Character:220_name,Locale_Event:NKS_ScenarioDialog_001_01,sfx_scn_paperopen,,0,NKS_sbg_05,,0,0,-858993459,None,,0,0,False,None,None,None,None,None,None,,,,0,0,0,,,,0,0,0,,,,0,0,0,,,,0,0,0,NKS_characterDialog_emoji,characterDialog_emoji_angry,,-50,120,0,NKS_characterDialog_emoji,characterDialog_emoji_delight,,-50,120,0,NKS_characterDialog_emoji,characterDialog_emoji_good,,-50,120,0,,,,0,0,0,,,,0,0,0,,,,0,0,0,,,,,,,,
800908,False,NKSmini_Dialog_Group_TESTTEST,1,Stage,,Locale_Character:233_name,Locale_Event:NKS_ScenarioDialog_001_02,,None,0,,,0,0,0,None,,0,0,False,None,None,None,None,None,None,,,,0,0,0,,,,0,0,0,,,,0,0,0,,,,0,0,0,NKS_characterDialog_emoji,characterDialog_emoji_angry,,-50,120,0,NKS_characterDialog_emoji,characterDialog_emoji_delight,,-50,120,0,NKS_characterDialog_emoji,characterDialog_emoji_good,,-50,120,0,,,,0,0,0,,,,0,0,0,,,,0,0,0,,,,,,,,
800909,False,NKSmini_Dialog_Group_TESTTEST,1,Stage,NKS_characterDialog_c220,Locale_Character:220_name,Locale_Event:NKS_ScenarioDialog_001_01,,,0,NKS_sbg_06,,0,0,0,None,,0,0,False,None,None,None,None,None,None,,,,0,0,0,,,,0,0,0,,,,0,0,0,,,,0,0,0,NKS_characterDialog_emoji,characterDialog_emoji_angry,,-50,120,0,NKS_characterDialog_emoji,characterDialog_emoji_delight,,-50,120,0,NKS_characterDialog_emoji,characterDialog_emoji_good,,-50,120,0,,,,0,0,0,,,,0,0,0,,,,0,0,0,,,,,,,,
