id,is_archive_data,field_type,field_id,field_difficulty,trigger_type,trigger_type_value,quest_type,is_awake_load,is_use_spawn_condition,spawn_condition_time,spawn_condition_stage,spawn_condition_mission,spawn_condition_interaction_action_trigger,spawn_condition_field_item,is_use_despawn_condition,despawn_condition_time,despawn_condition_stage,despawn_condition_mission,despawn_condition_interaction_action_trigger,despawn_condition_field_item,trigger_active_type,trigger_action_type,trigger_action_value,interaction_marker_resource,is_repeat_stop_on_overlap,is_use_camera_action,is_use_hud_hide,is_use_fade_in_out,fade_in_out_delay,outro_fade_in_out_start_time,story_event_id_list/0/story_event_id,story_event_id_list/1/story_event_id,story_event_id_list/2/story_event_id
102201,False,Campaign,23,None,ScenarioDialog,d_ex_modernbar_01,None,True,False,10000000,0,0,0,0,False,-207705728,0,0,0,0,Once,Auto,0,,True,False,False,False,0,0,0,0,0
102202,False,Campaign,23,None,ScenarioDialog,d_ex_modernbar_02,None,True,False,10000000,0,0,0,0,False,-207705728,0,0,0,0,Repeat,Manual,0,sprite_btn_timeline_trigger,True,False,False,False,0,0,0,0,0
102203,False,Campaign,23,None,ScenarioDialog,d_ex_modernbar_03,None,True,False,10000000,0,0,0,0,False,-207705728,0,0,0,0,Once,Stage,6022002,sprite_btn_timeline_trigger,True,False,False,False,0,0,0,0,0
102204,False,Campaign,23,None,ScenarioDialog,d_ex_gym_01,None,False,True,1251680256,0,0,0,0,False,-207705728,0,0,0,0,OncePerEnter,Manual,0,sprite_btn_timeline_trigger,True,False,False,False,0,0,0,0,0
102205,False,Campaign,23,None,ScenarioDialog,d_ex_gym_02,None,False,True,10000000,6022003,0,0,0,False,-207705728,0,0,0,0,OncePerDay,Manual,0,sprite_btn_timeline_trigger,True,False,False,False,0,0,0,0,0
102206,False,Campaign,23,None,ScenarioDialog,d_ex_gym_03,None,False,True,10000000,0,256,0,0,False,-207705728,0,0,0,0,Repeat,Manual,0,sprite_btn_timeline_trigger,True,False,False,False,0,0,0,0,0
102207,False,Campaign,23,None,ScenarioDialog,d_ex_gym_04,None,False,True,10000000,0,0,102201,0,False,-207705728,0,0,0,0,Once,Manual,0,sprite_btn_timeline_trigger,True,False,False,False,0,0,0,0,0
102208,False,Campaign,23,None,ScenarioDialog,d_ex_gym_05,None,False,True,10000000,0,0,0,50022001,False,-207705728,0,0,0,0,Once,Manual,0,sprite_btn_timeline_trigger,True,False,False,False,0,0,0,0,0
102209,False,Campaign,23,None,ScenarioDialog,d_ex_shopping_01,None,True,False,10000000,0,0,0,0,True,1251680256,0,0,0,0,OncePerEnter,Manual,0,sprite_btn_timeline_trigger,True,False,False,False,0,0,0,0,0
102210,False,Campaign,23,None,ScenarioDialog,d_ex_shopping_02,None,True,False,10000000,0,0,0,0,True,-207705728,6022003,0,0,0,OncePerDay,Manual,0,sprite_btn_timeline_trigger,True,False,False,False,0,0,0,0,0
102211,False,Campaign,23,None,ScenarioDialog,d_ex_shopping_03,None,True,False,10000000,0,0,0,0,True,-207705728,0,256,0,0,Repeat,Manual,0,sprite_btn_timeline_trigger,True,False,False,False,0,0,0,0,0
102212,False,Campaign,23,None,ScenarioDialog,d_ex_shopping_04,None,True,False,10000000,0,0,0,0,True,-207705728,0,0,102201,0,Once,Manual,0,sprite_btn_timeline_trigger,True,False,False,False,0,0,0,0,0
102213,False,Campaign,23,None,ScenarioDialog,d_ex_shopping_05,None,True,False,10000000,0,0,0,0,True,-207705728,0,0,0,50022001,Once,Manual,0,sprite_btn_timeline_trigger,True,False,False,False,0,0,0,0,0
102214,False,Event,10004,None,TimeLineAction,febg_tropical_001__timeline_dummy_1,None,True,False,10000000,0,0,0,0,False,-207705728,0,0,0,0,OncePerEnter,Auto,0,sprite_btn_timeline_trigger,True,True,False,False,0,0,0,0,0
102215,False,Event,10004,None,TimeLineAction,febg_tropical_001__timeline_dummy_2,None,True,False,10000000,0,0,0,0,False,-207705728,0,0,0,0,Repeat,Manual,0,sprite_btn_timeline_trigger,True,True,True,True,300,150,0,0,0
102701,False,Campaign,28,Normal,TimeLineAction,fcbg_desertcrystal_001_growcrystal_timeline,None,True,True,10000000,6027033,0,0,0,False,-207705728,0,0,0,0,Once,Stage,6027033,sprite_btn_timeline_trigger,True,False,False,False,0,0,0,0,0
102702,False,Campaign,28,Normal,TimeLineAction,fcbg_desertcrystal_001_mmg005_timeline,None,True,True,705036672,0,0,0,0,False,-207705728,0,0,0,0,Repeat,Auto,0,sprite_btn_timeline_trigger,True,False,False,False,0,0,0,0,0
112701,False,Campaign,28,Hard,TimeLineAction,fcbg_desertcrystal_001_growcrystal_timeline,None,True,True,10000000,7027028,0,0,0,False,-207705728,0,0,0,0,Once,Stage,7027028,sprite_btn_timeline_trigger,True,False,False,False,0,0,0,0,0
112702,False,Campaign,28,Hard,TimeLineAction,fcbg_desertcrystal_001_mmg005_timeline,None,True,True,705036672,0,0,0,0,False,-207705728,0,0,0,0,Repeat,Auto,0,sprite_btn_timeline_trigger,True,False,False,False,0,0,0,0,0
122701,False,Campaign,28,Story,TimeLineAction,fcbg_desertcrystal_001_growcrystal_timeline,None,True,False,10000000,8027007,0,0,0,False,-207705728,0,0,0,0,Once,Stage,8027007,sprite_btn_timeline_trigger,True,False,False,False,0,0,0,0,0
122702,False,Campaign,28,Story,TimeLineAction,fcbg_desertcrystal_001_mmg005_timeline,None,True,False,10000000,0,0,0,0,False,-207705728,0,0,0,0,Repeat,Auto,0,sprite_btn_timeline_trigger,True,False,False,False,0,0,0,0,0
102801,False,Campaign,29,Normal,TimeLineAction,fcbg_cityforestcrystal_001_display_off_timeline,None,True,True,705036672,0,0,0,0,True,-207705728,6028028,0,0,0,Repeat,Auto,0,sprite_btn_timeline_trigger,True,False,False,False,0,0,0,0,0
102802,False,Campaign,29,Normal,TimeLineAction,fcbg_cityforestcrystal_001_display_on_timeline,None,True,True,10000000,6028028,0,0,0,False,-207705728,0,0,0,0,Once,Stage,6028028,sprite_btn_timeline_trigger,True,False,False,False,0,0,0,0,0
102803,False,Campaign,29,Normal,TimeLineAction,fcbg_cityforestcrystal_001_3point_crystal_light_timeline,None,True,True,705036672,0,0,0,0,True,-207705728,6028050,0,0,0,Repeat,Auto,0,sprite_btn_timeline_trigger,True,False,False,False,0,0,0,0,0
102804,False,Campaign,29,Normal,TimeLineAction,fcbg_cityforestcrystal_001_c944_00_on_timeline,None,True,True,705036672,0,0,0,0,True,-207705728,6028045,0,0,0,Repeat,Auto,0,sprite_btn_timeline_trigger,True,False,False,False,0,0,0,0,0
102805,False,Campaign,29,Normal,TimeLineAction,fcbg_cityforestcrystal_001_c944_00_off_timeline,None,True,True,10000000,6028045,0,0,0,False,-207705728,0,0,0,0,Repeat,Auto,0,sprite_btn_timeline_trigger,True,False,False,False,0,0,0,0,0
102806,False,Campaign,29,Normal,TimeLineAction,fcbg_cityforestcrystal_001_crystal_big_light_weak_timeline,None,True,True,705036672,0,0,0,0,True,-207705728,6028046,0,0,0,Repeat,Auto,0,sprite_btn_timeline_trigger,True,False,False,False,0,0,0,0,0
102807,False,Campaign,29,Normal,TimeLineAction,fcbg_cityforestcrystal_001_crystal_big_light_strong_timeline,None,True,True,10000000,6028046,0,0,0,True,-207705728,6028050,0,0,0,Repeat,Auto,0,sprite_btn_timeline_trigger,True,False,False,False,0,0,0,0,0
102808,False,Campaign,29,Normal,TimeLineAction,fcbg_cityforestcrystal_001_crystaldestroy_timeline,None,True,True,10000000,6028050,0,0,0,False,-207705728,0,0,0,0,Once,Stage,6028050,sprite_btn_timeline_trigger,True,True,True,False,0,0,0,0,0
102809,False,Campaign,29,Normal,TimeLineAction,fcbg_cityforestcrystal_001_crystaldestroy_off_timeline,None,True,True,705036672,0,0,0,0,True,-207705728,6028050,0,0,0,Repeat,Auto,0,sprite_btn_timeline_trigger,True,False,False,False,0,0,0,0,0
112801,False,Campaign,29,Hard,TimeLineAction,fcbg_cityforestcrystal_001_display_off_timeline,None,True,True,705036672,0,0,0,0,True,-207705728,7028026,0,0,0,Repeat,Auto,0,sprite_btn_timeline_trigger,True,False,False,False,0,0,0,0,0
112802,False,Campaign,29,Hard,TimeLineAction,fcbg_cityforestcrystal_001_display_on_timeline,None,True,True,10000000,7028026,0,0,0,False,-207705728,0,0,0,0,Once,Stage,7028026,sprite_btn_timeline_trigger,True,False,False,False,0,0,0,0,0
112803,False,Campaign,29,Hard,TimeLineAction,fcbg_cityforestcrystal_001_3point_crystal_light_timeline,None,True,True,705036672,0,0,0,0,True,-207705728,7028043,0,0,0,Repeat,Auto,0,sprite_btn_timeline_trigger,True,False,False,False,0,0,0,0,0
112804,False,Campaign,29,Hard,TimeLineAction,fcbg_cityforestcrystal_001_c944_00_on_timeline,None,True,True,705036672,0,0,0,0,True,-207705728,7028038,0,0,0,Repeat,Auto,0,sprite_btn_timeline_trigger,True,False,False,False,0,0,0,0,0
112805,False,Campaign,29,Hard,TimeLineAction,fcbg_cityforestcrystal_001_c944_00_off_timeline,None,True,True,10000000,7028038,0,0,0,False,-207705728,0,0,0,0,Repeat,Auto,0,sprite_btn_timeline_trigger,True,False,False,False,0,0,0,0,0
112806,False,Campaign,29,Hard,TimeLineAction,fcbg_cityforestcrystal_001_crystal_big_light_weak_timeline,None,True,True,705036672,0,0,0,0,True,-207705728,7028039,0,0,0,Repeat,Auto,0,sprite_btn_timeline_trigger,True,False,False,False,0,0,0,0,0
112807,False,Campaign,29,Hard,TimeLineAction,fcbg_cityforestcrystal_001_crystal_big_light_strong_timeline,None,True,True,10000000,7028039,0,0,0,True,-207705728,7028043,0,0,0,Repeat,Auto,0,sprite_btn_timeline_trigger,True,False,False,False,0,0,0,0,0
112808,False,Campaign,29,Hard,TimeLineAction,fcbg_cityforestcrystal_001_crystaldestroy_timeline,None,True,True,10000000,7028043,0,0,0,False,-207705728,0,0,0,0,Once,Stage,7028043,sprite_btn_timeline_trigger,True,True,True,False,0,0,0,0,0
112809,False,Campaign,29,Hard,TimeLineAction,fcbg_cityforestcrystal_001_crystaldestroy_off_timeline,None,True,True,705036672,0,0,0,0,True,-207705728,7028043,0,0,0,Repeat,Auto,0,sprite_btn_timeline_trigger,True,False,False,False,0,0,0,0,0
122801,False,Campaign,29,Story,TimeLineAction,fcbg_cityforestcrystal_001_display_off_timeline,None,True,True,10000000,0,0,0,0,True,-207705728,8028004,0,0,0,Repeat,Auto,0,sprite_btn_timeline_trigger,True,False,False,False,0,0,0,0,0
122802,False,Campaign,29,Story,TimeLineAction,fcbg_cityforestcrystal_001_display_on_timeline,None,True,True,10000000,8028004,0,0,0,False,-207705728,0,0,0,0,Once,Stage,8028004,sprite_btn_timeline_trigger,True,False,False,False,0,0,0,0,0
122803,False,Campaign,29,Story,TimeLineAction,fcbg_cityforestcrystal_001_3point_crystal_light_timeline,None,True,True,10000000,0,0,0,0,True,-207705728,8028011,0,0,0,Repeat,Auto,0,sprite_btn_timeline_trigger,True,False,False,False,0,0,0,0,0
122804,False,Campaign,29,Story,TimeLineAction,fcbg_cityforestcrystal_001_c944_00_on_timeline,None,True,True,10000000,0,0,0,0,True,-207705728,8028008,0,0,0,Repeat,Auto,0,sprite_btn_timeline_trigger,True,False,False,False,0,0,0,0,0
122805,False,Campaign,29,Story,TimeLineAction,fcbg_cityforestcrystal_001_c944_00_off_timeline,None,True,True,10000000,8028008,0,0,0,False,-207705728,0,0,0,0,Repeat,Auto,0,sprite_btn_timeline_trigger,True,False,False,False,0,0,0,0,0
122806,False,Campaign,29,Story,TimeLineAction,fcbg_cityforestcrystal_001_crystal_big_light_weak_timeline,None,True,True,10000000,0,0,0,0,True,-207705728,8028009,0,0,0,Repeat,Auto,0,sprite_btn_timeline_trigger,True,False,False,False,0,0,0,0,0
122807,False,Campaign,29,Story,TimeLineAction,fcbg_cityforestcrystal_001_crystal_big_light_strong_timeline,None,True,True,10000000,8028009,0,0,0,True,-207705728,8028011,0,0,0,Repeat,Auto,0,sprite_btn_timeline_trigger,True,False,False,False,0,0,0,0,0
122808,False,Campaign,29,Story,TimeLineAction,fcbg_cityforestcrystal_001_crystaldestroy_timeline,None,True,True,10000000,8028011,0,0,0,False,-207705728,0,0,0,0,Once,Stage,8028011,sprite_btn_timeline_trigger,True,True,True,False,0,0,0,0,0
122809,False,Campaign,29,Story,TimeLineAction,fcbg_cityforestcrystal_001_crystaldestroy_off_timeline,None,True,True,10000000,0,0,0,0,True,-207705728,8028011,0,0,0,Repeat,Auto,0,sprite_btn_timeline_trigger,True,False,False,False,0,0,0,0,0
103101,False,Campaign,32,Normal,TimeLineAction,fcbg_cityforestcrystal_004_lostsector_a_timeline,None,True,True,10000000,6031009,0,0,0,False,-207705728,0,0,0,0,Once,Stage,6031009,sprite_btn_timeline_trigger,True,False,False,False,0,0,0,0,0
103102,False,Campaign,32,Normal,TimeLineAction,fcbg_cityforestcrystal_004_lostsector_b_timeline,None,True,True,10000000,6031019,0,0,0,False,-207705728,0,0,0,0,Once,Stage,6031019,sprite_btn_timeline_trigger,True,False,False,False,0,0,0,0,0
103103,False,Campaign,32,Normal,TimeLineAction,fcbg_cityforestcrystal_004_lostsectorx3_timeline,None,True,True,10000000,6031034,0,0,0,False,-207705728,0,0,0,0,Once,Stage,6031034,sprite_btn_timeline_trigger,True,True,True,False,0,0,0,0,0
113101,False,Campaign,32,Hard,TimeLineAction,fcbg_cityforestcrystal_004_lostsector_a_timeline,None,True,True,10000000,7031009,0,0,0,False,-207705728,0,0,0,0,Once,Stage,7031009,sprite_btn_timeline_trigger,True,False,False,False,0,0,0,0,0
113102,False,Campaign,32,Hard,TimeLineAction,fcbg_cityforestcrystal_004_lostsector_b_timeline,None,True,True,10000000,7031019,0,0,0,False,-207705728,0,0,0,0,Once,Stage,7031019,sprite_btn_timeline_trigger,True,False,False,False,0,0,0,0,0
113103,False,Campaign,32,Hard,TimeLineAction,fcbg_cityforestcrystal_004_lostsectorx3_timeline,None,True,True,10000000,7031031,0,0,0,False,-207705728,0,0,0,0,Once,Stage,7031031,sprite_btn_timeline_trigger,True,True,True,False,0,0,0,0,0
123101,False,Campaign,32,Story,TimeLineAction,fcbg_cityforestcrystal_004_lostsector_a_timeline,None,True,True,10000000,8031003,0,0,0,False,-207705728,0,0,0,0,Once,Stage,8031003,sprite_btn_timeline_trigger,True,False,False,False,0,0,0,0,0
123102,False,Campaign,32,Story,TimeLineAction,fcbg_cityforestcrystal_004_lostsector_b_timeline,None,True,True,10000000,8031005,0,0,0,False,-207705728,0,0,0,0,Once,Stage,8031005,sprite_btn_timeline_trigger,True,False,False,False,0,0,0,0,0
123103,False,Campaign,32,Story,TimeLineAction,fcbg_cityforestcrystal_004_lostsectorx3_timeline,None,True,True,10000000,8031008,0,0,0,False,-207705728,0,0,0,0,Once,Stage,8031008,sprite_btn_timeline_trigger,True,True,True,False,0,0,0,0,0
103201,False,Campaign,33,Normal,TimeLineAction,fcbg_cityforestcrystal_005_growcrystal_a_off_timeline,None,True,False,10000000,0,0,0,0,True,-207705728,6032006,0,0,0,Repeat,Auto,0,sprite_btn_timeline_trigger,True,False,False,False,0,0,0,0,0
103202,False,Campaign,33,Normal,TimeLineAction,fcbg_cityforestcrystal_005_growcrystal_a_timeline,None,True,True,10000000,6032006,0,0,0,False,-207705728,0,0,0,0,Once,Stage,6032006,sprite_btn_timeline_trigger,True,False,False,False,0,0,0,0,0
103203,False,Campaign,33,Normal,TimeLineAction,fcbg_cityforestcrystal_005_growcrystal_b_off_timeline,None,True,False,10000000,0,0,0,0,True,-207705728,6032020,0,0,0,Repeat,Auto,0,sprite_btn_timeline_trigger,True,False,False,False,0,0,0,0,0
103204,False,Campaign,33,Normal,TimeLineAction,fcbg_cityforestcrystal_005_growcrystal_b_timeline,None,True,True,10000000,6032020,0,0,0,False,-207705728,0,0,0,0,Once,Stage,6032020,sprite_btn_timeline_trigger,True,False,False,False,0,0,0,0,0
103205,False,Campaign,33,Normal,TimeLineAction,fcbg_cityforestcrystal_005_growcrystal_park_timeline,None,True,True,10000000,6032031,0,0,0,False,-207705728,0,0,0,0,Once,Stage,6032031,sprite_btn_timeline_trigger,True,False,False,False,0,0,0,0,0
103206,False,Campaign,33,Normal,TimeLineAction,fcbg_cityforestcrystal_005_growcrystal_building_timeline,None,True,True,10000000,6032036,0,0,0,False,-207705728,0,0,0,0,Once,Stage,6032036,sprite_btn_timeline_trigger,True,False,False,False,0,0,0,0,0
103207,False,Campaign,33,Normal,TimeLineAction,fcbg_cityforestcrystal_005_breakcrystal_off_timeline,None,True,False,10000000,0,0,0,0,True,-207705728,6032052,0,0,0,Repeat,Auto,0,sprite_btn_timeline_trigger,True,False,False,False,0,0,0,0,0
103208,False,Campaign,33,Normal,TimeLineAction,fcbg_cityforestcrystal_005_breakcrystal_timeline,None,True,True,10000000,6032052,0,0,0,False,-207705728,0,0,0,0,Once,Stage,6032052,sprite_btn_timeline_trigger,True,False,False,False,0,0,0,0,0
103209,False,Campaign,33,Normal,TimeLineAction,fcbg_cityforestcrystal_005_breakcube_timeline,None,True,True,10000000,6032052,0,0,0,False,-207705728,0,0,0,0,Once,Stage,6032052,sprite_btn_timeline_trigger,True,False,False,False,0,0,0,0,0
113201,False,Campaign,33,Hard,TimeLineAction,fcbg_cityforestcrystal_005_growcrystal_a_off_timeline,None,True,False,10000000,0,0,0,0,True,-207705728,7032006,0,0,0,Repeat,Auto,0,sprite_btn_timeline_trigger,True,False,False,False,0,0,0,0,0
113202,False,Campaign,33,Hard,TimeLineAction,fcbg_cityforestcrystal_005_growcrystal_a_timeline,None,True,True,10000000,7032006,0,0,0,False,-207705728,0,0,0,0,Once,Stage,7032006,sprite_btn_timeline_trigger,True,False,False,False,0,0,0,0,0
113203,False,Campaign,33,Hard,TimeLineAction,fcbg_cityforestcrystal_005_growcrystal_b_off_timeline,None,True,False,10000000,0,0,0,0,True,-207705728,7032017,0,0,0,Repeat,Auto,0,sprite_btn_timeline_trigger,True,False,False,False,0,0,0,0,0
113204,False,Campaign,33,Hard,TimeLineAction,fcbg_cityforestcrystal_005_growcrystal_b_timeline,None,True,True,10000000,7032017,0,0,0,False,-207705728,0,0,0,0,Once,Stage,7032017,sprite_btn_timeline_trigger,True,False,False,False,0,0,0,0,0
113205,False,Campaign,33,Hard,TimeLineAction,fcbg_cityforestcrystal_005_growcrystal_park_timeline,None,True,True,10000000,7032028,0,0,0,False,-207705728,0,0,0,0,Once,Stage,7032028,sprite_btn_timeline_trigger,True,False,False,False,0,0,0,0,0
113206,False,Campaign,33,Hard,TimeLineAction,fcbg_cityforestcrystal_005_growcrystal_building_timeline,None,True,True,10000000,7032031,0,0,0,False,-207705728,0,0,0,0,Once,Stage,7032031,sprite_btn_timeline_trigger,True,False,False,False,0,0,0,0,0
113207,False,Campaign,33,Hard,TimeLineAction,fcbg_cityforestcrystal_005_breakcrystal_off_timeline,None,True,False,10000000,0,0,0,0,True,-207705728,7032045,0,0,0,Repeat,Auto,0,sprite_btn_timeline_trigger,True,False,False,False,0,0,0,0,0
113208,False,Campaign,33,Hard,TimeLineAction,fcbg_cityforestcrystal_005_breakcrystal_timeline,None,True,True,10000000,7032045,0,0,0,False,-207705728,0,0,0,0,Once,Stage,7032045,sprite_btn_timeline_trigger,True,False,False,False,0,0,0,0,0
113209,False,Campaign,33,Hard,TimeLineAction,fcbg_cityforestcrystal_005_breakcube_timeline,None,True,True,10000000,7032045,0,0,0,False,-207705728,0,0,0,0,Once,Stage,7032045,sprite_btn_timeline_trigger,True,False,False,False,0,0,0,0,0
123201,False,Campaign,33,Story,TimeLineAction,fcbg_cityforestcrystal_005_growcrystal_a_off_timeline,None,True,False,10000000,0,0,0,0,True,-207705728,8032002,0,0,0,Repeat,Auto,0,sprite_btn_timeline_trigger,True,False,False,False,0,0,0,0,0
123202,False,Campaign,33,Story,TimeLineAction,fcbg_cityforestcrystal_005_growcrystal_a_timeline,None,True,True,10000000,8032002,0,0,0,False,-207705728,0,0,0,0,Once,Stage,8032002,sprite_btn_timeline_trigger,True,False,False,False,0,0,0,0,0
123203,False,Campaign,33,Story,TimeLineAction,fcbg_cityforestcrystal_005_growcrystal_b_off_timeline,None,True,False,10000000,0,0,0,0,True,-207705728,8032004,0,0,0,Repeat,Auto,0,sprite_btn_timeline_trigger,True,False,False,False,0,0,0,0,0
123204,False,Campaign,33,Story,TimeLineAction,fcbg_cityforestcrystal_005_growcrystal_b_timeline,None,True,True,10000000,8032004,0,0,0,False,-207705728,0,0,0,0,Once,Stage,8032004,sprite_btn_timeline_trigger,True,False,False,False,0,0,0,0,0
123205,False,Campaign,33,Story,TimeLineAction,fcbg_cityforestcrystal_005_growcrystal_park_timeline,None,True,True,10000000,8032005,0,0,0,False,-207705728,0,0,0,0,Once,Stage,8032005,sprite_btn_timeline_trigger,True,False,False,False,0,0,0,0,0
123206,False,Campaign,33,Story,TimeLineAction,fcbg_cityforestcrystal_005_growcrystal_building_timeline,None,True,True,10000000,8032006,0,0,0,False,-207705728,0,0,0,0,Once,Stage,8032006,sprite_btn_timeline_trigger,True,False,False,False,0,0,0,0,0
123207,False,Campaign,33,Story,TimeLineAction,fcbg_cityforestcrystal_005_breakcrystal_off_timeline,None,True,False,10000000,0,0,0,0,True,-207705728,8032009,0,0,0,Repeat,Auto,0,sprite_btn_timeline_trigger,True,False,False,False,0,0,0,0,0
123208,False,Campaign,33,Story,TimeLineAction,fcbg_cityforestcrystal_005_breakcrystal_timeline,None,True,True,10000000,8032009,0,0,0,False,-207705728,0,0,0,0,Once,Stage,8032009,sprite_btn_timeline_trigger,True,False,False,False,0,0,0,0,0
123209,False,Campaign,33,Story,TimeLineAction,fcbg_cityforestcrystal_005_breakcube_timeline,None,True,True,10000000,8032009,0,0,0,False,-207705728,0,0,0,0,Once,Stage,8032009,sprite_btn_timeline_trigger,True,False,False,False,0,0,0,0,0
103601,False,Campaign,36,Normal,TimeLineAction,fcbg_swamplandjungle_002_leviathan_timeline,None,True,False,10000000,0,0,0,0,True,-207705728,6036045,0,0,0,Repeat,Auto,0,sprite_btn_timeline_trigger,True,False,False,False,0,0,0,0,0
113601,False,Campaign,36,Hard,TimeLineAction,fcbg_swamplandjungle_002_leviathan_timeline,None,True,False,10000000,0,0,0,0,True,-207705728,7036045,0,0,0,Repeat,Auto,0,sprite_btn_timeline_trigger,True,False,False,False,0,0,0,0,0
123601,False,Campaign,36,Story,TimeLineAction,fcbg_swamplandjungle_002_leviathan_timeline,None,True,False,10000000,0,0,0,0,True,-207705728,8036009,0,0,0,Repeat,Auto,0,sprite_btn_timeline_trigger,True,False,False,False,0,0,0,0,0
103701,False,Campaign,37,Normal,TimeLineAction,fcbg_swamplandjungle_admire_01_timeline_01,None,True,True,10000000,6037007,0,0,0,True,-207705728,6037020,0,0,0,Repeat,Auto,0,sprite_btn_timeline_trigger,True,False,False,False,0,0,0,0,0
103702,False,Campaign,37,Normal,TimeLineAction,fcbg_swamplandjungle_admire_01_timeline_02,None,True,True,10000000,6037020,0,0,0,True,-207705728,6037038,0,0,0,Repeat,Auto,0,sprite_btn_timeline_trigger,True,False,False,False,0,0,0,0,0
103703,False,Campaign,37,Normal,TimeLineAction,fcbg_swamplandjungle_admire_01_timeline_03,None,True,True,10000000,6037038,0,0,0,True,-207705728,6037044,0,0,0,Repeat,Auto,0,sprite_btn_timeline_trigger,True,False,False,False,0,0,0,0,0
113701,False,Campaign,37,Hard,TimeLineAction,fcbg_swamplandjungle_admire_01_timeline_01,None,True,True,10000000,7037007,0,0,0,True,-207705728,7037020,0,0,0,Repeat,Auto,0,sprite_btn_timeline_trigger,True,False,False,False,0,0,0,0,0
113702,False,Campaign,37,Hard,TimeLineAction,fcbg_swamplandjungle_admire_01_timeline_02,None,True,True,10000000,7037020,0,0,0,True,-207705728,7037038,0,0,0,Repeat,Auto,0,sprite_btn_timeline_trigger,True,False,False,False,0,0,0,0,0
113703,False,Campaign,37,Hard,TimeLineAction,fcbg_swamplandjungle_admire_01_timeline_03,None,True,True,10000000,7037038,0,0,0,True,-207705728,7037044,0,0,0,Repeat,Auto,0,sprite_btn_timeline_trigger,True,False,False,False,0,0,0,0,0
123701,False,Campaign,37,Story,TimeLineAction,fcbg_swamplandjungle_admire_01_timeline_01,None,True,True,10000000,8037002,0,0,0,True,-207705728,8037005,0,0,0,Repeat,Auto,0,sprite_btn_timeline_trigger,True,False,False,False,0,0,0,0,0
123702,False,Campaign,37,Story,TimeLineAction,fcbg_swamplandjungle_admire_01_timeline_02,None,True,True,10000000,8037005,0,0,0,True,-207705728,8037007,0,0,0,Repeat,Auto,0,sprite_btn_timeline_trigger,True,False,False,False,0,0,0,0,0
123703,False,Campaign,37,Story,TimeLineAction,fcbg_swamplandjungle_admire_01_timeline_03,None,True,True,10000000,8037007,0,0,0,True,-207705728,8037008,0,0,0,Repeat,Auto,0,sprite_btn_timeline_trigger,True,False,False,False,0,0,0,0,0
103801,False,Campaign,38,Normal,TimeLineAction,fcbg_swamplandjungle_004_submergedbuilding_timeline,None,True,False,10000000,0,0,0,0,False,-207705728,0,0,0,0,Once,Stage,6038023,sprite_btn_timeline_trigger,True,False,False,False,0,0,0,0,0
113801,False,Campaign,38,Hard,TimeLineAction,fcbg_swamplandjungle_004_submergedbuilding_timeline,None,True,False,10000000,0,0,0,0,False,-207705728,0,0,0,0,Once,Stage,7038023,sprite_btn_timeline_trigger,True,False,False,False,0,0,0,0,0
123801,False,Campaign,38,Story,TimeLineAction,fcbg_swamplandjungle_004_submergedbuilding_timeline,None,True,False,10000000,0,0,0,0,False,-207705728,0,0,0,0,Once,Stage,8038005,sprite_btn_timeline_trigger,True,False,False,False,0,0,0,0,0
199999,False,Campaign,25,None,ScenarioDialog,d_ex_modernbar_01,Quest,False,True,10000000,0,296,0,0,True,-207705728,0,9998,0,0,Once,Manual,0,sprite_btn_timeline_trigger,True,False,False,False,0,0,0,0,0
200101,False,LostSector,1,None,NarrativeSign,200101,None,True,False,10000000,0,0,0,0,False,-207705728,0,0,0,0,Repeat,Manual,0,sprite_btn_questionmark_lostsector_trigger,True,False,False,False,0,0,0,0,0
200102,False,LostSector,1,None,NarrativeSign,200102,None,True,False,10000000,0,0,0,0,False,-207705728,0,0,0,0,Repeat,Manual,0,sprite_btn_questionmark_lostsector_trigger,True,False,False,False,0,0,0,0,0
200201,False,LostSector,2,None,NarrativeSign,200201,None,True,False,10000000,0,0,0,0,False,-207705728,0,0,0,0,Repeat,Manual,0,sprite_btn_questionmark_lostsector_trigger,True,False,False,False,0,0,0,0,0
200202,False,LostSector,2,None,NarrativeSign,200202,None,True,False,10000000,0,0,0,0,False,-207705728,0,0,0,0,Repeat,Manual,0,sprite_btn_questionmark_lostsector_trigger,True,False,False,False,0,0,0,0,0
200401,False,LostSector,4,None,NarrativeSign,200401,None,True,False,10000000,0,0,0,0,False,-207705728,0,0,0,0,Repeat,Manual,0,sprite_btn_questionmark_lostsector_trigger,True,False,False,False,0,0,0,0,0
200402,False,LostSector,4,None,NarrativeSign,200402,None,True,False,10000000,0,0,0,0,False,-207705728,0,0,0,0,Repeat,Manual,0,sprite_btn_questionmark_lostsector_trigger,True,False,False,False,0,0,0,0,0
200403,False,LostSector,4,None,NarrativeSign,200403,None,True,False,10000000,0,0,0,0,False,-207705728,0,0,0,0,Repeat,Manual,0,sprite_btn_questionmark_lostsector_trigger,True,False,False,False,0,0,0,0,0
200404,False,LostSector,4,None,NarrativeSign,200404,None,True,False,10000000,0,0,0,0,False,-207705728,0,0,0,0,Repeat,Manual,0,sprite_btn_questionmark_lostsector_trigger,True,False,False,False,0,0,0,0,0
200501,False,LostSector,5,None,NarrativeSign,200501,None,True,False,10000000,0,0,0,0,False,-207705728,0,0,0,0,Repeat,Manual,0,sprite_btn_questionmark_lostsector_trigger,True,False,False,False,0,0,0,0,0
200502,False,LostSector,5,None,NarrativeSign,200502,None,True,False,10000000,0,0,0,0,False,-207705728,0,0,0,0,Repeat,Manual,0,sprite_btn_questionmark_lostsector_trigger,True,False,False,False,0,0,0,0,0
200503,False,LostSector,5,None,NarrativeSign,200503,None,True,False,10000000,0,0,0,0,False,-207705728,0,0,0,0,Repeat,Manual,0,sprite_btn_questionmark_lostsector_trigger,True,False,False,False,0,0,0,0,0
200701,False,LostSector,7,None,NarrativeSign,200701,None,True,False,10000000,0,0,0,0,False,-207705728,0,0,0,0,Repeat,Manual,0,sprite_btn_questionmark_lostsector_trigger,True,False,False,False,0,0,0,0,0
200702,False,LostSector,7,None,NarrativeSign,200702,None,True,False,10000000,0,0,0,0,False,-207705728,0,0,0,0,Repeat,Manual,0,sprite_btn_questionmark_lostsector_trigger,True,False,False,False,0,0,0,0,0
200703,False,LostSector,7,None,NarrativeSign,200703,None,True,False,10000000,0,0,0,0,False,-207705728,0,0,0,0,Repeat,Manual,0,sprite_btn_questionmark_lostsector_trigger,True,False,False,False,0,0,0,0,0
200901,False,LostSector,9,None,NarrativeSign,200901,None,True,False,10000000,0,0,0,0,False,-207705728,0,0,0,0,Repeat,Manual,0,sprite_btn_questionmark_lostsector_trigger,True,False,False,False,0,0,0,0,0
200902,False,LostSector,9,None,NarrativeSign,200902,None,True,False,10000000,0,0,0,0,False,-207705728,0,0,0,0,Repeat,Manual,0,sprite_btn_questionmark_lostsector_trigger,True,False,False,False,0,0,0,0,0
200903,False,LostSector,9,None,NarrativeSign,200903,None,True,False,10000000,0,0,0,0,False,-207705728,0,0,0,0,Repeat,Manual,0,sprite_btn_questionmark_lostsector_trigger,True,False,False,False,0,0,0,0,0
201001,False,LostSector,10,None,NarrativeSign,201001,None,True,False,10000000,0,0,0,0,False,-207705728,0,0,0,0,Repeat,Manual,0,sprite_btn_questionmark_lostsector_trigger,True,False,False,False,0,0,0,0,0
201002,False,LostSector,10,None,NarrativeSign,201002,None,True,False,10000000,0,0,0,0,False,-207705728,0,0,0,0,Repeat,Manual,0,sprite_btn_questionmark_lostsector_trigger,True,False,False,False,0,0,0,0,0
201003,False,LostSector,10,None,NarrativeSign,201003,None,True,False,10000000,0,0,0,0,False,-207705728,0,0,0,0,Repeat,Manual,0,sprite_btn_questionmark_lostsector_trigger,True,False,False,False,0,0,0,0,0
201004,False,LostSector,10,None,NarrativeSign,201004,None,True,False,10000000,0,0,0,0,False,-207705728,0,0,0,0,Repeat,Manual,0,sprite_btn_questionmark_lostsector_trigger,True,False,False,False,0,0,0,0,0
201101,False,LostSector,11,None,NarrativeSign,201101,None,True,False,10000000,0,0,0,0,False,-207705728,0,0,0,0,Repeat,Manual,0,sprite_btn_questionmark_lostsector_trigger,True,False,False,False,0,0,0,0,0
201102,False,LostSector,11,None,NarrativeSign,201102,None,True,False,10000000,0,0,0,0,False,-207705728,0,0,0,0,Repeat,Manual,0,sprite_btn_questionmark_lostsector_trigger,True,False,False,False,0,0,0,0,0
201103,False,LostSector,11,None,NarrativeSign,201103,None,True,False,10000000,0,0,0,0,False,-207705728,0,0,0,0,Repeat,Manual,0,sprite_btn_questionmark_lostsector_trigger,True,False,False,False,0,0,0,0,0
201104,False,LostSector,11,None,NarrativeSign,201104,None,True,False,10000000,0,0,0,0,False,-207705728,0,0,0,0,Repeat,Manual,0,sprite_btn_questionmark_lostsector_trigger,True,False,False,False,0,0,0,0,0
201301,False,LostSector,13,None,NarrativeSign,201301,None,True,False,10000000,0,0,0,0,False,-207705728,0,0,0,0,Repeat,Manual,0,sprite_btn_questionmark_lostsector_trigger,True,False,False,False,0,0,0,0,0
201302,False,LostSector,13,None,NarrativeSign,201302,None,True,False,10000000,0,0,0,0,False,-207705728,0,0,0,0,Repeat,Manual,0,sprite_btn_questionmark_lostsector_trigger,True,False,False,False,0,0,0,0,0
201303,False,LostSector,13,None,NarrativeSign,201303,None,True,False,10000000,0,0,0,0,False,-207705728,0,0,0,0,Repeat,Manual,0,sprite_btn_questionmark_lostsector_trigger,True,False,False,False,0,0,0,0,0
201304,False,LostSector,13,None,NarrativeSign,201304,None,True,False,10000000,0,0,0,0,False,-207705728,0,0,0,0,Repeat,Manual,0,sprite_btn_questionmark_lostsector_trigger,True,False,False,False,0,0,0,0,0
201305,False,LostSector,13,None,NarrativeSign,201305,None,True,False,10000000,0,0,0,0,False,-207705728,0,0,0,0,Repeat,Manual,0,sprite_btn_questionmark_lostsector_trigger,True,False,False,False,0,0,0,0,0
201401,False,LostSector,14,None,NarrativeSign,201401,None,True,False,10000000,0,0,0,0,False,-207705728,0,0,0,0,Repeat,Manual,0,sprite_btn_questionmark_lostsector_trigger,True,False,False,False,0,0,0,0,0
201402,False,LostSector,14,None,NarrativeSign,201402,None,True,False,10000000,0,0,0,0,False,-207705728,0,0,0,0,Repeat,Manual,0,sprite_btn_questionmark_lostsector_trigger,True,False,False,False,0,0,0,0,0
201403,False,LostSector,14,None,NarrativeSign,201403,None,True,False,10000000,0,0,0,0,False,-207705728,0,0,0,0,Repeat,Manual,0,sprite_btn_questionmark_lostsector_trigger,True,False,False,False,0,0,0,0,0
201404,False,LostSector,14,None,NarrativeSign,201404,None,True,False,10000000,0,0,0,0,False,-207705728,0,0,0,0,Repeat,Manual,0,sprite_btn_questionmark_lostsector_trigger,True,False,False,False,0,0,0,0,0
201501,False,LostSector,15,None,NarrativeSign,201501,None,True,False,10000000,0,0,0,0,False,-207705728,0,0,0,0,Repeat,Manual,0,sprite_btn_questionmark_lostsector_trigger,True,False,False,False,0,0,0,0,0
201502,False,LostSector,15,None,NarrativeSign,201502,None,True,False,10000000,0,0,0,0,False,-207705728,0,0,0,0,Repeat,Manual,0,sprite_btn_questionmark_lostsector_trigger,True,False,False,False,0,0,0,0,0
201503,False,LostSector,15,None,NarrativeSign,201503,None,True,False,10000000,0,0,0,0,False,-207705728,0,0,0,0,Repeat,Manual,0,sprite_btn_questionmark_lostsector_trigger,True,False,False,False,0,0,0,0,0
201701,False,LostSector,17,None,NarrativeSign,201701,None,True,False,10000000,0,0,0,0,False,-207705728,0,0,0,0,Repeat,Manual,0,sprite_btn_questionmark_lostsector_trigger,True,False,False,False,0,0,0,0,0
201702,False,LostSector,17,None,NarrativeSign,201702,None,True,False,10000000,0,0,0,0,False,-207705728,0,0,0,0,Repeat,Manual,0,sprite_btn_questionmark_lostsector_trigger,True,False,False,False,0,0,0,0,0
201703,False,LostSector,17,None,NarrativeSign,201703,None,True,False,10000000,0,0,0,0,False,-207705728,0,0,0,0,Repeat,Manual,0,sprite_btn_questionmark_lostsector_trigger,True,False,False,False,0,0,0,0,0
201801,False,LostSector,18,None,NarrativeSign,201801,None,True,False,10000000,0,0,0,0,False,-207705728,0,0,0,0,Repeat,Manual,0,sprite_btn_questionmark_lostsector_trigger,True,False,False,False,0,0,0,0,0
201802,False,LostSector,18,None,NarrativeSign,201802,None,True,False,10000000,0,0,0,0,False,-207705728,0,0,0,0,Repeat,Manual,0,sprite_btn_questionmark_lostsector_trigger,True,False,False,False,0,0,0,0,0
201803,False,LostSector,18,None,NarrativeSign,201803,None,True,False,10000000,0,0,0,0,False,-207705728,0,0,0,0,Repeat,Manual,0,sprite_btn_questionmark_lostsector_trigger,True,False,False,False,0,0,0,0,0
201804,False,LostSector,18,None,NarrativeSign,201804,None,True,False,10000000,0,0,0,0,False,-207705728,0,0,0,0,Repeat,Manual,0,sprite_btn_questionmark_lostsector_trigger,True,False,False,False,0,0,0,0,0
201901,False,LostSector,19,None,NarrativeSign,201901,None,True,False,10000000,0,0,0,0,False,-207705728,0,0,0,0,Repeat,Manual,0,sprite_btn_questionmark_lostsector_trigger,True,False,False,False,0,0,0,0,0
201902,False,LostSector,19,None,NarrativeSign,201902,None,True,False,10000000,0,0,0,0,False,-207705728,0,0,0,0,Repeat,Manual,0,sprite_btn_questionmark_lostsector_trigger,True,False,False,False,0,0,0,0,0
201903,False,LostSector,19,None,NarrativeSign,201903,None,True,False,10000000,0,0,0,0,False,-207705728,0,0,0,0,Repeat,Manual,0,sprite_btn_questionmark_lostsector_trigger,True,False,False,False,0,0,0,0,0
202101,False,LostSector,21,None,NarrativeSign,202101,None,True,False,10000000,0,0,0,0,False,-207705728,0,0,0,0,Repeat,Manual,0,sprite_btn_questionmark_lostsector_trigger,True,False,False,False,0,0,0,0,0
202102,False,LostSector,21,None,NarrativeSign,202102,None,True,False,10000000,0,0,0,0,False,-207705728,0,0,0,0,Repeat,Manual,0,sprite_btn_questionmark_lostsector_trigger,True,False,False,False,0,0,0,0,0
202103,False,LostSector,21,None,NarrativeSign,202103,None,True,False,10000000,0,0,0,0,False,-207705728,0,0,0,0,Repeat,Manual,0,sprite_btn_questionmark_lostsector_trigger,True,False,False,False,0,0,0,0,0
202104,False,LostSector,21,None,NarrativeSign,202104,None,True,False,10000000,0,0,0,0,False,-207705728,0,0,0,0,Repeat,Manual,0,sprite_btn_questionmark_lostsector_trigger,True,False,False,False,0,0,0,0,0
202501,False,LostSector,25,None,NarrativeSign,202501,None,True,False,10000000,0,0,0,0,False,-207705728,0,0,0,0,Repeat,Manual,0,sprite_btn_questionmark_lostsector_trigger,True,False,False,False,0,0,0,0,0
202502,False,LostSector,25,None,NarrativeSign,202502,None,True,False,10000000,0,0,0,0,False,-207705728,0,0,0,0,Repeat,Manual,0,sprite_btn_questionmark_lostsector_trigger,True,False,False,False,0,0,0,0,0
202503,False,LostSector,25,None,NarrativeSign,202503,None,True,False,10000000,0,0,0,0,False,-207705728,0,0,0,0,Repeat,Manual,0,sprite_btn_questionmark_lostsector_trigger,True,False,False,False,0,0,0,0,0
202504,False,LostSector,25,None,NarrativeSign,202504,None,True,False,10000000,0,0,0,0,False,-207705728,0,0,0,0,Repeat,Manual,0,sprite_btn_questionmark_lostsector_trigger,True,False,False,False,0,0,0,0,0
202505,False,LostSector,25,None,NarrativeSign,202505,None,True,False,10000000,0,0,0,0,False,-207705728,0,0,0,0,Repeat,Manual,0,sprite_btn_questionmark_lostsector_trigger,True,False,False,False,0,0,0,0,0
303001,False,LostSector,30,None,NarrativeSign,203001,None,True,False,10000000,0,0,0,0,False,-207705728,0,0,0,0,Repeat,Manual,0,sprite_btn_questionmark_lostsector_trigger,True,False,False,False,0,0,0,0,0
303002,False,LostSector,30,None,NarrativeSign,203002,None,True,False,10000000,0,0,0,0,False,-207705728,0,0,0,0,Repeat,Manual,0,sprite_btn_questionmark_lostsector_trigger,True,False,False,False,0,0,0,0,0
303003,False,LostSector,30,None,NarrativeSign,203003,None,True,False,10000000,0,0,0,0,False,-207705728,0,0,0,0,Repeat,Manual,0,sprite_btn_questionmark_lostsector_trigger,True,False,False,False,0,0,0,0,0
303004,False,LostSector,30,None,NarrativeSign,203004,None,True,False,10000000,0,0,0,0,False,-207705728,0,0,0,0,Repeat,Manual,0,sprite_btn_questionmark_lostsector_trigger,True,False,False,False,0,0,0,0,0
303005,False,LostSector,30,None,NarrativeSign,203005,None,True,False,10000000,0,0,0,0,False,-207705728,0,0,0,0,Repeat,Manual,0,sprite_btn_questionmark_lostsector_trigger,True,False,False,False,0,0,0,0,0
203101,False,LostSector,31,None,NarrativeSign,203101,None,True,False,10000000,0,0,0,0,False,-207705728,0,0,0,0,Repeat,Manual,0,sprite_btn_questionmark_lostsector_trigger,True,False,False,False,0,0,0,0,0
203102,False,LostSector,31,None,NarrativeSign,203102,None,True,False,10000000,0,0,0,0,False,-207705728,0,0,0,0,Repeat,Manual,0,sprite_btn_questionmark_lostsector_trigger,True,False,False,False,0,0,0,0,0
203201,False,LostSector,32,None,NarrativeSign,203201,None,True,False,10000000,0,0,0,0,False,-207705728,0,0,0,0,Repeat,Manual,0,sprite_btn_questionmark_lostsector_trigger,True,False,False,False,0,0,0,0,0
203202,False,LostSector,32,None,NarrativeSign,203202,None,True,False,10000000,0,0,0,0,False,-207705728,0,0,0,0,Repeat,Manual,0,sprite_btn_questionmark_lostsector_trigger,True,False,False,False,0,0,0,0,0
203301,False,LostSector,33,None,NarrativeSign,203301,None,True,False,10000000,0,0,0,0,False,-207705728,0,0,0,0,Repeat,Manual,0,sprite_btn_questionmark_lostsector_trigger,True,False,False,False,0,0,0,0,0
203302,False,LostSector,33,None,NarrativeSign,203302,None,True,False,10000000,0,0,0,0,False,-207705728,0,0,0,0,Repeat,Manual,0,sprite_btn_questionmark_lostsector_trigger,True,False,False,False,0,0,0,0,0
203401,False,LostSector,34,None,NarrativeSign,203401,None,True,False,10000000,0,0,0,0,False,-207705728,0,0,0,0,Repeat,Manual,0,sprite_btn_questionmark_lostsector_trigger,True,False,False,False,0,0,0,0,0
203402,False,LostSector,34,None,NarrativeSign,203402,None,True,False,10000000,0,0,0,0,False,-207705728,0,0,0,0,Repeat,Manual,0,sprite_btn_questionmark_lostsector_trigger,True,False,False,False,0,0,0,0,0
203403,False,LostSector,34,None,NarrativeSign,203403,None,True,False,10000000,0,0,0,0,False,-207705728,0,0,0,0,Repeat,Manual,0,sprite_btn_questionmark_lostsector_trigger,True,False,False,False,0,0,0,0,0
203501,False,LostSector,35,None,NarrativeSign,203501,None,True,False,10000000,0,0,0,0,False,-207705728,0,0,0,0,Repeat,Manual,0,sprite_btn_questionmark_lostsector_trigger,True,False,False,False,0,0,0,0,0
203601,False,LostSector,36,None,NarrativeSign,203601,None,True,False,10000000,0,0,0,0,False,-207705728,0,0,0,0,Repeat,Manual,0,sprite_btn_questionmark_lostsector_trigger,True,False,False,False,0,0,0,0,0
203602,False,LostSector,36,None,NarrativeSign,203602,None,True,False,10000000,0,0,0,0,False,-207705728,0,0,0,0,Repeat,Manual,0,sprite_btn_questionmark_lostsector_trigger,True,False,False,False,0,0,0,0,0
203603,False,LostSector,36,None,NarrativeSign,203603,None,True,False,10000000,0,0,0,0,False,-207705728,0,0,0,0,Repeat,Manual,0,sprite_btn_questionmark_lostsector_trigger,True,False,False,False,0,0,0,0,0
203701,False,LostSector,37,None,NarrativeSign,203701,None,True,False,10000000,0,0,0,0,False,-207705728,0,0,0,0,Repeat,Manual,0,sprite_btn_questionmark_lostsector_trigger,True,False,False,False,0,0,0,0,0
203702,False,LostSector,37,None,NarrativeSign,203702,None,True,False,10000000,0,0,0,0,False,-207705728,0,0,0,0,Repeat,Manual,0,sprite_btn_questionmark_lostsector_trigger,True,False,False,False,0,0,0,0,0
203801,False,LostSector,38,None,NarrativeSign,203801,None,True,False,10000000,0,0,0,0,False,-207705728,0,0,0,0,Repeat,Manual,0,sprite_btn_questionmark_lostsector_trigger,True,False,False,False,0,0,0,0,0
203802,False,LostSector,38,None,NarrativeSign,203802,None,True,False,10000000,0,0,0,0,False,-207705728,0,0,0,0,Repeat,Manual,0,sprite_btn_questionmark_lostsector_trigger,True,False,False,False,0,0,0,0,0
203901,False,LostSector,39,None,NarrativeSign,203901,None,True,False,10000000,0,0,0,0,False,-207705728,0,0,0,0,Repeat,Manual,0,sprite_btn_questionmark_lostsector_trigger,True,False,False,False,0,0,0,0,0
203902,False,LostSector,39,None,NarrativeSign,203902,None,True,False,10000000,0,0,0,0,False,-207705728,0,0,0,0,Repeat,Manual,0,sprite_btn_questionmark_lostsector_trigger,True,False,False,False,0,0,0,0,0
203903,False,LostSector,39,None,NarrativeSign,203903,None,True,False,10000000,0,0,0,0,False,-207705728,0,0,0,0,Repeat,Manual,0,sprite_btn_questionmark_lostsector_trigger,True,False,False,False,0,0,0,0,0
203904,False,LostSector,39,None,NarrativeSign,203904,None,True,False,10000000,0,0,0,0,False,-207705728,0,0,0,0,Repeat,Manual,0,sprite_btn_questionmark_lostsector_trigger,True,False,False,False,0,0,0,0,0
203905,False,LostSector,39,None,NarrativeSign,203905,None,True,False,10000000,0,0,0,0,False,-207705728,0,0,0,0,Repeat,Manual,0,sprite_btn_questionmark_lostsector_trigger,True,False,False,False,0,0,0,0,0
203906,False,LostSector,39,None,NarrativeSign,203906,None,True,False,10000000,0,0,0,0,False,-207705728,0,0,0,0,Repeat,Manual,0,sprite_btn_questionmark_lostsector_trigger,True,False,False,False,0,0,0,0,0
203907,False,LostSector,39,None,NarrativeSign,203907,None,True,False,10000000,0,0,0,0,False,-207705728,0,0,0,0,Repeat,Manual,0,sprite_btn_questionmark_lostsector_trigger,True,False,False,False,0,0,0,0,0
204001,False,LostSector,40,None,NarrativeSign,204001,None,True,False,10000000,0,0,0,0,False,-207705728,0,0,0,0,Repeat,Manual,0,sprite_btn_questionmark_lostsector_trigger,True,False,False,False,0,0,0,0,0
204002,False,LostSector,40,None,NarrativeSign,204002,None,True,False,10000000,0,0,0,0,False,-207705728,0,0,0,0,Repeat,Manual,0,sprite_btn_questionmark_lostsector_trigger,True,False,False,False,0,0,0,0,0
204003,False,LostSector,40,None,NarrativeSign,204003,None,True,False,10000000,0,0,0,0,False,-207705728,0,0,0,0,Repeat,Manual,0,sprite_btn_questionmark_lostsector_trigger,True,False,False,False,0,0,0,0,0
204004,False,LostSector,40,None,NarrativeSign,204004,None,True,False,10000000,0,0,0,0,False,-207705728,0,0,0,0,Repeat,Manual,0,sprite_btn_questionmark_lostsector_trigger,True,False,False,False,0,0,0,0,0
399501,False,Event,10005,None,ScenarioDialog,event_seayouagain_1,None,False,True,10000000,102410105,0,0,0,False,-207705728,0,0,0,0,Repeat,Manual,0,sprite_btn_scenario_trigger,True,False,False,False,0,0,40024,0,0
399502,False,Event,10005,None,ScenarioDialog,event_seayouagain_2,None,False,True,1650614272,102410112,0,399501,0,False,-207705728,0,0,0,0,Repeat,Manual,0,sprite_btn_scenario_trigger,True,False,False,False,0,0,40024,0,0
399503,False,Event,10005,None,ScenarioDialog,event_seayouagain_3,None,False,True,-1958305792,102510106,0,399502,0,False,-207705728,0,0,0,0,OncePerEnter,Manual,0,sprite_btn_scenario_trigger,True,False,False,False,0,0,40025,0,0
399504,False,Event,10005,None,ScenarioDialog,event_seayouagain_4,None,False,True,-1272258560,102510112,0,399503,0,False,-207705728,0,0,0,0,OncePerDay,Manual,0,sprite_btn_scenario_trigger,True,False,False,False,0,0,40025,0,0
399505,False,Event,10005,None,ScenarioDialog,event_seayouagain_5,None,False,True,862461952,102510112,0,399504,0,False,-207705728,0,0,0,0,Once,Manual,0,sprite_btn_scenario_trigger,True,False,False,False,0,0,40025,0,0
300501,False,Event,10005,None,ScenarioDialog,d_ex_seayouagain_13,None,False,True,-1175603200,102410105,0,0,0,False,-207705728,0,0,0,0,Once,Manual,0,sprite_btn_scenario_trigger,True,False,False,False,0,0,40024,0,0
300502,False,Event,10005,None,ScenarioDialog,d_ex_seayouagain_03,None,False,True,939040768,102410105,0,0,0,False,-207705728,0,0,0,0,Once,Manual,0,sprite_btn_scenario_trigger,True,False,False,False,0,0,40024,0,0
300503,False,Event,10005,None,ScenarioDialog,d_ex_seayouagain_05,None,False,True,1650614272,102410105,0,300502,0,False,-207705728,0,0,0,0,Once,Manual,0,sprite_btn_scenario_trigger,True,False,False,False,0,0,40024,0,0
300504,False,Event,10005,None,ScenarioDialog,d_ex_seayouagain_04,None,False,True,-1932779520,102410105,0,0,0,False,-207705728,0,0,0,0,Once,Manual,0,sprite_btn_scenario_trigger,True,False,False,False,0,0,40024,0,0
300505,False,Event,10005,None,ScenarioDialog,d_ex_seayouagain_06,None,False,True,-1221206016,102410105,0,300504,0,False,-207705728,0,0,0,0,Once,Manual,0,sprite_btn_scenario_trigger,True,False,False,False,0,0,40024,0,0
300506,False,Event,10005,None,ScenarioDialog,d_ex_seayouagain_14,None,False,True,-509632512,102410105,0,0,0,False,-207705728,0,0,0,0,Once,Manual,0,sprite_btn_scenario_trigger,True,False,False,False,0,0,40024,0,0
300507,False,Event,10005,None,ScenarioDialog,d_ex_seayouagain_09,None,False,True,201940992,102410105,0,0,0,False,-207705728,0,0,0,0,Once,Manual,0,sprite_btn_scenario_trigger,True,False,False,False,0,0,40024,0,0
300508,False,Event,10005,None,ScenarioDialog,d_ex_seayouagain_11,None,False,True,913514496,102410105,0,300507,0,False,-207705728,0,0,0,0,Once,Manual,0,sprite_btn_scenario_trigger,True,False,False,False,0,0,40024,0,0
300509,False,Event,10005,None,ScenarioDialog,d_ex_seayouagain_07,None,False,True,1625088000,102410105,0,0,0,False,-207705728,0,0,0,0,Once,Manual,0,sprite_btn_scenario_trigger,True,False,False,False,0,0,40024,0,0
300510,False,Event,10005,None,ScenarioDialog,d_ex_seayouagain_21,None,False,True,-1958305792,102410105,0,0,0,False,-207705728,0,0,0,0,Once,Manual,0,sprite_btn_scenario_trigger,True,False,False,False,0,0,40024,0,0
300511,False,Event,10005,None,ScenarioDialog,d_ex_seayouagain_12,None,False,True,-1246732288,102510112,0,0,0,False,-207705728,0,0,0,0,Once,Manual,0,sprite_btn_scenario_trigger,True,False,False,False,0,0,40025,0,0
300512,False,Event,10005,None,ScenarioDialog,d_ex_seayouagain_01,None,False,True,-535158784,102510112,0,300503,0,False,-207705728,0,0,0,0,Once,Manual,0,sprite_btn_scenario_trigger,True,False,False,False,0,0,40025,0,0
300513,False,Event,10005,None,ScenarioDialog,d_ex_seayouagain_02,None,False,True,176414720,102510112,0,0,0,False,-207705728,0,0,0,0,Once,Manual,0,sprite_btn_scenario_trigger,True,False,False,False,0,0,40025,0,0
300514,False,Event,10005,None,ScenarioDialog,d_ex_seayouagain_17,None,False,True,887988224,102510112,0,0,0,False,-207705728,0,0,0,0,Once,Manual,0,sprite_btn_scenario_trigger,True,False,False,False,0,0,40025,0,0
300515,False,Event,10005,None,ScenarioDialog,d_ex_seayouagain_20,None,False,True,1599561728,102510112,0,300511,0,False,-207705728,0,0,0,0,Once,Manual,0,sprite_btn_scenario_trigger,True,False,False,False,0,0,40025,0,0
300516,False,Event,10005,None,ScenarioDialog,d_ex_seayouagain_10,None,False,True,-1983832064,102510112,0,300510,0,False,-207705728,0,0,0,0,Once,Manual,0,sprite_btn_scenario_trigger,True,False,False,False,0,0,40025,0,0
300517,False,Event,10005,None,ScenarioDialog,d_ex_seayouagain_16,None,False,True,-1272258560,102510112,0,300509,0,False,-207705728,0,0,0,0,Once,Manual,0,sprite_btn_scenario_trigger,True,False,False,False,0,0,40025,0,0
300518,False,Event,10005,None,ScenarioDialog,d_ex_seayouagain_18,None,False,True,-560685056,102510112,0,300517,0,False,-207705728,0,0,0,0,Once,Manual,0,sprite_btn_scenario_trigger,True,False,False,False,0,0,40025,0,0
300519,False,Event,10005,None,ScenarioDialog,d_ex_seayouagain_08,None,False,True,150888448,102510112,0,300502,0,False,-207705728,0,0,0,0,Once,Manual,0,sprite_btn_scenario_trigger,True,False,False,False,0,0,40025,0,0
300520,False,Event,10005,None,ScenarioDialog,d_ex_seayouagain_15,None,False,True,862461952,102510112,0,300519,0,False,-207705728,0,0,0,0,Once,Manual,0,sprite_btn_scenario_trigger,True,False,False,False,0,0,40025,0,0
300521,False,Event,10005,None,ScenarioDialog,d_ex_seayouagain_19,None,False,True,1574035456,102510112,0,300520,0,False,-207705728,0,0,0,0,Once,Manual,0,sprite_btn_scenario_trigger,True,False,False,False,0,0,40025,0,0
300522,False,Event,10005,None,TimeLineAction,febg_tropical_002_timeline_minifirecracker_05,None,True,False,10000000,0,0,0,0,True,-474029696,0,0,0,0,OncePerDay,Manual,0,sprite_btn_timeline_trigger,True,False,False,False,0,0,0,0,0
300523,False,Event,10005,None,TimeLineAction,febg_tropical_002_timeline_minifirecracker_02,None,True,False,10000000,0,0,0,0,True,-474029696,0,0,0,0,OncePerDay,Manual,0,sprite_btn_timeline_trigger,True,False,False,False,0,0,0,0,0
300524,False,Event,10005,None,TimeLineAction,febg_tropical_002_timeline_minifirecracker_01,None,True,False,10000000,0,0,0,0,True,-474029696,0,0,0,0,OncePerDay,Manual,0,sprite_btn_timeline_trigger,True,False,False,False,0,0,0,0,0
300525,False,Event,10005,None,TimeLineAction,febg_tropical_002_timeline_minifirecracker_04,None,True,False,10000000,0,0,0,0,True,-474029696,0,0,0,0,OncePerDay,Manual,0,sprite_btn_timeline_trigger,True,False,False,False,0,0,0,0,0
300526,False,Event,10005,None,TimeLineAction,febg_tropical_002_timeline_minifirecracker_06,None,True,False,10000000,0,0,0,0,True,-474029696,0,0,0,0,OncePerDay,Manual,0,sprite_btn_timeline_trigger,True,False,False,False,0,0,0,0,0
300527,False,Event,10005,None,TimeLineAction,febg_tropical_002_timeline_minifirecracker_03,None,True,False,10000000,0,0,0,0,True,-474029696,0,0,0,0,OncePerDay,Manual,0,sprite_btn_timeline_trigger,True,False,False,False,0,0,0,0,0
300528,False,Event,10005,None,TimeLineAction,febg_tropical_002_timeline_minifirecracker_05,None,False,True,201940992,0,0,0,0,True,212017536,0,0,0,0,OncePerDay,Manual,0,sprite_btn_timeline_trigger,True,False,False,False,0,0,0,0,0
300529,False,Event,10005,None,TimeLineAction,febg_tropical_002_timeline_minifirecracker_02,None,False,True,201940992,0,0,0,0,True,212017536,0,0,0,0,OncePerDay,Manual,0,sprite_btn_timeline_trigger,True,False,False,False,0,0,0,0,0
300530,False,Event,10005,None,TimeLineAction,febg_tropical_002_timeline_minifirecracker_01,None,False,True,201940992,0,0,0,0,True,212017536,0,0,0,0,OncePerDay,Manual,0,sprite_btn_timeline_trigger,True,False,False,False,0,0,0,0,0
300531,False,Event,10005,None,TimeLineAction,febg_tropical_002_timeline_minifirecracker_04,None,False,True,201940992,0,0,0,0,True,212017536,0,0,0,0,OncePerDay,Manual,0,sprite_btn_timeline_trigger,True,False,False,False,0,0,0,0,0
300532,False,Event,10005,None,TimeLineAction,febg_tropical_002_timeline_minifirecracker_06,None,False,True,201940992,0,0,0,0,True,212017536,0,0,0,0,OncePerDay,Manual,0,sprite_btn_timeline_trigger,True,False,False,False,0,0,0,0,0
300533,False,Event,10005,None,TimeLineAction,febg_tropical_002_timeline_minifirecracker_03,None,False,True,201940992,0,0,0,0,True,212017536,0,0,0,0,OncePerDay,Manual,0,sprite_btn_timeline_trigger,True,False,False,False,0,0,0,0,0
300534,False,Event,10005,None,TimeLineAction,febg_tropical_002_timeline_minifirecracker_05,None,False,True,887988224,0,0,0,0,True,898064768,0,0,0,0,OncePerDay,Manual,0,sprite_btn_timeline_trigger,True,False,False,False,0,0,0,0,0
300535,False,Event,10005,None,TimeLineAction,febg_tropical_002_timeline_minifirecracker_02,None,False,True,887988224,0,0,0,0,True,898064768,0,0,0,0,OncePerDay,Manual,0,sprite_btn_timeline_trigger,True,False,False,False,0,0,0,0,0
300536,False,Event,10005,None,TimeLineAction,febg_tropical_002_timeline_minifirecracker_01,None,False,True,887988224,0,0,0,0,True,898064768,0,0,0,0,OncePerDay,Manual,0,sprite_btn_timeline_trigger,True,False,False,False,0,0,0,0,0
300537,False,Event,10005,None,TimeLineAction,febg_tropical_002_timeline_minifirecracker_04,None,False,True,887988224,0,0,0,0,True,898064768,0,0,0,0,OncePerDay,Manual,0,sprite_btn_timeline_trigger,True,False,False,False,0,0,0,0,0
300538,False,Event,10005,None,TimeLineAction,febg_tropical_002_timeline_minifirecracker_06,None,False,True,887988224,0,0,0,0,True,898064768,0,0,0,0,OncePerDay,Manual,0,sprite_btn_timeline_trigger,True,False,False,False,0,0,0,0,0
300539,False,Event,10005,None,TimeLineAction,febg_tropical_002_timeline_minifirecracker_03,None,False,True,887988224,0,0,0,0,True,898064768,0,0,0,0,OncePerDay,Manual,0,sprite_btn_timeline_trigger,True,False,False,False,0,0,0,0,0
300540,False,Event,10005,None,TimeLineAction,febg_tropical_002_timeline_minifirecracker_05,None,False,True,862461952,0,0,0,0,False,-207705728,0,0,0,0,OncePerDay,Manual,0,sprite_btn_timeline_trigger,True,False,False,False,0,0,0,0,0
300541,False,Event,10005,None,TimeLineAction,febg_tropical_002_timeline_minifirecracker_02,None,False,True,862461952,0,0,0,0,False,-207705728,0,0,0,0,OncePerDay,Manual,0,sprite_btn_timeline_trigger,True,False,False,False,0,0,0,0,0
300542,False,Event,10005,None,TimeLineAction,febg_tropical_002_timeline_minifirecracker_01,None,False,True,862461952,0,0,0,0,False,-207705728,0,0,0,0,OncePerDay,Manual,0,sprite_btn_timeline_trigger,True,False,False,False,0,0,0,0,0
300543,False,Event,10005,None,TimeLineAction,febg_tropical_002_timeline_minifirecracker_04,None,False,True,862461952,0,0,0,0,False,-207705728,0,0,0,0,OncePerDay,Manual,0,sprite_btn_timeline_trigger,True,False,False,False,0,0,0,0,0
300544,False,Event,10005,None,TimeLineAction,febg_tropical_002_timeline_minifirecracker_06,None,False,True,862461952,0,0,0,0,False,-207705728,0,0,0,0,OncePerDay,Manual,0,sprite_btn_timeline_trigger,True,False,False,False,0,0,0,0,0
300545,False,Event,10005,None,TimeLineAction,febg_tropical_002_timeline_minifirecracker_03,None,False,True,862461952,0,0,0,0,False,-207705728,0,0,0,0,OncePerDay,Manual,0,sprite_btn_timeline_trigger,True,False,False,False,0,0,0,0,0
400501,True,Event,10005,None,ScenarioDialog,d_ex_seayouagain_13,None,False,True,-1175603200,102410105,0,0,0,False,-207705728,0,0,0,0,Once,Manual,0,sprite_btn_scenario_trigger,True,False,False,False,0,0,40024,40025,0
400502,True,Event,10005,None,ScenarioDialog,d_ex_seayouagain_03,None,False,True,939040768,102410107,0,0,0,False,-207705728,0,0,0,0,Once,Manual,0,sprite_btn_scenario_trigger,True,False,False,False,0,0,40024,40025,0
400503,True,Event,10005,None,ScenarioDialog,d_ex_seayouagain_05,None,False,True,1650614272,102410109,0,400502,0,False,-207705728,0,0,0,0,Once,Manual,0,sprite_btn_scenario_trigger,True,False,False,False,0,0,40024,40025,0
400504,True,Event,10005,None,ScenarioDialog,d_ex_seayouagain_04,None,False,True,-1932779520,102410111,0,0,0,False,-207705728,0,0,0,0,Once,Manual,0,sprite_btn_scenario_trigger,True,False,False,False,0,0,40024,40025,0
400505,True,Event,10005,None,ScenarioDialog,d_ex_seayouagain_06,None,False,True,-1221206016,102410112,0,400504,0,False,-207705728,0,0,0,0,Once,Manual,0,sprite_btn_scenario_trigger,True,False,False,False,0,0,40024,40025,0
400506,True,Event,10005,None,ScenarioDialog,d_ex_seayouagain_14,None,False,True,-509632512,102510102,0,0,0,False,-207705728,0,0,0,0,Once,Manual,0,sprite_btn_scenario_trigger,True,False,False,False,0,0,40024,40025,0
400507,True,Event,10005,None,ScenarioDialog,d_ex_seayouagain_09,None,False,True,201940992,102510104,0,0,0,False,-207705728,0,0,0,0,Once,Manual,0,sprite_btn_scenario_trigger,True,False,False,False,0,0,40024,40025,0
400508,True,Event,10005,None,ScenarioDialog,d_ex_seayouagain_11,None,False,True,913514496,102510107,0,400507,0,False,-207705728,0,0,0,0,Once,Manual,0,sprite_btn_scenario_trigger,True,False,False,False,0,0,40024,40025,0
400509,True,Event,10005,None,ScenarioDialog,d_ex_seayouagain_07,None,False,True,1625088000,102510109,0,0,0,False,-207705728,0,0,0,0,Once,Manual,0,sprite_btn_scenario_trigger,True,False,False,False,0,0,40024,40025,0
400510,True,Event,10005,None,ScenarioDialog,d_ex_seayouagain_21,None,False,True,-1958305792,102510111,0,0,0,False,-207705728,0,0,0,0,Once,Manual,0,sprite_btn_scenario_trigger,True,False,False,False,0,0,40024,40025,0
400511,True,Event,10005,None,ScenarioDialog,d_ex_seayouagain_12,None,False,True,-1246732288,102520101,0,0,0,False,-207705728,0,0,0,0,Once,Manual,0,sprite_btn_scenario_trigger,True,False,False,False,0,0,40024,40025,0
400512,True,Event,10005,None,ScenarioDialog,d_ex_seayouagain_01,None,False,True,-535158784,102520102,0,400503,0,False,-207705728,0,0,0,0,Once,Manual,0,sprite_btn_scenario_trigger,True,False,False,False,0,0,40024,40025,0
400513,True,Event,10005,None,ScenarioDialog,d_ex_seayouagain_02,None,False,True,176414720,102520103,0,0,0,False,-207705728,0,0,0,0,Once,Manual,0,sprite_btn_scenario_trigger,True,False,False,False,0,0,40024,40025,0
400514,True,Event,10005,None,ScenarioDialog,d_ex_seayouagain_17,None,False,True,887988224,102520104,0,0,0,False,-207705728,0,0,0,0,Once,Manual,0,sprite_btn_scenario_trigger,True,False,False,False,0,0,40024,40025,0
400515,True,Event,10005,None,ScenarioDialog,d_ex_seayouagain_20,None,False,True,1599561728,102520105,0,400511,0,False,-207705728,0,0,0,0,Once,Manual,0,sprite_btn_scenario_trigger,True,False,False,False,0,0,40024,40025,0
400516,True,Event,10005,None,ScenarioDialog,d_ex_seayouagain_10,None,False,True,-1983832064,102520106,0,400510,0,False,-207705728,0,0,0,0,Once,Manual,0,sprite_btn_scenario_trigger,True,False,False,False,0,0,40024,40025,0
400517,True,Event,10005,None,ScenarioDialog,d_ex_seayouagain_16,None,False,True,-1272258560,102520107,0,400509,0,False,-207705728,0,0,0,0,Once,Manual,0,sprite_btn_scenario_trigger,True,False,False,False,0,0,40024,40025,0
400518,True,Event,10005,None,ScenarioDialog,d_ex_seayouagain_18,None,False,True,-560685056,102520108,0,400517,0,False,-207705728,0,0,0,0,Once,Manual,0,sprite_btn_scenario_trigger,True,False,False,False,0,0,40024,40025,0
400519,True,Event,10005,None,ScenarioDialog,d_ex_seayouagain_08,None,False,True,150888448,102520109,0,400502,0,False,-207705728,0,0,0,0,Once,Manual,0,sprite_btn_scenario_trigger,True,False,False,False,0,0,40024,40025,0
400520,True,Event,10005,None,ScenarioDialog,d_ex_seayouagain_15,None,False,True,862461952,102520110,0,400519,0,False,-207705728,0,0,0,0,Once,Manual,0,sprite_btn_scenario_trigger,True,False,False,False,0,0,40024,40025,0
400521,True,Event,10005,None,ScenarioDialog,d_ex_seayouagain_19,None,False,True,1574035456,102520111,0,400520,0,False,-207705728,0,0,0,0,Once,Manual,0,sprite_btn_scenario_trigger,True,False,False,False,0,0,40024,40025,0
400522,True,Event,10005,None,TimeLineAction,febg_tropical_002_timeline_minifirecracker_05,None,False,True,10000000,102410105,0,0,0,True,-207705728,102410112,0,0,0,OncePerEnter,Manual,0,sprite_btn_timeline_trigger,True,False,False,False,0,0,40024,40025,0
400523,True,Event,10005,None,TimeLineAction,febg_tropical_002_timeline_minifirecracker_02,None,False,True,10000000,102410105,0,0,0,True,-207705728,102410112,0,0,0,OncePerEnter,Manual,0,sprite_btn_timeline_trigger,True,False,False,False,0,0,40024,40025,0
400524,True,Event,10005,None,TimeLineAction,febg_tropical_002_timeline_minifirecracker_01,None,False,True,10000000,102410105,0,0,0,True,-207705728,102410112,0,0,0,OncePerEnter,Manual,0,sprite_btn_timeline_trigger,True,False,False,False,0,0,40024,40025,0
400525,True,Event,10005,None,TimeLineAction,febg_tropical_002_timeline_minifirecracker_04,None,False,True,10000000,102410105,0,0,0,True,-207705728,102410112,0,0,0,OncePerEnter,Manual,0,sprite_btn_timeline_trigger,True,False,False,False,0,0,40024,40025,0
400526,True,Event,10005,None,TimeLineAction,febg_tropical_002_timeline_minifirecracker_06,None,False,True,10000000,102410105,0,0,0,True,-207705728,102410112,0,0,0,OncePerEnter,Manual,0,sprite_btn_timeline_trigger,True,False,False,False,0,0,40024,40025,0
400527,True,Event,10005,None,TimeLineAction,febg_tropical_002_timeline_minifirecracker_03,None,False,True,10000000,102410105,0,0,0,True,-207705728,102410112,0,0,0,OncePerEnter,Manual,0,sprite_btn_timeline_trigger,True,False,False,False,0,0,40024,40025,0
400528,True,Event,10005,None,TimeLineAction,febg_tropical_002_timeline_minifirecracker_05_01,None,False,True,10000000,102510112,0,0,0,True,-207705728,102520101,0,0,0,OncePerEnter,Manual,0,sprite_btn_timeline_trigger,True,False,False,False,0,0,40024,40025,0
400529,True,Event,10005,None,TimeLineAction,febg_tropical_002_timeline_minifirecracker_02_01,None,False,True,10000000,102510112,0,0,0,True,-207705728,102520101,0,0,0,OncePerEnter,Manual,0,sprite_btn_timeline_trigger,True,False,False,False,0,0,40024,40025,0
400530,True,Event,10005,None,TimeLineAction,febg_tropical_002_timeline_minifirecracker_01_01,None,False,True,10000000,102510112,0,0,0,True,-207705728,102520101,0,0,0,OncePerEnter,Manual,0,sprite_btn_timeline_trigger,True,False,False,False,0,0,40024,40025,0
400531,True,Event,10005,None,TimeLineAction,febg_tropical_002_timeline_minifirecracker_04_01,None,False,True,10000000,102510112,0,0,0,True,-207705728,102520101,0,0,0,OncePerEnter,Manual,0,sprite_btn_timeline_trigger,True,False,False,False,0,0,40024,40025,0
400532,True,Event,10005,None,TimeLineAction,febg_tropical_002_timeline_minifirecracker_06_01,None,False,True,10000000,102510112,0,0,0,True,-207705728,102520101,0,0,0,OncePerEnter,Manual,0,sprite_btn_timeline_trigger,True,False,False,False,0,0,40024,40025,0
400533,True,Event,10005,None,TimeLineAction,febg_tropical_002_timeline_minifirecracker_03_01,None,False,True,10000000,102510112,0,0,0,True,-207705728,102520101,0,0,0,OncePerEnter,Manual,0,sprite_btn_timeline_trigger,True,False,False,False,0,0,40024,40025,0
400534,True,Event,10005,None,TimeLineAction,febg_tropical_002_timeline_minifirecracker_05_02,None,False,True,10000000,102520110,0,0,0,False,-207705728,0,0,0,0,OncePerEnter,Manual,0,sprite_btn_timeline_trigger,True,False,False,False,0,0,40024,40025,0
400535,True,Event,10005,None,TimeLineAction,febg_tropical_002_timeline_minifirecracker_02_02,None,False,True,10000000,102520110,0,0,0,False,-207705728,0,0,0,0,OncePerEnter,Manual,0,sprite_btn_timeline_trigger,True,False,False,False,0,0,40024,40025,0
400536,True,Event,10005,None,TimeLineAction,febg_tropical_002_timeline_minifirecracker_01_02,None,False,True,10000000,102520110,0,0,0,False,-207705728,0,0,0,0,OncePerEnter,Manual,0,sprite_btn_timeline_trigger,True,False,False,False,0,0,40024,40025,0
400537,True,Event,10005,None,TimeLineAction,febg_tropical_002_timeline_minifirecracker_04_02,None,False,True,10000000,102520110,0,0,0,False,-207705728,0,0,0,0,OncePerEnter,Manual,0,sprite_btn_timeline_trigger,True,False,False,False,0,0,40024,40025,0
400538,True,Event,10005,None,TimeLineAction,febg_tropical_002_timeline_minifirecracker_06_02,None,False,True,10000000,102520110,0,0,0,False,-207705728,0,0,0,0,OncePerEnter,Manual,0,sprite_btn_timeline_trigger,True,False,False,False,0,0,40024,40025,0
400539,True,Event,10005,None,TimeLineAction,febg_tropical_002_timeline_minifirecracker_03_02,None,False,True,10000000,102520110,0,0,0,False,-207705728,0,0,0,0,OncePerEnter,Manual,0,sprite_btn_timeline_trigger,True,False,False,False,0,0,40024,40025,0
300601,False,Event,10006,None,TimeLineAction,febg_factory_001_timeline_butterfly,None,True,False,10000000,0,0,0,0,False,-207705728,0,0,0,0,Repeat,Manual,0,sprite_btn_timeline_trigger,True,False,False,False,0,0,0,0,0
300602,False,Event,10006,None,TimeLineAction,febg_factory_001_timeline_c303_1,None,False,True,99835904,0,0,0,0,True,-207705728,0,0,0,55006105,Once,Manual,0,sprite_btn_timeline_trigger,True,False,False,False,0,0,0,0,0
300603,False,Event,10006,None,TimeLineAction,febg_factory_001_timeline_box,None,False,True,811409408,0,0,0,0,True,-207705728,0,0,0,55006135,Once,Manual,0,sprite_btn_timeline_trigger,True,False,False,False,0,0,0,0,0
300604,False,Event,10006,None,TimeLineAction,febg_factory_001_timeline_c303,None,False,True,-2085937152,0,0,0,0,True,-207705728,0,0,0,55006115,Once,Manual,0,sprite_btn_timeline_trigger,True,False,False,False,0,0,0,0,0
300701,False,Event,10008,None,NarrativeSign,1,None,True,False,10000000,0,0,0,0,False,-207705728,0,0,0,0,Repeat,Manual,0,sprite_btn_narrativesign_trigger,True,False,False,False,0,0,0,0,0
300702,False,Event,10008,None,NarrativeSign,2,None,True,False,10000000,0,0,0,0,False,-207705728,0,0,0,0,Repeat,Manual,0,sprite_btn_narrativesign_trigger,True,False,False,False,0,0,0,0,0
300703,False,Event,10008,None,NarrativeSign,3,None,True,False,10000000,0,0,0,0,False,-207705728,0,0,0,0,Repeat,Manual,0,sprite_btn_narrativesign_trigger,True,False,False,False,0,0,0,0,0
300704,False,Event,10008,None,NarrativeSign,4,None,True,False,10000000,0,0,0,0,False,-207705728,0,0,0,0,Repeat,Manual,0,sprite_btn_narrativesign_trigger,True,False,False,False,0,0,0,0,0
300705,False,Event,10008,None,NarrativeSign,5,None,True,False,10000000,0,0,0,0,False,-207705728,0,0,0,0,Repeat,Manual,0,sprite_btn_narrativesign_trigger,True,False,False,False,0,0,0,0,0
300706,False,Event,10008,None,NarrativeSign,6,None,True,False,10000000,0,0,0,0,False,-207705728,0,0,0,0,Repeat,Manual,0,sprite_btn_narrativesign_trigger,True,False,False,False,0,0,0,0,0
300707,False,Event,10008,None,NarrativeSign,7,None,True,False,10000000,0,0,0,0,False,-207705728,0,0,0,0,Repeat,Manual,0,sprite_btn_narrativesign_trigger,True,False,False,False,0,0,0,0,0
300708,False,Event,10008,None,NarrativeSign,8,None,True,False,10000000,0,0,0,0,False,-207705728,0,0,0,0,Repeat,Manual,0,sprite_btn_narrativesign_trigger,True,False,False,False,0,0,0,0,0
300709,False,Event,10008,None,NarrativeSign,9,None,True,False,10000000,0,0,0,0,False,-207705728,0,0,0,0,Repeat,Manual,0,sprite_btn_narrativesign_trigger,True,False,False,False,0,0,0,0,0
300710,False,Event,10008,None,NarrativeSign,10,None,True,False,10000000,0,0,0,0,False,-207705728,0,0,0,0,Repeat,Manual,0,sprite_btn_narrativesign_trigger,True,False,False,False,0,0,0,0,0
300711,False,Event,10008,None,NarrativeSign,11,None,True,False,10000000,0,0,0,0,False,-207705728,0,0,0,0,Repeat,Manual,0,sprite_btn_narrativesign_trigger,True,False,False,False,0,0,0,0,0
400701,True,Event,10008,None,NarrativeSign,1,None,True,False,10000000,0,0,0,0,False,-207705728,0,0,0,0,Repeat,Manual,0,sprite_btn_narrativesign_trigger,True,False,False,False,0,0,0,0,0
400702,True,Event,10008,None,NarrativeSign,2,None,True,False,10000000,0,0,0,0,False,-207705728,0,0,0,0,Repeat,Manual,0,sprite_btn_narrativesign_trigger,True,False,False,False,0,0,0,0,0
400703,True,Event,10008,None,NarrativeSign,3,None,True,False,10000000,0,0,0,0,False,-207705728,0,0,0,0,Repeat,Manual,0,sprite_btn_narrativesign_trigger,True,False,False,False,0,0,0,0,0
400704,True,Event,10008,None,NarrativeSign,4,None,True,False,10000000,0,0,0,0,False,-207705728,0,0,0,0,Repeat,Manual,0,sprite_btn_narrativesign_trigger,True,False,False,False,0,0,0,0,0
400705,True,Event,10008,None,NarrativeSign,5,None,True,False,10000000,0,0,0,0,False,-207705728,0,0,0,0,Repeat,Manual,0,sprite_btn_narrativesign_trigger,True,False,False,False,0,0,0,0,0
400706,True,Event,10008,None,NarrativeSign,6,None,True,False,10000000,0,0,0,0,False,-207705728,0,0,0,0,Repeat,Manual,0,sprite_btn_narrativesign_trigger,True,False,False,False,0,0,0,0,0
400707,True,Event,10008,None,NarrativeSign,7,None,True,False,10000000,0,0,0,0,False,-207705728,0,0,0,0,Repeat,Manual,0,sprite_btn_narrativesign_trigger,True,False,False,False,0,0,0,0,0
400708,True,Event,10008,None,NarrativeSign,8,None,True,False,10000000,0,0,0,0,False,-207705728,0,0,0,0,Repeat,Manual,0,sprite_btn_narrativesign_trigger,True,False,False,False,0,0,0,0,0
400709,True,Event,10008,None,NarrativeSign,9,None,True,False,10000000,0,0,0,0,False,-207705728,0,0,0,0,Repeat,Manual,0,sprite_btn_narrativesign_trigger,True,False,False,False,0,0,0,0,0
400710,True,Event,10008,None,NarrativeSign,10,None,True,False,10000000,0,0,0,0,False,-207705728,0,0,0,0,Repeat,Manual,0,sprite_btn_narrativesign_trigger,True,False,False,False,0,0,0,0,0
400711,True,Event,10008,None,NarrativeSign,11,None,True,False,10000000,0,0,0,0,False,-207705728,0,0,0,0,Repeat,Manual,0,sprite_btn_narrativesign_trigger,True,False,False,False,0,0,0,0,0
300801,False,Event,10009,None,NarrativeSign,12,None,True,False,-873889792,0,0,0,0,True,2093762944,0,0,0,0,Repeat,Manual,0,sprite_btn_questionmark_trigger,True,False,False,False,0,0,0,0,0
300802,False,Event,10009,None,NarrativeSign,13,None,True,False,-873889792,0,0,0,0,True,2093762944,0,0,0,0,Repeat,Manual,0,sprite_btn_questionmark_trigger,True,False,False,False,0,0,0,0,0
300803,False,Event,10009,None,NarrativeSign,14,None,True,False,2103762944,0,0,0,0,True,-66483840,0,0,0,0,Repeat,Manual,0,sprite_btn_questionmark_trigger,True,False,False,False,0,0,0,0,0
300804,False,Event,10009,None,NarrativeSign,15,None,True,False,-56483840,0,0,0,0,True,1356663168,0,0,0,0,Repeat,Manual,0,sprite_btn_questionmark_trigger,True,False,False,False,0,0,0,0,0
300805,False,Event,10009,None,NarrativeSign,16,None,True,False,-56483840,0,0,0,0,True,1356663168,0,0,0,0,Repeat,Manual,0,sprite_btn_questionmark_trigger,True,False,False,False,0,0,0,0,0
300806,False,Event,10009,None,NarrativeSign,17,None,True,False,1366663168,0,0,0,0,True,-803583616,0,0,0,0,Repeat,Manual,0,sprite_btn_questionmark_trigger,True,False,False,False,0,0,0,0,0
300807,False,Event,10009,None,NarrativeSign,18,None,True,False,1366663168,0,0,0,0,True,-803583616,0,0,0,0,Repeat,Manual,0,sprite_btn_questionmark_trigger,True,False,False,False,0,0,0,0,0
300808,False,Event,10009,None,NarrativeSign,19,None,True,False,-793583616,0,0,0,0,True,1331136896,0,0,0,0,Repeat,Manual,0,sprite_btn_questionmark_trigger,True,False,False,False,0,0,0,0,0
300809,False,Event,10009,None,NarrativeSign,20,None,True,False,-793583616,0,0,0,0,True,1331136896,0,0,0,0,Repeat,Manual,0,sprite_btn_questionmark_trigger,True,False,False,False,0,0,0,0,0
300810,False,Event,10009,None,NarrativeSign,21,None,True,False,-793583616,0,0,0,0,True,1331136896,0,0,0,0,Repeat,Manual,0,sprite_btn_questionmark_trigger,True,False,False,False,0,0,0,0,0
300811,False,Event,10009,None,NarrativeSign,22,None,True,False,1341136896,0,0,0,0,True,2042710400,0,0,0,0,Repeat,Manual,0,sprite_btn_questionmark_trigger,True,False,False,False,0,0,0,0,0
300812,False,Event,10009,None,NarrativeSign,23,None,True,False,2052710400,0,0,0,0,True,594037120,0,0,0,0,Repeat,Manual,0,sprite_btn_questionmark_trigger,True,False,False,False,0,0,0,0,0
300813,False,Event,10009,None,NarrativeSign,24,None,True,False,2052710400,0,0,0,0,True,594037120,0,0,0,0,Repeat,Manual,0,sprite_btn_questionmark_trigger,True,False,False,False,0,0,0,0,0
300814,False,Event,10009,None,NarrativeSign,25,None,True,False,604037120,0,0,0,0,True,-1566209664,0,0,0,0,Repeat,Manual,0,sprite_btn_questionmark_trigger,True,False,False,False,0,0,0,0,0
300815,False,Event,10009,None,NarrativeSign,26,None,True,False,-1556209664,0,0,0,0,True,-844636160,0,0,0,0,Repeat,Manual,0,sprite_btn_questionmark_trigger,True,False,False,False,0,0,0,0,0
300816,False,Event,10009,None,NarrativeSign,27,None,True,False,-1556209664,0,0,0,0,True,-844636160,0,0,0,0,Repeat,Manual,0,sprite_btn_questionmark_trigger,True,False,False,False,0,0,0,0,0
300817,False,Event,10009,None,TimeLineAction,febg_shop_001_nk_dance_timeline,None,False,True,10000000,104210105,0,0,0,False,-207705728,0,0,0,0,Repeat,Auto,0,sprite_btn_questionmark_trigger,True,False,False,False,0,0,40042,0,0
300818,False,Event,10009,None,TimeLineAction,febg_shop_001_nk_cleaning_timeline,None,False,True,1366663168,0,0,0,0,True,1331136896,0,0,0,0,Repeat,Auto,0,sprite_btn_questionmark_trigger,True,False,False,False,0,0,0,0,0
300819,False,Event,10009,None,TimeLineAction,febg_shop_001_nk_femaledrink_02_timeline,None,False,False,10000000,0,0,0,0,False,-207705728,0,0,0,0,Repeat,Auto,0,sprite_btn_questionmark_trigger,True,False,False,False,0,0,0,0,0
300820,False,Event,10009,None,TimeLineAction,febg_shop_001_nk_femalefood_timeline,None,False,False,10000000,0,0,0,0,False,-207705728,0,0,0,0,Repeat,Auto,0,sprite_btn_questionmark_trigger,True,False,False,False,0,0,0,0,0
300821,False,Event,10009,None,TimeLineAction,febg_shop_001_nk_maledrink_timeline,None,False,False,10000000,0,0,0,0,False,-207705728,0,0,0,0,Repeat,Auto,0,sprite_btn_questionmark_trigger,True,False,False,False,0,0,0,0,0
300822,False,Event,10009,None,TimeLineAction,febg_shop_001_nk_femaledrink_timeline,None,False,True,10000000,104110105,0,0,0,False,-207705728,0,0,0,0,Repeat,Auto,0,sprite_btn_questionmark_trigger,True,False,False,False,0,0,40041,0,0
300823,False,Event,10009,None,TimeLineAction,febg_shop_001_nk_malefood_timeline,None,False,True,10000000,104110105,0,0,0,False,-207705728,0,0,0,0,Repeat,Auto,0,sprite_btn_questionmark_trigger,True,False,False,False,0,0,40041,0,0
300824,False,Event,10009,None,TimeLineAction,febg_shop_001_nk_curry_01_timeline,None,False,True,10000000,104110105,0,0,0,False,-207705728,0,0,0,0,Repeat,Auto,0,sprite_btn_questionmark_trigger,True,False,False,False,0,0,40041,0,0
300825,False,Event,10009,None,TimeLineAction,febg_shop_001_nk_curry_02_timeline,None,False,True,10000000,104110105,0,0,0,False,-207705728,0,0,0,0,Repeat,Auto,0,sprite_btn_questionmark_trigger,True,False,False,False,0,0,40041,0,0
300826,False,Event,10009,None,TimeLineAction,febg_shop_001_nk_omelet_01_timeline,None,False,True,10000000,104110105,0,0,0,False,-207705728,0,0,0,0,Repeat,Auto,0,sprite_btn_questionmark_trigger,True,False,False,False,0,0,40041,0,0
300827,False,Event,10009,None,TimeLineAction,febg_shop_001_nk_spaghetti_01_timeline,None,False,True,10000000,104110105,0,0,0,False,-207705728,0,0,0,0,Repeat,Auto,0,sprite_btn_questionmark_trigger,True,False,False,False,0,0,40041,0,0
300828,False,Event,10009,None,TimeLineAction,febg_shop_001_nk_parfait_02_timeline,None,False,True,10000000,104110105,0,0,0,False,-207705728,0,0,0,0,Repeat,Auto,0,sprite_btn_questionmark_trigger,True,False,False,False,0,0,40041,0,0
300829,False,Event,10009,None,TimeLineAction,febg_shop_001_nk_cake_02_timeline,None,False,True,10000000,104110105,0,0,0,False,-207705728,0,0,0,0,Repeat,Auto,0,sprite_btn_questionmark_trigger,True,False,False,False,0,0,40041,0,0
300830,False,Event,10009,None,TimeLineAction,febg_shop_001_nk_pudding_01_timeline,None,False,True,10000000,104110105,0,0,0,False,-207705728,0,0,0,0,Repeat,Auto,0,sprite_btn_questionmark_trigger,True,False,False,False,0,0,40041,0,0
300831,False,Event,10009,None,TimeLineAction,febg_shop_001_nk_femalephone_timeline,None,False,True,10000000,104210105,0,0,0,False,-207705728,0,0,0,0,Repeat,Auto,0,sprite_btn_questionmark_trigger,True,False,False,False,0,0,40042,0,0
300832,False,Event,10009,None,TimeLineAction,febg_shop_001_nk_malephone_timeline,None,False,True,10000000,104210105,0,0,0,False,-207705728,0,0,0,0,Repeat,Auto,0,sprite_btn_questionmark_trigger,True,False,False,False,0,0,40042,0,0
300833,False,Event,10009,None,TimeLineAction,febg_shop_001_nk_pancake_01_timeline,None,False,True,10000000,104210105,0,0,0,False,-207705728,0,0,0,0,Repeat,Auto,0,sprite_btn_questionmark_trigger,True,False,False,False,0,0,40042,0,0
300834,False,Event,10009,None,TimeLineAction,febg_shop_001_nk_parfait_01_timeline,None,False,True,10000000,104210105,0,0,0,False,-207705728,0,0,0,0,Repeat,Auto,0,sprite_btn_questionmark_trigger,True,False,False,False,0,0,40042,0,0
300835,False,Event,10009,None,TimeLineAction,febg_shop_001_nk_cake_01_timeline,None,False,True,10000000,104210105,0,0,0,False,-207705728,0,0,0,0,Repeat,Auto,0,sprite_btn_questionmark_trigger,True,False,False,False,0,0,40042,0,0
300836,False,Event,10009,None,TimeLineAction,febg_shop_001_nk_latte_01_timeline,None,False,True,10000000,104210105,0,0,0,False,-207705728,0,0,0,0,Repeat,Auto,0,sprite_btn_questionmark_trigger,True,False,False,False,0,0,40042,0,0
300837,False,Event,10009,None,TimeLineAction,febg_shop_001_nk_latte_02_timeline,None,False,True,10000000,104210105,0,0,0,False,-207705728,0,0,0,0,Repeat,Auto,0,sprite_btn_questionmark_trigger,True,False,False,False,0,0,40042,0,0
300838,False,Event,10009,None,TimeLineAction,febg_shop_001_nk_soda_01_timeline,None,False,True,10000000,104210105,0,0,0,False,-207705728,0,0,0,0,Repeat,Auto,0,sprite_btn_questionmark_trigger,True,False,False,False,0,0,40042,0,0
300839,False,Event,10009,None,TimeLineAction,febg_shop_001_nk_soda_02_timeline,None,False,True,10000000,104210105,0,0,0,False,-207705728,0,0,0,0,Repeat,Auto,0,sprite_btn_questionmark_trigger,True,False,False,False,0,0,40042,0,0
300901,False,Event,10011,None,TimeLineAction,febg_coinrush_001_timeline_lasertrap_on,None,True,False,10000000,0,0,0,0,True,1787447680,104810106,0,0,0,Repeat,Auto,0,sprite_btn_questionmark_trigger,True,False,False,False,0,0,40048,0,0
300902,False,Event,10011,None,TimeLineAction,febg_coinrush_001_timeline_mirrorball_01,None,True,False,10000000,0,0,0,0,False,-207705728,0,0,0,0,Repeat,Auto,0,sprite_btn_questionmark_trigger,True,False,False,False,0,0,0,0,0
300903,False,Event,10011,None,TimeLineAction,febg_coinrush_001_timeline_bike,None,False,True,-1785946112,104810114,0,0,0,True,338774400,0,0,0,0,Repeat,Auto,0,sprite_btn_timeline_trigger,True,False,False,False,0,0,40048,0,0
300904,False,Event,10011,None,TimeLineAction,febg_coinrush_001_timeline_bike_01,None,False,True,348774400,0,0,0,0,True,-207705728,104910101,0,0,0,Repeat,Auto,0,sprite_btn_timeline_trigger,True,False,False,False,0,0,40049,0,0
300905,False,Event,10011,None,TimeLineAction,febg_coinrush_001_timeline_bunnygirl,None,False,True,10000000,104910115,0,0,0,True,-207705728,104920112,0,0,0,Repeat,Auto,0,sprite_btn_timeline_trigger,True,False,False,False,0,0,40049,0,0
300906,False,Event,10011,None,TimeLineAction,febg_coinrush_001_timeline_coin_drink_01,None,True,False,10000000,0,0,0,0,False,-207705728,0,0,0,0,OncePerEnter,Manual,0,sprite_btn_timeline_trigger,True,False,False,False,0,0,0,0,0
300907,False,Event,10011,None,TimeLineAction,febg_coinrush_001_timeline_coin_drink_02,None,True,False,10000000,0,0,0,0,False,-207705728,0,0,0,0,OncePerEnter,Manual,0,sprite_btn_timeline_trigger,True,False,False,False,0,0,0,0,0
300908,False,Event,10011,None,TimeLineAction,febg_coinrush_001_timeline_coin_drink_03,None,True,False,10000000,0,0,0,0,False,-207705728,0,0,0,0,OncePerEnter,Manual,0,sprite_btn_timeline_trigger,True,False,False,False,0,0,0,0,0
300909,False,Event,10011,None,TimeLineAction,febg_coinrush_001_timeline_coin_drink_04,None,True,False,10000000,0,0,0,0,False,-207705728,0,0,0,0,OncePerEnter,Manual,0,sprite_btn_timeline_trigger,True,False,False,False,0,0,0,0,0
400901,False,Event,10011,None,TimeLineAction,febg_coinrush_001_timeline_lasertrap_on,None,True,False,10000000,0,0,0,0,True,-207705728,104810106,0,0,0,Repeat,Auto,0,sprite_btn_questionmark_trigger,True,False,False,False,0,0,40048,0,0
400902,False,Event,10011,None,TimeLineAction,febg_coinrush_001_timeline_mirrorball_01,None,True,False,10000000,0,0,0,0,False,-207705728,0,0,0,0,Repeat,Auto,0,sprite_btn_questionmark_trigger,True,False,False,False,0,0,0,0,0
400903,False,Event,10011,None,TimeLineAction,febg_coinrush_001_timeline_bike,None,False,True,10000000,104810114,0,0,0,True,-207705728,104910101,0,0,0,Repeat,Auto,0,sprite_btn_timeline_trigger,True,False,False,False,0,0,40048,40049,0
400904,False,Event,10011,None,TimeLineAction,febg_coinrush_001_timeline_bike_01,None,False,False,10000000,0,0,0,0,True,338774400,0,0,0,0,Repeat,Auto,0,sprite_btn_timeline_trigger,True,False,False,False,0,0,40049,0,0
400905,False,Event,10011,None,TimeLineAction,febg_coinrush_001_timeline_bunnygirl,None,False,True,10000000,104910115,0,0,0,True,-207705728,104920112,0,0,0,Repeat,Auto,0,sprite_btn_timeline_trigger,True,False,False,False,0,0,40049,0,0
400906,False,Event,10011,None,TimeLineAction,febg_coinrush_001_timeline_coin_drink_01,None,True,False,10000000,0,0,0,0,False,-207705728,0,0,0,0,OncePerEnter,Manual,0,sprite_btn_timeline_trigger,True,False,False,False,0,0,0,0,0
400907,False,Event,10011,None,TimeLineAction,febg_coinrush_001_timeline_coin_drink_02,None,True,False,10000000,0,0,0,0,False,-207705728,0,0,0,0,OncePerEnter,Manual,0,sprite_btn_timeline_trigger,True,False,False,False,0,0,0,0,0
400908,False,Event,10011,None,TimeLineAction,febg_coinrush_001_timeline_coin_drink_03,None,True,False,10000000,0,0,0,0,False,-207705728,0,0,0,0,OncePerEnter,Manual,0,sprite_btn_timeline_trigger,True,False,False,False,0,0,0,0,0
400909,False,Event,10011,None,TimeLineAction,febg_coinrush_001_timeline_coin_drink_04,None,True,False,10000000,0,0,0,0,False,-207705728,0,0,0,0,OncePerEnter,Manual,0,sprite_btn_timeline_trigger,True,False,False,False,0,0,0,0,0
301001,False,Event,10012,None,NarrativeSign,28,None,True,False,10000000,0,0,0,0,False,-207705728,0,0,0,0,Repeat,Manual,0,sprite_btn_narrativesign_trigger,True,False,False,False,0,0,0,0,0
301002,False,Event,10012,None,NarrativeSign,29,None,True,False,10000000,0,0,0,0,False,-207705728,0,0,0,0,Repeat,Manual,0,sprite_btn_narrativesign_trigger,True,False,False,False,0,0,0,0,0
301003,False,Event,10012,None,NarrativeSign,30,None,True,False,10000000,0,0,0,0,False,-207705728,0,0,0,0,Repeat,Manual,0,sprite_btn_narrativesign_trigger,True,False,False,False,0,0,0,0,0
301004,False,Event,10012,None,NarrativeSign,31,None,False,True,10000000,105110112,0,0,0,False,-207705728,0,0,0,0,Repeat,Manual,0,sprite_btn_narrativesign_trigger,True,False,False,False,0,0,40051,0,0
301005,False,Event,10012,None,NarrativeSign,32,None,False,True,10000000,105210108,0,0,0,False,-207705728,0,0,0,0,Repeat,Manual,0,sprite_btn_narrativesign_trigger,True,False,False,False,0,0,40052,0,0
301006,False,Event,10012,None,TimeLineAction,febg_tropical_003_timeline_clam,None,True,True,10000000,105110105,0,0,0,False,-207705728,0,0,0,0,OncePerDay,Auto,0,sprite_btn_timeline_trigger,True,False,False,False,0,0,40051,0,0
301007,False,Event,10012,None,TimeLineAction,febg_tropical_003_timeline_jetski,None,False,True,10000000,105210112,0,0,0,True,1608763776,0,0,0,0,Repeat,Auto,0,sprite_btn_timeline_trigger,True,False,False,False,0,0,40052,0,0
401001,True,Event,10012,None,NarrativeSign,28,None,True,False,10000000,0,0,0,0,False,-207705728,0,0,0,0,Repeat,Manual,0,sprite_btn_narrativesign_trigger,True,False,False,False,0,0,0,0,0
401002,True,Event,10012,None,NarrativeSign,29,None,True,False,10000000,0,0,0,0,False,-207705728,0,0,0,0,Repeat,Manual,0,sprite_btn_narrativesign_trigger,True,False,False,False,0,0,0,0,0
401003,True,Event,10012,None,NarrativeSign,30,None,True,False,10000000,0,0,0,0,False,-207705728,0,0,0,0,Repeat,Manual,0,sprite_btn_narrativesign_trigger,True,False,False,False,0,0,0,0,0
401004,True,Event,10012,None,NarrativeSign,31,None,False,True,10000000,105110112,0,0,0,False,-207705728,0,0,0,0,Repeat,Manual,0,sprite_btn_narrativesign_trigger,True,False,False,False,0,0,40051,0,0
401005,True,Event,10012,None,NarrativeSign,32,None,False,True,10000000,105210108,0,0,0,False,-207705728,0,0,0,0,Repeat,Manual,0,sprite_btn_narrativesign_trigger,True,False,False,False,0,0,40052,0,0
401006,True,Event,10012,None,TimeLineAction,febg_tropical_003_timeline_clam,None,True,True,10000000,105110105,0,0,0,False,-207705728,0,0,0,0,OncePerDay,Auto,0,sprite_btn_timeline_trigger,True,False,False,False,0,0,40051,0,0
401007,True,Event,10012,None,TimeLineAction,febg_tropical_003_timeline_jetski,None,False,True,10000000,105210112,0,0,0,True,-207705728,105220101,0,0,0,Repeat,Auto,0,sprite_btn_timeline_trigger,True,False,False,False,0,0,40052,0,0
301101,False,Event,10013,None,TimeLineAction,febg_mmrschool_001_timeline_command_main_03,None,False,True,10000000,105510110,0,0,0,True,-207705728,105510112,0,0,0,Repeat,Auto,0,sprite_btn_timeline_trigger,True,False,False,False,0,0,40055,0,0
301102,False,Event,10013,None,TimeLineAction,febg_mmrschool_001_timeline_command_main_01,None,False,True,10000000,105510112,0,0,0,True,-207705728,105610110,0,0,0,Repeat,Auto,0,sprite_btn_timeline_trigger,True,False,False,False,0,0,40055,0,0
301103,False,Event,10013,None,TimeLineAction,febg_mmrschool_001_timeline_command_sub_01,None,False,True,10000000,105510112,0,0,0,True,-207705728,105610110,0,0,0,Repeat,Auto,0,sprite_btn_timeline_trigger,True,False,False,False,0,0,40055,0,0
301104,False,Event,10013,None,TimeLineAction,febg_mmrschool_001_timeline_command_main_02,None,False,True,10000000,105610110,0,0,0,True,-207705728,105710112,0,0,0,Repeat,Auto,0,sprite_btn_timeline_trigger,True,False,False,False,0,0,40056,0,0
301105,False,Event,10013,None,TimeLineAction,febg_mmrschool_001_timeline_command_sub_02,None,False,True,10000000,105610110,0,0,0,True,-207705728,105710112,0,0,0,Repeat,Auto,0,sprite_btn_timeline_trigger,True,False,False,False,0,0,40056,0,0
301106,False,Event,10013,None,TimeLineAction,febg_mmrschool_001_timeline_board_play,None,True,False,10000000,0,0,0,0,True,-207705728,105510105,0,0,0,Repeat,Auto,0,sprite_btn_timeline_trigger,True,False,False,False,0,0,40055,0,0
301107,False,Event,10013,None,TimeLineAction,febg_mmrschool_001_timeline_board_study,None,False,True,10000000,105510112,0,0,0,True,-207705728,105610101,0,0,0,Repeat,Auto,0,sprite_btn_timeline_trigger,True,False,False,False,0,0,40055,0,0
301108,False,Event,10013,None,TimeLineAction,febg_mmrschool_001_timeline_board_study_01,None,False,True,10000000,105610105,0,0,0,True,-207705728,105610110,0,0,0,Repeat,Auto,0,sprite_btn_timeline_trigger,True,False,False,False,0,0,40056,0,0
301109,False,Event,10013,None,TimeLineAction,febg_mmrschool_001_timeline_clean,None,False,True,10000000,105710112,0,0,0,True,-1492792960,105710112,0,0,0,Repeat,Auto,0,sprite_btn_timeline_trigger,True,False,False,False,0,0,40056,0,0
301110,False,Event,10013,None,TimeLineAction,febg_mmrschool_001_timeline_board_clean,None,False,True,10000000,105710112,0,0,0,True,-1492792960,105710112,0,0,0,Repeat,Auto,0,sprite_btn_timeline_trigger,True,False,False,False,0,0,40057,0,0
301111,False,Event,10013,None,TimeLineAction,febg_mmrschool_001_timeline_board_play_01,None,False,True,651927552,105710112,0,0,0,True,-1518319232,105710112,0,0,0,Repeat,Auto,0,sprite_btn_timeline_trigger,True,False,False,False,0,0,40057,0,0
301112,False,Event,10013,None,TimeLineAction,febg_mmrschool_001_timeline_clean_01,None,False,True,626401280,105710112,0,0,0,True,2039548288,105710112,0,0,0,Repeat,Auto,0,sprite_btn_timeline_trigger,True,False,False,False,0,0,40057,0,0
301113,False,Event,10013,None,TimeLineAction,febg_mmrschool_001_timeline_board_clean_01,None,False,True,626401280,105710112,0,0,0,True,2039548288,105710112,0,0,0,Repeat,Auto,0,sprite_btn_timeline_trigger,True,False,False,False,0,0,40057,0,0
301114,False,Event,10013,None,NarrativeSign,33,None,True,False,10000000,0,0,0,0,True,-207705728,105610101,0,0,0,Repeat,Manual,0,sprite_btn_narrativesign_trigger_ce004,True,False,False,False,0,0,40056,0,0
301115,False,Event,10013,None,NarrativeSign,34,None,False,True,651927552,105710112,0,0,0,True,-1518319232,105710112,0,0,0,Repeat,Manual,0,sprite_btn_narrativesign_trigger_ce004,True,False,False,False,0,0,40057,0,0
301116,False,Event,10013,None,NarrativeSign,35,None,False,True,-1508319232,105710112,0,0,0,False,-207705728,0,0,0,0,Repeat,Manual,0,sprite_btn_narrativesign_trigger_ce004,True,False,False,False,0,0,40057,0,0
301117,False,Event,10013,None,NarrativeSign,36,None,False,True,10000000,105510110,0,0,0,True,-207705728,105610101,0,0,0,Repeat,Manual,0,sprite_btn_narrativesign_trigger_ce004,True,False,False,False,0,0,40055,40057,0
301118,False,Event,10013,None,NarrativeSign,37,None,False,True,651927552,105710112,0,0,0,True,-1518319232,105710112,0,0,0,Repeat,Manual,0,sprite_btn_narrativesign_trigger_ce004,True,False,False,False,0,0,40057,0,0
301119,False,Event,10013,None,NarrativeSign,38,None,False,True,-1508319232,105710112,0,0,0,False,-207705728,0,0,0,0,Repeat,Manual,0,sprite_btn_narrativesign_trigger_ce004,True,False,False,False,0,0,40057,0,0
301120,False,Event,10013,None,NarrativeSign,39,None,True,False,10000000,0,0,0,0,True,-207705728,105610101,0,0,0,Repeat,Manual,0,sprite_btn_narrativesign_trigger_ce004,True,False,False,False,0,0,40056,0,0
301121,False,Event,10013,None,NarrativeSign,40,None,False,True,10000000,105610101,0,0,0,True,-207705728,105710101,0,0,0,Repeat,Manual,0,sprite_btn_narrativesign_trigger_ce004,True,False,False,False,0,0,40056,40057,0
301122,False,Event,10013,None,NarrativeSign,41,None,False,True,10000000,105710101,0,0,0,False,-207705728,0,0,0,0,Repeat,Manual,0,sprite_btn_narrativesign_trigger_ce004,True,False,False,False,0,0,40057,0,0
301123,False,Event,10013,None,NarrativeSign,42,None,True,False,10000000,0,0,0,0,False,-207705728,0,0,0,0,Repeat,Manual,0,sprite_btn_narrativesign_trigger_ce004,True,False,False,False,0,0,0,0,0
301124,False,Event,10013,None,NarrativeSign,43,None,True,False,10000000,0,0,0,0,True,-207705728,105510110,0,0,0,Repeat,Manual,0,sprite_btn_narrativesign_trigger_ce004,True,False,False,False,0,0,40055,0,0
301125,False,Event,10013,None,NarrativeSign,44,None,True,False,10000000,0,0,0,0,True,-207705728,105710112,0,0,0,Repeat,Manual,0,sprite_btn_narrativesign_trigger_ce004,True,False,False,False,0,0,40057,0,0
301126,False,Event,10013,None,NarrativeSign,45,None,False,True,651927552,105710112,0,0,0,True,-1518319232,105710112,0,0,0,Repeat,Manual,0,sprite_btn_narrativesign_trigger_ce004,True,False,False,False,0,0,40057,0,0
301127,False,Event,10013,None,TimeLineAction,febg_mmrschool_001_timeline_command_main_03_01,None,False,True,10000000,105710112,0,0,0,False,-207705728,0,0,0,0,Repeat,Auto,0,sprite_btn_timeline_trigger,True,False,False,False,0,0,40057,0,0
301128,False,Event,10013,None,TimeLineAction,febg_mmrschool_001_timeline_study,None,False,True,10000000,105510112,0,0,0,True,-207705728,105610101,0,0,0,Repeat,Auto,0,sprite_btn_timeline_trigger,True,False,False,False,0,0,40055,0,0
301129,False,Event,10013,None,TimeLineAction,febg_mmrschool_001_timeline_study_01,None,False,True,10000000,105610105,0,0,0,True,-207705728,105610110,0,0,0,Repeat,Auto,0,sprite_btn_timeline_trigger,True,False,False,False,0,0,40056,0,0
301130,False,Event,10013,None,TimeLineAction,febg_mmrschool_001_timeline_play,None,True,False,10000000,0,0,0,0,True,-207705728,105510105,0,0,0,Repeat,Auto,0,sprite_btn_timeline_trigger,True,False,False,False,0,0,40055,0,0
301131,False,Event,10013,None,TimeLineAction,febg_mmrschool_001_timeline_play_01,None,False,True,651927552,105710112,0,0,0,True,-1518319232,105710112,0,0,0,Repeat,Auto,0,sprite_btn_timeline_trigger,True,False,False,False,0,0,40057,0,0
301132,False,Event,10013,None,TimeLineAction,febg_mmrschool_001_nk_timeline_researcher_001,None,False,True,10000000,105510110,0,0,0,True,-207705728,105710112,0,0,0,Repeat,Auto,0,sprite_btn_timeline_trigger,True,False,False,False,0,0,40055,0,0
301133,False,Event,10013,None,TimeLineAction,febg_mmrschool_001_nk_timeline_researcher_002,None,False,True,10000000,105510112,0,0,0,True,-207705728,105710112,0,0,0,Repeat,Auto,0,sprite_btn_timeline_trigger,True,False,False,False,0,0,40055,0,0
301134,False,Event,10013,None,TimeLineAction,febg_mmrschool_001_nk_timeline_researcher_003,None,False,True,10000000,105610110,0,0,0,True,-207705728,105710112,0,0,0,Repeat,Auto,0,sprite_btn_timeline_trigger,True,False,False,False,0,0,40056,0,0
301135,False,Event,10013,None,TimeLineAction,febg_mmrschool_001_nk_timeline_ether,None,False,True,10000000,105610110,0,0,0,True,-207705728,105710112,0,0,0,Repeat,Auto,0,sprite_btn_timeline_trigger,True,False,False,False,0,0,40056,0,0
301136,False,Event,10013,None,TimeLineAction,febg_mmrschool_001_nk_timeline_researcher_001_01,None,False,True,-1508319232,105710112,0,0,0,True,616401280,105710112,0,0,0,Repeat,Auto,0,sprite_btn_timeline_trigger,True,False,False,False,0,0,40057,0,0
301137,False,Event,10013,None,TimeLineAction,febg_mmrschool_001_nk_timeline_researcher_002_01,None,False,True,-1508319232,105710112,0,0,0,True,616401280,105710112,0,0,0,Repeat,Auto,0,sprite_btn_timeline_trigger,True,False,False,False,0,0,40057,0,0
401101,True,Event,10013,None,TimeLineAction,febg_mmrschool_001_timeline_command_main_03,None,False,True,10000000,105510110,0,0,0,True,-207705728,105510112,0,0,0,Repeat,Auto,0,sprite_btn_timeline_trigger,True,False,False,False,0,0,40055,0,0
401102,True,Event,10013,None,TimeLineAction,febg_mmrschool_001_timeline_command_main_01,None,False,True,10000000,105510112,0,0,0,True,-207705728,105610110,0,0,0,Repeat,Auto,0,sprite_btn_timeline_trigger,True,False,False,False,0,0,40055,0,0
401103,True,Event,10013,None,TimeLineAction,febg_mmrschool_001_timeline_command_sub_01,None,False,True,10000000,105510112,0,0,0,True,-207705728,105610110,0,0,0,Repeat,Auto,0,sprite_btn_timeline_trigger,True,False,False,False,0,0,40055,0,0
401104,True,Event,10013,None,TimeLineAction,febg_mmrschool_001_timeline_command_main_02,None,False,True,10000000,105610110,0,0,0,True,-207705728,105710112,0,0,0,Repeat,Auto,0,sprite_btn_timeline_trigger,True,False,False,False,0,0,40056,40057,0
401105,True,Event,10013,None,TimeLineAction,febg_mmrschool_001_timeline_command_sub_02,None,False,True,10000000,105610110,0,0,0,True,-207705728,105710112,0,0,0,Repeat,Auto,0,sprite_btn_timeline_trigger,True,False,False,False,0,0,40056,40057,0
401106,True,Event,10013,None,TimeLineAction,febg_mmrschool_001_timeline_board_play,None,True,False,10000000,0,0,0,0,True,-207705728,105510105,0,0,0,Repeat,Auto,0,sprite_btn_timeline_trigger,True,False,False,False,0,0,40055,0,0
401107,True,Event,10013,None,TimeLineAction,febg_mmrschool_001_timeline_board_study,None,False,True,10000000,105510112,0,0,0,True,-207705728,105610101,0,0,0,Repeat,Auto,0,sprite_btn_timeline_trigger,True,False,False,False,0,0,40055,0,0
401108,True,Event,10013,None,TimeLineAction,febg_mmrschool_001_timeline_board_study_01,None,False,True,10000000,105610105,0,0,0,True,-207705728,105610110,0,0,0,Repeat,Auto,0,sprite_btn_timeline_trigger,True,False,False,False,0,0,40056,0,0
401109,True,Event,10013,None,TimeLineAction,febg_mmrschool_001_timeline_clean,None,False,True,10000000,105710112,0,0,0,True,-207705728,105720101,0,0,0,Repeat,Auto,0,sprite_btn_timeline_trigger,True,False,False,False,0,0,40056,0,0
401110,True,Event,10013,None,TimeLineAction,febg_mmrschool_001_timeline_board_clean,None,False,True,10000000,105710112,0,0,0,True,-207705728,105720101,0,0,0,Repeat,Auto,0,sprite_btn_timeline_trigger,True,False,False,False,0,0,40057,0,0
401111,True,Event,10013,None,TimeLineAction,febg_mmrschool_001_timeline_board_play_01,None,False,True,10000000,105720105,0,0,0,True,-207705728,105720110,0,0,0,Repeat,Auto,0,sprite_btn_timeline_trigger,True,False,False,False,0,0,40057,0,0
401112,True,Event,10013,None,TimeLineAction,febg_mmrschool_001_timeline_clean_01,None,False,True,10000000,105720112,0,0,0,False,-207705728,0,0,0,0,Repeat,Auto,0,sprite_btn_timeline_trigger,True,False,False,False,0,0,40057,0,0
401113,True,Event,10013,None,TimeLineAction,febg_mmrschool_001_timeline_board_clean_01,None,False,True,10000000,105720112,0,0,0,False,-207705728,0,0,0,0,Repeat,Auto,0,sprite_btn_timeline_trigger,True,False,False,False,0,0,40057,0,0
401114,True,Event,10013,None,NarrativeSign,33,None,True,False,10000000,0,0,0,0,True,-207705728,105610101,0,0,0,Repeat,Manual,0,sprite_btn_narrativesign_trigger_ce004,True,False,False,False,0,0,40056,0,0
401115,True,Event,10013,None,NarrativeSign,34,None,False,True,10000000,105720101,0,0,0,True,-207705728,105720105,0,0,0,Repeat,Manual,0,sprite_btn_narrativesign_trigger_ce004,True,False,False,False,0,0,40057,0,0
401116,True,Event,10013,None,NarrativeSign,35,None,False,True,10000000,105720105,0,0,0,False,-207705728,0,0,0,0,Repeat,Manual,0,sprite_btn_narrativesign_trigger_ce004,True,False,False,False,0,0,40057,0,0
401117,True,Event,10013,None,NarrativeSign,36,None,False,True,10000000,105510110,0,0,0,True,-207705728,105610101,0,0,0,Repeat,Manual,0,sprite_btn_narrativesign_trigger_ce004,True,False,False,False,0,0,40055,40057,0
401118,True,Event,10013,None,NarrativeSign,37,None,False,True,10000000,105720101,0,0,0,True,-207705728,105720105,0,0,0,Repeat,Manual,0,sprite_btn_narrativesign_trigger_ce004,True,False,False,False,0,0,40057,0,0
401119,True,Event,10013,None,NarrativeSign,38,None,False,True,10000000,105720105,0,0,0,False,-207705728,0,0,0,0,Repeat,Manual,0,sprite_btn_narrativesign_trigger_ce004,True,False,False,False,0,0,40057,0,0
401120,True,Event,10013,None,NarrativeSign,39,None,True,False,10000000,0,0,0,0,True,-207705728,105610101,0,0,0,Repeat,Manual,0,sprite_btn_narrativesign_trigger_ce004,True,False,False,False,0,0,40056,0,0
401121,True,Event,10013,None,NarrativeSign,40,None,False,True,10000000,105610101,0,0,0,True,-207705728,105710101,0,0,0,Repeat,Manual,0,sprite_btn_narrativesign_trigger_ce004,True,False,False,False,0,0,40056,40057,0
401122,True,Event,10013,None,NarrativeSign,41,None,False,True,10000000,105710101,0,0,0,False,-207705728,0,0,0,0,Repeat,Manual,0,sprite_btn_narrativesign_trigger_ce004,True,False,False,False,0,0,40057,0,0
401123,True,Event,10013,None,NarrativeSign,42,None,True,False,10000000,0,0,0,0,False,-207705728,0,0,0,0,Repeat,Manual,0,sprite_btn_narrativesign_trigger_ce004,True,False,False,False,0,0,40055,0,0
401124,True,Event,10013,None,NarrativeSign,43,None,True,False,10000000,0,0,0,0,True,-207705728,105510110,0,0,0,Repeat,Manual,0,sprite_btn_narrativesign_trigger_ce004,True,False,False,False,0,0,40055,0,0
401125,True,Event,10013,None,NarrativeSign,44,None,True,False,10000000,0,0,0,0,True,-207705728,105710112,0,0,0,Repeat,Manual,0,sprite_btn_narrativesign_trigger_ce004,True,False,False,False,0,0,40057,0,0
401126,True,Event,10013,None,NarrativeSign,45,None,False,True,10000000,105720101,0,0,0,True,-207705728,105720105,0,0,0,Repeat,Manual,0,sprite_btn_narrativesign_trigger_ce004,True,False,False,False,0,0,40057,0,0
401127,True,Event,10013,None,TimeLineAction,febg_mmrschool_001_timeline_command_main_03_01,None,False,True,10000000,105710112,0,0,0,False,-207705728,0,0,0,0,Repeat,Auto,0,sprite_btn_timeline_trigger,True,False,False,False,0,0,40057,0,0
401128,True,Event,10013,None,TimeLineAction,febg_mmrschool_001_timeline_study,None,False,True,10000000,105510112,0,0,0,True,-207705728,105610101,0,0,0,Repeat,Auto,0,sprite_btn_timeline_trigger,True,False,False,False,0,0,40055,0,0
401129,True,Event,10013,None,TimeLineAction,febg_mmrschool_001_timeline_study_01,None,False,True,10000000,105610105,0,0,0,True,-207705728,105610110,0,0,0,Repeat,Auto,0,sprite_btn_timeline_trigger,True,False,False,False,0,0,40056,0,0
401130,True,Event,10013,None,TimeLineAction,febg_mmrschool_001_timeline_play,None,True,False,10000000,0,0,0,0,True,-207705728,105510105,0,0,0,Repeat,Auto,0,sprite_btn_timeline_trigger,True,False,False,False,0,0,40055,0,0
401131,True,Event,10013,None,TimeLineAction,febg_mmrschool_001_timeline_play_01,None,False,True,10000000,105720105,0,0,0,True,-207705728,105720110,0,0,0,Repeat,Auto,0,sprite_btn_timeline_trigger,True,False,False,False,0,0,40057,0,0
401132,True,Event,10013,None,TimeLineAction,febg_mmrschool_001_nk_timeline_researcher_001,None,False,True,10000000,105510110,0,0,0,True,-207705728,105710112,0,0,0,Repeat,Auto,0,sprite_btn_timeline_trigger,True,False,False,False,0,0,40055,40057,0
401133,True,Event,10013,None,TimeLineAction,febg_mmrschool_001_nk_timeline_researcher_002,None,False,True,10000000,105510112,0,0,0,True,-207705728,105710112,0,0,0,Repeat,Auto,0,sprite_btn_timeline_trigger,True,False,False,False,0,0,40055,40057,0
401134,True,Event,10013,None,TimeLineAction,febg_mmrschool_001_nk_timeline_researcher_003,None,False,True,10000000,105610110,0,0,0,True,-207705728,105710112,0,0,0,Repeat,Auto,0,sprite_btn_timeline_trigger,True,False,False,False,0,0,40056,40057,0
401135,True,Event,10013,None,TimeLineAction,febg_mmrschool_001_nk_timeline_ether,None,False,True,10000000,105610110,0,0,0,True,-207705728,105710112,0,0,0,Repeat,Auto,0,sprite_btn_timeline_trigger,True,False,False,False,0,0,40056,40057,0
401136,True,Event,10013,None,TimeLineAction,febg_mmrschool_001_nk_timeline_researcher_001_01,None,False,True,10000000,105720105,0,0,0,True,-207705728,105720112,0,0,0,Repeat,Auto,0,sprite_btn_timeline_trigger,True,False,False,False,0,0,40057,0,0
401137,True,Event,10013,None,TimeLineAction,febg_mmrschool_001_nk_timeline_researcher_002_01,None,False,True,10000000,105720105,0,0,0,True,-207705728,105720112,0,0,0,Repeat,Auto,0,sprite_btn_timeline_trigger,True,False,False,False,0,0,40057,0,0
301601,False,Event,10016,None,TimeLineAction,febg_mirrordimension_001_timeline_navmashobstacle_01,None,True,False,10000000,0,0,0,0,True,-207705728,106110105,0,0,0,Repeat,Auto,0,sprite_btn_timeline_trigger,True,False,False,False,0,0,40061,40062,0
301602,False,Event,10016,None,TimeLineAction,febg_mirrordimension_001_timeline_glitchedrapture_01,None,True,False,10000000,0,0,0,0,False,-207705728,0,0,0,0,OncePerEnter,Auto,0,sprite_btn_timeline_trigger,True,False,False,False,0,0,40061,40062,0
301603,False,Event,10016,None,TimeLineAction,febg_mirrordimension_001_timeline_glitchedrapture_02,None,True,False,10000000,0,0,0,0,False,-207705728,0,0,0,0,OncePerEnter,Auto,0,sprite_btn_timeline_trigger,True,False,False,False,0,0,40061,40062,0
301604,False,Event,10016,None,TimeLineAction,febg_mirrordimension_001_timeline_glitchedrapture_03,None,True,False,10000000,0,0,0,0,False,-207705728,0,0,0,0,OncePerEnter,Auto,0,sprite_btn_timeline_trigger,True,False,False,False,0,0,40061,40062,0
301605,False,Event,10016,None,TimeLineAction,febg_mirrordimension_001_timeline_glitchedrapture_04,None,True,False,10000000,0,0,0,0,False,-207705728,0,0,0,0,OncePerEnter,Auto,0,sprite_btn_timeline_trigger,True,False,False,False,0,0,40061,40062,0
301606,False,Event,10016,None,TimeLineAction,febg_mirrordimension_001_timeline_glitchedrapture_05,None,True,False,10000000,0,0,0,0,False,-207705728,0,0,0,0,OncePerEnter,Auto,0,sprite_btn_timeline_trigger,True,False,False,False,0,0,40061,40062,0
301607,False,Event,10016,None,TimeLineAction,febg_mirrordimension_001_timeline_glitchedrapture_06,None,True,False,10000000,0,0,0,0,False,-207705728,0,0,0,0,OncePerEnter,Auto,0,sprite_btn_timeline_trigger,True,False,False,False,0,0,40061,40062,0
301608,False,Event,10016,None,TimeLineAction,febg_mirrordimension_001_timeline_mirrormass_01,None,True,False,10000000,0,0,0,0,True,-207705728,106210105,0,0,0,Repeat,Auto,0,sprite_btn_timeline_trigger,True,False,False,False,0,0,40061,40062,0
301609,False,Event,10016,None,TimeLineAction,febg_mirrordimension_001_timeline_mirrormass_02,None,False,True,10000000,106210105,0,0,0,True,-207705728,106210110,0,0,0,Repeat,Auto,0,sprite_btn_timeline_trigger,True,False,False,False,0,0,40061,40062,0
301610,False,Event,10016,None,TimeLineAction,febg_mirrordimension_001_timeline_mirrormass_03,None,False,True,10000000,106210110,0,0,0,True,-207705728,106210112,0,0,0,Repeat,Auto,0,sprite_btn_timeline_trigger,True,False,False,False,0,0,40061,40062,0
301611,False,Event,10016,None,TimeLineAction,febg_mirrordimension_001_timeline_mirrormass_04,None,False,True,10000000,106210112,0,0,0,False,-207705728,0,0,0,0,Repeat,Auto,0,sprite_btn_timeline_trigger,True,False,False,False,0,0,40061,40062,0
301612,False,Event,10016,None,TimeLineAction,febg_mirrordimension_001_timeline_vault_01,None,True,False,10000000,0,0,0,0,True,-207705728,106110105,0,0,0,Repeat,Auto,0,sprite_btn_timeline_trigger,True,False,False,False,0,0,40061,40062,0
301613,False,Event,10016,None,TimeLineAction,febg_mirrordimension_001_timeline_vault_02,None,False,True,10000000,106110105,0,0,0,False,-207705728,0,0,0,0,Repeat,Auto,0,sprite_btn_timeline_trigger,True,False,False,False,0,0,40061,40062,0
301614,False,Event,10016,None,TimeLineAction,febg_mirrordimension_001_timeline_corrosionisland_01,None,True,False,10000000,0,0,0,0,True,-207705728,106210112,0,0,0,Repeat,Auto,0,sprite_btn_timeline_trigger,True,False,False,False,0,0,40061,40062,0
301615,False,Event,10016,None,TimeLineAction,febg_mirrordimension_001_timeline_corrosionisland_02,None,True,True,10000000,106210112,0,0,0,False,-207705728,0,0,0,0,Repeat,Auto,0,sprite_btn_timeline_trigger,True,False,False,False,0,0,40061,40062,0
301617,False,Event,10016,None,TimeLineAction,febg_mirrordimension_001_timeline_happymemoryfragment_01,None,True,False,10000000,0,0,0,0,True,-207705728,106110105,0,0,0,Repeat,Auto,0,sprite_btn_timeline_trigger,True,False,False,False,0,0,40061,40062,0
301618,False,Event,10016,None,TimeLineAction,febg_mirrordimension_001_timeline_happymemoryfragment_02,None,True,True,10000000,106110105,0,0,0,True,-207705728,106110112,0,0,0,Repeat,Auto,0,sprite_btn_timeline_trigger,True,False,False,False,0,0,40061,40062,0
301619,False,Event,10016,None,TimeLineAction,febg_mirrordimension_001_timeline_happymemoryfragment_03,None,True,True,10000000,106110112,0,0,0,True,-207705728,106210105,0,0,0,Repeat,Auto,0,sprite_btn_timeline_trigger,True,False,False,False,0,0,40061,40062,0
301620,False,Event,10016,None,TimeLineAction,febg_mirrordimension_001_timeline_happymemoryfragment_04,None,True,True,10000000,106210105,0,0,0,True,-207705728,106210110,0,0,0,Repeat,Auto,0,sprite_btn_timeline_trigger,True,False,False,False,0,0,40061,40062,0
301621,False,Event,10016,None,TimeLineAction,febg_mirrordimension_001_timeline_happymemoryfragment_05,None,True,True,10000000,106210110,0,0,0,True,-207705728,106210112,0,0,0,Repeat,Auto,0,sprite_btn_timeline_trigger,True,False,False,False,0,0,40061,40062,0
301622,False,Event,10016,None,TimeLineAction,febg_mirrordimension_001_timeline_happymemoryfragment_06,None,True,True,10000000,106210112,0,0,0,False,-207705728,0,0,0,0,Repeat,Auto,0,sprite_btn_timeline_trigger,True,False,False,False,0,0,40061,40062,0
301623,False,Event,10016,None,TimeLineAction,febg_mirrordimension_001_timeline_guiltymemoryfragment_01,None,True,False,10000000,0,0,0,0,True,-207705728,106110105,0,0,0,Repeat,Auto,0,sprite_btn_timeline_trigger,True,False,False,False,0,0,40061,40062,0
301624,False,Event,10016,None,TimeLineAction,febg_mirrordimension_001_timeline_guiltymemoryfragment_02,None,True,True,10000000,106110105,0,0,0,True,-207705728,106110110,0,0,0,Repeat,Auto,0,sprite_btn_timeline_trigger,True,False,False,False,0,0,40061,40062,0
301625,False,Event,10016,None,TimeLineAction,febg_mirrordimension_001_timeline_guiltymemoryfragment_03,None,True,True,10000000,106110110,0,0,0,True,-207705728,106210105,0,0,0,Repeat,Auto,0,sprite_btn_timeline_trigger,True,False,False,False,0,0,40061,40062,0
301626,False,Event,10016,None,TimeLineAction,febg_mirrordimension_001_timeline_guiltymemoryfragment_04,None,True,True,10000000,106210105,0,0,0,True,-207705728,106210110,0,0,0,Repeat,Auto,0,sprite_btn_timeline_trigger,True,False,False,False,0,0,40061,40062,0
301627,False,Event,10016,None,TimeLineAction,febg_mirrordimension_001_timeline_guiltymemoryfragment_05,None,True,True,10000000,106210110,0,0,0,True,-207705728,106210112,0,0,0,Repeat,Auto,0,sprite_btn_timeline_trigger,True,False,False,False,0,0,40061,40062,0
301628,False,Event,10016,None,TimeLineAction,febg_mirrordimension_001_timeline_guiltymemoryfragment_06,None,True,True,10000000,106210112,0,0,0,False,-207705728,0,0,0,0,Repeat,Auto,0,sprite_btn_timeline_trigger,True,False,False,False,0,0,40061,40062,0
301629,False,Event,10016,None,TimeLineAction,febg_mirrordimension_001_timeline_hatredmemoryfragment_01,None,True,False,10000000,0,0,0,0,True,-207705728,106110105,0,0,0,Repeat,Auto,0,sprite_btn_timeline_trigger,True,False,False,False,0,0,40061,40062,0
301630,False,Event,10016,None,TimeLineAction,febg_mirrordimension_001_timeline_hatredmemoryfragment_02,None,True,True,10000000,106110105,0,0,0,True,-207705728,106110112,0,0,0,Repeat,Auto,0,sprite_btn_timeline_trigger,True,False,False,False,0,0,40061,40062,0
301631,False,Event,10016,None,TimeLineAction,febg_mirrordimension_001_timeline_hatredmemoryfragment_03,None,True,True,10000000,106110112,0,0,0,True,-207705728,106210105,0,0,0,Repeat,Auto,0,sprite_btn_timeline_trigger,True,False,False,False,0,0,40061,40062,0
301632,False,Event,10016,None,TimeLineAction,febg_mirrordimension_001_timeline_hatredmemoryfragment_04,None,True,True,10000000,106210105,0,0,0,True,-207705728,106210110,0,0,0,Repeat,Auto,0,sprite_btn_timeline_trigger,True,False,False,False,0,0,40061,40062,0
301633,False,Event,10016,None,TimeLineAction,febg_mirrordimension_001_timeline_hatredmemoryfragment_05,None,True,True,10000000,106210110,0,0,0,True,-207705728,106210112,0,0,0,Repeat,Auto,0,sprite_btn_timeline_trigger,True,False,False,False,0,0,40061,40062,0
301634,False,Event,10016,None,TimeLineAction,febg_mirrordimension_001_timeline_hatredmemoryfragment_06,None,True,True,10000000,106210112,0,0,0,False,-207705728,0,0,0,0,Repeat,Auto,0,sprite_btn_timeline_trigger,True,False,False,False,0,0,40061,40062,0
301635,False,Event,10016,None,TimeLineAction,febg_mirrordimension_001_timeline_mirror_01_01,None,True,False,10000000,0,0,0,0,True,-207705728,106110105,0,0,0,Repeat,Auto,0,sprite_btn_timeline_trigger,True,False,False,False,0,0,40061,40062,0
301636,False,Event,10016,None,TimeLineAction,febg_mirrordimension_001_timeline_mirror_01_02,None,False,True,10000000,106110105,0,0,0,True,-207705728,106210101,0,0,0,Repeat,Auto,0,sprite_btn_timeline_trigger,True,False,False,False,0,0,40061,40062,0
301637,False,Event,10016,None,TimeLineAction,febg_mirrordimension_001_timeline_mirror_01_03,None,False,True,10000000,106210101,0,0,0,False,-207705728,0,0,0,0,Repeat,Auto,0,sprite_btn_timeline_trigger,True,False,False,False,0,0,40061,40062,0
301638,False,Event,10016,None,TimeLineAction,febg_mirrordimension_001_timeline_islandappear,None,True,True,10000000,106110105,0,0,0,False,-207705728,0,0,0,0,Once,Auto,0,sprite_btn_timeline_trigger,True,True,True,False,0,0,40061,40062,0
301639,False,Event,10016,None,NarrativeSign,301601,None,False,True,10000000,106210103,0,0,0,False,-207705728,0,0,0,0,Repeat,Manual,0,sprite_btn_narrativesign_trigger_oldtales,True,False,False,False,0,0,0,0,0
301640,False,Event,10016,None,NarrativeSign,301602,None,False,True,10000000,106110105,0,0,0,True,-207705728,106210106,0,0,0,Repeat,Manual,0,sprite_btn_narrativesign_trigger_oldtales,True,False,False,False,0,0,0,0,0
301641,False,Event,10016,None,NarrativeSign,301603,None,False,True,10000000,106210106,0,0,0,True,-207705728,106210112,0,0,0,Repeat,Manual,0,sprite_btn_narrativesign_trigger_oldtales,True,False,False,False,0,0,0,0,0
301642,False,Event,10016,None,NarrativeSign,301604,None,False,True,10000000,106210112,0,0,0,False,-207705728,0,0,0,0,Repeat,Manual,0,sprite_btn_narrativesign_trigger_oldtales,True,False,False,False,0,0,0,0,0
301643,False,Event,10016,None,NarrativeSign,301605,None,True,False,10000000,0,0,0,0,True,-207705728,106110105,0,0,0,Repeat,Manual,0,sprite_btn_narrativesign_trigger_oldtales,True,False,False,False,0,0,0,0,0
301644,False,Event,10016,None,NarrativeSign,301606,None,False,True,10000000,106110105,0,0,0,True,-207705728,106210101,0,0,0,Repeat,Manual,0,sprite_btn_narrativesign_trigger_oldtales,True,False,False,False,0,0,0,0,0
301645,False,Event,10016,None,NarrativeSign,301607,None,False,True,10000000,106210101,0,0,0,True,-207705728,106210103,0,0,0,Repeat,Manual,0,sprite_btn_narrativesign_trigger_oldtales,True,False,False,False,0,0,0,0,0
301646,False,Event,10016,None,NarrativeSign,301608,None,False,True,10000000,106210103,0,0,0,True,-207705728,106210106,0,0,0,Repeat,Manual,0,sprite_btn_narrativesign_trigger_oldtales,True,False,False,False,0,0,0,0,0
301647,False,Event,10016,None,NarrativeSign,301609,None,False,True,10000000,106210106,0,0,0,True,-207705728,106210108,0,0,0,Repeat,Manual,0,sprite_btn_narrativesign_trigger_oldtales,True,False,False,False,0,0,0,0,0
301648,False,Event,10016,None,NarrativeSign,301610,None,False,True,10000000,106210108,0,0,0,False,-207705728,0,0,0,0,Repeat,Manual,0,sprite_btn_narrativesign_trigger_oldtales,True,False,False,False,0,0,0,0,0
301649,False,Event,10016,None,NarrativeSign,301611,None,True,False,10000000,0,0,0,0,False,-207705728,0,0,0,0,Repeat,Manual,0,sprite_btn_narrativesign_trigger_oldtales,True,False,False,False,0,0,0,0,0
301650,False,Event,10016,None,NarrativeSign,301612,None,False,True,10000000,106210101,0,0,0,False,-207705728,0,0,0,0,Repeat,Manual,0,sprite_btn_narrativesign_trigger_oldtales,True,False,False,False,0,0,0,0,0
301651,False,Event,10016,None,NarrativeSign,301613,None,False,True,10000000,106210101,0,0,0,True,-207705728,106210108,0,0,0,Repeat,Manual,0,sprite_btn_narrativesign_trigger_oldtales,True,False,False,False,0,0,0,0,0
301652,False,Event,10016,None,NarrativeSign,301614,None,False,True,10000000,106210108,0,0,0,False,-207705728,0,0,0,0,Repeat,Manual,0,sprite_btn_narrativesign_trigger_oldtales,True,False,False,False,0,0,0,0,0
301653,False,Event,10016,None,NarrativeSign,301615,None,False,True,10000000,106110105,0,0,0,True,-207705728,106210101,0,0,0,Repeat,Manual,0,sprite_btn_narrativesign_trigger_oldtales,True,False,False,False,0,0,0,0,0
301654,False,Event,10016,None,NarrativeSign,301616,None,False,True,10000000,106110105,0,0,0,True,-207705728,106210101,0,0,0,Repeat,Manual,0,sprite_btn_narrativesign_trigger_oldtales,True,False,False,False,0,0,0,0,0
301655,False,Event,10016,None,NarrativeSign,301617,None,False,True,10000000,106110105,0,0,0,True,-207705728,106210101,0,0,0,Repeat,Manual,0,sprite_btn_narrativesign_trigger_oldtales,True,False,False,False,0,0,0,0,0
401601,True,Event,10016,None,TimeLineAction,febg_mirrordimension_001_timeline_navmashobstacle_01,None,True,False,10000000,0,0,0,0,True,-207705728,106110105,0,0,0,Repeat,Auto,0,sprite_btn_timeline_trigger,True,False,False,False,0,0,40061,40062,0
401602,True,Event,10016,None,TimeLineAction,febg_mirrordimension_001_timeline_glitchedrapture_01,None,True,False,10000000,0,0,0,0,False,-207705728,0,0,0,0,OncePerEnter,Auto,0,sprite_btn_timeline_trigger,True,False,False,False,0,0,40061,40062,0
401603,True,Event,10016,None,TimeLineAction,febg_mirrordimension_001_timeline_glitchedrapture_02,None,True,False,10000000,0,0,0,0,False,-207705728,0,0,0,0,OncePerEnter,Auto,0,sprite_btn_timeline_trigger,True,False,False,False,0,0,40061,40062,0
401604,True,Event,10016,None,TimeLineAction,febg_mirrordimension_001_timeline_glitchedrapture_03,None,True,False,10000000,0,0,0,0,False,-207705728,0,0,0,0,OncePerEnter,Auto,0,sprite_btn_timeline_trigger,True,False,False,False,0,0,40061,40062,0
401605,True,Event,10016,None,TimeLineAction,febg_mirrordimension_001_timeline_glitchedrapture_04,None,True,False,10000000,0,0,0,0,False,-207705728,0,0,0,0,OncePerEnter,Auto,0,sprite_btn_timeline_trigger,True,False,False,False,0,0,40061,40062,0
401606,True,Event,10016,None,TimeLineAction,febg_mirrordimension_001_timeline_glitchedrapture_05,None,True,False,10000000,0,0,0,0,False,-207705728,0,0,0,0,OncePerEnter,Auto,0,sprite_btn_timeline_trigger,True,False,False,False,0,0,40061,40062,0
401607,True,Event,10016,None,TimeLineAction,febg_mirrordimension_001_timeline_glitchedrapture_06,None,True,False,10000000,0,0,0,0,False,-207705728,0,0,0,0,OncePerEnter,Auto,0,sprite_btn_timeline_trigger,True,False,False,False,0,0,40061,40062,0
401608,True,Event,10016,None,TimeLineAction,febg_mirrordimension_001_timeline_mirrormass_01,None,True,False,10000000,0,0,0,0,True,-207705728,106210105,0,0,0,Repeat,Auto,0,sprite_btn_timeline_trigger,True,False,False,False,0,0,40061,40062,0
401609,True,Event,10016,None,TimeLineAction,febg_mirrordimension_001_timeline_mirrormass_02,None,False,True,10000000,106210105,0,0,0,True,-207705728,106210110,0,0,0,Repeat,Auto,0,sprite_btn_timeline_trigger,True,False,False,False,0,0,40061,40062,0
401610,True,Event,10016,None,TimeLineAction,febg_mirrordimension_001_timeline_mirrormass_03,None,False,True,10000000,106210110,0,0,0,True,-207705728,106210112,0,0,0,Repeat,Auto,0,sprite_btn_timeline_trigger,True,False,False,False,0,0,40061,40062,0
401611,True,Event,10016,None,TimeLineAction,febg_mirrordimension_001_timeline_mirrormass_04,None,False,True,10000000,106210112,0,0,0,False,-207705728,0,0,0,0,Repeat,Auto,0,sprite_btn_timeline_trigger,True,False,False,False,0,0,40061,40062,0
401612,True,Event,10016,None,TimeLineAction,febg_mirrordimension_001_timeline_vault_01,None,True,False,10000000,0,0,0,0,True,-207705728,106110105,0,0,0,Repeat,Auto,0,sprite_btn_timeline_trigger,True,False,False,False,0,0,40061,40062,0
401613,True,Event,10016,None,TimeLineAction,febg_mirrordimension_001_timeline_vault_02,None,False,True,10000000,106110105,0,0,0,False,-207705728,0,0,0,0,Repeat,Auto,0,sprite_btn_timeline_trigger,True,False,False,False,0,0,40061,40062,0
401614,True,Event,10016,None,TimeLineAction,febg_mirrordimension_001_timeline_corrosionisland_01,None,True,False,10000000,0,0,0,0,True,-207705728,106210112,0,0,0,Repeat,Auto,0,sprite_btn_timeline_trigger,True,False,False,False,0,0,40061,40062,0
401615,True,Event,10016,None,TimeLineAction,febg_mirrordimension_001_timeline_corrosionisland_02,None,True,True,10000000,106210112,0,0,0,False,-207705728,0,0,0,0,Repeat,Auto,0,sprite_btn_timeline_trigger,True,False,False,False,0,0,40061,40062,0
401617,True,Event,10016,None,TimeLineAction,febg_mirrordimension_001_timeline_happymemoryfragment_01,None,True,False,10000000,0,0,0,0,True,-207705728,106110105,0,0,0,Repeat,Auto,0,sprite_btn_timeline_trigger,True,False,False,False,0,0,40061,40062,0
401618,True,Event,10016,None,TimeLineAction,febg_mirrordimension_001_timeline_happymemoryfragment_02,None,True,True,10000000,106110105,0,0,0,True,-207705728,106110112,0,0,0,Repeat,Auto,0,sprite_btn_timeline_trigger,True,False,False,False,0,0,40061,40062,0
401619,True,Event,10016,None,TimeLineAction,febg_mirrordimension_001_timeline_happymemoryfragment_03,None,True,True,10000000,106110112,0,0,0,True,-207705728,106210105,0,0,0,Repeat,Auto,0,sprite_btn_timeline_trigger,True,False,False,False,0,0,40061,40062,0
401620,True,Event,10016,None,TimeLineAction,febg_mirrordimension_001_timeline_happymemoryfragment_04,None,True,True,10000000,106210105,0,0,0,True,-207705728,106210110,0,0,0,Repeat,Auto,0,sprite_btn_timeline_trigger,True,False,False,False,0,0,40061,40062,0
401621,True,Event,10016,None,TimeLineAction,febg_mirrordimension_001_timeline_happymemoryfragment_05,None,True,True,10000000,106210110,0,0,0,True,-207705728,106210112,0,0,0,Repeat,Auto,0,sprite_btn_timeline_trigger,True,False,False,False,0,0,40061,40062,0
401622,True,Event,10016,None,TimeLineAction,febg_mirrordimension_001_timeline_happymemoryfragment_06,None,True,True,10000000,106210112,0,0,0,False,-207705728,0,0,0,0,Repeat,Auto,0,sprite_btn_timeline_trigger,True,False,False,False,0,0,40061,40062,0
401623,True,Event,10016,None,TimeLineAction,febg_mirrordimension_001_timeline_guiltymemoryfragment_01,None,True,False,10000000,0,0,0,0,True,-207705728,106110105,0,0,0,Repeat,Auto,0,sprite_btn_timeline_trigger,True,False,False,False,0,0,40061,40062,0
401624,True,Event,10016,None,TimeLineAction,febg_mirrordimension_001_timeline_guiltymemoryfragment_02,None,True,True,10000000,106110105,0,0,0,True,-207705728,106110110,0,0,0,Repeat,Auto,0,sprite_btn_timeline_trigger,True,False,False,False,0,0,40061,40062,0
401625,True,Event,10016,None,TimeLineAction,febg_mirrordimension_001_timeline_guiltymemoryfragment_03,None,True,True,10000000,106110110,0,0,0,True,-207705728,106210105,0,0,0,Repeat,Auto,0,sprite_btn_timeline_trigger,True,False,False,False,0,0,40061,40062,0
401626,True,Event,10016,None,TimeLineAction,febg_mirrordimension_001_timeline_guiltymemoryfragment_04,None,True,True,10000000,106210105,0,0,0,True,-207705728,106210110,0,0,0,Repeat,Auto,0,sprite_btn_timeline_trigger,True,False,False,False,0,0,40061,40062,0
401627,True,Event,10016,None,TimeLineAction,febg_mirrordimension_001_timeline_guiltymemoryfragment_05,None,True,True,10000000,106210110,0,0,0,True,-207705728,106210112,0,0,0,Repeat,Auto,0,sprite_btn_timeline_trigger,True,False,False,False,0,0,40061,40062,0
401628,True,Event,10016,None,TimeLineAction,febg_mirrordimension_001_timeline_guiltymemoryfragment_06,None,True,True,10000000,106210112,0,0,0,False,-207705728,0,0,0,0,Repeat,Auto,0,sprite_btn_timeline_trigger,True,False,False,False,0,0,40061,40062,0
401629,True,Event,10016,None,TimeLineAction,febg_mirrordimension_001_timeline_hatredmemoryfragment_01,None,True,False,10000000,0,0,0,0,True,-207705728,106110105,0,0,0,Repeat,Auto,0,sprite_btn_timeline_trigger,True,False,False,False,0,0,40061,40062,0
401630,True,Event,10016,None,TimeLineAction,febg_mirrordimension_001_timeline_hatredmemoryfragment_02,None,True,True,10000000,106110105,0,0,0,True,-207705728,106110112,0,0,0,Repeat,Auto,0,sprite_btn_timeline_trigger,True,False,False,False,0,0,40061,40062,0
401631,True,Event,10016,None,TimeLineAction,febg_mirrordimension_001_timeline_hatredmemoryfragment_03,None,True,True,10000000,106110112,0,0,0,True,-207705728,106210105,0,0,0,Repeat,Auto,0,sprite_btn_timeline_trigger,True,False,False,False,0,0,40061,40062,0
401632,True,Event,10016,None,TimeLineAction,febg_mirrordimension_001_timeline_hatredmemoryfragment_04,None,True,True,10000000,106210105,0,0,0,True,-207705728,106210110,0,0,0,Repeat,Auto,0,sprite_btn_timeline_trigger,True,False,False,False,0,0,40061,40062,0
401633,True,Event,10016,None,TimeLineAction,febg_mirrordimension_001_timeline_hatredmemoryfragment_05,None,True,True,10000000,106210110,0,0,0,True,-207705728,106210112,0,0,0,Repeat,Auto,0,sprite_btn_timeline_trigger,True,False,False,False,0,0,40061,40062,0
401634,True,Event,10016,None,TimeLineAction,febg_mirrordimension_001_timeline_hatredmemoryfragment_06,None,True,True,10000000,106210112,0,0,0,False,-207705728,0,0,0,0,Repeat,Auto,0,sprite_btn_timeline_trigger,True,False,False,False,0,0,40061,40062,0
401635,True,Event,10016,None,TimeLineAction,febg_mirrordimension_001_timeline_mirror_01_01,None,True,False,10000000,0,0,0,0,True,-207705728,106110105,0,0,0,Repeat,Auto,0,sprite_btn_timeline_trigger,True,False,False,False,0,0,40061,40062,0
401636,True,Event,10016,None,TimeLineAction,febg_mirrordimension_001_timeline_mirror_01_02,None,False,True,10000000,106110105,0,0,0,True,-207705728,106210101,0,0,0,Repeat,Auto,0,sprite_btn_timeline_trigger,True,False,False,False,0,0,40061,40062,0
401637,True,Event,10016,None,TimeLineAction,febg_mirrordimension_001_timeline_mirror_01_03,None,False,True,10000000,106210101,0,0,0,False,-207705728,0,0,0,0,Repeat,Auto,0,sprite_btn_timeline_trigger,True,False,False,False,0,0,40061,40062,0
401638,True,Event,10016,None,TimeLineAction,febg_mirrordimension_001_timeline_islandappear,None,True,True,10000000,106110105,0,0,0,False,-207705728,0,0,0,0,Once,Auto,0,sprite_btn_timeline_trigger,True,True,True,False,0,0,40061,40062,0
401639,True,Event,10016,None,NarrativeSign,301601,None,False,True,10000000,106210103,0,0,0,False,-207705728,0,0,0,0,Repeat,Manual,0,sprite_btn_narrativesign_trigger_oldtales,True,False,False,False,0,0,0,0,0
401640,True,Event,10016,None,NarrativeSign,301602,None,False,True,10000000,106110105,0,0,0,True,-207705728,106210106,0,0,0,Repeat,Manual,0,sprite_btn_narrativesign_trigger_oldtales,True,False,False,False,0,0,0,0,0
401641,True,Event,10016,None,NarrativeSign,301603,None,False,True,10000000,106210106,0,0,0,True,-207705728,106210112,0,0,0,Repeat,Manual,0,sprite_btn_narrativesign_trigger_oldtales,True,False,False,False,0,0,0,0,0
401642,True,Event,10016,None,NarrativeSign,301604,None,False,True,10000000,106210112,0,0,0,False,-207705728,0,0,0,0,Repeat,Manual,0,sprite_btn_narrativesign_trigger_oldtales,True,False,False,False,0,0,0,0,0
401643,True,Event,10016,None,NarrativeSign,301605,None,True,False,10000000,0,0,0,0,True,-207705728,106110105,0,0,0,Repeat,Manual,0,sprite_btn_narrativesign_trigger_oldtales,True,False,False,False,0,0,0,0,0
401644,True,Event,10016,None,NarrativeSign,301606,None,False,True,10000000,106110105,0,0,0,True,-207705728,106210101,0,0,0,Repeat,Manual,0,sprite_btn_narrativesign_trigger_oldtales,True,False,False,False,0,0,0,0,0
401645,True,Event,10016,None,NarrativeSign,301607,None,False,True,10000000,106210101,0,0,0,True,-207705728,106210103,0,0,0,Repeat,Manual,0,sprite_btn_narrativesign_trigger_oldtales,True,False,False,False,0,0,0,0,0
401646,True,Event,10016,None,NarrativeSign,301608,None,False,True,10000000,106210103,0,0,0,True,-207705728,106210106,0,0,0,Repeat,Manual,0,sprite_btn_narrativesign_trigger_oldtales,True,False,False,False,0,0,0,0,0
401647,True,Event,10016,None,NarrativeSign,301609,None,False,True,10000000,106210106,0,0,0,True,-207705728,106210108,0,0,0,Repeat,Manual,0,sprite_btn_narrativesign_trigger_oldtales,True,False,False,False,0,0,0,0,0
401648,True,Event,10016,None,NarrativeSign,301610,None,False,True,10000000,106210108,0,0,0,False,-207705728,0,0,0,0,Repeat,Manual,0,sprite_btn_narrativesign_trigger_oldtales,True,False,False,False,0,0,0,0,0
401649,True,Event,10016,None,NarrativeSign,301611,None,True,False,10000000,0,0,0,0,False,-207705728,0,0,0,0,Repeat,Manual,0,sprite_btn_narrativesign_trigger_oldtales,True,False,False,False,0,0,0,0,0
401650,True,Event,10016,None,NarrativeSign,301612,None,False,True,10000000,106210101,0,0,0,False,-207705728,0,0,0,0,Repeat,Manual,0,sprite_btn_narrativesign_trigger_oldtales,True,False,False,False,0,0,0,0,0
401651,True,Event,10016,None,NarrativeSign,301613,None,False,True,10000000,106210101,0,0,0,True,-207705728,106210108,0,0,0,Repeat,Manual,0,sprite_btn_narrativesign_trigger_oldtales,True,False,False,False,0,0,0,0,0
401652,True,Event,10016,None,NarrativeSign,301614,None,False,True,10000000,106210108,0,0,0,False,-207705728,0,0,0,0,Repeat,Manual,0,sprite_btn_narrativesign_trigger_oldtales,True,False,False,False,0,0,0,0,0
401653,True,Event,10016,None,NarrativeSign,301615,None,False,True,10000000,106110105,0,0,0,True,-207705728,106210101,0,0,0,Repeat,Manual,0,sprite_btn_narrativesign_trigger_oldtales,True,False,False,False,0,0,0,0,0
401654,True,Event,10016,None,NarrativeSign,301616,None,False,True,10000000,106110105,0,0,0,True,-207705728,106210101,0,0,0,Repeat,Manual,0,sprite_btn_narrativesign_trigger_oldtales,True,False,False,False,0,0,0,0,0
401655,True,Event,10016,None,NarrativeSign,301617,None,False,True,10000000,106110105,0,0,0,True,-207705728,106210101,0,0,0,Repeat,Manual,0,sprite_btn_narrativesign_trigger_oldtales,True,False,False,False,0,0,0,0,0
301701,False,Event,10017,None,NarrativeSign,301701,None,False,True,10000000,106510108,0,0,0,True,-207705728,106510112,0,0,0,Repeat,Manual,0,sprite_btn_narrativesign_trigger_ice_01,True,False,False,False,0,0,40064,40065,0
301702,False,Event,10017,None,NarrativeSign,301702,None,False,True,10000000,106510108,0,0,0,True,-207705728,106510112,0,0,0,Repeat,Manual,0,sprite_btn_narrativesign_trigger_ice_01,True,False,False,False,0,0,40064,40065,0
301703,False,Event,10017,None,NarrativeSign,301703,None,False,True,10000000,106510108,0,0,0,True,-207705728,106510112,0,0,0,Repeat,Manual,0,sprite_btn_narrativesign_trigger_ice_01,True,False,False,False,0,0,40064,40065,0
301704,False,Event,10017,None,NarrativeSign,301704,None,False,True,10000000,106510108,0,0,0,True,-207705728,106510112,0,0,0,Repeat,Manual,0,sprite_btn_narrativesign_trigger_ice_01,True,False,False,False,0,0,40064,40065,0
301705,False,Event,10017,None,NarrativeSign,301705,None,False,True,10000000,106510110,0,0,0,True,-207705728,106510112,0,0,0,Repeat,Manual,0,sprite_btn_narrativesign_trigger_ice_01,True,False,False,False,0,0,40064,40065,0
301706,False,Event,10017,None,NarrativeSign,301706,None,False,True,10000000,106510110,0,0,0,True,-207705728,106510112,0,0,0,Repeat,Manual,0,sprite_btn_narrativesign_trigger_ice_01,True,False,False,False,0,0,40064,40065,0
301707,False,Event,10017,None,NarrativeSign,301707,None,False,True,10000000,106510110,0,0,0,True,-207705728,106510112,0,0,0,Repeat,Manual,0,sprite_btn_narrativesign_trigger_ice_01,True,False,False,False,0,0,40064,40065,0
301708,False,Event,10017,None,NarrativeSign,301708,None,False,True,10000000,106510110,0,0,0,True,-207705728,106510112,0,0,0,Repeat,Manual,0,sprite_btn_narrativesign_trigger_ice_01,True,False,False,False,0,0,40064,40065,0
301709,False,Event,10017,None,NarrativeSign,301709,None,False,True,10000000,106510110,0,0,0,True,-207705728,106510112,0,0,0,Repeat,Manual,0,sprite_btn_narrativesign_trigger_ice_01,True,False,False,False,0,0,40064,40065,0
301710,False,Event,10017,None,NarrativeSign,301710,None,False,True,10000000,106510110,0,0,0,True,-207705728,106510112,0,0,0,Repeat,Manual,0,sprite_btn_narrativesign_trigger_ice_01,True,False,False,False,0,0,40064,40065,0
301711,False,Event,10017,None,NarrativeSign,301711,None,False,True,10000000,106510110,0,0,0,True,-207705728,106510112,0,0,0,Repeat,Manual,0,sprite_btn_narrativesign_trigger_ice_01,True,False,False,False,0,0,40064,40065,0
301712,False,Event,10017,None,NarrativeSign,301712,None,False,True,10000000,106510110,0,0,0,True,-207705728,106510112,0,0,0,Repeat,Manual,0,sprite_btn_narrativesign_trigger_ice_01,True,False,False,False,0,0,40064,40065,0
301713,False,Event,10017,None,NarrativeSign,301713,None,False,True,10000000,106510110,0,0,0,True,-207705728,106510112,0,0,0,Repeat,Manual,0,sprite_btn_narrativesign_trigger_ice_01,True,False,False,False,0,0,40064,40065,0
301714,False,Event,10017,None,NarrativeSign,301714,None,True,False,10000000,0,0,0,0,False,-207705728,0,0,0,0,Repeat,Manual,0,sprite_btn_narrativesign_trigger_ice_02,True,False,False,False,0,0,0,0,0
301715,False,Event,10017,None,NarrativeSign,301715,None,True,False,10000000,0,0,0,0,False,-207705728,0,0,0,0,Repeat,Manual,0,sprite_btn_narrativesign_trigger_ice_02,True,False,False,False,0,0,0,0,0
301716,False,Event,10017,None,NarrativeSign,301716,None,True,False,10000000,0,0,0,0,False,-207705728,0,0,0,0,Repeat,Manual,0,sprite_btn_narrativesign_trigger_ice_02,True,False,False,False,0,0,0,0,0
301717,False,Event,10017,None,NarrativeSign,301717,None,True,False,10000000,0,0,0,0,False,-207705728,0,0,0,0,Repeat,Manual,0,sprite_btn_narrativesign_trigger_ice_02,True,False,False,False,0,0,0,0,0
301718,False,Event,10017,None,NarrativeSign,301718,None,True,False,10000000,0,0,0,0,False,-207705728,0,0,0,0,Repeat,Manual,0,sprite_btn_narrativesign_trigger_ice_02,True,False,False,False,0,0,0,0,0
301719,False,Event,10017,None,NarrativeSign,301719,None,True,False,10000000,0,0,0,0,False,-207705728,0,0,0,0,Repeat,Manual,0,sprite_btn_narrativesign_trigger_ice_02,True,False,False,False,0,0,0,0,0
301720,False,Event,10017,None,TimeLineAction,febg_snowvillage_001_timeline_statue,None,True,False,10000000,0,0,0,0,False,-207705728,0,0,0,0,Repeat,Auto,0,sprite_btn_timeline_trigger,True,False,False,False,0,0,0,0,0
301721,False,Event,10017,None,TimeLineAction,febg_snowvillage_001_timeline_cooking,None,False,True,10000000,106410108,0,0,0,True,-207705728,106410110,0,0,0,Repeat,Auto,0,sprite_btn_timeline_trigger,True,False,False,False,0,0,40064,40065,0
301722,False,Event,10017,None,TimeLineAction,febg_snowvillage_001_timeline_explosionmagic,None,False,True,10000000,106410110,0,0,0,True,-207705728,106410112,0,0,0,Repeat,Auto,0,sprite_btn_timeline_trigger,True,False,False,False,0,0,40064,40065,0
301723,False,Event,10017,None,TimeLineAction,febg_snowvillage_001_timeline_spiritfrima,None,True,False,10000000,0,0,0,0,True,-207705728,106410112,0,0,0,Repeat,Auto,0,sprite_btn_timeline_trigger,True,False,False,False,0,0,40064,40065,0
301724,False,Event,10017,None,TimeLineAction,febg_snowvillage_001_timeline_gate_close,None,True,False,10000000,0,0,0,0,True,-207705728,106510105,0,0,0,Repeat,Auto,0,sprite_btn_timeline_trigger,True,False,False,False,0,0,40064,40065,0
301726,False,Event,10017,None,TimeLineAction,febg_snowvillage_001_timeline_hideandseek,None,False,True,10000000,106510112,0,0,0,False,-207705728,0,0,0,0,Repeat,Auto,0,sprite_btn_timeline_trigger,True,False,False,False,0,0,40064,40065,0
301727,False,Event,10017,None,TimeLineAction,febg_snowvillage_001_timeline_box,None,True,False,10000000,0,0,0,0,True,-207705728,106410110,0,0,0,Repeat,Auto,0,sprite_btn_timeline_trigger,True,False,False,False,0,0,40064,40065,0
301728,False,Event,10017,None,TimeLineAction,febg_snowvillage_001_timeline_box_mimic,None,False,True,10000000,106410110,0,0,0,True,-207705728,106410112,0,0,0,Repeat,Auto,0,sprite_btn_timeline_trigger,True,False,False,False,0,0,40064,40065,0
301729,False,Event,10017,None,TimeLineAction,febg_snowvillage_001_timeline_unstableworld_01,None,True,False,10000000,0,0,0,0,False,-207705728,0,0,0,0,Repeat,Auto,0,sprite_btn_timeline_trigger,True,False,False,False,0,0,40064,40065,0
301730,False,Event,10017,None,TimeLineAction,febg_snowvillage_001_timeline_unstableworld_02,None,False,True,10000000,106410112,0,0,0,False,-207705728,0,0,0,0,Repeat,Auto,0,sprite_btn_timeline_trigger,True,False,False,False,0,0,40064,40065,0
301731,False,Event,10017,None,TimeLineAction,febg_snowvillage_001_timeline_unstableworld_03,None,False,True,10000000,106510112,0,0,0,False,-207705728,0,0,0,0,Repeat,Auto,0,sprite_btn_timeline_trigger,True,False,False,False,0,0,40064,40065,0
301732,False,Event,10017,None,TimeLineAction,febg_snowvillage_001_timeline_bonfire,None,False,True,1692180480,106410112,0,0,0,False,-207705728,0,0,0,0,Repeat,Auto,0,sprite_btn_timeline_trigger,True,False,False,False,0,0,40064,40065,0
301733,False,Event,10017,None,TimeLineAction,febg_snowvillage_001_timeline_magiccircle,None,False,True,10000000,106410105,0,0,0,False,-207705728,0,0,0,0,Repeat,Auto,0,sprite_btn_timeline_trigger,True,False,False,False,0,0,40064,40065,0
401701,False,Event,10017,None,NarrativeSign,301701,None,False,True,10000000,106510108,0,0,0,True,-207705728,106510112,0,0,0,Repeat,Manual,0,sprite_btn_narrativesign_trigger_ice_01,True,False,False,False,0,0,40064,40065,0
401702,False,Event,10017,None,NarrativeSign,301702,None,False,True,10000000,106510108,0,0,0,True,-207705728,106510112,0,0,0,Repeat,Manual,0,sprite_btn_narrativesign_trigger_ice_01,True,False,False,False,0,0,40064,40065,0
401703,False,Event,10017,None,NarrativeSign,301703,None,False,True,10000000,106510108,0,0,0,True,-207705728,106510112,0,0,0,Repeat,Manual,0,sprite_btn_narrativesign_trigger_ice_01,True,False,False,False,0,0,40064,40065,0
401704,False,Event,10017,None,NarrativeSign,301704,None,False,True,10000000,106510108,0,0,0,True,-207705728,106510112,0,0,0,Repeat,Manual,0,sprite_btn_narrativesign_trigger_ice_01,True,False,False,False,0,0,40064,40065,0
401705,False,Event,10017,None,NarrativeSign,301705,None,False,True,10000000,106510110,0,0,0,True,-207705728,106510112,0,0,0,Repeat,Manual,0,sprite_btn_narrativesign_trigger_ice_01,True,False,False,False,0,0,40064,40065,0
401706,False,Event,10017,None,NarrativeSign,301706,None,False,True,10000000,106510110,0,0,0,True,-207705728,106510112,0,0,0,Repeat,Manual,0,sprite_btn_narrativesign_trigger_ice_01,True,False,False,False,0,0,40064,40065,0
401707,False,Event,10017,None,NarrativeSign,301707,None,False,True,10000000,106510110,0,0,0,True,-207705728,106510112,0,0,0,Repeat,Manual,0,sprite_btn_narrativesign_trigger_ice_01,True,False,False,False,0,0,40064,40065,0
401708,False,Event,10017,None,NarrativeSign,301708,None,False,True,10000000,106510110,0,0,0,True,-207705728,106510112,0,0,0,Repeat,Manual,0,sprite_btn_narrativesign_trigger_ice_01,True,False,False,False,0,0,40064,40065,0
401709,False,Event,10017,None,NarrativeSign,301709,None,False,True,10000000,106510110,0,0,0,True,-207705728,106510112,0,0,0,Repeat,Manual,0,sprite_btn_narrativesign_trigger_ice_01,True,False,False,False,0,0,40064,40065,0
401710,False,Event,10017,None,NarrativeSign,301710,None,False,True,10000000,106510110,0,0,0,True,-207705728,106510112,0,0,0,Repeat,Manual,0,sprite_btn_narrativesign_trigger_ice_01,True,False,False,False,0,0,40064,40065,0
401711,False,Event,10017,None,NarrativeSign,301711,None,False,True,10000000,106510110,0,0,0,True,-207705728,106510112,0,0,0,Repeat,Manual,0,sprite_btn_narrativesign_trigger_ice_01,True,False,False,False,0,0,40064,40065,0
401712,False,Event,10017,None,NarrativeSign,301712,None,False,True,10000000,106510110,0,0,0,True,-207705728,106510112,0,0,0,Repeat,Manual,0,sprite_btn_narrativesign_trigger_ice_01,True,False,False,False,0,0,40064,40065,0
401713,False,Event,10017,None,NarrativeSign,301713,None,False,True,10000000,106510110,0,0,0,True,-207705728,106510112,0,0,0,Repeat,Manual,0,sprite_btn_narrativesign_trigger_ice_01,True,False,False,False,0,0,40064,40065,0
401714,False,Event,10017,None,NarrativeSign,301714,None,True,False,10000000,0,0,0,0,False,-207705728,0,0,0,0,Repeat,Manual,0,sprite_btn_narrativesign_trigger_ice_02,True,False,False,False,0,0,0,0,0
401715,False,Event,10017,None,NarrativeSign,301715,None,True,False,10000000,0,0,0,0,False,-207705728,0,0,0,0,Repeat,Manual,0,sprite_btn_narrativesign_trigger_ice_02,True,False,False,False,0,0,0,0,0
401716,False,Event,10017,None,NarrativeSign,301716,None,True,False,10000000,0,0,0,0,False,-207705728,0,0,0,0,Repeat,Manual,0,sprite_btn_narrativesign_trigger_ice_02,True,False,False,False,0,0,0,0,0
401717,False,Event,10017,None,NarrativeSign,301717,None,True,False,10000000,0,0,0,0,False,-207705728,0,0,0,0,Repeat,Manual,0,sprite_btn_narrativesign_trigger_ice_02,True,False,False,False,0,0,0,0,0
401718,False,Event,10017,None,NarrativeSign,301718,None,True,False,10000000,0,0,0,0,False,-207705728,0,0,0,0,Repeat,Manual,0,sprite_btn_narrativesign_trigger_ice_02,True,False,False,False,0,0,0,0,0
401719,False,Event,10017,None,NarrativeSign,301719,None,True,False,10000000,0,0,0,0,False,-207705728,0,0,0,0,Repeat,Manual,0,sprite_btn_narrativesign_trigger_ice_02,True,False,False,False,0,0,0,0,0
401720,False,Event,10017,None,TimeLineAction,febg_snowvillage_001_timeline_statue,None,True,False,10000000,0,0,0,0,False,-207705728,0,0,0,0,Repeat,Auto,0,sprite_btn_timeline_trigger,True,False,False,False,0,0,0,0,0
401721,False,Event,10017,None,TimeLineAction,febg_snowvillage_001_timeline_cooking,None,False,True,10000000,106410108,0,0,0,True,-207705728,106410110,0,0,0,Repeat,Auto,0,sprite_btn_timeline_trigger,True,False,False,False,0,0,40064,40065,0
401722,False,Event,10017,None,TimeLineAction,febg_snowvillage_001_timeline_explosionmagic,None,False,True,10000000,106410110,0,0,0,True,-207705728,106410112,0,0,0,Repeat,Auto,0,sprite_btn_timeline_trigger,True,False,False,False,0,0,40064,40065,0
401723,False,Event,10017,None,TimeLineAction,febg_snowvillage_001_timeline_spiritfrima,None,True,False,10000000,0,0,0,0,True,-207705728,106410112,0,0,0,Repeat,Auto,0,sprite_btn_timeline_trigger,True,False,False,False,0,0,40064,40065,0
401724,False,Event,10017,None,TimeLineAction,febg_snowvillage_001_timeline_gate_close,None,True,False,10000000,0,0,0,0,True,-207705728,106510105,0,0,0,Repeat,Auto,0,sprite_btn_timeline_trigger,True,False,False,False,0,0,40064,40065,0
401726,False,Event,10017,None,TimeLineAction,febg_snowvillage_001_timeline_hideandseek,None,False,True,10000000,106510112,0,0,0,False,-207705728,0,0,0,0,Repeat,Auto,0,sprite_btn_timeline_trigger,True,False,False,False,0,0,40064,40065,0
401727,False,Event,10017,None,TimeLineAction,febg_snowvillage_001_timeline_box,None,True,False,10000000,0,0,0,0,True,-207705728,106410110,0,0,0,Repeat,Auto,0,sprite_btn_timeline_trigger,True,False,False,False,0,0,40064,40065,0
401728,False,Event,10017,None,TimeLineAction,febg_snowvillage_001_timeline_box_mimic,None,False,True,10000000,106410110,0,0,0,True,-207705728,106410112,0,0,0,Repeat,Auto,0,sprite_btn_timeline_trigger,True,False,False,False,0,0,40064,40065,0
401729,False,Event,10017,None,TimeLineAction,febg_snowvillage_001_timeline_unstableworld_01,None,True,False,10000000,0,0,0,0,False,-207705728,0,0,0,0,Repeat,Auto,0,sprite_btn_timeline_trigger,True,False,False,False,0,0,40064,40065,0
401730,False,Event,10017,None,TimeLineAction,febg_snowvillage_001_timeline_unstableworld_02,None,False,True,10000000,106410112,0,0,0,False,-207705728,0,0,0,0,Repeat,Auto,0,sprite_btn_timeline_trigger,True,False,False,False,0,0,40064,40065,0
401731,False,Event,10017,None,TimeLineAction,febg_snowvillage_001_timeline_unstableworld_03,None,False,True,10000000,106510112,0,0,0,False,-207705728,0,0,0,0,Repeat,Auto,0,sprite_btn_timeline_trigger,True,False,False,False,0,0,40064,40065,0
401732,False,Event,10017,None,TimeLineAction,febg_snowvillage_001_timeline_bonfire,None,False,True,10000000,106410112,0,0,0,False,-207705728,0,0,0,0,Repeat,Auto,0,sprite_btn_timeline_trigger,True,False,False,False,0,0,40064,40065,0
401733,False,Event,10017,None,TimeLineAction,febg_snowvillage_001_timeline_magiccircle,None,False,True,10000000,106410105,0,0,0,False,-207705728,0,0,0,0,Repeat,Auto,0,sprite_btn_timeline_trigger,True,False,False,False,0,0,40064,40065,0
301801,False,Event,10018,None,NarrativeSign,301801,None,True,True,10000000,107010101,0,0,0,True,674291712,107010106,0,0,0,Repeat,Manual,0,sprite_btn_narrativesign_trigger_ce004,True,False,False,False,0,0,40070,0,0
301802,False,Event,10018,None,NarrativeSign,301802,None,True,True,10000000,107010103,0,0,0,True,674291712,107010106,0,0,0,Repeat,Manual,0,sprite_btn_narrativesign_trigger_ce004,True,False,False,False,0,0,40070,0,0
301803,False,Event,10018,None,NarrativeSign,301803,None,True,True,674291712,107010106,0,0,0,True,648765440,107110101,0,0,0,Repeat,Manual,0,sprite_btn_narrativesign_trigger_ce004,True,False,False,False,0,0,40070,40071,0
301804,False,Event,10018,None,NarrativeSign,301804,None,True,True,674291712,107010107,0,0,0,True,648765440,107110101,0,0,0,Repeat,Manual,0,sprite_btn_narrativesign_trigger_ce004,True,False,False,False,0,0,40070,40071,0
301805,False,Event,10018,None,NarrativeSign,301805,None,True,True,1385865216,107010111,0,0,0,True,648765440,107110101,0,0,0,Repeat,Manual,0,sprite_btn_narrativesign_trigger_ce004,True,False,False,False,0,0,40070,40071,0
301806,False,Event,10018,None,NarrativeSign,301806,None,True,True,648765440,107110101,0,0,0,True,2071912448,107110111,0,0,0,Repeat,Manual,0,sprite_btn_narrativesign_trigger_ce004,True,False,False,False,0,0,40071,0,0
301807,False,Event,10018,None,NarrativeSign,301807,None,True,True,648765440,107110101,0,0,0,True,1360338944,107110106,0,0,0,Repeat,Manual,0,sprite_btn_narrativesign_trigger_ce004,True,False,False,False,0,0,40071,0,0
301808,False,Event,10018,None,NarrativeSign,301808,None,True,True,648765440,107110103,0,0,0,True,2071912448,107110111,0,0,0,Repeat,Manual,0,sprite_btn_narrativesign_trigger_ce004,True,False,False,False,0,0,40071,0,0
301809,False,Event,10018,None,NarrativeSign,301809,None,True,True,648765440,107110103,0,0,0,True,2071912448,107110111,0,0,0,Repeat,Manual,0,sprite_btn_narrativesign_trigger_ce004,True,False,False,False,0,0,40071,0,0
301810,False,Event,10018,None,NarrativeSign,301810,None,True,True,1360338944,107110106,0,0,0,True,-1511481344,107110112,0,0,0,Repeat,Manual,0,sprite_btn_narrativesign_trigger_ce004,True,False,False,False,0,0,40071,0,0
301811,False,Event,10018,None,NarrativeSign,301811,None,True,True,1360338944,107110106,0,0,0,True,2071912448,107110111,0,0,0,Repeat,Manual,0,sprite_btn_narrativesign_trigger_ce004,True,False,False,False,0,0,40071,0,0
301812,False,Event,10018,None,NarrativeSign,301812,None,True,True,1360338944,107110106,0,0,0,True,2020859904,0,0,0,0,Repeat,Manual,0,sprite_btn_narrativesign_trigger_ce004,True,False,False,False,0,0,40071,0,0
301813,False,Event,10018,None,NarrativeSign,301813,None,True,True,1360338944,107110109,0,0,0,True,2020859904,0,0,0,0,Repeat,Manual,0,sprite_btn_narrativesign_trigger_ce004,True,False,False,False,0,0,40071,0,0
301814,False,Event,10018,None,TimeLineAction,febg_redocean_001_01_timeline_belvedere,None,True,False,10000000,0,0,0,0,True,-207705728,107010113,0,0,0,Repeat,Manual,0,sprite_btn_timeline_trigger,True,True,False,False,0,0,40070,40071,0
301815,False,Event,10018,None,TimeLineAction,febg_redocean_001_02_timeline_belvedere,None,False,True,10000000,107010113,0,0,0,True,648765440,107010113,0,0,0,Repeat,Manual,0,sprite_btn_timeline_trigger,True,True,False,False,0,0,40070,40071,0
301816,False,Event,10018,None,TimeLineAction,febg_redocean_001_03_timeline_belvedere,None,False,True,648765440,107010113,0,0,0,True,648765440,107110105,0,0,0,Repeat,Manual,0,sprite_btn_timeline_trigger,True,True,False,False,0,0,40070,40071,0
301817,False,Event,10018,None,TimeLineAction,febg_redocean_001_04_timeline_belvedere,None,False,True,648765440,107110105,0,0,0,True,648765440,107110112,0,0,0,Repeat,Manual,0,sprite_btn_timeline_trigger,True,True,False,False,0,0,40070,40071,0
301818,False,Event,10018,None,TimeLineAction,febg_redocean_001_05_timeline_belvedere,None,False,True,648765440,107110112,0,0,0,False,-207705728,0,0,0,0,Repeat,Manual,0,sprite_btn_timeline_trigger,True,True,False,False,0,0,40070,40071,0
301819,False,Event,10018,None,TimeLineAction,febg_redocean_001_01_timeline_cleandock,None,False,True,10000000,107010101,0,0,0,True,-207705728,107010106,0,0,0,Repeat,Auto,0,sprite_btn_timeline_trigger,True,False,False,False,0,0,40070,40071,0
301820,False,Event,10018,None,TimeLineAction,febg_redocean_001_03_timeline_moving,None,False,True,648765440,107010113,0,0,0,True,-207705728,107110105,0,0,0,Repeat,Auto,0,sprite_btn_timeline_trigger,True,False,False,False,0,0,40070,40071,0
301821,False,Event,10018,None,TimeLineAction,febg_redocean_001_01_timeline_interposition,None,True,True,10000000,107010106,0,0,0,False,-207705728,0,0,0,0,Once,Auto,0,sprite_btn_timeline_trigger,True,True,True,False,0,0,40070,40071,0
301822,False,Event,10018,None,TimeLineAction,febg_redocean_001_01_timeline_interposition_hold,None,True,False,10000000,0,0,0,0,True,-207705728,107010106,0,0,0,Repeat,Auto,0,sprite_btn_timeline_trigger,True,False,False,False,0,0,40070,40071,0
301823,False,Event,10018,None,TimeLineAction,febg_redocean_001_03_timeline_commandpost,None,True,True,648765440,107010113,0,0,0,False,-207705728,0,0,0,0,Once,Auto,0,sprite_btn_timeline_trigger,True,True,True,False,0,0,40070,40071,0
301901,False,Event,10019,None,NarrativeSign,301901,None,True,False,10000000,0,0,0,0,True,-207705728,107510105,0,0,0,Repeat,Manual,0,sprite_btn_narrativesign_trigger_aqua_01,True,False,False,False,0,0,40075,0,0
301902,False,Event,10019,None,NarrativeSign,301902,None,True,False,10000000,0,0,0,0,True,-207705728,107610112,0,0,0,Repeat,Manual,0,sprite_btn_narrativesign_trigger_aqua_01,True,False,False,False,0,0,40075,40076,0
301903,False,Event,10019,None,NarrativeSign,301903,None,True,True,10000000,107610112,0,0,0,False,-207705728,0,0,0,0,Repeat,Manual,0,sprite_btn_narrativesign_trigger_aqua_01,True,False,False,False,0,0,40075,40076,0
301904,False,Event,10019,None,NarrativeSign,301904,None,True,False,10000000,0,0,0,0,True,-207705728,107610112,0,0,0,Repeat,Manual,0,sprite_btn_narrativesign_trigger_aqua_01,True,False,False,False,0,0,40075,40076,0
301905,False,Event,10019,None,NarrativeSign,301905,None,True,True,10000000,107610112,0,0,0,False,-207705728,0,0,0,0,Repeat,Manual,0,sprite_btn_narrativesign_trigger_aqua_01,True,False,False,False,0,0,40075,40076,0
301906,False,Event,10019,None,NarrativeSign,301906,None,True,False,10000000,0,0,0,0,True,-207705728,107510110,0,0,0,Repeat,Manual,0,sprite_btn_narrativesign_trigger_aqua_01,True,False,False,False,0,0,40075,40076,0
301908,False,Event,10019,None,NarrativeSign,301908,None,True,True,10000000,107610112,0,0,0,False,-207705728,0,0,0,0,Repeat,Manual,0,sprite_btn_narrativesign_trigger_aqua_01,True,False,False,False,0,0,40075,40076,0
301909,False,Event,10019,None,NarrativeSign,301909,None,True,False,10000000,0,0,0,0,True,-207705728,107510108,0,0,0,Repeat,Manual,0,sprite_btn_narrativesign_trigger_aqua_01,True,False,False,False,0,0,40075,40076,0
301910,False,Event,10019,None,NarrativeSign,301910,None,True,True,10000000,107510108,0,0,0,False,-207705728,0,0,0,0,Repeat,Manual,0,sprite_btn_narrativesign_trigger_aqua_01,True,False,False,False,0,0,40075,40076,0
301911,False,Event,10019,None,NarrativeSign,301911,None,True,False,10000000,0,0,0,0,True,-207705728,107510105,0,0,0,Repeat,Manual,0,sprite_btn_narrativesign_trigger_aqua_01,True,False,False,False,0,0,40075,40076,0
301912,False,Event,10019,None,NarrativeSign,301912,None,True,True,10000000,107610112,0,0,0,False,-207705728,0,0,0,0,Repeat,Manual,0,sprite_btn_narrativesign_trigger_aqua_01,True,False,False,False,0,0,40075,40076,0
301913,False,Event,10019,None,NarrativeSign,301913,None,True,False,10000000,0,0,0,0,True,-207705728,107610112,0,0,0,Repeat,Manual,0,sprite_btn_narrativesign_trigger_aqua_01,True,False,False,False,0,0,40075,40076,0
301914,False,Event,10019,None,NarrativeSign,301914,None,True,True,10000000,107610112,0,0,0,False,-207705728,0,0,0,0,Repeat,Manual,0,sprite_btn_narrativesign_trigger_aqua_01,True,False,False,False,0,0,40075,40076,0
301915,False,Event,10019,None,NarrativeSign,301915,None,True,True,10000000,107510105,0,0,0,False,-207705728,0,0,0,0,Repeat,Manual,0,sprite_btn_narrativesign_trigger_aqua_01,True,False,False,False,0,0,40075,0,0
301916,False,Event,10019,None,NarrativeSign,301916,None,True,True,10000000,107510112,0,0,0,True,-207705728,107610112,0,0,0,Repeat,Manual,0,sprite_btn_narrativesign_trigger_aqua_01,True,False,False,False,0,0,40075,40076,0
301917,False,Event,10019,None,NarrativeSign,301917,None,True,True,10000000,107610112,0,0,0,False,-207705728,0,0,0,0,Repeat,Manual,0,sprite_btn_narrativesign_trigger_aqua_01,True,False,False,False,0,0,40075,40076,0
301918,False,Event,10019,None,NarrativeSign,301918,None,True,False,10000000,0,0,0,0,True,-207705728,107510102,0,0,0,Repeat,Manual,0,sprite_btn_narrativesign_trigger_aqua_01,True,False,False,False,0,0,40075,40076,0
301919,False,Event,10019,None,NarrativeSign,301919,None,True,True,10000000,107510102,0,0,0,True,-207705728,107610112,0,0,0,Repeat,Manual,0,sprite_btn_narrativesign_trigger_aqua_01,True,False,False,False,0,0,40075,40076,0
301920,False,Event,10019,None,NarrativeSign,301920,None,True,True,10000000,107610112,0,0,0,False,-207705728,0,0,0,0,Repeat,Manual,0,sprite_btn_narrativesign_trigger_aqua_01,True,False,False,False,0,0,40075,40076,0
301930,False,Event,10019,None,TimeLineAction,febg_aquarium_001_timeline_anivScenario_01,None,True,True,10000000,107510106,0,0,0,True,-207705728,107610112,0,0,0,Repeat,Auto,0,,True,False,False,False,0,0,40075,40076,0
301931,False,Event,10019,None,TimeLineAction,febg_aquarium_001_timeline_anivScenario_02,None,True,True,10000000,107510112,0,0,0,True,-207705728,107610112,0,0,0,Repeat,Auto,0,,True,False,False,False,0,0,40075,40076,0
301932,False,Event,10019,None,TimeLineAction,febg_aquarium_001_timeline_anivScenario_03,None,True,True,10000000,107610112,0,0,0,True,-207705728,107620112,0,0,0,Repeat,Auto,0,,True,False,False,False,0,0,40075,40076,0
301933,False,Event,10019,None,TimeLineAction,febg_aquarium_001_timeline_core_blink,None,True,True,10000000,107510112,0,0,0,True,-207705728,107610112,0,0,0,Repeat,Auto,0,,True,False,False,False,0,0,40075,40076,0
301934,False,Event,10019,None,TimeLineAction,febg_aquarium_001_timeline_fish_swim,None,True,False,10000000,0,0,0,0,True,-207705728,107510112,0,0,0,Repeat,Auto,0,,True,False,False,False,0,0,40075,40076,0
301935,False,Event,10019,None,TimeLineAction,febg_aquarium_001_timeline_playground_seesaw_01,None,True,False,10000000,0,0,0,0,True,-207705728,107510112,0,0,0,Repeat,Auto,0,,True,False,False,False,0,0,40075,40076,0
301936,False,Event,10019,None,TimeLineAction,febg_aquarium_001_timeline_playground_seesaw_02,None,True,False,10000000,0,0,0,0,True,-207705728,107510112,0,0,0,Repeat,Auto,0,,True,False,False,False,0,0,40075,40076,0
301937,False,Event,10019,None,TimeLineAction,febg_aquarium_001_timeline_playground_slope,None,True,False,10000000,0,0,0,0,True,-207705728,107510112,0,0,0,Repeat,Auto,0,,True,False,False,False,0,0,40075,40076,0
301938,False,Event,10019,None,TimeLineAction,febg_aquarium_001_timeline_pool_fishhide,None,True,True,10000000,107510112,0,0,0,True,-207705728,107610112,0,0,0,Repeat,Auto,0,,True,False,False,False,0,0,40075,40076,0
301939,False,Event,10019,None,TimeLineAction,febg_aquarium_001_timeline_pool_fishswim,None,True,True,10000000,107510112,0,0,0,True,-207705728,107610112,0,0,0,Repeat,Auto,0,,True,False,False,False,0,0,40075,40076,0
301940,False,Event,10019,None,TimeLineAction,febg_aquarium_001_timeline_slime_jumping,None,True,False,10000000,0,0,0,0,True,-207705728,107510112,0,0,0,Repeat,Auto,0,,True,False,False,False,0,0,40075,40076,0
301941,False,Event,10019,None,TimeLineAction,febg_aquarium_001_timeline_slime_lookattree,None,True,True,10000000,107510106,0,0,0,True,-207705728,107610112,0,0,0,Repeat,Auto,0,,True,False,False,False,0,0,40075,40076,0
301942,False,Event,10019,None,TimeLineAction,febg_aquarium_001_timeline_slime_playground_hiding,None,True,True,10000000,107510106,0,0,0,True,-207705728,107610112,0,0,0,Repeat,Auto,0,,True,False,False,False,0,0,40075,40076,0
301943,False,Event,10019,None,TimeLineAction,febg_aquarium_001_timeline_slime_rest,None,True,False,10000000,0,0,0,0,True,-207705728,107510106,0,0,0,Repeat,Auto,0,,True,False,False,False,0,0,40075,40076,0
301944,False,Event,10019,None,TimeLineAction,febg_aquarium_001_timeline_slime_stuck_01,None,True,False,10000000,0,0,0,0,False,-207705728,0,0,0,0,Repeat,Auto,0,,True,False,False,False,0,0,40075,40076,0
301945,False,Event,10019,None,TimeLineAction,febg_aquarium_001_timeline_slime_stuck_02,None,True,False,10000000,0,0,0,0,False,-207705728,0,0,0,0,Repeat,Auto,0,,True,False,False,False,0,0,40075,40076,0
301946,False,Event,10019,None,TimeLineAction,febg_aquarium_001_timeline_slime_working,None,True,False,10000000,0,0,0,0,False,-207705728,0,0,0,0,Repeat,Auto,0,,True,False,False,False,0,0,40075,40076,0
301947,False,Event,10019,None,TimeLineAction,febg_aquarium_001_timeline_AApillar,None,True,False,10000000,0,0,0,0,True,-207705728,107510106,0,0,0,Repeat,Auto,0,,True,False,False,False,0,0,40075,40076,0
301948,False,Event,10019,None,TimeLineAction,febg_aquarium_001_timeline_AApillarReplace,None,True,True,10000000,107510106,0,0,0,False,-207705728,0,0,0,0,Repeat,Auto,0,,True,False,False,False,0,0,40075,40076,0
301949,False,Event,10019,None,TimeLineAction,febg_aquarium_001_timeline_godrays,None,True,True,10000000,107610112,0,0,0,False,-207705728,0,0,0,0,Repeat,Auto,0,,True,False,False,False,0,0,40075,40076,0
301950,False,Event,10019,None,TimeLineAction,febg_aquarium_001_timeline_fish_swim_again,None,True,True,10000000,107610112,0,0,0,False,-207705728,0,0,0,0,Repeat,Auto,0,,True,False,False,False,0,0,40075,40076,0
301951,False,Event,10019,None,TimeLineAction,febg_aquarium_001_timeline_playground_seesaw_01_again,None,True,True,10000000,107610112,0,0,0,False,-207705728,0,0,0,0,Repeat,Auto,0,,True,False,False,False,0,0,40075,40076,0
301952,False,Event,10019,None,TimeLineAction,febg_aquarium_001_timeline_playground_seesaw_02_again,None,True,True,10000000,107610112,0,0,0,False,-207705728,0,0,0,0,Repeat,Auto,0,,True,False,False,False,0,0,40075,40076,0
301953,False,Event,10019,None,TimeLineAction,febg_aquarium_001_timeline_playground_slope_again,None,True,True,10000000,107610112,0,0,0,False,-207705728,0,0,0,0,Repeat,Auto,0,,True,False,False,False,0,0,40075,40076,0
301954,False,Event,10019,None,TimeLineAction,febg_aquarium_001_timeline_slime_jumping_again,None,True,True,10000000,107610112,0,0,0,False,-207705728,0,0,0,0,Repeat,Auto,0,,True,False,False,False,0,0,40075,40076,0
301955,False,Event,10019,None,TimeLineAction,febg_aquarium_001_timeline_slime_rest_again,None,True,True,10000000,107610112,0,0,0,False,-207705728,0,0,0,0,Repeat,Auto,0,,True,False,False,False,0,0,40075,40076,0
301956,False,Event,10019,None,TimeLineAction,febg_aquarium_001_timeline_AApillarReplace_02,None,False,False,10000000,0,0,0,0,False,-207705728,0,0,0,0,Repeat,Auto,0,,True,False,False,False,0,0,40075,40076,0
301957,False,Event,10019,None,TimeLineAction,febg_aquarium_001_timeline_AApillarReplace_03,None,False,False,10000000,0,0,0,0,False,-207705728,0,0,0,0,Repeat,Auto,0,,True,False,False,False,0,0,40075,40076,0
301958,False,Event,10019,None,TimeLineAction,febg_aquarium_001_timeline_AApillarReplace_04,None,False,False,10000000,0,0,0,0,False,-207705728,0,0,0,0,Repeat,Auto,0,,True,False,False,False,0,0,40075,40076,0
401901,True,Event,10019,None,NarrativeSign,301901,None,True,False,10000000,0,0,0,0,True,-207705728,107510105,0,0,0,Repeat,Manual,0,sprite_btn_narrativesign_trigger_aqua_01,True,False,False,False,0,0,40075,0,0
401902,True,Event,10019,None,NarrativeSign,301902,None,True,False,10000000,0,0,0,0,True,-207705728,107610112,0,0,0,Repeat,Manual,0,sprite_btn_narrativesign_trigger_aqua_01,True,False,False,False,0,0,40075,40076,0
401903,True,Event,10019,None,NarrativeSign,301903,None,True,True,10000000,107610112,0,0,0,False,-207705728,0,0,0,0,Repeat,Manual,0,sprite_btn_narrativesign_trigger_aqua_01,True,False,False,False,0,0,40075,40076,0
401904,True,Event,10019,None,NarrativeSign,301904,None,True,False,10000000,0,0,0,0,True,-207705728,107610112,0,0,0,Repeat,Manual,0,sprite_btn_narrativesign_trigger_aqua_01,True,False,False,False,0,0,40075,40076,0
401905,True,Event,10019,None,NarrativeSign,301905,None,True,True,10000000,107610112,0,0,0,False,-207705728,0,0,0,0,Repeat,Manual,0,sprite_btn_narrativesign_trigger_aqua_01,True,False,False,False,0,0,40075,40076,0
401906,True,Event,10019,None,NarrativeSign,301906,None,True,False,10000000,0,0,0,0,True,-207705728,107510110,0,0,0,Repeat,Manual,0,sprite_btn_narrativesign_trigger_aqua_01,True,False,False,False,0,0,40075,40076,0
401908,True,Event,10019,None,NarrativeSign,301908,None,True,True,10000000,107610112,0,0,0,False,-207705728,0,0,0,0,Repeat,Manual,0,sprite_btn_narrativesign_trigger_aqua_01,True,False,False,False,0,0,40075,40076,0
401909,True,Event,10019,None,NarrativeSign,301909,None,True,False,10000000,0,0,0,0,True,-207705728,107510108,0,0,0,Repeat,Manual,0,sprite_btn_narrativesign_trigger_aqua_01,True,False,False,False,0,0,40075,40076,0
401910,True,Event,10019,None,NarrativeSign,301910,None,True,True,10000000,107510108,0,0,0,False,-207705728,0,0,0,0,Repeat,Manual,0,sprite_btn_narrativesign_trigger_aqua_01,True,False,False,False,0,0,40075,40076,0
401911,True,Event,10019,None,NarrativeSign,301911,None,True,False,10000000,0,0,0,0,True,-207705728,107510105,0,0,0,Repeat,Manual,0,sprite_btn_narrativesign_trigger_aqua_01,True,False,False,False,0,0,40075,40076,0
401912,True,Event,10019,None,NarrativeSign,301912,None,True,True,10000000,107610112,0,0,0,False,-207705728,0,0,0,0,Repeat,Manual,0,sprite_btn_narrativesign_trigger_aqua_01,True,False,False,False,0,0,40075,40076,0
401913,True,Event,10019,None,NarrativeSign,301913,None,True,False,10000000,0,0,0,0,True,-207705728,107610112,0,0,0,Repeat,Manual,0,sprite_btn_narrativesign_trigger_aqua_01,True,False,False,False,0,0,40075,40076,0
401914,True,Event,10019,None,NarrativeSign,301914,None,True,True,10000000,107610112,0,0,0,False,-207705728,0,0,0,0,Repeat,Manual,0,sprite_btn_narrativesign_trigger_aqua_01,True,False,False,False,0,0,40075,40076,0
401915,True,Event,10019,None,NarrativeSign,301915,None,True,True,10000000,107510105,0,0,0,False,-207705728,0,0,0,0,Repeat,Manual,0,sprite_btn_narrativesign_trigger_aqua_01,True,False,False,False,0,0,40075,0,0
401916,True,Event,10019,None,NarrativeSign,301916,None,True,True,10000000,107510112,0,0,0,True,-207705728,107610112,0,0,0,Repeat,Manual,0,sprite_btn_narrativesign_trigger_aqua_01,True,False,False,False,0,0,40075,40076,0
401917,True,Event,10019,None,NarrativeSign,301917,None,True,True,10000000,107610112,0,0,0,False,-207705728,0,0,0,0,Repeat,Manual,0,sprite_btn_narrativesign_trigger_aqua_01,True,False,False,False,0,0,40075,40076,0
401918,True,Event,10019,None,NarrativeSign,301918,None,True,False,10000000,0,0,0,0,True,-207705728,107510102,0,0,0,Repeat,Manual,0,sprite_btn_narrativesign_trigger_aqua_01,True,False,False,False,0,0,40075,40076,0
401919,True,Event,10019,None,NarrativeSign,301919,None,True,True,10000000,107510102,0,0,0,True,-207705728,107610112,0,0,0,Repeat,Manual,0,sprite_btn_narrativesign_trigger_aqua_01,True,False,False,False,0,0,40075,40076,0
401920,True,Event,10019,None,NarrativeSign,301920,None,True,True,10000000,107610112,0,0,0,False,-207705728,0,0,0,0,Repeat,Manual,0,sprite_btn_narrativesign_trigger_aqua_01,True,False,False,False,0,0,40075,40076,0
401930,True,Event,10019,None,TimeLineAction,febg_aquarium_001_timeline_anivScenario_01,None,True,True,10000000,107510106,0,0,0,True,-207705728,107610112,0,0,0,Repeat,Auto,0,,True,False,False,False,0,0,40075,40076,0
401931,True,Event,10019,None,TimeLineAction,febg_aquarium_001_timeline_anivScenario_02,None,True,True,10000000,107510112,0,0,0,True,-207705728,107610112,0,0,0,Repeat,Auto,0,,True,False,False,False,0,0,40075,40076,0
401932,True,Event,10019,None,TimeLineAction,febg_aquarium_001_timeline_anivScenario_03,None,True,True,10000000,107610112,0,0,0,True,-207705728,107620112,0,0,0,Repeat,Auto,0,,True,False,False,False,0,0,40075,40076,0
401933,True,Event,10019,None,TimeLineAction,febg_aquarium_001_timeline_core_blink,None,True,True,10000000,107510112,0,0,0,True,-207705728,107610112,0,0,0,Repeat,Auto,0,,True,False,False,False,0,0,40075,40076,0
401934,True,Event,10019,None,TimeLineAction,febg_aquarium_001_timeline_fish_swim,None,True,False,10000000,0,0,0,0,True,-207705728,107510112,0,0,0,Repeat,Auto,0,,True,False,False,False,0,0,40075,40076,0
401935,True,Event,10019,None,TimeLineAction,febg_aquarium_001_timeline_playground_seesaw_01,None,True,False,10000000,0,0,0,0,True,-207705728,107510112,0,0,0,Repeat,Auto,0,,True,False,False,False,0,0,40075,40076,0
401936,True,Event,10019,None,TimeLineAction,febg_aquarium_001_timeline_playground_seesaw_02,None,True,False,10000000,0,0,0,0,True,-207705728,107510112,0,0,0,Repeat,Auto,0,,True,False,False,False,0,0,40075,40076,0
401937,True,Event,10019,None,TimeLineAction,febg_aquarium_001_timeline_playground_slope,None,True,False,10000000,0,0,0,0,True,-207705728,107510112,0,0,0,Repeat,Auto,0,,True,False,False,False,0,0,40075,40076,0
401938,True,Event,10019,None,TimeLineAction,febg_aquarium_001_timeline_pool_fishhide,None,True,True,10000000,107510112,0,0,0,True,-207705728,107610112,0,0,0,Repeat,Auto,0,,True,False,False,False,0,0,40075,40076,0
401939,True,Event,10019,None,TimeLineAction,febg_aquarium_001_timeline_pool_fishswim,None,True,True,10000000,107510112,0,0,0,True,-207705728,107610112,0,0,0,Repeat,Auto,0,,True,False,False,False,0,0,40075,40076,0
401940,True,Event,10019,None,TimeLineAction,febg_aquarium_001_timeline_slime_jumping,None,True,False,10000000,0,0,0,0,True,-207705728,107510112,0,0,0,Repeat,Auto,0,,True,False,False,False,0,0,40075,40076,0
401941,True,Event,10019,None,TimeLineAction,febg_aquarium_001_timeline_slime_lookattree,None,True,True,10000000,107510106,0,0,0,True,-207705728,107610112,0,0,0,Repeat,Auto,0,,True,False,False,False,0,0,40075,40076,0
401942,True,Event,10019,None,TimeLineAction,febg_aquarium_001_timeline_slime_playground_hiding,None,True,True,10000000,107510106,0,0,0,True,-207705728,107610112,0,0,0,Repeat,Auto,0,,True,False,False,False,0,0,40075,40076,0
401943,True,Event,10019,None,TimeLineAction,febg_aquarium_001_timeline_slime_rest,None,True,False,10000000,0,0,0,0,True,-207705728,107510106,0,0,0,Repeat,Auto,0,,True,False,False,False,0,0,40075,40076,0
401944,True,Event,10019,None,TimeLineAction,febg_aquarium_001_timeline_slime_stuck_01,None,True,False,10000000,0,0,0,0,False,-207705728,0,0,0,0,Repeat,Auto,0,,True,False,False,False,0,0,40075,40076,0
401945,True,Event,10019,None,TimeLineAction,febg_aquarium_001_timeline_slime_stuck_02,None,True,False,10000000,0,0,0,0,False,-207705728,0,0,0,0,Repeat,Auto,0,,True,False,False,False,0,0,40075,40076,0
401946,True,Event,10019,None,TimeLineAction,febg_aquarium_001_timeline_slime_working,None,True,False,10000000,0,0,0,0,False,-207705728,0,0,0,0,Repeat,Auto,0,,True,False,False,False,0,0,40075,40076,0
401947,True,Event,10019,None,TimeLineAction,febg_aquarium_001_timeline_AApillar,None,True,False,10000000,0,0,0,0,True,-207705728,107510106,0,0,0,Repeat,Auto,0,,True,False,False,False,0,0,40075,40076,0
401948,True,Event,10019,None,TimeLineAction,febg_aquarium_001_timeline_AApillarReplace,None,True,True,10000000,107510106,0,0,0,False,-207705728,0,0,0,0,Repeat,Auto,0,,True,False,False,False,0,0,40075,40076,0
401949,True,Event,10019,None,TimeLineAction,febg_aquarium_001_timeline_godrays,None,True,True,10000000,107610112,0,0,0,False,-207705728,0,0,0,0,Repeat,Auto,0,,True,False,False,False,0,0,40075,40076,0
401950,True,Event,10019,None,TimeLineAction,febg_aquarium_001_timeline_fish_swim_again,None,True,True,10000000,107610112,0,0,0,False,-207705728,0,0,0,0,Repeat,Auto,0,,True,False,False,False,0,0,40075,40076,0
401951,True,Event,10019,None,TimeLineAction,febg_aquarium_001_timeline_playground_seesaw_01_again,None,True,True,10000000,107610112,0,0,0,False,-207705728,0,0,0,0,Repeat,Auto,0,,True,False,False,False,0,0,40075,40076,0
401952,True,Event,10019,None,TimeLineAction,febg_aquarium_001_timeline_playground_seesaw_02_again,None,True,True,10000000,107610112,0,0,0,False,-207705728,0,0,0,0,Repeat,Auto,0,,True,False,False,False,0,0,40075,40076,0
401953,True,Event,10019,None,TimeLineAction,febg_aquarium_001_timeline_playground_slope_again,None,True,True,10000000,107610112,0,0,0,False,-207705728,0,0,0,0,Repeat,Auto,0,,True,False,False,False,0,0,40075,40076,0
401954,True,Event,10019,None,TimeLineAction,febg_aquarium_001_timeline_slime_jumping_again,None,True,True,10000000,107610112,0,0,0,False,-207705728,0,0,0,0,Repeat,Auto,0,,True,False,False,False,0,0,40075,40076,0
401955,True,Event,10019,None,TimeLineAction,febg_aquarium_001_timeline_slime_rest_again,None,True,True,10000000,107610112,0,0,0,False,-207705728,0,0,0,0,Repeat,Auto,0,,True,False,False,False,0,0,40075,40076,0
401956,True,Event,10019,None,TimeLineAction,febg_aquarium_001_timeline_AApillarReplace_02,None,False,False,10000000,0,0,0,0,False,-207705728,0,0,0,0,Repeat,Auto,0,,True,False,False,False,0,0,40075,40076,0
401957,True,Event,10019,None,TimeLineAction,febg_aquarium_001_timeline_AApillarReplace_03,None,False,False,10000000,0,0,0,0,False,-207705728,0,0,0,0,Repeat,Auto,0,,True,False,False,False,0,0,40075,40076,0
401958,True,Event,10019,None,TimeLineAction,febg_aquarium_001_timeline_AApillarReplace_04,None,False,False,10000000,0,0,0,0,False,-207705728,0,0,0,0,Repeat,Auto,0,,True,False,False,False,0,0,40075,40076,0
302001,False,Event,10020,None,TimeLineAction,febg_sbfloodedcity_001_timeline_waterresolutionnavyblock,None,True,False,10000000,0,0,0,0,True,-207705728,107910112,0,0,0,Repeat,Auto,0,,True,False,False,False,0,0,40079,40080,0
302002,False,Event,10020,None,TimeLineAction,febg_sbfloodedcity_001_timeline_ladderaction_01,None,False,True,-1284907008,108010115,0,0,0,True,138240000,0,0,0,0,Repeat,Auto,0,,True,False,False,False,0,0,40079,40080,0
302003,False,Event,10020,None,TimeLineAction,febg_sbfloodedcity_001_timeline_ladderaction_02,None,False,True,1561387008,108010115,0,0,0,True,-1310433280,0,0,0,0,Repeat,Auto,0,,True,False,False,False,0,0,40079,40080,0
302004,False,Event,10020,None,TimeLineAction,febg_sbfloodedcity_001_timeline_parkouraction_01,None,False,True,10000000,107910112,0,0,0,True,-207705728,108010101,0,0,0,Repeat,Auto,0,,True,False,False,False,0,0,40079,40080,0
302005,False,Event,10020,None,TimeLineAction,febg_sbfloodedcity_001_timeline_parkouraction_02,None,False,True,-1310433280,108010115,0,0,0,False,-207705728,0,0,0,0,Repeat,Auto,0,,True,False,False,False,0,0,40079,40080,0
302006,False,Event,10020,None,TimeLineAction,febg_sbfloodedcity_001_timeline_blinkaction_01,None,False,True,10000000,107910112,0,0,0,True,-207705728,108010101,0,0,0,Repeat,Auto,0,,True,False,False,False,0,0,40079,40080,0
302007,False,Event,10020,None,TimeLineAction,febg_sbfloodedcity_001_timeline_blinkaction_02,None,False,True,1586913280,108010115,0,0,0,True,-1284907008,108010115,0,0,0,Repeat,Auto,0,,True,False,False,False,0,0,40079,40080,0
302008,False,Event,10020,None,TimeLineAction,febg_sbfloodedcity_001_timeline_blinkaction_03,None,False,True,1561387008,108010115,0,0,0,True,-1310433280,108010115,0,0,0,Repeat,Auto,0,,True,False,False,False,0,0,40079,40080,0
302009,False,Event,10020,None,TimeLineAction,febg_sbfloodedcity_001_timeline_vendingmachine_01,None,False,True,10000000,107910112,0,0,0,True,-207705728,108010101,0,0,0,Repeat,Auto,0,,True,False,False,False,0,0,40079,40080,0
302010,False,Event,10020,None,TimeLineAction,febg_sbfloodedcity_001_timeline_vendingmachine_02,None,False,True,1586913280,108010115,0,0,0,True,138240000,108010115,0,0,0,Repeat,Auto,0,,True,False,False,False,0,0,40079,40080,0
302011,False,Event,10020,None,TimeLineAction,febg_sbfloodedcity_001_timeline_crateopen_01,None,False,True,1586913280,108010115,0,0,0,True,-1284907008,108010115,0,0,0,Repeat,Auto,0,,True,False,False,False,0,0,40079,40080,0
302012,False,Event,10020,None,TimeLineAction,febg_sbfloodedcity_001_timeline_crateopen_02,None,False,True,-1310433280,108010115,0,0,0,False,-207705728,0,0,0,0,Repeat,Auto,0,,True,False,False,False,0,0,40079,40080,0
302013,False,Event,10020,None,TimeLineAction,febg_sbfloodedcity_001_timeline_fishing_01,None,False,True,-1259380736,108010115,0,0,0,True,1586913280,0,0,0,0,Repeat,Auto,0,,True,False,False,False,0,0,40079,40080,0
302014,False,Event,10020,None,TimeLineAction,febg_sbfloodedcity_001_timeline_fishing_02,None,False,True,138240000,108010115,0,0,0,True,1561387008,0,0,0,0,Repeat,Auto,0,,True,False,False,False,0,0,40079,40080,0
302015,False,Event,10020,None,TimeLineAction,febg_sbfloodedcity_001_timeline_fishing_03,None,False,True,-1310433280,108010115,0,0,0,False,-207705728,0,0,0,0,Repeat,Auto,0,,True,False,False,False,0,0,40079,40080,0
302016,False,Event,10020,None,TimeLineAction,febg_sbfloodedcity_001_timeline_clocktower_01,None,True,False,10000000,0,0,0,0,True,-207705728,108010115,0,0,0,Once,Auto,0,,True,False,False,False,0,0,40079,40080,0
302017,False,Event,10020,None,TimeLineAction,febg_sbfloodedcity_001_timeline_clocktower_02,None,False,True,10000000,108010115,0,0,0,False,-207705728,0,0,0,0,Once,Auto,0,,True,False,False,False,0,0,40079,40080,0
302018,False,Event,10020,None,TimeLineAction,febg_sbfloodedcity_001_timeline_tetrapod_open_01,None,True,False,10000000,0,0,0,0,True,-207705728,108010115,0,0,0,Repeat,Auto,0,,True,False,False,False,0,0,40079,40080,0
302019,False,Event,10020,None,TimeLineAction,febg_sbfloodedcity_001_timeline_waterresolution,None,True,False,10000000,0,0,0,0,False,-207705728,0,0,0,0,Once,Stage,107910112,,True,True,True,False,0,0,40079,40080,0
302020,False,Event,10020,None,TimeLineAction,febg_sbfloodedcity_001_timeline_intro,None,True,False,10000000,0,0,0,0,False,-207705728,0,0,0,0,Once,Auto,0,,True,True,True,False,0,0,40079,40080,0
302021,False,Event,10020,None,NarrativeSign,302001,None,True,False,10000000,0,0,0,0,False,-207705728,0,0,0,0,Repeat,Manual,0,sprite_btn_narrativesign_trigger_ce006,True,False,False,False,0,0,0,0,0
302022,False,Event,10020,None,NarrativeSign,302002,None,True,False,10000000,0,0,0,0,False,-207705728,0,0,0,0,Repeat,Manual,0,sprite_btn_narrativesign_trigger_ce006,True,False,False,False,0,0,0,0,0
302023,False,Event,10020,None,NarrativeSign,302003,None,True,False,10000000,0,0,0,0,False,-207705728,0,0,0,0,Repeat,Manual,0,sprite_btn_narrativesign_trigger_ce006,True,False,False,False,0,0,0,0,0
302024,False,Event,10020,None,NarrativeSign,302004,None,True,False,10000000,0,0,0,0,False,-207705728,0,0,0,0,Repeat,Manual,0,sprite_btn_narrativesign_trigger_ce006,True,False,False,False,0,0,0,0,0
302101,False,Event,10021,None,TimeLineAction,febg_factory_002_timeline_butterfly,None,True,False,10000000,0,0,0,0,False,-207705728,0,0,0,0,Repeat,Manual,0,sprite_btn_timeline_trigger,True,False,False,False,0,0,0,0,0
302102,False,Event,10021,None,TimeLineAction,febg_factory_002_timeline_c303_1,None,False,True,824287232,0,0,0,0,True,-207705728,0,0,0,55021105,Once,Manual,0,sprite_btn_timeline_trigger,True,False,False,False,0,0,0,0,0
302103,False,Event,10021,None,TimeLineAction,febg_factory_002_timeline_box,None,False,True,1535860736,0,0,0,0,True,-207705728,0,0,0,55021135,Once,Manual,0,sprite_btn_timeline_trigger,True,False,False,False,0,0,0,0,0
302104,False,Event,10021,None,TimeLineAction,febg_factory_002_timeline_c303,None,False,True,-1361485824,0,0,0,0,True,-207705728,0,0,0,55021115,Once,Manual,0,sprite_btn_timeline_trigger,True,False,False,False,0,0,0,0,0
302401,False,Event,10024,None,TimeLineAction,febg_cruise_001_timeline_pv,None,False,True,10000000,108510112,0,0,0,True,-207705728,108520112,0,0,0,Repeat,Auto,0,,True,False,False,False,0,0,40084,40085,0
302402,False,Event,10024,None,TimeLineAction,febg_cruise_001_timeline_catchghost,None,False,True,10000000,108410108,0,0,0,True,-207705728,108410112,0,0,0,Repeat,Auto,0,,True,False,False,False,0,0,40084,40085,0
302403,False,Event,10024,None,TimeLineAction,febg_cruise_001_timeline_surpriserapi,None,True,True,10000000,108410110,0,0,0,True,-207705728,108410112,0,0,0,Repeat,Auto,0,,True,False,False,False,0,0,40084,40085,0
302404,False,Event,10024,None,TimeLineAction,febg_cruise_001_timeline_hidefrima,None,True,True,10000000,108410106,0,0,0,True,-207705728,108410108,0,0,0,Repeat,Auto,0,,True,False,False,False,0,0,40084,40085,0
302405,False,Event,10024,None,TimeLineAction,febg_cruise_001_timeline_shadowghost,None,False,True,10000000,108410105,0,0,0,True,-207705728,108510105,0,0,0,Repeat,Auto,0,,True,False,False,False,0,0,40084,40085,0
302406,False,Event,10024,None,TimeLineAction,febg_cruise_001_timeline_runghost,None,False,True,10000000,108410105,0,0,0,True,-207705728,108410108,0,0,0,Repeat,Auto,0,,True,False,False,False,0,0,40084,40085,0
302407,False,Event,10024,None,TimeLineAction,febg_cruise_001_timeline_surpriseghost,None,False,True,10000000,108410105,0,0,0,True,-207705728,108410108,0,0,0,Repeat,Auto,0,,True,False,False,False,0,0,40084,40085,0
302408,False,Event,10024,None,TimeLineAction,febg_cruise_001_timeline_lookghost,None,False,True,10000000,108410105,0,0,0,True,-207705728,108510105,0,0,0,Repeat,Auto,0,,True,False,False,False,0,0,40084,40085,0
302409,False,Event,10024,None,TimeLineAction,febg_cruise_001_timeline_chefghost_broken,None,False,True,10000000,108510101,0,0,0,True,-207705728,108510103,0,0,0,Repeat,Auto,0,,True,False,False,False,0,0,40084,40085,0
302410,False,Event,10024,None,TimeLineAction,febg_cruise_001_timeline_chefghost_fixed,None,False,True,10000000,108510103,0,0,0,True,-207705728,108510112,0,0,0,Repeat,Auto,0,,True,False,False,False,0,0,40084,40085,0
302411,False,Event,10024,None,TimeLineAction,febg_cruise_001_timeline_repairmanghost_broken,None,False,True,10000000,108510101,0,0,0,True,-207705728,108510103,0,0,0,Repeat,Auto,0,,True,False,False,False,0,0,40084,40085,0
302412,False,Event,10024,None,TimeLineAction,febg_cruise_001_timeline_repairmanghost_fixed,None,False,True,10000000,108510103,0,0,0,True,-207705728,108510112,0,0,0,Repeat,Auto,0,,True,False,False,False,0,0,40084,40085,0
302413,False,Event,10024,None,TimeLineAction,febg_cruise_001_timeline_safetymanagementghost_broken,None,False,True,10000000,108510101,0,0,0,True,-207705728,108510105,0,0,0,Repeat,Auto,0,,True,False,False,False,0,0,40084,40085,0
302414,False,Event,10024,None,TimeLineAction,febg_cruise_001_timeline_safetymanagementghost_fixed,None,False,True,10000000,108510105,0,0,0,True,-207705728,108510112,0,0,0,Repeat,Auto,0,,True,False,False,False,0,0,40084,40085,0
302415,False,Event,10024,None,TimeLineAction,febg_cruise_001_timeline_saleghost_broken,None,False,True,10000000,108510101,0,0,0,True,-207705728,108510105,0,0,0,Repeat,Auto,0,,True,False,False,False,0,0,40084,40085,0
302416,False,Event,10024,None,TimeLineAction,febg_cruise_001_timeline_saleghost_fixed,None,False,True,10000000,108510105,0,0,0,True,-207705728,108510112,0,0,0,Repeat,Auto,0,,True,False,False,False,0,0,40084,40085,0
302417,False,Event,10024,None,TimeLineAction,febg_cruise_001_timeline_maidghost_broken,None,False,True,10000000,108510101,0,0,0,True,-207705728,108510105,0,0,0,Repeat,Auto,0,,True,False,False,False,0,0,40084,40085,0
302418,False,Event,10024,None,TimeLineAction,febg_cruise_001_timeline_maidghost_fixed,None,False,True,10000000,108510105,0,0,0,True,-207705728,108510112,0,0,0,Repeat,Auto,0,,True,False,False,False,0,0,40084,40085,0
302419,False,Event,10024,None,TimeLineAction,febg_cruise_001_timeline_floatobject,None,False,True,10000000,108410105,0,0,0,True,-207705728,108510105,0,0,0,Repeat,Auto,0,,True,False,False,False,0,0,40084,40085,0
302420,False,Event,10024,None,TimeLineAction,febg_cruise_001_timeline_decorationlight,None,True,False,10000000,0,0,0,0,True,-207705728,108510112,0,0,0,Repeat,Auto,0,,True,False,False,False,0,0,40084,40085,0
302421,False,Event,10024,None,TimeLineAction,febg_cruise_001_timeline_partylight,None,False,True,10000000,108510112,0,0,0,True,-207705728,108520112,0,0,0,Repeat,Auto,0,,True,False,False,False,0,0,40084,40085,0
302422,False,Event,10024,None,TimeLineAction,febg_cruise_001_timeline_droneshow,None,False,True,10000000,108510112,0,0,0,True,-207705728,108520112,0,0,0,Repeat,Auto,0,,True,False,False,False,0,0,40084,40085,0
302423,False,Event,10024,None,TimeLineAction,febg_cruise_001_timeline_lasershow,None,False,True,10000000,108510112,0,0,0,True,-207705728,108520112,0,0,0,Repeat,Auto,0,,True,False,False,False,0,0,40084,40085,0
302424,False,Event,10024,None,TimeLineAction,febg_cruise_001_timeline_fountainshow,None,False,True,10000000,108510112,0,0,0,True,-207705728,108520112,0,0,0,Repeat,Auto,0,,True,False,False,False,0,0,40084,40085,0
302425,False,Event,10024,None,NarrativeSign,302401,None,True,False,10000000,0,0,0,0,False,-207705728,0,0,0,0,Repeat,Manual,0,sprite_btn_narrativesign_trigger,True,False,False,False,0,0,40084,40085,0
302426,False,Event,10024,None,NarrativeSign,302402,None,True,False,10000000,0,0,0,0,True,-207705728,108510112,0,0,0,Repeat,Manual,0,sprite_btn_narrativesign_trigger,True,False,False,False,0,0,40084,40085,0
302427,False,Event,10024,None,NarrativeSign,302403,None,True,False,10000000,0,0,0,0,False,-207705728,0,0,0,0,Repeat,Manual,0,sprite_btn_narrativesign_trigger,True,False,False,False,0,0,40084,40085,0
302428,False,Event,10024,None,NarrativeSign,302404,None,True,False,10000000,0,0,0,0,False,-207705728,0,0,0,0,Repeat,Manual,0,sprite_btn_narrativesign_trigger,True,False,False,False,0,0,40084,40085,0
302429,False,Event,10024,None,NarrativeSign,302405,None,True,False,10000000,0,0,0,0,False,-207705728,0,0,0,0,Repeat,Manual,0,sprite_btn_narrativesign_trigger,True,False,False,False,0,0,40084,40085,0
302501,False,Event,10025,None,TimeLineAction,febg_coinrush_002_timeline_hackingexia,None,False,True,10000000,108810108,0,0,0,True,-207705728,108910112,0,0,0,Repeat,Auto,0,,True,False,False,False,0,0,40088,40089,0
302502,False,Event,10025,None,TimeLineAction,febg_coinrush_002_timeline_arrestvelvet,None,False,True,10000000,108910112,0,0,0,True,-207705728,108920112,0,0,0,OncePerEnter,Auto,0,,True,False,False,False,0,0,40088,40089,0
302503,False,Event,10025,None,TimeLineAction,febg_coinrush_002_timeline_hackeddisplay,None,False,True,10000000,108810112,0,0,0,True,-207705728,108910101,0,0,0,Repeat,Auto,0,,True,False,False,False,0,0,40088,40089,0
302504,False,Event,10025,None,TimeLineAction,febg_coinrush_002_timeline_interviewsoda,None,False,True,10000000,108810106,0,0,0,True,-207705728,108810112,0,0,0,Repeat,Auto,0,,True,False,False,False,0,0,40088,40089,0
302505,False,Event,10025,None,TimeLineAction,febg_coinrush_002_timeline_restrainsugar,None,False,True,10000000,108910105,0,0,0,True,-207705728,108910108,0,0,0,Repeat,Auto,0,,True,False,False,False,0,0,40088,40089,0
302506,False,Event,10025,None,TimeLineAction,febg_coinrush_002_timeline_picturebunnyade,None,True,False,10000000,0,0,0,0,True,-207705728,108810105,0,0,0,Repeat,Auto,0,,True,False,False,False,0,0,40088,40089,0
302507,False,Event,10025,None,TimeLineAction,febg_coinrush_002_timeline_picturebunnyrouge,None,False,True,10000000,108910105,0,0,0,True,-207705728,108910108,0,0,0,Repeat,Auto,0,,True,False,False,False,0,0,40088,40089,0
302508,False,Event,10025,None,TimeLineAction,febg_coinrush_002_timeline_picturebunnybay,None,False,True,10000000,108910108,0,0,0,True,-207705728,108910112,0,0,0,Repeat,Auto,0,,True,False,False,False,0,0,40088,40089,0
302509,False,Event,10025,None,TimeLineAction,febg_coinrush_002_timeline_circledisplay,None,True,False,10000000,0,0,0,0,True,-207705728,108810112,0,0,0,Repeat,Auto,0,,True,False,False,False,0,0,40088,40089,0
302510,False,Event,10025,None,TimeLineAction,febg_coinrush_002_timeline_circledisplay_01,None,False,True,10000000,108910101,0,0,0,False,-207705728,0,0,0,0,Repeat,Auto,0,,True,False,False,False,0,0,40088,40089,0
302601,False,Event,10026,None,TimeLineAction,febg_oldmansion_001_timeline_windowlicker,None,True,False,10000000,0,0,0,0,True,-207705728,109110112,0,0,0,OncePerEnter,Auto,0,,True,False,False,False,0,0,40090,40091,0
302602,False,Event,10026,None,TimeLineAction,febg_oldmansion_001_timeline_doorclosed,None,True,False,10000000,0,0,0,0,True,-207705728,109110105,0,0,0,Repeat,Auto,0,,True,False,False,False,0,0,40090,40091,0
302603,False,Event,10026,None,TimeLineAction,febg_oldmansion_001_timeline_entercamera,None,True,False,10000000,0,0,0,0,False,-207705728,0,0,0,0,Once,Auto,0,,True,True,True,False,0,0,40090,40091,0
302604,False,Event,10026,None,TimeLineAction,febg_oldmansion_001_timeline_dooropen,None,True,False,10000000,0,0,0,0,False,-207705728,0,0,0,0,Once,Stage,109110105,,True,True,True,False,0,0,40090,40091,0
302605,False,Event,10026,None,NarrativeSign,302601,None,True,False,10000000,0,0,0,0,False,-207705728,0,0,0,0,Repeat,Manual,0,sprite_btn_narrativesign_trigger_ce007,True,False,False,False,0,0,40090,0,0
302606,False,Event,10026,None,NarrativeSign,302602,None,True,False,10000000,0,0,0,0,False,-207705728,0,0,0,0,Repeat,Manual,0,sprite_btn_narrativesign_trigger_ce007,True,False,False,False,0,0,40090,0,0
302607,False,Event,10026,None,NarrativeSign,302603,None,True,False,10000000,0,0,0,0,False,-207705728,0,0,0,0,Repeat,Manual,0,sprite_btn_narrativesign_trigger_ce007,True,False,False,False,0,0,40090,0,0
302608,False,Event,10026,None,NarrativeSign,302604,None,True,False,10000000,0,0,0,0,False,-207705728,0,0,0,0,Repeat,Manual,0,sprite_btn_narrativesign_trigger_ce007,True,False,False,False,0,0,40090,0,0
302609,False,Event,10026,None,NarrativeSign,302605,None,True,False,10000000,0,0,0,0,False,-207705728,0,0,0,0,Repeat,Manual,0,sprite_btn_narrativesign_trigger_ce007,True,False,False,False,0,0,40090,0,0
302610,False,Event,10026,None,NarrativeSign,302606,None,True,False,10000000,0,0,0,0,False,-207705728,0,0,0,0,Repeat,Manual,0,sprite_btn_narrativesign_trigger_ce007,True,False,False,False,0,0,40090,0,0
302611,False,Event,10026,None,NarrativeSign,302607,None,False,True,10000000,109110105,0,0,0,False,-207705728,0,0,0,0,Repeat,Manual,0,sprite_btn_narrativesign_trigger_ce007,True,False,False,False,0,0,40090,40091,0
302612,False,Event,10026,None,NarrativeSign,302608,None,True,False,10000000,0,0,0,0,False,-207705728,0,0,0,0,Repeat,Manual,0,sprite_btn_narrativesign_trigger_ce007,True,False,False,False,0,0,40090,0,0
302613,False,Event,10026,None,TimeLineAction,febg_oldmansion_001_timeline_healingherb,None,True,False,10000000,0,0,0,0,False,-207705728,0,0,0,0,OncePerEnter,Manual,0,sprite_btn_timeline_trigger_ce007,True,False,False,False,0,0,40090,0,0
302614,False,Event,10026,None,TimeLineAction,febg_oldmansion_001_timeline_healingherb_01,None,True,False,10000000,0,0,0,0,False,-207705728,0,0,0,0,OncePerEnter,Manual,0,sprite_btn_timeline_trigger_ce007,True,False,False,False,0,0,40090,0,0
302615,False,Event,10026,None,TimeLineAction,febg_oldmansion_001_timeline_healingherb_02,None,True,False,10000000,0,0,0,0,False,-207705728,0,0,0,0,OncePerEnter,Manual,0,sprite_btn_timeline_trigger_ce007,True,False,False,False,0,0,40090,0,0
302701,False,Event,10027,None,NarrativeSign,302701,None,True,False,10000000,0,0,0,0,True,-433337984,109310112,0,0,0,Repeat,Manual,0,sprite_btn_narrativesign_trigger_goddessfall,True,False,False,False,0,0,40092,0,0
302702,False,Event,10027,None,NarrativeSign,302702,None,False,True,-423337984,109310112,0,0,0,True,-433337984,109410105,0,0,0,Repeat,Manual,0,sprite_btn_narrativesign_trigger_goddessfall,True,False,False,False,0,0,40092,0,0
302703,False,Event,10027,None,NarrativeSign,302703,None,False,True,-423337984,109410105,0,0,0,False,-207705728,0,0,0,0,Repeat,Manual,0,sprite_btn_narrativesign_trigger_goddessfall,True,False,False,False,0,0,40092,40093,0
302704,False,Event,10027,None,TimeLineAction,febg_eden_001_timeline_assist_transport_01,None,True,False,10000000,0,0,0,0,True,-207705728,109310101,0,0,0,Repeat,Auto,0,sprite_btn_timeline_trigger,True,False,False,False,0,0,40092,0,0
302705,False,Event,10027,None,TimeLineAction,febg_eden_001_timeline_assist_transport_02,None,False,True,10000000,109310112,0,0,0,True,-433337984,109310112,0,0,0,Repeat,Auto,0,sprite_btn_timeline_trigger,True,False,False,False,0,0,40092,0,0
302706,False,Event,10027,None,TimeLineAction,febg_eden_001_timeline_assist_pickup_01,None,True,False,10000000,0,0,0,0,True,-207705728,109310101,0,0,0,Repeat,Auto,0,sprite_btn_timeline_trigger,True,False,False,False,0,0,40092,0,0
302707,False,Event,10027,None,TimeLineAction,febg_eden_001_timeline_assist_pickup_02,None,False,True,10000000,109310112,0,0,0,True,-433337984,109310112,0,0,0,Repeat,Auto,0,sprite_btn_timeline_trigger,True,False,False,False,0,0,40092,0,0
302708,False,Event,10027,None,TimeLineAction,febg_eden_001_timeline_battle_scarletisabel,None,False,True,10000000,109310105,0,0,0,True,-207705728,109310112,0,0,0,Repeat,Auto,0,sprite_btn_timeline_trigger,True,False,False,False,0,0,40092,0,0
302709,False,Event,10027,None,TimeLineAction,febg_eden_001_timeline_battle_nayuta,None,False,True,10000000,109310112,0,0,0,True,-207705728,109410112,0,0,0,Repeat,Auto,0,sprite_btn_timeline_trigger,True,False,False,False,0,0,40092,40093,0
302710,False,Event,10027,None,TimeLineAction,febg_eden_001_timeline_battle_harran,None,False,True,10000000,109310101,0,0,0,True,-207705728,109310112,0,0,0,Repeat,Auto,0,sprite_btn_timeline_trigger,True,False,False,False,0,0,40092,0,0
302711,False,Event,10027,None,TimeLineAction,febg_eden_001_timeline_battle_snowrapunzel,None,False,True,10000000,109310101,0,0,0,True,-207705728,109310108,0,0,0,Repeat,Auto,0,sprite_btn_timeline_trigger,True,False,False,False,0,0,40092,0,0
302712,False,Event,10027,None,TimeLineAction,febg_eden_001_timeline_elevatorview_02,None,True,False,10000000,0,0,0,0,True,-433337984,109310112,0,0,0,Repeat,Manual,0,sprite_btn_timeline_trigger,True,True,True,False,0,0,40092,0,0
302713,False,Event,10027,None,TimeLineAction,febg_eden_001_timeline_elevatorview_01,None,False,True,-423337984,109310112,0,0,0,False,-207705728,0,0,0,0,Repeat,Manual,0,sprite_btn_timeline_trigger,True,True,True,False,0,0,40092,0,0
302714,False,Event,10027,None,TimeLineAction,febg_eden_001_timeline_assist_travelA_01,None,True,False,10000000,0,0,0,0,True,-207705728,109310101,0,0,0,Repeat,Auto,0,sprite_btn_timeline_trigger,True,False,False,False,0,0,40092,0,0
302715,False,Event,10027,None,TimeLineAction,febg_eden_001_timeline_assist_travelB_01,None,True,False,10000000,0,0,0,0,True,-207705728,109310101,0,0,0,Repeat,Auto,0,sprite_btn_timeline_trigger,True,False,False,False,0,0,40092,0,0
302716,False,Event,10027,None,TimeLineAction,febg_eden_001_timeline_assist_travelA_02,None,False,True,10000000,109310112,0,0,0,True,-433337984,109310112,0,0,0,Repeat,Auto,0,sprite_btn_timeline_trigger,True,False,False,False,0,0,40092,0,0
302717,False,Event,10027,None,TimeLineAction,febg_eden_001_timeline_assist_travelB_02,None,False,True,10000000,109310112,0,0,0,True,-433337984,109310112,0,0,0,Repeat,Auto,0,sprite_btn_timeline_trigger,True,False,False,False,0,0,40092,0,0
302718,False,Event,10027,None,TimeLineAction,febg_eden_001_timeline_battle_scarlet,None,False,True,10000000,109310101,0,0,0,True,-207705728,109310105,0,0,0,Repeat,Auto,0,sprite_btn_timeline_trigger,True,False,False,False,0,0,40092,0,0
302719,False,Event,10027,None,TimeLineAction,febg_eden_001_timeline_battle_isabel,None,False,True,10000000,109310101,0,0,0,True,-207705728,109310105,0,0,0,Repeat,Auto,0,sprite_btn_timeline_trigger,True,False,False,False,0,0,40092,0,0
302720,False,Event,10027,None,TimeLineAction,febg_eden_001_timeline_battle_noah,None,False,True,10000000,109310101,0,0,0,True,-207705728,109310110,0,0,0,Repeat,Auto,0,sprite_btn_timeline_trigger,True,False,False,False,0,0,40092,0,0
302721,False,Event,10027,None,TimeLineAction,febg_eden_001_timeline_battle_flyingrapture,None,False,True,10000000,109310112,0,0,0,True,-433337984,109310112,0,0,0,Repeat,Auto,0,sprite_btn_timeline_trigger,True,False,False,False,0,0,40092,0,0
302722,False,Event,10027,None,TimeLineAction,febg_eden_001_timeline_assist_fix_01,None,True,False,10000000,0,0,0,0,True,-433337984,109310112,0,0,0,Repeat,Auto,0,sprite_btn_timeline_trigger,True,False,False,False,0,0,40092,0,0
302723,False,Event,10027,None,TimeLineAction,febg_eden_001_timeline_assist_fix_02,None,True,False,10000000,0,0,0,0,True,-433337984,109310112,0,0,0,Repeat,Auto,0,sprite_btn_timeline_trigger,True,False,False,False,0,0,40092,0,0
302724,False,Event,10027,None,TimeLineAction,febg_eden_001_timeline_assist_fix_03,None,True,False,10000000,0,0,0,0,True,-433337984,109310112,0,0,0,Repeat,Auto,0,sprite_btn_timeline_trigger,True,False,False,False,0,0,40092,0,0
302725,False,Event,10027,None,TimeLineAction,febg_eden_001_02_timeline_battle_elevatorattack,None,False,True,10000000,109310108,0,0,0,True,-207705728,109310112,0,0,0,Repeat,Auto,0,sprite_btn_timeline_trigger,True,False,False,False,0,0,40092,0,0
302726,False,Event,10027,None,TimeLineAction,febg_eden_001_timeline_elevator,None,False,True,-423337984,109310112,0,0,0,True,-423337984,109410105,0,0,0,Repeat,Auto,0,sprite_btn_timeline_trigger,True,False,False,False,0,0,40092,40093,0
302727,False,Event,10027,None,TimeLineAction,febg_eden_001_01_timeline_battle_elevatorattack,None,False,True,-423337984,109410105,0,0,0,True,-207705728,109410112,0,0,0,Repeat,Auto,0,sprite_btn_timeline_trigger,True,False,False,False,0,0,40092,40093,0
302728,False,Event,10027,None,TimeLineAction,febg_eden_001_timeline_elevator_01,None,False,True,-423337984,109410112,0,0,0,False,-207705728,0,0,0,0,Repeat,Auto,0,sprite_btn_timeline_trigger,True,False,False,False,0,0,40092,40093,0
302729,False,Event,10027,None,TimeLineAction,febg_eden_001_timeline_battle_energyline,None,False,True,-423337984,109410105,0,0,0,True,-207705728,109410112,0,0,0,Repeat,Auto,0,sprite_btn_timeline_trigger,True,False,False,False,0,0,40092,40093,0
302801,False,Event,10028,None,NarrativeSign,302801,None,True,False,10000000,0,0,0,0,False,-207705728,0,0,0,0,Repeat,Manual,0,sprite_btn_narrativesign_trigger_terminusticket,True,False,False,False,0,0,40096,0,0
302802,False,Event,10028,None,NarrativeSign,302802,None,True,False,10000000,0,0,0,0,False,-207705728,0,0,0,0,Repeat,Manual,0,sprite_btn_narrativesign_trigger_terminusticket,True,False,False,False,0,0,40096,0,0
302803,False,Event,10028,None,TimeLineAction,febg_train_001_timeline_grave,None,False,True,10000000,109710112,0,0,0,True,1522698624,109710112,0,0,0,Repeat,Manual,0,sprite_btn_timeline_trigger,True,True,True,False,0,0,40096,40097,0
302804,False,Event,10028,None,TimeLineAction,febg_train_001_timeline_coffeetime_broken,None,False,True,10000000,109610105,0,0,0,True,-207705728,109610108,0,0,0,Repeat,Auto,0,sprite_btn_timeline_trigger,True,False,False,False,0,0,40096,0,0
302805,False,Event,10028,None,TimeLineAction,febg_train_001_timeline_concert,None,True,False,10000000,0,0,0,0,True,-207705728,109610101,0,0,0,Repeat,Auto,0,sprite_btn_timeline_trigger,True,False,False,False,0,0,40096,0,0
302806,False,Event,10028,None,TimeLineAction,febg_train_001_timeline_playviolin,None,False,True,10000000,109610112,0,0,0,True,-207705728,109710101,0,0,0,Repeat,Auto,0,sprite_btn_timeline_trigger,True,False,False,False,0,0,40096,40097,0
302807,False,Event,10028,None,TimeLineAction,febg_train_001_timeline_playwithdeer,None,False,True,10000000,109610105,0,0,0,True,-207705728,109610108,0,0,0,Repeat,Auto,0,sprite_btn_timeline_trigger,True,False,False,False,0,0,40096,40097,0
302808,False,Event,10028,None,TimeLineAction,febg_train_001_timeline_rest_Nora,None,False,True,10000000,109610112,0,0,0,True,-207705728,109710103,0,0,0,Repeat,Auto,0,sprite_btn_timeline_trigger,True,False,False,False,0,0,40096,40097,0
302809,False,Event,10028,None,TimeLineAction,febg_train_001_timeline_rest_Nora_01,None,False,True,10000000,109710108,0,0,0,True,-207705728,109710110,0,0,0,Repeat,Auto,0,sprite_btn_timeline_trigger,True,False,False,False,0,0,40096,40097,0
302810,False,Event,10028,None,TimeLineAction,febg_train_001_timeline_workingBrid_01,None,False,True,10000000,109610101,0,0,0,True,-207705728,109610103,0,0,0,Repeat,Auto,0,sprite_btn_timeline_trigger,True,False,False,False,0,0,40096,0,0
302811,False,Event,10028,None,TimeLineAction,febg_train_001_timeline_workingBrid_02,None,False,True,10000000,109710103,0,0,0,True,-207705728,109710105,0,0,0,Repeat,Auto,0,sprite_btn_timeline_trigger,True,False,False,False,0,0,40096,40097,0
302812,False,Event,10028,None,TimeLineAction,febg_train_001_timeline_workingBrid_03,None,False,True,10000000,109710108,0,0,0,True,-207705728,109710110,0,0,0,Repeat,Auto,0,sprite_btn_timeline_trigger,True,False,False,False,0,0,40096,40097,0
302813,False,Event,10028,None,TimeLineAction,febg_train_001_timeline_workingBrid_04,None,False,True,1532698624,109710112,0,0,0,True,-2086221440,109710112,0,0,0,Repeat,Auto,0,sprite_btn_timeline_trigger,True,False,False,False,0,0,40096,40097,0
302814,False,Event,10028,None,TimeLineAction,febg_train_001_timeline_coffeetime_Brid_01,None,False,True,10000000,109610105,0,0,0,True,-207705728,109610110,0,0,0,Repeat,Auto,0,sprite_btn_timeline_trigger,True,False,False,False,0,0,40096,0,0
302815,False,Event,10028,None,TimeLineAction,febg_train_001_timeline_coffeetime_Brid_02,None,False,True,-2076221440,109710112,0,0,0,True,-663074432,109710112,0,0,0,Repeat,Auto,0,sprite_btn_timeline_trigger,True,False,False,False,0,0,40096,40097,0
302816,False,Event,10028,None,TimeLineAction,febg_train_001_timeline_coffee_Brid_01,None,True,False,10000000,0,0,0,0,True,-207705728,109610105,0,0,0,Repeat,Auto,0,sprite_btn_timeline_trigger,True,False,False,False,0,0,40096,0,0
302817,False,Event,10028,None,TimeLineAction,febg_train_001_timeline_coffee_Brid_02,None,False,True,10000000,109610110,0,0,0,True,-2086221440,109710112,0,0,0,Repeat,Auto,0,sprite_btn_timeline_trigger,True,False,False,False,0,0,40096,40097,0
302818,False,Event,10028,None,TimeLineAction,febg_train_001_timeline_coffee_broken_01,None,True,False,10000000,0,0,0,0,True,-207705728,109610105,0,0,0,Repeat,Auto,0,sprite_btn_timeline_trigger,True,False,False,False,0,0,40096,0,0
302819,False,Event,10028,None,TimeLineAction,febg_train_001_timeline_coffee_broken_02,None,False,True,10000000,109610108,0,0,0,False,-207705728,0,0,0,0,Repeat,Auto,0,sprite_btn_timeline_trigger,True,False,False,False,0,0,40096,0,0
302820,False,Event,10028,None,TimeLineAction,febg_train_001_timeline_coffeetime_Nora,None,False,True,10000000,109710103,0,0,0,True,-207705728,109710105,0,0,0,Repeat,Auto,0,sprite_btn_timeline_trigger,True,False,False,False,0,0,40096,40097,0
302821,False,Event,10028,None,TimeLineAction,febg_train_001_timeline_cart,None,False,True,10000000,109610101,0,0,0,True,-207705728,109610103,0,0,0,Repeat,Auto,0,sprite_btn_timeline_trigger,True,False,False,False,0,0,40096,40097,0
302822,False,Event,10028,None,TimeLineAction,febg_train_001_timeline_cartwithNero,None,False,True,795598848,109710112,0,0,0,True,-2086221440,109710112,0,0,0,Repeat,Auto,0,sprite_btn_timeline_trigger,True,False,False,False,0,0,40096,40097,0
302823,False,Event,10028,None,TimeLineAction,febg_train_001_timeline_dining,None,False,True,10000000,109610108,0,0,0,True,-207705728,109610110,0,0,0,Repeat,Auto,0,sprite_btn_timeline_trigger,True,False,False,False,0,0,40096,40097,0
302824,False,Event,10028,None,TimeLineAction,febg_train_001_timeline_lookwindow_01,None,False,True,10000000,109610101,0,0,0,True,-207705728,109610103,0,0,0,Repeat,Auto,0,sprite_btn_timeline_trigger,True,False,False,False,0,0,40096,40097,0
302825,False,Event,10028,None,TimeLineAction,febg_train_001_timeline_lookwindow_02,None,False,True,-1339121664,109710112,0,0,0,True,785598848,109710112,0,0,0,Repeat,Auto,0,sprite_btn_timeline_trigger,True,False,False,False,0,0,40096,40097,0
302826,False,Event,10028,None,TimeLineAction,febg_train_001_timeline_party,None,False,True,10000000,109710110,0,0,0,True,-207705728,109710112,0,0,0,Repeat,Auto,0,sprite_btn_timeline_trigger,True,False,False,False,0,0,40096,40097,0
302827,False,Event,10028,None,TimeLineAction,febg_train_001_timeline_rest,None,False,True,10000000,109710108,0,0,0,True,-207705728,109710110,0,0,0,Repeat,Auto,0,sprite_btn_timeline_trigger,True,False,False,False,0,0,40096,40097,0
