id,group_id,gacha_type,gacha_sub_type,gacha_id,prob
1,10005,Character,None,110201,3
2,10005,Character,None,314001,3
3,10005,Character,None,321001,3
4,10005,Character,None,319101,3
5,10005,Character,None,209001,3
6,10005,Character,None,116001,3
7,10005,Character,None,217001,3
8,10005,Character,None,314201,3
9,10005,Character,None,115001,3
10,10005,Character,None,202201,3
11,10005,Character,None,203001,3
12,10005,Character,None,203201,3
13,10005,Character,None,207001,3
14,10005,Character,None,207101,3
15,10005,Character,None,207201,3
16,10005,Character,None,108001,3
17,10005,Character,None,209201,3
18,10005,Character,None,110101,3
19,10005,Character,None,111001,3
20,10005,Character,None,313001,3
21,10005,Character,None,117201,3
22,10005,Character,None,218001,3
23,10005,Character,None,319001,3
24,10005,Character,None,320101,3
25,10005,Character,None,324101,3
26,10005,Character,None,343201,3
27,10005,Character,None,343101,3
28,10005,Character,None,343001,3
29,10005,Character,None,324201,3
30,10005,Character,None,218101,3
31,10005,Character,None,108201,3
32,10005,Character,None,321201,3
33,10005,Character,None,320201,3
34,10005,Character,None,320001,3
35,10005,Character,None,317101,3
36,10005,Character,None,314101,3
37,10005,Character,None,113101,3
38,10005,Character,None,209101,3
39,10005,Character,None,235201,3
40,10005,Character,None,110001,3
41,10005,Character,None,111101,3
42,10005,Character,None,311201,3
43,10005,Character,None,331101,3
44,10005,Character,None,331201,3
45,10005,Character,None,338101,3
46,10005,Character,None,328201,3
47,10005,Character,None,204001,3
48,10005,Character,None,327001,3
49,10005,Character,None,327101,3
50,10005,Character,None,228001,3
51,10005,Character,None,338001,3
52,10005,Character,None,235001,3
53,10005,Character,None,232101,3
54,10005,Character,None,145001,3
55,10005,Character,None,145101,3
56,10005,Character,None,203301,3
57,10005,Character,None,119201,3
58,10005,Character,None,338201,3
59,10005,Character,None,328101,3
60,10005,Character,None,231301,3
61,10005,Character,None,331001,3
62,10005,Character,None,150001,3
63,10005,Character,None,204301,3
64,10005,Character,None,355001,3
65,10005,Character,None,150101,3
66,10005,Character,None,331401,3
67,10005,Character,None,319501,3
68,10005,Character,None,355101,3
69,10005,Character,None,139101,3
70,10005,Character,None,239001,3
71,10005,Character,None,327201,3
72,10005,Character,None,140301,3
73,10005,Character,None,258001,3
74,10005,Character,None,324001,3
75,10005,Character,None,141101,3
76,10005,Character,None,129001,3
77,10005,Character,None,235401,3
78,10005,Character,None,235501,3
79,10005,Character,None,141201,3
80,10005,Character,None,352001,3
81,10005,Character,None,352101,3
82,10005,Character,None,258101,3
83,10005,Character,None,204101,3
84,10005,Character,None,253201,3
85,10005,Character,None,209301,3
86,10005,Character,None,209501,3
87,10005,Character,None,209401,3
88,10005,Character,None,331501,3
89,10005,Character,None,314301,3
90,10005,Character,None,502301,3
91,10005,Character,None,207401,3
92,10004,Character,None,423001,2
93,10004,Character,None,422001,2
94,10004,Character,None,423201,2
95,10004,Character,None,422201,2
96,10004,Character,None,423101,2
97,10004,Character,None,422101,2
98,10004,Character,None,426001,2
99,10004,Character,None,423301,2
100,10004,Character,None,447001,2
101,10004,Character,None,422501,2
102,10004,Character,None,433001,2
103,10004,Character,None,451101,2
104,10004,Character,None,451401,2
105,10004,Character,None,201601,2
106,10004,Character,None,451301,2
107,10004,Character,None,116201,2
108,10004,Character,None,422301,2
109,10004,Character,None,426201,2
110,10003,Character,None,201001,477
111,10003,Character,None,201101,477
112,10003,Character,None,202001,477
113,10003,Character,None,301201,477
114,10003,Character,None,116101,477
115,10003,Character,None,112001,477
116,10003,Character,None,129101,477
117,10003,Character,None,306001,477
118,10003,Character,None,306101,477
119,10001,Character,None,230001,588
120,10001,Character,None,230101,588
121,10001,Character,None,130201,588
122,10001,Character,None,130301,588
123,10001,Character,None,330401,588
124,10001,Character,None,330501,588
125,10001,Character,None,330801,588
126,10001,Character,None,130701,588
127,10001,Character,None,230601,588
128,19995,WishlistNormal,None,0,233
129,19996,WishlistOverspec,None,0,233
130,15001,Character,None,110201,9
131,15001,Character,None,314001,9
132,15001,Character,None,321001,9
133,15001,Character,None,319101,9
134,15001,Character,None,209001,9
135,15001,Character,None,116001,9
136,15001,Character,None,217001,9
137,15001,Character,None,314201,9
138,15001,Character,None,115001,9
139,15001,Character,None,202201,9
140,15001,Character,None,203001,9
141,15001,Character,None,203201,9
142,15001,Character,None,207001,9
143,15001,Character,None,207101,9
144,15001,Character,None,207201,9
145,15001,Character,None,108001,9
146,15001,Character,None,209201,9
147,15001,Character,None,110101,9
148,15001,Character,None,111001,9
149,15001,Character,None,313001,9
150,15001,Character,None,117201,9
151,15001,Character,None,218001,9
152,15001,Character,None,319001,9
153,15001,Character,None,320101,9
154,15001,Character,None,324101,9
155,15001,Character,None,343201,9
156,15001,Character,None,343101,9
157,15001,Character,None,343001,9
158,15001,Character,None,324201,9
159,15001,Character,None,218101,9
160,15001,Character,None,108201,9
161,15001,Character,None,321201,9
162,15001,Character,None,320201,9
163,15001,Character,None,320001,9
164,15001,Character,None,317101,9
165,15001,Character,None,314101,9
166,15001,Character,None,113101,9
167,15001,Character,None,209101,9
168,15002,Character,None,423001,8
169,15002,Character,None,422001,8
170,15002,Character,None,423201,8
171,15002,Character,None,422201,8
172,15002,Character,None,423101,8
173,15002,Character,None,422101,8
174,15003,Character,None,201001,477
175,15003,Character,None,201101,477
176,15003,Character,None,202001,477
177,15003,Character,None,301201,477
178,15003,Character,None,116101,477
179,15003,Character,None,112001,477
180,15003,Character,None,129101,477
181,15003,Character,None,306001,477
182,15003,Character,None,306101,477
183,15004,Character,None,230001,588
184,15004,Character,None,230101,588
185,15004,Character,None,130201,588
186,15004,Character,None,130301,588
187,15004,Character,None,330401,588
188,15004,Character,None,330501,588
189,15004,Character,None,330801,588
190,15004,Character,None,130701,588
191,15004,Character,None,230601,588
192,100001,Character,None,235201,200
193,100002,Character,None,110201,3
194,100002,Character,None,314001,3
195,100002,Character,None,321001,3
196,100002,Character,None,319101,3
197,100002,Character,None,209001,3
198,100002,Character,None,116001,3
199,100002,Character,None,217001,3
200,100002,Character,None,314201,3
201,100002,Character,None,115001,3
202,100002,Character,None,202201,3
203,100002,Character,None,203001,3
204,100002,Character,None,203201,3
205,100002,Character,None,207001,3
206,100002,Character,None,207101,3
207,100002,Character,None,207201,3
208,100002,Character,None,108001,3
209,100002,Character,None,209201,3
210,100002,Character,None,110101,3
211,100002,Character,None,111001,3
212,100002,Character,None,313001,3
213,100002,Character,None,117201,3
214,100002,Character,None,218001,3
215,100002,Character,None,319001,3
216,100002,Character,None,320101,3
217,100002,Character,None,324101,3
218,100002,Character,None,343201,3
219,100002,Character,None,343101,3
220,100002,Character,None,343001,3
221,100002,Character,None,324201,3
222,100002,Character,None,218101,3
223,100002,Character,None,108201,3
224,100002,Character,None,321201,3
225,100002,Character,None,320201,3
226,100002,Character,None,320001,3
227,100002,Character,None,317101,3
228,100002,Character,None,314101,3
229,100002,Character,None,113101,3
230,100002,Character,None,209101,3
231,100003,Character,None,423001,8
232,100003,Character,None,422001,8
233,100003,Character,None,423201,8
234,100003,Character,None,422201,8
235,100003,Character,None,423101,8
236,100003,Character,None,422101,8
237,100004,Character,None,112001,477
238,100004,Character,None,116101,477
239,100004,Character,None,129101,477
240,100004,Character,None,201001,477
241,100004,Character,None,201101,477
242,100004,Character,None,202001,477
243,100004,Character,None,301201,477
244,100004,Character,None,306001,477
245,100004,Character,None,306101,477
246,100005,Character,None,130201,588
247,100005,Character,None,130301,588
248,100005,Character,None,130701,588
249,100005,Character,None,230001,588
250,100005,Character,None,230101,588
251,100005,Character,None,230601,588
252,100005,Character,None,330401,588
253,100005,Character,None,330501,588
254,100005,Character,None,330801,588
255,110001,Character,None,110001,200
256,110002,Character,None,110201,3
257,110002,Character,None,314001,3
258,110002,Character,None,321001,3
259,110002,Character,None,319101,3
260,110002,Character,None,209001,3
261,110002,Character,None,116001,3
262,110002,Character,None,217001,3
263,110002,Character,None,314201,3
264,110002,Character,None,115001,3
265,110002,Character,None,202201,3
266,110002,Character,None,203001,3
267,110002,Character,None,203201,3
268,110002,Character,None,207001,3
269,110002,Character,None,207101,3
270,110002,Character,None,207201,3
271,110002,Character,None,108001,3
272,110002,Character,None,209201,3
273,110002,Character,None,110101,3
274,110002,Character,None,111001,3
275,110002,Character,None,313001,3
276,110002,Character,None,117201,3
277,110002,Character,None,218001,3
278,110002,Character,None,319001,3
279,110002,Character,None,320101,3
280,110002,Character,None,324101,3
281,110002,Character,None,343201,3
282,110002,Character,None,343101,3
283,110002,Character,None,343001,3
284,110002,Character,None,324201,3
285,110002,Character,None,218101,3
286,110002,Character,None,108201,3
287,110002,Character,None,321201,3
288,110002,Character,None,320201,3
289,110002,Character,None,320001,3
290,110002,Character,None,317101,3
291,110002,Character,None,314101,3
292,110002,Character,None,113101,3
293,110002,Character,None,209101,3
294,110003,Character,None,423001,8
295,110003,Character,None,422001,8
296,110003,Character,None,423201,8
297,110003,Character,None,422201,8
298,110003,Character,None,423101,8
299,110003,Character,None,422101,8
300,110004,Character,None,112001,477
301,110004,Character,None,116101,477
302,110004,Character,None,129101,477
303,110004,Character,None,201001,477
304,110004,Character,None,201101,477
305,110004,Character,None,202001,477
306,110004,Character,None,301201,477
307,110004,Character,None,306001,477
308,110004,Character,None,306101,477
309,110005,Character,None,130201,588
310,110005,Character,None,130301,588
311,110005,Character,None,130701,588
312,110005,Character,None,230001,588
313,110005,Character,None,230101,588
314,110005,Character,None,230601,588
315,110005,Character,None,330401,588
316,110005,Character,None,330501,588
317,110005,Character,None,330801,588
318,300001,Character,None,110201,263
319,300001,Character,None,314001,263
320,300001,Character,None,321001,263
321,300001,Character,None,319101,263
322,300001,Character,None,209001,263
323,300001,Character,None,116001,263
324,300001,Character,None,217001,263
325,300001,Character,None,314201,263
326,300001,Character,None,115001,263
327,300001,Character,None,202201,263
328,300001,Character,None,203001,263
329,300001,Character,None,203201,263
330,300001,Character,None,207001,263
331,300001,Character,None,207101,263
332,300001,Character,None,207201,263
333,300001,Character,None,108001,263
334,300001,Character,None,209201,263
335,300001,Character,None,110101,263
336,300001,Character,None,111001,263
337,300001,Character,None,313001,263
338,300001,Character,None,117201,263
339,300001,Character,None,218001,263
340,300001,Character,None,319001,263
341,300001,Character,None,320101,263
342,300001,Character,None,324101,263
343,300001,Character,None,343201,263
344,300001,Character,None,343101,263
345,300001,Character,None,343001,263
346,300001,Character,None,324201,263
347,300001,Character,None,218101,263
348,300001,Character,None,108201,263
349,300001,Character,None,321201,263
350,300001,Character,None,320201,263
351,300001,Character,None,320001,263
352,300001,Character,None,317101,263
353,300001,Character,None,314101,263
354,300001,Character,None,113101,263
355,300001,Character,None,209101,263
356,140001,Character,None,209001,16129
357,140001,Character,None,217001,16129
358,140001,Character,None,202201,16129
359,140001,Character,None,203001,16129
360,140001,Character,None,203201,16129
361,140001,Character,None,207001,16129
362,140001,Character,None,207101,16129
363,140001,Character,None,207201,16129
364,140001,Character,None,209201,16129
365,140001,Character,None,218001,16129
366,140001,Character,None,218101,16129
367,140001,Character,None,209101,16129
368,140001,Character,None,235201,16129
369,140001,Character,None,204001,16129
370,140001,Character,None,235001,16129
371,140001,Character,None,232101,16129
372,140001,Character,None,203301,16129
373,140001,Character,None,231301,16129
374,140001,Character,None,204301,16129
375,140001,Character,None,239001,16129
376,140001,Character,None,258001,16129
377,140001,Character,None,235401,16129
378,140001,Character,None,235501,16129
379,140001,Character,None,258101,16129
380,140001,Character,None,204101,16129
381,140001,Character,None,253201,16129
382,140001,Character,None,209301,16129
383,140001,Character,None,209501,16129
384,140001,Character,None,209401,16129
385,140001,Character,None,502301,16129
386,140001,Character,None,207401,16129
387,140001,Character,None,201001,33333
388,140001,Character,None,201101,33333
389,140001,Character,None,202001,33333
390,140001,Character,None,112001,33333
391,140001,Character,None,116101,33333
392,140001,Character,None,129101,33333
393,140001,Character,None,301201,33333
394,140001,Character,None,306001,33333
395,140001,Character,None,306101,33333
396,140001,Character,None,230001,22222
397,140001,Character,None,230101,22222
398,140001,Character,None,230601,22222
399,140001,Character,None,130201,22222
400,140001,Character,None,130301,22222
401,140001,Character,None,130701,22222
402,140001,Character,None,330401,22222
403,140001,Character,None,330501,22222
404,140001,Character,None,330801,22222
405,140008,Character,None,209001,31250
406,140008,Character,None,217001,31250
407,140008,Character,None,202201,31250
408,140008,Character,None,203001,31250
409,140008,Character,None,203201,31250
410,140008,Character,None,207001,31250
411,140008,Character,None,207101,31250
412,140008,Character,None,207201,31250
413,140008,Character,None,209201,31250
414,140008,Character,None,218001,31250
415,140008,Character,None,218101,31250
416,140008,Character,None,209101,31250
417,140008,Character,None,235201,31250
418,140008,Character,None,204001,31250
419,140008,Character,None,235001,31250
420,140008,Character,None,232101,31250
421,140008,Character,None,203301,31250
422,140008,Character,None,231301,31250
423,140008,Character,None,204301,31250
424,140008,Character,None,239001,31250
425,140008,Character,None,258001,31250
426,140008,Character,None,235401,31250
427,140008,Character,None,235501,31250
428,140008,Character,None,258101,31250
429,140008,Character,None,204101,31250
430,140008,Character,None,253201,31250
431,140008,Character,None,209301,31250
432,140008,Character,None,209501,31250
433,140008,Character,None,209401,31250
434,140008,Character,None,502301,31250
435,140008,Character,None,207401,31250
436,140002,Character,None,110201,227
437,140002,Character,None,116001,227
438,140002,Character,None,115001,227
439,140002,Character,None,108001,227
440,140002,Character,None,110101,227
441,140002,Character,None,111001,227
442,140002,Character,None,117201,227
443,140002,Character,None,108201,227
444,140002,Character,None,113101,227
445,140002,Character,None,110001,227
446,140002,Character,None,324101,227
447,140002,Character,None,111101,227
448,140002,Character,None,145001,227
449,140002,Character,None,145101,227
450,140002,Character,None,119201,227
451,140002,Character,None,150001,227
452,140002,Character,None,150101,227
453,140002,Character,None,139101,227
454,140002,Character,None,140301,227
455,140002,Character,None,141101,227
456,140002,Character,None,129001,227
457,140002,Character,None,141201,227
458,140002,Character,None,201001,333
459,140002,Character,None,201101,333
460,140002,Character,None,202001,333
461,140002,Character,None,112001,333
462,140002,Character,None,116101,333
463,140002,Character,None,129101,333
464,140002,Character,None,301201,333
465,140002,Character,None,306001,333
466,140002,Character,None,306101,333
467,140002,Character,None,230001,222
468,140002,Character,None,230101,222
469,140002,Character,None,230601,222
470,140002,Character,None,130201,222
471,140002,Character,None,130301,222
472,140002,Character,None,130701,222
473,140002,Character,None,330401,222
474,140002,Character,None,330501,222
475,140002,Character,None,330801,222
476,140009,Character,None,110201,45454
477,140009,Character,None,116001,45454
478,140009,Character,None,115001,45454
479,140009,Character,None,108001,45454
480,140009,Character,None,110101,45454
481,140009,Character,None,111001,45454
482,140009,Character,None,117201,45454
483,140009,Character,None,108201,45454
484,140009,Character,None,113101,45454
485,140009,Character,None,110001,45454
486,140009,Character,None,324101,45454
487,140009,Character,None,111101,45454
488,140009,Character,None,145001,45454
489,140009,Character,None,145101,45454
490,140009,Character,None,119201,45454
491,140009,Character,None,150001,45454
492,140009,Character,None,150101,45454
493,140009,Character,None,139101,45454
494,140009,Character,None,140301,45454
495,140009,Character,None,141101,45454
496,140009,Character,None,129001,45454
497,140009,Character,None,141201,45454
498,140003,Character,None,314001,13157
499,140003,Character,None,321001,13157
500,140003,Character,None,319101,13157
501,140003,Character,None,314201,13157
502,140003,Character,None,313001,13157
503,140003,Character,None,319001,13157
504,140003,Character,None,320101,13157
505,140003,Character,None,343201,13157
506,140003,Character,None,343101,13157
507,140003,Character,None,343001,13157
508,140003,Character,None,324201,13157
509,140003,Character,None,321201,13157
510,140003,Character,None,320201,13157
511,140003,Character,None,320001,13157
512,140003,Character,None,317101,13157
513,140003,Character,None,314101,13157
514,140003,Character,None,311201,13157
515,140003,Character,None,331101,13157
516,140003,Character,None,331201,13157
517,140003,Character,None,338101,13157
518,140003,Character,None,328201,13157
519,140003,Character,None,327001,13157
520,140003,Character,None,327101,13157
521,140003,Character,None,228001,13157
522,140003,Character,None,338001,13157
523,140003,Character,None,338201,13157
524,140003,Character,None,328101,13157
525,140003,Character,None,331001,13157
526,140003,Character,None,355001,13157
527,140003,Character,None,331401,13157
528,140003,Character,None,319501,13157
529,140003,Character,None,355101,13157
530,140003,Character,None,327201,13157
531,140003,Character,None,324001,13157
532,140003,Character,None,352001,13157
533,140003,Character,None,352101,13157
534,140003,Character,None,331501,13157
535,140003,Character,None,314301,13157
536,140003,Character,None,201001,33333
537,140003,Character,None,201101,33333
538,140003,Character,None,202001,33333
539,140003,Character,None,112001,33333
540,140003,Character,None,116101,33333
541,140003,Character,None,129101,33333
542,140003,Character,None,301201,33333
543,140003,Character,None,306001,33333
544,140003,Character,None,306101,33333
545,140003,Character,None,230001,22222
546,140003,Character,None,230101,22222
547,140003,Character,None,230601,22222
548,140003,Character,None,130201,22222
549,140003,Character,None,130301,22222
550,140003,Character,None,130701,22222
551,140003,Character,None,330401,22222
552,140003,Character,None,330501,22222
553,140003,Character,None,330801,22222
554,140010,Character,None,314001,26315
555,140010,Character,None,321001,26315
556,140010,Character,None,319101,26315
557,140010,Character,None,314201,26315
558,140010,Character,None,313001,26315
559,140010,Character,None,319001,26315
560,140010,Character,None,320101,26315
561,140010,Character,None,343201,26315
562,140010,Character,None,343101,26315
563,140010,Character,None,343001,26315
564,140010,Character,None,324201,26315
565,140010,Character,None,321201,26315
566,140010,Character,None,320201,26315
567,140010,Character,None,320001,26315
568,140010,Character,None,317101,26315
569,140010,Character,None,314101,26315
570,140010,Character,None,311201,26315
571,140010,Character,None,331101,26315
572,140010,Character,None,331201,26315
573,140010,Character,None,338101,26315
574,140010,Character,None,328201,26315
575,140010,Character,None,327001,26315
576,140010,Character,None,327101,26315
577,140010,Character,None,228001,26315
578,140010,Character,None,338001,26315
579,140010,Character,None,338201,26315
580,140010,Character,None,328101,26315
581,140010,Character,None,331001,26315
582,140010,Character,None,355001,26315
583,140010,Character,None,331401,26315
584,140010,Character,None,319501,26315
585,140010,Character,None,355101,26315
586,140010,Character,None,327201,26315
587,140010,Character,None,324001,26315
588,140010,Character,None,352001,26315
589,140010,Character,None,352101,26315
590,140010,Character,None,331501,26315
591,140010,Character,None,314301,26315
592,140004,Character,None,423001,27778
593,140004,Character,None,422001,27778
594,140004,Character,None,423201,27778
595,140004,Character,None,422201,27778
596,140004,Character,None,423101,27778
597,140004,Character,None,422101,27778
598,140004,Character,None,426001,27778
599,140004,Character,None,423301,27778
600,140004,Character,None,447001,27778
601,140004,Character,None,422501,27778
602,140004,Character,None,433001,27778
603,140004,Character,None,451101,27778
604,140004,Character,None,451401,27778
605,140004,Character,None,201601,27778
606,140004,Character,None,451301,27778
607,140004,Character,None,116201,27778
608,140004,Character,None,422301,27778
609,140004,Character,None,426201,27778
610,140004,Character,None,201001,33333
611,140004,Character,None,201101,33333
612,140004,Character,None,202001,33333
613,140004,Character,None,112001,33333
614,140004,Character,None,116101,33333
615,140004,Character,None,129101,33333
616,140004,Character,None,301201,33333
617,140004,Character,None,306001,33333
618,140004,Character,None,306101,33333
619,140004,Character,None,230001,22222
620,140004,Character,None,230101,22222
621,140004,Character,None,230601,22222
622,140004,Character,None,130201,22222
623,140004,Character,None,130301,22222
624,140004,Character,None,130701,22222
625,140004,Character,None,330401,22222
626,140004,Character,None,330501,22222
627,140004,Character,None,330801,22222
628,140011,Character,None,423001,55555
629,140011,Character,None,422001,55555
630,140011,Character,None,423201,55555
631,140011,Character,None,422201,55555
632,140011,Character,None,423101,55555
633,140011,Character,None,422101,55555
634,140011,Character,None,426001,55555
635,140011,Character,None,423301,55555
636,140011,Character,None,447001,55555
637,140011,Character,None,422501,55555
638,140011,Character,None,433001,55555
639,140011,Character,None,451101,55555
640,140011,Character,None,451401,55555
641,140011,Character,None,201601,55555
642,140011,Character,None,451301,55555
643,140011,Character,None,116201,55555
644,140011,Character,None,422301,55555
645,140011,Character,None,426201,55555
646,150001,Character,None,110201,6703
647,150001,Character,None,314001,6703
648,150001,Character,None,321001,6703
649,150001,Character,None,319101,6703
650,150001,Character,None,209001,6703
651,150001,Character,None,116001,6703
652,150001,Character,None,217001,6703
653,150001,Character,None,314201,6703
654,150001,Character,None,115001,6703
655,150001,Character,None,202201,6703
656,150001,Character,None,203001,6703
657,150001,Character,None,203201,6703
658,150001,Character,None,207001,6703
659,150001,Character,None,207101,6703
660,150001,Character,None,207201,6703
661,150001,Character,None,108001,6703
662,150001,Character,None,209201,6703
663,150001,Character,None,110101,6703
664,150001,Character,None,111001,6703
665,150001,Character,None,313001,6703
666,150001,Character,None,117201,6703
667,150001,Character,None,218001,6703
668,150001,Character,None,319001,6703
669,150001,Character,None,320101,6703
670,150001,Character,None,324101,6703
671,150001,Character,None,343201,6703
672,150001,Character,None,343101,6703
673,150001,Character,None,343001,6703
674,150001,Character,None,324201,6703
675,150001,Character,None,218101,6703
676,150001,Character,None,108201,6703
677,150001,Character,None,321201,6703
678,150001,Character,None,320201,6703
679,150001,Character,None,320001,6703
680,150001,Character,None,317101,6703
681,150001,Character,None,314101,6703
682,150001,Character,None,113101,6703
683,150001,Character,None,209101,6703
684,150001,Character,None,235201,6703
685,150001,Character,None,110001,6703
686,150001,Character,None,111101,6703
687,150001,Character,None,311201,6703
688,150001,Character,None,331101,6703
689,150001,Character,None,331201,6703
690,150001,Character,None,338101,6703
691,150001,Character,None,328201,6703
692,150001,Character,None,204001,6703
693,150001,Character,None,327001,6703
694,150001,Character,None,327101,6703
695,150001,Character,None,228001,6703
696,150001,Character,None,338001,6703
697,150001,Character,None,235001,6703
698,150001,Character,None,232101,6703
699,150001,Character,None,145001,6703
700,150001,Character,None,145101,6703
701,150001,Character,None,203301,6703
702,150001,Character,None,119201,6703
703,150001,Character,None,338201,6703
704,150001,Character,None,328101,6703
705,150001,Character,None,231301,6703
706,150001,Character,None,331001,6703
707,150001,Character,None,150001,6703
708,150001,Character,None,204301,6703
709,150001,Character,None,355001,6703
710,150001,Character,None,150101,6703
711,150001,Character,None,331401,6703
712,150001,Character,None,319501,6703
713,150001,Character,None,355101,6703
714,150001,Character,None,139101,6703
715,150001,Character,None,239001,6703
716,150001,Character,None,327201,6703
717,150001,Character,None,140301,6703
718,150001,Character,None,258001,6703
719,150001,Character,None,324001,6703
720,150001,Character,None,141101,6703
721,150001,Character,None,129001,6703
722,150001,Character,None,235401,6703
723,150001,Character,None,235501,6703
724,150001,Character,None,141201,6703
725,150001,Character,None,352001,6703
726,150001,Character,None,352101,6703
727,150001,Character,None,258101,6703
728,150001,Character,None,204101,6703
729,150001,Character,None,253201,6703
730,150001,Character,None,209301,6703
731,150001,Character,None,209501,6703
732,150001,Character,None,209401,6703
733,150001,Character,None,331501,6703
734,150001,Character,None,314301,6703
735,150001,Character,None,502301,6703
736,150001,Character,None,207401,6703
737,150001,Character,None,201001,43333
738,150001,Character,None,201101,43333
739,150001,Character,None,202001,43333
740,150001,Character,None,112001,43333
741,150001,Character,None,116101,43333
742,150001,Character,None,129101,43333
743,150001,Character,None,301201,43333
744,150001,Character,None,306001,43333
745,150001,Character,None,306101,43333
746,150002,Character,None,110201,2307
747,150002,Character,None,314001,2307
748,150002,Character,None,321001,2307
749,150002,Character,None,319101,2307
750,150002,Character,None,209001,2307
751,150002,Character,None,116001,2307
752,150002,Character,None,217001,2307
753,150002,Character,None,314201,2307
754,150002,Character,None,115001,2307
755,150002,Character,None,202201,2307
756,150002,Character,None,203001,2307
757,150002,Character,None,203201,2307
758,150002,Character,None,207001,2307
759,150002,Character,None,207101,2307
760,150002,Character,None,207201,2307
761,150002,Character,None,108001,2307
762,150002,Character,None,209201,2307
763,150002,Character,None,110101,2307
764,150002,Character,None,111001,2307
765,150002,Character,None,313001,2307
766,150002,Character,None,117201,2307
767,150002,Character,None,218001,2307
768,150002,Character,None,319001,2307
769,150002,Character,None,320101,2307
770,150002,Character,None,324101,2307
771,150002,Character,None,343201,2307
772,150002,Character,None,343101,2307
773,150002,Character,None,343001,2307
774,150002,Character,None,324201,2307
775,150002,Character,None,218101,2307
776,150002,Character,None,108201,2307
777,150002,Character,None,321201,2307
778,150002,Character,None,320201,2307
779,150002,Character,None,320001,2307
780,150002,Character,None,317101,2307
781,150002,Character,None,314101,2307
782,150002,Character,None,113101,2307
783,150002,Character,None,209101,2307
784,150002,Character,None,235201,2307
785,150002,Character,None,110001,2307
786,150002,Character,None,111101,2307
787,150002,Character,None,311201,2307
788,150002,Character,None,331101,2307
789,150002,Character,None,331201,2307
790,150002,Character,None,338101,2307
791,150002,Character,None,328201,2307
792,150002,Character,None,204001,2307
793,150002,Character,None,327001,2307
794,150002,Character,None,327101,2307
795,150002,Character,None,228001,2307
796,150002,Character,None,338001,2307
797,150002,Character,None,235001,2307
798,150002,Character,None,232101,2307
799,150002,Character,None,145001,2307
800,150002,Character,None,145101,2307
801,150002,Character,None,203301,2307
802,150002,Character,None,119201,2307
803,150002,Character,None,338201,2307
804,150002,Character,None,328101,2307
805,150002,Character,None,231301,2307
806,150002,Character,None,331001,2307
807,150002,Character,None,150001,2307
808,150002,Character,None,204301,2307
809,150002,Character,None,355001,2307
810,150002,Character,None,150101,2307
811,150002,Character,None,331401,2307
812,150002,Character,None,319501,2307
813,150002,Character,None,355101,2307
814,150002,Character,None,139101,2307
815,150002,Character,None,239001,2307
816,150002,Character,None,327201,2307
817,150002,Character,None,140301,2307
818,150002,Character,None,258001,2307
819,150002,Character,None,324001,2307
820,150002,Character,None,141101,2307
821,150002,Character,None,129001,2307
822,150002,Character,None,235401,2307
823,150002,Character,None,235501,2307
824,150002,Character,None,141201,2307
825,150002,Character,None,352001,2307
826,150002,Character,None,352101,2307
827,150002,Character,None,258101,2307
828,150002,Character,None,204101,2307
829,150002,Character,None,253201,2307
830,150002,Character,None,209301,2307
831,150002,Character,None,209501,2307
832,150002,Character,None,209401,2307
833,150002,Character,None,331501,2307
834,150002,Character,None,314301,2307
835,150002,Character,None,502301,2307
836,150002,Character,None,207401,2307
837,150002,Character,None,201001,87777
838,150002,Character,None,201101,87777
839,150002,Character,None,202001,87777
840,150002,Character,None,112001,87777
841,150002,Character,None,116101,87777
842,150002,Character,None,129101,87777
843,150002,Character,None,301201,87777
844,150002,Character,None,306001,87777
845,150002,Character,None,306101,87777
846,150003,Character,None,110201,10989
847,150003,Character,None,314001,10989
848,150003,Character,None,321001,10989
849,150003,Character,None,319101,10989
850,150003,Character,None,209001,10989
851,150003,Character,None,116001,10989
852,150003,Character,None,217001,10989
853,150003,Character,None,314201,10989
854,150003,Character,None,115001,10989
855,150003,Character,None,202201,10989
856,150003,Character,None,203001,10989
857,150003,Character,None,203201,10989
858,150003,Character,None,207001,10989
859,150003,Character,None,207101,10989
860,150003,Character,None,207201,10989
861,150003,Character,None,108001,10989
862,150003,Character,None,209201,10989
863,150003,Character,None,110101,10989
864,150003,Character,None,111001,10989
865,150003,Character,None,313001,10989
866,150003,Character,None,117201,10989
867,150003,Character,None,218001,10989
868,150003,Character,None,319001,10989
869,150003,Character,None,320101,10989
870,150003,Character,None,324101,10989
871,150003,Character,None,343201,10989
872,150003,Character,None,343101,10989
873,150003,Character,None,343001,10989
874,150003,Character,None,324201,10989
875,150003,Character,None,218101,10989
876,150003,Character,None,108201,10989
877,150003,Character,None,321201,10989
878,150003,Character,None,320201,10989
879,150003,Character,None,320001,10989
880,150003,Character,None,317101,10989
881,150003,Character,None,314101,10989
882,150003,Character,None,113101,10989
883,150003,Character,None,209101,10989
884,150003,Character,None,235201,10989
885,150003,Character,None,110001,10989
886,150003,Character,None,111101,10989
887,150003,Character,None,311201,10989
888,150003,Character,None,331101,10989
889,150003,Character,None,331201,10989
890,150003,Character,None,338101,10989
891,150003,Character,None,328201,10989
892,150003,Character,None,204001,10989
893,150003,Character,None,327001,10989
894,150003,Character,None,327101,10989
895,150003,Character,None,228001,10989
896,150003,Character,None,338001,10989
897,150003,Character,None,235001,10989
898,150003,Character,None,232101,10989
899,150003,Character,None,145001,10989
900,150003,Character,None,145101,10989
901,150003,Character,None,203301,10989
902,150003,Character,None,119201,10989
903,150003,Character,None,338201,10989
904,150003,Character,None,328101,10989
905,150003,Character,None,231301,10989
906,150003,Character,None,331001,10989
907,150003,Character,None,150001,10989
908,150003,Character,None,204301,10989
909,150003,Character,None,355001,10989
910,150003,Character,None,150101,10989
911,150003,Character,None,331401,10989
912,150003,Character,None,319501,10989
913,150003,Character,None,355101,10989
914,150003,Character,None,139101,10989
915,150003,Character,None,239001,10989
916,150003,Character,None,327201,10989
917,150003,Character,None,140301,10989
918,150003,Character,None,258001,10989
919,150003,Character,None,324001,10989
920,150003,Character,None,141101,10989
921,150003,Character,None,129001,10989
922,150003,Character,None,235401,10989
923,150003,Character,None,235501,10989
924,150003,Character,None,141201,10989
925,150003,Character,None,352001,10989
926,150003,Character,None,352101,10989
927,150003,Character,None,258101,10989
928,150003,Character,None,204101,10989
929,150003,Character,None,253201,10989
930,150003,Character,None,209301,10989
931,150003,Character,None,209501,10989
932,150003,Character,None,209401,10989
933,150003,Character,None,331501,10989
934,150003,Character,None,314301,10989
935,150003,Character,None,502301,10989
936,150003,Character,None,207401,10989
937,170001,Character,None,110201,8
938,170001,Character,None,314001,8
939,170001,Character,None,321001,8
940,170001,Character,None,319101,8
941,170001,Character,None,209001,8
942,170001,Character,None,116001,8
943,170001,Character,None,217001,8
944,170001,Character,None,314201,8
945,170001,Character,None,115001,8
946,170001,Character,None,202201,8
947,170001,Character,None,203001,8
948,170001,Character,None,203201,8
949,170001,Character,None,207001,8
950,170001,Character,None,207101,8
951,170001,Character,None,207201,8
952,170001,Character,None,108001,8
953,170001,Character,None,209201,8
954,170001,Character,None,110101,8
955,170001,Character,None,111001,8
956,170001,Character,None,313001,8
957,170001,Character,None,117201,8
958,170001,Character,None,218001,8
959,170001,Character,None,319001,8
960,170001,Character,None,320101,8
961,170001,Character,None,324101,8
962,170001,Character,None,343201,8
963,170001,Character,None,343101,8
964,170001,Character,None,343001,8
965,170001,Character,None,324201,8
966,170001,Character,None,218101,8
967,170001,Character,None,108201,8
968,170001,Character,None,321201,8
969,170001,Character,None,320201,8
970,170001,Character,None,320001,8
971,170001,Character,None,317101,8
972,170001,Character,None,314101,8
973,170001,Character,None,113101,8
974,170001,Character,None,209101,8
975,170001,Character,None,235201,8
976,170001,Character,None,110001,8
977,170002,Character,None,423001,8
978,170002,Character,None,422001,8
979,170002,Character,None,423201,8
980,170002,Character,None,422201,8
981,170002,Character,None,423101,8
982,170002,Character,None,422101,8
983,170003,Character,None,201001,477
984,170003,Character,None,201101,477
985,170003,Character,None,202001,477
986,170003,Character,None,301201,477
987,170003,Character,None,116101,477
988,170003,Character,None,112001,477
989,170003,Character,None,129101,477
990,170003,Character,None,306001,477
991,170003,Character,None,306101,477
992,170004,Character,None,230001,588
993,170004,Character,None,230101,588
994,170004,Character,None,130201,588
995,170004,Character,None,130301,588
996,170004,Character,None,330401,588
997,170004,Character,None,330501,588
998,170004,Character,None,330801,588
999,170004,Character,None,130701,588
1000,170004,Character,None,230601,588
1001,500001,Character,None,320301,200
1002,500002,Character,None,110201,3
1003,500002,Character,None,314001,3
1004,500002,Character,None,321001,3
1005,500002,Character,None,319101,3
1006,500002,Character,None,209001,3
1007,500002,Character,None,116001,3
1008,500002,Character,None,217001,3
1009,500002,Character,None,314201,3
1010,500002,Character,None,115001,3
1011,500002,Character,None,202201,3
1012,500002,Character,None,203001,3
1013,500002,Character,None,203201,3
1014,500002,Character,None,207001,3
1015,500002,Character,None,207101,3
1016,500002,Character,None,207201,3
1017,500002,Character,None,108001,3
1018,500002,Character,None,209201,3
1019,500002,Character,None,110101,3
1020,500002,Character,None,111001,3
1021,500002,Character,None,313001,3
1022,500002,Character,None,117201,3
1023,500002,Character,None,218001,3
1024,500002,Character,None,319001,3
1025,500002,Character,None,320101,3
1026,500002,Character,None,324101,3
1027,500002,Character,None,343201,3
1028,500002,Character,None,343101,3
1029,500002,Character,None,343001,3
1030,500002,Character,None,324201,3
1031,500002,Character,None,218101,3
1032,500002,Character,None,108201,3
1033,500002,Character,None,321201,3
1034,500002,Character,None,320201,3
1035,500002,Character,None,320001,3
1036,500002,Character,None,317101,3
1037,500002,Character,None,314101,3
1038,500002,Character,None,113101,3
1039,500002,Character,None,209101,3
1040,500002,Character,None,235201,3
1041,500002,Character,None,110001,3
1042,500003,Character,None,423001,8
1043,500003,Character,None,422001,8
1044,500003,Character,None,423201,8
1045,500003,Character,None,422201,8
1046,500003,Character,None,423101,8
1047,500003,Character,None,422101,8
1048,500004,Character,None,112001,477
1049,500004,Character,None,116101,477
1050,500004,Character,None,129101,477
1051,500004,Character,None,201001,477
1052,500004,Character,None,201101,477
1053,500004,Character,None,202001,477
1054,500004,Character,None,301201,477
1055,500004,Character,None,306001,477
1056,500004,Character,None,306101,477
1057,500005,Character,None,130201,588
1058,500005,Character,None,130301,588
1059,500005,Character,None,130701,588
1060,500005,Character,None,230001,588
1061,500005,Character,None,230101,588
1062,500005,Character,None,230601,588
1063,500005,Character,None,330401,588
1064,500005,Character,None,330501,588
1065,500005,Character,None,330801,588
1066,500101,Character,None,112101,200
1067,500102,Character,None,110201,3
1068,500102,Character,None,314001,3
1069,500102,Character,None,321001,3
1070,500102,Character,None,319101,3
1071,500102,Character,None,209001,3
1072,500102,Character,None,116001,3
1073,500102,Character,None,217001,3
1074,500102,Character,None,314201,3
1075,500102,Character,None,115001,3
1076,500102,Character,None,202201,3
1077,500102,Character,None,203001,3
1078,500102,Character,None,203201,3
1079,500102,Character,None,207001,3
1080,500102,Character,None,207101,3
1081,500102,Character,None,207201,3
1082,500102,Character,None,108001,3
1083,500102,Character,None,209201,3
1084,500102,Character,None,110101,3
1085,500102,Character,None,111001,3
1086,500102,Character,None,313001,3
1087,500102,Character,None,117201,3
1088,500102,Character,None,218001,3
1089,500102,Character,None,319001,3
1090,500102,Character,None,320101,3
1091,500102,Character,None,324101,3
1092,500102,Character,None,343201,3
1093,500102,Character,None,343101,3
1094,500102,Character,None,343001,3
1095,500102,Character,None,324201,3
1096,500102,Character,None,218101,3
1097,500102,Character,None,108201,3
1098,500102,Character,None,321201,3
1099,500102,Character,None,320201,3
1100,500102,Character,None,320001,3
1101,500102,Character,None,317101,3
1102,500102,Character,None,314101,3
1103,500102,Character,None,113101,3
1104,500102,Character,None,209101,3
1105,500102,Character,None,235201,3
1106,500102,Character,None,110001,3
1107,500103,Character,None,423001,8
1108,500103,Character,None,422001,8
1109,500103,Character,None,423201,8
1110,500103,Character,None,422201,8
1111,500103,Character,None,423101,8
1112,500103,Character,None,422101,8
1113,500104,Character,None,112001,477
1114,500104,Character,None,116101,477
1115,500104,Character,None,129101,477
1116,500104,Character,None,201001,477
1117,500104,Character,None,201101,477
1118,500104,Character,None,202001,477
1119,500104,Character,None,301201,477
1120,500104,Character,None,306001,477
1121,500104,Character,None,306101,477
1122,500105,Character,None,130201,588
1123,500105,Character,None,130301,588
1124,500105,Character,None,130701,588
1125,500105,Character,None,230001,588
1126,500105,Character,None,230101,588
1127,500105,Character,None,230601,588
1128,500105,Character,None,330401,588
1129,500105,Character,None,330501,588
1130,500105,Character,None,330801,588
1131,120001,Character,None,426001,100
1132,120002,Character,None,110201,6
1133,120002,Character,None,314001,6
1134,120002,Character,None,321001,6
1135,120002,Character,None,319101,6
1136,120002,Character,None,209001,6
1137,120002,Character,None,116001,6
1138,120002,Character,None,217001,6
1139,120002,Character,None,314201,6
1140,120002,Character,None,115001,6
1141,120002,Character,None,202201,6
1142,120002,Character,None,203001,6
1143,120002,Character,None,203201,6
1144,120002,Character,None,207001,6
1145,120002,Character,None,207101,6
1146,120002,Character,None,207201,6
1147,120002,Character,None,108001,6
1148,120002,Character,None,209201,6
1149,120002,Character,None,110101,6
1150,120002,Character,None,111001,6
1151,120002,Character,None,313001,6
1152,120002,Character,None,117201,6
1153,120002,Character,None,218001,6
1154,120002,Character,None,319001,6
1155,120002,Character,None,320101,6
1156,120002,Character,None,324101,6
1157,120002,Character,None,343201,6
1158,120002,Character,None,343101,6
1159,120002,Character,None,343001,6
1160,120002,Character,None,324201,6
1161,120002,Character,None,218101,6
1162,120002,Character,None,108201,6
1163,120002,Character,None,321201,6
1164,120002,Character,None,320201,6
1165,120002,Character,None,320001,6
1166,120002,Character,None,317101,6
1167,120002,Character,None,314101,6
1168,120002,Character,None,113101,6
1169,120002,Character,None,209101,6
1170,120002,Character,None,235201,6
1171,120002,Character,None,110001,6
1172,120003,Character,None,423001,8
1173,120003,Character,None,422001,8
1174,120003,Character,None,423201,8
1175,120003,Character,None,422201,8
1176,120003,Character,None,423101,8
1177,120003,Character,None,422101,8
1178,120004,Character,None,112001,477
1179,120004,Character,None,116101,477
1180,120004,Character,None,129101,477
1181,120004,Character,None,201001,477
1182,120004,Character,None,201101,477
1183,120004,Character,None,202001,477
1184,120004,Character,None,301201,477
1185,120004,Character,None,306001,477
1186,120004,Character,None,306101,477
1187,120005,Character,None,130201,588
1188,120005,Character,None,130301,588
1189,120005,Character,None,130701,588
1190,120005,Character,None,230001,588
1191,120005,Character,None,230101,588
1192,120005,Character,None,230601,588
1193,120005,Character,None,330401,588
1194,120005,Character,None,330501,588
1195,120005,Character,None,330801,588
1196,500201,Character,None,111101,200
1197,500202,Character,None,110201,3
1198,500202,Character,None,314001,3
1199,500202,Character,None,321001,3
1200,500202,Character,None,319101,3
1201,500202,Character,None,209001,3
1202,500202,Character,None,116001,3
1203,500202,Character,None,217001,3
1204,500202,Character,None,314201,3
1205,500202,Character,None,115001,3
1206,500202,Character,None,202201,3
1207,500202,Character,None,203001,3
1208,500202,Character,None,203201,3
1209,500202,Character,None,207001,3
1210,500202,Character,None,207101,3
1211,500202,Character,None,207201,3
1212,500202,Character,None,108001,3
1213,500202,Character,None,209201,3
1214,500202,Character,None,110101,3
1215,500202,Character,None,111001,3
1216,500202,Character,None,313001,3
1217,500202,Character,None,117201,3
1218,500202,Character,None,218001,3
1219,500202,Character,None,319001,3
1220,500202,Character,None,320101,3
1221,500202,Character,None,324101,3
1222,500202,Character,None,343201,3
1223,500202,Character,None,343101,3
1224,500202,Character,None,343001,3
1225,500202,Character,None,324201,3
1226,500202,Character,None,218101,3
1227,500202,Character,None,108201,3
1228,500202,Character,None,321201,3
1229,500202,Character,None,320201,3
1230,500202,Character,None,320001,3
1231,500202,Character,None,317101,3
1232,500202,Character,None,314101,3
1233,500202,Character,None,113101,3
1234,500202,Character,None,209101,3
1235,500202,Character,None,235201,3
1236,500202,Character,None,110001,3
1237,500203,Character,None,423001,8
1238,500203,Character,None,422001,8
1239,500203,Character,None,423201,8
1240,500203,Character,None,422201,8
1241,500203,Character,None,423101,8
1242,500203,Character,None,422101,8
1243,500204,Character,None,112001,477
1244,500204,Character,None,116101,477
1245,500204,Character,None,129101,477
1246,500204,Character,None,201001,477
1247,500204,Character,None,201101,477
1248,500204,Character,None,202001,477
1249,500204,Character,None,301201,477
1250,500204,Character,None,306001,477
1251,500204,Character,None,306101,477
1252,500205,Character,None,130201,588
1253,500205,Character,None,130301,588
1254,500205,Character,None,130701,588
1255,500205,Character,None,230001,588
1256,500205,Character,None,230101,588
1257,500205,Character,None,230601,588
1258,500205,Character,None,330401,588
1259,500205,Character,None,330501,588
1260,500205,Character,None,330801,588
1261,500301,Character,None,311201,200
1262,500302,Character,None,110201,3
1263,500302,Character,None,314001,3
1264,500302,Character,None,321001,3
1265,500302,Character,None,319101,3
1266,500302,Character,None,209001,3
1267,500302,Character,None,116001,3
1268,500302,Character,None,217001,3
1269,500302,Character,None,314201,3
1270,500302,Character,None,115001,3
1271,500302,Character,None,202201,3
1272,500302,Character,None,203001,3
1273,500302,Character,None,203201,3
1274,500302,Character,None,207001,3
1275,500302,Character,None,207101,3
1276,500302,Character,None,207201,3
1277,500302,Character,None,108001,3
1278,500302,Character,None,209201,3
1279,500302,Character,None,110101,3
1280,500302,Character,None,111001,3
1281,500302,Character,None,313001,3
1282,500302,Character,None,117201,3
1283,500302,Character,None,218001,3
1284,500302,Character,None,319001,3
1285,500302,Character,None,320101,3
1286,500302,Character,None,324101,3
1287,500302,Character,None,343201,3
1288,500302,Character,None,343101,3
1289,500302,Character,None,343001,3
1290,500302,Character,None,324201,3
1291,500302,Character,None,218101,3
1292,500302,Character,None,108201,3
1293,500302,Character,None,321201,3
1294,500302,Character,None,320201,3
1295,500302,Character,None,320001,3
1296,500302,Character,None,317101,3
1297,500302,Character,None,314101,3
1298,500302,Character,None,113101,3
1299,500302,Character,None,209101,3
1300,500302,Character,None,235201,3
1301,500302,Character,None,110001,3
1302,500303,Character,None,423001,8
1303,500303,Character,None,422001,8
1304,500303,Character,None,423201,8
1305,500303,Character,None,422201,8
1306,500303,Character,None,423101,8
1307,500303,Character,None,422101,8
1308,500304,Character,None,112001,477
1309,500304,Character,None,116101,477
1310,500304,Character,None,129101,477
1311,500304,Character,None,201001,477
1312,500304,Character,None,201101,477
1313,500304,Character,None,202001,477
1314,500304,Character,None,301201,477
1315,500304,Character,None,306001,477
1316,500304,Character,None,306101,477
1317,500305,Character,None,130201,588
1318,500305,Character,None,130301,588
1319,500305,Character,None,130701,588
1320,500305,Character,None,230001,588
1321,500305,Character,None,230101,588
1322,500305,Character,None,230601,588
1323,500305,Character,None,330401,588
1324,500305,Character,None,330501,588
1325,500305,Character,None,330801,588
1326,500401,Character,None,331101,200
1327,500402,Character,None,110201,3
1328,500402,Character,None,314001,3
1329,500402,Character,None,321001,3
1330,500402,Character,None,319101,3
1331,500402,Character,None,209001,3
1332,500402,Character,None,116001,3
1333,500402,Character,None,217001,3
1334,500402,Character,None,314201,3
1335,500402,Character,None,115001,3
1336,500402,Character,None,202201,3
1337,500402,Character,None,203001,3
1338,500402,Character,None,203201,3
1339,500402,Character,None,207001,3
1340,500402,Character,None,207101,3
1341,500402,Character,None,207201,3
1342,500402,Character,None,108001,3
1343,500402,Character,None,209201,3
1344,500402,Character,None,110101,3
1345,500402,Character,None,111001,3
1346,500402,Character,None,313001,3
1347,500402,Character,None,117201,3
1348,500402,Character,None,218001,3
1349,500402,Character,None,319001,3
1350,500402,Character,None,320101,3
1351,500402,Character,None,324101,3
1352,500402,Character,None,343201,3
1353,500402,Character,None,343101,3
1354,500402,Character,None,343001,3
1355,500402,Character,None,324201,3
1356,500402,Character,None,218101,3
1357,500402,Character,None,108201,3
1358,500402,Character,None,321201,3
1359,500402,Character,None,320201,3
1360,500402,Character,None,320001,3
1361,500402,Character,None,317101,3
1362,500402,Character,None,314101,3
1363,500402,Character,None,113101,3
1364,500402,Character,None,209101,3
1365,500402,Character,None,235201,3
1366,500402,Character,None,110001,3
1367,500403,Character,None,423001,7
1368,500403,Character,None,422001,7
1369,500403,Character,None,423201,7
1370,500403,Character,None,422201,7
1371,500403,Character,None,423101,7
1372,500403,Character,None,422101,7
1373,500403,Character,None,426001,7
1374,500404,Character,None,112001,477
1375,500404,Character,None,116101,477
1376,500404,Character,None,129101,477
1377,500404,Character,None,201001,477
1378,500404,Character,None,201101,477
1379,500404,Character,None,202001,477
1380,500404,Character,None,301201,477
1381,500404,Character,None,306001,477
1382,500404,Character,None,306101,477
1383,500405,Character,None,130201,588
1384,500405,Character,None,130301,588
1385,500405,Character,None,130701,588
1386,500405,Character,None,230001,588
1387,500405,Character,None,230101,588
1388,500405,Character,None,230601,588
1389,500405,Character,None,330401,588
1390,500405,Character,None,330501,588
1391,500405,Character,None,330801,588
1392,500501,Character,None,331201,200
1393,500502,Character,None,110201,3
1394,500502,Character,None,314001,3
1395,500502,Character,None,321001,3
1396,500502,Character,None,319101,3
1397,500502,Character,None,209001,3
1398,500502,Character,None,116001,3
1399,500502,Character,None,217001,3
1400,500502,Character,None,314201,3
1401,500502,Character,None,115001,3
1402,500502,Character,None,202201,3
1403,500502,Character,None,203001,3
1404,500502,Character,None,203201,3
1405,500502,Character,None,207001,3
1406,500502,Character,None,207101,3
1407,500502,Character,None,207201,3
1408,500502,Character,None,108001,3
1409,500502,Character,None,209201,3
1410,500502,Character,None,110101,3
1411,500502,Character,None,111001,3
1412,500502,Character,None,313001,3
1413,500502,Character,None,117201,3
1414,500502,Character,None,218001,3
1415,500502,Character,None,319001,3
1416,500502,Character,None,320101,3
1417,500502,Character,None,324101,3
1418,500502,Character,None,343201,3
1419,500502,Character,None,343101,3
1420,500502,Character,None,343001,3
1421,500502,Character,None,324201,3
1422,500502,Character,None,218101,3
1423,500502,Character,None,108201,3
1424,500502,Character,None,321201,3
1425,500502,Character,None,320201,3
1426,500502,Character,None,320001,3
1427,500502,Character,None,317101,3
1428,500502,Character,None,314101,3
1429,500502,Character,None,113101,3
1430,500502,Character,None,209101,3
1431,500502,Character,None,235201,3
1432,500502,Character,None,110001,3
1433,500503,Character,None,423001,7
1434,500503,Character,None,422001,7
1435,500503,Character,None,423201,7
1436,500503,Character,None,422201,7
1437,500503,Character,None,423101,7
1438,500503,Character,None,422101,7
1439,500503,Character,None,426001,7
1440,500504,Character,None,112001,477
1441,500504,Character,None,116101,477
1442,500504,Character,None,129101,477
1443,500504,Character,None,201001,477
1444,500504,Character,None,201101,477
1445,500504,Character,None,202001,477
1446,500504,Character,None,301201,477
1447,500504,Character,None,306001,477
1448,500504,Character,None,306101,477
1449,500505,Character,None,130201,588
1450,500505,Character,None,130301,588
1451,500505,Character,None,130701,588
1452,500505,Character,None,230001,588
1453,500505,Character,None,230101,588
1454,500505,Character,None,230601,588
1455,500505,Character,None,330401,588
1456,500505,Character,None,330501,588
1457,500505,Character,None,330801,588
1458,500601,Character,None,580001,200
1459,500602,Character,None,110201,3
1460,500602,Character,None,314001,3
1461,500602,Character,None,321001,3
1462,500602,Character,None,319101,3
1463,500602,Character,None,209001,3
1464,500602,Character,None,116001,3
1465,500602,Character,None,217001,3
1466,500602,Character,None,314201,3
1467,500602,Character,None,115001,3
1468,500602,Character,None,202201,3
1469,500602,Character,None,203001,3
1470,500602,Character,None,203201,3
1471,500602,Character,None,207001,3
1472,500602,Character,None,207101,3
1473,500602,Character,None,207201,3
1474,500602,Character,None,108001,3
1475,500602,Character,None,209201,3
1476,500602,Character,None,110101,3
1477,500602,Character,None,111001,3
1478,500602,Character,None,313001,3
1479,500602,Character,None,117201,3
1480,500602,Character,None,218001,3
1481,500602,Character,None,319001,3
1482,500602,Character,None,320101,3
1483,500602,Character,None,324101,3
1484,500602,Character,None,343201,3
1485,500602,Character,None,343101,3
1486,500602,Character,None,343001,3
1487,500602,Character,None,324201,3
1488,500602,Character,None,218101,3
1489,500602,Character,None,108201,3
1490,500602,Character,None,321201,3
1491,500602,Character,None,320201,3
1492,500602,Character,None,320001,3
1493,500602,Character,None,317101,3
1494,500602,Character,None,314101,3
1495,500602,Character,None,113101,3
1496,500602,Character,None,209101,3
1497,500602,Character,None,235201,3
1498,500602,Character,None,110001,3
1499,500602,Character,None,111101,3
1500,500602,Character,None,311201,3
1501,500602,Character,None,331101,3
1502,500602,Character,None,331201,3
1503,500603,Character,None,423001,7
1504,500603,Character,None,422001,7
1505,500603,Character,None,423201,7
1506,500603,Character,None,422201,7
1507,500603,Character,None,423101,7
1508,500603,Character,None,422101,7
1509,500603,Character,None,426001,7
1510,500604,Character,None,112001,477
1511,500604,Character,None,116101,477
1512,500604,Character,None,129101,477
1513,500604,Character,None,201001,477
1514,500604,Character,None,201101,477
1515,500604,Character,None,202001,477
1516,500604,Character,None,301201,477
1517,500604,Character,None,306001,477
1518,500604,Character,None,306101,477
1519,500605,Character,None,130201,588
1520,500605,Character,None,130301,588
1521,500605,Character,None,130701,588
1522,500605,Character,None,230001,588
1523,500605,Character,None,230101,588
1524,500605,Character,None,230601,588
1525,500605,Character,None,330401,588
1526,500605,Character,None,330501,588
1527,500605,Character,None,330801,588
1528,500701,Character,None,580101,200
1529,500702,Character,None,110201,3
1530,500702,Character,None,314001,3
1531,500702,Character,None,321001,3
1532,500702,Character,None,319101,3
1533,500702,Character,None,209001,3
1534,500702,Character,None,116001,3
1535,500702,Character,None,217001,3
1536,500702,Character,None,314201,3
1537,500702,Character,None,115001,3
1538,500702,Character,None,202201,3
1539,500702,Character,None,203001,3
1540,500702,Character,None,203201,3
1541,500702,Character,None,207001,3
1542,500702,Character,None,207101,3
1543,500702,Character,None,207201,3
1544,500702,Character,None,108001,3
1545,500702,Character,None,209201,3
1546,500702,Character,None,110101,3
1547,500702,Character,None,111001,3
1548,500702,Character,None,313001,3
1549,500702,Character,None,117201,3
1550,500702,Character,None,218001,3
1551,500702,Character,None,319001,3
1552,500702,Character,None,320101,3
1553,500702,Character,None,324101,3
1554,500702,Character,None,343201,3
1555,500702,Character,None,343101,3
1556,500702,Character,None,343001,3
1557,500702,Character,None,324201,3
1558,500702,Character,None,218101,3
1559,500702,Character,None,108201,3
1560,500702,Character,None,321201,3
1561,500702,Character,None,320201,3
1562,500702,Character,None,320001,3
1563,500702,Character,None,317101,3
1564,500702,Character,None,314101,3
1565,500702,Character,None,113101,3
1566,500702,Character,None,209101,3
1567,500702,Character,None,235201,3
1568,500702,Character,None,110001,3
1569,500702,Character,None,111101,3
1570,500702,Character,None,311201,3
1571,500702,Character,None,331101,3
1572,500702,Character,None,331201,3
1573,500703,Character,None,423001,7
1574,500703,Character,None,422001,7
1575,500703,Character,None,423201,7
1576,500703,Character,None,422201,7
1577,500703,Character,None,423101,7
1578,500703,Character,None,422101,7
1579,500703,Character,None,426001,7
1580,500704,Character,None,112001,477
1581,500704,Character,None,116101,477
1582,500704,Character,None,129101,477
1583,500704,Character,None,201001,477
1584,500704,Character,None,201101,477
1585,500704,Character,None,202001,477
1586,500704,Character,None,301201,477
1587,500704,Character,None,306001,477
1588,500704,Character,None,306101,477
1589,500705,Character,None,130201,588
1590,500705,Character,None,130301,588
1591,500705,Character,None,130701,588
1592,500705,Character,None,230001,588
1593,500705,Character,None,230101,588
1594,500705,Character,None,230601,588
1595,500705,Character,None,330401,588
1596,500705,Character,None,330501,588
1597,500705,Character,None,330801,588
1598,500801,Character,None,338101,200
1599,500802,Character,None,110201,3
1600,500802,Character,None,314001,3
1601,500802,Character,None,321001,3
1602,500802,Character,None,319101,3
1603,500802,Character,None,209001,3
1604,500802,Character,None,116001,3
1605,500802,Character,None,217001,3
1606,500802,Character,None,314201,3
1607,500802,Character,None,115001,3
1608,500802,Character,None,202201,3
1609,500802,Character,None,203001,3
1610,500802,Character,None,203201,3
1611,500802,Character,None,207001,3
1612,500802,Character,None,207101,3
1613,500802,Character,None,207201,3
1614,500802,Character,None,108001,3
1615,500802,Character,None,209201,3
1616,500802,Character,None,110101,3
1617,500802,Character,None,111001,3
1618,500802,Character,None,313001,3
1619,500802,Character,None,117201,3
1620,500802,Character,None,218001,3
1621,500802,Character,None,319001,3
1622,500802,Character,None,320101,3
1623,500802,Character,None,324101,3
1624,500802,Character,None,343201,3
1625,500802,Character,None,343101,3
1626,500802,Character,None,343001,3
1627,500802,Character,None,324201,3
1628,500802,Character,None,218101,3
1629,500802,Character,None,108201,3
1630,500802,Character,None,321201,3
1631,500802,Character,None,320201,3
1632,500802,Character,None,320001,3
1633,500802,Character,None,317101,3
1634,500802,Character,None,314101,3
1635,500802,Character,None,113101,3
1636,500802,Character,None,209101,3
1637,500802,Character,None,235201,3
1638,500802,Character,None,110001,3
1639,500802,Character,None,111101,3
1640,500802,Character,None,311201,3
1641,500802,Character,None,331101,3
1642,500802,Character,None,331201,3
1643,500803,Character,None,423001,7
1644,500803,Character,None,422001,7
1645,500803,Character,None,423201,7
1646,500803,Character,None,422201,7
1647,500803,Character,None,423101,7
1648,500803,Character,None,422101,7
1649,500803,Character,None,426001,7
1650,500804,Character,None,112001,477
1651,500804,Character,None,116101,477
1652,500804,Character,None,129101,477
1653,500804,Character,None,201001,477
1654,500804,Character,None,201101,477
1655,500804,Character,None,202001,477
1656,500804,Character,None,301201,477
1657,500804,Character,None,306001,477
1658,500804,Character,None,306101,477
1659,500805,Character,None,130201,588
1660,500805,Character,None,130301,588
1661,500805,Character,None,130701,588
1662,500805,Character,None,230001,588
1663,500805,Character,None,230101,588
1664,500805,Character,None,230601,588
1665,500805,Character,None,330401,588
1666,500805,Character,None,330501,588
1667,500805,Character,None,330801,588
1668,500901,Character,None,328201,200
1669,500902,Character,None,110201,3
1670,500902,Character,None,314001,3
1671,500902,Character,None,321001,3
1672,500902,Character,None,319101,3
1673,500902,Character,None,209001,3
1674,500902,Character,None,116001,3
1675,500902,Character,None,217001,3
1676,500902,Character,None,314201,3
1677,500902,Character,None,115001,3
1678,500902,Character,None,202201,3
1679,500902,Character,None,203001,3
1680,500902,Character,None,203201,3
1681,500902,Character,None,207001,3
1682,500902,Character,None,207101,3
1683,500902,Character,None,207201,3
1684,500902,Character,None,108001,3
1685,500902,Character,None,209201,3
1686,500902,Character,None,110101,3
1687,500902,Character,None,111001,3
1688,500902,Character,None,313001,3
1689,500902,Character,None,117201,3
1690,500902,Character,None,218001,3
1691,500902,Character,None,319001,3
1692,500902,Character,None,320101,3
1693,500902,Character,None,324101,3
1694,500902,Character,None,343201,3
1695,500902,Character,None,343101,3
1696,500902,Character,None,343001,3
1697,500902,Character,None,324201,3
1698,500902,Character,None,218101,3
1699,500902,Character,None,108201,3
1700,500902,Character,None,321201,3
1701,500902,Character,None,320201,3
1702,500902,Character,None,320001,3
1703,500902,Character,None,317101,3
1704,500902,Character,None,314101,3
1705,500902,Character,None,113101,3
1706,500902,Character,None,209101,3
1707,500902,Character,None,235201,3
1708,500902,Character,None,110001,3
1709,500902,Character,None,111101,3
1710,500902,Character,None,311201,3
1711,500902,Character,None,331101,3
1712,500902,Character,None,331201,3
1713,500902,Character,None,338101,3
1714,500903,Character,None,423001,7
1715,500903,Character,None,422001,7
1716,500903,Character,None,423201,7
1717,500903,Character,None,422201,7
1718,500903,Character,None,423101,7
1719,500903,Character,None,422101,7
1720,500903,Character,None,426001,7
1721,500904,Character,None,112001,477
1722,500904,Character,None,116101,477
1723,500904,Character,None,129101,477
1724,500904,Character,None,201001,477
1725,500904,Character,None,201101,477
1726,500904,Character,None,202001,477
1727,500904,Character,None,301201,477
1728,500904,Character,None,306001,477
1729,500904,Character,None,306101,477
1730,500905,Character,None,130201,588
1731,500905,Character,None,130301,588
1732,500905,Character,None,130701,588
1733,500905,Character,None,230001,588
1734,500905,Character,None,230101,588
1735,500905,Character,None,230601,588
1736,500905,Character,None,330401,588
1737,500905,Character,None,330501,588
1738,500905,Character,None,330801,588
1739,501001,Character,None,204001,200
1740,501002,Character,None,110201,3
1741,501002,Character,None,314001,3
1742,501002,Character,None,321001,3
1743,501002,Character,None,319101,3
1744,501002,Character,None,209001,3
1745,501002,Character,None,116001,3
1746,501002,Character,None,217001,3
1747,501002,Character,None,314201,3
1748,501002,Character,None,115001,3
1749,501002,Character,None,202201,3
1750,501002,Character,None,203001,3
1751,501002,Character,None,203201,3
1752,501002,Character,None,207001,3
1753,501002,Character,None,207101,3
1754,501002,Character,None,207201,3
1755,501002,Character,None,108001,3
1756,501002,Character,None,209201,3
1757,501002,Character,None,110101,3
1758,501002,Character,None,111001,3
1759,501002,Character,None,313001,3
1760,501002,Character,None,117201,3
1761,501002,Character,None,218001,3
1762,501002,Character,None,319001,3
1763,501002,Character,None,320101,3
1764,501002,Character,None,324101,3
1765,501002,Character,None,343201,3
1766,501002,Character,None,343101,3
1767,501002,Character,None,343001,3
1768,501002,Character,None,324201,3
1769,501002,Character,None,218101,3
1770,501002,Character,None,108201,3
1771,501002,Character,None,321201,3
1772,501002,Character,None,320201,3
1773,501002,Character,None,320001,3
1774,501002,Character,None,317101,3
1775,501002,Character,None,314101,3
1776,501002,Character,None,113101,3
1777,501002,Character,None,209101,3
1778,501002,Character,None,235201,3
1779,501002,Character,None,110001,3
1780,501002,Character,None,111101,3
1781,501002,Character,None,311201,3
1782,501002,Character,None,331101,3
1783,501002,Character,None,331201,3
1784,501002,Character,None,338101,3
1785,501003,Character,None,423001,7
1786,501003,Character,None,422001,7
1787,501003,Character,None,423201,7
1788,501003,Character,None,422201,7
1789,501003,Character,None,423101,7
1790,501003,Character,None,422101,7
1791,501003,Character,None,426001,7
1792,501004,Character,None,112001,477
1793,501004,Character,None,116101,477
1794,501004,Character,None,129101,477
1795,501004,Character,None,201001,477
1796,501004,Character,None,201101,477
1797,501004,Character,None,202001,477
1798,501004,Character,None,301201,477
1799,501004,Character,None,306001,477
1800,501004,Character,None,306101,477
1801,501005,Character,None,130201,588
1802,501005,Character,None,130301,588
1803,501005,Character,None,130701,588
1804,501005,Character,None,230001,588
1805,501005,Character,None,230101,588
1806,501005,Character,None,230601,588
1807,501005,Character,None,330401,588
1808,501005,Character,None,330501,588
1809,501005,Character,None,330801,588
1810,501101,Character,None,319101,200
1811,501102,Character,None,110201,3
1812,501102,Character,None,314001,3
1813,501102,Character,None,321001,3
1814,501102,Character,None,209001,3
1815,501102,Character,None,116001,3
1816,501102,Character,None,217001,3
1817,501102,Character,None,314201,3
1818,501102,Character,None,115001,3
1819,501102,Character,None,202201,3
1820,501102,Character,None,203001,3
1821,501102,Character,None,203201,3
1822,501102,Character,None,207001,3
1823,501102,Character,None,207101,3
1824,501102,Character,None,207201,3
1825,501102,Character,None,108001,3
1826,501102,Character,None,209201,3
1827,501102,Character,None,110101,3
1828,501102,Character,None,111001,3
1829,501102,Character,None,313001,3
1830,501102,Character,None,117201,3
1831,501102,Character,None,218001,3
1832,501102,Character,None,319001,3
1833,501102,Character,None,320101,3
1834,501102,Character,None,324101,3
1835,501102,Character,None,343201,3
1836,501102,Character,None,343101,3
1837,501102,Character,None,343001,3
1838,501102,Character,None,324201,3
1839,501102,Character,None,218101,3
1840,501102,Character,None,108201,3
1841,501102,Character,None,321201,3
1842,501102,Character,None,320201,3
1843,501102,Character,None,320001,3
1844,501102,Character,None,317101,3
1845,501102,Character,None,314101,3
1846,501102,Character,None,113101,3
1847,501102,Character,None,209101,3
1848,501102,Character,None,235201,3
1849,501102,Character,None,110001,3
1850,501102,Character,None,111101,3
1851,501102,Character,None,311201,3
1852,501102,Character,None,331101,3
1853,501102,Character,None,331201,3
1854,501102,Character,None,338101,3
1855,501103,Character,None,423001,7
1856,501103,Character,None,422001,7
1857,501103,Character,None,423201,7
1858,501103,Character,None,422201,7
1859,501103,Character,None,423101,7
1860,501103,Character,None,422101,7
1861,501103,Character,None,426001,7
1862,501104,Character,None,112001,477
1863,501104,Character,None,116101,477
1864,501104,Character,None,129101,477
1865,501104,Character,None,201001,477
1866,501104,Character,None,201101,477
1867,501104,Character,None,202001,477
1868,501104,Character,None,301201,477
1869,501104,Character,None,306001,477
1870,501104,Character,None,306101,477
1871,501105,Character,None,130201,588
1872,501105,Character,None,130301,588
1873,501105,Character,None,130701,588
1874,501105,Character,None,230001,588
1875,501105,Character,None,230101,588
1876,501105,Character,None,230601,588
1877,501105,Character,None,330401,588
1878,501105,Character,None,330501,588
1879,501105,Character,None,330801,588
1880,501201,Character,None,423301,100
1881,501202,Character,None,110201,5
1882,501202,Character,None,314001,5
1883,501202,Character,None,321001,5
1884,501202,Character,None,319101,5
1885,501202,Character,None,209001,5
1886,501202,Character,None,116001,5
1887,501202,Character,None,217001,5
1888,501202,Character,None,314201,5
1889,501202,Character,None,115001,5
1890,501202,Character,None,202201,5
1891,501202,Character,None,203001,5
1892,501202,Character,None,203201,5
1893,501202,Character,None,207001,5
1894,501202,Character,None,207101,5
1895,501202,Character,None,207201,5
1896,501202,Character,None,108001,5
1897,501202,Character,None,209201,5
1898,501202,Character,None,110101,5
1899,501202,Character,None,111001,5
1900,501202,Character,None,313001,5
1901,501202,Character,None,117201,5
1902,501202,Character,None,218001,5
1903,501202,Character,None,319001,5
1904,501202,Character,None,320101,5
1905,501202,Character,None,324101,5
1906,501202,Character,None,343201,5
1907,501202,Character,None,343101,5
1908,501202,Character,None,343001,5
1909,501202,Character,None,324201,5
1910,501202,Character,None,218101,5
1911,501202,Character,None,108201,5
1912,501202,Character,None,321201,5
1913,501202,Character,None,320201,5
1914,501202,Character,None,320001,5
1915,501202,Character,None,317101,5
1916,501202,Character,None,314101,5
1917,501202,Character,None,113101,5
1918,501202,Character,None,209101,5
1919,501202,Character,None,235201,5
1920,501202,Character,None,110001,5
1921,501202,Character,None,111101,5
1922,501202,Character,None,311201,5
1923,501202,Character,None,331101,5
1924,501202,Character,None,331201,5
1925,501202,Character,None,338101,5
1926,501202,Character,None,328201,5
1927,501202,Character,None,204001,5
1928,501203,Character,None,423001,7
1929,501203,Character,None,422001,7
1930,501203,Character,None,423201,7
1931,501203,Character,None,422201,7
1932,501203,Character,None,423101,7
1933,501203,Character,None,422101,7
1934,501203,Character,None,426001,7
1935,501204,Character,None,112001,477
1936,501204,Character,None,116101,477
1937,501204,Character,None,129101,477
1938,501204,Character,None,201001,477
1939,501204,Character,None,201101,477
1940,501204,Character,None,202001,477
1941,501204,Character,None,301201,477
1942,501204,Character,None,306001,477
1943,501204,Character,None,306101,477
1944,501205,Character,None,130201,588
1945,501205,Character,None,130301,588
1946,501205,Character,None,130701,588
1947,501205,Character,None,230001,588
1948,501205,Character,None,230101,588
1949,501205,Character,None,230601,588
1950,501205,Character,None,330401,588
1951,501205,Character,None,330501,588
1952,501205,Character,None,330801,588
1953,140005,Character,None,209001,1000
1954,140005,Character,None,217001,1000
1955,140005,Character,None,202201,1000
1956,140005,Character,None,203001,1000
1957,140005,Character,None,203201,1000
1958,140005,Character,None,207001,1000
1959,140005,Character,None,207101,1000
1960,140005,Character,None,207201,1000
1961,140005,Character,None,209101,1000
1962,140005,Character,None,209201,1000
1963,140005,Character,None,218001,1000
1964,140005,Character,None,218101,1000
1965,140005,Character,None,204001,1000
1966,140005,Character,None,235201,1000
1967,140006,Character,None,110201,1000
1968,140006,Character,None,116001,1000
1969,140006,Character,None,108201,1000
1970,140006,Character,None,115001,1000
1971,140006,Character,None,108001,1000
1972,140006,Character,None,110101,1000
1973,140006,Character,None,111001,1000
1974,140006,Character,None,113101,1000
1975,140006,Character,None,117201,1000
1976,140006,Character,None,324101,1000
1977,140006,Character,None,111101,1000
1978,140006,Character,None,110001,1000
1979,140007,Character,None,314001,1000
1980,140007,Character,None,321001,1000
1981,140007,Character,None,319101,1000
1982,140007,Character,None,314201,1000
1983,140007,Character,None,313001,1000
1984,140007,Character,None,314101,1000
1985,140007,Character,None,317101,1000
1986,140007,Character,None,319001,1000
1987,140007,Character,None,320001,1000
1988,140007,Character,None,320101,1000
1989,140007,Character,None,320201,1000
1990,140007,Character,None,321201,1000
1991,140007,Character,None,324201,1000
1992,140007,Character,None,328201,1000
1993,140007,Character,None,311201,1000
1994,140007,Character,None,331101,1000
1995,140007,Character,None,331201,1000
1996,140007,Character,None,338101,1000
1997,140007,Character,None,343201,1000
1998,140007,Character,None,343001,1000
1999,140007,Character,None,343101,1000
2000,501301,Character,None,327001,200
2001,501302,Character,None,110201,3
2002,501302,Character,None,314001,3
2003,501302,Character,None,321001,3
2004,501302,Character,None,319101,3
2005,501302,Character,None,209001,3
2006,501302,Character,None,116001,3
2007,501302,Character,None,217001,3
2008,501302,Character,None,314201,3
2009,501302,Character,None,115001,3
2010,501302,Character,None,202201,3
2011,501302,Character,None,203001,3
2012,501302,Character,None,203201,3
2013,501302,Character,None,207001,3
2014,501302,Character,None,207101,3
2015,501302,Character,None,207201,3
2016,501302,Character,None,108001,3
2017,501302,Character,None,209201,3
2018,501302,Character,None,110101,3
2019,501302,Character,None,111001,3
2020,501302,Character,None,313001,3
2021,501302,Character,None,117201,3
2022,501302,Character,None,218001,3
2023,501302,Character,None,319001,3
2024,501302,Character,None,320101,3
2025,501302,Character,None,324101,3
2026,501302,Character,None,343201,3
2027,501302,Character,None,343101,3
2028,501302,Character,None,343001,3
2029,501302,Character,None,324201,3
2030,501302,Character,None,218101,3
2031,501302,Character,None,108201,3
2032,501302,Character,None,321201,3
2033,501302,Character,None,320201,3
2034,501302,Character,None,320001,3
2035,501302,Character,None,317101,3
2036,501302,Character,None,314101,3
2037,501302,Character,None,113101,3
2038,501302,Character,None,209101,3
2039,501302,Character,None,235201,3
2040,501302,Character,None,110001,3
2041,501302,Character,None,111101,3
2042,501302,Character,None,311201,3
2043,501302,Character,None,331101,3
2044,501302,Character,None,331201,3
2045,501302,Character,None,338101,3
2046,501302,Character,None,328201,3
2047,501302,Character,None,204001,3
2048,501303,Character,None,423001,6
2049,501303,Character,None,422001,6
2050,501303,Character,None,423201,6
2051,501303,Character,None,422201,6
2052,501303,Character,None,423101,6
2053,501303,Character,None,422101,6
2054,501303,Character,None,426001,6
2055,501303,Character,None,423301,6
2056,501304,Character,None,112001,477
2057,501304,Character,None,116101,477
2058,501304,Character,None,129101,477
2059,501304,Character,None,201001,477
2060,501304,Character,None,201101,477
2061,501304,Character,None,202001,477
2062,501304,Character,None,301201,477
2063,501304,Character,None,306001,477
2064,501304,Character,None,306101,477
2065,501305,Character,None,130201,588
2066,501305,Character,None,130301,588
2067,501305,Character,None,130701,588
2068,501305,Character,None,230001,588
2069,501305,Character,None,230101,588
2070,501305,Character,None,230601,588
2071,501305,Character,None,330401,588
2072,501305,Character,None,330501,588
2073,501305,Character,None,330801,588
2074,501401,Character,None,327101,200
2075,501402,Character,None,110201,3
2076,501402,Character,None,314001,3
2077,501402,Character,None,321001,3
2078,501402,Character,None,319101,3
2079,501402,Character,None,209001,3
2080,501402,Character,None,116001,3
2081,501402,Character,None,217001,3
2082,501402,Character,None,314201,3
2083,501402,Character,None,115001,3
2084,501402,Character,None,202201,3
2085,501402,Character,None,203001,3
2086,501402,Character,None,203201,3
2087,501402,Character,None,207001,3
2088,501402,Character,None,207101,3
2089,501402,Character,None,207201,3
2090,501402,Character,None,108001,3
2091,501402,Character,None,209201,3
2092,501402,Character,None,110101,3
2093,501402,Character,None,111001,3
2094,501402,Character,None,313001,3
2095,501402,Character,None,117201,3
2096,501402,Character,None,218001,3
2097,501402,Character,None,319001,3
2098,501402,Character,None,320101,3
2099,501402,Character,None,324101,3
2100,501402,Character,None,343201,3
2101,501402,Character,None,343101,3
2102,501402,Character,None,343001,3
2103,501402,Character,None,324201,3
2104,501402,Character,None,218101,3
2105,501402,Character,None,108201,3
2106,501402,Character,None,321201,3
2107,501402,Character,None,320201,3
2108,501402,Character,None,320001,3
2109,501402,Character,None,317101,3
2110,501402,Character,None,314101,3
2111,501402,Character,None,113101,3
2112,501402,Character,None,209101,3
2113,501402,Character,None,235201,3
2114,501402,Character,None,110001,3
2115,501402,Character,None,111101,3
2116,501402,Character,None,311201,3
2117,501402,Character,None,331101,3
2118,501402,Character,None,331201,3
2119,501402,Character,None,338101,3
2120,501402,Character,None,328201,3
2121,501402,Character,None,204001,3
2122,501403,Character,None,423001,6
2123,501403,Character,None,422001,6
2124,501403,Character,None,423201,6
2125,501403,Character,None,422201,6
2126,501403,Character,None,423101,6
2127,501403,Character,None,422101,6
2128,501403,Character,None,426001,6
2129,501403,Character,None,423301,6
2130,501404,Character,None,112001,477
2131,501404,Character,None,116101,477
2132,501404,Character,None,129101,477
2133,501404,Character,None,201001,477
2134,501404,Character,None,201101,477
2135,501404,Character,None,202001,477
2136,501404,Character,None,301201,477
2137,501404,Character,None,306001,477
2138,501404,Character,None,306101,477
2139,501405,Character,None,130201,588
2140,501405,Character,None,130301,588
2141,501405,Character,None,130701,588
2142,501405,Character,None,230001,588
2143,501405,Character,None,230101,588
2144,501405,Character,None,230601,588
2145,501405,Character,None,330401,588
2146,501405,Character,None,330501,588
2147,501405,Character,None,330801,588
2148,501501,Character,None,228001,200
2149,501502,Character,None,110201,3
2150,501502,Character,None,314001,3
2151,501502,Character,None,321001,3
2152,501502,Character,None,319101,3
2153,501502,Character,None,209001,3
2154,501502,Character,None,116001,3
2155,501502,Character,None,217001,3
2156,501502,Character,None,314201,3
2157,501502,Character,None,115001,3
2158,501502,Character,None,202201,3
2159,501502,Character,None,203001,3
2160,501502,Character,None,203201,3
2161,501502,Character,None,207001,3
2162,501502,Character,None,207101,3
2163,501502,Character,None,207201,3
2164,501502,Character,None,108001,3
2165,501502,Character,None,209201,3
2166,501502,Character,None,110101,3
2167,501502,Character,None,111001,3
2168,501502,Character,None,313001,3
2169,501502,Character,None,117201,3
2170,501502,Character,None,218001,3
2171,501502,Character,None,319001,3
2172,501502,Character,None,320101,3
2173,501502,Character,None,324101,3
2174,501502,Character,None,343201,3
2175,501502,Character,None,343101,3
2176,501502,Character,None,343001,3
2177,501502,Character,None,324201,3
2178,501502,Character,None,218101,3
2179,501502,Character,None,108201,3
2180,501502,Character,None,321201,3
2181,501502,Character,None,320201,3
2182,501502,Character,None,320001,3
2183,501502,Character,None,317101,3
2184,501502,Character,None,314101,3
2185,501502,Character,None,113101,3
2186,501502,Character,None,209101,3
2187,501502,Character,None,235201,3
2188,501502,Character,None,110001,3
2189,501502,Character,None,111101,3
2190,501502,Character,None,311201,3
2191,501502,Character,None,331101,3
2192,501502,Character,None,331201,3
2193,501502,Character,None,338101,3
2194,501502,Character,None,328201,3
2195,501502,Character,None,204001,3
2196,501503,Character,None,423001,6
2197,501503,Character,None,422001,6
2198,501503,Character,None,423201,6
2199,501503,Character,None,422201,6
2200,501503,Character,None,423101,6
2201,501503,Character,None,422101,6
2202,501503,Character,None,426001,6
2203,501503,Character,None,423301,6
2204,501504,Character,None,112001,477
2205,501504,Character,None,116101,477
2206,501504,Character,None,129101,477
2207,501504,Character,None,201001,477
2208,501504,Character,None,201101,477
2209,501504,Character,None,202001,477
2210,501504,Character,None,301201,477
2211,501504,Character,None,306001,477
2212,501504,Character,None,306101,477
2213,501505,Character,None,130201,588
2214,501505,Character,None,130301,588
2215,501505,Character,None,130701,588
2216,501505,Character,None,230001,588
2217,501505,Character,None,230101,588
2218,501505,Character,None,230601,588
2219,501505,Character,None,330401,588
2220,501505,Character,None,330501,588
2221,501505,Character,None,330801,588
2222,501601,Character,None,313201,200
2223,501602,Character,None,110201,3
2224,501602,Character,None,314001,3
2225,501602,Character,None,321001,3
2226,501602,Character,None,319101,3
2227,501602,Character,None,209001,3
2228,501602,Character,None,116001,3
2229,501602,Character,None,217001,3
2230,501602,Character,None,314201,3
2231,501602,Character,None,115001,3
2232,501602,Character,None,202201,3
2233,501602,Character,None,203001,3
2234,501602,Character,None,203201,3
2235,501602,Character,None,207001,3
2236,501602,Character,None,207101,3
2237,501602,Character,None,207201,3
2238,501602,Character,None,108001,3
2239,501602,Character,None,209201,3
2240,501602,Character,None,110101,3
2241,501602,Character,None,111001,3
2242,501602,Character,None,313001,3
2243,501602,Character,None,117201,3
2244,501602,Character,None,218001,3
2245,501602,Character,None,319001,3
2246,501602,Character,None,320101,3
2247,501602,Character,None,324101,3
2248,501602,Character,None,343201,3
2249,501602,Character,None,343101,3
2250,501602,Character,None,343001,3
2251,501602,Character,None,324201,3
2252,501602,Character,None,218101,3
2253,501602,Character,None,108201,3
2254,501602,Character,None,321201,3
2255,501602,Character,None,320201,3
2256,501602,Character,None,320001,3
2257,501602,Character,None,317101,3
2258,501602,Character,None,314101,3
2259,501602,Character,None,113101,3
2260,501602,Character,None,209101,3
2261,501602,Character,None,235201,3
2262,501602,Character,None,110001,3
2263,501602,Character,None,111101,3
2264,501602,Character,None,311201,3
2265,501602,Character,None,331101,3
2266,501602,Character,None,331201,3
2267,501602,Character,None,338101,3
2268,501602,Character,None,328201,3
2269,501602,Character,None,204001,3
2270,501602,Character,None,327001,3
2271,501602,Character,None,327101,3
2272,501602,Character,None,228001,3
2273,501603,Character,None,423001,6
2274,501603,Character,None,422001,6
2275,501603,Character,None,423201,6
2276,501603,Character,None,422201,6
2277,501603,Character,None,423101,6
2278,501603,Character,None,422101,6
2279,501603,Character,None,426001,6
2280,501603,Character,None,423301,6
2281,501604,Character,None,112001,477
2282,501604,Character,None,116101,477
2283,501604,Character,None,129101,477
2284,501604,Character,None,201001,477
2285,501604,Character,None,201101,477
2286,501604,Character,None,202001,477
2287,501604,Character,None,301201,477
2288,501604,Character,None,306001,477
2289,501604,Character,None,306101,477
2290,501605,Character,None,130201,588
2291,501605,Character,None,130301,588
2292,501605,Character,None,130701,588
2293,501605,Character,None,230001,588
2294,501605,Character,None,230101,588
2295,501605,Character,None,230601,588
2296,501605,Character,None,330401,588
2297,501605,Character,None,330501,588
2298,501605,Character,None,330801,588
2299,501701,Character,None,201401,200
2300,501702,Character,None,110201,3
2301,501702,Character,None,314001,3
2302,501702,Character,None,321001,3
2303,501702,Character,None,319101,3
2304,501702,Character,None,209001,3
2305,501702,Character,None,116001,3
2306,501702,Character,None,217001,3
2307,501702,Character,None,314201,3
2308,501702,Character,None,115001,3
2309,501702,Character,None,202201,3
2310,501702,Character,None,203001,3
2311,501702,Character,None,203201,3
2312,501702,Character,None,207001,3
2313,501702,Character,None,207101,3
2314,501702,Character,None,207201,3
2315,501702,Character,None,108001,3
2316,501702,Character,None,209201,3
2317,501702,Character,None,110101,3
2318,501702,Character,None,111001,3
2319,501702,Character,None,313001,3
2320,501702,Character,None,117201,3
2321,501702,Character,None,218001,3
2322,501702,Character,None,319001,3
2323,501702,Character,None,320101,3
2324,501702,Character,None,324101,3
2325,501702,Character,None,343201,3
2326,501702,Character,None,343101,3
2327,501702,Character,None,343001,3
2328,501702,Character,None,324201,3
2329,501702,Character,None,218101,3
2330,501702,Character,None,108201,3
2331,501702,Character,None,321201,3
2332,501702,Character,None,320201,3
2333,501702,Character,None,320001,3
2334,501702,Character,None,317101,3
2335,501702,Character,None,314101,3
2336,501702,Character,None,113101,3
2337,501702,Character,None,209101,3
2338,501702,Character,None,235201,3
2339,501702,Character,None,110001,3
2340,501702,Character,None,111101,3
2341,501702,Character,None,311201,3
2342,501702,Character,None,331101,3
2343,501702,Character,None,331201,3
2344,501702,Character,None,338101,3
2345,501702,Character,None,328201,3
2346,501702,Character,None,204001,3
2347,501702,Character,None,327001,3
2348,501702,Character,None,327101,3
2349,501702,Character,None,228001,3
2350,501703,Character,None,423001,6
2351,501703,Character,None,422001,6
2352,501703,Character,None,423201,6
2353,501703,Character,None,422201,6
2354,501703,Character,None,423101,6
2355,501703,Character,None,422101,6
2356,501703,Character,None,426001,6
2357,501703,Character,None,423301,6
2358,501704,Character,None,112001,477
2359,501704,Character,None,116101,477
2360,501704,Character,None,129101,477
2361,501704,Character,None,201001,477
2362,501704,Character,None,201101,477
2363,501704,Character,None,202001,477
2364,501704,Character,None,301201,477
2365,501704,Character,None,306001,477
2366,501704,Character,None,306101,477
2367,501705,Character,None,130201,588
2368,501705,Character,None,130301,588
2369,501705,Character,None,130701,588
2370,501705,Character,None,230001,588
2371,501705,Character,None,230101,588
2372,501705,Character,None,230601,588
2373,501705,Character,None,330401,588
2374,501705,Character,None,330501,588
2375,501705,Character,None,330801,588
2376,501801,Character,None,338001,200
2377,501802,Character,None,110201,3
2378,501802,Character,None,314001,3
2379,501802,Character,None,321001,3
2380,501802,Character,None,319101,3
2381,501802,Character,None,209001,3
2382,501802,Character,None,116001,3
2383,501802,Character,None,217001,3
2384,501802,Character,None,314201,3
2385,501802,Character,None,115001,3
2386,501802,Character,None,202201,3
2387,501802,Character,None,203001,3
2388,501802,Character,None,203201,3
2389,501802,Character,None,207001,3
2390,501802,Character,None,207101,3
2391,501802,Character,None,207201,3
2392,501802,Character,None,108001,3
2393,501802,Character,None,209201,3
2394,501802,Character,None,110101,3
2395,501802,Character,None,111001,3
2396,501802,Character,None,313001,3
2397,501802,Character,None,117201,3
2398,501802,Character,None,218001,3
2399,501802,Character,None,319001,3
2400,501802,Character,None,320101,3
2401,501802,Character,None,324101,3
2402,501802,Character,None,343201,3
2403,501802,Character,None,343101,3
2404,501802,Character,None,343001,3
2405,501802,Character,None,324201,3
2406,501802,Character,None,218101,3
2407,501802,Character,None,108201,3
2408,501802,Character,None,321201,3
2409,501802,Character,None,320201,3
2410,501802,Character,None,320001,3
2411,501802,Character,None,317101,3
2412,501802,Character,None,314101,3
2413,501802,Character,None,113101,3
2414,501802,Character,None,209101,3
2415,501802,Character,None,235201,3
2416,501802,Character,None,110001,3
2417,501802,Character,None,111101,3
2418,501802,Character,None,311201,3
2419,501802,Character,None,331101,3
2420,501802,Character,None,331201,3
2421,501802,Character,None,338101,3
2422,501802,Character,None,328201,3
2423,501802,Character,None,204001,3
2424,501802,Character,None,327001,3
2425,501802,Character,None,327101,3
2426,501802,Character,None,228001,3
2427,501803,Character,None,423001,6
2428,501803,Character,None,422001,6
2429,501803,Character,None,423201,6
2430,501803,Character,None,422201,6
2431,501803,Character,None,423101,6
2432,501803,Character,None,422101,6
2433,501803,Character,None,426001,6
2434,501803,Character,None,423301,6
2435,501804,Character,None,112001,477
2436,501804,Character,None,116101,477
2437,501804,Character,None,129101,477
2438,501804,Character,None,201001,477
2439,501804,Character,None,201101,477
2440,501804,Character,None,202001,477
2441,501804,Character,None,301201,477
2442,501804,Character,None,306001,477
2443,501804,Character,None,306101,477
2444,501805,Character,None,130201,588
2445,501805,Character,None,130301,588
2446,501805,Character,None,130701,588
2447,501805,Character,None,230001,588
2448,501805,Character,None,230101,588
2449,501805,Character,None,230601,588
2450,501805,Character,None,330401,588
2451,501805,Character,None,330501,588
2452,501805,Character,None,330801,588
2453,501901,Character,None,235001,200
2454,501902,Character,None,110201,3
2455,501902,Character,None,314001,3
2456,501902,Character,None,321001,3
2457,501902,Character,None,319101,3
2458,501902,Character,None,209001,3
2459,501902,Character,None,116001,3
2460,501902,Character,None,217001,3
2461,501902,Character,None,314201,3
2462,501902,Character,None,115001,3
2463,501902,Character,None,202201,3
2464,501902,Character,None,203001,3
2465,501902,Character,None,203201,3
2466,501902,Character,None,207001,3
2467,501902,Character,None,207101,3
2468,501902,Character,None,207201,3
2469,501902,Character,None,108001,3
2470,501902,Character,None,209201,3
2471,501902,Character,None,110101,3
2472,501902,Character,None,111001,3
2473,501902,Character,None,313001,3
2474,501902,Character,None,117201,3
2475,501902,Character,None,218001,3
2476,501902,Character,None,319001,3
2477,501902,Character,None,320101,3
2478,501902,Character,None,324101,3
2479,501902,Character,None,343201,3
2480,501902,Character,None,343101,3
2481,501902,Character,None,343001,3
2482,501902,Character,None,324201,3
2483,501902,Character,None,218101,3
2484,501902,Character,None,108201,3
2485,501902,Character,None,321201,3
2486,501902,Character,None,320201,3
2487,501902,Character,None,320001,3
2488,501902,Character,None,317101,3
2489,501902,Character,None,314101,3
2490,501902,Character,None,113101,3
2491,501902,Character,None,209101,3
2492,501902,Character,None,235201,3
2493,501902,Character,None,110001,3
2494,501902,Character,None,111101,3
2495,501902,Character,None,311201,3
2496,501902,Character,None,331101,3
2497,501902,Character,None,331201,3
2498,501902,Character,None,338101,3
2499,501902,Character,None,328201,3
2500,501902,Character,None,204001,3
2501,501902,Character,None,327001,3
2502,501902,Character,None,327101,3
2503,501902,Character,None,228001,3
2504,501903,Character,None,423001,6
2505,501903,Character,None,422001,6
2506,501903,Character,None,423201,6
2507,501903,Character,None,422201,6
2508,501903,Character,None,423101,6
2509,501903,Character,None,422101,6
2510,501903,Character,None,426001,6
2511,501903,Character,None,423301,6
2512,501904,Character,None,112001,477
2513,501904,Character,None,116101,477
2514,501904,Character,None,129101,477
2515,501904,Character,None,201001,477
2516,501904,Character,None,201101,477
2517,501904,Character,None,202001,477
2518,501904,Character,None,301201,477
2519,501904,Character,None,306001,477
2520,501904,Character,None,306101,477
2521,501905,Character,None,130201,588
2522,501905,Character,None,130301,588
2523,501905,Character,None,130701,588
2524,501905,Character,None,230001,588
2525,501905,Character,None,230101,588
2526,501905,Character,None,230601,588
2527,501905,Character,None,330401,588
2528,501905,Character,None,330501,588
2529,501905,Character,None,330801,588
2530,502001,Character,None,301501,200
2531,502002,Character,None,110201,2
2532,502002,Character,None,314001,2
2533,502002,Character,None,321001,2
2534,502002,Character,None,319101,2
2535,502002,Character,None,209001,2
2536,502002,Character,None,116001,2
2537,502002,Character,None,217001,2
2538,502002,Character,None,314201,2
2539,502002,Character,None,115001,2
2540,502002,Character,None,202201,2
2541,502002,Character,None,203001,2
2542,502002,Character,None,203201,2
2543,502002,Character,None,207001,2
2544,502002,Character,None,207101,2
2545,502002,Character,None,207201,2
2546,502002,Character,None,108001,2
2547,502002,Character,None,209201,2
2548,502002,Character,None,110101,2
2549,502002,Character,None,111001,2
2550,502002,Character,None,313001,2
2551,502002,Character,None,117201,2
2552,502002,Character,None,218001,2
2553,502002,Character,None,319001,2
2554,502002,Character,None,320101,2
2555,502002,Character,None,324101,2
2556,502002,Character,None,343201,2
2557,502002,Character,None,343101,2
2558,502002,Character,None,343001,2
2559,502002,Character,None,324201,2
2560,502002,Character,None,218101,2
2561,502002,Character,None,108201,2
2562,502002,Character,None,321201,2
2563,502002,Character,None,320201,2
2564,502002,Character,None,320001,2
2565,502002,Character,None,317101,2
2566,502002,Character,None,314101,2
2567,502002,Character,None,113101,2
2568,502002,Character,None,209101,2
2569,502002,Character,None,235201,2
2570,502002,Character,None,110001,2
2571,502002,Character,None,111101,2
2572,502002,Character,None,311201,2
2573,502002,Character,None,331101,2
2574,502002,Character,None,331201,2
2575,502002,Character,None,338101,2
2576,502002,Character,None,328201,2
2577,502002,Character,None,204001,2
2578,502002,Character,None,327001,2
2579,502002,Character,None,327101,2
2580,502002,Character,None,228001,2
2581,502002,Character,None,338001,2
2582,502002,Character,None,235001,2
2583,502003,Character,None,423001,6
2584,502003,Character,None,422001,6
2585,502003,Character,None,423201,6
2586,502003,Character,None,422201,6
2587,502003,Character,None,423101,6
2588,502003,Character,None,422101,6
2589,502003,Character,None,426001,6
2590,502003,Character,None,423301,6
2591,502004,Character,None,112001,477
2592,502004,Character,None,116101,477
2593,502004,Character,None,129101,477
2594,502004,Character,None,201001,477
2595,502004,Character,None,201101,477
2596,502004,Character,None,202001,477
2597,502004,Character,None,301201,477
2598,502004,Character,None,306001,477
2599,502004,Character,None,306101,477
2600,502005,Character,None,130201,588
2601,502005,Character,None,130301,588
2602,502005,Character,None,130701,588
2603,502005,Character,None,230001,588
2604,502005,Character,None,230101,588
2605,502005,Character,None,230601,588
2606,502005,Character,None,330401,588
2607,502005,Character,None,330501,588
2608,502005,Character,None,330801,588
2609,502101,Character,None,235301,200
2610,502102,Character,None,110201,2
2611,502102,Character,None,314001,2
2612,502102,Character,None,321001,2
2613,502102,Character,None,319101,2
2614,502102,Character,None,209001,2
2615,502102,Character,None,116001,2
2616,502102,Character,None,217001,2
2617,502102,Character,None,314201,2
2618,502102,Character,None,115001,2
2619,502102,Character,None,202201,2
2620,502102,Character,None,203001,2
2621,502102,Character,None,203201,2
2622,502102,Character,None,207001,2
2623,502102,Character,None,207101,2
2624,502102,Character,None,207201,2
2625,502102,Character,None,108001,2
2626,502102,Character,None,209201,2
2627,502102,Character,None,110101,2
2628,502102,Character,None,111001,2
2629,502102,Character,None,313001,2
2630,502102,Character,None,117201,2
2631,502102,Character,None,218001,2
2632,502102,Character,None,319001,2
2633,502102,Character,None,320101,2
2634,502102,Character,None,324101,2
2635,502102,Character,None,343201,2
2636,502102,Character,None,343101,2
2637,502102,Character,None,343001,2
2638,502102,Character,None,324201,2
2639,502102,Character,None,218101,2
2640,502102,Character,None,108201,2
2641,502102,Character,None,321201,2
2642,502102,Character,None,320201,2
2643,502102,Character,None,320001,2
2644,502102,Character,None,317101,2
2645,502102,Character,None,314101,2
2646,502102,Character,None,113101,2
2647,502102,Character,None,209101,2
2648,502102,Character,None,235201,2
2649,502102,Character,None,110001,2
2650,502102,Character,None,111101,2
2651,502102,Character,None,311201,2
2652,502102,Character,None,331101,2
2653,502102,Character,None,331201,2
2654,502102,Character,None,338101,2
2655,502102,Character,None,328201,2
2656,502102,Character,None,204001,2
2657,502102,Character,None,327001,2
2658,502102,Character,None,327101,2
2659,502102,Character,None,228001,2
2660,502102,Character,None,338001,2
2661,502102,Character,None,235001,2
2662,502103,Character,None,423001,6
2663,502103,Character,None,422001,6
2664,502103,Character,None,423201,6
2665,502103,Character,None,422201,6
2666,502103,Character,None,423101,6
2667,502103,Character,None,422101,6
2668,502103,Character,None,426001,6
2669,502103,Character,None,423301,6
2670,502104,Character,None,112001,477
2671,502104,Character,None,116101,477
2672,502104,Character,None,129101,477
2673,502104,Character,None,201001,477
2674,502104,Character,None,201101,477
2675,502104,Character,None,202001,477
2676,502104,Character,None,301201,477
2677,502104,Character,None,306001,477
2678,502104,Character,None,306101,477
2679,502105,Character,None,130201,588
2680,502105,Character,None,130301,588
2681,502105,Character,None,130701,588
2682,502105,Character,None,230001,588
2683,502105,Character,None,230101,588
2684,502105,Character,None,230601,588
2685,502105,Character,None,330401,588
2686,502105,Character,None,330501,588
2687,502105,Character,None,330801,588
2688,502201,Character,None,581001,200
2689,502202,Character,None,110201,2
2690,502202,Character,None,314001,2
2691,502202,Character,None,321001,2
2692,502202,Character,None,319101,2
2693,502202,Character,None,209001,2
2694,502202,Character,None,116001,2
2695,502202,Character,None,217001,2
2696,502202,Character,None,314201,2
2697,502202,Character,None,115001,2
2698,502202,Character,None,202201,2
2699,502202,Character,None,203001,2
2700,502202,Character,None,203201,2
2701,502202,Character,None,207001,2
2702,502202,Character,None,207101,2
2703,502202,Character,None,207201,2
2704,502202,Character,None,108001,2
2705,502202,Character,None,209201,2
2706,502202,Character,None,110101,2
2707,502202,Character,None,111001,2
2708,502202,Character,None,313001,2
2709,502202,Character,None,117201,2
2710,502202,Character,None,218001,2
2711,502202,Character,None,319001,2
2712,502202,Character,None,320101,2
2713,502202,Character,None,324101,2
2714,502202,Character,None,343201,2
2715,502202,Character,None,343101,2
2716,502202,Character,None,343001,2
2717,502202,Character,None,324201,2
2718,502202,Character,None,218101,2
2719,502202,Character,None,108201,2
2720,502202,Character,None,321201,2
2721,502202,Character,None,320201,2
2722,502202,Character,None,320001,2
2723,502202,Character,None,317101,2
2724,502202,Character,None,314101,2
2725,502202,Character,None,113101,2
2726,502202,Character,None,209101,2
2727,502202,Character,None,235201,2
2728,502202,Character,None,110001,2
2729,502202,Character,None,111101,2
2730,502202,Character,None,311201,2
2731,502202,Character,None,331101,2
2732,502202,Character,None,331201,2
2733,502202,Character,None,338101,2
2734,502202,Character,None,328201,2
2735,502202,Character,None,204001,2
2736,502202,Character,None,327001,2
2737,502202,Character,None,327101,2
2738,502202,Character,None,228001,2
2739,502202,Character,None,338001,2
2740,502202,Character,None,235001,2
2741,502203,Character,None,423001,6
2742,502203,Character,None,422001,6
2743,502203,Character,None,423201,6
2744,502203,Character,None,422201,6
2745,502203,Character,None,423101,6
2746,502203,Character,None,422101,6
2747,502203,Character,None,426001,6
2748,502203,Character,None,423301,6
2749,502204,Character,None,112001,477
2750,502204,Character,None,116101,477
2751,502204,Character,None,129101,477
2752,502204,Character,None,201001,477
2753,502204,Character,None,201101,477
2754,502204,Character,None,202001,477
2755,502204,Character,None,301201,477
2756,502204,Character,None,306001,477
2757,502204,Character,None,306101,477
2758,502205,Character,None,130201,588
2759,502205,Character,None,130301,588
2760,502205,Character,None,130701,588
2761,502205,Character,None,230001,588
2762,502205,Character,None,230101,588
2763,502205,Character,None,230601,588
2764,502205,Character,None,330401,588
2765,502205,Character,None,330501,588
2766,502205,Character,None,330801,588
2767,502301,Character,None,581101,200
2768,502302,Character,None,110201,2
2769,502302,Character,None,314001,2
2770,502302,Character,None,321001,2
2771,502302,Character,None,319101,2
2772,502302,Character,None,209001,2
2773,502302,Character,None,116001,2
2774,502302,Character,None,217001,2
2775,502302,Character,None,314201,2
2776,502302,Character,None,115001,2
2777,502302,Character,None,202201,2
2778,502302,Character,None,203001,2
2779,502302,Character,None,203201,2
2780,502302,Character,None,207001,2
2781,502302,Character,None,207101,2
2782,502302,Character,None,207201,2
2783,502302,Character,None,108001,2
2784,502302,Character,None,209201,2
2785,502302,Character,None,110101,2
2786,502302,Character,None,111001,2
2787,502302,Character,None,313001,2
2788,502302,Character,None,117201,2
2789,502302,Character,None,218001,2
2790,502302,Character,None,319001,2
2791,502302,Character,None,320101,2
2792,502302,Character,None,324101,2
2793,502302,Character,None,343201,2
2794,502302,Character,None,343101,2
2795,502302,Character,None,343001,2
2796,502302,Character,None,324201,2
2797,502302,Character,None,218101,2
2798,502302,Character,None,108201,2
2799,502302,Character,None,321201,2
2800,502302,Character,None,320201,2
2801,502302,Character,None,320001,2
2802,502302,Character,None,317101,2
2803,502302,Character,None,314101,2
2804,502302,Character,None,113101,2
2805,502302,Character,None,209101,2
2806,502302,Character,None,235201,2
2807,502302,Character,None,110001,2
2808,502302,Character,None,111101,2
2809,502302,Character,None,311201,2
2810,502302,Character,None,331101,2
2811,502302,Character,None,331201,2
2812,502302,Character,None,338101,2
2813,502302,Character,None,328201,2
2814,502302,Character,None,204001,2
2815,502302,Character,None,327001,2
2816,502302,Character,None,327101,2
2817,502302,Character,None,228001,2
2818,502302,Character,None,338001,2
2819,502302,Character,None,235001,2
2820,502303,Character,None,423001,6
2821,502303,Character,None,422001,6
2822,502303,Character,None,423201,6
2823,502303,Character,None,422201,6
2824,502303,Character,None,423101,6
2825,502303,Character,None,422101,6
2826,502303,Character,None,426001,6
2827,502303,Character,None,423301,6
2828,502304,Character,None,112001,477
2829,502304,Character,None,116101,477
2830,502304,Character,None,129101,477
2831,502304,Character,None,201001,477
2832,502304,Character,None,201101,477
2833,502304,Character,None,202001,477
2834,502304,Character,None,301201,477
2835,502304,Character,None,306001,477
2836,502304,Character,None,306101,477
2837,502305,Character,None,130201,588
2838,502305,Character,None,130301,588
2839,502305,Character,None,130701,588
2840,502305,Character,None,230001,588
2841,502305,Character,None,230101,588
2842,502305,Character,None,230601,588
2843,502305,Character,None,330401,588
2844,502305,Character,None,330501,588
2845,502305,Character,None,330801,588
2846,502401,Character,None,232101,200
2847,502402,Character,None,110201,2
2848,502402,Character,None,314001,2
2849,502402,Character,None,321001,2
2850,502402,Character,None,319101,2
2851,502402,Character,None,209001,2
2852,502402,Character,None,116001,2
2853,502402,Character,None,217001,2
2854,502402,Character,None,314201,2
2855,502402,Character,None,115001,2
2856,502402,Character,None,202201,2
2857,502402,Character,None,203001,2
2858,502402,Character,None,203201,2
2859,502402,Character,None,207001,2
2860,502402,Character,None,207101,2
2861,502402,Character,None,207201,2
2862,502402,Character,None,108001,2
2863,502402,Character,None,209201,2
2864,502402,Character,None,110101,2
2865,502402,Character,None,111001,2
2866,502402,Character,None,313001,2
2867,502402,Character,None,117201,2
2868,502402,Character,None,218001,2
2869,502402,Character,None,319001,2
2870,502402,Character,None,320101,2
2871,502402,Character,None,324101,2
2872,502402,Character,None,343201,2
2873,502402,Character,None,343101,2
2874,502402,Character,None,343001,2
2875,502402,Character,None,324201,2
2876,502402,Character,None,218101,2
2877,502402,Character,None,108201,2
2878,502402,Character,None,321201,2
2879,502402,Character,None,320201,2
2880,502402,Character,None,320001,2
2881,502402,Character,None,317101,2
2882,502402,Character,None,314101,2
2883,502402,Character,None,113101,2
2884,502402,Character,None,209101,2
2885,502402,Character,None,235201,2
2886,502402,Character,None,110001,2
2887,502402,Character,None,111101,2
2888,502402,Character,None,311201,2
2889,502402,Character,None,331101,2
2890,502402,Character,None,331201,2
2891,502402,Character,None,338101,2
2892,502402,Character,None,328201,2
2893,502402,Character,None,204001,2
2894,502402,Character,None,327001,2
2895,502402,Character,None,327101,2
2896,502402,Character,None,228001,2
2897,502402,Character,None,338001,2
2898,502402,Character,None,235001,2
2899,502403,Character,None,423001,6
2900,502403,Character,None,422001,6
2901,502403,Character,None,423201,6
2902,502403,Character,None,422201,6
2903,502403,Character,None,423101,6
2904,502403,Character,None,422101,6
2905,502403,Character,None,426001,6
2906,502403,Character,None,423301,6
2907,502404,Character,None,112001,477
2908,502404,Character,None,116101,477
2909,502404,Character,None,129101,477
2910,502404,Character,None,201001,477
2911,502404,Character,None,201101,477
2912,502404,Character,None,202001,477
2913,502404,Character,None,301201,477
2914,502404,Character,None,306001,477
2915,502404,Character,None,306101,477
2916,502405,Character,None,130201,588
2917,502405,Character,None,130301,588
2918,502405,Character,None,130701,588
2919,502405,Character,None,230001,588
2920,502405,Character,None,230101,588
2921,502405,Character,None,230601,588
2922,502405,Character,None,330401,588
2923,502405,Character,None,330501,588
2924,502405,Character,None,330801,588
2925,502501,Character,None,145001,200
2926,502502,Character,None,110201,2
2927,502502,Character,None,314001,2
2928,502502,Character,None,321001,2
2929,502502,Character,None,319101,2
2930,502502,Character,None,209001,2
2931,502502,Character,None,116001,2
2932,502502,Character,None,217001,2
2933,502502,Character,None,314201,2
2934,502502,Character,None,115001,2
2935,502502,Character,None,202201,2
2936,502502,Character,None,203001,2
2937,502502,Character,None,203201,2
2938,502502,Character,None,207001,2
2939,502502,Character,None,207101,2
2940,502502,Character,None,207201,2
2941,502502,Character,None,108001,2
2942,502502,Character,None,209201,2
2943,502502,Character,None,110101,2
2944,502502,Character,None,111001,2
2945,502502,Character,None,313001,2
2946,502502,Character,None,117201,2
2947,502502,Character,None,218001,2
2948,502502,Character,None,319001,2
2949,502502,Character,None,320101,2
2950,502502,Character,None,324101,2
2951,502502,Character,None,343201,2
2952,502502,Character,None,343101,2
2953,502502,Character,None,343001,2
2954,502502,Character,None,324201,2
2955,502502,Character,None,218101,2
2956,502502,Character,None,108201,2
2957,502502,Character,None,321201,2
2958,502502,Character,None,320201,2
2959,502502,Character,None,320001,2
2960,502502,Character,None,317101,2
2961,502502,Character,None,314101,2
2962,502502,Character,None,113101,2
2963,502502,Character,None,209101,2
2964,502502,Character,None,235201,2
2965,502502,Character,None,110001,2
2966,502502,Character,None,111101,2
2967,502502,Character,None,311201,2
2968,502502,Character,None,331101,2
2969,502502,Character,None,331201,2
2970,502502,Character,None,338101,2
2971,502502,Character,None,328201,2
2972,502502,Character,None,204001,2
2973,502502,Character,None,327001,2
2974,502502,Character,None,327101,2
2975,502502,Character,None,228001,2
2976,502502,Character,None,338001,2
2977,502502,Character,None,235001,2
2978,502503,Character,None,423001,6
2979,502503,Character,None,422001,6
2980,502503,Character,None,423201,6
2981,502503,Character,None,422201,6
2982,502503,Character,None,423101,6
2983,502503,Character,None,422101,6
2984,502503,Character,None,426001,6
2985,502503,Character,None,423301,6
2986,502504,Character,None,112001,477
2987,502504,Character,None,116101,477
2988,502504,Character,None,129101,477
2989,502504,Character,None,201001,477
2990,502504,Character,None,201101,477
2991,502504,Character,None,202001,477
2992,502504,Character,None,301201,477
2993,502504,Character,None,306001,477
2994,502504,Character,None,306101,477
2995,502505,Character,None,130201,588
2996,502505,Character,None,130301,588
2997,502505,Character,None,130701,588
2998,502505,Character,None,230001,588
2999,502505,Character,None,230101,588
3000,502505,Character,None,230601,588
3001,502505,Character,None,330401,588
3002,502505,Character,None,330501,588
3003,502505,Character,None,330801,588
3004,502601,Character,None,145101,200
3005,502602,Character,None,110201,2
3006,502602,Character,None,314001,2
3007,502602,Character,None,321001,2
3008,502602,Character,None,319101,2
3009,502602,Character,None,209001,2
3010,502602,Character,None,116001,2
3011,502602,Character,None,217001,2
3012,502602,Character,None,314201,2
3013,502602,Character,None,115001,2
3014,502602,Character,None,202201,2
3015,502602,Character,None,203001,2
3016,502602,Character,None,203201,2
3017,502602,Character,None,207001,2
3018,502602,Character,None,207101,2
3019,502602,Character,None,207201,2
3020,502602,Character,None,108001,2
3021,502602,Character,None,209201,2
3022,502602,Character,None,110101,2
3023,502602,Character,None,111001,2
3024,502602,Character,None,313001,2
3025,502602,Character,None,117201,2
3026,502602,Character,None,218001,2
3027,502602,Character,None,319001,2
3028,502602,Character,None,320101,2
3029,502602,Character,None,324101,2
3030,502602,Character,None,343201,2
3031,502602,Character,None,343101,2
3032,502602,Character,None,343001,2
3033,502602,Character,None,324201,2
3034,502602,Character,None,218101,2
3035,502602,Character,None,108201,2
3036,502602,Character,None,321201,2
3037,502602,Character,None,320201,2
3038,502602,Character,None,320001,2
3039,502602,Character,None,317101,2
3040,502602,Character,None,314101,2
3041,502602,Character,None,113101,2
3042,502602,Character,None,209101,2
3043,502602,Character,None,235201,2
3044,502602,Character,None,110001,2
3045,502602,Character,None,111101,2
3046,502602,Character,None,311201,2
3047,502602,Character,None,331101,2
3048,502602,Character,None,331201,2
3049,502602,Character,None,338101,2
3050,502602,Character,None,328201,2
3051,502602,Character,None,204001,2
3052,502602,Character,None,327001,2
3053,502602,Character,None,327101,2
3054,502602,Character,None,228001,2
3055,502602,Character,None,338001,2
3056,502602,Character,None,235001,2
3057,502603,Character,None,423001,6
3058,502603,Character,None,422001,6
3059,502603,Character,None,423201,6
3060,502603,Character,None,422201,6
3061,502603,Character,None,423101,6
3062,502603,Character,None,422101,6
3063,502603,Character,None,426001,6
3064,502603,Character,None,423301,6
3065,502604,Character,None,112001,477
3066,502604,Character,None,116101,477
3067,502604,Character,None,129101,477
3068,502604,Character,None,201001,477
3069,502604,Character,None,201101,477
3070,502604,Character,None,202001,477
3071,502604,Character,None,301201,477
3072,502604,Character,None,306001,477
3073,502604,Character,None,306101,477
3074,502605,Character,None,130201,588
3075,502605,Character,None,130301,588
3076,502605,Character,None,130701,588
3077,502605,Character,None,230001,588
3078,502605,Character,None,230101,588
3079,502605,Character,None,230601,588
3080,502605,Character,None,330401,588
3081,502605,Character,None,330501,588
3082,502605,Character,None,330801,588
3083,502701,Character,None,203301,200
3084,502702,Character,None,110201,2
3085,502702,Character,None,314001,2
3086,502702,Character,None,321001,2
3087,502702,Character,None,319101,2
3088,502702,Character,None,209001,2
3089,502702,Character,None,116001,2
3090,502702,Character,None,217001,2
3091,502702,Character,None,314201,2
3092,502702,Character,None,115001,2
3093,502702,Character,None,202201,2
3094,502702,Character,None,203001,2
3095,502702,Character,None,203201,2
3096,502702,Character,None,207001,2
3097,502702,Character,None,207101,2
3098,502702,Character,None,207201,2
3099,502702,Character,None,108001,2
3100,502702,Character,None,209201,2
3101,502702,Character,None,110101,2
3102,502702,Character,None,111001,2
3103,502702,Character,None,313001,2
3104,502702,Character,None,117201,2
3105,502702,Character,None,218001,2
3106,502702,Character,None,319001,2
3107,502702,Character,None,320101,2
3108,502702,Character,None,324101,2
3109,502702,Character,None,343201,2
3110,502702,Character,None,343101,2
3111,502702,Character,None,343001,2
3112,502702,Character,None,324201,2
3113,502702,Character,None,218101,2
3114,502702,Character,None,108201,2
3115,502702,Character,None,321201,2
3116,502702,Character,None,320201,2
3117,502702,Character,None,320001,2
3118,502702,Character,None,317101,2
3119,502702,Character,None,314101,2
3120,502702,Character,None,113101,2
3121,502702,Character,None,209101,2
3122,502702,Character,None,235201,2
3123,502702,Character,None,110001,2
3124,502702,Character,None,111101,2
3125,502702,Character,None,311201,2
3126,502702,Character,None,331101,2
3127,502702,Character,None,331201,2
3128,502702,Character,None,338101,2
3129,502702,Character,None,328201,2
3130,502702,Character,None,204001,2
3131,502702,Character,None,327001,2
3132,502702,Character,None,327101,2
3133,502702,Character,None,228001,2
3134,502702,Character,None,338001,2
3135,502702,Character,None,235001,2
3136,502703,Character,None,423001,6
3137,502703,Character,None,422001,6
3138,502703,Character,None,423201,6
3139,502703,Character,None,422201,6
3140,502703,Character,None,423101,6
3141,502703,Character,None,422101,6
3142,502703,Character,None,426001,6
3143,502703,Character,None,423301,6
3144,502704,Character,None,112001,477
3145,502704,Character,None,116101,477
3146,502704,Character,None,129101,477
3147,502704,Character,None,201001,477
3148,502704,Character,None,201101,477
3149,502704,Character,None,202001,477
3150,502704,Character,None,301201,477
3151,502704,Character,None,306001,477
3152,502704,Character,None,306101,477
3153,502705,Character,None,130201,588
3154,502705,Character,None,130301,588
3155,502705,Character,None,130701,588
3156,502705,Character,None,230001,588
3157,502705,Character,None,230101,588
3158,502705,Character,None,230601,588
3159,502705,Character,None,330401,588
3160,502705,Character,None,330501,588
3161,502705,Character,None,330801,588
3162,502801,Character,None,447001,100
3163,502802,Character,None,110201,4
3164,502802,Character,None,314001,4
3165,502802,Character,None,321001,4
3166,502802,Character,None,319101,4
3167,502802,Character,None,209001,4
3168,502802,Character,None,116001,4
3169,502802,Character,None,217001,4
3170,502802,Character,None,314201,4
3171,502802,Character,None,115001,4
3172,502802,Character,None,202201,4
3173,502802,Character,None,203001,4
3174,502802,Character,None,203201,4
3175,502802,Character,None,207001,4
3176,502802,Character,None,207101,4
3177,502802,Character,None,207201,4
3178,502802,Character,None,108001,4
3179,502802,Character,None,209201,4
3180,502802,Character,None,110101,4
3181,502802,Character,None,111001,4
3182,502802,Character,None,313001,4
3183,502802,Character,None,117201,4
3184,502802,Character,None,218001,4
3185,502802,Character,None,319001,4
3186,502802,Character,None,320101,4
3187,502802,Character,None,324101,4
3188,502802,Character,None,343201,4
3189,502802,Character,None,343101,4
3190,502802,Character,None,343001,4
3191,502802,Character,None,324201,4
3192,502802,Character,None,218101,4
3193,502802,Character,None,108201,4
3194,502802,Character,None,321201,4
3195,502802,Character,None,320201,4
3196,502802,Character,None,320001,4
3197,502802,Character,None,317101,4
3198,502802,Character,None,314101,4
3199,502802,Character,None,113101,4
3200,502802,Character,None,209101,4
3201,502802,Character,None,235201,4
3202,502802,Character,None,110001,4
3203,502802,Character,None,111101,4
3204,502802,Character,None,311201,4
3205,502802,Character,None,331101,4
3206,502802,Character,None,331201,4
3207,502802,Character,None,338101,4
3208,502802,Character,None,328201,4
3209,502802,Character,None,204001,4
3210,502802,Character,None,327001,4
3211,502802,Character,None,327101,4
3212,502802,Character,None,228001,4
3213,502802,Character,None,338001,4
3214,502802,Character,None,235001,4
3215,502802,Character,None,232101,4
3216,502802,Character,None,145001,4
3217,502802,Character,None,145101,4
3218,502802,Character,None,203301,4
3219,502803,Character,None,423001,6
3220,502803,Character,None,422001,6
3221,502803,Character,None,423201,6
3222,502803,Character,None,422201,6
3223,502803,Character,None,423101,6
3224,502803,Character,None,422101,6
3225,502803,Character,None,426001,6
3226,502803,Character,None,423301,6
3227,502804,Character,None,112001,477
3228,502804,Character,None,116101,477
3229,502804,Character,None,129101,477
3230,502804,Character,None,201001,477
3231,502804,Character,None,201101,477
3232,502804,Character,None,202001,477
3233,502804,Character,None,301201,477
3234,502804,Character,None,306001,477
3235,502804,Character,None,306101,477
3236,502805,Character,None,130201,588
3237,502805,Character,None,130301,588
3238,502805,Character,None,130701,588
3239,502805,Character,None,230001,588
3240,502805,Character,None,230101,588
3241,502805,Character,None,230601,588
3242,502805,Character,None,330401,588
3243,502805,Character,None,330501,588
3244,502805,Character,None,330801,588
3245,502901,Character,None,119201,200
3246,502902,Character,None,110201,2
3247,502902,Character,None,314001,2
3248,502902,Character,None,321001,2
3249,502902,Character,None,319101,2
3250,502902,Character,None,209001,2
3251,502902,Character,None,116001,2
3252,502902,Character,None,217001,2
3253,502902,Character,None,314201,2
3254,502902,Character,None,115001,2
3255,502902,Character,None,202201,2
3256,502902,Character,None,203001,2
3257,502902,Character,None,203201,2
3258,502902,Character,None,207001,2
3259,502902,Character,None,207101,2
3260,502902,Character,None,207201,2
3261,502902,Character,None,108001,2
3262,502902,Character,None,209201,2
3263,502902,Character,None,110101,2
3264,502902,Character,None,111001,2
3265,502902,Character,None,313001,2
3266,502902,Character,None,117201,2
3267,502902,Character,None,218001,2
3268,502902,Character,None,319001,2
3269,502902,Character,None,320101,2
3270,502902,Character,None,324101,2
3271,502902,Character,None,343201,2
3272,502902,Character,None,343101,2
3273,502902,Character,None,343001,2
3274,502902,Character,None,324201,2
3275,502902,Character,None,218101,2
3276,502902,Character,None,108201,2
3277,502902,Character,None,321201,2
3278,502902,Character,None,320201,2
3279,502902,Character,None,320001,2
3280,502902,Character,None,317101,2
3281,502902,Character,None,314101,2
3282,502902,Character,None,113101,2
3283,502902,Character,None,209101,2
3284,502902,Character,None,235201,2
3285,502902,Character,None,110001,2
3286,502902,Character,None,111101,2
3287,502902,Character,None,311201,2
3288,502902,Character,None,331101,2
3289,502902,Character,None,331201,2
3290,502902,Character,None,338101,2
3291,502902,Character,None,328201,2
3292,502902,Character,None,204001,2
3293,502902,Character,None,327001,2
3294,502902,Character,None,327101,2
3295,502902,Character,None,228001,2
3296,502902,Character,None,338001,2
3297,502902,Character,None,235001,2
3298,502902,Character,None,232101,2
3299,502902,Character,None,145001,2
3300,502902,Character,None,145101,2
3301,502902,Character,None,203301,2
3302,502903,Character,None,423001,6
3303,502903,Character,None,422001,6
3304,502903,Character,None,423201,6
3305,502903,Character,None,422201,6
3306,502903,Character,None,423101,6
3307,502903,Character,None,422101,6
3308,502903,Character,None,426001,6
3309,502903,Character,None,423301,6
3310,502904,Character,None,112001,477
3311,502904,Character,None,116101,477
3312,502904,Character,None,129101,477
3313,502904,Character,None,201001,477
3314,502904,Character,None,201101,477
3315,502904,Character,None,202001,477
3316,502904,Character,None,301201,477
3317,502904,Character,None,306001,477
3318,502904,Character,None,306101,477
3319,502905,Character,None,130201,588
3320,502905,Character,None,130301,588
3321,502905,Character,None,130701,588
3322,502905,Character,None,230001,588
3323,502905,Character,None,230101,588
3324,502905,Character,None,230601,588
3325,502905,Character,None,330401,588
3326,502905,Character,None,330501,588
3327,502905,Character,None,330801,588
3328,503001,Character,PickupCharacter,319401,200
3329,503004,Character,LimitedCharacter,320301,50
3330,503004,Character,LimitedCharacter,112101,50
3331,503002,Character,None,110201,1
3332,503002,Character,None,314001,1
3333,503002,Character,None,321001,1
3334,503002,Character,None,319101,1
3335,503002,Character,None,209001,1
3336,503002,Character,None,116001,1
3337,503002,Character,None,217001,1
3338,503002,Character,None,314201,1
3339,503002,Character,None,115001,1
3340,503002,Character,None,202201,1
3341,503002,Character,None,203001,1
3342,503002,Character,None,203201,1
3343,503002,Character,None,207001,1
3344,503002,Character,None,207101,1
3345,503002,Character,None,207201,1
3346,503002,Character,None,108001,1
3347,503002,Character,None,209201,1
3348,503002,Character,None,110101,1
3349,503002,Character,None,111001,1
3350,503002,Character,None,313001,1
3351,503002,Character,None,117201,1
3352,503002,Character,None,218001,1
3353,503002,Character,None,319001,1
3354,503002,Character,None,320101,1
3355,503002,Character,None,324101,1
3356,503002,Character,None,343201,1
3357,503002,Character,None,343101,1
3358,503002,Character,None,343001,1
3359,503002,Character,None,324201,1
3360,503002,Character,None,218101,1
3361,503002,Character,None,108201,1
3362,503002,Character,None,321201,1
3363,503002,Character,None,320201,1
3364,503002,Character,None,320001,1
3365,503002,Character,None,317101,1
3366,503002,Character,None,314101,1
3367,503002,Character,None,113101,1
3368,503002,Character,None,209101,1
3369,503002,Character,None,235201,1
3370,503002,Character,None,110001,1
3371,503002,Character,None,111101,1
3372,503002,Character,None,311201,1
3373,503002,Character,None,331101,1
3374,503002,Character,None,331201,1
3375,503002,Character,None,338101,1
3376,503002,Character,None,328201,1
3377,503002,Character,None,204001,1
3378,503002,Character,None,327001,1
3379,503002,Character,None,327101,1
3380,503002,Character,None,228001,1
3381,503002,Character,None,338001,1
3382,503002,Character,None,235001,1
3383,503002,Character,None,232101,1
3384,503002,Character,None,145001,1
3385,503002,Character,None,145101,1
3386,503002,Character,None,203301,1
3387,503002,Character,None,119201,1
3388,503003,Character,None,423001,5
3389,503003,Character,None,422001,5
3390,503003,Character,None,423201,5
3391,503003,Character,None,422201,5
3392,503003,Character,None,423101,5
3393,503003,Character,None,422101,5
3394,503003,Character,None,426001,5
3395,503003,Character,None,423301,5
3396,503003,Character,None,447001,5
3397,503005,Character,None,112001,477
3398,503005,Character,None,116101,477
3399,503005,Character,None,129101,477
3400,503005,Character,None,201001,477
3401,503005,Character,None,201101,477
3402,503005,Character,None,202001,477
3403,503005,Character,None,301201,477
3404,503005,Character,None,306001,477
3405,503005,Character,None,306101,477
3406,503006,Character,None,130201,588
3407,503006,Character,None,130301,588
3408,503006,Character,None,130701,588
3409,503006,Character,None,230001,588
3410,503006,Character,None,230101,588
3411,503006,Character,None,230601,588
3412,503006,Character,None,330401,588
3413,503006,Character,None,330501,588
3414,503006,Character,None,330801,588
3415,503101,Character,PickupCharacter,306201,200
3416,503104,Character,LimitedCharacter,320301,50
3417,503104,Character,LimitedCharacter,112101,50
3418,503102,Character,None,110201,1
3419,503102,Character,None,314001,1
3420,503102,Character,None,321001,1
3421,503102,Character,None,319101,1
3422,503102,Character,None,209001,1
3423,503102,Character,None,116001,1
3424,503102,Character,None,217001,1
3425,503102,Character,None,314201,1
3426,503102,Character,None,115001,1
3427,503102,Character,None,202201,1
3428,503102,Character,None,203001,1
3429,503102,Character,None,203201,1
3430,503102,Character,None,207001,1
3431,503102,Character,None,207101,1
3432,503102,Character,None,207201,1
3433,503102,Character,None,108001,1
3434,503102,Character,None,209201,1
3435,503102,Character,None,110101,1
3436,503102,Character,None,111001,1
3437,503102,Character,None,313001,1
3438,503102,Character,None,117201,1
3439,503102,Character,None,218001,1
3440,503102,Character,None,319001,1
3441,503102,Character,None,320101,1
3442,503102,Character,None,324101,1
3443,503102,Character,None,343201,1
3444,503102,Character,None,343101,1
3445,503102,Character,None,343001,1
3446,503102,Character,None,324201,1
3447,503102,Character,None,218101,1
3448,503102,Character,None,108201,1
3449,503102,Character,None,321201,1
3450,503102,Character,None,320201,1
3451,503102,Character,None,320001,1
3452,503102,Character,None,317101,1
3453,503102,Character,None,314101,1
3454,503102,Character,None,113101,1
3455,503102,Character,None,209101,1
3456,503102,Character,None,235201,1
3457,503102,Character,None,110001,1
3458,503102,Character,None,111101,1
3459,503102,Character,None,311201,1
3460,503102,Character,None,331101,1
3461,503102,Character,None,331201,1
3462,503102,Character,None,338101,1
3463,503102,Character,None,328201,1
3464,503102,Character,None,204001,1
3465,503102,Character,None,327001,1
3466,503102,Character,None,327101,1
3467,503102,Character,None,228001,1
3468,503102,Character,None,338001,1
3469,503102,Character,None,235001,1
3470,503102,Character,None,232101,1
3471,503102,Character,None,145001,1
3472,503102,Character,None,145101,1
3473,503102,Character,None,203301,1
3474,503102,Character,None,119201,1
3475,503103,Character,None,423001,5
3476,503103,Character,None,422001,5
3477,503103,Character,None,423201,5
3478,503103,Character,None,422201,5
3479,503103,Character,None,423101,5
3480,503103,Character,None,422101,5
3481,503103,Character,None,426001,5
3482,503103,Character,None,423301,5
3483,503103,Character,None,447001,5
3484,503105,Character,None,112001,477
3485,503105,Character,None,116101,477
3486,503105,Character,None,129101,477
3487,503105,Character,None,201001,477
3488,503105,Character,None,201101,477
3489,503105,Character,None,202001,477
3490,503105,Character,None,301201,477
3491,503105,Character,None,306001,477
3492,503105,Character,None,306101,477
3493,503106,Character,None,130201,588
3494,503106,Character,None,130301,588
3495,503106,Character,None,130701,588
3496,503106,Character,None,230001,588
3497,503106,Character,None,230101,588
3498,503106,Character,None,230601,588
3499,503106,Character,None,330401,588
3500,503106,Character,None,330501,588
3501,503106,Character,None,330801,588
3502,503201,Character,PickupCharacter,422501,100
3503,503202,Character,None,110201,4
3504,503202,Character,None,314001,4
3505,503202,Character,None,321001,4
3506,503202,Character,None,319101,4
3507,503202,Character,None,209001,4
3508,503202,Character,None,116001,4
3509,503202,Character,None,217001,4
3510,503202,Character,None,314201,4
3511,503202,Character,None,115001,4
3512,503202,Character,None,202201,4
3513,503202,Character,None,203001,4
3514,503202,Character,None,203201,4
3515,503202,Character,None,207001,4
3516,503202,Character,None,207101,4
3517,503202,Character,None,207201,4
3518,503202,Character,None,108001,4
3519,503202,Character,None,209201,4
3520,503202,Character,None,110101,4
3521,503202,Character,None,111001,4
3522,503202,Character,None,313001,4
3523,503202,Character,None,117201,4
3524,503202,Character,None,218001,4
3525,503202,Character,None,319001,4
3526,503202,Character,None,320101,4
3527,503202,Character,None,324101,4
3528,503202,Character,None,343201,4
3529,503202,Character,None,343101,4
3530,503202,Character,None,343001,4
3531,503202,Character,None,324201,4
3532,503202,Character,None,218101,4
3533,503202,Character,None,108201,4
3534,503202,Character,None,321201,4
3535,503202,Character,None,320201,4
3536,503202,Character,None,320001,4
3537,503202,Character,None,317101,4
3538,503202,Character,None,314101,4
3539,503202,Character,None,113101,4
3540,503202,Character,None,209101,4
3541,503202,Character,None,235201,4
3542,503202,Character,None,110001,4
3543,503202,Character,None,111101,4
3544,503202,Character,None,311201,4
3545,503202,Character,None,331101,4
3546,503202,Character,None,331201,4
3547,503202,Character,None,338101,4
3548,503202,Character,None,328201,4
3549,503202,Character,None,204001,4
3550,503202,Character,None,327001,4
3551,503202,Character,None,327101,4
3552,503202,Character,None,228001,4
3553,503202,Character,None,338001,4
3554,503202,Character,None,235001,4
3555,503202,Character,None,232101,4
3556,503202,Character,None,145001,4
3557,503202,Character,None,145101,4
3558,503202,Character,None,203301,4
3559,503202,Character,None,119201,4
3560,503203,Character,None,423001,5
3561,503203,Character,None,422001,5
3562,503203,Character,None,423201,5
3563,503203,Character,None,422201,5
3564,503203,Character,None,423101,5
3565,503203,Character,None,422101,5
3566,503203,Character,None,426001,5
3567,503203,Character,None,423301,5
3568,503203,Character,None,447001,5
3569,503204,Character,None,112001,477
3570,503204,Character,None,116101,477
3571,503204,Character,None,129101,477
3572,503204,Character,None,201001,477
3573,503204,Character,None,201101,477
3574,503204,Character,None,202001,477
3575,503204,Character,None,301201,477
3576,503204,Character,None,306001,477
3577,503204,Character,None,306101,477
3578,503205,Character,None,130201,588
3579,503205,Character,None,130301,588
3580,503205,Character,None,130701,588
3581,503205,Character,None,230001,588
3582,503205,Character,None,230101,588
3583,503205,Character,None,230601,588
3584,503205,Character,None,330401,588
3585,503205,Character,None,330501,588
3586,503205,Character,None,330801,588
3587,503301,Character,PickupCharacter,426001,100
3588,503302,Character,None,110201,4
3589,503302,Character,None,314001,4
3590,503302,Character,None,321001,4
3591,503302,Character,None,319101,4
3592,503302,Character,None,209001,4
3593,503302,Character,None,116001,4
3594,503302,Character,None,217001,4
3595,503302,Character,None,314201,4
3596,503302,Character,None,115001,4
3597,503302,Character,None,202201,4
3598,503302,Character,None,203001,4
3599,503302,Character,None,203201,4
3600,503302,Character,None,207001,4
3601,503302,Character,None,207101,4
3602,503302,Character,None,207201,4
3603,503302,Character,None,108001,4
3604,503302,Character,None,209201,4
3605,503302,Character,None,110101,4
3606,503302,Character,None,111001,4
3607,503302,Character,None,313001,4
3608,503302,Character,None,117201,4
3609,503302,Character,None,218001,4
3610,503302,Character,None,319001,4
3611,503302,Character,None,320101,4
3612,503302,Character,None,324101,4
3613,503302,Character,None,343201,4
3614,503302,Character,None,343101,4
3615,503302,Character,None,343001,4
3616,503302,Character,None,324201,4
3617,503302,Character,None,218101,4
3618,503302,Character,None,108201,4
3619,503302,Character,None,321201,4
3620,503302,Character,None,320201,4
3621,503302,Character,None,320001,4
3622,503302,Character,None,317101,4
3623,503302,Character,None,314101,4
3624,503302,Character,None,113101,4
3625,503302,Character,None,209101,4
3626,503302,Character,None,235201,4
3627,503302,Character,None,110001,4
3628,503302,Character,None,111101,4
3629,503302,Character,None,311201,4
3630,503302,Character,None,331101,4
3631,503302,Character,None,331201,4
3632,503302,Character,None,338101,4
3633,503302,Character,None,328201,4
3634,503302,Character,None,204001,4
3635,503302,Character,None,327001,4
3636,503302,Character,None,327101,4
3637,503302,Character,None,228001,4
3638,503302,Character,None,338001,4
3639,503302,Character,None,235001,4
3640,503302,Character,None,232101,4
3641,503302,Character,None,145001,4
3642,503302,Character,None,145101,4
3643,503302,Character,None,203301,4
3644,503302,Character,None,119201,4
3645,503303,Character,None,423001,6
3646,503303,Character,None,422001,6
3647,503303,Character,None,423201,6
3648,503303,Character,None,422201,6
3649,503303,Character,None,423101,6
3650,503303,Character,None,422101,6
3651,503303,Character,None,423301,6
3652,503303,Character,None,447001,6
3653,503304,Character,None,112001,477
3654,503304,Character,None,116101,477
3655,503304,Character,None,129101,477
3656,503304,Character,None,201001,477
3657,503304,Character,None,201101,477
3658,503304,Character,None,202001,477
3659,503304,Character,None,301201,477
3660,503304,Character,None,306001,477
3661,503304,Character,None,306101,477
3662,503305,Character,None,130201,588
3663,503305,Character,None,130301,588
3664,503305,Character,None,130701,588
3665,503305,Character,None,230001,588
3666,503305,Character,None,230101,588
3667,503305,Character,None,230601,588
3668,503305,Character,None,330401,588
3669,503305,Character,None,330501,588
3670,503305,Character,None,330801,588
3671,503401,Character,PickupCharacter,338201,200
3672,503402,Character,None,110201,2
3673,503402,Character,None,314001,2
3674,503402,Character,None,321001,2
3675,503402,Character,None,319101,2
3676,503402,Character,None,209001,2
3677,503402,Character,None,116001,2
3678,503402,Character,None,217001,2
3679,503402,Character,None,314201,2
3680,503402,Character,None,115001,2
3681,503402,Character,None,202201,2
3682,503402,Character,None,203001,2
3683,503402,Character,None,203201,2
3684,503402,Character,None,207001,2
3685,503402,Character,None,207101,2
3686,503402,Character,None,207201,2
3687,503402,Character,None,108001,2
3688,503402,Character,None,209201,2
3689,503402,Character,None,110101,2
3690,503402,Character,None,111001,2
3691,503402,Character,None,313001,2
3692,503402,Character,None,117201,2
3693,503402,Character,None,218001,2
3694,503402,Character,None,319001,2
3695,503402,Character,None,320101,2
3696,503402,Character,None,324101,2
3697,503402,Character,None,343201,2
3698,503402,Character,None,343101,2
3699,503402,Character,None,343001,2
3700,503402,Character,None,324201,2
3701,503402,Character,None,218101,2
3702,503402,Character,None,108201,2
3703,503402,Character,None,321201,2
3704,503402,Character,None,320201,2
3705,503402,Character,None,320001,2
3706,503402,Character,None,317101,2
3707,503402,Character,None,314101,2
3708,503402,Character,None,113101,2
3709,503402,Character,None,209101,2
3710,503402,Character,None,235201,2
3711,503402,Character,None,110001,2
3712,503402,Character,None,111101,2
3713,503402,Character,None,311201,2
3714,503402,Character,None,331101,2
3715,503402,Character,None,331201,2
3716,503402,Character,None,338101,2
3717,503402,Character,None,328201,2
3718,503402,Character,None,204001,2
3719,503402,Character,None,327001,2
3720,503402,Character,None,327101,2
3721,503402,Character,None,228001,2
3722,503402,Character,None,338001,2
3723,503402,Character,None,235001,2
3724,503402,Character,None,232101,2
3725,503402,Character,None,145001,2
3726,503402,Character,None,145101,2
3727,503402,Character,None,203301,2
3728,503402,Character,None,119201,2
3729,503403,Character,None,423001,5
3730,503403,Character,None,422001,5
3731,503403,Character,None,423201,5
3732,503403,Character,None,422201,5
3733,503403,Character,None,423101,5
3734,503403,Character,None,422101,5
3735,503403,Character,None,426001,5
3736,503403,Character,None,423301,5
3737,503403,Character,None,447001,5
3738,503404,Character,None,112001,477
3739,503404,Character,None,116101,477
3740,503404,Character,None,129101,477
3741,503404,Character,None,201001,477
3742,503404,Character,None,201101,477
3743,503404,Character,None,202001,477
3744,503404,Character,None,301201,477
3745,503404,Character,None,306001,477
3746,503404,Character,None,306101,477
3747,503405,Character,None,130201,588
3748,503405,Character,None,130301,588
3749,503405,Character,None,130701,588
3750,503405,Character,None,230001,588
3751,503405,Character,None,230101,588
3752,503405,Character,None,230601,588
3753,503405,Character,None,330401,588
3754,503405,Character,None,330501,588
3755,503405,Character,None,330801,588
3756,503501,Character,PickupCharacter,328101,200
3757,503502,Character,None,110201,2
3758,503502,Character,None,314001,2
3759,503502,Character,None,321001,2
3760,503502,Character,None,319101,2
3761,503502,Character,None,209001,2
3762,503502,Character,None,116001,2
3763,503502,Character,None,217001,2
3764,503502,Character,None,314201,2
3765,503502,Character,None,115001,2
3766,503502,Character,None,202201,2
3767,503502,Character,None,203001,2
3768,503502,Character,None,203201,2
3769,503502,Character,None,207001,2
3770,503502,Character,None,207101,2
3771,503502,Character,None,207201,2
3772,503502,Character,None,108001,2
3773,503502,Character,None,209201,2
3774,503502,Character,None,110101,2
3775,503502,Character,None,111001,2
3776,503502,Character,None,313001,2
3777,503502,Character,None,117201,2
3778,503502,Character,None,218001,2
3779,503502,Character,None,319001,2
3780,503502,Character,None,320101,2
3781,503502,Character,None,324101,2
3782,503502,Character,None,343201,2
3783,503502,Character,None,343101,2
3784,503502,Character,None,343001,2
3785,503502,Character,None,324201,2
3786,503502,Character,None,218101,2
3787,503502,Character,None,108201,2
3788,503502,Character,None,321201,2
3789,503502,Character,None,320201,2
3790,503502,Character,None,320001,2
3791,503502,Character,None,317101,2
3792,503502,Character,None,314101,2
3793,503502,Character,None,113101,2
3794,503502,Character,None,209101,2
3795,503502,Character,None,235201,2
3796,503502,Character,None,110001,2
3797,503502,Character,None,111101,2
3798,503502,Character,None,311201,2
3799,503502,Character,None,331101,2
3800,503502,Character,None,331201,2
3801,503502,Character,None,338101,2
3802,503502,Character,None,328201,2
3803,503502,Character,None,204001,2
3804,503502,Character,None,327001,2
3805,503502,Character,None,327101,2
3806,503502,Character,None,228001,2
3807,503502,Character,None,338001,2
3808,503502,Character,None,235001,2
3809,503502,Character,None,232101,2
3810,503502,Character,None,145001,2
3811,503502,Character,None,145101,2
3812,503502,Character,None,203301,2
3813,503502,Character,None,119201,2
3814,503503,Character,None,423001,5
3815,503503,Character,None,422001,5
3816,503503,Character,None,423201,5
3817,503503,Character,None,422201,5
3818,503503,Character,None,423101,5
3819,503503,Character,None,422101,5
3820,503503,Character,None,426001,5
3821,503503,Character,None,423301,5
3822,503503,Character,None,447001,5
3823,503504,Character,None,112001,477
3824,503504,Character,None,116101,477
3825,503504,Character,None,129101,477
3826,503504,Character,None,201001,477
3827,503504,Character,None,201101,477
3828,503504,Character,None,202001,477
3829,503504,Character,None,301201,477
3830,503504,Character,None,306001,477
3831,503504,Character,None,306101,477
3832,503505,Character,None,130201,588
3833,503505,Character,None,130301,588
3834,503505,Character,None,130701,588
3835,503505,Character,None,230001,588
3836,503505,Character,None,230101,588
3837,503505,Character,None,230601,588
3838,503505,Character,None,330401,588
3839,503505,Character,None,330501,588
3840,503505,Character,None,330801,588
3841,503601,Character,PickupCharacter,231301,200
3842,503602,Character,None,110201,2
3843,503602,Character,None,314001,2
3844,503602,Character,None,321001,2
3845,503602,Character,None,319101,2
3846,503602,Character,None,209001,2
3847,503602,Character,None,116001,2
3848,503602,Character,None,217001,2
3849,503602,Character,None,314201,2
3850,503602,Character,None,115001,2
3851,503602,Character,None,202201,2
3852,503602,Character,None,203001,2
3853,503602,Character,None,203201,2
3854,503602,Character,None,207001,2
3855,503602,Character,None,207101,2
3856,503602,Character,None,207201,2
3857,503602,Character,None,108001,2
3858,503602,Character,None,209201,2
3859,503602,Character,None,110101,2
3860,503602,Character,None,111001,2
3861,503602,Character,None,313001,2
3862,503602,Character,None,117201,2
3863,503602,Character,None,218001,2
3864,503602,Character,None,319001,2
3865,503602,Character,None,320101,2
3866,503602,Character,None,324101,2
3867,503602,Character,None,343201,2
3868,503602,Character,None,343101,2
3869,503602,Character,None,343001,2
3870,503602,Character,None,324201,2
3871,503602,Character,None,218101,2
3872,503602,Character,None,108201,2
3873,503602,Character,None,321201,2
3874,503602,Character,None,320201,2
3875,503602,Character,None,320001,2
3876,503602,Character,None,317101,2
3877,503602,Character,None,314101,2
3878,503602,Character,None,113101,2
3879,503602,Character,None,209101,2
3880,503602,Character,None,235201,2
3881,503602,Character,None,110001,2
3882,503602,Character,None,111101,2
3883,503602,Character,None,311201,2
3884,503602,Character,None,331101,2
3885,503602,Character,None,331201,2
3886,503602,Character,None,338101,2
3887,503602,Character,None,328201,2
3888,503602,Character,None,204001,2
3889,503602,Character,None,327001,2
3890,503602,Character,None,327101,2
3891,503602,Character,None,228001,2
3892,503602,Character,None,338001,2
3893,503602,Character,None,235001,2
3894,503602,Character,None,232101,2
3895,503602,Character,None,145001,2
3896,503602,Character,None,145101,2
3897,503602,Character,None,203301,2
3898,503602,Character,None,119201,2
3899,503602,Character,None,338201,2
3900,503603,Character,None,423001,5
3901,503603,Character,None,422001,5
3902,503603,Character,None,423201,5
3903,503603,Character,None,422201,5
3904,503603,Character,None,423101,5
3905,503603,Character,None,422101,5
3906,503603,Character,None,426001,5
3907,503603,Character,None,423301,5
3908,503603,Character,None,447001,5
3909,503603,Character,None,422501,5
3910,503604,Character,None,112001,477
3911,503604,Character,None,116101,477
3912,503604,Character,None,129101,477
3913,503604,Character,None,201001,477
3914,503604,Character,None,201101,477
3915,503604,Character,None,202001,477
3916,503604,Character,None,301201,477
3917,503604,Character,None,306001,477
3918,503604,Character,None,306101,477
3919,503605,Character,None,130201,588
3920,503605,Character,None,130301,588
3921,503605,Character,None,130701,588
3922,503605,Character,None,230001,588
3923,503605,Character,None,230101,588
3924,503605,Character,None,230601,588
3925,503605,Character,None,330401,588
3926,503605,Character,None,330501,588
3927,503605,Character,None,330801,588
3928,503701,Character,PickupCharacter,331001,200
3929,503702,Character,None,110201,2
3930,503702,Character,None,314001,2
3931,503702,Character,None,321001,2
3932,503702,Character,None,319101,2
3933,503702,Character,None,209001,2
3934,503702,Character,None,116001,2
3935,503702,Character,None,217001,2
3936,503702,Character,None,314201,2
3937,503702,Character,None,115001,2
3938,503702,Character,None,202201,2
3939,503702,Character,None,203001,2
3940,503702,Character,None,203201,2
3941,503702,Character,None,207001,2
3942,503702,Character,None,207101,2
3943,503702,Character,None,207201,2
3944,503702,Character,None,108001,2
3945,503702,Character,None,209201,2
3946,503702,Character,None,110101,2
3947,503702,Character,None,111001,2
3948,503702,Character,None,313001,2
3949,503702,Character,None,117201,2
3950,503702,Character,None,218001,2
3951,503702,Character,None,319001,2
3952,503702,Character,None,320101,2
3953,503702,Character,None,324101,2
3954,503702,Character,None,343201,2
3955,503702,Character,None,343101,2
3956,503702,Character,None,343001,2
3957,503702,Character,None,324201,2
3958,503702,Character,None,218101,2
3959,503702,Character,None,108201,2
3960,503702,Character,None,321201,2
3961,503702,Character,None,320201,2
3962,503702,Character,None,320001,2
3963,503702,Character,None,317101,2
3964,503702,Character,None,314101,2
3965,503702,Character,None,113101,2
3966,503702,Character,None,209101,2
3967,503702,Character,None,235201,2
3968,503702,Character,None,110001,2
3969,503702,Character,None,111101,2
3970,503702,Character,None,311201,2
3971,503702,Character,None,331101,2
3972,503702,Character,None,331201,2
3973,503702,Character,None,338101,2
3974,503702,Character,None,328201,2
3975,503702,Character,None,204001,2
3976,503702,Character,None,327001,2
3977,503702,Character,None,327101,2
3978,503702,Character,None,228001,2
3979,503702,Character,None,338001,2
3980,503702,Character,None,235001,2
3981,503702,Character,None,232101,2
3982,503702,Character,None,145001,2
3983,503702,Character,None,145101,2
3984,503702,Character,None,203301,2
3985,503702,Character,None,119201,2
3986,503702,Character,None,338201,2
3987,503703,Character,None,423001,5
3988,503703,Character,None,422001,5
3989,503703,Character,None,423201,5
3990,503703,Character,None,422201,5
3991,503703,Character,None,423101,5
3992,503703,Character,None,422101,5
3993,503703,Character,None,426001,5
3994,503703,Character,None,423301,5
3995,503703,Character,None,447001,5
3996,503703,Character,None,422501,5
3997,503704,Character,None,112001,477
3998,503704,Character,None,116101,477
3999,503704,Character,None,129101,477
4000,503704,Character,None,201001,477
4001,503704,Character,None,201101,477
4002,503704,Character,None,202001,477
4003,503704,Character,None,301201,477
4004,503704,Character,None,306001,477
4005,503704,Character,None,306101,477
4006,503705,Character,None,130201,588
4007,503705,Character,None,130301,588
4008,503705,Character,None,130701,588
4009,503705,Character,None,230001,588
4010,503705,Character,None,230101,588
4011,503705,Character,None,230601,588
4012,503705,Character,None,330401,588
4013,503705,Character,None,330501,588
4014,503705,Character,None,330801,588
4015,503801,Character,PickupCharacter,150001,200
4016,503802,Character,None,110201,2
4017,503802,Character,None,314001,2
4018,503802,Character,None,321001,2
4019,503802,Character,None,319101,2
4020,503802,Character,None,209001,2
4021,503802,Character,None,116001,2
4022,503802,Character,None,217001,2
4023,503802,Character,None,314201,2
4024,503802,Character,None,115001,2
4025,503802,Character,None,202201,2
4026,503802,Character,None,203001,2
4027,503802,Character,None,203201,2
4028,503802,Character,None,207001,2
4029,503802,Character,None,207101,2
4030,503802,Character,None,207201,2
4031,503802,Character,None,108001,2
4032,503802,Character,None,209201,2
4033,503802,Character,None,110101,2
4034,503802,Character,None,111001,2
4035,503802,Character,None,313001,2
4036,503802,Character,None,117201,2
4037,503802,Character,None,218001,2
4038,503802,Character,None,319001,2
4039,503802,Character,None,320101,2
4040,503802,Character,None,324101,2
4041,503802,Character,None,343201,2
4042,503802,Character,None,343101,2
4043,503802,Character,None,343001,2
4044,503802,Character,None,324201,2
4045,503802,Character,None,218101,2
4046,503802,Character,None,108201,2
4047,503802,Character,None,321201,2
4048,503802,Character,None,320201,2
4049,503802,Character,None,320001,2
4050,503802,Character,None,317101,2
4051,503802,Character,None,314101,2
4052,503802,Character,None,113101,2
4053,503802,Character,None,209101,2
4054,503802,Character,None,235201,2
4055,503802,Character,None,110001,2
4056,503802,Character,None,111101,2
4057,503802,Character,None,311201,2
4058,503802,Character,None,331101,2
4059,503802,Character,None,331201,2
4060,503802,Character,None,338101,2
4061,503802,Character,None,328201,2
4062,503802,Character,None,204001,2
4063,503802,Character,None,327001,2
4064,503802,Character,None,327101,2
4065,503802,Character,None,228001,2
4066,503802,Character,None,338001,2
4067,503802,Character,None,235001,2
4068,503802,Character,None,232101,2
4069,503802,Character,None,145001,2
4070,503802,Character,None,145101,2
4071,503802,Character,None,203301,2
4072,503802,Character,None,119201,2
4073,503802,Character,None,338201,2
4074,503803,Character,None,423001,5
4075,503803,Character,None,422001,5
4076,503803,Character,None,423201,5
4077,503803,Character,None,422201,5
4078,503803,Character,None,423101,5
4079,503803,Character,None,422101,5
4080,503803,Character,None,426001,5
4081,503803,Character,None,423301,5
4082,503803,Character,None,447001,5
4083,503803,Character,None,422501,5
4084,503804,Character,None,112001,477
4085,503804,Character,None,116101,477
4086,503804,Character,None,129101,477
4087,503804,Character,None,201001,477
4088,503804,Character,None,201101,477
4089,503804,Character,None,202001,477
4090,503804,Character,None,301201,477
4091,503804,Character,None,306001,477
4092,503804,Character,None,306101,477
4093,503805,Character,None,130201,588
4094,503805,Character,None,130301,588
4095,503805,Character,None,130701,588
4096,503805,Character,None,230001,588
4097,503805,Character,None,230101,588
4098,503805,Character,None,230601,588
4099,503805,Character,None,330401,588
4100,503805,Character,None,330501,588
4101,503805,Character,None,330801,588
4102,503901,Character,PickupCharacter,204301,200
4103,503902,Character,None,110201,2
4104,503902,Character,None,314001,2
4105,503902,Character,None,321001,2
4106,503902,Character,None,319101,2
4107,503902,Character,None,209001,2
4108,503902,Character,None,116001,2
4109,503902,Character,None,217001,2
4110,503902,Character,None,314201,2
4111,503902,Character,None,115001,2
4112,503902,Character,None,202201,2
4113,503902,Character,None,203001,2
4114,503902,Character,None,203201,2
4115,503902,Character,None,207001,2
4116,503902,Character,None,207101,2
4117,503902,Character,None,207201,2
4118,503902,Character,None,108001,2
4119,503902,Character,None,209201,2
4120,503902,Character,None,110101,2
4121,503902,Character,None,111001,2
4122,503902,Character,None,313001,2
4123,503902,Character,None,117201,2
4124,503902,Character,None,218001,2
4125,503902,Character,None,319001,2
4126,503902,Character,None,320101,2
4127,503902,Character,None,324101,2
4128,503902,Character,None,343201,2
4129,503902,Character,None,343101,2
4130,503902,Character,None,343001,2
4131,503902,Character,None,324201,2
4132,503902,Character,None,218101,2
4133,503902,Character,None,108201,2
4134,503902,Character,None,321201,2
4135,503902,Character,None,320201,2
4136,503902,Character,None,320001,2
4137,503902,Character,None,317101,2
4138,503902,Character,None,314101,2
4139,503902,Character,None,113101,2
4140,503902,Character,None,209101,2
4141,503902,Character,None,235201,2
4142,503902,Character,None,110001,2
4143,503902,Character,None,111101,2
4144,503902,Character,None,311201,2
4145,503902,Character,None,331101,2
4146,503902,Character,None,331201,2
4147,503902,Character,None,338101,2
4148,503902,Character,None,328201,2
4149,503902,Character,None,204001,2
4150,503902,Character,None,327001,2
4151,503902,Character,None,327101,2
4152,503902,Character,None,228001,2
4153,503902,Character,None,338001,2
4154,503902,Character,None,235001,2
4155,503902,Character,None,232101,2
4156,503902,Character,None,145001,2
4157,503902,Character,None,145101,2
4158,503902,Character,None,203301,2
4159,503902,Character,None,119201,2
4160,503902,Character,None,338201,2
4161,503902,Character,None,328101,2
4162,503902,Character,None,231301,2
4163,503902,Character,None,331001,2
4164,503902,Character,None,150001,2
4165,503903,Character,None,423001,5
4166,503903,Character,None,422001,5
4167,503903,Character,None,423201,5
4168,503903,Character,None,422201,5
4169,503903,Character,None,423101,5
4170,503903,Character,None,422101,5
4171,503903,Character,None,426001,5
4172,503903,Character,None,423301,5
4173,503903,Character,None,447001,5
4174,503903,Character,None,422501,5
4175,503904,Character,None,112001,477
4176,503904,Character,None,116101,477
4177,503904,Character,None,129101,477
4178,503904,Character,None,201001,477
4179,503904,Character,None,201101,477
4180,503904,Character,None,202001,477
4181,503904,Character,None,301201,477
4182,503904,Character,None,306001,477
4183,503904,Character,None,306101,477
4184,503905,Character,None,130201,588
4185,503905,Character,None,130301,588
4186,503905,Character,None,130701,588
4187,503905,Character,None,230001,588
4188,503905,Character,None,230101,588
4189,503905,Character,None,230601,588
4190,503905,Character,None,330401,588
4191,503905,Character,None,330501,588
4192,503905,Character,None,330801,588
4193,504001,Character,PickupCharacter,582101,200
4194,504002,Character,None,110201,2
4195,504002,Character,None,314001,2
4196,504002,Character,None,321001,2
4197,504002,Character,None,319101,2
4198,504002,Character,None,209001,2
4199,504002,Character,None,116001,2
4200,504002,Character,None,217001,2
4201,504002,Character,None,314201,2
4202,504002,Character,None,115001,2
4203,504002,Character,None,202201,2
4204,504002,Character,None,203001,2
4205,504002,Character,None,203201,2
4206,504002,Character,None,207001,2
4207,504002,Character,None,207101,2
4208,504002,Character,None,207201,2
4209,504002,Character,None,108001,2
4210,504002,Character,None,209201,2
4211,504002,Character,None,110101,2
4212,504002,Character,None,111001,2
4213,504002,Character,None,313001,2
4214,504002,Character,None,117201,2
4215,504002,Character,None,218001,2
4216,504002,Character,None,319001,2
4217,504002,Character,None,320101,2
4218,504002,Character,None,324101,2
4219,504002,Character,None,343201,2
4220,504002,Character,None,343101,2
4221,504002,Character,None,343001,2
4222,504002,Character,None,324201,2
4223,504002,Character,None,218101,2
4224,504002,Character,None,108201,2
4225,504002,Character,None,321201,2
4226,504002,Character,None,320201,2
4227,504002,Character,None,320001,2
4228,504002,Character,None,317101,2
4229,504002,Character,None,314101,2
4230,504002,Character,None,113101,2
4231,504002,Character,None,209101,2
4232,504002,Character,None,235201,2
4233,504002,Character,None,110001,2
4234,504002,Character,None,111101,2
4235,504002,Character,None,311201,2
4236,504002,Character,None,331101,2
4237,504002,Character,None,331201,2
4238,504002,Character,None,338101,2
4239,504002,Character,None,328201,2
4240,504002,Character,None,204001,2
4241,504002,Character,None,327001,2
4242,504002,Character,None,327101,2
4243,504002,Character,None,228001,2
4244,504002,Character,None,338001,2
4245,504002,Character,None,235001,2
4246,504002,Character,None,232101,2
4247,504002,Character,None,145001,2
4248,504002,Character,None,145101,2
4249,504002,Character,None,203301,2
4250,504002,Character,None,119201,2
4251,504002,Character,None,338201,2
4252,504002,Character,None,328101,2
4253,504002,Character,None,231301,2
4254,504002,Character,None,331001,2
4255,504002,Character,None,150001,2
4256,504002,Character,None,204301,2
4257,504003,Character,None,423001,5
4258,504003,Character,None,422001,5
4259,504003,Character,None,423201,5
4260,504003,Character,None,422201,5
4261,504003,Character,None,423101,5
4262,504003,Character,None,422101,5
4263,504003,Character,None,426001,5
4264,504003,Character,None,423301,5
4265,504003,Character,None,447001,5
4266,504003,Character,None,422501,5
4267,504004,Character,None,112001,477
4268,504004,Character,None,116101,477
4269,504004,Character,None,129101,477
4270,504004,Character,None,201001,477
4271,504004,Character,None,201101,477
4272,504004,Character,None,202001,477
4273,504004,Character,None,301201,477
4274,504004,Character,None,306001,477
4275,504004,Character,None,306101,477
4276,504005,Character,None,130201,588
4277,504005,Character,None,130301,588
4278,504005,Character,None,130701,588
4279,504005,Character,None,230001,588
4280,504005,Character,None,230101,588
4281,504005,Character,None,230601,588
4282,504005,Character,None,330401,588
4283,504005,Character,None,330501,588
4284,504005,Character,None,330801,588
4285,504101,Character,PickupCharacter,582001,200
4286,504102,Character,None,110201,2
4287,504102,Character,None,314001,2
4288,504102,Character,None,321001,2
4289,504102,Character,None,319101,2
4290,504102,Character,None,209001,2
4291,504102,Character,None,116001,2
4292,504102,Character,None,217001,2
4293,504102,Character,None,314201,2
4294,504102,Character,None,115001,2
4295,504102,Character,None,202201,2
4296,504102,Character,None,203001,2
4297,504102,Character,None,203201,2
4298,504102,Character,None,207001,2
4299,504102,Character,None,207101,2
4300,504102,Character,None,207201,2
4301,504102,Character,None,108001,2
4302,504102,Character,None,209201,2
4303,504102,Character,None,110101,2
4304,504102,Character,None,111001,2
4305,504102,Character,None,313001,2
4306,504102,Character,None,117201,2
4307,504102,Character,None,218001,2
4308,504102,Character,None,319001,2
4309,504102,Character,None,320101,2
4310,504102,Character,None,324101,2
4311,504102,Character,None,343201,2
4312,504102,Character,None,343101,2
4313,504102,Character,None,343001,2
4314,504102,Character,None,324201,2
4315,504102,Character,None,218101,2
4316,504102,Character,None,108201,2
4317,504102,Character,None,321201,2
4318,504102,Character,None,320201,2
4319,504102,Character,None,320001,2
4320,504102,Character,None,317101,2
4321,504102,Character,None,314101,2
4322,504102,Character,None,113101,2
4323,504102,Character,None,209101,2
4324,504102,Character,None,235201,2
4325,504102,Character,None,110001,2
4326,504102,Character,None,111101,2
4327,504102,Character,None,311201,2
4328,504102,Character,None,331101,2
4329,504102,Character,None,331201,2
4330,504102,Character,None,338101,2
4331,504102,Character,None,328201,2
4332,504102,Character,None,204001,2
4333,504102,Character,None,327001,2
4334,504102,Character,None,327101,2
4335,504102,Character,None,228001,2
4336,504102,Character,None,338001,2
4337,504102,Character,None,235001,2
4338,504102,Character,None,232101,2
4339,504102,Character,None,145001,2
4340,504102,Character,None,145101,2
4341,504102,Character,None,203301,2
4342,504102,Character,None,119201,2
4343,504102,Character,None,338201,2
4344,504102,Character,None,328101,2
4345,504102,Character,None,231301,2
4346,504102,Character,None,331001,2
4347,504102,Character,None,150001,2
4348,504102,Character,None,204301,2
4349,504103,Character,None,423001,5
4350,504103,Character,None,422001,5
4351,504103,Character,None,423201,5
4352,504103,Character,None,422201,5
4353,504103,Character,None,423101,5
4354,504103,Character,None,422101,5
4355,504103,Character,None,426001,5
4356,504103,Character,None,423301,5
4357,504103,Character,None,447001,5
4358,504103,Character,None,422501,5
4359,504104,Character,None,112001,477
4360,504104,Character,None,116101,477
4361,504104,Character,None,129101,477
4362,504104,Character,None,201001,477
4363,504104,Character,None,201101,477
4364,504104,Character,None,202001,477
4365,504104,Character,None,301201,477
4366,504104,Character,None,306001,477
4367,504104,Character,None,306101,477
4368,504105,Character,None,130201,588
4369,504105,Character,None,130301,588
4370,504105,Character,None,130701,588
4371,504105,Character,None,230001,588
4372,504105,Character,None,230101,588
4373,504105,Character,None,230601,588
4374,504105,Character,None,330401,588
4375,504105,Character,None,330501,588
4376,504105,Character,None,330801,588
4377,504201,Character,PickupCharacter,355001,200
4378,504202,Character,None,110201,2
4379,504202,Character,None,314001,2
4380,504202,Character,None,321001,2
4381,504202,Character,None,319101,2
4382,504202,Character,None,209001,2
4383,504202,Character,None,116001,2
4384,504202,Character,None,217001,2
4385,504202,Character,None,314201,2
4386,504202,Character,None,115001,2
4387,504202,Character,None,202201,2
4388,504202,Character,None,203001,2
4389,504202,Character,None,203201,2
4390,504202,Character,None,207001,2
4391,504202,Character,None,207101,2
4392,504202,Character,None,207201,2
4393,504202,Character,None,108001,2
4394,504202,Character,None,209201,2
4395,504202,Character,None,110101,2
4396,504202,Character,None,111001,2
4397,504202,Character,None,313001,2
4398,504202,Character,None,117201,2
4399,504202,Character,None,218001,2
4400,504202,Character,None,319001,2
4401,504202,Character,None,320101,2
4402,504202,Character,None,324101,2
4403,504202,Character,None,343201,2
4404,504202,Character,None,343101,2
4405,504202,Character,None,343001,2
4406,504202,Character,None,324201,2
4407,504202,Character,None,218101,2
4408,504202,Character,None,108201,2
4409,504202,Character,None,321201,2
4410,504202,Character,None,320201,2
4411,504202,Character,None,320001,2
4412,504202,Character,None,317101,2
4413,504202,Character,None,314101,2
4414,504202,Character,None,113101,2
4415,504202,Character,None,209101,2
4416,504202,Character,None,235201,2
4417,504202,Character,None,110001,2
4418,504202,Character,None,111101,2
4419,504202,Character,None,311201,2
4420,504202,Character,None,331101,2
4421,504202,Character,None,331201,2
4422,504202,Character,None,338101,2
4423,504202,Character,None,328201,2
4424,504202,Character,None,204001,2
4425,504202,Character,None,327001,2
4426,504202,Character,None,327101,2
4427,504202,Character,None,228001,2
4428,504202,Character,None,338001,2
4429,504202,Character,None,235001,2
4430,504202,Character,None,232101,2
4431,504202,Character,None,145001,2
4432,504202,Character,None,145101,2
4433,504202,Character,None,203301,2
4434,504202,Character,None,119201,2
4435,504202,Character,None,338201,2
4436,504202,Character,None,328101,2
4437,504202,Character,None,231301,2
4438,504202,Character,None,331001,2
4439,504202,Character,None,150001,2
4440,504202,Character,None,204301,2
4441,504203,Character,None,423001,5
4442,504203,Character,None,422001,5
4443,504203,Character,None,423201,5
4444,504203,Character,None,422201,5
4445,504203,Character,None,423101,5
4446,504203,Character,None,422101,5
4447,504203,Character,None,426001,5
4448,504203,Character,None,423301,5
4449,504203,Character,None,447001,5
4450,504203,Character,None,422501,5
4451,504204,Character,None,112001,477
4452,504204,Character,None,116101,477
4453,504204,Character,None,129101,477
4454,504204,Character,None,201001,477
4455,504204,Character,None,201101,477
4456,504204,Character,None,202001,477
4457,504204,Character,None,301201,477
4458,504204,Character,None,306001,477
4459,504204,Character,None,306101,477
4460,504205,Character,None,130201,588
4461,504205,Character,None,130301,588
4462,504205,Character,None,130701,588
4463,504205,Character,None,230001,588
4464,504205,Character,None,230101,588
4465,504205,Character,None,230601,588
4466,504205,Character,None,330401,588
4467,504205,Character,None,330501,588
4468,504205,Character,None,330801,588
4469,504301,Character,PickupCharacter,433001,100
4470,504302,Character,None,110201,3
4471,504302,Character,None,314001,3
4472,504302,Character,None,321001,3
4473,504302,Character,None,319101,3
4474,504302,Character,None,209001,3
4475,504302,Character,None,116001,3
4476,504302,Character,None,217001,3
4477,504302,Character,None,314201,3
4478,504302,Character,None,115001,3
4479,504302,Character,None,202201,3
4480,504302,Character,None,203001,3
4481,504302,Character,None,203201,3
4482,504302,Character,None,207001,3
4483,504302,Character,None,207101,3
4484,504302,Character,None,207201,3
4485,504302,Character,None,108001,3
4486,504302,Character,None,209201,3
4487,504302,Character,None,110101,3
4488,504302,Character,None,111001,3
4489,504302,Character,None,313001,3
4490,504302,Character,None,117201,3
4491,504302,Character,None,218001,3
4492,504302,Character,None,319001,3
4493,504302,Character,None,320101,3
4494,504302,Character,None,324101,3
4495,504302,Character,None,343201,3
4496,504302,Character,None,343101,3
4497,504302,Character,None,343001,3
4498,504302,Character,None,324201,3
4499,504302,Character,None,218101,3
4500,504302,Character,None,108201,3
4501,504302,Character,None,321201,3
4502,504302,Character,None,320201,3
4503,504302,Character,None,320001,3
4504,504302,Character,None,317101,3
4505,504302,Character,None,314101,3
4506,504302,Character,None,113101,3
4507,504302,Character,None,209101,3
4508,504302,Character,None,235201,3
4509,504302,Character,None,110001,3
4510,504302,Character,None,111101,3
4511,504302,Character,None,311201,3
4512,504302,Character,None,331101,3
4513,504302,Character,None,331201,3
4514,504302,Character,None,338101,3
4515,504302,Character,None,328201,3
4516,504302,Character,None,204001,3
4517,504302,Character,None,327001,3
4518,504302,Character,None,327101,3
4519,504302,Character,None,228001,3
4520,504302,Character,None,338001,3
4521,504302,Character,None,235001,3
4522,504302,Character,None,232101,3
4523,504302,Character,None,145001,3
4524,504302,Character,None,145101,3
4525,504302,Character,None,203301,3
4526,504302,Character,None,119201,3
4527,504302,Character,None,338201,3
4528,504302,Character,None,328101,3
4529,504302,Character,None,231301,3
4530,504302,Character,None,331001,3
4531,504302,Character,None,150001,3
4532,504302,Character,None,204301,3
4533,504302,Character,None,355001,3
4534,504303,Character,None,423001,5
4535,504303,Character,None,422001,5
4536,504303,Character,None,423201,5
4537,504303,Character,None,422201,5
4538,504303,Character,None,423101,5
4539,504303,Character,None,422101,5
4540,504303,Character,None,426001,5
4541,504303,Character,None,423301,5
4542,504303,Character,None,447001,5
4543,504303,Character,None,422501,5
4544,504304,Character,None,112001,477
4545,504304,Character,None,116101,477
4546,504304,Character,None,129101,477
4547,504304,Character,None,201001,477
4548,504304,Character,None,201101,477
4549,504304,Character,None,202001,477
4550,504304,Character,None,301201,477
4551,504304,Character,None,306001,477
4552,504304,Character,None,306101,477
4553,504305,Character,None,130201,588
4554,504305,Character,None,130301,588
4555,504305,Character,None,130701,588
4556,504305,Character,None,230001,588
4557,504305,Character,None,230101,588
4558,504305,Character,None,230601,588
4559,504305,Character,None,330401,588
4560,504305,Character,None,330501,588
4561,504305,Character,None,330801,588
4562,504401,Character,PickupCharacter,150101,200
4563,504402,Character,None,110201,2
4564,504402,Character,None,314001,2
4565,504402,Character,None,321001,2
4566,504402,Character,None,319101,2
4567,504402,Character,None,209001,2
4568,504402,Character,None,116001,2
4569,504402,Character,None,217001,2
4570,504402,Character,None,314201,2
4571,504402,Character,None,115001,2
4572,504402,Character,None,202201,2
4573,504402,Character,None,203001,2
4574,504402,Character,None,203201,2
4575,504402,Character,None,207001,2
4576,504402,Character,None,207101,2
4577,504402,Character,None,207201,2
4578,504402,Character,None,108001,2
4579,504402,Character,None,209201,2
4580,504402,Character,None,110101,2
4581,504402,Character,None,111001,2
4582,504402,Character,None,313001,2
4583,504402,Character,None,117201,2
4584,504402,Character,None,218001,2
4585,504402,Character,None,319001,2
4586,504402,Character,None,320101,2
4587,504402,Character,None,324101,2
4588,504402,Character,None,343201,2
4589,504402,Character,None,343101,2
4590,504402,Character,None,343001,2
4591,504402,Character,None,324201,2
4592,504402,Character,None,218101,2
4593,504402,Character,None,108201,2
4594,504402,Character,None,321201,2
4595,504402,Character,None,320201,2
4596,504402,Character,None,320001,2
4597,504402,Character,None,317101,2
4598,504402,Character,None,314101,2
4599,504402,Character,None,113101,2
4600,504402,Character,None,209101,2
4601,504402,Character,None,235201,2
4602,504402,Character,None,110001,2
4603,504402,Character,None,111101,2
4604,504402,Character,None,311201,2
4605,504402,Character,None,331101,2
4606,504402,Character,None,331201,2
4607,504402,Character,None,338101,2
4608,504402,Character,None,328201,2
4609,504402,Character,None,204001,2
4610,504402,Character,None,327001,2
4611,504402,Character,None,327101,2
4612,504402,Character,None,228001,2
4613,504402,Character,None,338001,2
4614,504402,Character,None,235001,2
4615,504402,Character,None,232101,2
4616,504402,Character,None,145001,2
4617,504402,Character,None,145101,2
4618,504402,Character,None,203301,2
4619,504402,Character,None,119201,2
4620,504402,Character,None,338201,2
4621,504402,Character,None,328101,2
4622,504402,Character,None,231301,2
4623,504402,Character,None,331001,2
4624,504402,Character,None,150001,2
4625,504402,Character,None,204301,2
4626,504402,Character,None,355001,2
4627,504403,Character,None,423001,5
4628,504403,Character,None,422001,5
4629,504403,Character,None,423201,5
4630,504403,Character,None,422201,5
4631,504403,Character,None,423101,5
4632,504403,Character,None,422101,5
4633,504403,Character,None,426001,5
4634,504403,Character,None,423301,5
4635,504403,Character,None,447001,5
4636,504403,Character,None,422501,5
4637,504404,Character,None,112001,477
4638,504404,Character,None,116101,477
4639,504404,Character,None,129101,477
4640,504404,Character,None,201001,477
4641,504404,Character,None,201101,477
4642,504404,Character,None,202001,477
4643,504404,Character,None,301201,477
4644,504404,Character,None,306001,477
4645,504404,Character,None,306101,477
4646,504405,Character,None,130201,588
4647,504405,Character,None,130301,588
4648,504405,Character,None,130701,588
4649,504405,Character,None,230001,588
4650,504405,Character,None,230101,588
4651,504405,Character,None,230601,588
4652,504405,Character,None,330401,588
4653,504405,Character,None,330501,588
4654,504405,Character,None,330801,588
4655,504501,Character,PickupCharacter,331401,200
4656,504502,Character,None,110201,2
4657,504502,Character,None,314001,2
4658,504502,Character,None,321001,2
4659,504502,Character,None,319101,2
4660,504502,Character,None,209001,2
4661,504502,Character,None,116001,2
4662,504502,Character,None,217001,2
4663,504502,Character,None,314201,2
4664,504502,Character,None,115001,2
4665,504502,Character,None,202201,2
4666,504502,Character,None,203001,2
4667,504502,Character,None,203201,2
4668,504502,Character,None,207001,2
4669,504502,Character,None,207101,2
4670,504502,Character,None,207201,2
4671,504502,Character,None,108001,2
4672,504502,Character,None,209201,2
4673,504502,Character,None,110101,2
4674,504502,Character,None,111001,2
4675,504502,Character,None,313001,2
4676,504502,Character,None,117201,2
4677,504502,Character,None,218001,2
4678,504502,Character,None,319001,2
4679,504502,Character,None,320101,2
4680,504502,Character,None,324101,2
4681,504502,Character,None,343201,2
4682,504502,Character,None,343101,2
4683,504502,Character,None,343001,2
4684,504502,Character,None,324201,2
4685,504502,Character,None,218101,2
4686,504502,Character,None,108201,2
4687,504502,Character,None,321201,2
4688,504502,Character,None,320201,2
4689,504502,Character,None,320001,2
4690,504502,Character,None,317101,2
4691,504502,Character,None,314101,2
4692,504502,Character,None,113101,2
4693,504502,Character,None,209101,2
4694,504502,Character,None,235201,2
4695,504502,Character,None,110001,2
4696,504502,Character,None,111101,2
4697,504502,Character,None,311201,2
4698,504502,Character,None,331101,2
4699,504502,Character,None,331201,2
4700,504502,Character,None,338101,2
4701,504502,Character,None,328201,2
4702,504502,Character,None,204001,2
4703,504502,Character,None,327001,2
4704,504502,Character,None,327101,2
4705,504502,Character,None,228001,2
4706,504502,Character,None,338001,2
4707,504502,Character,None,235001,2
4708,504502,Character,None,232101,2
4709,504502,Character,None,145001,2
4710,504502,Character,None,145101,2
4711,504502,Character,None,203301,2
4712,504502,Character,None,119201,2
4713,504502,Character,None,338201,2
4714,504502,Character,None,328101,2
4715,504502,Character,None,231301,2
4716,504502,Character,None,331001,2
4717,504502,Character,None,150001,2
4718,504502,Character,None,204301,2
4719,504502,Character,None,355001,2
4720,504502,Character,None,150101,2
4721,504503,Character,None,423001,4
4722,504503,Character,None,422001,4
4723,504503,Character,None,423201,4
4724,504503,Character,None,422201,4
4725,504503,Character,None,423101,4
4726,504503,Character,None,422101,4
4727,504503,Character,None,426001,4
4728,504503,Character,None,423301,4
4729,504503,Character,None,447001,4
4730,504503,Character,None,422501,4
4731,504503,Character,None,433001,4
4732,504504,Character,None,112001,477
4733,504504,Character,None,116101,477
4734,504504,Character,None,129101,477
4735,504504,Character,None,201001,477
4736,504504,Character,None,201101,477
4737,504504,Character,None,202001,477
4738,504504,Character,None,301201,477
4739,504504,Character,None,306001,477
4740,504504,Character,None,306101,477
4741,504505,Character,None,130201,588
4742,504505,Character,None,130301,588
4743,504505,Character,None,130701,588
4744,504505,Character,None,230001,588
4745,504505,Character,None,230101,588
4746,504505,Character,None,230601,588
4747,504505,Character,None,330401,588
4748,504505,Character,None,330501,588
4749,504505,Character,None,330801,588
4750,504601,Character,PickupCharacter,319501,200
4751,504602,Character,None,110201,2
4752,504602,Character,None,314001,2
4753,504602,Character,None,321001,2
4754,504602,Character,None,319101,2
4755,504602,Character,None,209001,2
4756,504602,Character,None,116001,2
4757,504602,Character,None,217001,2
4758,504602,Character,None,314201,2
4759,504602,Character,None,115001,2
4760,504602,Character,None,202201,2
4761,504602,Character,None,203001,2
4762,504602,Character,None,203201,2
4763,504602,Character,None,207001,2
4764,504602,Character,None,207101,2
4765,504602,Character,None,207201,2
4766,504602,Character,None,108001,2
4767,504602,Character,None,209201,2
4768,504602,Character,None,110101,2
4769,504602,Character,None,111001,2
4770,504602,Character,None,313001,2
4771,504602,Character,None,117201,2
4772,504602,Character,None,218001,2
4773,504602,Character,None,319001,2
4774,504602,Character,None,320101,2
4775,504602,Character,None,324101,2
4776,504602,Character,None,343201,2
4777,504602,Character,None,343101,2
4778,504602,Character,None,343001,2
4779,504602,Character,None,324201,2
4780,504602,Character,None,218101,2
4781,504602,Character,None,108201,2
4782,504602,Character,None,321201,2
4783,504602,Character,None,320201,2
4784,504602,Character,None,320001,2
4785,504602,Character,None,317101,2
4786,504602,Character,None,314101,2
4787,504602,Character,None,113101,2
4788,504602,Character,None,209101,2
4789,504602,Character,None,235201,2
4790,504602,Character,None,110001,2
4791,504602,Character,None,111101,2
4792,504602,Character,None,311201,2
4793,504602,Character,None,331101,2
4794,504602,Character,None,331201,2
4795,504602,Character,None,338101,2
4796,504602,Character,None,328201,2
4797,504602,Character,None,204001,2
4798,504602,Character,None,327001,2
4799,504602,Character,None,327101,2
4800,504602,Character,None,228001,2
4801,504602,Character,None,338001,2
4802,504602,Character,None,235001,2
4803,504602,Character,None,232101,2
4804,504602,Character,None,145001,2
4805,504602,Character,None,145101,2
4806,504602,Character,None,203301,2
4807,504602,Character,None,119201,2
4808,504602,Character,None,338201,2
4809,504602,Character,None,328101,2
4810,504602,Character,None,231301,2
4811,504602,Character,None,331001,2
4812,504602,Character,None,150001,2
4813,504602,Character,None,204301,2
4814,504602,Character,None,355001,2
4815,504602,Character,None,150101,2
4816,504603,Character,None,423001,4
4817,504603,Character,None,422001,4
4818,504603,Character,None,423201,4
4819,504603,Character,None,422201,4
4820,504603,Character,None,423101,4
4821,504603,Character,None,422101,4
4822,504603,Character,None,426001,4
4823,504603,Character,None,423301,4
4824,504603,Character,None,447001,4
4825,504603,Character,None,422501,4
4826,504603,Character,None,433001,4
4827,504604,Character,None,112001,477
4828,504604,Character,None,116101,477
4829,504604,Character,None,129101,477
4830,504604,Character,None,201001,477
4831,504604,Character,None,201101,477
4832,504604,Character,None,202001,477
4833,504604,Character,None,301201,477
4834,504604,Character,None,306001,477
4835,504604,Character,None,306101,477
4836,504605,Character,None,130201,588
4837,504605,Character,None,130301,588
4838,504605,Character,None,130701,588
4839,504605,Character,None,230001,588
4840,504605,Character,None,230101,588
4841,504605,Character,None,230601,588
4842,504605,Character,None,330401,588
4843,504605,Character,None,330501,588
4844,504605,Character,None,330801,588
4845,504701,Character,PickupCharacter,355101,200
4846,504702,Character,None,110201,2
4847,504702,Character,None,314001,2
4848,504702,Character,None,321001,2
4849,504702,Character,None,319101,2
4850,504702,Character,None,209001,2
4851,504702,Character,None,116001,2
4852,504702,Character,None,217001,2
4853,504702,Character,None,314201,2
4854,504702,Character,None,115001,2
4855,504702,Character,None,202201,2
4856,504702,Character,None,203001,2
4857,504702,Character,None,203201,2
4858,504702,Character,None,207001,2
4859,504702,Character,None,207101,2
4860,504702,Character,None,207201,2
4861,504702,Character,None,108001,2
4862,504702,Character,None,209201,2
4863,504702,Character,None,110101,2
4864,504702,Character,None,111001,2
4865,504702,Character,None,313001,2
4866,504702,Character,None,117201,2
4867,504702,Character,None,218001,2
4868,504702,Character,None,319001,2
4869,504702,Character,None,320101,2
4870,504702,Character,None,324101,2
4871,504702,Character,None,343201,2
4872,504702,Character,None,343101,2
4873,504702,Character,None,343001,2
4874,504702,Character,None,324201,2
4875,504702,Character,None,218101,2
4876,504702,Character,None,108201,2
4877,504702,Character,None,321201,2
4878,504702,Character,None,320201,2
4879,504702,Character,None,320001,2
4880,504702,Character,None,317101,2
4881,504702,Character,None,314101,2
4882,504702,Character,None,113101,2
4883,504702,Character,None,209101,2
4884,504702,Character,None,235201,2
4885,504702,Character,None,110001,2
4886,504702,Character,None,111101,2
4887,504702,Character,None,311201,2
4888,504702,Character,None,331101,2
4889,504702,Character,None,331201,2
4890,504702,Character,None,338101,2
4891,504702,Character,None,328201,2
4892,504702,Character,None,204001,2
4893,504702,Character,None,327001,2
4894,504702,Character,None,327101,2
4895,504702,Character,None,228001,2
4896,504702,Character,None,338001,2
4897,504702,Character,None,235001,2
4898,504702,Character,None,232101,2
4899,504702,Character,None,145001,2
4900,504702,Character,None,145101,2
4901,504702,Character,None,203301,2
4902,504702,Character,None,119201,2
4903,504702,Character,None,338201,2
4904,504702,Character,None,328101,2
4905,504702,Character,None,231301,2
4906,504702,Character,None,331001,2
4907,504702,Character,None,150001,2
4908,504702,Character,None,204301,2
4909,504702,Character,None,355001,2
4910,504702,Character,None,150101,2
4911,504703,Character,None,423001,4
4912,504703,Character,None,422001,4
4913,504703,Character,None,423201,4
4914,504703,Character,None,422201,4
4915,504703,Character,None,423101,4
4916,504703,Character,None,422101,4
4917,504703,Character,None,426001,4
4918,504703,Character,None,423301,4
4919,504703,Character,None,447001,4
4920,504703,Character,None,422501,4
4921,504703,Character,None,433001,4
4922,504704,Character,None,112001,477
4923,504704,Character,None,116101,477
4924,504704,Character,None,129101,477
4925,504704,Character,None,201001,477
4926,504704,Character,None,201101,477
4927,504704,Character,None,202001,477
4928,504704,Character,None,301201,477
4929,504704,Character,None,306001,477
4930,504704,Character,None,306101,477
4931,504705,Character,None,130201,588
4932,504705,Character,None,130301,588
4933,504705,Character,None,130701,588
4934,504705,Character,None,230001,588
4935,504705,Character,None,230101,588
4936,504705,Character,None,230601,588
4937,504705,Character,None,330401,588
4938,504705,Character,None,330501,588
4939,504705,Character,None,330801,588
4940,504801,Character,PickupCharacter,313201,200
4941,504802,Character,None,110201,2
4942,504802,Character,None,314001,2
4943,504802,Character,None,321001,2
4944,504802,Character,None,319101,2
4945,504802,Character,None,209001,2
4946,504802,Character,None,116001,2
4947,504802,Character,None,217001,2
4948,504802,Character,None,314201,2
4949,504802,Character,None,115001,2
4950,504802,Character,None,202201,2
4951,504802,Character,None,203001,2
4952,504802,Character,None,203201,2
4953,504802,Character,None,207001,2
4954,504802,Character,None,207101,2
4955,504802,Character,None,207201,2
4956,504802,Character,None,108001,2
4957,504802,Character,None,209201,2
4958,504802,Character,None,110101,2
4959,504802,Character,None,111001,2
4960,504802,Character,None,313001,2
4961,504802,Character,None,117201,2
4962,504802,Character,None,218001,2
4963,504802,Character,None,319001,2
4964,504802,Character,None,320101,2
4965,504802,Character,None,324101,2
4966,504802,Character,None,343201,2
4967,504802,Character,None,343101,2
4968,504802,Character,None,343001,2
4969,504802,Character,None,324201,2
4970,504802,Character,None,218101,2
4971,504802,Character,None,108201,2
4972,504802,Character,None,321201,2
4973,504802,Character,None,320201,2
4974,504802,Character,None,320001,2
4975,504802,Character,None,317101,2
4976,504802,Character,None,314101,2
4977,504802,Character,None,113101,2
4978,504802,Character,None,209101,2
4979,504802,Character,None,235201,2
4980,504802,Character,None,110001,2
4981,504802,Character,None,111101,2
4982,504802,Character,None,311201,2
4983,504802,Character,None,331101,2
4984,504802,Character,None,331201,2
4985,504802,Character,None,338101,2
4986,504802,Character,None,328201,2
4987,504802,Character,None,204001,2
4988,504802,Character,None,327001,2
4989,504802,Character,None,327101,2
4990,504802,Character,None,228001,2
4991,504802,Character,None,338001,2
4992,504802,Character,None,235001,2
4993,504802,Character,None,232101,2
4994,504802,Character,None,145001,2
4995,504802,Character,None,145101,2
4996,504802,Character,None,203301,2
4997,504802,Character,None,119201,2
4998,504802,Character,None,338201,2
4999,504802,Character,None,328101,2
5000,504802,Character,None,231301,2
5001,504802,Character,None,331001,2
5002,504802,Character,None,150001,2
5003,504802,Character,None,204301,2
5004,504802,Character,None,355001,2
5005,504802,Character,None,150101,2
5006,504802,Character,None,331401,2
5007,504802,Character,None,319501,2
5008,504802,Character,None,355101,2
5009,504803,Character,None,423001,4
5010,504803,Character,None,422001,4
5011,504803,Character,None,423201,4
5012,504803,Character,None,422201,4
5013,504803,Character,None,423101,4
5014,504803,Character,None,422101,4
5015,504803,Character,None,426001,4
5016,504803,Character,None,423301,4
5017,504803,Character,None,447001,4
5018,504803,Character,None,422501,4
5019,504803,Character,None,433001,4
5020,504804,Character,None,112001,477
5021,504804,Character,None,116101,477
5022,504804,Character,None,129101,477
5023,504804,Character,None,201001,477
5024,504804,Character,None,201101,477
5025,504804,Character,None,202001,477
5026,504804,Character,None,301201,477
5027,504804,Character,None,306001,477
5028,504804,Character,None,306101,477
5029,504805,Character,None,130201,588
5030,504805,Character,None,130301,588
5031,504805,Character,None,130701,588
5032,504805,Character,None,230001,588
5033,504805,Character,None,230101,588
5034,504805,Character,None,230601,588
5035,504805,Character,None,330401,588
5036,504805,Character,None,330501,588
5037,504805,Character,None,330801,588
5038,504901,Character,PickupCharacter,201401,200
5039,504902,Character,None,110201,2
5040,504902,Character,None,314001,2
5041,504902,Character,None,321001,2
5042,504902,Character,None,319101,2
5043,504902,Character,None,209001,2
5044,504902,Character,None,116001,2
5045,504902,Character,None,217001,2
5046,504902,Character,None,314201,2
5047,504902,Character,None,115001,2
5048,504902,Character,None,202201,2
5049,504902,Character,None,203001,2
5050,504902,Character,None,203201,2
5051,504902,Character,None,207001,2
5052,504902,Character,None,207101,2
5053,504902,Character,None,207201,2
5054,504902,Character,None,108001,2
5055,504902,Character,None,209201,2
5056,504902,Character,None,110101,2
5057,504902,Character,None,111001,2
5058,504902,Character,None,313001,2
5059,504902,Character,None,117201,2
5060,504902,Character,None,218001,2
5061,504902,Character,None,319001,2
5062,504902,Character,None,320101,2
5063,504902,Character,None,324101,2
5064,504902,Character,None,343201,2
5065,504902,Character,None,343101,2
5066,504902,Character,None,343001,2
5067,504902,Character,None,324201,2
5068,504902,Character,None,218101,2
5069,504902,Character,None,108201,2
5070,504902,Character,None,321201,2
5071,504902,Character,None,320201,2
5072,504902,Character,None,320001,2
5073,504902,Character,None,317101,2
5074,504902,Character,None,314101,2
5075,504902,Character,None,113101,2
5076,504902,Character,None,209101,2
5077,504902,Character,None,235201,2
5078,504902,Character,None,110001,2
5079,504902,Character,None,111101,2
5080,504902,Character,None,311201,2
5081,504902,Character,None,331101,2
5082,504902,Character,None,331201,2
5083,504902,Character,None,338101,2
5084,504902,Character,None,328201,2
5085,504902,Character,None,204001,2
5086,504902,Character,None,327001,2
5087,504902,Character,None,327101,2
5088,504902,Character,None,228001,2
5089,504902,Character,None,338001,2
5090,504902,Character,None,235001,2
5091,504902,Character,None,232101,2
5092,504902,Character,None,145001,2
5093,504902,Character,None,145101,2
5094,504902,Character,None,203301,2
5095,504902,Character,None,119201,2
5096,504902,Character,None,338201,2
5097,504902,Character,None,328101,2
5098,504902,Character,None,231301,2
5099,504902,Character,None,331001,2
5100,504902,Character,None,150001,2
5101,504902,Character,None,204301,2
5102,504902,Character,None,355001,2
5103,504902,Character,None,150101,2
5104,504902,Character,None,331401,2
5105,504902,Character,None,319501,2
5106,504902,Character,None,355101,2
5107,504903,Character,None,423001,4
5108,504903,Character,None,422001,4
5109,504903,Character,None,423201,4
5110,504903,Character,None,422201,4
5111,504903,Character,None,423101,4
5112,504903,Character,None,422101,4
5113,504903,Character,None,426001,4
5114,504903,Character,None,423301,4
5115,504903,Character,None,447001,4
5116,504903,Character,None,422501,4
5117,504903,Character,None,433001,4
5118,504904,Character,None,112001,477
5119,504904,Character,None,116101,477
5120,504904,Character,None,129101,477
5121,504904,Character,None,201001,477
5122,504904,Character,None,201101,477
5123,504904,Character,None,202001,477
5124,504904,Character,None,301201,477
5125,504904,Character,None,306001,477
5126,504904,Character,None,306101,477
5127,504905,Character,None,130201,588
5128,504905,Character,None,130301,588
5129,504905,Character,None,130701,588
5130,504905,Character,None,230001,588
5131,504905,Character,None,230101,588
5132,504905,Character,None,230601,588
5133,504905,Character,None,330401,588
5134,504905,Character,None,330501,588
5135,504905,Character,None,330801,588
5136,505001,Character,PickupCharacter,328401,200
5137,505002,Character,None,110201,2
5138,505002,Character,None,314001,2
5139,505002,Character,None,321001,2
5140,505002,Character,None,319101,2
5141,505002,Character,None,209001,2
5142,505002,Character,None,116001,2
5143,505002,Character,None,217001,2
5144,505002,Character,None,314201,2
5145,505002,Character,None,115001,2
5146,505002,Character,None,202201,2
5147,505002,Character,None,203001,2
5148,505002,Character,None,203201,2
5149,505002,Character,None,207001,2
5150,505002,Character,None,207101,2
5151,505002,Character,None,207201,2
5152,505002,Character,None,108001,2
5153,505002,Character,None,209201,2
5154,505002,Character,None,110101,2
5155,505002,Character,None,111001,2
5156,505002,Character,None,313001,2
5157,505002,Character,None,117201,2
5158,505002,Character,None,218001,2
5159,505002,Character,None,319001,2
5160,505002,Character,None,320101,2
5161,505002,Character,None,324101,2
5162,505002,Character,None,343201,2
5163,505002,Character,None,343101,2
5164,505002,Character,None,343001,2
5165,505002,Character,None,324201,2
5166,505002,Character,None,218101,2
5167,505002,Character,None,108201,2
5168,505002,Character,None,321201,2
5169,505002,Character,None,320201,2
5170,505002,Character,None,320001,2
5171,505002,Character,None,317101,2
5172,505002,Character,None,314101,2
5173,505002,Character,None,113101,2
5174,505002,Character,None,209101,2
5175,505002,Character,None,235201,2
5176,505002,Character,None,110001,2
5177,505002,Character,None,111101,2
5178,505002,Character,None,311201,2
5179,505002,Character,None,331101,2
5180,505002,Character,None,331201,2
5181,505002,Character,None,338101,2
5182,505002,Character,None,328201,2
5183,505002,Character,None,204001,2
5184,505002,Character,None,327001,2
5185,505002,Character,None,327101,2
5186,505002,Character,None,228001,2
5187,505002,Character,None,338001,2
5188,505002,Character,None,235001,2
5189,505002,Character,None,232101,2
5190,505002,Character,None,145001,2
5191,505002,Character,None,145101,2
5192,505002,Character,None,203301,2
5193,505002,Character,None,119201,2
5194,505002,Character,None,338201,2
5195,505002,Character,None,328101,2
5196,505002,Character,None,231301,2
5197,505002,Character,None,331001,2
5198,505002,Character,None,150001,2
5199,505002,Character,None,204301,2
5200,505002,Character,None,355001,2
5201,505002,Character,None,150101,2
5202,505002,Character,None,331401,2
5203,505002,Character,None,319501,2
5204,505002,Character,None,355101,2
5205,505003,Character,None,423001,4
5206,505003,Character,None,422001,4
5207,505003,Character,None,423201,4
5208,505003,Character,None,422201,4
5209,505003,Character,None,423101,4
5210,505003,Character,None,422101,4
5211,505003,Character,None,426001,4
5212,505003,Character,None,423301,4
5213,505003,Character,None,447001,4
5214,505003,Character,None,422501,4
5215,505003,Character,None,433001,4
5216,505004,Character,None,112001,477
5217,505004,Character,None,116101,477
5218,505004,Character,None,129101,477
5219,505004,Character,None,201001,477
5220,505004,Character,None,201101,477
5221,505004,Character,None,202001,477
5222,505004,Character,None,301201,477
5223,505004,Character,None,306001,477
5224,505004,Character,None,306101,477
5225,505005,Character,None,130201,588
5226,505005,Character,None,130301,588
5227,505005,Character,None,130701,588
5228,505005,Character,None,230001,588
5229,505005,Character,None,230101,588
5230,505005,Character,None,230601,588
5231,505005,Character,None,330401,588
5232,505005,Character,None,330501,588
5233,505005,Character,None,330801,588
5234,505101,Character,PickupCharacter,328301,200
5235,505102,Character,None,110201,2
5236,505102,Character,None,314001,2
5237,505102,Character,None,321001,2
5238,505102,Character,None,319101,2
5239,505102,Character,None,209001,2
5240,505102,Character,None,116001,2
5241,505102,Character,None,217001,2
5242,505102,Character,None,314201,2
5243,505102,Character,None,115001,2
5244,505102,Character,None,202201,2
5245,505102,Character,None,203001,2
5246,505102,Character,None,203201,2
5247,505102,Character,None,207001,2
5248,505102,Character,None,207101,2
5249,505102,Character,None,207201,2
5250,505102,Character,None,108001,2
5251,505102,Character,None,209201,2
5252,505102,Character,None,110101,2
5253,505102,Character,None,111001,2
5254,505102,Character,None,313001,2
5255,505102,Character,None,117201,2
5256,505102,Character,None,218001,2
5257,505102,Character,None,319001,2
5258,505102,Character,None,320101,2
5259,505102,Character,None,324101,2
5260,505102,Character,None,343201,2
5261,505102,Character,None,343101,2
5262,505102,Character,None,343001,2
5263,505102,Character,None,324201,2
5264,505102,Character,None,218101,2
5265,505102,Character,None,108201,2
5266,505102,Character,None,321201,2
5267,505102,Character,None,320201,2
5268,505102,Character,None,320001,2
5269,505102,Character,None,317101,2
5270,505102,Character,None,314101,2
5271,505102,Character,None,113101,2
5272,505102,Character,None,209101,2
5273,505102,Character,None,235201,2
5274,505102,Character,None,110001,2
5275,505102,Character,None,111101,2
5276,505102,Character,None,311201,2
5277,505102,Character,None,331101,2
5278,505102,Character,None,331201,2
5279,505102,Character,None,338101,2
5280,505102,Character,None,328201,2
5281,505102,Character,None,204001,2
5282,505102,Character,None,327001,2
5283,505102,Character,None,327101,2
5284,505102,Character,None,228001,2
5285,505102,Character,None,338001,2
5286,505102,Character,None,235001,2
5287,505102,Character,None,232101,2
5288,505102,Character,None,145001,2
5289,505102,Character,None,145101,2
5290,505102,Character,None,203301,2
5291,505102,Character,None,119201,2
5292,505102,Character,None,338201,2
5293,505102,Character,None,328101,2
5294,505102,Character,None,231301,2
5295,505102,Character,None,331001,2
5296,505102,Character,None,150001,2
5297,505102,Character,None,204301,2
5298,505102,Character,None,355001,2
5299,505102,Character,None,150101,2
5300,505102,Character,None,331401,2
5301,505102,Character,None,319501,2
5302,505102,Character,None,355101,2
5303,505103,Character,None,423001,4
5304,505103,Character,None,422001,4
5305,505103,Character,None,423201,4
5306,505103,Character,None,422201,4
5307,505103,Character,None,423101,4
5308,505103,Character,None,422101,4
5309,505103,Character,None,426001,4
5310,505103,Character,None,423301,4
5311,505103,Character,None,447001,4
5312,505103,Character,None,422501,4
5313,505103,Character,None,433001,4
5314,505104,Character,None,112001,477
5315,505104,Character,None,116101,477
5316,505104,Character,None,129101,477
5317,505104,Character,None,201001,477
5318,505104,Character,None,201101,477
5319,505104,Character,None,202001,477
5320,505104,Character,None,301201,477
5321,505104,Character,None,306001,477
5322,505104,Character,None,306101,477
5323,505105,Character,None,130201,588
5324,505105,Character,None,130301,588
5325,505105,Character,None,130701,588
5326,505105,Character,None,230001,588
5327,505105,Character,None,230101,588
5328,505105,Character,None,230601,588
5329,505105,Character,None,330401,588
5330,505105,Character,None,330501,588
5331,505105,Character,None,330801,588
5332,505201,Character,PickupCharacter,235301,200
5333,505202,Character,None,110201,2
5334,505202,Character,None,314001,2
5335,505202,Character,None,321001,2
5336,505202,Character,None,319101,2
5337,505202,Character,None,209001,2
5338,505202,Character,None,116001,2
5339,505202,Character,None,217001,2
5340,505202,Character,None,314201,2
5341,505202,Character,None,115001,2
5342,505202,Character,None,202201,2
5343,505202,Character,None,203001,2
5344,505202,Character,None,203201,2
5345,505202,Character,None,207001,2
5346,505202,Character,None,207101,2
5347,505202,Character,None,207201,2
5348,505202,Character,None,108001,2
5349,505202,Character,None,209201,2
5350,505202,Character,None,110101,2
5351,505202,Character,None,111001,2
5352,505202,Character,None,313001,2
5353,505202,Character,None,117201,2
5354,505202,Character,None,218001,2
5355,505202,Character,None,319001,2
5356,505202,Character,None,320101,2
5357,505202,Character,None,324101,2
5358,505202,Character,None,343201,2
5359,505202,Character,None,343101,2
5360,505202,Character,None,343001,2
5361,505202,Character,None,324201,2
5362,505202,Character,None,218101,2
5363,505202,Character,None,108201,2
5364,505202,Character,None,321201,2
5365,505202,Character,None,320201,2
5366,505202,Character,None,320001,2
5367,505202,Character,None,317101,2
5368,505202,Character,None,314101,2
5369,505202,Character,None,113101,2
5370,505202,Character,None,209101,2
5371,505202,Character,None,235201,2
5372,505202,Character,None,110001,2
5373,505202,Character,None,111101,2
5374,505202,Character,None,311201,2
5375,505202,Character,None,331101,2
5376,505202,Character,None,331201,2
5377,505202,Character,None,338101,2
5378,505202,Character,None,328201,2
5379,505202,Character,None,204001,2
5380,505202,Character,None,327001,2
5381,505202,Character,None,327101,2
5382,505202,Character,None,228001,2
5383,505202,Character,None,338001,2
5384,505202,Character,None,235001,2
5385,505202,Character,None,232101,2
5386,505202,Character,None,145001,2
5387,505202,Character,None,145101,2
5388,505202,Character,None,203301,2
5389,505202,Character,None,119201,2
5390,505202,Character,None,338201,2
5391,505202,Character,None,328101,2
5392,505202,Character,None,231301,2
5393,505202,Character,None,331001,2
5394,505202,Character,None,150001,2
5395,505202,Character,None,204301,2
5396,505202,Character,None,355001,2
5397,505202,Character,None,150101,2
5398,505202,Character,None,331401,2
5399,505202,Character,None,319501,2
5400,505202,Character,None,355101,2
5401,505203,Character,None,423001,4
5402,505203,Character,None,422001,4
5403,505203,Character,None,423201,4
5404,505203,Character,None,422201,4
5405,505203,Character,None,423101,4
5406,505203,Character,None,422101,4
5407,505203,Character,None,426001,4
5408,505203,Character,None,423301,4
5409,505203,Character,None,447001,4
5410,505203,Character,None,422501,4
5411,505203,Character,None,433001,4
5412,505204,Character,None,112001,477
5413,505204,Character,None,116101,477
5414,505204,Character,None,129101,477
5415,505204,Character,None,201001,477
5416,505204,Character,None,201101,477
5417,505204,Character,None,202001,477
5418,505204,Character,None,301201,477
5419,505204,Character,None,306001,477
5420,505204,Character,None,306101,477
5421,505205,Character,None,130201,588
5422,505205,Character,None,130301,588
5423,505205,Character,None,130701,588
5424,505205,Character,None,230001,588
5425,505205,Character,None,230101,588
5426,505205,Character,None,230601,588
5427,505205,Character,None,330401,588
5428,505205,Character,None,330501,588
5429,505205,Character,None,330801,588
5430,505301,Character,PickupCharacter,301501,200
5431,505302,Character,None,110201,2
5432,505302,Character,None,314001,2
5433,505302,Character,None,321001,2
5434,505302,Character,None,319101,2
5435,505302,Character,None,209001,2
5436,505302,Character,None,116001,2
5437,505302,Character,None,217001,2
5438,505302,Character,None,314201,2
5439,505302,Character,None,115001,2
5440,505302,Character,None,202201,2
5441,505302,Character,None,203001,2
5442,505302,Character,None,203201,2
5443,505302,Character,None,207001,2
5444,505302,Character,None,207101,2
5445,505302,Character,None,207201,2
5446,505302,Character,None,108001,2
5447,505302,Character,None,209201,2
5448,505302,Character,None,110101,2
5449,505302,Character,None,111001,2
5450,505302,Character,None,313001,2
5451,505302,Character,None,117201,2
5452,505302,Character,None,218001,2
5453,505302,Character,None,319001,2
5454,505302,Character,None,320101,2
5455,505302,Character,None,324101,2
5456,505302,Character,None,343201,2
5457,505302,Character,None,343101,2
5458,505302,Character,None,343001,2
5459,505302,Character,None,324201,2
5460,505302,Character,None,218101,2
5461,505302,Character,None,108201,2
5462,505302,Character,None,321201,2
5463,505302,Character,None,320201,2
5464,505302,Character,None,320001,2
5465,505302,Character,None,317101,2
5466,505302,Character,None,314101,2
5467,505302,Character,None,113101,2
5468,505302,Character,None,209101,2
5469,505302,Character,None,235201,2
5470,505302,Character,None,110001,2
5471,505302,Character,None,111101,2
5472,505302,Character,None,311201,2
5473,505302,Character,None,331101,2
5474,505302,Character,None,331201,2
5475,505302,Character,None,338101,2
5476,505302,Character,None,328201,2
5477,505302,Character,None,204001,2
5478,505302,Character,None,327001,2
5479,505302,Character,None,327101,2
5480,505302,Character,None,228001,2
5481,505302,Character,None,338001,2
5482,505302,Character,None,235001,2
5483,505302,Character,None,232101,2
5484,505302,Character,None,145001,2
5485,505302,Character,None,145101,2
5486,505302,Character,None,203301,2
5487,505302,Character,None,119201,2
5488,505302,Character,None,338201,2
5489,505302,Character,None,328101,2
5490,505302,Character,None,231301,2
5491,505302,Character,None,331001,2
5492,505302,Character,None,150001,2
5493,505302,Character,None,204301,2
5494,505302,Character,None,355001,2
5495,505302,Character,None,150101,2
5496,505302,Character,None,331401,2
5497,505302,Character,None,319501,2
5498,505302,Character,None,355101,2
5499,505303,Character,None,423001,4
5500,505303,Character,None,422001,4
5501,505303,Character,None,423201,4
5502,505303,Character,None,422201,4
5503,505303,Character,None,423101,4
5504,505303,Character,None,422101,4
5505,505303,Character,None,426001,4
5506,505303,Character,None,423301,4
5507,505303,Character,None,447001,4
5508,505303,Character,None,422501,4
5509,505303,Character,None,433001,4
5510,505304,Character,None,112001,477
5511,505304,Character,None,116101,477
5512,505304,Character,None,129101,477
5513,505304,Character,None,201001,477
5514,505304,Character,None,201101,477
5515,505304,Character,None,202001,477
5516,505304,Character,None,301201,477
5517,505304,Character,None,306001,477
5518,505304,Character,None,306101,477
5519,505305,Character,None,130201,588
5520,505305,Character,None,130301,588
5521,505305,Character,None,130701,588
5522,505305,Character,None,230001,588
5523,505305,Character,None,230101,588
5524,505305,Character,None,230601,588
5525,505305,Character,None,330401,588
5526,505305,Character,None,330501,588
5527,505305,Character,None,330801,588
5528,505401,Character,PickupCharacter,139101,200
5529,505402,Character,None,110201,2
5530,505402,Character,None,314001,2
5531,505402,Character,None,321001,2
5532,505402,Character,None,319101,2
5533,505402,Character,None,209001,2
5534,505402,Character,None,116001,2
5535,505402,Character,None,217001,2
5536,505402,Character,None,314201,2
5537,505402,Character,None,115001,2
5538,505402,Character,None,202201,2
5539,505402,Character,None,203001,2
5540,505402,Character,None,203201,2
5541,505402,Character,None,207001,2
5542,505402,Character,None,207101,2
5543,505402,Character,None,207201,2
5544,505402,Character,None,108001,2
5545,505402,Character,None,209201,2
5546,505402,Character,None,110101,2
5547,505402,Character,None,111001,2
5548,505402,Character,None,313001,2
5549,505402,Character,None,117201,2
5550,505402,Character,None,218001,2
5551,505402,Character,None,319001,2
5552,505402,Character,None,320101,2
5553,505402,Character,None,324101,2
5554,505402,Character,None,343201,2
5555,505402,Character,None,343101,2
5556,505402,Character,None,343001,2
5557,505402,Character,None,324201,2
5558,505402,Character,None,218101,2
5559,505402,Character,None,108201,2
5560,505402,Character,None,321201,2
5561,505402,Character,None,320201,2
5562,505402,Character,None,320001,2
5563,505402,Character,None,317101,2
5564,505402,Character,None,314101,2
5565,505402,Character,None,113101,2
5566,505402,Character,None,209101,2
5567,505402,Character,None,235201,2
5568,505402,Character,None,110001,2
5569,505402,Character,None,111101,2
5570,505402,Character,None,311201,2
5571,505402,Character,None,331101,2
5572,505402,Character,None,331201,2
5573,505402,Character,None,338101,2
5574,505402,Character,None,328201,2
5575,505402,Character,None,204001,2
5576,505402,Character,None,327001,2
5577,505402,Character,None,327101,2
5578,505402,Character,None,228001,2
5579,505402,Character,None,338001,2
5580,505402,Character,None,235001,2
5581,505402,Character,None,232101,2
5582,505402,Character,None,145001,2
5583,505402,Character,None,145101,2
5584,505402,Character,None,203301,2
5585,505402,Character,None,119201,2
5586,505402,Character,None,338201,2
5587,505402,Character,None,328101,2
5588,505402,Character,None,231301,2
5589,505402,Character,None,331001,2
5590,505402,Character,None,150001,2
5591,505402,Character,None,204301,2
5592,505402,Character,None,355001,2
5593,505402,Character,None,150101,2
5594,505402,Character,None,331401,2
5595,505402,Character,None,319501,2
5596,505402,Character,None,355101,2
5597,505403,Character,None,423001,4
5598,505403,Character,None,422001,4
5599,505403,Character,None,423201,4
5600,505403,Character,None,422201,4
5601,505403,Character,None,423101,4
5602,505403,Character,None,422101,4
5603,505403,Character,None,426001,4
5604,505403,Character,None,423301,4
5605,505403,Character,None,447001,4
5606,505403,Character,None,422501,4
5607,505403,Character,None,433001,4
5608,505404,Character,None,112001,477
5609,505404,Character,None,116101,477
5610,505404,Character,None,129101,477
5611,505404,Character,None,201001,477
5612,505404,Character,None,201101,477
5613,505404,Character,None,202001,477
5614,505404,Character,None,301201,477
5615,505404,Character,None,306001,477
5616,505404,Character,None,306101,477
5617,505405,Character,None,130201,588
5618,505405,Character,None,130301,588
5619,505405,Character,None,130701,588
5620,505405,Character,None,230001,588
5621,505405,Character,None,230101,588
5622,505405,Character,None,230601,588
5623,505405,Character,None,330401,588
5624,505405,Character,None,330501,588
5625,505405,Character,None,330801,588
5626,505501,Character,PickupCharacter,239001,200
5627,505502,Character,None,110201,2
5628,505502,Character,None,314001,2
5629,505502,Character,None,321001,2
5630,505502,Character,None,319101,2
5631,505502,Character,None,209001,2
5632,505502,Character,None,116001,2
5633,505502,Character,None,217001,2
5634,505502,Character,None,314201,2
5635,505502,Character,None,115001,2
5636,505502,Character,None,202201,2
5637,505502,Character,None,203001,2
5638,505502,Character,None,203201,2
5639,505502,Character,None,207001,2
5640,505502,Character,None,207101,2
5641,505502,Character,None,207201,2
5642,505502,Character,None,108001,2
5643,505502,Character,None,209201,2
5644,505502,Character,None,110101,2
5645,505502,Character,None,111001,2
5646,505502,Character,None,313001,2
5647,505502,Character,None,117201,2
5648,505502,Character,None,218001,2
5649,505502,Character,None,319001,2
5650,505502,Character,None,320101,2
5651,505502,Character,None,324101,2
5652,505502,Character,None,343201,2
5653,505502,Character,None,343101,2
5654,505502,Character,None,343001,2
5655,505502,Character,None,324201,2
5656,505502,Character,None,218101,2
5657,505502,Character,None,108201,2
5658,505502,Character,None,321201,2
5659,505502,Character,None,320201,2
5660,505502,Character,None,320001,2
5661,505502,Character,None,317101,2
5662,505502,Character,None,314101,2
5663,505502,Character,None,113101,2
5664,505502,Character,None,209101,2
5665,505502,Character,None,235201,2
5666,505502,Character,None,110001,2
5667,505502,Character,None,111101,2
5668,505502,Character,None,311201,2
5669,505502,Character,None,331101,2
5670,505502,Character,None,331201,2
5671,505502,Character,None,338101,2
5672,505502,Character,None,328201,2
5673,505502,Character,None,204001,2
5674,505502,Character,None,327001,2
5675,505502,Character,None,327101,2
5676,505502,Character,None,228001,2
5677,505502,Character,None,338001,2
5678,505502,Character,None,235001,2
5679,505502,Character,None,232101,2
5680,505502,Character,None,145001,2
5681,505502,Character,None,145101,2
5682,505502,Character,None,203301,2
5683,505502,Character,None,119201,2
5684,505502,Character,None,338201,2
5685,505502,Character,None,328101,2
5686,505502,Character,None,231301,2
5687,505502,Character,None,331001,2
5688,505502,Character,None,150001,2
5689,505502,Character,None,204301,2
5690,505502,Character,None,355001,2
5691,505502,Character,None,150101,2
5692,505502,Character,None,331401,2
5693,505502,Character,None,319501,2
5694,505502,Character,None,355101,2
5695,505503,Character,None,423001,4
5696,505503,Character,None,422001,4
5697,505503,Character,None,423201,4
5698,505503,Character,None,422201,4
5699,505503,Character,None,423101,4
5700,505503,Character,None,422101,4
5701,505503,Character,None,426001,4
5702,505503,Character,None,423301,4
5703,505503,Character,None,447001,4
5704,505503,Character,None,422501,4
5705,505503,Character,None,433001,4
5706,505504,Character,None,112001,477
5707,505504,Character,None,116101,477
5708,505504,Character,None,129101,477
5709,505504,Character,None,201001,477
5710,505504,Character,None,201101,477
5711,505504,Character,None,202001,477
5712,505504,Character,None,301201,477
5713,505504,Character,None,306001,477
5714,505504,Character,None,306101,477
5715,505505,Character,None,130201,588
5716,505505,Character,None,130301,588
5717,505505,Character,None,130701,588
5718,505505,Character,None,230001,588
5719,505505,Character,None,230101,588
5720,505505,Character,None,230601,588
5721,505505,Character,None,330401,588
5722,505505,Character,None,330501,588
5723,505505,Character,None,330801,588
5724,505601,Character,PickupCharacter,583001,200
5725,505602,Character,None,110201,2
5726,505602,Character,None,314001,2
5727,505602,Character,None,321001,2
5728,505602,Character,None,319101,2
5729,505602,Character,None,209001,2
5730,505602,Character,None,116001,2
5731,505602,Character,None,217001,2
5732,505602,Character,None,314201,2
5733,505602,Character,None,115001,2
5734,505602,Character,None,202201,2
5735,505602,Character,None,203001,2
5736,505602,Character,None,203201,2
5737,505602,Character,None,207001,2
5738,505602,Character,None,207101,2
5739,505602,Character,None,207201,2
5740,505602,Character,None,108001,2
5741,505602,Character,None,209201,2
5742,505602,Character,None,110101,2
5743,505602,Character,None,111001,2
5744,505602,Character,None,313001,2
5745,505602,Character,None,117201,2
5746,505602,Character,None,218001,2
5747,505602,Character,None,319001,2
5748,505602,Character,None,320101,2
5749,505602,Character,None,324101,2
5750,505602,Character,None,343201,2
5751,505602,Character,None,343101,2
5752,505602,Character,None,343001,2
5753,505602,Character,None,324201,2
5754,505602,Character,None,218101,2
5755,505602,Character,None,108201,2
5756,505602,Character,None,321201,2
5757,505602,Character,None,320201,2
5758,505602,Character,None,320001,2
5759,505602,Character,None,317101,2
5760,505602,Character,None,314101,2
5761,505602,Character,None,113101,2
5762,505602,Character,None,209101,2
5763,505602,Character,None,235201,2
5764,505602,Character,None,110001,2
5765,505602,Character,None,111101,2
5766,505602,Character,None,311201,2
5767,505602,Character,None,331101,2
5768,505602,Character,None,331201,2
5769,505602,Character,None,338101,2
5770,505602,Character,None,328201,2
5771,505602,Character,None,204001,2
5772,505602,Character,None,327001,2
5773,505602,Character,None,327101,2
5774,505602,Character,None,228001,2
5775,505602,Character,None,338001,2
5776,505602,Character,None,235001,2
5777,505602,Character,None,232101,2
5778,505602,Character,None,145001,2
5779,505602,Character,None,145101,2
5780,505602,Character,None,203301,2
5781,505602,Character,None,119201,2
5782,505602,Character,None,338201,2
5783,505602,Character,None,328101,2
5784,505602,Character,None,231301,2
5785,505602,Character,None,331001,2
5786,505602,Character,None,150001,2
5787,505602,Character,None,204301,2
5788,505602,Character,None,355001,2
5789,505602,Character,None,150101,2
5790,505602,Character,None,331401,2
5791,505602,Character,None,319501,2
5792,505602,Character,None,355101,2
5793,505602,Character,None,139101,2
5794,505602,Character,None,239001,2
5795,505603,Character,None,423001,4
5796,505603,Character,None,422001,4
5797,505603,Character,None,423201,4
5798,505603,Character,None,422201,4
5799,505603,Character,None,423101,4
5800,505603,Character,None,422101,4
5801,505603,Character,None,426001,4
5802,505603,Character,None,423301,4
5803,505603,Character,None,447001,4
5804,505603,Character,None,422501,4
5805,505603,Character,None,433001,4
5806,505604,Character,None,112001,477
5807,505604,Character,None,116101,477
5808,505604,Character,None,129101,477
5809,505604,Character,None,201001,477
5810,505604,Character,None,201101,477
5811,505604,Character,None,202001,477
5812,505604,Character,None,301201,477
5813,505604,Character,None,306001,477
5814,505604,Character,None,306101,477
5815,505605,Character,None,130201,588
5816,505605,Character,None,130301,588
5817,505605,Character,None,130701,588
5818,505605,Character,None,230001,588
5819,505605,Character,None,230101,588
5820,505605,Character,None,230601,588
5821,505605,Character,None,330401,588
5822,505605,Character,None,330501,588
5823,505605,Character,None,330801,588
5824,505701,Character,PickupCharacter,583101,200
5825,505702,Character,None,110201,2
5826,505702,Character,None,314001,2
5827,505702,Character,None,321001,2
5828,505702,Character,None,319101,2
5829,505702,Character,None,209001,2
5830,505702,Character,None,116001,2
5831,505702,Character,None,217001,2
5832,505702,Character,None,314201,2
5833,505702,Character,None,115001,2
5834,505702,Character,None,202201,2
5835,505702,Character,None,203001,2
5836,505702,Character,None,203201,2
5837,505702,Character,None,207001,2
5838,505702,Character,None,207101,2
5839,505702,Character,None,207201,2
5840,505702,Character,None,108001,2
5841,505702,Character,None,209201,2
5842,505702,Character,None,110101,2
5843,505702,Character,None,111001,2
5844,505702,Character,None,313001,2
5845,505702,Character,None,117201,2
5846,505702,Character,None,218001,2
5847,505702,Character,None,319001,2
5848,505702,Character,None,320101,2
5849,505702,Character,None,324101,2
5850,505702,Character,None,343201,2
5851,505702,Character,None,343101,2
5852,505702,Character,None,343001,2
5853,505702,Character,None,324201,2
5854,505702,Character,None,218101,2
5855,505702,Character,None,108201,2
5856,505702,Character,None,321201,2
5857,505702,Character,None,320201,2
5858,505702,Character,None,320001,2
5859,505702,Character,None,317101,2
5860,505702,Character,None,314101,2
5861,505702,Character,None,113101,2
5862,505702,Character,None,209101,2
5863,505702,Character,None,235201,2
5864,505702,Character,None,110001,2
5865,505702,Character,None,111101,2
5866,505702,Character,None,311201,2
5867,505702,Character,None,331101,2
5868,505702,Character,None,331201,2
5869,505702,Character,None,338101,2
5870,505702,Character,None,328201,2
5871,505702,Character,None,204001,2
5872,505702,Character,None,327001,2
5873,505702,Character,None,327101,2
5874,505702,Character,None,228001,2
5875,505702,Character,None,338001,2
5876,505702,Character,None,235001,2
5877,505702,Character,None,232101,2
5878,505702,Character,None,145001,2
5879,505702,Character,None,145101,2
5880,505702,Character,None,203301,2
5881,505702,Character,None,119201,2
5882,505702,Character,None,338201,2
5883,505702,Character,None,328101,2
5884,505702,Character,None,231301,2
5885,505702,Character,None,331001,2
5886,505702,Character,None,150001,2
5887,505702,Character,None,204301,2
5888,505702,Character,None,355001,2
5889,505702,Character,None,150101,2
5890,505702,Character,None,331401,2
5891,505702,Character,None,319501,2
5892,505702,Character,None,355101,2
5893,505702,Character,None,139101,2
5894,505702,Character,None,239001,2
5895,505703,Character,None,423001,4
5896,505703,Character,None,422001,4
5897,505703,Character,None,423201,4
5898,505703,Character,None,422201,4
5899,505703,Character,None,423101,4
5900,505703,Character,None,422101,4
5901,505703,Character,None,426001,4
5902,505703,Character,None,423301,4
5903,505703,Character,None,447001,4
5904,505703,Character,None,422501,4
5905,505703,Character,None,433001,4
5906,505704,Character,None,112001,477
5907,505704,Character,None,116101,477
5908,505704,Character,None,129101,477
5909,505704,Character,None,201001,477
5910,505704,Character,None,201101,477
5911,505704,Character,None,202001,477
5912,505704,Character,None,301201,477
5913,505704,Character,None,306001,477
5914,505704,Character,None,306101,477
5915,505705,Character,None,130201,588
5916,505705,Character,None,130301,588
5917,505705,Character,None,130701,588
5918,505705,Character,None,230001,588
5919,505705,Character,None,230101,588
5920,505705,Character,None,230601,588
5921,505705,Character,None,330401,588
5922,505705,Character,None,330501,588
5923,505705,Character,None,330801,588
5924,505801,Character,PickupCharacter,583201,200
5925,505802,Character,None,110201,2
5926,505802,Character,None,314001,2
5927,505802,Character,None,321001,2
5928,505802,Character,None,319101,2
5929,505802,Character,None,209001,2
5930,505802,Character,None,116001,2
5931,505802,Character,None,217001,2
5932,505802,Character,None,314201,2
5933,505802,Character,None,115001,2
5934,505802,Character,None,202201,2
5935,505802,Character,None,203001,2
5936,505802,Character,None,203201,2
5937,505802,Character,None,207001,2
5938,505802,Character,None,207101,2
5939,505802,Character,None,207201,2
5940,505802,Character,None,108001,2
5941,505802,Character,None,209201,2
5942,505802,Character,None,110101,2
5943,505802,Character,None,111001,2
5944,505802,Character,None,313001,2
5945,505802,Character,None,117201,2
5946,505802,Character,None,218001,2
5947,505802,Character,None,319001,2
5948,505802,Character,None,320101,2
5949,505802,Character,None,324101,2
5950,505802,Character,None,343201,2
5951,505802,Character,None,343101,2
5952,505802,Character,None,343001,2
5953,505802,Character,None,324201,2
5954,505802,Character,None,218101,2
5955,505802,Character,None,108201,2
5956,505802,Character,None,321201,2
5957,505802,Character,None,320201,2
5958,505802,Character,None,320001,2
5959,505802,Character,None,317101,2
5960,505802,Character,None,314101,2
5961,505802,Character,None,113101,2
5962,505802,Character,None,209101,2
5963,505802,Character,None,235201,2
5964,505802,Character,None,110001,2
5965,505802,Character,None,111101,2
5966,505802,Character,None,311201,2
5967,505802,Character,None,331101,2
5968,505802,Character,None,331201,2
5969,505802,Character,None,338101,2
5970,505802,Character,None,328201,2
5971,505802,Character,None,204001,2
5972,505802,Character,None,327001,2
5973,505802,Character,None,327101,2
5974,505802,Character,None,228001,2
5975,505802,Character,None,338001,2
5976,505802,Character,None,235001,2
5977,505802,Character,None,232101,2
5978,505802,Character,None,145001,2
5979,505802,Character,None,145101,2
5980,505802,Character,None,203301,2
5981,505802,Character,None,119201,2
5982,505802,Character,None,338201,2
5983,505802,Character,None,328101,2
5984,505802,Character,None,231301,2
5985,505802,Character,None,331001,2
5986,505802,Character,None,150001,2
5987,505802,Character,None,204301,2
5988,505802,Character,None,355001,2
5989,505802,Character,None,150101,2
5990,505802,Character,None,331401,2
5991,505802,Character,None,319501,2
5992,505802,Character,None,355101,2
5993,505802,Character,None,139101,2
5994,505802,Character,None,239001,2
5995,505803,Character,None,423001,4
5996,505803,Character,None,422001,4
5997,505803,Character,None,423201,4
5998,505803,Character,None,422201,4
5999,505803,Character,None,423101,4
6000,505803,Character,None,422101,4
6001,505803,Character,None,426001,4
6002,505803,Character,None,423301,4
6003,505803,Character,None,447001,4
6004,505803,Character,None,422501,4
6005,505803,Character,None,433001,4
6006,505804,Character,None,112001,477
6007,505804,Character,None,116101,477
6008,505804,Character,None,129101,477
6009,505804,Character,None,201001,477
6010,505804,Character,None,201101,477
6011,505804,Character,None,202001,477
6012,505804,Character,None,301201,477
6013,505804,Character,None,306001,477
6014,505804,Character,None,306101,477
6015,505805,Character,None,130201,588
6016,505805,Character,None,130301,588
6017,505805,Character,None,130701,588
6018,505805,Character,None,230001,588
6019,505805,Character,None,230101,588
6020,505805,Character,None,230601,588
6021,505805,Character,None,330401,588
6022,505805,Character,None,330501,588
6023,505805,Character,None,330801,588
6024,505901,Character,PickupCharacter,327201,200
6025,505902,Character,None,110201,2
6026,505902,Character,None,314001,2
6027,505902,Character,None,321001,2
6028,505902,Character,None,319101,2
6029,505902,Character,None,209001,2
6030,505902,Character,None,116001,2
6031,505902,Character,None,217001,2
6032,505902,Character,None,314201,2
6033,505902,Character,None,115001,2
6034,505902,Character,None,202201,2
6035,505902,Character,None,203001,2
6036,505902,Character,None,203201,2
6037,505902,Character,None,207001,2
6038,505902,Character,None,207101,2
6039,505902,Character,None,207201,2
6040,505902,Character,None,108001,2
6041,505902,Character,None,209201,2
6042,505902,Character,None,110101,2
6043,505902,Character,None,111001,2
6044,505902,Character,None,313001,2
6045,505902,Character,None,117201,2
6046,505902,Character,None,218001,2
6047,505902,Character,None,319001,2
6048,505902,Character,None,320101,2
6049,505902,Character,None,324101,2
6050,505902,Character,None,343201,2
6051,505902,Character,None,343101,2
6052,505902,Character,None,343001,2
6053,505902,Character,None,324201,2
6054,505902,Character,None,218101,2
6055,505902,Character,None,108201,2
6056,505902,Character,None,321201,2
6057,505902,Character,None,320201,2
6058,505902,Character,None,320001,2
6059,505902,Character,None,317101,2
6060,505902,Character,None,314101,2
6061,505902,Character,None,113101,2
6062,505902,Character,None,209101,2
6063,505902,Character,None,235201,2
6064,505902,Character,None,110001,2
6065,505902,Character,None,111101,2
6066,505902,Character,None,311201,2
6067,505902,Character,None,331101,2
6068,505902,Character,None,331201,2
6069,505902,Character,None,338101,2
6070,505902,Character,None,328201,2
6071,505902,Character,None,204001,2
6072,505902,Character,None,327001,2
6073,505902,Character,None,327101,2
6074,505902,Character,None,228001,2
6075,505902,Character,None,338001,2
6076,505902,Character,None,235001,2
6077,505902,Character,None,232101,2
6078,505902,Character,None,145001,2
6079,505902,Character,None,145101,2
6080,505902,Character,None,203301,2
6081,505902,Character,None,119201,2
6082,505902,Character,None,338201,2
6083,505902,Character,None,328101,2
6084,505902,Character,None,231301,2
6085,505902,Character,None,331001,2
6086,505902,Character,None,150001,2
6087,505902,Character,None,204301,2
6088,505902,Character,None,355001,2
6089,505902,Character,None,150101,2
6090,505902,Character,None,331401,2
6091,505902,Character,None,319501,2
6092,505902,Character,None,355101,2
6093,505902,Character,None,139101,2
6094,505902,Character,None,239001,2
6095,505903,Character,None,423001,4
6096,505903,Character,None,422001,4
6097,505903,Character,None,423201,4
6098,505903,Character,None,422201,4
6099,505903,Character,None,423101,4
6100,505903,Character,None,422101,4
6101,505903,Character,None,426001,4
6102,505903,Character,None,423301,4
6103,505903,Character,None,447001,4
6104,505903,Character,None,422501,4
6105,505903,Character,None,433001,4
6106,505904,Character,None,112001,477
6107,505904,Character,None,116101,477
6108,505904,Character,None,129101,477
6109,505904,Character,None,201001,477
6110,505904,Character,None,201101,477
6111,505904,Character,None,202001,477
6112,505904,Character,None,301201,477
6113,505904,Character,None,306001,477
6114,505904,Character,None,306101,477
6115,505905,Character,None,130201,588
6116,505905,Character,None,130301,588
6117,505905,Character,None,130701,588
6118,505905,Character,None,230001,588
6119,505905,Character,None,230101,588
6120,505905,Character,None,230601,588
6121,505905,Character,None,330401,588
6122,505905,Character,None,330501,588
6123,505905,Character,None,330801,588
6124,506001,Character,PickupCharacter,140301,200
6125,506002,Character,None,110201,2
6126,506002,Character,None,314001,2
6127,506002,Character,None,321001,2
6128,506002,Character,None,319101,2
6129,506002,Character,None,209001,2
6130,506002,Character,None,116001,2
6131,506002,Character,None,217001,2
6132,506002,Character,None,314201,2
6133,506002,Character,None,115001,2
6134,506002,Character,None,202201,2
6135,506002,Character,None,203001,2
6136,506002,Character,None,203201,2
6137,506002,Character,None,207001,2
6138,506002,Character,None,207101,2
6139,506002,Character,None,207201,2
6140,506002,Character,None,108001,2
6141,506002,Character,None,209201,2
6142,506002,Character,None,110101,2
6143,506002,Character,None,111001,2
6144,506002,Character,None,313001,2
6145,506002,Character,None,117201,2
6146,506002,Character,None,218001,2
6147,506002,Character,None,319001,2
6148,506002,Character,None,320101,2
6149,506002,Character,None,324101,2
6150,506002,Character,None,343201,2
6151,506002,Character,None,343101,2
6152,506002,Character,None,343001,2
6153,506002,Character,None,324201,2
6154,506002,Character,None,218101,2
6155,506002,Character,None,108201,2
6156,506002,Character,None,321201,2
6157,506002,Character,None,320201,2
6158,506002,Character,None,320001,2
6159,506002,Character,None,317101,2
6160,506002,Character,None,314101,2
6161,506002,Character,None,113101,2
6162,506002,Character,None,209101,2
6163,506002,Character,None,235201,2
6164,506002,Character,None,110001,2
6165,506002,Character,None,111101,2
6166,506002,Character,None,311201,2
6167,506002,Character,None,331101,2
6168,506002,Character,None,331201,2
6169,506002,Character,None,338101,2
6170,506002,Character,None,328201,2
6171,506002,Character,None,204001,2
6172,506002,Character,None,327001,2
6173,506002,Character,None,327101,2
6174,506002,Character,None,228001,2
6175,506002,Character,None,338001,2
6176,506002,Character,None,235001,2
6177,506002,Character,None,232101,2
6178,506002,Character,None,145001,2
6179,506002,Character,None,145101,2
6180,506002,Character,None,203301,2
6181,506002,Character,None,119201,2
6182,506002,Character,None,338201,2
6183,506002,Character,None,328101,2
6184,506002,Character,None,231301,2
6185,506002,Character,None,331001,2
6186,506002,Character,None,150001,2
6187,506002,Character,None,204301,2
6188,506002,Character,None,355001,2
6189,506002,Character,None,150101,2
6190,506002,Character,None,331401,2
6191,506002,Character,None,319501,2
6192,506002,Character,None,355101,2
6193,506002,Character,None,139101,2
6194,506002,Character,None,239001,2
6195,506003,Character,None,423001,4
6196,506003,Character,None,422001,4
6197,506003,Character,None,423201,4
6198,506003,Character,None,422201,4
6199,506003,Character,None,423101,4
6200,506003,Character,None,422101,4
6201,506003,Character,None,426001,4
6202,506003,Character,None,423301,4
6203,506003,Character,None,447001,4
6204,506003,Character,None,422501,4
6205,506003,Character,None,433001,4
6206,506004,Character,None,112001,477
6207,506004,Character,None,116101,477
6208,506004,Character,None,129101,477
6209,506004,Character,None,201001,477
6210,506004,Character,None,201101,477
6211,506004,Character,None,202001,477
6212,506004,Character,None,301201,477
6213,506004,Character,None,306001,477
6214,506004,Character,None,306101,477
6215,506005,Character,None,130201,588
6216,506005,Character,None,130301,588
6217,506005,Character,None,130701,588
6218,506005,Character,None,230001,588
6219,506005,Character,None,230101,588
6220,506005,Character,None,230601,588
6221,506005,Character,None,330401,588
6222,506005,Character,None,330501,588
6223,506005,Character,None,330801,588
6224,506101,Character,PickupCharacter,258001,200
6225,506102,Character,None,110201,2
6226,506102,Character,None,314001,2
6227,506102,Character,None,321001,2
6228,506102,Character,None,319101,2
6229,506102,Character,None,209001,2
6230,506102,Character,None,116001,2
6231,506102,Character,None,217001,2
6232,506102,Character,None,314201,2
6233,506102,Character,None,115001,2
6234,506102,Character,None,202201,2
6235,506102,Character,None,203001,2
6236,506102,Character,None,203201,2
6237,506102,Character,None,207001,2
6238,506102,Character,None,207101,2
6239,506102,Character,None,207201,2
6240,506102,Character,None,108001,2
6241,506102,Character,None,209201,2
6242,506102,Character,None,110101,2
6243,506102,Character,None,111001,2
6244,506102,Character,None,313001,2
6245,506102,Character,None,117201,2
6246,506102,Character,None,218001,2
6247,506102,Character,None,319001,2
6248,506102,Character,None,320101,2
6249,506102,Character,None,324101,2
6250,506102,Character,None,343201,2
6251,506102,Character,None,343101,2
6252,506102,Character,None,343001,2
6253,506102,Character,None,324201,2
6254,506102,Character,None,218101,2
6255,506102,Character,None,108201,2
6256,506102,Character,None,321201,2
6257,506102,Character,None,320201,2
6258,506102,Character,None,320001,2
6259,506102,Character,None,317101,2
6260,506102,Character,None,314101,2
6261,506102,Character,None,113101,2
6262,506102,Character,None,209101,2
6263,506102,Character,None,235201,2
6264,506102,Character,None,110001,2
6265,506102,Character,None,111101,2
6266,506102,Character,None,311201,2
6267,506102,Character,None,331101,2
6268,506102,Character,None,331201,2
6269,506102,Character,None,338101,2
6270,506102,Character,None,328201,2
6271,506102,Character,None,204001,2
6272,506102,Character,None,327001,2
6273,506102,Character,None,327101,2
6274,506102,Character,None,228001,2
6275,506102,Character,None,338001,2
6276,506102,Character,None,235001,2
6277,506102,Character,None,232101,2
6278,506102,Character,None,145001,2
6279,506102,Character,None,145101,2
6280,506102,Character,None,203301,2
6281,506102,Character,None,119201,2
6282,506102,Character,None,338201,2
6283,506102,Character,None,328101,2
6284,506102,Character,None,231301,2
6285,506102,Character,None,331001,2
6286,506102,Character,None,150001,2
6287,506102,Character,None,204301,2
6288,506102,Character,None,355001,2
6289,506102,Character,None,150101,2
6290,506102,Character,None,331401,2
6291,506102,Character,None,319501,2
6292,506102,Character,None,355101,2
6293,506102,Character,None,139101,2
6294,506102,Character,None,239001,2
6295,506103,Character,None,423001,4
6296,506103,Character,None,422001,4
6297,506103,Character,None,423201,4
6298,506103,Character,None,422201,4
6299,506103,Character,None,423101,4
6300,506103,Character,None,422101,4
6301,506103,Character,None,426001,4
6302,506103,Character,None,423301,4
6303,506103,Character,None,447001,4
6304,506103,Character,None,422501,4
6305,506103,Character,None,433001,4
6306,506104,Character,None,112001,477
6307,506104,Character,None,116101,477
6308,506104,Character,None,129101,477
6309,506104,Character,None,201001,477
6310,506104,Character,None,201101,477
6311,506104,Character,None,202001,477
6312,506104,Character,None,301201,477
6313,506104,Character,None,306001,477
6314,506104,Character,None,306101,477
6315,506105,Character,None,130201,588
6316,506105,Character,None,130301,588
6317,506105,Character,None,130701,588
6318,506105,Character,None,230001,588
6319,506105,Character,None,230101,588
6320,506105,Character,None,230601,588
6321,506105,Character,None,330401,588
6322,506105,Character,None,330501,588
6323,506105,Character,None,330801,588
6324,506201,Character,PickupCharacter,324001,200
6325,506202,Character,None,110201,2
6326,506202,Character,None,314001,2
6327,506202,Character,None,321001,2
6328,506202,Character,None,319101,2
6329,506202,Character,None,209001,2
6330,506202,Character,None,116001,2
6331,506202,Character,None,217001,2
6332,506202,Character,None,314201,2
6333,506202,Character,None,115001,2
6334,506202,Character,None,202201,2
6335,506202,Character,None,203001,2
6336,506202,Character,None,203201,2
6337,506202,Character,None,207001,2
6338,506202,Character,None,207101,2
6339,506202,Character,None,207201,2
6340,506202,Character,None,108001,2
6341,506202,Character,None,209201,2
6342,506202,Character,None,110101,2
6343,506202,Character,None,111001,2
6344,506202,Character,None,313001,2
6345,506202,Character,None,117201,2
6346,506202,Character,None,218001,2
6347,506202,Character,None,319001,2
6348,506202,Character,None,320101,2
6349,506202,Character,None,324101,2
6350,506202,Character,None,343201,2
6351,506202,Character,None,343101,2
6352,506202,Character,None,343001,2
6353,506202,Character,None,324201,2
6354,506202,Character,None,218101,2
6355,506202,Character,None,108201,2
6356,506202,Character,None,321201,2
6357,506202,Character,None,320201,2
6358,506202,Character,None,320001,2
6359,506202,Character,None,317101,2
6360,506202,Character,None,314101,2
6361,506202,Character,None,113101,2
6362,506202,Character,None,209101,2
6363,506202,Character,None,235201,2
6364,506202,Character,None,110001,2
6365,506202,Character,None,111101,2
6366,506202,Character,None,311201,2
6367,506202,Character,None,331101,2
6368,506202,Character,None,331201,2
6369,506202,Character,None,338101,2
6370,506202,Character,None,328201,2
6371,506202,Character,None,204001,2
6372,506202,Character,None,327001,2
6373,506202,Character,None,327101,2
6374,506202,Character,None,228001,2
6375,506202,Character,None,338001,2
6376,506202,Character,None,235001,2
6377,506202,Character,None,232101,2
6378,506202,Character,None,145001,2
6379,506202,Character,None,145101,2
6380,506202,Character,None,203301,2
6381,506202,Character,None,119201,2
6382,506202,Character,None,338201,2
6383,506202,Character,None,328101,2
6384,506202,Character,None,231301,2
6385,506202,Character,None,331001,2
6386,506202,Character,None,150001,2
6387,506202,Character,None,204301,2
6388,506202,Character,None,355001,2
6389,506202,Character,None,150101,2
6390,506202,Character,None,331401,2
6391,506202,Character,None,319501,2
6392,506202,Character,None,355101,2
6393,506202,Character,None,139101,2
6394,506202,Character,None,239001,2
6395,506203,Character,None,423001,4
6396,506203,Character,None,422001,4
6397,506203,Character,None,423201,4
6398,506203,Character,None,422201,4
6399,506203,Character,None,423101,4
6400,506203,Character,None,422101,4
6401,506203,Character,None,426001,4
6402,506203,Character,None,423301,4
6403,506203,Character,None,447001,4
6404,506203,Character,None,422501,4
6405,506203,Character,None,433001,4
6406,506204,Character,None,112001,477
6407,506204,Character,None,116101,477
6408,506204,Character,None,129101,477
6409,506204,Character,None,201001,477
6410,506204,Character,None,201101,477
6411,506204,Character,None,202001,477
6412,506204,Character,None,301201,477
6413,506204,Character,None,306001,477
6414,506204,Character,None,306101,477
6415,506205,Character,None,130201,588
6416,506205,Character,None,130301,588
6417,506205,Character,None,130701,588
6418,506205,Character,None,230001,588
6419,506205,Character,None,230101,588
6420,506205,Character,None,230601,588
6421,506205,Character,None,330401,588
6422,506205,Character,None,330501,588
6423,506205,Character,None,330801,588
6424,506301,Character,PickupCharacter,451101,100
6425,506302,Character,None,110201,3
6426,506302,Character,None,314001,3
6427,506302,Character,None,321001,3
6428,506302,Character,None,319101,3
6429,506302,Character,None,209001,3
6430,506302,Character,None,116001,3
6431,506302,Character,None,217001,3
6432,506302,Character,None,314201,3
6433,506302,Character,None,115001,3
6434,506302,Character,None,202201,3
6435,506302,Character,None,203001,3
6436,506302,Character,None,203201,3
6437,506302,Character,None,207001,3
6438,506302,Character,None,207101,3
6439,506302,Character,None,207201,3
6440,506302,Character,None,108001,3
6441,506302,Character,None,209201,3
6442,506302,Character,None,110101,3
6443,506302,Character,None,111001,3
6444,506302,Character,None,313001,3
6445,506302,Character,None,117201,3
6446,506302,Character,None,218001,3
6447,506302,Character,None,319001,3
6448,506302,Character,None,320101,3
6449,506302,Character,None,324101,3
6450,506302,Character,None,343201,3
6451,506302,Character,None,343101,3
6452,506302,Character,None,343001,3
6453,506302,Character,None,324201,3
6454,506302,Character,None,218101,3
6455,506302,Character,None,108201,3
6456,506302,Character,None,321201,3
6457,506302,Character,None,320201,3
6458,506302,Character,None,320001,3
6459,506302,Character,None,317101,3
6460,506302,Character,None,314101,3
6461,506302,Character,None,113101,3
6462,506302,Character,None,209101,3
6463,506302,Character,None,235201,3
6464,506302,Character,None,110001,3
6465,506302,Character,None,111101,3
6466,506302,Character,None,311201,3
6467,506302,Character,None,331101,3
6468,506302,Character,None,331201,3
6469,506302,Character,None,338101,3
6470,506302,Character,None,328201,3
6471,506302,Character,None,204001,3
6472,506302,Character,None,327001,3
6473,506302,Character,None,327101,3
6474,506302,Character,None,228001,3
6475,506302,Character,None,338001,3
6476,506302,Character,None,235001,3
6477,506302,Character,None,232101,3
6478,506302,Character,None,145001,3
6479,506302,Character,None,145101,3
6480,506302,Character,None,203301,3
6481,506302,Character,None,119201,3
6482,506302,Character,None,338201,3
6483,506302,Character,None,328101,3
6484,506302,Character,None,231301,3
6485,506302,Character,None,331001,3
6486,506302,Character,None,150001,3
6487,506302,Character,None,204301,3
6488,506302,Character,None,355001,3
6489,506302,Character,None,150101,3
6490,506302,Character,None,331401,3
6491,506302,Character,None,319501,3
6492,506302,Character,None,355101,3
6493,506302,Character,None,139101,3
6494,506302,Character,None,239001,3
6495,506302,Character,None,327201,3
6496,506302,Character,None,140301,3
6497,506302,Character,None,258001,3
6498,506302,Character,None,324001,3
6499,506303,Character,None,423001,4
6500,506303,Character,None,422001,4
6501,506303,Character,None,423201,4
6502,506303,Character,None,422201,4
6503,506303,Character,None,423101,4
6504,506303,Character,None,422101,4
6505,506303,Character,None,426001,4
6506,506303,Character,None,423301,4
6507,506303,Character,None,447001,4
6508,506303,Character,None,422501,4
6509,506303,Character,None,433001,4
6510,506304,Character,None,112001,477
6511,506304,Character,None,116101,477
6512,506304,Character,None,129101,477
6513,506304,Character,None,201001,477
6514,506304,Character,None,201101,477
6515,506304,Character,None,202001,477
6516,506304,Character,None,301201,477
6517,506304,Character,None,306001,477
6518,506304,Character,None,306101,477
6519,506305,Character,None,130201,588
6520,506305,Character,None,130301,588
6521,506305,Character,None,130701,588
6522,506305,Character,None,230001,588
6523,506305,Character,None,230101,588
6524,506305,Character,None,230601,588
6525,506305,Character,None,330401,588
6526,506305,Character,None,330501,588
6527,506305,Character,None,330801,588
6528,506401,Character,PickupCharacter,451401,100
6529,506402,Character,None,110201,3
6530,506402,Character,None,314001,3
6531,506402,Character,None,321001,3
6532,506402,Character,None,319101,3
6533,506402,Character,None,209001,3
6534,506402,Character,None,116001,3
6535,506402,Character,None,217001,3
6536,506402,Character,None,314201,3
6537,506402,Character,None,115001,3
6538,506402,Character,None,202201,3
6539,506402,Character,None,203001,3
6540,506402,Character,None,203201,3
6541,506402,Character,None,207001,3
6542,506402,Character,None,207101,3
6543,506402,Character,None,207201,3
6544,506402,Character,None,108001,3
6545,506402,Character,None,209201,3
6546,506402,Character,None,110101,3
6547,506402,Character,None,111001,3
6548,506402,Character,None,313001,3
6549,506402,Character,None,117201,3
6550,506402,Character,None,218001,3
6551,506402,Character,None,319001,3
6552,506402,Character,None,320101,3
6553,506402,Character,None,324101,3
6554,506402,Character,None,343201,3
6555,506402,Character,None,343101,3
6556,506402,Character,None,343001,3
6557,506402,Character,None,324201,3
6558,506402,Character,None,218101,3
6559,506402,Character,None,108201,3
6560,506402,Character,None,321201,3
6561,506402,Character,None,320201,3
6562,506402,Character,None,320001,3
6563,506402,Character,None,317101,3
6564,506402,Character,None,314101,3
6565,506402,Character,None,113101,3
6566,506402,Character,None,209101,3
6567,506402,Character,None,235201,3
6568,506402,Character,None,110001,3
6569,506402,Character,None,111101,3
6570,506402,Character,None,311201,3
6571,506402,Character,None,331101,3
6572,506402,Character,None,331201,3
6573,506402,Character,None,338101,3
6574,506402,Character,None,328201,3
6575,506402,Character,None,204001,3
6576,506402,Character,None,327001,3
6577,506402,Character,None,327101,3
6578,506402,Character,None,228001,3
6579,506402,Character,None,338001,3
6580,506402,Character,None,235001,3
6581,506402,Character,None,232101,3
6582,506402,Character,None,145001,3
6583,506402,Character,None,145101,3
6584,506402,Character,None,203301,3
6585,506402,Character,None,119201,3
6586,506402,Character,None,338201,3
6587,506402,Character,None,328101,3
6588,506402,Character,None,231301,3
6589,506402,Character,None,331001,3
6590,506402,Character,None,150001,3
6591,506402,Character,None,204301,3
6592,506402,Character,None,355001,3
6593,506402,Character,None,150101,3
6594,506402,Character,None,331401,3
6595,506402,Character,None,319501,3
6596,506402,Character,None,355101,3
6597,506402,Character,None,139101,3
6598,506402,Character,None,239001,3
6599,506402,Character,None,327201,3
6600,506402,Character,None,140301,3
6601,506402,Character,None,258001,3
6602,506402,Character,None,324001,3
6603,506403,Character,None,423001,4
6604,506403,Character,None,422001,4
6605,506403,Character,None,423201,4
6606,506403,Character,None,422201,4
6607,506403,Character,None,423101,4
6608,506403,Character,None,422101,4
6609,506403,Character,None,426001,4
6610,506403,Character,None,423301,4
6611,506403,Character,None,447001,4
6612,506403,Character,None,422501,4
6613,506403,Character,None,433001,4
6614,506404,Character,None,112001,477
6615,506404,Character,None,116101,477
6616,506404,Character,None,129101,477
6617,506404,Character,None,201001,477
6618,506404,Character,None,201101,477
6619,506404,Character,None,202001,477
6620,506404,Character,None,301201,477
6621,506404,Character,None,306001,477
6622,506404,Character,None,306101,477
6623,506405,Character,None,130201,588
6624,506405,Character,None,130301,588
6625,506405,Character,None,130701,588
6626,506405,Character,None,230001,588
6627,506405,Character,None,230101,588
6628,506405,Character,None,230601,588
6629,506405,Character,None,330401,588
6630,506405,Character,None,330501,588
6631,506405,Character,None,330801,588
6632,506501,Character,PickupCharacter,141101,200
6633,506502,Character,None,110201,2
6634,506502,Character,None,314001,2
6635,506502,Character,None,321001,2
6636,506502,Character,None,319101,2
6637,506502,Character,None,209001,2
6638,506502,Character,None,116001,2
6639,506502,Character,None,217001,2
6640,506502,Character,None,314201,2
6641,506502,Character,None,115001,2
6642,506502,Character,None,202201,2
6643,506502,Character,None,203001,2
6644,506502,Character,None,203201,2
6645,506502,Character,None,207001,2
6646,506502,Character,None,207101,2
6647,506502,Character,None,207201,2
6648,506502,Character,None,108001,2
6649,506502,Character,None,209201,2
6650,506502,Character,None,110101,2
6651,506502,Character,None,111001,2
6652,506502,Character,None,313001,2
6653,506502,Character,None,117201,2
6654,506502,Character,None,218001,2
6655,506502,Character,None,319001,2
6656,506502,Character,None,320101,2
6657,506502,Character,None,324101,2
6658,506502,Character,None,343201,2
6659,506502,Character,None,343101,2
6660,506502,Character,None,343001,2
6661,506502,Character,None,324201,2
6662,506502,Character,None,218101,2
6663,506502,Character,None,108201,2
6664,506502,Character,None,321201,2
6665,506502,Character,None,320201,2
6666,506502,Character,None,320001,2
6667,506502,Character,None,317101,2
6668,506502,Character,None,314101,2
6669,506502,Character,None,113101,2
6670,506502,Character,None,209101,2
6671,506502,Character,None,235201,2
6672,506502,Character,None,110001,2
6673,506502,Character,None,111101,2
6674,506502,Character,None,311201,2
6675,506502,Character,None,331101,2
6676,506502,Character,None,331201,2
6677,506502,Character,None,338101,2
6678,506502,Character,None,328201,2
6679,506502,Character,None,204001,2
6680,506502,Character,None,327001,2
6681,506502,Character,None,327101,2
6682,506502,Character,None,228001,2
6683,506502,Character,None,338001,2
6684,506502,Character,None,235001,2
6685,506502,Character,None,232101,2
6686,506502,Character,None,145001,2
6687,506502,Character,None,145101,2
6688,506502,Character,None,203301,2
6689,506502,Character,None,119201,2
6690,506502,Character,None,338201,2
6691,506502,Character,None,328101,2
6692,506502,Character,None,231301,2
6693,506502,Character,None,331001,2
6694,506502,Character,None,150001,2
6695,506502,Character,None,204301,2
6696,506502,Character,None,355001,2
6697,506502,Character,None,150101,2
6698,506502,Character,None,331401,2
6699,506502,Character,None,319501,2
6700,506502,Character,None,355101,2
6701,506502,Character,None,139101,2
6702,506502,Character,None,239001,2
6703,506502,Character,None,327201,2
6704,506502,Character,None,140301,2
6705,506502,Character,None,258001,2
6706,506502,Character,None,324001,2
6707,506503,Character,None,423001,4
6708,506503,Character,None,422001,4
6709,506503,Character,None,423201,4
6710,506503,Character,None,422201,4
6711,506503,Character,None,423101,4
6712,506503,Character,None,422101,4
6713,506503,Character,None,426001,4
6714,506503,Character,None,423301,4
6715,506503,Character,None,447001,4
6716,506503,Character,None,422501,4
6717,506503,Character,None,433001,4
6718,506504,Character,None,112001,477
6719,506504,Character,None,116101,477
6720,506504,Character,None,129101,477
6721,506504,Character,None,201001,477
6722,506504,Character,None,201101,477
6723,506504,Character,None,202001,477
6724,506504,Character,None,301201,477
6725,506504,Character,None,306001,477
6726,506504,Character,None,306101,477
6727,506505,Character,None,130201,588
6728,506505,Character,None,130301,588
6729,506505,Character,None,130701,588
6730,506505,Character,None,230001,588
6731,506505,Character,None,230101,588
6732,506505,Character,None,230601,588
6733,506505,Character,None,330401,588
6734,506505,Character,None,330501,588
6735,506505,Character,None,330801,588
6736,506601,Character,PickupCharacter,319401,200
6737,506602,Character,None,110201,2
6738,506602,Character,None,314001,2
6739,506602,Character,None,321001,2
6740,506602,Character,None,319101,2
6741,506602,Character,None,209001,2
6742,506602,Character,None,116001,2
6743,506602,Character,None,217001,2
6744,506602,Character,None,314201,2
6745,506602,Character,None,115001,2
6746,506602,Character,None,202201,2
6747,506602,Character,None,203001,2
6748,506602,Character,None,203201,2
6749,506602,Character,None,207001,2
6750,506602,Character,None,207101,2
6751,506602,Character,None,207201,2
6752,506602,Character,None,108001,2
6753,506602,Character,None,209201,2
6754,506602,Character,None,110101,2
6755,506602,Character,None,111001,2
6756,506602,Character,None,313001,2
6757,506602,Character,None,117201,2
6758,506602,Character,None,218001,2
6759,506602,Character,None,319001,2
6760,506602,Character,None,320101,2
6761,506602,Character,None,324101,2
6762,506602,Character,None,343201,2
6763,506602,Character,None,343101,2
6764,506602,Character,None,343001,2
6765,506602,Character,None,324201,2
6766,506602,Character,None,218101,2
6767,506602,Character,None,108201,2
6768,506602,Character,None,321201,2
6769,506602,Character,None,320201,2
6770,506602,Character,None,320001,2
6771,506602,Character,None,317101,2
6772,506602,Character,None,314101,2
6773,506602,Character,None,113101,2
6774,506602,Character,None,209101,2
6775,506602,Character,None,235201,2
6776,506602,Character,None,110001,2
6777,506602,Character,None,111101,2
6778,506602,Character,None,311201,2
6779,506602,Character,None,331101,2
6780,506602,Character,None,331201,2
6781,506602,Character,None,338101,2
6782,506602,Character,None,328201,2
6783,506602,Character,None,204001,2
6784,506602,Character,None,327001,2
6785,506602,Character,None,327101,2
6786,506602,Character,None,228001,2
6787,506602,Character,None,338001,2
6788,506602,Character,None,235001,2
6789,506602,Character,None,232101,2
6790,506602,Character,None,145001,2
6791,506602,Character,None,145101,2
6792,506602,Character,None,203301,2
6793,506602,Character,None,119201,2
6794,506602,Character,None,338201,2
6795,506602,Character,None,328101,2
6796,506602,Character,None,231301,2
6797,506602,Character,None,331001,2
6798,506602,Character,None,150001,2
6799,506602,Character,None,204301,2
6800,506602,Character,None,355001,2
6801,506602,Character,None,150101,2
6802,506602,Character,None,331401,2
6803,506602,Character,None,319501,2
6804,506602,Character,None,355101,2
6805,506602,Character,None,139101,2
6806,506602,Character,None,239001,2
6807,506602,Character,None,327201,2
6808,506602,Character,None,140301,2
6809,506602,Character,None,258001,2
6810,506602,Character,None,324001,2
6811,506602,Character,None,141101,2
6812,506603,Character,None,423001,3
6813,506603,Character,None,422001,3
6814,506603,Character,None,423201,3
6815,506603,Character,None,422201,3
6816,506603,Character,None,423101,3
6817,506603,Character,None,422101,3
6818,506603,Character,None,426001,3
6819,506603,Character,None,423301,3
6820,506603,Character,None,447001,3
6821,506603,Character,None,422501,3
6822,506603,Character,None,433001,3
6823,506603,Character,None,451101,3
6824,506603,Character,None,451401,3
6825,506604,Character,None,112001,477
6826,506604,Character,None,116101,477
6827,506604,Character,None,129101,477
6828,506604,Character,None,201001,477
6829,506604,Character,None,201101,477
6830,506604,Character,None,202001,477
6831,506604,Character,None,301201,477
6832,506604,Character,None,306001,477
6833,506604,Character,None,306101,477
6834,506605,Character,None,130201,588
6835,506605,Character,None,130301,588
6836,506605,Character,None,130701,588
6837,506605,Character,None,230001,588
6838,506605,Character,None,230101,588
6839,506605,Character,None,230601,588
6840,506605,Character,None,330401,588
6841,506605,Character,None,330501,588
6842,506605,Character,None,330801,588
6843,506701,Character,PickupCharacter,306201,200
6844,506702,Character,None,110201,2
6845,506702,Character,None,314001,2
6846,506702,Character,None,321001,2
6847,506702,Character,None,319101,2
6848,506702,Character,None,209001,2
6849,506702,Character,None,116001,2
6850,506702,Character,None,217001,2
6851,506702,Character,None,314201,2
6852,506702,Character,None,115001,2
6853,506702,Character,None,202201,2
6854,506702,Character,None,203001,2
6855,506702,Character,None,203201,2
6856,506702,Character,None,207001,2
6857,506702,Character,None,207101,2
6858,506702,Character,None,207201,2
6859,506702,Character,None,108001,2
6860,506702,Character,None,209201,2
6861,506702,Character,None,110101,2
6862,506702,Character,None,111001,2
6863,506702,Character,None,313001,2
6864,506702,Character,None,117201,2
6865,506702,Character,None,218001,2
6866,506702,Character,None,319001,2
6867,506702,Character,None,320101,2
6868,506702,Character,None,324101,2
6869,506702,Character,None,343201,2
6870,506702,Character,None,343101,2
6871,506702,Character,None,343001,2
6872,506702,Character,None,324201,2
6873,506702,Character,None,218101,2
6874,506702,Character,None,108201,2
6875,506702,Character,None,321201,2
6876,506702,Character,None,320201,2
6877,506702,Character,None,320001,2
6878,506702,Character,None,317101,2
6879,506702,Character,None,314101,2
6880,506702,Character,None,113101,2
6881,506702,Character,None,209101,2
6882,506702,Character,None,235201,2
6883,506702,Character,None,110001,2
6884,506702,Character,None,111101,2
6885,506702,Character,None,311201,2
6886,506702,Character,None,331101,2
6887,506702,Character,None,331201,2
6888,506702,Character,None,338101,2
6889,506702,Character,None,328201,2
6890,506702,Character,None,204001,2
6891,506702,Character,None,327001,2
6892,506702,Character,None,327101,2
6893,506702,Character,None,228001,2
6894,506702,Character,None,338001,2
6895,506702,Character,None,235001,2
6896,506702,Character,None,232101,2
6897,506702,Character,None,145001,2
6898,506702,Character,None,145101,2
6899,506702,Character,None,203301,2
6900,506702,Character,None,119201,2
6901,506702,Character,None,338201,2
6902,506702,Character,None,328101,2
6903,506702,Character,None,231301,2
6904,506702,Character,None,331001,2
6905,506702,Character,None,150001,2
6906,506702,Character,None,204301,2
6907,506702,Character,None,355001,2
6908,506702,Character,None,150101,2
6909,506702,Character,None,331401,2
6910,506702,Character,None,319501,2
6911,506702,Character,None,355101,2
6912,506702,Character,None,139101,2
6913,506702,Character,None,239001,2
6914,506702,Character,None,327201,2
6915,506702,Character,None,140301,2
6916,506702,Character,None,258001,2
6917,506702,Character,None,324001,2
6918,506702,Character,None,141101,2
6919,506703,Character,None,423001,3
6920,506703,Character,None,422001,3
6921,506703,Character,None,423201,3
6922,506703,Character,None,422201,3
6923,506703,Character,None,423101,3
6924,506703,Character,None,422101,3
6925,506703,Character,None,426001,3
6926,506703,Character,None,423301,3
6927,506703,Character,None,447001,3
6928,506703,Character,None,422501,3
6929,506703,Character,None,433001,3
6930,506703,Character,None,451101,3
6931,506703,Character,None,451401,3
6932,506704,Character,None,112001,477
6933,506704,Character,None,116101,477
6934,506704,Character,None,129101,477
6935,506704,Character,None,201001,477
6936,506704,Character,None,201101,477
6937,506704,Character,None,202001,477
6938,506704,Character,None,301201,477
6939,506704,Character,None,306001,477
6940,506704,Character,None,306101,477
6941,506705,Character,None,130201,588
6942,506705,Character,None,130301,588
6943,506705,Character,None,130701,588
6944,506705,Character,None,230001,588
6945,506705,Character,None,230101,588
6946,506705,Character,None,230601,588
6947,506705,Character,None,330401,588
6948,506705,Character,None,330501,588
6949,506705,Character,None,330801,588
6950,506801,Character,PickupCharacter,218301,200
6951,506802,Character,None,110201,2
6952,506802,Character,None,314001,2
6953,506802,Character,None,321001,2
6954,506802,Character,None,319101,2
6955,506802,Character,None,209001,2
6956,506802,Character,None,116001,2
6957,506802,Character,None,217001,2
6958,506802,Character,None,314201,2
6959,506802,Character,None,115001,2
6960,506802,Character,None,202201,2
6961,506802,Character,None,203001,2
6962,506802,Character,None,203201,2
6963,506802,Character,None,207001,2
6964,506802,Character,None,207101,2
6965,506802,Character,None,207201,2
6966,506802,Character,None,108001,2
6967,506802,Character,None,209201,2
6968,506802,Character,None,110101,2
6969,506802,Character,None,111001,2
6970,506802,Character,None,313001,2
6971,506802,Character,None,117201,2
6972,506802,Character,None,218001,2
6973,506802,Character,None,319001,2
6974,506802,Character,None,320101,2
6975,506802,Character,None,324101,2
6976,506802,Character,None,343201,2
6977,506802,Character,None,343101,2
6978,506802,Character,None,343001,2
6979,506802,Character,None,324201,2
6980,506802,Character,None,218101,2
6981,506802,Character,None,108201,2
6982,506802,Character,None,321201,2
6983,506802,Character,None,320201,2
6984,506802,Character,None,320001,2
6985,506802,Character,None,317101,2
6986,506802,Character,None,314101,2
6987,506802,Character,None,113101,2
6988,506802,Character,None,209101,2
6989,506802,Character,None,235201,2
6990,506802,Character,None,110001,2
6991,506802,Character,None,111101,2
6992,506802,Character,None,311201,2
6993,506802,Character,None,331101,2
6994,506802,Character,None,331201,2
6995,506802,Character,None,338101,2
6996,506802,Character,None,328201,2
6997,506802,Character,None,204001,2
6998,506802,Character,None,327001,2
6999,506802,Character,None,327101,2
7000,506802,Character,None,228001,2
7001,506802,Character,None,338001,2
7002,506802,Character,None,235001,2
7003,506802,Character,None,232101,2
7004,506802,Character,None,145001,2
7005,506802,Character,None,145101,2
7006,506802,Character,None,203301,2
7007,506802,Character,None,119201,2
7008,506802,Character,None,338201,2
7009,506802,Character,None,328101,2
7010,506802,Character,None,231301,2
7011,506802,Character,None,331001,2
7012,506802,Character,None,150001,2
7013,506802,Character,None,204301,2
7014,506802,Character,None,355001,2
7015,506802,Character,None,150101,2
7016,506802,Character,None,331401,2
7017,506802,Character,None,319501,2
7018,506802,Character,None,355101,2
7019,506802,Character,None,139101,2
7020,506802,Character,None,239001,2
7021,506802,Character,None,327201,2
7022,506802,Character,None,140301,2
7023,506802,Character,None,258001,2
7024,506802,Character,None,324001,2
7025,506802,Character,None,141101,2
7026,506803,Character,None,423001,3
7027,506803,Character,None,422001,3
7028,506803,Character,None,423201,3
7029,506803,Character,None,422201,3
7030,506803,Character,None,423101,3
7031,506803,Character,None,422101,3
7032,506803,Character,None,426001,3
7033,506803,Character,None,423301,3
7034,506803,Character,None,447001,3
7035,506803,Character,None,422501,3
7036,506803,Character,None,433001,3
7037,506803,Character,None,451101,3
7038,506803,Character,None,451401,3
7039,506804,Character,None,112001,477
7040,506804,Character,None,116101,477
7041,506804,Character,None,129101,477
7042,506804,Character,None,201001,477
7043,506804,Character,None,201101,477
7044,506804,Character,None,202001,477
7045,506804,Character,None,301201,477
7046,506804,Character,None,306001,477
7047,506804,Character,None,306101,477
7048,506805,Character,None,130201,588
7049,506805,Character,None,130301,588
7050,506805,Character,None,130701,588
7051,506805,Character,None,230001,588
7052,506805,Character,None,230101,588
7053,506805,Character,None,230601,588
7054,506805,Character,None,330401,588
7055,506805,Character,None,330501,588
7056,506805,Character,None,330801,588
7057,506901,Character,PickupCharacter,218201,200
7058,506902,Character,None,110201,2
7059,506902,Character,None,314001,2
7060,506902,Character,None,321001,2
7061,506902,Character,None,319101,2
7062,506902,Character,None,209001,2
7063,506902,Character,None,116001,2
7064,506902,Character,None,217001,2
7065,506902,Character,None,314201,2
7066,506902,Character,None,115001,2
7067,506902,Character,None,202201,2
7068,506902,Character,None,203001,2
7069,506902,Character,None,203201,2
7070,506902,Character,None,207001,2
7071,506902,Character,None,207101,2
7072,506902,Character,None,207201,2
7073,506902,Character,None,108001,2
7074,506902,Character,None,209201,2
7075,506902,Character,None,110101,2
7076,506902,Character,None,111001,2
7077,506902,Character,None,313001,2
7078,506902,Character,None,117201,2
7079,506902,Character,None,218001,2
7080,506902,Character,None,319001,2
7081,506902,Character,None,320101,2
7082,506902,Character,None,324101,2
7083,506902,Character,None,343201,2
7084,506902,Character,None,343101,2
7085,506902,Character,None,343001,2
7086,506902,Character,None,324201,2
7087,506902,Character,None,218101,2
7088,506902,Character,None,108201,2
7089,506902,Character,None,321201,2
7090,506902,Character,None,320201,2
7091,506902,Character,None,320001,2
7092,506902,Character,None,317101,2
7093,506902,Character,None,314101,2
7094,506902,Character,None,113101,2
7095,506902,Character,None,209101,2
7096,506902,Character,None,235201,2
7097,506902,Character,None,110001,2
7098,506902,Character,None,111101,2
7099,506902,Character,None,311201,2
7100,506902,Character,None,331101,2
7101,506902,Character,None,331201,2
7102,506902,Character,None,338101,2
7103,506902,Character,None,328201,2
7104,506902,Character,None,204001,2
7105,506902,Character,None,327001,2
7106,506902,Character,None,327101,2
7107,506902,Character,None,228001,2
7108,506902,Character,None,338001,2
7109,506902,Character,None,235001,2
7110,506902,Character,None,232101,2
7111,506902,Character,None,145001,2
7112,506902,Character,None,145101,2
7113,506902,Character,None,203301,2
7114,506902,Character,None,119201,2
7115,506902,Character,None,338201,2
7116,506902,Character,None,328101,2
7117,506902,Character,None,231301,2
7118,506902,Character,None,331001,2
7119,506902,Character,None,150001,2
7120,506902,Character,None,204301,2
7121,506902,Character,None,355001,2
7122,506902,Character,None,150101,2
7123,506902,Character,None,331401,2
7124,506902,Character,None,319501,2
7125,506902,Character,None,355101,2
7126,506902,Character,None,139101,2
7127,506902,Character,None,239001,2
7128,506902,Character,None,327201,2
7129,506902,Character,None,140301,2
7130,506902,Character,None,258001,2
7131,506902,Character,None,324001,2
7132,506902,Character,None,141101,2
7133,506903,Character,None,423001,3
7134,506903,Character,None,422001,3
7135,506903,Character,None,423201,3
7136,506903,Character,None,422201,3
7137,506903,Character,None,423101,3
7138,506903,Character,None,422101,3
7139,506903,Character,None,426001,3
7140,506903,Character,None,423301,3
7141,506903,Character,None,447001,3
7142,506903,Character,None,422501,3
7143,506903,Character,None,433001,3
7144,506903,Character,None,451101,3
7145,506903,Character,None,451401,3
7146,506904,Character,None,112001,477
7147,506904,Character,None,116101,477
7148,506904,Character,None,129101,477
7149,506904,Character,None,201001,477
7150,506904,Character,None,201101,477
7151,506904,Character,None,202001,477
7152,506904,Character,None,301201,477
7153,506904,Character,None,306001,477
7154,506904,Character,None,306101,477
7155,506905,Character,None,130201,588
7156,506905,Character,None,130301,588
7157,506905,Character,None,130701,588
7158,506905,Character,None,230001,588
7159,506905,Character,None,230101,588
7160,506905,Character,None,230601,588
7161,506905,Character,None,330401,588
7162,506905,Character,None,330501,588
7163,506905,Character,None,330801,588
7164,507001,Character,PickupCharacter,201601,100
7165,507002,Character,None,110201,3
7166,507002,Character,None,314001,3
7167,507002,Character,None,321001,3
7168,507002,Character,None,319101,3
7169,507002,Character,None,209001,3
7170,507002,Character,None,116001,3
7171,507002,Character,None,217001,3
7172,507002,Character,None,314201,3
7173,507002,Character,None,115001,3
7174,507002,Character,None,202201,3
7175,507002,Character,None,203001,3
7176,507002,Character,None,203201,3
7177,507002,Character,None,207001,3
7178,507002,Character,None,207101,3
7179,507002,Character,None,207201,3
7180,507002,Character,None,108001,3
7181,507002,Character,None,209201,3
7182,507002,Character,None,110101,3
7183,507002,Character,None,111001,3
7184,507002,Character,None,313001,3
7185,507002,Character,None,117201,3
7186,507002,Character,None,218001,3
7187,507002,Character,None,319001,3
7188,507002,Character,None,320101,3
7189,507002,Character,None,324101,3
7190,507002,Character,None,343201,3
7191,507002,Character,None,343101,3
7192,507002,Character,None,343001,3
7193,507002,Character,None,324201,3
7194,507002,Character,None,218101,3
7195,507002,Character,None,108201,3
7196,507002,Character,None,321201,3
7197,507002,Character,None,320201,3
7198,507002,Character,None,320001,3
7199,507002,Character,None,317101,3
7200,507002,Character,None,314101,3
7201,507002,Character,None,113101,3
7202,507002,Character,None,209101,3
7203,507002,Character,None,235201,3
7204,507002,Character,None,110001,3
7205,507002,Character,None,111101,3
7206,507002,Character,None,311201,3
7207,507002,Character,None,331101,3
7208,507002,Character,None,331201,3
7209,507002,Character,None,338101,3
7210,507002,Character,None,328201,3
7211,507002,Character,None,204001,3
7212,507002,Character,None,327001,3
7213,507002,Character,None,327101,3
7214,507002,Character,None,228001,3
7215,507002,Character,None,338001,3
7216,507002,Character,None,235001,3
7217,507002,Character,None,232101,3
7218,507002,Character,None,145001,3
7219,507002,Character,None,145101,3
7220,507002,Character,None,203301,3
7221,507002,Character,None,119201,3
7222,507002,Character,None,338201,3
7223,507002,Character,None,328101,3
7224,507002,Character,None,231301,3
7225,507002,Character,None,331001,3
7226,507002,Character,None,150001,3
7227,507002,Character,None,204301,3
7228,507002,Character,None,355001,3
7229,507002,Character,None,150101,3
7230,507002,Character,None,331401,3
7231,507002,Character,None,319501,3
7232,507002,Character,None,355101,3
7233,507002,Character,None,139101,3
7234,507002,Character,None,239001,3
7235,507002,Character,None,327201,3
7236,507002,Character,None,140301,3
7237,507002,Character,None,258001,3
7238,507002,Character,None,324001,3
7239,507002,Character,None,141101,3
7240,507003,Character,None,423001,3
7241,507003,Character,None,422001,3
7242,507003,Character,None,423201,3
7243,507003,Character,None,422201,3
7244,507003,Character,None,423101,3
7245,507003,Character,None,422101,3
7246,507003,Character,None,426001,3
7247,507003,Character,None,423301,3
7248,507003,Character,None,447001,3
7249,507003,Character,None,422501,3
7250,507003,Character,None,433001,3
7251,507003,Character,None,451101,3
7252,507003,Character,None,451401,3
7253,507004,Character,None,112001,477
7254,507004,Character,None,116101,477
7255,507004,Character,None,129101,477
7256,507004,Character,None,201001,477
7257,507004,Character,None,201101,477
7258,507004,Character,None,202001,477
7259,507004,Character,None,301201,477
7260,507004,Character,None,306001,477
7261,507004,Character,None,306101,477
7262,507005,Character,None,130201,588
7263,507005,Character,None,130301,588
7264,507005,Character,None,130701,588
7265,507005,Character,None,230001,588
7266,507005,Character,None,230101,588
7267,507005,Character,None,230601,588
7268,507005,Character,None,330401,588
7269,507005,Character,None,330501,588
7270,507005,Character,None,330801,588
7271,507101,Character,PickupCharacter,422501,100
7272,507102,Character,None,110201,3
7273,507102,Character,None,314001,3
7274,507102,Character,None,321001,3
7275,507102,Character,None,319101,3
7276,507102,Character,None,209001,3
7277,507102,Character,None,116001,3
7278,507102,Character,None,217001,3
7279,507102,Character,None,314201,3
7280,507102,Character,None,115001,3
7281,507102,Character,None,202201,3
7282,507102,Character,None,203001,3
7283,507102,Character,None,203201,3
7284,507102,Character,None,207001,3
7285,507102,Character,None,207101,3
7286,507102,Character,None,207201,3
7287,507102,Character,None,108001,3
7288,507102,Character,None,209201,3
7289,507102,Character,None,110101,3
7290,507102,Character,None,111001,3
7291,507102,Character,None,313001,3
7292,507102,Character,None,117201,3
7293,507102,Character,None,218001,3
7294,507102,Character,None,319001,3
7295,507102,Character,None,320101,3
7296,507102,Character,None,324101,3
7297,507102,Character,None,343201,3
7298,507102,Character,None,343101,3
7299,507102,Character,None,343001,3
7300,507102,Character,None,324201,3
7301,507102,Character,None,218101,3
7302,507102,Character,None,108201,3
7303,507102,Character,None,321201,3
7304,507102,Character,None,320201,3
7305,507102,Character,None,320001,3
7306,507102,Character,None,317101,3
7307,507102,Character,None,314101,3
7308,507102,Character,None,113101,3
7309,507102,Character,None,209101,3
7310,507102,Character,None,235201,3
7311,507102,Character,None,110001,3
7312,507102,Character,None,111101,3
7313,507102,Character,None,311201,3
7314,507102,Character,None,331101,3
7315,507102,Character,None,331201,3
7316,507102,Character,None,338101,3
7317,507102,Character,None,328201,3
7318,507102,Character,None,204001,3
7319,507102,Character,None,327001,3
7320,507102,Character,None,327101,3
7321,507102,Character,None,228001,3
7322,507102,Character,None,338001,3
7323,507102,Character,None,235001,3
7324,507102,Character,None,232101,3
7325,507102,Character,None,145001,3
7326,507102,Character,None,145101,3
7327,507102,Character,None,203301,3
7328,507102,Character,None,119201,3
7329,507102,Character,None,338201,3
7330,507102,Character,None,328101,3
7331,507102,Character,None,231301,3
7332,507102,Character,None,331001,3
7333,507102,Character,None,150001,3
7334,507102,Character,None,204301,3
7335,507102,Character,None,355001,3
7336,507102,Character,None,150101,3
7337,507102,Character,None,331401,3
7338,507102,Character,None,319501,3
7339,507102,Character,None,355101,3
7340,507102,Character,None,139101,3
7341,507102,Character,None,239001,3
7342,507102,Character,None,327201,3
7343,507102,Character,None,140301,3
7344,507102,Character,None,258001,3
7345,507102,Character,None,324001,3
7346,507102,Character,None,141101,3
7347,507103,Character,None,423001,4
7348,507103,Character,None,422001,4
7349,507103,Character,None,423201,4
7350,507103,Character,None,422201,4
7351,507103,Character,None,423101,4
7352,507103,Character,None,422101,4
7353,507103,Character,None,426001,4
7354,507103,Character,None,423301,4
7355,507103,Character,None,447001,4
7356,507103,Character,None,433001,4
7357,507103,Character,None,451101,4
7358,507103,Character,None,451401,4
7359,507104,Character,None,112001,477
7360,507104,Character,None,116101,477
7361,507104,Character,None,129101,477
7362,507104,Character,None,201001,477
7363,507104,Character,None,201101,477
7364,507104,Character,None,202001,477
7365,507104,Character,None,301201,477
7366,507104,Character,None,306001,477
7367,507104,Character,None,306101,477
7368,507105,Character,None,130201,588
7369,507105,Character,None,130301,588
7370,507105,Character,None,130701,588
7371,507105,Character,None,230001,588
7372,507105,Character,None,230101,588
7373,507105,Character,None,230601,588
7374,507105,Character,None,330401,588
7375,507105,Character,None,330501,588
7376,507105,Character,None,330801,588
7377,507201,Character,PickupCharacter,129001,200
7378,507202,Character,None,110201,2
7379,507202,Character,None,314001,2
7380,507202,Character,None,321001,2
7381,507202,Character,None,319101,2
7382,507202,Character,None,209001,2
7383,507202,Character,None,116001,2
7384,507202,Character,None,217001,2
7385,507202,Character,None,314201,2
7386,507202,Character,None,115001,2
7387,507202,Character,None,202201,2
7388,507202,Character,None,203001,2
7389,507202,Character,None,203201,2
7390,507202,Character,None,207001,2
7391,507202,Character,None,207101,2
7392,507202,Character,None,207201,2
7393,507202,Character,None,108001,2
7394,507202,Character,None,209201,2
7395,507202,Character,None,110101,2
7396,507202,Character,None,111001,2
7397,507202,Character,None,313001,2
7398,507202,Character,None,117201,2
7399,507202,Character,None,218001,2
7400,507202,Character,None,319001,2
7401,507202,Character,None,320101,2
7402,507202,Character,None,324101,2
7403,507202,Character,None,343201,2
7404,507202,Character,None,343101,2
7405,507202,Character,None,343001,2
7406,507202,Character,None,324201,2
7407,507202,Character,None,218101,2
7408,507202,Character,None,108201,2
7409,507202,Character,None,321201,2
7410,507202,Character,None,320201,2
7411,507202,Character,None,320001,2
7412,507202,Character,None,317101,2
7413,507202,Character,None,314101,2
7414,507202,Character,None,113101,2
7415,507202,Character,None,209101,2
7416,507202,Character,None,235201,2
7417,507202,Character,None,110001,2
7418,507202,Character,None,111101,2
7419,507202,Character,None,311201,2
7420,507202,Character,None,331101,2
7421,507202,Character,None,331201,2
7422,507202,Character,None,338101,2
7423,507202,Character,None,328201,2
7424,507202,Character,None,204001,2
7425,507202,Character,None,327001,2
7426,507202,Character,None,327101,2
7427,507202,Character,None,228001,2
7428,507202,Character,None,338001,2
7429,507202,Character,None,235001,2
7430,507202,Character,None,232101,2
7431,507202,Character,None,145001,2
7432,507202,Character,None,145101,2
7433,507202,Character,None,203301,2
7434,507202,Character,None,119201,2
7435,507202,Character,None,338201,2
7436,507202,Character,None,328101,2
7437,507202,Character,None,231301,2
7438,507202,Character,None,331001,2
7439,507202,Character,None,150001,2
7440,507202,Character,None,204301,2
7441,507202,Character,None,355001,2
7442,507202,Character,None,150101,2
7443,507202,Character,None,331401,2
7444,507202,Character,None,319501,2
7445,507202,Character,None,355101,2
7446,507202,Character,None,139101,2
7447,507202,Character,None,239001,2
7448,507202,Character,None,327201,2
7449,507202,Character,None,140301,2
7450,507202,Character,None,258001,2
7451,507202,Character,None,324001,2
7452,507202,Character,None,141101,2
7453,507203,Character,None,423001,3
7454,507203,Character,None,422001,3
7455,507203,Character,None,423201,3
7456,507203,Character,None,422201,3
7457,507203,Character,None,423101,3
7458,507203,Character,None,422101,3
7459,507203,Character,None,426001,3
7460,507203,Character,None,423301,3
7461,507203,Character,None,447001,3
7462,507203,Character,None,422501,3
7463,507203,Character,None,433001,3
7464,507203,Character,None,451101,3
7465,507203,Character,None,451401,3
7466,507204,Character,None,112001,477
7467,507204,Character,None,116101,477
7468,507204,Character,None,129101,477
7469,507204,Character,None,201001,477
7470,507204,Character,None,201101,477
7471,507204,Character,None,202001,477
7472,507204,Character,None,301201,477
7473,507204,Character,None,306001,477
7474,507204,Character,None,306101,477
7475,507205,Character,None,130201,588
7476,507205,Character,None,130301,588
7477,507205,Character,None,130701,588
7478,507205,Character,None,230001,588
7479,507205,Character,None,230101,588
7480,507205,Character,None,230601,588
7481,507205,Character,None,330401,588
7482,507205,Character,None,330501,588
7483,507205,Character,None,330801,588
7484,507301,Character,PickupCharacter,235401,200
7485,507302,Character,None,110201,2
7486,507302,Character,None,314001,2
7487,507302,Character,None,321001,2
7488,507302,Character,None,319101,2
7489,507302,Character,None,209001,2
7490,507302,Character,None,116001,2
7491,507302,Character,None,217001,2
7492,507302,Character,None,314201,2
7493,507302,Character,None,115001,2
7494,507302,Character,None,202201,2
7495,507302,Character,None,203001,2
7496,507302,Character,None,203201,2
7497,507302,Character,None,207001,2
7498,507302,Character,None,207101,2
7499,507302,Character,None,207201,2
7500,507302,Character,None,108001,2
7501,507302,Character,None,209201,2
7502,507302,Character,None,110101,2
7503,507302,Character,None,111001,2
7504,507302,Character,None,313001,2
7505,507302,Character,None,117201,2
7506,507302,Character,None,218001,2
7507,507302,Character,None,319001,2
7508,507302,Character,None,320101,2
7509,507302,Character,None,324101,2
7510,507302,Character,None,343201,2
7511,507302,Character,None,343101,2
7512,507302,Character,None,343001,2
7513,507302,Character,None,324201,2
7514,507302,Character,None,218101,2
7515,507302,Character,None,108201,2
7516,507302,Character,None,321201,2
7517,507302,Character,None,320201,2
7518,507302,Character,None,320001,2
7519,507302,Character,None,317101,2
7520,507302,Character,None,314101,2
7521,507302,Character,None,113101,2
7522,507302,Character,None,209101,2
7523,507302,Character,None,235201,2
7524,507302,Character,None,110001,2
7525,507302,Character,None,111101,2
7526,507302,Character,None,311201,2
7527,507302,Character,None,331101,2
7528,507302,Character,None,331201,2
7529,507302,Character,None,338101,2
7530,507302,Character,None,328201,2
7531,507302,Character,None,204001,2
7532,507302,Character,None,327001,2
7533,507302,Character,None,327101,2
7534,507302,Character,None,228001,2
7535,507302,Character,None,338001,2
7536,507302,Character,None,235001,2
7537,507302,Character,None,232101,2
7538,507302,Character,None,145001,2
7539,507302,Character,None,145101,2
7540,507302,Character,None,203301,2
7541,507302,Character,None,119201,2
7542,507302,Character,None,338201,2
7543,507302,Character,None,328101,2
7544,507302,Character,None,231301,2
7545,507302,Character,None,331001,2
7546,507302,Character,None,150001,2
7547,507302,Character,None,204301,2
7548,507302,Character,None,355001,2
7549,507302,Character,None,150101,2
7550,507302,Character,None,331401,2
7551,507302,Character,None,319501,2
7552,507302,Character,None,355101,2
7553,507302,Character,None,139101,2
7554,507302,Character,None,239001,2
7555,507302,Character,None,327201,2
7556,507302,Character,None,140301,2
7557,507302,Character,None,258001,2
7558,507302,Character,None,324001,2
7559,507302,Character,None,141101,2
7560,507303,Character,None,423001,3
7561,507303,Character,None,422001,3
7562,507303,Character,None,423201,3
7563,507303,Character,None,422201,3
7564,507303,Character,None,423101,3
7565,507303,Character,None,422101,3
7566,507303,Character,None,426001,3
7567,507303,Character,None,423301,3
7568,507303,Character,None,447001,3
7569,507303,Character,None,422501,3
7570,507303,Character,None,433001,3
7571,507303,Character,None,451101,3
7572,507303,Character,None,451401,3
7573,507304,Character,None,112001,477
7574,507304,Character,None,116101,477
7575,507304,Character,None,129101,477
7576,507304,Character,None,201001,477
7577,507304,Character,None,201101,477
7578,507304,Character,None,202001,477
7579,507304,Character,None,301201,477
7580,507304,Character,None,306001,477
7581,507304,Character,None,306101,477
7582,507305,Character,None,130201,588
7583,507305,Character,None,130301,588
7584,507305,Character,None,130701,588
7585,507305,Character,None,230001,588
7586,507305,Character,None,230101,588
7587,507305,Character,None,230601,588
7588,507305,Character,None,330401,588
7589,507305,Character,None,330501,588
7590,507305,Character,None,330801,588
7591,507401,Character,PickupCharacter,235501,200
7592,507402,Character,None,110201,2
7593,507402,Character,None,314001,2
7594,507402,Character,None,321001,2
7595,507402,Character,None,319101,2
7596,507402,Character,None,209001,2
7597,507402,Character,None,116001,2
7598,507402,Character,None,217001,2
7599,507402,Character,None,314201,2
7600,507402,Character,None,115001,2
7601,507402,Character,None,202201,2
7602,507402,Character,None,203001,2
7603,507402,Character,None,203201,2
7604,507402,Character,None,207001,2
7605,507402,Character,None,207101,2
7606,507402,Character,None,207201,2
7607,507402,Character,None,108001,2
7608,507402,Character,None,209201,2
7609,507402,Character,None,110101,2
7610,507402,Character,None,111001,2
7611,507402,Character,None,313001,2
7612,507402,Character,None,117201,2
7613,507402,Character,None,218001,2
7614,507402,Character,None,319001,2
7615,507402,Character,None,320101,2
7616,507402,Character,None,324101,2
7617,507402,Character,None,343201,2
7618,507402,Character,None,343101,2
7619,507402,Character,None,343001,2
7620,507402,Character,None,324201,2
7621,507402,Character,None,218101,2
7622,507402,Character,None,108201,2
7623,507402,Character,None,321201,2
7624,507402,Character,None,320201,2
7625,507402,Character,None,320001,2
7626,507402,Character,None,317101,2
7627,507402,Character,None,314101,2
7628,507402,Character,None,113101,2
7629,507402,Character,None,209101,2
7630,507402,Character,None,235201,2
7631,507402,Character,None,110001,2
7632,507402,Character,None,111101,2
7633,507402,Character,None,311201,2
7634,507402,Character,None,331101,2
7635,507402,Character,None,331201,2
7636,507402,Character,None,338101,2
7637,507402,Character,None,328201,2
7638,507402,Character,None,204001,2
7639,507402,Character,None,327001,2
7640,507402,Character,None,327101,2
7641,507402,Character,None,228001,2
7642,507402,Character,None,338001,2
7643,507402,Character,None,235001,2
7644,507402,Character,None,232101,2
7645,507402,Character,None,145001,2
7646,507402,Character,None,145101,2
7647,507402,Character,None,203301,2
7648,507402,Character,None,119201,2
7649,507402,Character,None,338201,2
7650,507402,Character,None,328101,2
7651,507402,Character,None,231301,2
7652,507402,Character,None,331001,2
7653,507402,Character,None,150001,2
7654,507402,Character,None,204301,2
7655,507402,Character,None,355001,2
7656,507402,Character,None,150101,2
7657,507402,Character,None,331401,2
7658,507402,Character,None,319501,2
7659,507402,Character,None,355101,2
7660,507402,Character,None,139101,2
7661,507402,Character,None,239001,2
7662,507402,Character,None,327201,2
7663,507402,Character,None,140301,2
7664,507402,Character,None,258001,2
7665,507402,Character,None,324001,2
7666,507402,Character,None,141101,2
7667,507403,Character,None,423001,3
7668,507403,Character,None,422001,3
7669,507403,Character,None,423201,3
7670,507403,Character,None,422201,3
7671,507403,Character,None,423101,3
7672,507403,Character,None,422101,3
7673,507403,Character,None,426001,3
7674,507403,Character,None,423301,3
7675,507403,Character,None,447001,3
7676,507403,Character,None,422501,3
7677,507403,Character,None,433001,3
7678,507403,Character,None,451101,3
7679,507403,Character,None,451401,3
7680,507404,Character,None,112001,477
7681,507404,Character,None,116101,477
7682,507404,Character,None,129101,477
7683,507404,Character,None,201001,477
7684,507404,Character,None,201101,477
7685,507404,Character,None,202001,477
7686,507404,Character,None,301201,477
7687,507404,Character,None,306001,477
7688,507404,Character,None,306101,477
7689,507405,Character,None,130201,588
7690,507405,Character,None,130301,588
7691,507405,Character,None,130701,588
7692,507405,Character,None,230001,588
7693,507405,Character,None,230101,588
7694,507405,Character,None,230601,588
7695,507405,Character,None,330401,588
7696,507405,Character,None,330501,588
7697,507405,Character,None,330801,588
7698,507501,Character,PickupCharacter,583001,200
7699,507502,Character,None,110201,1
7700,507502,Character,None,314001,1
7701,507502,Character,None,321001,1
7702,507502,Character,None,319101,1
7703,507502,Character,None,209001,1
7704,507502,Character,None,116001,1
7705,507502,Character,None,217001,1
7706,507502,Character,None,314201,1
7707,507502,Character,None,115001,1
7708,507502,Character,None,202201,1
7709,507502,Character,None,203001,1
7710,507502,Character,None,203201,1
7711,507502,Character,None,207001,1
7712,507502,Character,None,207101,1
7713,507502,Character,None,207201,1
7714,507502,Character,None,108001,1
7715,507502,Character,None,209201,1
7716,507502,Character,None,110101,1
7717,507502,Character,None,111001,1
7718,507502,Character,None,313001,1
7719,507502,Character,None,117201,1
7720,507502,Character,None,218001,1
7721,507502,Character,None,319001,1
7722,507502,Character,None,320101,1
7723,507502,Character,None,324101,1
7724,507502,Character,None,343201,1
7725,507502,Character,None,343101,1
7726,507502,Character,None,343001,1
7727,507502,Character,None,324201,1
7728,507502,Character,None,218101,1
7729,507502,Character,None,108201,1
7730,507502,Character,None,321201,1
7731,507502,Character,None,320201,1
7732,507502,Character,None,320001,1
7733,507502,Character,None,317101,1
7734,507502,Character,None,314101,1
7735,507502,Character,None,113101,1
7736,507502,Character,None,209101,1
7737,507502,Character,None,235201,1
7738,507502,Character,None,110001,1
7739,507502,Character,None,111101,1
7740,507502,Character,None,311201,1
7741,507502,Character,None,331101,1
7742,507502,Character,None,331201,1
7743,507502,Character,None,338101,1
7744,507502,Character,None,328201,1
7745,507502,Character,None,204001,1
7746,507502,Character,None,327001,1
7747,507502,Character,None,327101,1
7748,507502,Character,None,228001,1
7749,507502,Character,None,338001,1
7750,507502,Character,None,235001,1
7751,507502,Character,None,232101,1
7752,507502,Character,None,145001,1
7753,507502,Character,None,145101,1
7754,507502,Character,None,203301,1
7755,507502,Character,None,119201,1
7756,507502,Character,None,338201,1
7757,507502,Character,None,328101,1
7758,507502,Character,None,231301,1
7759,507502,Character,None,331001,1
7760,507502,Character,None,150001,1
7761,507502,Character,None,204301,1
7762,507502,Character,None,355001,1
7763,507502,Character,None,150101,1
7764,507502,Character,None,331401,1
7765,507502,Character,None,319501,1
7766,507502,Character,None,355101,1
7767,507502,Character,None,139101,1
7768,507502,Character,None,239001,1
7769,507502,Character,None,327201,1
7770,507502,Character,None,140301,1
7771,507502,Character,None,258001,1
7772,507502,Character,None,324001,1
7773,507502,Character,None,141101,1
7774,507502,Character,None,129001,1
7775,507502,Character,None,235401,1
7776,507503,Character,None,423001,3
7777,507503,Character,None,422001,3
7778,507503,Character,None,423201,3
7779,507503,Character,None,422201,3
7780,507503,Character,None,423101,3
7781,507503,Character,None,422101,3
7782,507503,Character,None,426001,3
7783,507503,Character,None,423301,3
7784,507503,Character,None,447001,3
7785,507503,Character,None,422501,3
7786,507503,Character,None,433001,3
7787,507503,Character,None,451101,3
7788,507503,Character,None,451401,3
7789,507503,Character,None,201601,3
7790,507504,Character,None,112001,477
7791,507504,Character,None,116101,477
7792,507504,Character,None,129101,477
7793,507504,Character,None,201001,477
7794,507504,Character,None,201101,477
7795,507504,Character,None,202001,477
7796,507504,Character,None,301201,477
7797,507504,Character,None,306001,477
7798,507504,Character,None,306101,477
7799,507505,Character,None,130201,588
7800,507505,Character,None,130301,588
7801,507505,Character,None,130701,588
7802,507505,Character,None,230001,588
7803,507505,Character,None,230101,588
7804,507505,Character,None,230601,588
7805,507505,Character,None,330401,588
7806,507505,Character,None,330501,588
7807,507505,Character,None,330801,588
7808,507601,Character,PickupCharacter,583101,200
7809,507602,Character,None,110201,1
7810,507602,Character,None,314001,1
7811,507602,Character,None,321001,1
7812,507602,Character,None,319101,1
7813,507602,Character,None,209001,1
7814,507602,Character,None,116001,1
7815,507602,Character,None,217001,1
7816,507602,Character,None,314201,1
7817,507602,Character,None,115001,1
7818,507602,Character,None,202201,1
7819,507602,Character,None,203001,1
7820,507602,Character,None,203201,1
7821,507602,Character,None,207001,1
7822,507602,Character,None,207101,1
7823,507602,Character,None,207201,1
7824,507602,Character,None,108001,1
7825,507602,Character,None,209201,1
7826,507602,Character,None,110101,1
7827,507602,Character,None,111001,1
7828,507602,Character,None,313001,1
7829,507602,Character,None,117201,1
7830,507602,Character,None,218001,1
7831,507602,Character,None,319001,1
7832,507602,Character,None,320101,1
7833,507602,Character,None,324101,1
7834,507602,Character,None,343201,1
7835,507602,Character,None,343101,1
7836,507602,Character,None,343001,1
7837,507602,Character,None,324201,1
7838,507602,Character,None,218101,1
7839,507602,Character,None,108201,1
7840,507602,Character,None,321201,1
7841,507602,Character,None,320201,1
7842,507602,Character,None,320001,1
7843,507602,Character,None,317101,1
7844,507602,Character,None,314101,1
7845,507602,Character,None,113101,1
7846,507602,Character,None,209101,1
7847,507602,Character,None,235201,1
7848,507602,Character,None,110001,1
7849,507602,Character,None,111101,1
7850,507602,Character,None,311201,1
7851,507602,Character,None,331101,1
7852,507602,Character,None,331201,1
7853,507602,Character,None,338101,1
7854,507602,Character,None,328201,1
7855,507602,Character,None,204001,1
7856,507602,Character,None,327001,1
7857,507602,Character,None,327101,1
7858,507602,Character,None,228001,1
7859,507602,Character,None,338001,1
7860,507602,Character,None,235001,1
7861,507602,Character,None,232101,1
7862,507602,Character,None,145001,1
7863,507602,Character,None,145101,1
7864,507602,Character,None,203301,1
7865,507602,Character,None,119201,1
7866,507602,Character,None,338201,1
7867,507602,Character,None,328101,1
7868,507602,Character,None,231301,1
7869,507602,Character,None,331001,1
7870,507602,Character,None,150001,1
7871,507602,Character,None,204301,1
7872,507602,Character,None,355001,1
7873,507602,Character,None,150101,1
7874,507602,Character,None,331401,1
7875,507602,Character,None,319501,1
7876,507602,Character,None,355101,1
7877,507602,Character,None,139101,1
7878,507602,Character,None,239001,1
7879,507602,Character,None,327201,1
7880,507602,Character,None,140301,1
7881,507602,Character,None,258001,1
7882,507602,Character,None,324001,1
7883,507602,Character,None,141101,1
7884,507602,Character,None,129001,1
7885,507602,Character,None,235401,1
7886,507603,Character,None,423001,3
7887,507603,Character,None,422001,3
7888,507603,Character,None,423201,3
7889,507603,Character,None,422201,3
7890,507603,Character,None,423101,3
7891,507603,Character,None,422101,3
7892,507603,Character,None,426001,3
7893,507603,Character,None,423301,3
7894,507603,Character,None,447001,3
7895,507603,Character,None,422501,3
7896,507603,Character,None,433001,3
7897,507603,Character,None,451101,3
7898,507603,Character,None,451401,3
7899,507603,Character,None,201601,3
7900,507604,Character,None,112001,477
7901,507604,Character,None,116101,477
7902,507604,Character,None,129101,477
7903,507604,Character,None,201001,477
7904,507604,Character,None,201101,477
7905,507604,Character,None,202001,477
7906,507604,Character,None,301201,477
7907,507604,Character,None,306001,477
7908,507604,Character,None,306101,477
7909,507605,Character,None,130201,588
7910,507605,Character,None,130301,588
7911,507605,Character,None,130701,588
7912,507605,Character,None,230001,588
7913,507605,Character,None,230101,588
7914,507605,Character,None,230601,588
7915,507605,Character,None,330401,588
7916,507605,Character,None,330501,588
7917,507605,Character,None,330801,588
7918,507701,Character,PickupCharacter,583201,200
7919,507702,Character,None,110201,1
7920,507702,Character,None,314001,1
7921,507702,Character,None,321001,1
7922,507702,Character,None,319101,1
7923,507702,Character,None,209001,1
7924,507702,Character,None,116001,1
7925,507702,Character,None,217001,1
7926,507702,Character,None,314201,1
7927,507702,Character,None,115001,1
7928,507702,Character,None,202201,1
7929,507702,Character,None,203001,1
7930,507702,Character,None,203201,1
7931,507702,Character,None,207001,1
7932,507702,Character,None,207101,1
7933,507702,Character,None,207201,1
7934,507702,Character,None,108001,1
7935,507702,Character,None,209201,1
7936,507702,Character,None,110101,1
7937,507702,Character,None,111001,1
7938,507702,Character,None,313001,1
7939,507702,Character,None,117201,1
7940,507702,Character,None,218001,1
7941,507702,Character,None,319001,1
7942,507702,Character,None,320101,1
7943,507702,Character,None,324101,1
7944,507702,Character,None,343201,1
7945,507702,Character,None,343101,1
7946,507702,Character,None,343001,1
7947,507702,Character,None,324201,1
7948,507702,Character,None,218101,1
7949,507702,Character,None,108201,1
7950,507702,Character,None,321201,1
7951,507702,Character,None,320201,1
7952,507702,Character,None,320001,1
7953,507702,Character,None,317101,1
7954,507702,Character,None,314101,1
7955,507702,Character,None,113101,1
7956,507702,Character,None,209101,1
7957,507702,Character,None,235201,1
7958,507702,Character,None,110001,1
7959,507702,Character,None,111101,1
7960,507702,Character,None,311201,1
7961,507702,Character,None,331101,1
7962,507702,Character,None,331201,1
7963,507702,Character,None,338101,1
7964,507702,Character,None,328201,1
7965,507702,Character,None,204001,1
7966,507702,Character,None,327001,1
7967,507702,Character,None,327101,1
7968,507702,Character,None,228001,1
7969,507702,Character,None,338001,1
7970,507702,Character,None,235001,1
7971,507702,Character,None,232101,1
7972,507702,Character,None,145001,1
7973,507702,Character,None,145101,1
7974,507702,Character,None,203301,1
7975,507702,Character,None,119201,1
7976,507702,Character,None,338201,1
7977,507702,Character,None,328101,1
7978,507702,Character,None,231301,1
7979,507702,Character,None,331001,1
7980,507702,Character,None,150001,1
7981,507702,Character,None,204301,1
7982,507702,Character,None,355001,1
7983,507702,Character,None,150101,1
7984,507702,Character,None,331401,1
7985,507702,Character,None,319501,1
7986,507702,Character,None,355101,1
7987,507702,Character,None,139101,1
7988,507702,Character,None,239001,1
7989,507702,Character,None,327201,1
7990,507702,Character,None,140301,1
7991,507702,Character,None,258001,1
7992,507702,Character,None,324001,1
7993,507702,Character,None,141101,1
7994,507702,Character,None,129001,1
7995,507702,Character,None,235401,1
7996,507703,Character,None,423001,3
7997,507703,Character,None,422001,3
7998,507703,Character,None,423201,3
7999,507703,Character,None,422201,3
8000,507703,Character,None,423101,3
8001,507703,Character,None,422101,3
8002,507703,Character,None,426001,3
8003,507703,Character,None,423301,3
8004,507703,Character,None,447001,3
8005,507703,Character,None,422501,3
8006,507703,Character,None,433001,3
8007,507703,Character,None,451101,3
8008,507703,Character,None,451401,3
8009,507703,Character,None,201601,3
8010,507704,Character,None,112001,477
8011,507704,Character,None,116101,477
8012,507704,Character,None,129101,477
8013,507704,Character,None,201001,477
8014,507704,Character,None,201101,477
8015,507704,Character,None,202001,477
8016,507704,Character,None,301201,477
8017,507704,Character,None,306001,477
8018,507704,Character,None,306101,477
8019,507705,Character,None,130201,588
8020,507705,Character,None,130301,588
8021,507705,Character,None,130701,588
8022,507705,Character,None,230001,588
8023,507705,Character,None,230101,588
8024,507705,Character,None,230601,588
8025,507705,Character,None,330401,588
8026,507705,Character,None,330501,588
8027,507705,Character,None,330801,588
8028,507801,Character,PickupCharacter,583501,200
8029,507802,Character,None,110201,1
8030,507802,Character,None,314001,1
8031,507802,Character,None,321001,1
8032,507802,Character,None,319101,1
8033,507802,Character,None,209001,1
8034,507802,Character,None,116001,1
8035,507802,Character,None,217001,1
8036,507802,Character,None,314201,1
8037,507802,Character,None,115001,1
8038,507802,Character,None,202201,1
8039,507802,Character,None,203001,1
8040,507802,Character,None,203201,1
8041,507802,Character,None,207001,1
8042,507802,Character,None,207101,1
8043,507802,Character,None,207201,1
8044,507802,Character,None,108001,1
8045,507802,Character,None,209201,1
8046,507802,Character,None,110101,1
8047,507802,Character,None,111001,1
8048,507802,Character,None,313001,1
8049,507802,Character,None,117201,1
8050,507802,Character,None,218001,1
8051,507802,Character,None,319001,1
8052,507802,Character,None,320101,1
8053,507802,Character,None,324101,1
8054,507802,Character,None,343201,1
8055,507802,Character,None,343101,1
8056,507802,Character,None,343001,1
8057,507802,Character,None,324201,1
8058,507802,Character,None,218101,1
8059,507802,Character,None,108201,1
8060,507802,Character,None,321201,1
8061,507802,Character,None,320201,1
8062,507802,Character,None,320001,1
8063,507802,Character,None,317101,1
8064,507802,Character,None,314101,1
8065,507802,Character,None,113101,1
8066,507802,Character,None,209101,1
8067,507802,Character,None,235201,1
8068,507802,Character,None,110001,1
8069,507802,Character,None,111101,1
8070,507802,Character,None,311201,1
8071,507802,Character,None,331101,1
8072,507802,Character,None,331201,1
8073,507802,Character,None,338101,1
8074,507802,Character,None,328201,1
8075,507802,Character,None,204001,1
8076,507802,Character,None,327001,1
8077,507802,Character,None,327101,1
8078,507802,Character,None,228001,1
8079,507802,Character,None,338001,1
8080,507802,Character,None,235001,1
8081,507802,Character,None,232101,1
8082,507802,Character,None,145001,1
8083,507802,Character,None,145101,1
8084,507802,Character,None,203301,1
8085,507802,Character,None,119201,1
8086,507802,Character,None,338201,1
8087,507802,Character,None,328101,1
8088,507802,Character,None,231301,1
8089,507802,Character,None,331001,1
8090,507802,Character,None,150001,1
8091,507802,Character,None,204301,1
8092,507802,Character,None,355001,1
8093,507802,Character,None,150101,1
8094,507802,Character,None,331401,1
8095,507802,Character,None,319501,1
8096,507802,Character,None,355101,1
8097,507802,Character,None,139101,1
8098,507802,Character,None,239001,1
8099,507802,Character,None,327201,1
8100,507802,Character,None,140301,1
8101,507802,Character,None,258001,1
8102,507802,Character,None,324001,1
8103,507802,Character,None,141101,1
8104,507802,Character,None,129001,1
8105,507802,Character,None,235401,1
8106,507803,Character,None,423001,3
8107,507803,Character,None,422001,3
8108,507803,Character,None,423201,3
8109,507803,Character,None,422201,3
8110,507803,Character,None,423101,3
8111,507803,Character,None,422101,3
8112,507803,Character,None,426001,3
8113,507803,Character,None,423301,3
8114,507803,Character,None,447001,3
8115,507803,Character,None,422501,3
8116,507803,Character,None,433001,3
8117,507803,Character,None,451101,3
8118,507803,Character,None,451401,3
8119,507803,Character,None,201601,3
8120,507804,Character,None,112001,477
8121,507804,Character,None,116101,477
8122,507804,Character,None,129101,477
8123,507804,Character,None,201001,477
8124,507804,Character,None,201101,477
8125,507804,Character,None,202001,477
8126,507804,Character,None,301201,477
8127,507804,Character,None,306001,477
8128,507804,Character,None,306101,477
8129,507805,Character,None,130201,588
8130,507805,Character,None,130301,588
8131,507805,Character,None,130701,588
8132,507805,Character,None,230001,588
8133,507805,Character,None,230101,588
8134,507805,Character,None,230601,588
8135,507805,Character,None,330401,588
8136,507805,Character,None,330501,588
8137,507805,Character,None,330801,588
8138,507901,Character,PickupCharacter,583401,200
8139,507902,Character,None,110201,1
8140,507902,Character,None,314001,1
8141,507902,Character,None,321001,1
8142,507902,Character,None,319101,1
8143,507902,Character,None,209001,1
8144,507902,Character,None,116001,1
8145,507902,Character,None,217001,1
8146,507902,Character,None,314201,1
8147,507902,Character,None,115001,1
8148,507902,Character,None,202201,1
8149,507902,Character,None,203001,1
8150,507902,Character,None,203201,1
8151,507902,Character,None,207001,1
8152,507902,Character,None,207101,1
8153,507902,Character,None,207201,1
8154,507902,Character,None,108001,1
8155,507902,Character,None,209201,1
8156,507902,Character,None,110101,1
8157,507902,Character,None,111001,1
8158,507902,Character,None,313001,1
8159,507902,Character,None,117201,1
8160,507902,Character,None,218001,1
8161,507902,Character,None,319001,1
8162,507902,Character,None,320101,1
8163,507902,Character,None,324101,1
8164,507902,Character,None,343201,1
8165,507902,Character,None,343101,1
8166,507902,Character,None,343001,1
8167,507902,Character,None,324201,1
8168,507902,Character,None,218101,1
8169,507902,Character,None,108201,1
8170,507902,Character,None,321201,1
8171,507902,Character,None,320201,1
8172,507902,Character,None,320001,1
8173,507902,Character,None,317101,1
8174,507902,Character,None,314101,1
8175,507902,Character,None,113101,1
8176,507902,Character,None,209101,1
8177,507902,Character,None,235201,1
8178,507902,Character,None,110001,1
8179,507902,Character,None,111101,1
8180,507902,Character,None,311201,1
8181,507902,Character,None,331101,1
8182,507902,Character,None,331201,1
8183,507902,Character,None,338101,1
8184,507902,Character,None,328201,1
8185,507902,Character,None,204001,1
8186,507902,Character,None,327001,1
8187,507902,Character,None,327101,1
8188,507902,Character,None,228001,1
8189,507902,Character,None,338001,1
8190,507902,Character,None,235001,1
8191,507902,Character,None,232101,1
8192,507902,Character,None,145001,1
8193,507902,Character,None,145101,1
8194,507902,Character,None,203301,1
8195,507902,Character,None,119201,1
8196,507902,Character,None,338201,1
8197,507902,Character,None,328101,1
8198,507902,Character,None,231301,1
8199,507902,Character,None,331001,1
8200,507902,Character,None,150001,1
8201,507902,Character,None,204301,1
8202,507902,Character,None,355001,1
8203,507902,Character,None,150101,1
8204,507902,Character,None,331401,1
8205,507902,Character,None,319501,1
8206,507902,Character,None,355101,1
8207,507902,Character,None,139101,1
8208,507902,Character,None,239001,1
8209,507902,Character,None,327201,1
8210,507902,Character,None,140301,1
8211,507902,Character,None,258001,1
8212,507902,Character,None,324001,1
8213,507902,Character,None,141101,1
8214,507902,Character,None,129001,1
8215,507902,Character,None,235401,1
8216,507903,Character,None,423001,3
8217,507903,Character,None,422001,3
8218,507903,Character,None,423201,3
8219,507903,Character,None,422201,3
8220,507903,Character,None,423101,3
8221,507903,Character,None,422101,3
8222,507903,Character,None,426001,3
8223,507903,Character,None,423301,3
8224,507903,Character,None,447001,3
8225,507903,Character,None,422501,3
8226,507903,Character,None,433001,3
8227,507903,Character,None,451101,3
8228,507903,Character,None,451401,3
8229,507903,Character,None,201601,3
8230,507904,Character,None,112001,477
8231,507904,Character,None,116101,477
8232,507904,Character,None,129101,477
8233,507904,Character,None,201001,477
8234,507904,Character,None,201101,477
8235,507904,Character,None,202001,477
8236,507904,Character,None,301201,477
8237,507904,Character,None,306001,477
8238,507904,Character,None,306101,477
8239,507905,Character,None,130201,588
8240,507905,Character,None,130301,588
8241,507905,Character,None,130701,588
8242,507905,Character,None,230001,588
8243,507905,Character,None,230101,588
8244,507905,Character,None,230601,588
8245,507905,Character,None,330401,588
8246,507905,Character,None,330501,588
8247,507905,Character,None,330801,588
8248,508001,Character,PickupCharacter,141201,200
8249,508002,Character,None,110201,1
8250,508002,Character,None,314001,1
8251,508002,Character,None,321001,1
8252,508002,Character,None,319101,1
8253,508002,Character,None,209001,1
8254,508002,Character,None,116001,1
8255,508002,Character,None,217001,1
8256,508002,Character,None,314201,1
8257,508002,Character,None,115001,1
8258,508002,Character,None,202201,1
8259,508002,Character,None,203001,1
8260,508002,Character,None,203201,1
8261,508002,Character,None,207001,1
8262,508002,Character,None,207101,1
8263,508002,Character,None,207201,1
8264,508002,Character,None,108001,1
8265,508002,Character,None,209201,1
8266,508002,Character,None,110101,1
8267,508002,Character,None,111001,1
8268,508002,Character,None,313001,1
8269,508002,Character,None,117201,1
8270,508002,Character,None,218001,1
8271,508002,Character,None,319001,1
8272,508002,Character,None,320101,1
8273,508002,Character,None,324101,1
8274,508002,Character,None,343201,1
8275,508002,Character,None,343101,1
8276,508002,Character,None,343001,1
8277,508002,Character,None,324201,1
8278,508002,Character,None,218101,1
8279,508002,Character,None,108201,1
8280,508002,Character,None,321201,1
8281,508002,Character,None,320201,1
8282,508002,Character,None,320001,1
8283,508002,Character,None,317101,1
8284,508002,Character,None,314101,1
8285,508002,Character,None,113101,1
8286,508002,Character,None,209101,1
8287,508002,Character,None,235201,1
8288,508002,Character,None,110001,1
8289,508002,Character,None,111101,1
8290,508002,Character,None,311201,1
8291,508002,Character,None,331101,1
8292,508002,Character,None,331201,1
8293,508002,Character,None,338101,1
8294,508002,Character,None,328201,1
8295,508002,Character,None,204001,1
8296,508002,Character,None,327001,1
8297,508002,Character,None,327101,1
8298,508002,Character,None,228001,1
8299,508002,Character,None,338001,1
8300,508002,Character,None,235001,1
8301,508002,Character,None,232101,1
8302,508002,Character,None,145001,1
8303,508002,Character,None,145101,1
8304,508002,Character,None,203301,1
8305,508002,Character,None,119201,1
8306,508002,Character,None,338201,1
8307,508002,Character,None,328101,1
8308,508002,Character,None,231301,1
8309,508002,Character,None,331001,1
8310,508002,Character,None,150001,1
8311,508002,Character,None,204301,1
8312,508002,Character,None,355001,1
8313,508002,Character,None,150101,1
8314,508002,Character,None,331401,1
8315,508002,Character,None,319501,1
8316,508002,Character,None,355101,1
8317,508002,Character,None,139101,1
8318,508002,Character,None,239001,1
8319,508002,Character,None,327201,1
8320,508002,Character,None,140301,1
8321,508002,Character,None,258001,1
8322,508002,Character,None,324001,1
8323,508002,Character,None,141101,1
8324,508002,Character,None,129001,1
8325,508002,Character,None,235401,1
8326,508003,Character,None,423001,3
8327,508003,Character,None,422001,3
8328,508003,Character,None,423201,3
8329,508003,Character,None,422201,3
8330,508003,Character,None,423101,3
8331,508003,Character,None,422101,3
8332,508003,Character,None,426001,3
8333,508003,Character,None,423301,3
8334,508003,Character,None,447001,3
8335,508003,Character,None,422501,3
8336,508003,Character,None,433001,3
8337,508003,Character,None,451101,3
8338,508003,Character,None,451401,3
8339,508003,Character,None,201601,3
8340,508004,Character,None,112001,477
8341,508004,Character,None,116101,477
8342,508004,Character,None,129101,477
8343,508004,Character,None,201001,477
8344,508004,Character,None,201101,477
8345,508004,Character,None,202001,477
8346,508004,Character,None,301201,477
8347,508004,Character,None,306001,477
8348,508004,Character,None,306101,477
8349,508005,Character,None,130201,588
8350,508005,Character,None,130301,588
8351,508005,Character,None,130701,588
8352,508005,Character,None,230001,588
8353,508005,Character,None,230101,588
8354,508005,Character,None,230601,588
8355,508005,Character,None,330401,588
8356,508005,Character,None,330501,588
8357,508005,Character,None,330801,588
8358,508101,Character,PickupCharacter,352001,200
8359,508102,Character,None,110201,1
8360,508102,Character,None,314001,1
8361,508102,Character,None,321001,1
8362,508102,Character,None,319101,1
8363,508102,Character,None,209001,1
8364,508102,Character,None,116001,1
8365,508102,Character,None,217001,1
8366,508102,Character,None,314201,1
8367,508102,Character,None,115001,1
8368,508102,Character,None,202201,1
8369,508102,Character,None,203001,1
8370,508102,Character,None,203201,1
8371,508102,Character,None,207001,1
8372,508102,Character,None,207101,1
8373,508102,Character,None,207201,1
8374,508102,Character,None,108001,1
8375,508102,Character,None,209201,1
8376,508102,Character,None,110101,1
8377,508102,Character,None,111001,1
8378,508102,Character,None,313001,1
8379,508102,Character,None,117201,1
8380,508102,Character,None,218001,1
8381,508102,Character,None,319001,1
8382,508102,Character,None,320101,1
8383,508102,Character,None,324101,1
8384,508102,Character,None,343201,1
8385,508102,Character,None,343101,1
8386,508102,Character,None,343001,1
8387,508102,Character,None,324201,1
8388,508102,Character,None,218101,1
8389,508102,Character,None,108201,1
8390,508102,Character,None,321201,1
8391,508102,Character,None,320201,1
8392,508102,Character,None,320001,1
8393,508102,Character,None,317101,1
8394,508102,Character,None,314101,1
8395,508102,Character,None,113101,1
8396,508102,Character,None,209101,1
8397,508102,Character,None,235201,1
8398,508102,Character,None,110001,1
8399,508102,Character,None,111101,1
8400,508102,Character,None,311201,1
8401,508102,Character,None,331101,1
8402,508102,Character,None,331201,1
8403,508102,Character,None,338101,1
8404,508102,Character,None,328201,1
8405,508102,Character,None,204001,1
8406,508102,Character,None,327001,1
8407,508102,Character,None,327101,1
8408,508102,Character,None,228001,1
8409,508102,Character,None,338001,1
8410,508102,Character,None,235001,1
8411,508102,Character,None,232101,1
8412,508102,Character,None,145001,1
8413,508102,Character,None,145101,1
8414,508102,Character,None,203301,1
8415,508102,Character,None,119201,1
8416,508102,Character,None,338201,1
8417,508102,Character,None,328101,1
8418,508102,Character,None,231301,1
8419,508102,Character,None,331001,1
8420,508102,Character,None,150001,1
8421,508102,Character,None,204301,1
8422,508102,Character,None,355001,1
8423,508102,Character,None,150101,1
8424,508102,Character,None,331401,1
8425,508102,Character,None,319501,1
8426,508102,Character,None,355101,1
8427,508102,Character,None,139101,1
8428,508102,Character,None,239001,1
8429,508102,Character,None,327201,1
8430,508102,Character,None,140301,1
8431,508102,Character,None,258001,1
8432,508102,Character,None,324001,1
8433,508102,Character,None,141101,1
8434,508102,Character,None,129001,1
8435,508102,Character,None,235401,1
8436,508102,Character,None,235501,1
8437,508102,Character,None,141201,1
8438,508103,Character,None,423001,3
8439,508103,Character,None,422001,3
8440,508103,Character,None,423201,3
8441,508103,Character,None,422201,3
8442,508103,Character,None,423101,3
8443,508103,Character,None,422101,3
8444,508103,Character,None,426001,3
8445,508103,Character,None,423301,3
8446,508103,Character,None,447001,3
8447,508103,Character,None,422501,3
8448,508103,Character,None,433001,3
8449,508103,Character,None,451101,3
8450,508103,Character,None,451401,3
8451,508103,Character,None,201601,3
8452,508104,Character,None,112001,477
8453,508104,Character,None,116101,477
8454,508104,Character,None,129101,477
8455,508104,Character,None,201001,477
8456,508104,Character,None,201101,477
8457,508104,Character,None,202001,477
8458,508104,Character,None,301201,477
8459,508104,Character,None,306001,477
8460,508104,Character,None,306101,477
8461,508105,Character,None,130201,588
8462,508105,Character,None,130301,588
8463,508105,Character,None,130701,588
8464,508105,Character,None,230001,588
8465,508105,Character,None,230101,588
8466,508105,Character,None,230601,588
8467,508105,Character,None,330401,588
8468,508105,Character,None,330501,588
8469,508105,Character,None,330801,588
8470,508201,Character,PickupCharacter,352101,200
8471,508202,Character,None,110201,1
8472,508202,Character,None,314001,1
8473,508202,Character,None,321001,1
8474,508202,Character,None,319101,1
8475,508202,Character,None,209001,1
8476,508202,Character,None,116001,1
8477,508202,Character,None,217001,1
8478,508202,Character,None,314201,1
8479,508202,Character,None,115001,1
8480,508202,Character,None,202201,1
8481,508202,Character,None,203001,1
8482,508202,Character,None,203201,1
8483,508202,Character,None,207001,1
8484,508202,Character,None,207101,1
8485,508202,Character,None,207201,1
8486,508202,Character,None,108001,1
8487,508202,Character,None,209201,1
8488,508202,Character,None,110101,1
8489,508202,Character,None,111001,1
8490,508202,Character,None,313001,1
8491,508202,Character,None,117201,1
8492,508202,Character,None,218001,1
8493,508202,Character,None,319001,1
8494,508202,Character,None,320101,1
8495,508202,Character,None,324101,1
8496,508202,Character,None,343201,1
8497,508202,Character,None,343101,1
8498,508202,Character,None,343001,1
8499,508202,Character,None,324201,1
8500,508202,Character,None,218101,1
8501,508202,Character,None,108201,1
8502,508202,Character,None,321201,1
8503,508202,Character,None,320201,1
8504,508202,Character,None,320001,1
8505,508202,Character,None,317101,1
8506,508202,Character,None,314101,1
8507,508202,Character,None,113101,1
8508,508202,Character,None,209101,1
8509,508202,Character,None,235201,1
8510,508202,Character,None,110001,1
8511,508202,Character,None,111101,1
8512,508202,Character,None,311201,1
8513,508202,Character,None,331101,1
8514,508202,Character,None,331201,1
8515,508202,Character,None,338101,1
8516,508202,Character,None,328201,1
8517,508202,Character,None,204001,1
8518,508202,Character,None,327001,1
8519,508202,Character,None,327101,1
8520,508202,Character,None,228001,1
8521,508202,Character,None,338001,1
8522,508202,Character,None,235001,1
8523,508202,Character,None,232101,1
8524,508202,Character,None,145001,1
8525,508202,Character,None,145101,1
8526,508202,Character,None,203301,1
8527,508202,Character,None,119201,1
8528,508202,Character,None,338201,1
8529,508202,Character,None,328101,1
8530,508202,Character,None,231301,1
8531,508202,Character,None,331001,1
8532,508202,Character,None,150001,1
8533,508202,Character,None,204301,1
8534,508202,Character,None,355001,1
8535,508202,Character,None,150101,1
8536,508202,Character,None,331401,1
8537,508202,Character,None,319501,1
8538,508202,Character,None,355101,1
8539,508202,Character,None,139101,1
8540,508202,Character,None,239001,1
8541,508202,Character,None,327201,1
8542,508202,Character,None,140301,1
8543,508202,Character,None,258001,1
8544,508202,Character,None,324001,1
8545,508202,Character,None,141101,1
8546,508202,Character,None,129001,1
8547,508202,Character,None,235401,1
8548,508202,Character,None,235501,1
8549,508202,Character,None,141201,1
8550,508203,Character,None,423001,3
8551,508203,Character,None,422001,3
8552,508203,Character,None,423201,3
8553,508203,Character,None,422201,3
8554,508203,Character,None,423101,3
8555,508203,Character,None,422101,3
8556,508203,Character,None,426001,3
8557,508203,Character,None,423301,3
8558,508203,Character,None,447001,3
8559,508203,Character,None,422501,3
8560,508203,Character,None,433001,3
8561,508203,Character,None,451101,3
8562,508203,Character,None,451401,3
8563,508203,Character,None,201601,3
8564,508204,Character,None,112001,477
8565,508204,Character,None,116101,477
8566,508204,Character,None,129101,477
8567,508204,Character,None,201001,477
8568,508204,Character,None,201101,477
8569,508204,Character,None,202001,477
8570,508204,Character,None,301201,477
8571,508204,Character,None,306001,477
8572,508204,Character,None,306101,477
8573,508205,Character,None,130201,588
8574,508205,Character,None,130301,588
8575,508205,Character,None,130701,588
8576,508205,Character,None,230001,588
8577,508205,Character,None,230101,588
8578,508205,Character,None,230601,588
8579,508205,Character,None,330401,588
8580,508205,Character,None,330501,588
8581,508205,Character,None,330801,588
8582,508301,Character,PickupCharacter,451301,100
8583,508302,Character,None,110201,3
8584,508302,Character,None,314001,3
8585,508302,Character,None,321001,3
8586,508302,Character,None,319101,3
8587,508302,Character,None,209001,3
8588,508302,Character,None,116001,3
8589,508302,Character,None,217001,3
8590,508302,Character,None,314201,3
8591,508302,Character,None,115001,3
8592,508302,Character,None,202201,3
8593,508302,Character,None,203001,3
8594,508302,Character,None,203201,3
8595,508302,Character,None,207001,3
8596,508302,Character,None,207101,3
8597,508302,Character,None,207201,3
8598,508302,Character,None,108001,3
8599,508302,Character,None,209201,3
8600,508302,Character,None,110101,3
8601,508302,Character,None,111001,3
8602,508302,Character,None,313001,3
8603,508302,Character,None,117201,3
8604,508302,Character,None,218001,3
8605,508302,Character,None,319001,3
8606,508302,Character,None,320101,3
8607,508302,Character,None,324101,3
8608,508302,Character,None,343201,3
8609,508302,Character,None,343101,3
8610,508302,Character,None,343001,3
8611,508302,Character,None,324201,3
8612,508302,Character,None,218101,3
8613,508302,Character,None,108201,3
8614,508302,Character,None,321201,3
8615,508302,Character,None,320201,3
8616,508302,Character,None,320001,3
8617,508302,Character,None,317101,3
8618,508302,Character,None,314101,3
8619,508302,Character,None,113101,3
8620,508302,Character,None,209101,3
8621,508302,Character,None,235201,3
8622,508302,Character,None,110001,3
8623,508302,Character,None,111101,3
8624,508302,Character,None,311201,3
8625,508302,Character,None,331101,3
8626,508302,Character,None,331201,3
8627,508302,Character,None,338101,3
8628,508302,Character,None,328201,3
8629,508302,Character,None,204001,3
8630,508302,Character,None,327001,3
8631,508302,Character,None,327101,3
8632,508302,Character,None,228001,3
8633,508302,Character,None,338001,3
8634,508302,Character,None,235001,3
8635,508302,Character,None,232101,3
8636,508302,Character,None,145001,3
8637,508302,Character,None,145101,3
8638,508302,Character,None,203301,3
8639,508302,Character,None,119201,3
8640,508302,Character,None,338201,3
8641,508302,Character,None,328101,3
8642,508302,Character,None,231301,3
8643,508302,Character,None,331001,3
8644,508302,Character,None,150001,3
8645,508302,Character,None,204301,3
8646,508302,Character,None,355001,3
8647,508302,Character,None,150101,3
8648,508302,Character,None,331401,3
8649,508302,Character,None,319501,3
8650,508302,Character,None,355101,3
8651,508302,Character,None,139101,3
8652,508302,Character,None,239001,3
8653,508302,Character,None,327201,3
8654,508302,Character,None,140301,3
8655,508302,Character,None,258001,3
8656,508302,Character,None,324001,3
8657,508302,Character,None,141101,3
8658,508302,Character,None,129001,3
8659,508302,Character,None,235401,3
8660,508302,Character,None,235501,3
8661,508302,Character,None,141201,3
8662,508302,Character,None,352001,3
8663,508302,Character,None,352101,3
8664,508303,Character,None,423001,3
8665,508303,Character,None,422001,3
8666,508303,Character,None,423201,3
8667,508303,Character,None,422201,3
8668,508303,Character,None,423101,3
8669,508303,Character,None,422101,3
8670,508303,Character,None,426001,3
8671,508303,Character,None,423301,3
8672,508303,Character,None,447001,3
8673,508303,Character,None,422501,3
8674,508303,Character,None,433001,3
8675,508303,Character,None,451101,3
8676,508303,Character,None,451401,3
8677,508303,Character,None,201601,3
8678,508304,Character,None,112001,477
8679,508304,Character,None,116101,477
8680,508304,Character,None,129101,477
8681,508304,Character,None,201001,477
8682,508304,Character,None,201101,477
8683,508304,Character,None,202001,477
8684,508304,Character,None,301201,477
8685,508304,Character,None,306001,477
8686,508304,Character,None,306101,477
8687,508305,Character,None,130201,588
8688,508305,Character,None,130301,588
8689,508305,Character,None,130701,588
8690,508305,Character,None,230001,588
8691,508305,Character,None,230101,588
8692,508305,Character,None,230601,588
8693,508305,Character,None,330401,588
8694,508305,Character,None,330501,588
8695,508305,Character,None,330801,588
8696,508401,Character,PickupCharacter,116201,100
8697,508402,Character,None,110201,3
8698,508402,Character,None,314001,3
8699,508402,Character,None,321001,3
8700,508402,Character,None,319101,3
8701,508402,Character,None,209001,3
8702,508402,Character,None,116001,3
8703,508402,Character,None,217001,3
8704,508402,Character,None,314201,3
8705,508402,Character,None,115001,3
8706,508402,Character,None,202201,3
8707,508402,Character,None,203001,3
8708,508402,Character,None,203201,3
8709,508402,Character,None,207001,3
8710,508402,Character,None,207101,3
8711,508402,Character,None,207201,3
8712,508402,Character,None,108001,3
8713,508402,Character,None,209201,3
8714,508402,Character,None,110101,3
8715,508402,Character,None,111001,3
8716,508402,Character,None,313001,3
8717,508402,Character,None,117201,3
8718,508402,Character,None,218001,3
8719,508402,Character,None,319001,3
8720,508402,Character,None,320101,3
8721,508402,Character,None,324101,3
8722,508402,Character,None,343201,3
8723,508402,Character,None,343101,3
8724,508402,Character,None,343001,3
8725,508402,Character,None,324201,3
8726,508402,Character,None,218101,3
8727,508402,Character,None,108201,3
8728,508402,Character,None,321201,3
8729,508402,Character,None,320201,3
8730,508402,Character,None,320001,3
8731,508402,Character,None,317101,3
8732,508402,Character,None,314101,3
8733,508402,Character,None,113101,3
8734,508402,Character,None,209101,3
8735,508402,Character,None,235201,3
8736,508402,Character,None,110001,3
8737,508402,Character,None,111101,3
8738,508402,Character,None,311201,3
8739,508402,Character,None,331101,3
8740,508402,Character,None,331201,3
8741,508402,Character,None,338101,3
8742,508402,Character,None,328201,3
8743,508402,Character,None,204001,3
8744,508402,Character,None,327001,3
8745,508402,Character,None,327101,3
8746,508402,Character,None,228001,3
8747,508402,Character,None,338001,3
8748,508402,Character,None,235001,3
8749,508402,Character,None,232101,3
8750,508402,Character,None,145001,3
8751,508402,Character,None,145101,3
8752,508402,Character,None,203301,3
8753,508402,Character,None,119201,3
8754,508402,Character,None,338201,3
8755,508402,Character,None,328101,3
8756,508402,Character,None,231301,3
8757,508402,Character,None,331001,3
8758,508402,Character,None,150001,3
8759,508402,Character,None,204301,3
8760,508402,Character,None,355001,3
8761,508402,Character,None,150101,3
8762,508402,Character,None,331401,3
8763,508402,Character,None,319501,3
8764,508402,Character,None,355101,3
8765,508402,Character,None,139101,3
8766,508402,Character,None,239001,3
8767,508402,Character,None,327201,3
8768,508402,Character,None,140301,3
8769,508402,Character,None,258001,3
8770,508402,Character,None,324001,3
8771,508402,Character,None,141101,3
8772,508402,Character,None,129001,3
8773,508402,Character,None,235401,3
8774,508402,Character,None,235501,3
8775,508402,Character,None,141201,3
8776,508402,Character,None,352001,3
8777,508402,Character,None,352101,3
8778,508403,Character,None,423001,3
8779,508403,Character,None,422001,3
8780,508403,Character,None,423201,3
8781,508403,Character,None,422201,3
8782,508403,Character,None,423101,3
8783,508403,Character,None,422101,3
8784,508403,Character,None,426001,3
8785,508403,Character,None,423301,3
8786,508403,Character,None,447001,3
8787,508403,Character,None,422501,3
8788,508403,Character,None,433001,3
8789,508403,Character,None,451101,3
8790,508403,Character,None,451401,3
8791,508403,Character,None,201601,3
8792,508404,Character,None,112001,477
8793,508404,Character,None,116101,477
8794,508404,Character,None,129101,477
8795,508404,Character,None,201001,477
8796,508404,Character,None,201101,477
8797,508404,Character,None,202001,477
8798,508404,Character,None,301201,477
8799,508404,Character,None,306001,477
8800,508404,Character,None,306101,477
8801,508405,Character,None,130201,588
8802,508405,Character,None,130301,588
8803,508405,Character,None,130701,588
8804,508405,Character,None,230001,588
8805,508405,Character,None,230101,588
8806,508405,Character,None,230601,588
8807,508405,Character,None,330401,588
8808,508405,Character,None,330501,588
8809,508405,Character,None,330801,588
8810,508501,Character,PickupCharacter,258101,200
8811,508502,Character,None,110201,1
8812,508502,Character,None,314001,1
8813,508502,Character,None,321001,1
8814,508502,Character,None,319101,1
8815,508502,Character,None,209001,1
8816,508502,Character,None,116001,1
8817,508502,Character,None,217001,1
8818,508502,Character,None,314201,1
8819,508502,Character,None,115001,1
8820,508502,Character,None,202201,1
8821,508502,Character,None,203001,1
8822,508502,Character,None,203201,1
8823,508502,Character,None,207001,1
8824,508502,Character,None,207101,1
8825,508502,Character,None,207201,1
8826,508502,Character,None,108001,1
8827,508502,Character,None,209201,1
8828,508502,Character,None,110101,1
8829,508502,Character,None,111001,1
8830,508502,Character,None,313001,1
8831,508502,Character,None,117201,1
8832,508502,Character,None,218001,1
8833,508502,Character,None,319001,1
8834,508502,Character,None,320101,1
8835,508502,Character,None,324101,1
8836,508502,Character,None,343201,1
8837,508502,Character,None,343101,1
8838,508502,Character,None,343001,1
8839,508502,Character,None,324201,1
8840,508502,Character,None,218101,1
8841,508502,Character,None,108201,1
8842,508502,Character,None,321201,1
8843,508502,Character,None,320201,1
8844,508502,Character,None,320001,1
8845,508502,Character,None,317101,1
8846,508502,Character,None,314101,1
8847,508502,Character,None,113101,1
8848,508502,Character,None,209101,1
8849,508502,Character,None,235201,1
8850,508502,Character,None,110001,1
8851,508502,Character,None,111101,1
8852,508502,Character,None,311201,1
8853,508502,Character,None,331101,1
8854,508502,Character,None,331201,1
8855,508502,Character,None,338101,1
8856,508502,Character,None,328201,1
8857,508502,Character,None,204001,1
8858,508502,Character,None,327001,1
8859,508502,Character,None,327101,1
8860,508502,Character,None,228001,1
8861,508502,Character,None,338001,1
8862,508502,Character,None,235001,1
8863,508502,Character,None,232101,1
8864,508502,Character,None,145001,1
8865,508502,Character,None,145101,1
8866,508502,Character,None,203301,1
8867,508502,Character,None,119201,1
8868,508502,Character,None,338201,1
8869,508502,Character,None,328101,1
8870,508502,Character,None,231301,1
8871,508502,Character,None,331001,1
8872,508502,Character,None,150001,1
8873,508502,Character,None,204301,1
8874,508502,Character,None,355001,1
8875,508502,Character,None,150101,1
8876,508502,Character,None,331401,1
8877,508502,Character,None,319501,1
8878,508502,Character,None,355101,1
8879,508502,Character,None,139101,1
8880,508502,Character,None,239001,1
8881,508502,Character,None,327201,1
8882,508502,Character,None,140301,1
8883,508502,Character,None,258001,1
8884,508502,Character,None,324001,1
8885,508502,Character,None,141101,1
8886,508502,Character,None,129001,1
8887,508502,Character,None,235401,1
8888,508502,Character,None,235501,1
8889,508502,Character,None,141201,1
8890,508502,Character,None,352001,1
8891,508502,Character,None,352101,1
8892,508503,Character,None,423001,3
8893,508503,Character,None,422001,3
8894,508503,Character,None,423201,3
8895,508503,Character,None,422201,3
8896,508503,Character,None,423101,3
8897,508503,Character,None,422101,3
8898,508503,Character,None,426001,3
8899,508503,Character,None,423301,3
8900,508503,Character,None,447001,3
8901,508503,Character,None,422501,3
8902,508503,Character,None,433001,3
8903,508503,Character,None,451101,3
8904,508503,Character,None,451401,3
8905,508503,Character,None,201601,3
8906,508503,Character,None,451301,3
8907,508504,Character,None,112001,477
8908,508504,Character,None,116101,477
8909,508504,Character,None,129101,477
8910,508504,Character,None,201001,477
8911,508504,Character,None,201101,477
8912,508504,Character,None,202001,477
8913,508504,Character,None,301201,477
8914,508504,Character,None,306001,477
8915,508504,Character,None,306101,477
8916,508505,Character,None,130201,588
8917,508505,Character,None,130301,588
8918,508505,Character,None,130701,588
8919,508505,Character,None,230001,588
8920,508505,Character,None,230101,588
8921,508505,Character,None,230601,588
8922,508505,Character,None,330401,588
8923,508505,Character,None,330501,588
8924,508505,Character,None,330801,588
8925,508601,Character,PickupCharacter,204101,200
8926,508602,Character,None,110201,1
8927,508602,Character,None,314001,1
8928,508602,Character,None,321001,1
8929,508602,Character,None,319101,1
8930,508602,Character,None,209001,1
8931,508602,Character,None,116001,1
8932,508602,Character,None,217001,1
8933,508602,Character,None,314201,1
8934,508602,Character,None,115001,1
8935,508602,Character,None,202201,1
8936,508602,Character,None,203001,1
8937,508602,Character,None,203201,1
8938,508602,Character,None,207001,1
8939,508602,Character,None,207101,1
8940,508602,Character,None,207201,1
8941,508602,Character,None,108001,1
8942,508602,Character,None,209201,1
8943,508602,Character,None,110101,1
8944,508602,Character,None,111001,1
8945,508602,Character,None,313001,1
8946,508602,Character,None,117201,1
8947,508602,Character,None,218001,1
8948,508602,Character,None,319001,1
8949,508602,Character,None,320101,1
8950,508602,Character,None,324101,1
8951,508602,Character,None,343201,1
8952,508602,Character,None,343101,1
8953,508602,Character,None,343001,1
8954,508602,Character,None,324201,1
8955,508602,Character,None,218101,1
8956,508602,Character,None,108201,1
8957,508602,Character,None,321201,1
8958,508602,Character,None,320201,1
8959,508602,Character,None,320001,1
8960,508602,Character,None,317101,1
8961,508602,Character,None,314101,1
8962,508602,Character,None,113101,1
8963,508602,Character,None,209101,1
8964,508602,Character,None,235201,1
8965,508602,Character,None,110001,1
8966,508602,Character,None,111101,1
8967,508602,Character,None,311201,1
8968,508602,Character,None,331101,1
8969,508602,Character,None,331201,1
8970,508602,Character,None,338101,1
8971,508602,Character,None,328201,1
8972,508602,Character,None,204001,1
8973,508602,Character,None,327001,1
8974,508602,Character,None,327101,1
8975,508602,Character,None,228001,1
8976,508602,Character,None,338001,1
8977,508602,Character,None,235001,1
8978,508602,Character,None,232101,1
8979,508602,Character,None,145001,1
8980,508602,Character,None,145101,1
8981,508602,Character,None,203301,1
8982,508602,Character,None,119201,1
8983,508602,Character,None,338201,1
8984,508602,Character,None,328101,1
8985,508602,Character,None,231301,1
8986,508602,Character,None,331001,1
8987,508602,Character,None,150001,1
8988,508602,Character,None,204301,1
8989,508602,Character,None,355001,1
8990,508602,Character,None,150101,1
8991,508602,Character,None,331401,1
8992,508602,Character,None,319501,1
8993,508602,Character,None,355101,1
8994,508602,Character,None,139101,1
8995,508602,Character,None,239001,1
8996,508602,Character,None,327201,1
8997,508602,Character,None,140301,1
8998,508602,Character,None,258001,1
8999,508602,Character,None,324001,1
9000,508602,Character,None,141101,1
9001,508602,Character,None,129001,1
9002,508602,Character,None,235401,1
9003,508602,Character,None,235501,1
9004,508602,Character,None,141201,1
9005,508602,Character,None,352001,1
9006,508602,Character,None,352101,1
9007,508603,Character,None,423001,3
9008,508603,Character,None,422001,3
9009,508603,Character,None,423201,3
9010,508603,Character,None,422201,3
9011,508603,Character,None,423101,3
9012,508603,Character,None,422101,3
9013,508603,Character,None,426001,3
9014,508603,Character,None,423301,3
9015,508603,Character,None,447001,3
9016,508603,Character,None,422501,3
9017,508603,Character,None,433001,3
9018,508603,Character,None,451101,3
9019,508603,Character,None,451401,3
9020,508603,Character,None,201601,3
9021,508603,Character,None,451301,3
9022,508604,Character,None,112001,477
9023,508604,Character,None,116101,477
9024,508604,Character,None,129101,477
9025,508604,Character,None,201001,477
9026,508604,Character,None,201101,477
9027,508604,Character,None,202001,477
9028,508604,Character,None,301201,477
9029,508604,Character,None,306001,477
9030,508604,Character,None,306101,477
9031,508605,Character,None,130201,588
9032,508605,Character,None,130301,588
9033,508605,Character,None,130701,588
9034,508605,Character,None,230001,588
9035,508605,Character,None,230101,588
9036,508605,Character,None,230601,588
9037,508605,Character,None,330401,588
9038,508605,Character,None,330501,588
9039,508605,Character,None,330801,588
9040,508701,Character,PickupCharacter,585001,200
9041,508702,Character,None,110201,1
9042,508702,Character,None,314001,1
9043,508702,Character,None,321001,1
9044,508702,Character,None,319101,1
9045,508702,Character,None,209001,1
9046,508702,Character,None,116001,1
9047,508702,Character,None,217001,1
9048,508702,Character,None,314201,1
9049,508702,Character,None,115001,1
9050,508702,Character,None,202201,1
9051,508702,Character,None,203001,1
9052,508702,Character,None,203201,1
9053,508702,Character,None,207001,1
9054,508702,Character,None,207101,1
9055,508702,Character,None,207201,1
9056,508702,Character,None,108001,1
9057,508702,Character,None,209201,1
9058,508702,Character,None,110101,1
9059,508702,Character,None,111001,1
9060,508702,Character,None,313001,1
9061,508702,Character,None,117201,1
9062,508702,Character,None,218001,1
9063,508702,Character,None,319001,1
9064,508702,Character,None,320101,1
9065,508702,Character,None,324101,1
9066,508702,Character,None,343201,1
9067,508702,Character,None,343101,1
9068,508702,Character,None,343001,1
9069,508702,Character,None,324201,1
9070,508702,Character,None,218101,1
9071,508702,Character,None,108201,1
9072,508702,Character,None,321201,1
9073,508702,Character,None,320201,1
9074,508702,Character,None,320001,1
9075,508702,Character,None,317101,1
9076,508702,Character,None,314101,1
9077,508702,Character,None,113101,1
9078,508702,Character,None,209101,1
9079,508702,Character,None,235201,1
9080,508702,Character,None,110001,1
9081,508702,Character,None,111101,1
9082,508702,Character,None,311201,1
9083,508702,Character,None,331101,1
9084,508702,Character,None,331201,1
9085,508702,Character,None,338101,1
9086,508702,Character,None,328201,1
9087,508702,Character,None,204001,1
9088,508702,Character,None,327001,1
9089,508702,Character,None,327101,1
9090,508702,Character,None,228001,1
9091,508702,Character,None,338001,1
9092,508702,Character,None,235001,1
9093,508702,Character,None,232101,1
9094,508702,Character,None,145001,1
9095,508702,Character,None,145101,1
9096,508702,Character,None,203301,1
9097,508702,Character,None,119201,1
9098,508702,Character,None,338201,1
9099,508702,Character,None,328101,1
9100,508702,Character,None,231301,1
9101,508702,Character,None,331001,1
9102,508702,Character,None,150001,1
9103,508702,Character,None,204301,1
9104,508702,Character,None,355001,1
9105,508702,Character,None,150101,1
9106,508702,Character,None,331401,1
9107,508702,Character,None,319501,1
9108,508702,Character,None,355101,1
9109,508702,Character,None,139101,1
9110,508702,Character,None,239001,1
9111,508702,Character,None,327201,1
9112,508702,Character,None,140301,1
9113,508702,Character,None,258001,1
9114,508702,Character,None,324001,1
9115,508702,Character,None,141101,1
9116,508702,Character,None,129001,1
9117,508702,Character,None,235401,1
9118,508702,Character,None,235501,1
9119,508702,Character,None,141201,1
9120,508702,Character,None,352001,1
9121,508702,Character,None,352101,1
9122,508702,Character,None,258101,1
9123,508702,Character,None,204101,1
9124,508703,Character,None,423001,3
9125,508703,Character,None,422001,3
9126,508703,Character,None,423201,3
9127,508703,Character,None,422201,3
9128,508703,Character,None,423101,3
9129,508703,Character,None,422101,3
9130,508703,Character,None,426001,3
9131,508703,Character,None,423301,3
9132,508703,Character,None,447001,3
9133,508703,Character,None,422501,3
9134,508703,Character,None,433001,3
9135,508703,Character,None,451101,3
9136,508703,Character,None,451401,3
9137,508703,Character,None,201601,3
9138,508703,Character,None,451301,3
9139,508703,Character,None,116201,3
9140,508704,Character,None,112001,477
9141,508704,Character,None,116101,477
9142,508704,Character,None,129101,477
9143,508704,Character,None,201001,477
9144,508704,Character,None,201101,477
9145,508704,Character,None,202001,477
9146,508704,Character,None,301201,477
9147,508704,Character,None,306001,477
9148,508704,Character,None,306101,477
9149,508705,Character,None,130201,588
9150,508705,Character,None,130301,588
9151,508705,Character,None,130701,588
9152,508705,Character,None,230001,588
9153,508705,Character,None,230101,588
9154,508705,Character,None,230601,588
9155,508705,Character,None,330401,588
9156,508705,Character,None,330501,588
9157,508705,Character,None,330801,588
9158,508801,Character,PickupCharacter,585101,200
9159,508802,Character,None,110201,1
9160,508802,Character,None,314001,1
9161,508802,Character,None,321001,1
9162,508802,Character,None,319101,1
9163,508802,Character,None,209001,1
9164,508802,Character,None,116001,1
9165,508802,Character,None,217001,1
9166,508802,Character,None,314201,1
9167,508802,Character,None,115001,1
9168,508802,Character,None,202201,1
9169,508802,Character,None,203001,1
9170,508802,Character,None,203201,1
9171,508802,Character,None,207001,1
9172,508802,Character,None,207101,1
9173,508802,Character,None,207201,1
9174,508802,Character,None,108001,1
9175,508802,Character,None,209201,1
9176,508802,Character,None,110101,1
9177,508802,Character,None,111001,1
9178,508802,Character,None,313001,1
9179,508802,Character,None,117201,1
9180,508802,Character,None,218001,1
9181,508802,Character,None,319001,1
9182,508802,Character,None,320101,1
9183,508802,Character,None,324101,1
9184,508802,Character,None,343201,1
9185,508802,Character,None,343101,1
9186,508802,Character,None,343001,1
9187,508802,Character,None,324201,1
9188,508802,Character,None,218101,1
9189,508802,Character,None,108201,1
9190,508802,Character,None,321201,1
9191,508802,Character,None,320201,1
9192,508802,Character,None,320001,1
9193,508802,Character,None,317101,1
9194,508802,Character,None,314101,1
9195,508802,Character,None,113101,1
9196,508802,Character,None,209101,1
9197,508802,Character,None,235201,1
9198,508802,Character,None,110001,1
9199,508802,Character,None,111101,1
9200,508802,Character,None,311201,1
9201,508802,Character,None,331101,1
9202,508802,Character,None,331201,1
9203,508802,Character,None,338101,1
9204,508802,Character,None,328201,1
9205,508802,Character,None,204001,1
9206,508802,Character,None,327001,1
9207,508802,Character,None,327101,1
9208,508802,Character,None,228001,1
9209,508802,Character,None,338001,1
9210,508802,Character,None,235001,1
9211,508802,Character,None,232101,1
9212,508802,Character,None,145001,1
9213,508802,Character,None,145101,1
9214,508802,Character,None,203301,1
9215,508802,Character,None,119201,1
9216,508802,Character,None,338201,1
9217,508802,Character,None,328101,1
9218,508802,Character,None,231301,1
9219,508802,Character,None,331001,1
9220,508802,Character,None,150001,1
9221,508802,Character,None,204301,1
9222,508802,Character,None,355001,1
9223,508802,Character,None,150101,1
9224,508802,Character,None,331401,1
9225,508802,Character,None,319501,1
9226,508802,Character,None,355101,1
9227,508802,Character,None,139101,1
9228,508802,Character,None,239001,1
9229,508802,Character,None,327201,1
9230,508802,Character,None,140301,1
9231,508802,Character,None,258001,1
9232,508802,Character,None,324001,1
9233,508802,Character,None,141101,1
9234,508802,Character,None,129001,1
9235,508802,Character,None,235401,1
9236,508802,Character,None,235501,1
9237,508802,Character,None,141201,1
9238,508802,Character,None,352001,1
9239,508802,Character,None,352101,1
9240,508802,Character,None,258101,1
9241,508802,Character,None,204101,1
9242,508803,Character,None,423001,3
9243,508803,Character,None,422001,3
9244,508803,Character,None,423201,3
9245,508803,Character,None,422201,3
9246,508803,Character,None,423101,3
9247,508803,Character,None,422101,3
9248,508803,Character,None,426001,3
9249,508803,Character,None,423301,3
9250,508803,Character,None,447001,3
9251,508803,Character,None,422501,3
9252,508803,Character,None,433001,3
9253,508803,Character,None,451101,3
9254,508803,Character,None,451401,3
9255,508803,Character,None,201601,3
9256,508803,Character,None,451301,3
9257,508803,Character,None,116201,3
9258,508804,Character,None,112001,477
9259,508804,Character,None,116101,477
9260,508804,Character,None,129101,477
9261,508804,Character,None,201001,477
9262,508804,Character,None,201101,477
9263,508804,Character,None,202001,477
9264,508804,Character,None,301201,477
9265,508804,Character,None,306001,477
9266,508804,Character,None,306101,477
9267,508805,Character,None,130201,588
9268,508805,Character,None,130301,588
9269,508805,Character,None,130701,588
9270,508805,Character,None,230001,588
9271,508805,Character,None,230101,588
9272,508805,Character,None,230601,588
9273,508805,Character,None,330401,588
9274,508805,Character,None,330501,588
9275,508805,Character,None,330801,588
9276,508901,Character,PickupCharacter,581001,200
9277,508902,Character,None,110201,1
9278,508902,Character,None,314001,1
9279,508902,Character,None,321001,1
9280,508902,Character,None,319101,1
9281,508902,Character,None,209001,1
9282,508902,Character,None,116001,1
9283,508902,Character,None,217001,1
9284,508902,Character,None,314201,1
9285,508902,Character,None,115001,1
9286,508902,Character,None,202201,1
9287,508902,Character,None,203001,1
9288,508902,Character,None,203201,1
9289,508902,Character,None,207001,1
9290,508902,Character,None,207101,1
9291,508902,Character,None,207201,1
9292,508902,Character,None,108001,1
9293,508902,Character,None,209201,1
9294,508902,Character,None,110101,1
9295,508902,Character,None,111001,1
9296,508902,Character,None,313001,1
9297,508902,Character,None,117201,1
9298,508902,Character,None,218001,1
9299,508902,Character,None,319001,1
9300,508902,Character,None,320101,1
9301,508902,Character,None,324101,1
9302,508902,Character,None,343201,1
9303,508902,Character,None,343101,1
9304,508902,Character,None,343001,1
9305,508902,Character,None,324201,1
9306,508902,Character,None,218101,1
9307,508902,Character,None,108201,1
9308,508902,Character,None,321201,1
9309,508902,Character,None,320201,1
9310,508902,Character,None,320001,1
9311,508902,Character,None,317101,1
9312,508902,Character,None,314101,1
9313,508902,Character,None,113101,1
9314,508902,Character,None,209101,1
9315,508902,Character,None,235201,1
9316,508902,Character,None,110001,1
9317,508902,Character,None,111101,1
9318,508902,Character,None,311201,1
9319,508902,Character,None,331101,1
9320,508902,Character,None,331201,1
9321,508902,Character,None,338101,1
9322,508902,Character,None,328201,1
9323,508902,Character,None,204001,1
9324,508902,Character,None,327001,1
9325,508902,Character,None,327101,1
9326,508902,Character,None,228001,1
9327,508902,Character,None,338001,1
9328,508902,Character,None,235001,1
9329,508902,Character,None,232101,1
9330,508902,Character,None,145001,1
9331,508902,Character,None,145101,1
9332,508902,Character,None,203301,1
9333,508902,Character,None,119201,1
9334,508902,Character,None,338201,1
9335,508902,Character,None,328101,1
9336,508902,Character,None,231301,1
9337,508902,Character,None,331001,1
9338,508902,Character,None,150001,1
9339,508902,Character,None,204301,1
9340,508902,Character,None,355001,1
9341,508902,Character,None,150101,1
9342,508902,Character,None,331401,1
9343,508902,Character,None,319501,1
9344,508902,Character,None,355101,1
9345,508902,Character,None,139101,1
9346,508902,Character,None,239001,1
9347,508902,Character,None,327201,1
9348,508902,Character,None,140301,1
9349,508902,Character,None,258001,1
9350,508902,Character,None,324001,1
9351,508902,Character,None,141101,1
9352,508902,Character,None,129001,1
9353,508902,Character,None,235401,1
9354,508902,Character,None,235501,1
9355,508902,Character,None,141201,1
9356,508902,Character,None,352001,1
9357,508902,Character,None,352101,1
9358,508902,Character,None,258101,1
9359,508902,Character,None,204101,1
9360,508903,Character,None,423001,3
9361,508903,Character,None,422001,3
9362,508903,Character,None,423201,3
9363,508903,Character,None,422201,3
9364,508903,Character,None,423101,3
9365,508903,Character,None,422101,3
9366,508903,Character,None,426001,3
9367,508903,Character,None,423301,3
9368,508903,Character,None,447001,3
9369,508903,Character,None,422501,3
9370,508903,Character,None,433001,3
9371,508903,Character,None,451101,3
9372,508903,Character,None,451401,3
9373,508903,Character,None,201601,3
9374,508903,Character,None,451301,3
9375,508903,Character,None,116201,3
9376,508904,Character,None,112001,477
9377,508904,Character,None,116101,477
9378,508904,Character,None,129101,477
9379,508904,Character,None,201001,477
9380,508904,Character,None,201101,477
9381,508904,Character,None,202001,477
9382,508904,Character,None,301201,477
9383,508904,Character,None,306001,477
9384,508904,Character,None,306101,477
9385,508905,Character,None,130201,588
9386,508905,Character,None,130301,588
9387,508905,Character,None,130701,588
9388,508905,Character,None,230001,588
9389,508905,Character,None,230101,588
9390,508905,Character,None,230601,588
9391,508905,Character,None,330401,588
9392,508905,Character,None,330501,588
9393,508905,Character,None,330801,588
9394,509001,Character,PickupCharacter,581101,200
9395,509002,Character,None,110201,1
9396,509002,Character,None,314001,1
9397,509002,Character,None,321001,1
9398,509002,Character,None,319101,1
9399,509002,Character,None,209001,1
9400,509002,Character,None,116001,1
9401,509002,Character,None,217001,1
9402,509002,Character,None,314201,1
9403,509002,Character,None,115001,1
9404,509002,Character,None,202201,1
9405,509002,Character,None,203001,1
9406,509002,Character,None,203201,1
9407,509002,Character,None,207001,1
9408,509002,Character,None,207101,1
9409,509002,Character,None,207201,1
9410,509002,Character,None,108001,1
9411,509002,Character,None,209201,1
9412,509002,Character,None,110101,1
9413,509002,Character,None,111001,1
9414,509002,Character,None,313001,1
9415,509002,Character,None,117201,1
9416,509002,Character,None,218001,1
9417,509002,Character,None,319001,1
9418,509002,Character,None,320101,1
9419,509002,Character,None,324101,1
9420,509002,Character,None,343201,1
9421,509002,Character,None,343101,1
9422,509002,Character,None,343001,1
9423,509002,Character,None,324201,1
9424,509002,Character,None,218101,1
9425,509002,Character,None,108201,1
9426,509002,Character,None,321201,1
9427,509002,Character,None,320201,1
9428,509002,Character,None,320001,1
9429,509002,Character,None,317101,1
9430,509002,Character,None,314101,1
9431,509002,Character,None,113101,1
9432,509002,Character,None,209101,1
9433,509002,Character,None,235201,1
9434,509002,Character,None,110001,1
9435,509002,Character,None,111101,1
9436,509002,Character,None,311201,1
9437,509002,Character,None,331101,1
9438,509002,Character,None,331201,1
9439,509002,Character,None,338101,1
9440,509002,Character,None,328201,1
9441,509002,Character,None,204001,1
9442,509002,Character,None,327001,1
9443,509002,Character,None,327101,1
9444,509002,Character,None,228001,1
9445,509002,Character,None,338001,1
9446,509002,Character,None,235001,1
9447,509002,Character,None,232101,1
9448,509002,Character,None,145001,1
9449,509002,Character,None,145101,1
9450,509002,Character,None,203301,1
9451,509002,Character,None,119201,1
9452,509002,Character,None,338201,1
9453,509002,Character,None,328101,1
9454,509002,Character,None,231301,1
9455,509002,Character,None,331001,1
9456,509002,Character,None,150001,1
9457,509002,Character,None,204301,1
9458,509002,Character,None,355001,1
9459,509002,Character,None,150101,1
9460,509002,Character,None,331401,1
9461,509002,Character,None,319501,1
9462,509002,Character,None,355101,1
9463,509002,Character,None,139101,1
9464,509002,Character,None,239001,1
9465,509002,Character,None,327201,1
9466,509002,Character,None,140301,1
9467,509002,Character,None,258001,1
9468,509002,Character,None,324001,1
9469,509002,Character,None,141101,1
9470,509002,Character,None,129001,1
9471,509002,Character,None,235401,1
9472,509002,Character,None,235501,1
9473,509002,Character,None,141201,1
9474,509002,Character,None,352001,1
9475,509002,Character,None,352101,1
9476,509002,Character,None,258101,1
9477,509002,Character,None,204101,1
9478,509003,Character,None,423001,3
9479,509003,Character,None,422001,3
9480,509003,Character,None,423201,3
9481,509003,Character,None,422201,3
9482,509003,Character,None,423101,3
9483,509003,Character,None,422101,3
9484,509003,Character,None,426001,3
9485,509003,Character,None,423301,3
9486,509003,Character,None,447001,3
9487,509003,Character,None,422501,3
9488,509003,Character,None,433001,3
9489,509003,Character,None,451101,3
9490,509003,Character,None,451401,3
9491,509003,Character,None,201601,3
9492,509003,Character,None,451301,3
9493,509003,Character,None,116201,3
9494,509004,Character,None,112001,477
9495,509004,Character,None,116101,477
9496,509004,Character,None,129101,477
9497,509004,Character,None,201001,477
9498,509004,Character,None,201101,477
9499,509004,Character,None,202001,477
9500,509004,Character,None,301201,477
9501,509004,Character,None,306001,477
9502,509004,Character,None,306101,477
9503,509005,Character,None,130201,588
9504,509005,Character,None,130301,588
9505,509005,Character,None,130701,588
9506,509005,Character,None,230001,588
9507,509005,Character,None,230101,588
9508,509005,Character,None,230601,588
9509,509005,Character,None,330401,588
9510,509005,Character,None,330501,588
9511,509005,Character,None,330801,588
9512,509101,Character,PickupCharacter,328401,200
9513,509102,Character,None,110201,1
9514,509102,Character,None,314001,1
9515,509102,Character,None,321001,1
9516,509102,Character,None,319101,1
9517,509102,Character,None,209001,1
9518,509102,Character,None,116001,1
9519,509102,Character,None,217001,1
9520,509102,Character,None,314201,1
9521,509102,Character,None,115001,1
9522,509102,Character,None,202201,1
9523,509102,Character,None,203001,1
9524,509102,Character,None,203201,1
9525,509102,Character,None,207001,1
9526,509102,Character,None,207101,1
9527,509102,Character,None,207201,1
9528,509102,Character,None,108001,1
9529,509102,Character,None,209201,1
9530,509102,Character,None,110101,1
9531,509102,Character,None,111001,1
9532,509102,Character,None,313001,1
9533,509102,Character,None,117201,1
9534,509102,Character,None,218001,1
9535,509102,Character,None,319001,1
9536,509102,Character,None,320101,1
9537,509102,Character,None,324101,1
9538,509102,Character,None,343201,1
9539,509102,Character,None,343101,1
9540,509102,Character,None,343001,1
9541,509102,Character,None,324201,1
9542,509102,Character,None,218101,1
9543,509102,Character,None,108201,1
9544,509102,Character,None,321201,1
9545,509102,Character,None,320201,1
9546,509102,Character,None,320001,1
9547,509102,Character,None,317101,1
9548,509102,Character,None,314101,1
9549,509102,Character,None,113101,1
9550,509102,Character,None,209101,1
9551,509102,Character,None,235201,1
9552,509102,Character,None,110001,1
9553,509102,Character,None,111101,1
9554,509102,Character,None,311201,1
9555,509102,Character,None,331101,1
9556,509102,Character,None,331201,1
9557,509102,Character,None,338101,1
9558,509102,Character,None,328201,1
9559,509102,Character,None,204001,1
9560,509102,Character,None,327001,1
9561,509102,Character,None,327101,1
9562,509102,Character,None,228001,1
9563,509102,Character,None,338001,1
9564,509102,Character,None,235001,1
9565,509102,Character,None,232101,1
9566,509102,Character,None,145001,1
9567,509102,Character,None,145101,1
9568,509102,Character,None,203301,1
9569,509102,Character,None,119201,1
9570,509102,Character,None,338201,1
9571,509102,Character,None,328101,1
9572,509102,Character,None,231301,1
9573,509102,Character,None,331001,1
9574,509102,Character,None,150001,1
9575,509102,Character,None,204301,1
9576,509102,Character,None,355001,1
9577,509102,Character,None,150101,1
9578,509102,Character,None,331401,1
9579,509102,Character,None,319501,1
9580,509102,Character,None,355101,1
9581,509102,Character,None,139101,1
9582,509102,Character,None,239001,1
9583,509102,Character,None,327201,1
9584,509102,Character,None,140301,1
9585,509102,Character,None,258001,1
9586,509102,Character,None,324001,1
9587,509102,Character,None,141101,1
9588,509102,Character,None,129001,1
9589,509102,Character,None,235401,1
9590,509102,Character,None,235501,1
9591,509102,Character,None,141201,1
9592,509102,Character,None,352001,1
9593,509102,Character,None,352101,1
9594,509102,Character,None,258101,1
9595,509102,Character,None,204101,1
9596,509102,Character,None,253201,1
9597,509103,Character,None,423001,3
9598,509103,Character,None,422001,3
9599,509103,Character,None,423201,3
9600,509103,Character,None,422201,3
9601,509103,Character,None,423101,3
9602,509103,Character,None,422101,3
9603,509103,Character,None,426001,3
9604,509103,Character,None,423301,3
9605,509103,Character,None,447001,3
9606,509103,Character,None,422501,3
9607,509103,Character,None,433001,3
9608,509103,Character,None,451101,3
9609,509103,Character,None,451401,3
9610,509103,Character,None,201601,3
9611,509103,Character,None,451301,3
9612,509103,Character,None,116201,3
9613,509104,Character,None,112001,477
9614,509104,Character,None,116101,477
9615,509104,Character,None,129101,477
9616,509104,Character,None,201001,477
9617,509104,Character,None,201101,477
9618,509104,Character,None,202001,477
9619,509104,Character,None,301201,477
9620,509104,Character,None,306001,477
9621,509104,Character,None,306101,477
9622,509105,Character,None,130201,588
9623,509105,Character,None,130301,588
9624,509105,Character,None,130701,588
9625,509105,Character,None,230001,588
9626,509105,Character,None,230101,588
9627,509105,Character,None,230601,588
9628,509105,Character,None,330401,588
9629,509105,Character,None,330501,588
9630,509105,Character,None,330801,588
9631,509201,Character,PickupCharacter,328301,200
9632,509202,Character,None,110201,1
9633,509202,Character,None,314001,1
9634,509202,Character,None,321001,1
9635,509202,Character,None,319101,1
9636,509202,Character,None,209001,1
9637,509202,Character,None,116001,1
9638,509202,Character,None,217001,1
9639,509202,Character,None,314201,1
9640,509202,Character,None,115001,1
9641,509202,Character,None,202201,1
9642,509202,Character,None,203001,1
9643,509202,Character,None,203201,1
9644,509202,Character,None,207001,1
9645,509202,Character,None,207101,1
9646,509202,Character,None,207201,1
9647,509202,Character,None,108001,1
9648,509202,Character,None,209201,1
9649,509202,Character,None,110101,1
9650,509202,Character,None,111001,1
9651,509202,Character,None,313001,1
9652,509202,Character,None,117201,1
9653,509202,Character,None,218001,1
9654,509202,Character,None,319001,1
9655,509202,Character,None,320101,1
9656,509202,Character,None,324101,1
9657,509202,Character,None,343201,1
9658,509202,Character,None,343101,1
9659,509202,Character,None,343001,1
9660,509202,Character,None,324201,1
9661,509202,Character,None,218101,1
9662,509202,Character,None,108201,1
9663,509202,Character,None,321201,1
9664,509202,Character,None,320201,1
9665,509202,Character,None,320001,1
9666,509202,Character,None,317101,1
9667,509202,Character,None,314101,1
9668,509202,Character,None,113101,1
9669,509202,Character,None,209101,1
9670,509202,Character,None,235201,1
9671,509202,Character,None,110001,1
9672,509202,Character,None,111101,1
9673,509202,Character,None,311201,1
9674,509202,Character,None,331101,1
9675,509202,Character,None,331201,1
9676,509202,Character,None,338101,1
9677,509202,Character,None,328201,1
9678,509202,Character,None,204001,1
9679,509202,Character,None,327001,1
9680,509202,Character,None,327101,1
9681,509202,Character,None,228001,1
9682,509202,Character,None,338001,1
9683,509202,Character,None,235001,1
9684,509202,Character,None,232101,1
9685,509202,Character,None,145001,1
9686,509202,Character,None,145101,1
9687,509202,Character,None,203301,1
9688,509202,Character,None,119201,1
9689,509202,Character,None,338201,1
9690,509202,Character,None,328101,1
9691,509202,Character,None,231301,1
9692,509202,Character,None,331001,1
9693,509202,Character,None,150001,1
9694,509202,Character,None,204301,1
9695,509202,Character,None,355001,1
9696,509202,Character,None,150101,1
9697,509202,Character,None,331401,1
9698,509202,Character,None,319501,1
9699,509202,Character,None,355101,1
9700,509202,Character,None,139101,1
9701,509202,Character,None,239001,1
9702,509202,Character,None,327201,1
9703,509202,Character,None,140301,1
9704,509202,Character,None,258001,1
9705,509202,Character,None,324001,1
9706,509202,Character,None,141101,1
9707,509202,Character,None,129001,1
9708,509202,Character,None,235401,1
9709,509202,Character,None,235501,1
9710,509202,Character,None,141201,1
9711,509202,Character,None,352001,1
9712,509202,Character,None,352101,1
9713,509202,Character,None,258101,1
9714,509202,Character,None,204101,1
9715,509202,Character,None,253201,1
9716,509203,Character,None,423001,3
9717,509203,Character,None,422001,3
9718,509203,Character,None,423201,3
9719,509203,Character,None,422201,3
9720,509203,Character,None,423101,3
9721,509203,Character,None,422101,3
9722,509203,Character,None,426001,3
9723,509203,Character,None,423301,3
9724,509203,Character,None,447001,3
9725,509203,Character,None,422501,3
9726,509203,Character,None,433001,3
9727,509203,Character,None,451101,3
9728,509203,Character,None,451401,3
9729,509203,Character,None,201601,3
9730,509203,Character,None,451301,3
9731,509203,Character,None,116201,3
9732,509204,Character,None,112001,477
9733,509204,Character,None,116101,477
9734,509204,Character,None,129101,477
9735,509204,Character,None,201001,477
9736,509204,Character,None,201101,477
9737,509204,Character,None,202001,477
9738,509204,Character,None,301201,477
9739,509204,Character,None,306001,477
9740,509204,Character,None,306101,477
9741,509205,Character,None,130201,588
9742,509205,Character,None,130301,588
9743,509205,Character,None,130701,588
9744,509205,Character,None,230001,588
9745,509205,Character,None,230101,588
9746,509205,Character,None,230601,588
9747,509205,Character,None,330401,588
9748,509205,Character,None,330501,588
9749,509205,Character,None,330801,588
9750,509301,Character,PickupCharacter,253201,200
9751,509302,Character,None,110201,1
9752,509302,Character,None,314001,1
9753,509302,Character,None,321001,1
9754,509302,Character,None,319101,1
9755,509302,Character,None,209001,1
9756,509302,Character,None,116001,1
9757,509302,Character,None,217001,1
9758,509302,Character,None,314201,1
9759,509302,Character,None,115001,1
9760,509302,Character,None,202201,1
9761,509302,Character,None,203001,1
9762,509302,Character,None,203201,1
9763,509302,Character,None,207001,1
9764,509302,Character,None,207101,1
9765,509302,Character,None,207201,1
9766,509302,Character,None,108001,1
9767,509302,Character,None,209201,1
9768,509302,Character,None,110101,1
9769,509302,Character,None,111001,1
9770,509302,Character,None,313001,1
9771,509302,Character,None,117201,1
9772,509302,Character,None,218001,1
9773,509302,Character,None,319001,1
9774,509302,Character,None,320101,1
9775,509302,Character,None,324101,1
9776,509302,Character,None,343201,1
9777,509302,Character,None,343101,1
9778,509302,Character,None,343001,1
9779,509302,Character,None,324201,1
9780,509302,Character,None,218101,1
9781,509302,Character,None,108201,1
9782,509302,Character,None,321201,1
9783,509302,Character,None,320201,1
9784,509302,Character,None,320001,1
9785,509302,Character,None,317101,1
9786,509302,Character,None,314101,1
9787,509302,Character,None,113101,1
9788,509302,Character,None,209101,1
9789,509302,Character,None,235201,1
9790,509302,Character,None,110001,1
9791,509302,Character,None,111101,1
9792,509302,Character,None,311201,1
9793,509302,Character,None,331101,1
9794,509302,Character,None,331201,1
9795,509302,Character,None,338101,1
9796,509302,Character,None,328201,1
9797,509302,Character,None,204001,1
9798,509302,Character,None,327001,1
9799,509302,Character,None,327101,1
9800,509302,Character,None,228001,1
9801,509302,Character,None,338001,1
9802,509302,Character,None,235001,1
9803,509302,Character,None,232101,1
9804,509302,Character,None,145001,1
9805,509302,Character,None,145101,1
9806,509302,Character,None,203301,1
9807,509302,Character,None,119201,1
9808,509302,Character,None,338201,1
9809,509302,Character,None,328101,1
9810,509302,Character,None,231301,1
9811,509302,Character,None,331001,1
9812,509302,Character,None,150001,1
9813,509302,Character,None,204301,1
9814,509302,Character,None,355001,1
9815,509302,Character,None,150101,1
9816,509302,Character,None,331401,1
9817,509302,Character,None,319501,1
9818,509302,Character,None,355101,1
9819,509302,Character,None,139101,1
9820,509302,Character,None,239001,1
9821,509302,Character,None,327201,1
9822,509302,Character,None,140301,1
9823,509302,Character,None,258001,1
9824,509302,Character,None,324001,1
9825,509302,Character,None,141101,1
9826,509302,Character,None,129001,1
9827,509302,Character,None,235401,1
9828,509302,Character,None,235501,1
9829,509302,Character,None,141201,1
9830,509302,Character,None,352001,1
9831,509302,Character,None,352101,1
9832,509302,Character,None,258101,1
9833,509302,Character,None,204101,1
9834,509303,Character,None,423001,3
9835,509303,Character,None,422001,3
9836,509303,Character,None,423201,3
9837,509303,Character,None,422201,3
9838,509303,Character,None,423101,3
9839,509303,Character,None,422101,3
9840,509303,Character,None,426001,3
9841,509303,Character,None,423301,3
9842,509303,Character,None,447001,3
9843,509303,Character,None,422501,3
9844,509303,Character,None,433001,3
9845,509303,Character,None,451101,3
9846,509303,Character,None,451401,3
9847,509303,Character,None,201601,3
9848,509303,Character,None,451301,3
9849,509303,Character,None,116201,3
9850,509304,Character,None,112001,477
9851,509304,Character,None,116101,477
9852,509304,Character,None,129101,477
9853,509304,Character,None,201001,477
9854,509304,Character,None,201101,477
9855,509304,Character,None,202001,477
9856,509304,Character,None,301201,477
9857,509304,Character,None,306001,477
9858,509304,Character,None,306101,477
9859,509305,Character,None,130201,588
9860,509305,Character,None,130301,588
9861,509305,Character,None,130701,588
9862,509305,Character,None,230001,588
9863,509305,Character,None,230101,588
9864,509305,Character,None,230601,588
9865,509305,Character,None,330401,588
9866,509305,Character,None,330501,588
9867,509305,Character,None,330801,588
9868,509401,Character,PickupCharacter,423401,100
9869,509402,Character,None,110201,2
9870,509402,Character,None,314001,2
9871,509402,Character,None,321001,2
9872,509402,Character,None,319101,2
9873,509402,Character,None,209001,2
9874,509402,Character,None,116001,2
9875,509402,Character,None,217001,2
9876,509402,Character,None,314201,2
9877,509402,Character,None,115001,2
9878,509402,Character,None,202201,2
9879,509402,Character,None,203001,2
9880,509402,Character,None,203201,2
9881,509402,Character,None,207001,2
9882,509402,Character,None,207101,2
9883,509402,Character,None,207201,2
9884,509402,Character,None,108001,2
9885,509402,Character,None,209201,2
9886,509402,Character,None,110101,2
9887,509402,Character,None,111001,2
9888,509402,Character,None,313001,2
9889,509402,Character,None,117201,2
9890,509402,Character,None,218001,2
9891,509402,Character,None,319001,2
9892,509402,Character,None,320101,2
9893,509402,Character,None,324101,2
9894,509402,Character,None,343201,2
9895,509402,Character,None,343101,2
9896,509402,Character,None,343001,2
9897,509402,Character,None,324201,2
9898,509402,Character,None,218101,2
9899,509402,Character,None,108201,2
9900,509402,Character,None,321201,2
9901,509402,Character,None,320201,2
9902,509402,Character,None,320001,2
9903,509402,Character,None,317101,2
9904,509402,Character,None,314101,2
9905,509402,Character,None,113101,2
9906,509402,Character,None,209101,2
9907,509402,Character,None,235201,2
9908,509402,Character,None,110001,2
9909,509402,Character,None,111101,2
9910,509402,Character,None,311201,2
9911,509402,Character,None,331101,2
9912,509402,Character,None,331201,2
9913,509402,Character,None,338101,2
9914,509402,Character,None,328201,2
9915,509402,Character,None,204001,2
9916,509402,Character,None,327001,2
9917,509402,Character,None,327101,2
9918,509402,Character,None,228001,2
9919,509402,Character,None,338001,2
9920,509402,Character,None,235001,2
9921,509402,Character,None,232101,2
9922,509402,Character,None,145001,2
9923,509402,Character,None,145101,2
9924,509402,Character,None,203301,2
9925,509402,Character,None,119201,2
9926,509402,Character,None,338201,2
9927,509402,Character,None,328101,2
9928,509402,Character,None,231301,2
9929,509402,Character,None,331001,2
9930,509402,Character,None,150001,2
9931,509402,Character,None,204301,2
9932,509402,Character,None,355001,2
9933,509402,Character,None,150101,2
9934,509402,Character,None,331401,2
9935,509402,Character,None,319501,2
9936,509402,Character,None,355101,2
9937,509402,Character,None,139101,2
9938,509402,Character,None,239001,2
9939,509402,Character,None,327201,2
9940,509402,Character,None,140301,2
9941,509402,Character,None,258001,2
9942,509402,Character,None,324001,2
9943,509402,Character,None,141101,2
9944,509402,Character,None,129001,2
9945,509402,Character,None,235401,2
9946,509402,Character,None,235501,2
9947,509402,Character,None,141201,2
9948,509402,Character,None,352001,2
9949,509402,Character,None,352101,2
9950,509402,Character,None,258101,2
9951,509402,Character,None,204101,2
9952,509402,Character,None,253201,2
9953,509403,Character,None,423001,3
9954,509403,Character,None,422001,3
9955,509403,Character,None,423201,3
9956,509403,Character,None,422201,3
9957,509403,Character,None,423101,3
9958,509403,Character,None,422101,3
9959,509403,Character,None,426001,3
9960,509403,Character,None,423301,3
9961,509403,Character,None,447001,3
9962,509403,Character,None,422501,3
9963,509403,Character,None,433001,3
9964,509403,Character,None,451101,3
9965,509403,Character,None,451401,3
9966,509403,Character,None,201601,3
9967,509403,Character,None,451301,3
9968,509403,Character,None,116201,3
9969,509404,Character,None,112001,477
9970,509404,Character,None,116101,477
9971,509404,Character,None,129101,477
9972,509404,Character,None,201001,477
9973,509404,Character,None,201101,477
9974,509404,Character,None,202001,477
9975,509404,Character,None,301201,477
9976,509404,Character,None,306001,477
9977,509404,Character,None,306101,477
9978,509405,Character,None,130201,588
9979,509405,Character,None,130301,588
9980,509405,Character,None,130701,588
9981,509405,Character,None,230001,588
9982,509405,Character,None,230101,588
9983,509405,Character,None,230601,588
9984,509405,Character,None,330401,588
9985,509405,Character,None,330501,588
9986,509405,Character,None,330801,588
9987,509501,Character,PickupCharacter,150201,200
9988,509502,Character,None,110201,1
9989,509502,Character,None,314001,1
9990,509502,Character,None,321001,1
9991,509502,Character,None,319101,1
9992,509502,Character,None,209001,1
9993,509502,Character,None,116001,1
9994,509502,Character,None,217001,1
9995,509502,Character,None,314201,1
9996,509502,Character,None,115001,1
9997,509502,Character,None,202201,1
9998,509502,Character,None,203001,1
9999,509502,Character,None,203201,1
10000,509502,Character,None,207001,1
10001,509502,Character,None,207101,1
10002,509502,Character,None,207201,1
10003,509502,Character,None,108001,1
10004,509502,Character,None,209201,1
10005,509502,Character,None,110101,1
10006,509502,Character,None,111001,1
10007,509502,Character,None,313001,1
10008,509502,Character,None,117201,1
10009,509502,Character,None,218001,1
10010,509502,Character,None,319001,1
10011,509502,Character,None,320101,1
10012,509502,Character,None,324101,1
10013,509502,Character,None,343201,1
10014,509502,Character,None,343101,1
10015,509502,Character,None,343001,1
10016,509502,Character,None,324201,1
10017,509502,Character,None,218101,1
10018,509502,Character,None,108201,1
10019,509502,Character,None,321201,1
10020,509502,Character,None,320201,1
10021,509502,Character,None,320001,1
10022,509502,Character,None,317101,1
10023,509502,Character,None,314101,1
10024,509502,Character,None,113101,1
10025,509502,Character,None,209101,1
10026,509502,Character,None,235201,1
10027,509502,Character,None,110001,1
10028,509502,Character,None,111101,1
10029,509502,Character,None,311201,1
10030,509502,Character,None,331101,1
10031,509502,Character,None,331201,1
10032,509502,Character,None,338101,1
10033,509502,Character,None,328201,1
10034,509502,Character,None,204001,1
10035,509502,Character,None,327001,1
10036,509502,Character,None,327101,1
10037,509502,Character,None,228001,1
10038,509502,Character,None,338001,1
10039,509502,Character,None,235001,1
10040,509502,Character,None,232101,1
10041,509502,Character,None,145001,1
10042,509502,Character,None,145101,1
10043,509502,Character,None,203301,1
10044,509502,Character,None,119201,1
10045,509502,Character,None,338201,1
10046,509502,Character,None,328101,1
10047,509502,Character,None,231301,1
10048,509502,Character,None,331001,1
10049,509502,Character,None,150001,1
10050,509502,Character,None,204301,1
10051,509502,Character,None,355001,1
10052,509502,Character,None,150101,1
10053,509502,Character,None,331401,1
10054,509502,Character,None,319501,1
10055,509502,Character,None,355101,1
10056,509502,Character,None,139101,1
10057,509502,Character,None,239001,1
10058,509502,Character,None,327201,1
10059,509502,Character,None,140301,1
10060,509502,Character,None,258001,1
10061,509502,Character,None,324001,1
10062,509502,Character,None,141101,1
10063,509502,Character,None,129001,1
10064,509502,Character,None,235401,1
10065,509502,Character,None,235501,1
10066,509502,Character,None,141201,1
10067,509502,Character,None,352001,1
10068,509502,Character,None,352101,1
10069,509502,Character,None,258101,1
10070,509502,Character,None,204101,1
10071,509502,Character,None,253201,1
10072,509503,Character,None,423001,3
10073,509503,Character,None,422001,3
10074,509503,Character,None,423201,3
10075,509503,Character,None,422201,3
10076,509503,Character,None,423101,3
10077,509503,Character,None,422101,3
10078,509503,Character,None,426001,3
10079,509503,Character,None,423301,3
10080,509503,Character,None,447001,3
10081,509503,Character,None,422501,3
10082,509503,Character,None,433001,3
10083,509503,Character,None,451101,3
10084,509503,Character,None,451401,3
10085,509503,Character,None,201601,3
10086,509503,Character,None,451301,3
10087,509503,Character,None,116201,3
10088,509504,Character,None,112001,477
10089,509504,Character,None,116101,477
10090,509504,Character,None,129101,477
10091,509504,Character,None,201001,477
10092,509504,Character,None,201101,477
10093,509504,Character,None,202001,477
10094,509504,Character,None,301201,477
10095,509504,Character,None,306001,477
10096,509504,Character,None,306101,477
10097,509505,Character,None,130201,588
10098,509505,Character,None,130301,588
10099,509505,Character,None,130701,588
10100,509505,Character,None,230001,588
10101,509505,Character,None,230101,588
10102,509505,Character,None,230601,588
10103,509505,Character,None,330401,588
10104,509505,Character,None,330501,588
10105,509505,Character,None,330801,588
10106,509601,Character,PickupCharacter,209301,200
10107,509602,Character,None,110201,1
10108,509602,Character,None,314001,1
10109,509602,Character,None,321001,1
10110,509602,Character,None,319101,1
10111,509602,Character,None,209001,1
10112,509602,Character,None,116001,1
10113,509602,Character,None,217001,1
10114,509602,Character,None,314201,1
10115,509602,Character,None,115001,1
10116,509602,Character,None,202201,1
10117,509602,Character,None,203001,1
10118,509602,Character,None,203201,1
10119,509602,Character,None,207001,1
10120,509602,Character,None,207101,1
10121,509602,Character,None,207201,1
10122,509602,Character,None,108001,1
10123,509602,Character,None,209201,1
10124,509602,Character,None,110101,1
10125,509602,Character,None,111001,1
10126,509602,Character,None,313001,1
10127,509602,Character,None,117201,1
10128,509602,Character,None,218001,1
10129,509602,Character,None,319001,1
10130,509602,Character,None,320101,1
10131,509602,Character,None,324101,1
10132,509602,Character,None,343201,1
10133,509602,Character,None,343101,1
10134,509602,Character,None,343001,1
10135,509602,Character,None,324201,1
10136,509602,Character,None,218101,1
10137,509602,Character,None,108201,1
10138,509602,Character,None,321201,1
10139,509602,Character,None,320201,1
10140,509602,Character,None,320001,1
10141,509602,Character,None,317101,1
10142,509602,Character,None,314101,1
10143,509602,Character,None,113101,1
10144,509602,Character,None,209101,1
10145,509602,Character,None,235201,1
10146,509602,Character,None,110001,1
10147,509602,Character,None,111101,1
10148,509602,Character,None,311201,1
10149,509602,Character,None,331101,1
10150,509602,Character,None,331201,1
10151,509602,Character,None,338101,1
10152,509602,Character,None,328201,1
10153,509602,Character,None,204001,1
10154,509602,Character,None,327001,1
10155,509602,Character,None,327101,1
10156,509602,Character,None,228001,1
10157,509602,Character,None,338001,1
10158,509602,Character,None,235001,1
10159,509602,Character,None,232101,1
10160,509602,Character,None,145001,1
10161,509602,Character,None,145101,1
10162,509602,Character,None,203301,1
10163,509602,Character,None,119201,1
10164,509602,Character,None,338201,1
10165,509602,Character,None,328101,1
10166,509602,Character,None,231301,1
10167,509602,Character,None,331001,1
10168,509602,Character,None,150001,1
10169,509602,Character,None,204301,1
10170,509602,Character,None,355001,1
10171,509602,Character,None,150101,1
10172,509602,Character,None,331401,1
10173,509602,Character,None,319501,1
10174,509602,Character,None,355101,1
10175,509602,Character,None,139101,1
10176,509602,Character,None,239001,1
10177,509602,Character,None,327201,1
10178,509602,Character,None,140301,1
10179,509602,Character,None,258001,1
10180,509602,Character,None,324001,1
10181,509602,Character,None,141101,1
10182,509602,Character,None,129001,1
10183,509602,Character,None,235401,1
10184,509602,Character,None,235501,1
10185,509602,Character,None,141201,1
10186,509602,Character,None,352001,1
10187,509602,Character,None,352101,1
10188,509602,Character,None,258101,1
10189,509602,Character,None,204101,1
10190,509602,Character,None,253201,1
10191,509603,Character,None,423001,3
10192,509603,Character,None,422001,3
10193,509603,Character,None,423201,3
10194,509603,Character,None,422201,3
10195,509603,Character,None,423101,3
10196,509603,Character,None,422101,3
10197,509603,Character,None,426001,3
10198,509603,Character,None,423301,3
10199,509603,Character,None,447001,3
10200,509603,Character,None,422501,3
10201,509603,Character,None,433001,3
10202,509603,Character,None,451101,3
10203,509603,Character,None,451401,3
10204,509603,Character,None,201601,3
10205,509603,Character,None,451301,3
10206,509603,Character,None,116201,3
10207,509604,Character,None,112001,477
10208,509604,Character,None,116101,477
10209,509604,Character,None,129101,477
10210,509604,Character,None,201001,477
10211,509604,Character,None,201101,477
10212,509604,Character,None,202001,477
10213,509604,Character,None,301201,477
10214,509604,Character,None,306001,477
10215,509604,Character,None,306101,477
10216,509605,Character,None,130201,588
10217,509605,Character,None,130301,588
10218,509605,Character,None,130701,588
10219,509605,Character,None,230001,588
10220,509605,Character,None,230101,588
10221,509605,Character,None,230601,588
10222,509605,Character,None,330401,588
10223,509605,Character,None,330501,588
10224,509605,Character,None,330801,588
10225,509701,Character,PickupCharacter,209501,200
10226,509702,Character,None,110201,1
10227,509702,Character,None,314001,1
10228,509702,Character,None,321001,1
10229,509702,Character,None,319101,1
10230,509702,Character,None,209001,1
10231,509702,Character,None,116001,1
10232,509702,Character,None,217001,1
10233,509702,Character,None,314201,1
10234,509702,Character,None,115001,1
10235,509702,Character,None,202201,1
10236,509702,Character,None,203001,1
10237,509702,Character,None,203201,1
10238,509702,Character,None,207001,1
10239,509702,Character,None,207101,1
10240,509702,Character,None,207201,1
10241,509702,Character,None,108001,1
10242,509702,Character,None,209201,1
10243,509702,Character,None,110101,1
10244,509702,Character,None,111001,1
10245,509702,Character,None,313001,1
10246,509702,Character,None,117201,1
10247,509702,Character,None,218001,1
10248,509702,Character,None,319001,1
10249,509702,Character,None,320101,1
10250,509702,Character,None,324101,1
10251,509702,Character,None,343201,1
10252,509702,Character,None,343101,1
10253,509702,Character,None,343001,1
10254,509702,Character,None,324201,1
10255,509702,Character,None,218101,1
10256,509702,Character,None,108201,1
10257,509702,Character,None,321201,1
10258,509702,Character,None,320201,1
10259,509702,Character,None,320001,1
10260,509702,Character,None,317101,1
10261,509702,Character,None,314101,1
10262,509702,Character,None,113101,1
10263,509702,Character,None,209101,1
10264,509702,Character,None,235201,1
10265,509702,Character,None,110001,1
10266,509702,Character,None,111101,1
10267,509702,Character,None,311201,1
10268,509702,Character,None,331101,1
10269,509702,Character,None,331201,1
10270,509702,Character,None,338101,1
10271,509702,Character,None,328201,1
10272,509702,Character,None,204001,1
10273,509702,Character,None,327001,1
10274,509702,Character,None,327101,1
10275,509702,Character,None,228001,1
10276,509702,Character,None,338001,1
10277,509702,Character,None,235001,1
10278,509702,Character,None,232101,1
10279,509702,Character,None,145001,1
10280,509702,Character,None,145101,1
10281,509702,Character,None,203301,1
10282,509702,Character,None,119201,1
10283,509702,Character,None,338201,1
10284,509702,Character,None,328101,1
10285,509702,Character,None,231301,1
10286,509702,Character,None,331001,1
10287,509702,Character,None,150001,1
10288,509702,Character,None,204301,1
10289,509702,Character,None,355001,1
10290,509702,Character,None,150101,1
10291,509702,Character,None,331401,1
10292,509702,Character,None,319501,1
10293,509702,Character,None,355101,1
10294,509702,Character,None,139101,1
10295,509702,Character,None,239001,1
10296,509702,Character,None,327201,1
10297,509702,Character,None,140301,1
10298,509702,Character,None,258001,1
10299,509702,Character,None,324001,1
10300,509702,Character,None,141101,1
10301,509702,Character,None,129001,1
10302,509702,Character,None,235401,1
10303,509702,Character,None,235501,1
10304,509702,Character,None,141201,1
10305,509702,Character,None,352001,1
10306,509702,Character,None,352101,1
10307,509702,Character,None,258101,1
10308,509702,Character,None,204101,1
10309,509702,Character,None,253201,1
10310,509703,Character,None,423001,3
10311,509703,Character,None,422001,3
10312,509703,Character,None,423201,3
10313,509703,Character,None,422201,3
10314,509703,Character,None,423101,3
10315,509703,Character,None,422101,3
10316,509703,Character,None,426001,3
10317,509703,Character,None,423301,3
10318,509703,Character,None,447001,3
10319,509703,Character,None,422501,3
10320,509703,Character,None,433001,3
10321,509703,Character,None,451101,3
10322,509703,Character,None,451401,3
10323,509703,Character,None,201601,3
10324,509703,Character,None,451301,3
10325,509703,Character,None,116201,3
10326,509704,Character,None,112001,477
10327,509704,Character,None,116101,477
10328,509704,Character,None,129101,477
10329,509704,Character,None,201001,477
10330,509704,Character,None,201101,477
10331,509704,Character,None,202001,477
10332,509704,Character,None,301201,477
10333,509704,Character,None,306001,477
10334,509704,Character,None,306101,477
10335,509705,Character,None,130201,588
10336,509705,Character,None,130301,588
10337,509705,Character,None,130701,588
10338,509705,Character,None,230001,588
10339,509705,Character,None,230101,588
10340,509705,Character,None,230601,588
10341,509705,Character,None,330401,588
10342,509705,Character,None,330501,588
10343,509705,Character,None,330801,588
10344,509801,Character,PickupCharacter,209401,200
10345,509802,Character,None,110201,1
10346,509802,Character,None,314001,1
10347,509802,Character,None,321001,1
10348,509802,Character,None,319101,1
10349,509802,Character,None,209001,1
10350,509802,Character,None,116001,1
10351,509802,Character,None,217001,1
10352,509802,Character,None,314201,1
10353,509802,Character,None,115001,1
10354,509802,Character,None,202201,1
10355,509802,Character,None,203001,1
10356,509802,Character,None,203201,1
10357,509802,Character,None,207001,1
10358,509802,Character,None,207101,1
10359,509802,Character,None,207201,1
10360,509802,Character,None,108001,1
10361,509802,Character,None,209201,1
10362,509802,Character,None,110101,1
10363,509802,Character,None,111001,1
10364,509802,Character,None,313001,1
10365,509802,Character,None,117201,1
10366,509802,Character,None,218001,1
10367,509802,Character,None,319001,1
10368,509802,Character,None,320101,1
10369,509802,Character,None,324101,1
10370,509802,Character,None,343201,1
10371,509802,Character,None,343101,1
10372,509802,Character,None,343001,1
10373,509802,Character,None,324201,1
10374,509802,Character,None,218101,1
10375,509802,Character,None,108201,1
10376,509802,Character,None,321201,1
10377,509802,Character,None,320201,1
10378,509802,Character,None,320001,1
10379,509802,Character,None,317101,1
10380,509802,Character,None,314101,1
10381,509802,Character,None,113101,1
10382,509802,Character,None,209101,1
10383,509802,Character,None,235201,1
10384,509802,Character,None,110001,1
10385,509802,Character,None,111101,1
10386,509802,Character,None,311201,1
10387,509802,Character,None,331101,1
10388,509802,Character,None,331201,1
10389,509802,Character,None,338101,1
10390,509802,Character,None,328201,1
10391,509802,Character,None,204001,1
10392,509802,Character,None,327001,1
10393,509802,Character,None,327101,1
10394,509802,Character,None,228001,1
10395,509802,Character,None,338001,1
10396,509802,Character,None,235001,1
10397,509802,Character,None,232101,1
10398,509802,Character,None,145001,1
10399,509802,Character,None,145101,1
10400,509802,Character,None,203301,1
10401,509802,Character,None,119201,1
10402,509802,Character,None,338201,1
10403,509802,Character,None,328101,1
10404,509802,Character,None,231301,1
10405,509802,Character,None,331001,1
10406,509802,Character,None,150001,1
10407,509802,Character,None,204301,1
10408,509802,Character,None,355001,1
10409,509802,Character,None,150101,1
10410,509802,Character,None,331401,1
10411,509802,Character,None,319501,1
10412,509802,Character,None,355101,1
10413,509802,Character,None,139101,1
10414,509802,Character,None,239001,1
10415,509802,Character,None,327201,1
10416,509802,Character,None,140301,1
10417,509802,Character,None,258001,1
10418,509802,Character,None,324001,1
10419,509802,Character,None,141101,1
10420,509802,Character,None,129001,1
10421,509802,Character,None,235401,1
10422,509802,Character,None,235501,1
10423,509802,Character,None,141201,1
10424,509802,Character,None,352001,1
10425,509802,Character,None,352101,1
10426,509802,Character,None,258101,1
10427,509802,Character,None,204101,1
10428,509802,Character,None,253201,1
10429,509803,Character,None,423001,3
10430,509803,Character,None,422001,3
10431,509803,Character,None,423201,3
10432,509803,Character,None,422201,3
10433,509803,Character,None,423101,3
10434,509803,Character,None,422101,3
10435,509803,Character,None,426001,3
10436,509803,Character,None,423301,3
10437,509803,Character,None,447001,3
10438,509803,Character,None,422501,3
10439,509803,Character,None,433001,3
10440,509803,Character,None,451101,3
10441,509803,Character,None,451401,3
10442,509803,Character,None,201601,3
10443,509803,Character,None,451301,3
10444,509803,Character,None,116201,3
10445,509804,Character,None,112001,477
10446,509804,Character,None,116101,477
10447,509804,Character,None,129101,477
10448,509804,Character,None,201001,477
10449,509804,Character,None,201101,477
10450,509804,Character,None,202001,477
10451,509804,Character,None,301201,477
10452,509804,Character,None,306001,477
10453,509804,Character,None,306101,477
10454,509805,Character,None,130201,588
10455,509805,Character,None,130301,588
10456,509805,Character,None,130701,588
10457,509805,Character,None,230001,588
10458,509805,Character,None,230101,588
10459,509805,Character,None,230601,588
10460,509805,Character,None,330401,588
10461,509805,Character,None,330501,588
10462,509805,Character,None,330801,588
10463,509901,GachaSelectup,PickupCharacter,0,200
10464,509902,Character,None,110201,1
10465,509902,Character,None,314001,1
10466,509902,Character,None,321001,1
10467,509902,Character,None,319101,1
10468,509902,Character,None,209001,1
10469,509902,Character,None,116001,1
10470,509902,Character,None,217001,1
10471,509902,Character,None,314201,1
10472,509902,Character,None,115001,1
10473,509902,Character,None,202201,1
10474,509902,Character,None,203001,1
10475,509902,Character,None,203201,1
10476,509902,Character,None,207001,1
10477,509902,Character,None,207101,1
10478,509902,Character,None,207201,1
10479,509902,Character,None,108001,1
10480,509902,Character,None,209201,1
10481,509902,Character,None,110101,1
10482,509902,Character,None,111001,1
10483,509902,Character,None,313001,1
10484,509902,Character,None,117201,1
10485,509902,Character,None,218001,1
10486,509902,Character,None,319001,1
10487,509902,Character,None,320101,1
10488,509902,Character,None,324101,1
10489,509902,Character,None,343201,1
10490,509902,Character,None,343101,1
10491,509902,Character,None,343001,1
10492,509902,Character,None,324201,1
10493,509902,Character,None,218101,1
10494,509902,Character,None,108201,1
10495,509902,Character,None,321201,1
10496,509902,Character,None,320201,1
10497,509902,Character,None,320001,1
10498,509902,Character,None,317101,1
10499,509902,Character,None,314101,1
10500,509902,Character,None,113101,1
10501,509902,Character,None,209101,1
10502,509902,Character,None,235201,1
10503,509902,Character,None,110001,1
10504,509902,Character,None,111101,1
10505,509902,Character,None,311201,1
10506,509902,Character,None,331101,1
10507,509902,Character,None,331201,1
10508,509902,Character,None,338101,1
10509,509902,Character,None,328201,1
10510,509902,Character,None,204001,1
10511,509902,Character,None,327001,1
10512,509902,Character,None,327101,1
10513,509902,Character,None,228001,1
10514,509902,Character,None,338001,1
10515,509902,Character,None,235001,1
10516,509902,Character,None,232101,1
10517,509902,Character,None,145001,1
10518,509902,Character,None,145101,1
10519,509902,Character,None,203301,1
10520,509902,Character,None,119201,1
10521,509902,Character,None,338201,1
10522,509902,Character,None,328101,1
10523,509902,Character,None,231301,1
10524,509902,Character,None,331001,1
10525,509902,Character,None,150001,1
10526,509902,Character,None,204301,1
10527,509902,Character,None,355001,1
10528,509902,Character,None,150101,1
10529,509902,Character,None,331401,1
10530,509902,Character,None,319501,1
10531,509902,Character,None,355101,1
10532,509902,Character,None,139101,1
10533,509902,Character,None,239001,1
10534,509902,Character,None,327201,1
10535,509902,Character,None,140301,1
10536,509902,Character,None,258001,1
10537,509902,Character,None,324001,1
10538,509902,Character,None,141101,1
10539,509902,Character,None,129001,1
10540,509902,Character,None,235401,1
10541,509902,Character,None,235501,1
10542,509902,Character,None,141201,1
10543,509902,Character,None,352001,1
10544,509902,Character,None,352101,1
10545,509902,Character,None,258101,1
10546,509902,Character,None,204101,1
10547,509902,Character,None,253201,1
10548,509902,Character,None,209301,1
10549,509902,Character,None,209501,1
10550,509903,Character,None,423001,3
10551,509903,Character,None,422001,3
10552,509903,Character,None,423201,3
10553,509903,Character,None,422201,3
10554,509903,Character,None,423101,3
10555,509903,Character,None,422101,3
10556,509903,Character,None,426001,3
10557,509903,Character,None,423301,3
10558,509903,Character,None,447001,3
10559,509903,Character,None,422501,3
10560,509903,Character,None,433001,3
10561,509903,Character,None,451101,3
10562,509903,Character,None,451401,3
10563,509903,Character,None,201601,3
10564,509903,Character,None,451301,3
10565,509903,Character,None,116201,3
10566,509904,Character,None,112001,477
10567,509904,Character,None,116101,477
10568,509904,Character,None,129101,477
10569,509904,Character,None,201001,477
10570,509904,Character,None,201101,477
10571,509904,Character,None,202001,477
10572,509904,Character,None,301201,477
10573,509904,Character,None,306001,477
10574,509904,Character,None,306101,477
10575,509905,Character,None,130201,588
10576,509905,Character,None,130301,588
10577,509905,Character,None,130701,588
10578,509905,Character,None,230001,588
10579,509905,Character,None,230101,588
10580,509905,Character,None,230601,588
10581,509905,Character,None,330401,588
10582,509905,Character,None,330501,588
10583,509905,Character,None,330801,588
10584,510001,Character,PickupCharacter,331501,200
10585,510002,Character,None,110201,1
10586,510002,Character,None,314001,1
10587,510002,Character,None,321001,1
10588,510002,Character,None,319101,1
10589,510002,Character,None,209001,1
10590,510002,Character,None,116001,1
10591,510002,Character,None,217001,1
10592,510002,Character,None,314201,1
10593,510002,Character,None,115001,1
10594,510002,Character,None,202201,1
10595,510002,Character,None,203001,1
10596,510002,Character,None,203201,1
10597,510002,Character,None,207001,1
10598,510002,Character,None,207101,1
10599,510002,Character,None,207201,1
10600,510002,Character,None,108001,1
10601,510002,Character,None,209201,1
10602,510002,Character,None,110101,1
10603,510002,Character,None,111001,1
10604,510002,Character,None,313001,1
10605,510002,Character,None,117201,1
10606,510002,Character,None,218001,1
10607,510002,Character,None,319001,1
10608,510002,Character,None,320101,1
10609,510002,Character,None,324101,1
10610,510002,Character,None,343201,1
10611,510002,Character,None,343101,1
10612,510002,Character,None,343001,1
10613,510002,Character,None,324201,1
10614,510002,Character,None,218101,1
10615,510002,Character,None,108201,1
10616,510002,Character,None,321201,1
10617,510002,Character,None,320201,1
10618,510002,Character,None,320001,1
10619,510002,Character,None,317101,1
10620,510002,Character,None,314101,1
10621,510002,Character,None,113101,1
10622,510002,Character,None,209101,1
10623,510002,Character,None,235201,1
10624,510002,Character,None,110001,1
10625,510002,Character,None,111101,1
10626,510002,Character,None,311201,1
10627,510002,Character,None,331101,1
10628,510002,Character,None,331201,1
10629,510002,Character,None,338101,1
10630,510002,Character,None,328201,1
10631,510002,Character,None,204001,1
10632,510002,Character,None,327001,1
10633,510002,Character,None,327101,1
10634,510002,Character,None,228001,1
10635,510002,Character,None,338001,1
10636,510002,Character,None,235001,1
10637,510002,Character,None,232101,1
10638,510002,Character,None,145001,1
10639,510002,Character,None,145101,1
10640,510002,Character,None,203301,1
10641,510002,Character,None,119201,1
10642,510002,Character,None,338201,1
10643,510002,Character,None,328101,1
10644,510002,Character,None,231301,1
10645,510002,Character,None,331001,1
10646,510002,Character,None,150001,1
10647,510002,Character,None,204301,1
10648,510002,Character,None,355001,1
10649,510002,Character,None,150101,1
10650,510002,Character,None,331401,1
10651,510002,Character,None,319501,1
10652,510002,Character,None,355101,1
10653,510002,Character,None,139101,1
10654,510002,Character,None,239001,1
10655,510002,Character,None,327201,1
10656,510002,Character,None,140301,1
10657,510002,Character,None,258001,1
10658,510002,Character,None,324001,1
10659,510002,Character,None,141101,1
10660,510002,Character,None,129001,1
10661,510002,Character,None,235401,1
10662,510002,Character,None,235501,1
10663,510002,Character,None,141201,1
10664,510002,Character,None,352001,1
10665,510002,Character,None,352101,1
10666,510002,Character,None,258101,1
10667,510002,Character,None,204101,1
10668,510002,Character,None,253201,1
10669,510002,Character,None,209301,1
10670,510002,Character,None,209501,1
10671,510003,Character,None,423001,3
10672,510003,Character,None,422001,3
10673,510003,Character,None,423201,3
10674,510003,Character,None,422201,3
10675,510003,Character,None,423101,3
10676,510003,Character,None,422101,3
10677,510003,Character,None,426001,3
10678,510003,Character,None,423301,3
10679,510003,Character,None,447001,3
10680,510003,Character,None,422501,3
10681,510003,Character,None,433001,3
10682,510003,Character,None,451101,3
10683,510003,Character,None,451401,3
10684,510003,Character,None,201601,3
10685,510003,Character,None,451301,3
10686,510003,Character,None,116201,3
10687,510004,Character,None,112001,477
10688,510004,Character,None,116101,477
10689,510004,Character,None,129101,477
10690,510004,Character,None,201001,477
10691,510004,Character,None,201101,477
10692,510004,Character,None,202001,477
10693,510004,Character,None,301201,477
10694,510004,Character,None,306001,477
10695,510004,Character,None,306101,477
10696,510005,Character,None,130201,588
10697,510005,Character,None,130301,588
10698,510005,Character,None,130701,588
10699,510005,Character,None,230001,588
10700,510005,Character,None,230101,588
10701,510005,Character,None,230601,588
10702,510005,Character,None,330401,588
10703,510005,Character,None,330501,588
10704,510005,Character,None,330801,588
10705,510101,Character,PickupCharacter,314301,200
10706,510102,Character,None,110201,1
10707,510102,Character,None,314001,1
10708,510102,Character,None,321001,1
10709,510102,Character,None,319101,1
10710,510102,Character,None,209001,1
10711,510102,Character,None,116001,1
10712,510102,Character,None,217001,1
10713,510102,Character,None,314201,1
10714,510102,Character,None,115001,1
10715,510102,Character,None,202201,1
10716,510102,Character,None,203001,1
10717,510102,Character,None,203201,1
10718,510102,Character,None,207001,1
10719,510102,Character,None,207101,1
10720,510102,Character,None,207201,1
10721,510102,Character,None,108001,1
10722,510102,Character,None,209201,1
10723,510102,Character,None,110101,1
10724,510102,Character,None,111001,1
10725,510102,Character,None,313001,1
10726,510102,Character,None,117201,1
10727,510102,Character,None,218001,1
10728,510102,Character,None,319001,1
10729,510102,Character,None,320101,1
10730,510102,Character,None,324101,1
10731,510102,Character,None,343201,1
10732,510102,Character,None,343101,1
10733,510102,Character,None,343001,1
10734,510102,Character,None,324201,1
10735,510102,Character,None,218101,1
10736,510102,Character,None,108201,1
10737,510102,Character,None,321201,1
10738,510102,Character,None,320201,1
10739,510102,Character,None,320001,1
10740,510102,Character,None,317101,1
10741,510102,Character,None,314101,1
10742,510102,Character,None,113101,1
10743,510102,Character,None,209101,1
10744,510102,Character,None,235201,1
10745,510102,Character,None,110001,1
10746,510102,Character,None,111101,1
10747,510102,Character,None,311201,1
10748,510102,Character,None,331101,1
10749,510102,Character,None,331201,1
10750,510102,Character,None,338101,1
10751,510102,Character,None,328201,1
10752,510102,Character,None,204001,1
10753,510102,Character,None,327001,1
10754,510102,Character,None,327101,1
10755,510102,Character,None,228001,1
10756,510102,Character,None,338001,1
10757,510102,Character,None,235001,1
10758,510102,Character,None,232101,1
10759,510102,Character,None,145001,1
10760,510102,Character,None,145101,1
10761,510102,Character,None,203301,1
10762,510102,Character,None,119201,1
10763,510102,Character,None,338201,1
10764,510102,Character,None,328101,1
10765,510102,Character,None,231301,1
10766,510102,Character,None,331001,1
10767,510102,Character,None,150001,1
10768,510102,Character,None,204301,1
10769,510102,Character,None,355001,1
10770,510102,Character,None,150101,1
10771,510102,Character,None,331401,1
10772,510102,Character,None,319501,1
10773,510102,Character,None,355101,1
10774,510102,Character,None,139101,1
10775,510102,Character,None,239001,1
10776,510102,Character,None,327201,1
10777,510102,Character,None,140301,1
10778,510102,Character,None,258001,1
10779,510102,Character,None,324001,1
10780,510102,Character,None,141101,1
10781,510102,Character,None,129001,1
10782,510102,Character,None,235401,1
10783,510102,Character,None,235501,1
10784,510102,Character,None,141201,1
10785,510102,Character,None,352001,1
10786,510102,Character,None,352101,1
10787,510102,Character,None,258101,1
10788,510102,Character,None,204101,1
10789,510102,Character,None,253201,1
10790,510102,Character,None,209301,1
10791,510102,Character,None,209501,1
10792,510103,Character,None,423001,3
10793,510103,Character,None,422001,3
10794,510103,Character,None,423201,3
10795,510103,Character,None,422201,3
10796,510103,Character,None,423101,3
10797,510103,Character,None,422101,3
10798,510103,Character,None,426001,3
10799,510103,Character,None,423301,3
10800,510103,Character,None,447001,3
10801,510103,Character,None,422501,3
10802,510103,Character,None,433001,3
10803,510103,Character,None,451101,3
10804,510103,Character,None,451401,3
10805,510103,Character,None,201601,3
10806,510103,Character,None,451301,3
10807,510103,Character,None,116201,3
10808,510104,Character,None,112001,477
10809,510104,Character,None,116101,477
10810,510104,Character,None,129101,477
10811,510104,Character,None,201001,477
10812,510104,Character,None,201101,477
10813,510104,Character,None,202001,477
10814,510104,Character,None,301201,477
10815,510104,Character,None,306001,477
10816,510104,Character,None,306101,477
10817,510105,Character,None,130201,588
10818,510105,Character,None,130301,588
10819,510105,Character,None,130701,588
10820,510105,Character,None,230001,588
10821,510105,Character,None,230101,588
10822,510105,Character,None,230601,588
10823,510105,Character,None,330401,588
10824,510105,Character,None,330501,588
10825,510105,Character,None,330801,588
10826,510201,Character,PickupCharacter,584001,200
10827,510202,Character,None,110201,1
10828,510202,Character,None,314001,1
10829,510202,Character,None,321001,1
10830,510202,Character,None,319101,1
10831,510202,Character,None,209001,1
10832,510202,Character,None,116001,1
10833,510202,Character,None,217001,1
10834,510202,Character,None,314201,1
10835,510202,Character,None,115001,1
10836,510202,Character,None,202201,1
10837,510202,Character,None,203001,1
10838,510202,Character,None,203201,1
10839,510202,Character,None,207001,1
10840,510202,Character,None,207101,1
10841,510202,Character,None,207201,1
10842,510202,Character,None,108001,1
10843,510202,Character,None,209201,1
10844,510202,Character,None,110101,1
10845,510202,Character,None,111001,1
10846,510202,Character,None,313001,1
10847,510202,Character,None,117201,1
10848,510202,Character,None,218001,1
10849,510202,Character,None,319001,1
10850,510202,Character,None,320101,1
10851,510202,Character,None,324101,1
10852,510202,Character,None,343201,1
10853,510202,Character,None,343101,1
10854,510202,Character,None,343001,1
10855,510202,Character,None,324201,1
10856,510202,Character,None,218101,1
10857,510202,Character,None,108201,1
10858,510202,Character,None,321201,1
10859,510202,Character,None,320201,1
10860,510202,Character,None,320001,1
10861,510202,Character,None,317101,1
10862,510202,Character,None,314101,1
10863,510202,Character,None,113101,1
10864,510202,Character,None,209101,1
10865,510202,Character,None,235201,1
10866,510202,Character,None,110001,1
10867,510202,Character,None,111101,1
10868,510202,Character,None,311201,1
10869,510202,Character,None,331101,1
10870,510202,Character,None,331201,1
10871,510202,Character,None,338101,1
10872,510202,Character,None,328201,1
10873,510202,Character,None,204001,1
10874,510202,Character,None,327001,1
10875,510202,Character,None,327101,1
10876,510202,Character,None,228001,1
10877,510202,Character,None,338001,1
10878,510202,Character,None,235001,1
10879,510202,Character,None,232101,1
10880,510202,Character,None,145001,1
10881,510202,Character,None,145101,1
10882,510202,Character,None,203301,1
10883,510202,Character,None,119201,1
10884,510202,Character,None,338201,1
10885,510202,Character,None,328101,1
10886,510202,Character,None,231301,1
10887,510202,Character,None,331001,1
10888,510202,Character,None,150001,1
10889,510202,Character,None,204301,1
10890,510202,Character,None,355001,1
10891,510202,Character,None,150101,1
10892,510202,Character,None,331401,1
10893,510202,Character,None,319501,1
10894,510202,Character,None,355101,1
10895,510202,Character,None,139101,1
10896,510202,Character,None,239001,1
10897,510202,Character,None,327201,1
10898,510202,Character,None,140301,1
10899,510202,Character,None,258001,1
10900,510202,Character,None,324001,1
10901,510202,Character,None,141101,1
10902,510202,Character,None,129001,1
10903,510202,Character,None,235401,1
10904,510202,Character,None,235501,1
10905,510202,Character,None,141201,1
10906,510202,Character,None,352001,1
10907,510202,Character,None,352101,1
10908,510202,Character,None,258101,1
10909,510202,Character,None,204101,1
10910,510202,Character,None,253201,1
10911,510202,Character,None,209301,1
10912,510202,Character,None,209501,1
10913,510202,Character,None,209401,1
10914,510202,Character,None,331501,1
10915,510203,Character,None,423001,3
10916,510203,Character,None,422001,3
10917,510203,Character,None,423201,3
10918,510203,Character,None,422201,3
10919,510203,Character,None,423101,3
10920,510203,Character,None,422101,3
10921,510203,Character,None,426001,3
10922,510203,Character,None,423301,3
10923,510203,Character,None,447001,3
10924,510203,Character,None,422501,3
10925,510203,Character,None,433001,3
10926,510203,Character,None,451101,3
10927,510203,Character,None,451401,3
10928,510203,Character,None,201601,3
10929,510203,Character,None,451301,3
10930,510203,Character,None,116201,3
10931,510204,Character,None,112001,477
10932,510204,Character,None,116101,477
10933,510204,Character,None,129101,477
10934,510204,Character,None,201001,477
10935,510204,Character,None,201101,477
10936,510204,Character,None,202001,477
10937,510204,Character,None,301201,477
10938,510204,Character,None,306001,477
10939,510204,Character,None,306101,477
10940,510205,Character,None,130201,588
10941,510205,Character,None,130301,588
10942,510205,Character,None,130701,588
10943,510205,Character,None,230001,588
10944,510205,Character,None,230101,588
10945,510205,Character,None,230601,588
10946,510205,Character,None,330401,588
10947,510205,Character,None,330501,588
10948,510205,Character,None,330801,588
10949,510301,Character,PickupCharacter,584101,200
10950,510302,Character,None,110201,1
10951,510302,Character,None,314001,1
10952,510302,Character,None,321001,1
10953,510302,Character,None,319101,1
10954,510302,Character,None,209001,1
10955,510302,Character,None,116001,1
10956,510302,Character,None,217001,1
10957,510302,Character,None,314201,1
10958,510302,Character,None,115001,1
10959,510302,Character,None,202201,1
10960,510302,Character,None,203001,1
10961,510302,Character,None,203201,1
10962,510302,Character,None,207001,1
10963,510302,Character,None,207101,1
10964,510302,Character,None,207201,1
10965,510302,Character,None,108001,1
10966,510302,Character,None,209201,1
10967,510302,Character,None,110101,1
10968,510302,Character,None,111001,1
10969,510302,Character,None,313001,1
10970,510302,Character,None,117201,1
10971,510302,Character,None,218001,1
10972,510302,Character,None,319001,1
10973,510302,Character,None,320101,1
10974,510302,Character,None,324101,1
10975,510302,Character,None,343201,1
10976,510302,Character,None,343101,1
10977,510302,Character,None,343001,1
10978,510302,Character,None,324201,1
10979,510302,Character,None,218101,1
10980,510302,Character,None,108201,1
10981,510302,Character,None,321201,1
10982,510302,Character,None,320201,1
10983,510302,Character,None,320001,1
10984,510302,Character,None,317101,1
10985,510302,Character,None,314101,1
10986,510302,Character,None,113101,1
10987,510302,Character,None,209101,1
10988,510302,Character,None,235201,1
10989,510302,Character,None,110001,1
10990,510302,Character,None,111101,1
10991,510302,Character,None,311201,1
10992,510302,Character,None,331101,1
10993,510302,Character,None,331201,1
10994,510302,Character,None,338101,1
10995,510302,Character,None,328201,1
10996,510302,Character,None,204001,1
10997,510302,Character,None,327001,1
10998,510302,Character,None,327101,1
10999,510302,Character,None,228001,1
11000,510302,Character,None,338001,1
11001,510302,Character,None,235001,1
11002,510302,Character,None,232101,1
11003,510302,Character,None,145001,1
11004,510302,Character,None,145101,1
11005,510302,Character,None,203301,1
11006,510302,Character,None,119201,1
11007,510302,Character,None,338201,1
11008,510302,Character,None,328101,1
11009,510302,Character,None,231301,1
11010,510302,Character,None,331001,1
11011,510302,Character,None,150001,1
11012,510302,Character,None,204301,1
11013,510302,Character,None,355001,1
11014,510302,Character,None,150101,1
11015,510302,Character,None,331401,1
11016,510302,Character,None,319501,1
11017,510302,Character,None,355101,1
11018,510302,Character,None,139101,1
11019,510302,Character,None,239001,1
11020,510302,Character,None,327201,1
11021,510302,Character,None,140301,1
11022,510302,Character,None,258001,1
11023,510302,Character,None,324001,1
11024,510302,Character,None,141101,1
11025,510302,Character,None,129001,1
11026,510302,Character,None,235401,1
11027,510302,Character,None,235501,1
11028,510302,Character,None,141201,1
11029,510302,Character,None,352001,1
11030,510302,Character,None,352101,1
11031,510302,Character,None,258101,1
11032,510302,Character,None,204101,1
11033,510302,Character,None,253201,1
11034,510302,Character,None,209301,1
11035,510302,Character,None,209501,1
11036,510302,Character,None,209401,1
11037,510302,Character,None,331501,1
11038,510303,Character,None,423001,3
11039,510303,Character,None,422001,3
11040,510303,Character,None,423201,3
11041,510303,Character,None,422201,3
11042,510303,Character,None,423101,3
11043,510303,Character,None,422101,3
11044,510303,Character,None,426001,3
11045,510303,Character,None,423301,3
11046,510303,Character,None,447001,3
11047,510303,Character,None,422501,3
11048,510303,Character,None,433001,3
11049,510303,Character,None,451101,3
11050,510303,Character,None,451401,3
11051,510303,Character,None,201601,3
11052,510303,Character,None,451301,3
11053,510303,Character,None,116201,3
11054,510304,Character,None,112001,477
11055,510304,Character,None,116101,477
11056,510304,Character,None,129101,477
11057,510304,Character,None,201001,477
11058,510304,Character,None,201101,477
11059,510304,Character,None,202001,477
11060,510304,Character,None,301201,477
11061,510304,Character,None,306001,477
11062,510304,Character,None,306101,477
11063,510305,Character,None,130201,588
11064,510305,Character,None,130301,588
11065,510305,Character,None,130701,588
11066,510305,Character,None,230001,588
11067,510305,Character,None,230101,588
11068,510305,Character,None,230601,588
11069,510305,Character,None,330401,588
11070,510305,Character,None,330501,588
11071,510305,Character,None,330801,588
11072,510401,Character,PickupCharacter,502301,200
11073,510402,Character,None,110201,1
11074,510402,Character,None,314001,1
11075,510402,Character,None,321001,1
11076,510402,Character,None,319101,1
11077,510402,Character,None,209001,1
11078,510402,Character,None,116001,1
11079,510402,Character,None,217001,1
11080,510402,Character,None,314201,1
11081,510402,Character,None,115001,1
11082,510402,Character,None,202201,1
11083,510402,Character,None,203001,1
11084,510402,Character,None,203201,1
11085,510402,Character,None,207001,1
11086,510402,Character,None,207101,1
11087,510402,Character,None,207201,1
11088,510402,Character,None,108001,1
11089,510402,Character,None,209201,1
11090,510402,Character,None,110101,1
11091,510402,Character,None,111001,1
11092,510402,Character,None,313001,1
11093,510402,Character,None,117201,1
11094,510402,Character,None,218001,1
11095,510402,Character,None,319001,1
11096,510402,Character,None,320101,1
11097,510402,Character,None,324101,1
11098,510402,Character,None,343201,1
11099,510402,Character,None,343101,1
11100,510402,Character,None,343001,1
11101,510402,Character,None,324201,1
11102,510402,Character,None,218101,1
11103,510402,Character,None,108201,1
11104,510402,Character,None,321201,1
11105,510402,Character,None,320201,1
11106,510402,Character,None,320001,1
11107,510402,Character,None,317101,1
11108,510402,Character,None,314101,1
11109,510402,Character,None,113101,1
11110,510402,Character,None,209101,1
11111,510402,Character,None,235201,1
11112,510402,Character,None,110001,1
11113,510402,Character,None,111101,1
11114,510402,Character,None,311201,1
11115,510402,Character,None,331101,1
11116,510402,Character,None,331201,1
11117,510402,Character,None,338101,1
11118,510402,Character,None,328201,1
11119,510402,Character,None,204001,1
11120,510402,Character,None,327001,1
11121,510402,Character,None,327101,1
11122,510402,Character,None,228001,1
11123,510402,Character,None,338001,1
11124,510402,Character,None,235001,1
11125,510402,Character,None,232101,1
11126,510402,Character,None,145001,1
11127,510402,Character,None,145101,1
11128,510402,Character,None,203301,1
11129,510402,Character,None,119201,1
11130,510402,Character,None,338201,1
11131,510402,Character,None,328101,1
11132,510402,Character,None,231301,1
11133,510402,Character,None,331001,1
11134,510402,Character,None,150001,1
11135,510402,Character,None,204301,1
11136,510402,Character,None,355001,1
11137,510402,Character,None,150101,1
11138,510402,Character,None,331401,1
11139,510402,Character,None,319501,1
11140,510402,Character,None,355101,1
11141,510402,Character,None,139101,1
11142,510402,Character,None,239001,1
11143,510402,Character,None,327201,1
11144,510402,Character,None,140301,1
11145,510402,Character,None,258001,1
11146,510402,Character,None,324001,1
11147,510402,Character,None,141101,1
11148,510402,Character,None,129001,1
11149,510402,Character,None,235401,1
11150,510402,Character,None,235501,1
11151,510402,Character,None,141201,1
11152,510402,Character,None,352001,1
11153,510402,Character,None,352101,1
11154,510402,Character,None,258101,1
11155,510402,Character,None,204101,1
11156,510402,Character,None,253201,1
11157,510402,Character,None,209301,1
11158,510402,Character,None,209501,1
11159,510402,Character,None,209401,1
11160,510402,Character,None,331501,1
11161,510403,Character,None,423001,3
11162,510403,Character,None,422001,3
11163,510403,Character,None,423201,3
11164,510403,Character,None,422201,3
11165,510403,Character,None,423101,3
11166,510403,Character,None,422101,3
11167,510403,Character,None,426001,3
11168,510403,Character,None,423301,3
11169,510403,Character,None,447001,3
11170,510403,Character,None,422501,3
11171,510403,Character,None,433001,3
11172,510403,Character,None,451101,3
11173,510403,Character,None,451401,3
11174,510403,Character,None,201601,3
11175,510403,Character,None,451301,3
11176,510403,Character,None,116201,3
11177,510404,Character,None,112001,477
11178,510404,Character,None,116101,477
11179,510404,Character,None,129101,477
11180,510404,Character,None,201001,477
11181,510404,Character,None,201101,477
11182,510404,Character,None,202001,477
11183,510404,Character,None,301201,477
11184,510404,Character,None,306001,477
11185,510404,Character,None,306101,477
11186,510405,Character,None,130201,588
11187,510405,Character,None,130301,588
11188,510405,Character,None,130701,588
11189,510405,Character,None,230001,588
11190,510405,Character,None,230101,588
11191,510405,Character,None,230601,588
11192,510405,Character,None,330401,588
11193,510405,Character,None,330501,588
11194,510405,Character,None,330801,588
11195,510501,Character,PickupCharacter,422301,100
11196,510502,Character,None,110201,2
11197,510502,Character,None,314001,2
11198,510502,Character,None,321001,2
11199,510502,Character,None,319101,2
11200,510502,Character,None,209001,2
11201,510502,Character,None,116001,2
11202,510502,Character,None,217001,2
11203,510502,Character,None,314201,2
11204,510502,Character,None,115001,2
11205,510502,Character,None,202201,2
11206,510502,Character,None,203001,2
11207,510502,Character,None,203201,2
11208,510502,Character,None,207001,2
11209,510502,Character,None,207101,2
11210,510502,Character,None,207201,2
11211,510502,Character,None,108001,2
11212,510502,Character,None,209201,2
11213,510502,Character,None,110101,2
11214,510502,Character,None,111001,2
11215,510502,Character,None,313001,2
11216,510502,Character,None,117201,2
11217,510502,Character,None,218001,2
11218,510502,Character,None,319001,2
11219,510502,Character,None,320101,2
11220,510502,Character,None,324101,2
11221,510502,Character,None,343201,2
11222,510502,Character,None,343101,2
11223,510502,Character,None,343001,2
11224,510502,Character,None,324201,2
11225,510502,Character,None,218101,2
11226,510502,Character,None,108201,2
11227,510502,Character,None,321201,2
11228,510502,Character,None,320201,2
11229,510502,Character,None,320001,2
11230,510502,Character,None,317101,2
11231,510502,Character,None,314101,2
11232,510502,Character,None,113101,2
11233,510502,Character,None,209101,2
11234,510502,Character,None,235201,2
11235,510502,Character,None,110001,2
11236,510502,Character,None,111101,2
11237,510502,Character,None,311201,2
11238,510502,Character,None,331101,2
11239,510502,Character,None,331201,2
11240,510502,Character,None,338101,2
11241,510502,Character,None,328201,2
11242,510502,Character,None,204001,2
11243,510502,Character,None,327001,2
11244,510502,Character,None,327101,2
11245,510502,Character,None,228001,2
11246,510502,Character,None,338001,2
11247,510502,Character,None,235001,2
11248,510502,Character,None,232101,2
11249,510502,Character,None,145001,2
11250,510502,Character,None,145101,2
11251,510502,Character,None,203301,2
11252,510502,Character,None,119201,2
11253,510502,Character,None,338201,2
11254,510502,Character,None,328101,2
11255,510502,Character,None,231301,2
11256,510502,Character,None,331001,2
11257,510502,Character,None,150001,2
11258,510502,Character,None,204301,2
11259,510502,Character,None,355001,2
11260,510502,Character,None,150101,2
11261,510502,Character,None,331401,2
11262,510502,Character,None,319501,2
11263,510502,Character,None,355101,2
11264,510502,Character,None,139101,2
11265,510502,Character,None,239001,2
11266,510502,Character,None,327201,2
11267,510502,Character,None,140301,2
11268,510502,Character,None,258001,2
11269,510502,Character,None,324001,2
11270,510502,Character,None,141101,2
11271,510502,Character,None,129001,2
11272,510502,Character,None,235401,2
11273,510502,Character,None,235501,2
11274,510502,Character,None,141201,2
11275,510502,Character,None,352001,2
11276,510502,Character,None,352101,2
11277,510502,Character,None,258101,2
11278,510502,Character,None,204101,2
11279,510502,Character,None,253201,2
11280,510502,Character,None,209301,2
11281,510502,Character,None,209501,2
11282,510502,Character,None,209401,2
11283,510502,Character,None,331501,2
11284,510502,Character,None,314301,2
11285,510502,Character,None,502301,2
11286,510503,Character,None,423001,3
11287,510503,Character,None,422001,3
11288,510503,Character,None,423201,3
11289,510503,Character,None,422201,3
11290,510503,Character,None,423101,3
11291,510503,Character,None,422101,3
11292,510503,Character,None,426001,3
11293,510503,Character,None,423301,3
11294,510503,Character,None,447001,3
11295,510503,Character,None,422501,3
11296,510503,Character,None,433001,3
11297,510503,Character,None,451101,3
11298,510503,Character,None,451401,3
11299,510503,Character,None,201601,3
11300,510503,Character,None,451301,3
11301,510503,Character,None,116201,3
11302,510504,Character,None,112001,477
11303,510504,Character,None,116101,477
11304,510504,Character,None,129101,477
11305,510504,Character,None,201001,477
11306,510504,Character,None,201101,477
11307,510504,Character,None,202001,477
11308,510504,Character,None,301201,477
11309,510504,Character,None,306001,477
11310,510504,Character,None,306101,477
11311,510505,Character,None,130201,588
11312,510505,Character,None,130301,588
11313,510505,Character,None,130701,588
11314,510505,Character,None,230001,588
11315,510505,Character,None,230101,588
11316,510505,Character,None,230601,588
11317,510505,Character,None,330401,588
11318,510505,Character,None,330501,588
11319,510505,Character,None,330801,588
11320,510601,Character,PickupCharacter,426201,100
11321,510602,Character,None,110201,2
11322,510602,Character,None,314001,2
11323,510602,Character,None,321001,2
11324,510602,Character,None,319101,2
11325,510602,Character,None,209001,2
11326,510602,Character,None,116001,2
11327,510602,Character,None,217001,2
11328,510602,Character,None,314201,2
11329,510602,Character,None,115001,2
11330,510602,Character,None,202201,2
11331,510602,Character,None,203001,2
11332,510602,Character,None,203201,2
11333,510602,Character,None,207001,2
11334,510602,Character,None,207101,2
11335,510602,Character,None,207201,2
11336,510602,Character,None,108001,2
11337,510602,Character,None,209201,2
11338,510602,Character,None,110101,2
11339,510602,Character,None,111001,2
11340,510602,Character,None,313001,2
11341,510602,Character,None,117201,2
11342,510602,Character,None,218001,2
11343,510602,Character,None,319001,2
11344,510602,Character,None,320101,2
11345,510602,Character,None,324101,2
11346,510602,Character,None,343201,2
11347,510602,Character,None,343101,2
11348,510602,Character,None,343001,2
11349,510602,Character,None,324201,2
11350,510602,Character,None,218101,2
11351,510602,Character,None,108201,2
11352,510602,Character,None,321201,2
11353,510602,Character,None,320201,2
11354,510602,Character,None,320001,2
11355,510602,Character,None,317101,2
11356,510602,Character,None,314101,2
11357,510602,Character,None,113101,2
11358,510602,Character,None,209101,2
11359,510602,Character,None,235201,2
11360,510602,Character,None,110001,2
11361,510602,Character,None,111101,2
11362,510602,Character,None,311201,2
11363,510602,Character,None,331101,2
11364,510602,Character,None,331201,2
11365,510602,Character,None,338101,2
11366,510602,Character,None,328201,2
11367,510602,Character,None,204001,2
11368,510602,Character,None,327001,2
11369,510602,Character,None,327101,2
11370,510602,Character,None,228001,2
11371,510602,Character,None,338001,2
11372,510602,Character,None,235001,2
11373,510602,Character,None,232101,2
11374,510602,Character,None,145001,2
11375,510602,Character,None,145101,2
11376,510602,Character,None,203301,2
11377,510602,Character,None,119201,2
11378,510602,Character,None,338201,2
11379,510602,Character,None,328101,2
11380,510602,Character,None,231301,2
11381,510602,Character,None,331001,2
11382,510602,Character,None,150001,2
11383,510602,Character,None,204301,2
11384,510602,Character,None,355001,2
11385,510602,Character,None,150101,2
11386,510602,Character,None,331401,2
11387,510602,Character,None,319501,2
11388,510602,Character,None,355101,2
11389,510602,Character,None,139101,2
11390,510602,Character,None,239001,2
11391,510602,Character,None,327201,2
11392,510602,Character,None,140301,2
11393,510602,Character,None,258001,2
11394,510602,Character,None,324001,2
11395,510602,Character,None,141101,2
11396,510602,Character,None,129001,2
11397,510602,Character,None,235401,2
11398,510602,Character,None,235501,2
11399,510602,Character,None,141201,2
11400,510602,Character,None,352001,2
11401,510602,Character,None,352101,2
11402,510602,Character,None,258101,2
11403,510602,Character,None,204101,2
11404,510602,Character,None,253201,2
11405,510602,Character,None,209301,2
11406,510602,Character,None,209501,2
11407,510602,Character,None,209401,2
11408,510602,Character,None,331501,2
11409,510602,Character,None,314301,2
11410,510602,Character,None,502301,2
11411,510603,Character,None,423001,3
11412,510603,Character,None,422001,3
11413,510603,Character,None,423201,3
11414,510603,Character,None,422201,3
11415,510603,Character,None,423101,3
11416,510603,Character,None,422101,3
11417,510603,Character,None,426001,3
11418,510603,Character,None,423301,3
11419,510603,Character,None,447001,3
11420,510603,Character,None,422501,3
11421,510603,Character,None,433001,3
11422,510603,Character,None,451101,3
11423,510603,Character,None,451401,3
11424,510603,Character,None,201601,3
11425,510603,Character,None,451301,3
11426,510603,Character,None,116201,3
11427,510604,Character,None,112001,477
11428,510604,Character,None,116101,477
11429,510604,Character,None,129101,477
11430,510604,Character,None,201001,477
11431,510604,Character,None,201101,477
11432,510604,Character,None,202001,477
11433,510604,Character,None,301201,477
11434,510604,Character,None,306001,477
11435,510604,Character,None,306101,477
11436,510605,Character,None,130201,588
11437,510605,Character,None,130301,588
11438,510605,Character,None,130701,588
11439,510605,Character,None,230001,588
11440,510605,Character,None,230101,588
11441,510605,Character,None,230601,588
11442,510605,Character,None,330401,588
11443,510605,Character,None,330501,588
11444,510605,Character,None,330801,588
11445,510701,GachaSelectup,PickupCharacter,0,100
11446,510702,Character,None,110201,2
11447,510702,Character,None,314001,2
11448,510702,Character,None,321001,2
11449,510702,Character,None,319101,2
11450,510702,Character,None,209001,2
11451,510702,Character,None,116001,2
11452,510702,Character,None,217001,2
11453,510702,Character,None,314201,2
11454,510702,Character,None,115001,2
11455,510702,Character,None,202201,2
11456,510702,Character,None,203001,2
11457,510702,Character,None,203201,2
11458,510702,Character,None,207001,2
11459,510702,Character,None,207101,2
11460,510702,Character,None,207201,2
11461,510702,Character,None,108001,2
11462,510702,Character,None,209201,2
11463,510702,Character,None,110101,2
11464,510702,Character,None,111001,2
11465,510702,Character,None,313001,2
11466,510702,Character,None,117201,2
11467,510702,Character,None,218001,2
11468,510702,Character,None,319001,2
11469,510702,Character,None,320101,2
11470,510702,Character,None,324101,2
11471,510702,Character,None,343201,2
11472,510702,Character,None,343101,2
11473,510702,Character,None,343001,2
11474,510702,Character,None,324201,2
11475,510702,Character,None,218101,2
11476,510702,Character,None,108201,2
11477,510702,Character,None,321201,2
11478,510702,Character,None,320201,2
11479,510702,Character,None,320001,2
11480,510702,Character,None,317101,2
11481,510702,Character,None,314101,2
11482,510702,Character,None,113101,2
11483,510702,Character,None,209101,2
11484,510702,Character,None,235201,2
11485,510702,Character,None,110001,2
11486,510702,Character,None,111101,2
11487,510702,Character,None,311201,2
11488,510702,Character,None,331101,2
11489,510702,Character,None,331201,2
11490,510702,Character,None,338101,2
11491,510702,Character,None,328201,2
11492,510702,Character,None,204001,2
11493,510702,Character,None,327001,2
11494,510702,Character,None,327101,2
11495,510702,Character,None,228001,2
11496,510702,Character,None,338001,2
11497,510702,Character,None,235001,2
11498,510702,Character,None,232101,2
11499,510702,Character,None,145001,2
11500,510702,Character,None,145101,2
11501,510702,Character,None,203301,2
11502,510702,Character,None,119201,2
11503,510702,Character,None,338201,2
11504,510702,Character,None,328101,2
11505,510702,Character,None,231301,2
11506,510702,Character,None,331001,2
11507,510702,Character,None,150001,2
11508,510702,Character,None,204301,2
11509,510702,Character,None,355001,2
11510,510702,Character,None,150101,2
11511,510702,Character,None,331401,2
11512,510702,Character,None,319501,2
11513,510702,Character,None,355101,2
11514,510702,Character,None,139101,2
11515,510702,Character,None,239001,2
11516,510702,Character,None,327201,2
11517,510702,Character,None,140301,2
11518,510702,Character,None,258001,2
11519,510702,Character,None,324001,2
11520,510702,Character,None,141101,2
11521,510702,Character,None,129001,2
11522,510702,Character,None,235401,2
11523,510702,Character,None,235501,2
11524,510702,Character,None,141201,2
11525,510702,Character,None,352001,2
11526,510702,Character,None,352101,2
11527,510702,Character,None,258101,2
11528,510702,Character,None,204101,2
11529,510702,Character,None,253201,2
11530,510702,Character,None,209301,2
11531,510702,Character,None,209501,2
11532,510702,Character,None,209401,2
11533,510702,Character,None,331501,2
11534,510702,Character,None,314301,2
11535,510702,Character,None,502301,2
11536,510703,Character,None,423001,3333
11537,510703,Character,None,422001,3333
11538,510703,Character,None,423201,3333
11539,510703,Character,None,422201,3333
11540,510703,Character,None,423101,3333
11541,510703,Character,None,422101,3333
11542,510703,Character,None,426001,3333
11543,510703,Character,None,423301,3333
11544,510703,Character,None,422501,3333
11545,510703,Character,None,433001,3333
11546,510703,Character,None,451101,3333
11547,510703,Character,None,451401,3333
11548,510703,Character,None,201601,3333
11549,510703,Character,None,451301,3333
11550,510703,Character,None,116201,3333
11551,510704,Character,None,423001,3333
11552,510704,Character,None,422001,3333
11553,510704,Character,None,423201,3333
11554,510704,Character,None,422201,3333
11555,510704,Character,None,423101,3333
11556,510704,Character,None,422101,3333
11557,510704,Character,None,426001,3333
11558,510704,Character,None,447001,3333
11559,510704,Character,None,422501,3333
11560,510704,Character,None,433001,3333
11561,510704,Character,None,451101,3333
11562,510704,Character,None,451401,3333
11563,510704,Character,None,201601,3333
11564,510704,Character,None,451301,3333
11565,510704,Character,None,116201,3333
11566,510705,Character,None,423001,3333
11567,510705,Character,None,422001,3333
11568,510705,Character,None,423201,3333
11569,510705,Character,None,422201,3333
11570,510705,Character,None,423101,3333
11571,510705,Character,None,422101,3333
11572,510705,Character,None,423301,3333
11573,510705,Character,None,447001,3333
11574,510705,Character,None,422501,3333
11575,510705,Character,None,433001,3333
11576,510705,Character,None,451101,3333
11577,510705,Character,None,451401,3333
11578,510705,Character,None,201601,3333
11579,510705,Character,None,451301,3333
11580,510705,Character,None,116201,3333
11581,510706,Character,None,112001,477
11582,510706,Character,None,116101,477
11583,510706,Character,None,129101,477
11584,510706,Character,None,201001,477
11585,510706,Character,None,201101,477
11586,510706,Character,None,202001,477
11587,510706,Character,None,301201,477
11588,510706,Character,None,306001,477
11589,510706,Character,None,306101,477
11590,510707,Character,None,130201,588
11591,510707,Character,None,130301,588
11592,510707,Character,None,130701,588
11593,510707,Character,None,230001,588
11594,510707,Character,None,230101,588
11595,510707,Character,None,230601,588
11596,510707,Character,None,330401,588
11597,510707,Character,None,330501,588
11598,510707,Character,None,330801,588
11599,510801,Character,PickupCharacter,207401,200
11600,510802,Character,None,110201,1
11601,510802,Character,None,314001,1
11602,510802,Character,None,321001,1
11603,510802,Character,None,319101,1
11604,510802,Character,None,209001,1
11605,510802,Character,None,116001,1
11606,510802,Character,None,217001,1
11607,510802,Character,None,314201,1
11608,510802,Character,None,115001,1
11609,510802,Character,None,202201,1
11610,510802,Character,None,203001,1
11611,510802,Character,None,203201,1
11612,510802,Character,None,207001,1
11613,510802,Character,None,207101,1
11614,510802,Character,None,207201,1
11615,510802,Character,None,108001,1
11616,510802,Character,None,209201,1
11617,510802,Character,None,110101,1
11618,510802,Character,None,111001,1
11619,510802,Character,None,313001,1
11620,510802,Character,None,117201,1
11621,510802,Character,None,218001,1
11622,510802,Character,None,319001,1
11623,510802,Character,None,320101,1
11624,510802,Character,None,324101,1
11625,510802,Character,None,343201,1
11626,510802,Character,None,343101,1
11627,510802,Character,None,343001,1
11628,510802,Character,None,324201,1
11629,510802,Character,None,218101,1
11630,510802,Character,None,108201,1
11631,510802,Character,None,321201,1
11632,510802,Character,None,320201,1
11633,510802,Character,None,320001,1
11634,510802,Character,None,317101,1
11635,510802,Character,None,314101,1
11636,510802,Character,None,113101,1
11637,510802,Character,None,209101,1
11638,510802,Character,None,235201,1
11639,510802,Character,None,110001,1
11640,510802,Character,None,111101,1
11641,510802,Character,None,311201,1
11642,510802,Character,None,331101,1
11643,510802,Character,None,331201,1
11644,510802,Character,None,338101,1
11645,510802,Character,None,328201,1
11646,510802,Character,None,204001,1
11647,510802,Character,None,327001,1
11648,510802,Character,None,327101,1
11649,510802,Character,None,228001,1
11650,510802,Character,None,338001,1
11651,510802,Character,None,235001,1
11652,510802,Character,None,232101,1
11653,510802,Character,None,145001,1
11654,510802,Character,None,145101,1
11655,510802,Character,None,203301,1
11656,510802,Character,None,119201,1
11657,510802,Character,None,338201,1
11658,510802,Character,None,328101,1
11659,510802,Character,None,231301,1
11660,510802,Character,None,331001,1
11661,510802,Character,None,150001,1
11662,510802,Character,None,204301,1
11663,510802,Character,None,355001,1
11664,510802,Character,None,150101,1
11665,510802,Character,None,331401,1
11666,510802,Character,None,319501,1
11667,510802,Character,None,355101,1
11668,510802,Character,None,139101,1
11669,510802,Character,None,239001,1
11670,510802,Character,None,327201,1
11671,510802,Character,None,140301,1
11672,510802,Character,None,258001,1
11673,510802,Character,None,324001,1
11674,510802,Character,None,141101,1
11675,510802,Character,None,129001,1
11676,510802,Character,None,235401,1
11677,510802,Character,None,235501,1
11678,510802,Character,None,141201,1
11679,510802,Character,None,352001,1
11680,510802,Character,None,352101,1
11681,510802,Character,None,258101,1
11682,510802,Character,None,204101,1
11683,510802,Character,None,253201,1
11684,510802,Character,None,209301,1
11685,510802,Character,None,209501,1
11686,510802,Character,None,209401,1
11687,510802,Character,None,331501,1
11688,510802,Character,None,314301,1
11689,510802,Character,None,502301,1
11690,510803,Character,None,423001,3
11691,510803,Character,None,422001,3
11692,510803,Character,None,423201,3
11693,510803,Character,None,422201,3
11694,510803,Character,None,423101,3
11695,510803,Character,None,422101,3
11696,510803,Character,None,426001,3
11697,510803,Character,None,423301,3
11698,510803,Character,None,447001,3
11699,510803,Character,None,422501,3
11700,510803,Character,None,433001,3
11701,510803,Character,None,451101,3
11702,510803,Character,None,451401,3
11703,510803,Character,None,201601,3
11704,510803,Character,None,451301,3
11705,510803,Character,None,116201,3
11706,510804,Character,None,112001,477
11707,510804,Character,None,116101,477
11708,510804,Character,None,129101,477
11709,510804,Character,None,201001,477
11710,510804,Character,None,201101,477
11711,510804,Character,None,202001,477
11712,510804,Character,None,301201,477
11713,510804,Character,None,306001,477
11714,510804,Character,None,306101,477
11715,510805,Character,None,130201,588
11716,510805,Character,None,130301,588
11717,510805,Character,None,130701,588
11718,510805,Character,None,230001,588
11719,510805,Character,None,230101,588
11720,510805,Character,None,230601,588
11721,510805,Character,None,330401,588
11722,510805,Character,None,330501,588
11723,510805,Character,None,330801,588
11724,510901,Character,PickupCharacter,218201,200
11725,510902,Character,None,110201,1
11726,510902,Character,None,314001,1
11727,510902,Character,None,321001,1
11728,510902,Character,None,319101,1
11729,510902,Character,None,209001,1
11730,510902,Character,None,116001,1
11731,510902,Character,None,217001,1
11732,510902,Character,None,314201,1
11733,510902,Character,None,115001,1
11734,510902,Character,None,202201,1
11735,510902,Character,None,203001,1
11736,510902,Character,None,203201,1
11737,510902,Character,None,207001,1
11738,510902,Character,None,207101,1
11739,510902,Character,None,207201,1
11740,510902,Character,None,108001,1
11741,510902,Character,None,209201,1
11742,510902,Character,None,110101,1
11743,510902,Character,None,111001,1
11744,510902,Character,None,313001,1
11745,510902,Character,None,117201,1
11746,510902,Character,None,218001,1
11747,510902,Character,None,319001,1
11748,510902,Character,None,320101,1
11749,510902,Character,None,324101,1
11750,510902,Character,None,343201,1
11751,510902,Character,None,343101,1
11752,510902,Character,None,343001,1
11753,510902,Character,None,324201,1
11754,510902,Character,None,218101,1
11755,510902,Character,None,108201,1
11756,510902,Character,None,321201,1
11757,510902,Character,None,320201,1
11758,510902,Character,None,320001,1
11759,510902,Character,None,317101,1
11760,510902,Character,None,314101,1
11761,510902,Character,None,113101,1
11762,510902,Character,None,209101,1
11763,510902,Character,None,235201,1
11764,510902,Character,None,110001,1
11765,510902,Character,None,111101,1
11766,510902,Character,None,311201,1
11767,510902,Character,None,331101,1
11768,510902,Character,None,331201,1
11769,510902,Character,None,338101,1
11770,510902,Character,None,328201,1
11771,510902,Character,None,204001,1
11772,510902,Character,None,327001,1
11773,510902,Character,None,327101,1
11774,510902,Character,None,228001,1
11775,510902,Character,None,338001,1
11776,510902,Character,None,235001,1
11777,510902,Character,None,232101,1
11778,510902,Character,None,145001,1
11779,510902,Character,None,145101,1
11780,510902,Character,None,203301,1
11781,510902,Character,None,119201,1
11782,510902,Character,None,338201,1
11783,510902,Character,None,328101,1
11784,510902,Character,None,231301,1
11785,510902,Character,None,331001,1
11786,510902,Character,None,150001,1
11787,510902,Character,None,204301,1
11788,510902,Character,None,355001,1
11789,510902,Character,None,150101,1
11790,510902,Character,None,331401,1
11791,510902,Character,None,319501,1
11792,510902,Character,None,355101,1
11793,510902,Character,None,139101,1
11794,510902,Character,None,239001,1
11795,510902,Character,None,327201,1
11796,510902,Character,None,140301,1
11797,510902,Character,None,258001,1
11798,510902,Character,None,324001,1
11799,510902,Character,None,141101,1
11800,510902,Character,None,129001,1
11801,510902,Character,None,235401,1
11802,510902,Character,None,235501,1
11803,510902,Character,None,141201,1
11804,510902,Character,None,352001,1
11805,510902,Character,None,352101,1
11806,510902,Character,None,258101,1
11807,510902,Character,None,204101,1
11808,510902,Character,None,253201,1
11809,510902,Character,None,209301,1
11810,510902,Character,None,209501,1
11811,510902,Character,None,209401,1
11812,510902,Character,None,331501,1
11813,510902,Character,None,314301,1
11814,510902,Character,None,502301,1
11815,510902,Character,None,207401,1
11816,510903,Character,None,423001,2
11817,510903,Character,None,422001,2
11818,510903,Character,None,423201,2
11819,510903,Character,None,422201,2
11820,510903,Character,None,423101,2
11821,510903,Character,None,422101,2
11822,510903,Character,None,426001,2
11823,510903,Character,None,423301,2
11824,510903,Character,None,447001,2
11825,510903,Character,None,422501,2
11826,510903,Character,None,433001,2
11827,510903,Character,None,451101,2
11828,510903,Character,None,451401,2
11829,510903,Character,None,201601,2
11830,510903,Character,None,451301,2
11831,510903,Character,None,116201,2
11832,510903,Character,None,422301,2
11833,510903,Character,None,426201,2
11834,510904,Character,None,112001,477
11835,510904,Character,None,116101,477
11836,510904,Character,None,129101,477
11837,510904,Character,None,201001,477
11838,510904,Character,None,201101,477
11839,510904,Character,None,202001,477
11840,510904,Character,None,301201,477
11841,510904,Character,None,306001,477
11842,510904,Character,None,306101,477
11843,510905,Character,None,130201,588
11844,510905,Character,None,130301,588
11845,510905,Character,None,130701,588
11846,510905,Character,None,230001,588
11847,510905,Character,None,230101,588
11848,510905,Character,None,230601,588
11849,510905,Character,None,330401,588
11850,510905,Character,None,330501,588
11851,510905,Character,None,330801,588
11852,511001,Character,PickupCharacter,218301,200
11853,511002,Character,None,110201,1
11854,511002,Character,None,314001,1
11855,511002,Character,None,321001,1
11856,511002,Character,None,319101,1
11857,511002,Character,None,209001,1
11858,511002,Character,None,116001,1
11859,511002,Character,None,217001,1
11860,511002,Character,None,314201,1
11861,511002,Character,None,115001,1
11862,511002,Character,None,202201,1
11863,511002,Character,None,203001,1
11864,511002,Character,None,203201,1
11865,511002,Character,None,207001,1
11866,511002,Character,None,207101,1
11867,511002,Character,None,207201,1
11868,511002,Character,None,108001,1
11869,511002,Character,None,209201,1
11870,511002,Character,None,110101,1
11871,511002,Character,None,111001,1
11872,511002,Character,None,313001,1
11873,511002,Character,None,117201,1
11874,511002,Character,None,218001,1
11875,511002,Character,None,319001,1
11876,511002,Character,None,320101,1
11877,511002,Character,None,324101,1
11878,511002,Character,None,343201,1
11879,511002,Character,None,343101,1
11880,511002,Character,None,343001,1
11881,511002,Character,None,324201,1
11882,511002,Character,None,218101,1
11883,511002,Character,None,108201,1
11884,511002,Character,None,321201,1
11885,511002,Character,None,320201,1
11886,511002,Character,None,320001,1
11887,511002,Character,None,317101,1
11888,511002,Character,None,314101,1
11889,511002,Character,None,113101,1
11890,511002,Character,None,209101,1
11891,511002,Character,None,235201,1
11892,511002,Character,None,110001,1
11893,511002,Character,None,111101,1
11894,511002,Character,None,311201,1
11895,511002,Character,None,331101,1
11896,511002,Character,None,331201,1
11897,511002,Character,None,338101,1
11898,511002,Character,None,328201,1
11899,511002,Character,None,204001,1
11900,511002,Character,None,327001,1
11901,511002,Character,None,327101,1
11902,511002,Character,None,228001,1
11903,511002,Character,None,338001,1
11904,511002,Character,None,235001,1
11905,511002,Character,None,232101,1
11906,511002,Character,None,145001,1
11907,511002,Character,None,145101,1
11908,511002,Character,None,203301,1
11909,511002,Character,None,119201,1
11910,511002,Character,None,338201,1
11911,511002,Character,None,328101,1
11912,511002,Character,None,231301,1
11913,511002,Character,None,331001,1
11914,511002,Character,None,150001,1
11915,511002,Character,None,204301,1
11916,511002,Character,None,355001,1
11917,511002,Character,None,150101,1
11918,511002,Character,None,331401,1
11919,511002,Character,None,319501,1
11920,511002,Character,None,355101,1
11921,511002,Character,None,139101,1
11922,511002,Character,None,239001,1
11923,511002,Character,None,327201,1
11924,511002,Character,None,140301,1
11925,511002,Character,None,258001,1
11926,511002,Character,None,324001,1
11927,511002,Character,None,141101,1
11928,511002,Character,None,129001,1
11929,511002,Character,None,235401,1
11930,511002,Character,None,235501,1
11931,511002,Character,None,141201,1
11932,511002,Character,None,352001,1
11933,511002,Character,None,352101,1
11934,511002,Character,None,258101,1
11935,511002,Character,None,204101,1
11936,511002,Character,None,253201,1
11937,511002,Character,None,209301,1
11938,511002,Character,None,209501,1
11939,511002,Character,None,209401,1
11940,511002,Character,None,331501,1
11941,511002,Character,None,314301,1
11942,511002,Character,None,502301,1
11943,511002,Character,None,207401,1
11944,511003,Character,None,423001,2
11945,511003,Character,None,422001,2
11946,511003,Character,None,423201,2
11947,511003,Character,None,422201,2
11948,511003,Character,None,423101,2
11949,511003,Character,None,422101,2
11950,511003,Character,None,426001,2
11951,511003,Character,None,423301,2
11952,511003,Character,None,447001,2
11953,511003,Character,None,422501,2
11954,511003,Character,None,433001,2
11955,511003,Character,None,451101,2
11956,511003,Character,None,451401,2
11957,511003,Character,None,201601,2
11958,511003,Character,None,451301,2
11959,511003,Character,None,116201,2
11960,511003,Character,None,422301,2
11961,511003,Character,None,426201,2
11962,511004,Character,None,112001,477
11963,511004,Character,None,116101,477
11964,511004,Character,None,129101,477
11965,511004,Character,None,201001,477
11966,511004,Character,None,201101,477
11967,511004,Character,None,202001,477
11968,511004,Character,None,301201,477
11969,511004,Character,None,306001,477
11970,511004,Character,None,306101,477
11971,511005,Character,None,130201,588
11972,511005,Character,None,130301,588
11973,511005,Character,None,130701,588
11974,511005,Character,None,230001,588
11975,511005,Character,None,230101,588
11976,511005,Character,None,230601,588
11977,511005,Character,None,330401,588
11978,511005,Character,None,330501,588
11979,511005,Character,None,330801,588
11980,511101,Character,PickupCharacter,207501,200
11981,511102,Character,None,110201,1
11982,511102,Character,None,314001,1
11983,511102,Character,None,321001,1
11984,511102,Character,None,319101,1
11985,511102,Character,None,209001,1
11986,511102,Character,None,116001,1
11987,511102,Character,None,217001,1
11988,511102,Character,None,314201,1
11989,511102,Character,None,115001,1
11990,511102,Character,None,202201,1
11991,511102,Character,None,203001,1
11992,511102,Character,None,203201,1
11993,511102,Character,None,207001,1
11994,511102,Character,None,207101,1
11995,511102,Character,None,207201,1
11996,511102,Character,None,108001,1
11997,511102,Character,None,209201,1
11998,511102,Character,None,110101,1
11999,511102,Character,None,111001,1
12000,511102,Character,None,313001,1
12001,511102,Character,None,117201,1
12002,511102,Character,None,218001,1
12003,511102,Character,None,319001,1
12004,511102,Character,None,320101,1
12005,511102,Character,None,324101,1
12006,511102,Character,None,343201,1
12007,511102,Character,None,343101,1
12008,511102,Character,None,343001,1
12009,511102,Character,None,324201,1
12010,511102,Character,None,218101,1
12011,511102,Character,None,108201,1
12012,511102,Character,None,321201,1
12013,511102,Character,None,320201,1
12014,511102,Character,None,320001,1
12015,511102,Character,None,317101,1
12016,511102,Character,None,314101,1
12017,511102,Character,None,113101,1
12018,511102,Character,None,209101,1
12019,511102,Character,None,235201,1
12020,511102,Character,None,110001,1
12021,511102,Character,None,111101,1
12022,511102,Character,None,311201,1
12023,511102,Character,None,331101,1
12024,511102,Character,None,331201,1
12025,511102,Character,None,338101,1
12026,511102,Character,None,328201,1
12027,511102,Character,None,204001,1
12028,511102,Character,None,327001,1
12029,511102,Character,None,327101,1
12030,511102,Character,None,228001,1
12031,511102,Character,None,338001,1
12032,511102,Character,None,235001,1
12033,511102,Character,None,232101,1
12034,511102,Character,None,145001,1
12035,511102,Character,None,145101,1
12036,511102,Character,None,203301,1
12037,511102,Character,None,119201,1
12038,511102,Character,None,338201,1
12039,511102,Character,None,328101,1
12040,511102,Character,None,231301,1
12041,511102,Character,None,331001,1
12042,511102,Character,None,150001,1
12043,511102,Character,None,204301,1
12044,511102,Character,None,355001,1
12045,511102,Character,None,150101,1
12046,511102,Character,None,331401,1
12047,511102,Character,None,319501,1
12048,511102,Character,None,355101,1
12049,511102,Character,None,139101,1
12050,511102,Character,None,239001,1
12051,511102,Character,None,327201,1
12052,511102,Character,None,140301,1
12053,511102,Character,None,258001,1
12054,511102,Character,None,324001,1
12055,511102,Character,None,141101,1
12056,511102,Character,None,129001,1
12057,511102,Character,None,235401,1
12058,511102,Character,None,235501,1
12059,511102,Character,None,141201,1
12060,511102,Character,None,352001,1
12061,511102,Character,None,352101,1
12062,511102,Character,None,258101,1
12063,511102,Character,None,204101,1
12064,511102,Character,None,253201,1
12065,511102,Character,None,209301,1
12066,511102,Character,None,209501,1
12067,511102,Character,None,209401,1
12068,511102,Character,None,331501,1
12069,511102,Character,None,314301,1
12070,511102,Character,None,502301,1
12071,511102,Character,None,207401,1
12072,511103,Character,None,423001,2
12073,511103,Character,None,422001,2
12074,511103,Character,None,423201,2
12075,511103,Character,None,422201,2
12076,511103,Character,None,423101,2
12077,511103,Character,None,422101,2
12078,511103,Character,None,426001,2
12079,511103,Character,None,423301,2
12080,511103,Character,None,447001,2
12081,511103,Character,None,422501,2
12082,511103,Character,None,433001,2
12083,511103,Character,None,451101,2
12084,511103,Character,None,451401,2
12085,511103,Character,None,201601,2
12086,511103,Character,None,451301,2
12087,511103,Character,None,116201,2
12088,511103,Character,None,422301,2
12089,511103,Character,None,426201,2
12090,511104,Character,None,112001,477
12091,511104,Character,None,116101,477
12092,511104,Character,None,129101,477
12093,511104,Character,None,201001,477
12094,511104,Character,None,201101,477
12095,511104,Character,None,202001,477
12096,511104,Character,None,301201,477
12097,511104,Character,None,306001,477
12098,511104,Character,None,306101,477
12099,511105,Character,None,130201,588
12100,511105,Character,None,130301,588
12101,511105,Character,None,130701,588
12102,511105,Character,None,230001,588
12103,511105,Character,None,230101,588
12104,511105,Character,None,230601,588
12105,511105,Character,None,330401,588
12106,511105,Character,None,330501,588
12107,511105,Character,None,330801,588
12108,511201,Character,PickupCharacter,207301,200
12109,511202,Character,None,110201,1
12110,511202,Character,None,314001,1
12111,511202,Character,None,321001,1
12112,511202,Character,None,319101,1
12113,511202,Character,None,209001,1
12114,511202,Character,None,116001,1
12115,511202,Character,None,217001,1
12116,511202,Character,None,314201,1
12117,511202,Character,None,115001,1
12118,511202,Character,None,202201,1
12119,511202,Character,None,203001,1
12120,511202,Character,None,203201,1
12121,511202,Character,None,207001,1
12122,511202,Character,None,207101,1
12123,511202,Character,None,207201,1
12124,511202,Character,None,108001,1
12125,511202,Character,None,209201,1
12126,511202,Character,None,110101,1
12127,511202,Character,None,111001,1
12128,511202,Character,None,313001,1
12129,511202,Character,None,117201,1
12130,511202,Character,None,218001,1
12131,511202,Character,None,319001,1
12132,511202,Character,None,320101,1
12133,511202,Character,None,324101,1
12134,511202,Character,None,343201,1
12135,511202,Character,None,343101,1
12136,511202,Character,None,343001,1
12137,511202,Character,None,324201,1
12138,511202,Character,None,218101,1
12139,511202,Character,None,108201,1
12140,511202,Character,None,321201,1
12141,511202,Character,None,320201,1
12142,511202,Character,None,320001,1
12143,511202,Character,None,317101,1
12144,511202,Character,None,314101,1
12145,511202,Character,None,113101,1
12146,511202,Character,None,209101,1
12147,511202,Character,None,235201,1
12148,511202,Character,None,110001,1
12149,511202,Character,None,111101,1
12150,511202,Character,None,311201,1
12151,511202,Character,None,331101,1
12152,511202,Character,None,331201,1
12153,511202,Character,None,338101,1
12154,511202,Character,None,328201,1
12155,511202,Character,None,204001,1
12156,511202,Character,None,327001,1
12157,511202,Character,None,327101,1
12158,511202,Character,None,228001,1
12159,511202,Character,None,338001,1
12160,511202,Character,None,235001,1
12161,511202,Character,None,232101,1
12162,511202,Character,None,145001,1
12163,511202,Character,None,145101,1
12164,511202,Character,None,203301,1
12165,511202,Character,None,119201,1
12166,511202,Character,None,338201,1
12167,511202,Character,None,328101,1
12168,511202,Character,None,231301,1
12169,511202,Character,None,331001,1
12170,511202,Character,None,150001,1
12171,511202,Character,None,204301,1
12172,511202,Character,None,355001,1
12173,511202,Character,None,150101,1
12174,511202,Character,None,331401,1
12175,511202,Character,None,319501,1
12176,511202,Character,None,355101,1
12177,511202,Character,None,139101,1
12178,511202,Character,None,239001,1
12179,511202,Character,None,327201,1
12180,511202,Character,None,140301,1
12181,511202,Character,None,258001,1
12182,511202,Character,None,324001,1
12183,511202,Character,None,141101,1
12184,511202,Character,None,129001,1
12185,511202,Character,None,235401,1
12186,511202,Character,None,235501,1
12187,511202,Character,None,141201,1
12188,511202,Character,None,352001,1
12189,511202,Character,None,352101,1
12190,511202,Character,None,258101,1
12191,511202,Character,None,204101,1
12192,511202,Character,None,253201,1
12193,511202,Character,None,209301,1
12194,511202,Character,None,209501,1
12195,511202,Character,None,209401,1
12196,511202,Character,None,331501,1
12197,511202,Character,None,314301,1
12198,511202,Character,None,502301,1
12199,511202,Character,None,207401,1
12200,511203,Character,None,423001,2
12201,511203,Character,None,422001,2
12202,511203,Character,None,423201,2
12203,511203,Character,None,422201,2
12204,511203,Character,None,423101,2
12205,511203,Character,None,422101,2
12206,511203,Character,None,426001,2
12207,511203,Character,None,423301,2
12208,511203,Character,None,447001,2
12209,511203,Character,None,422501,2
12210,511203,Character,None,433001,2
12211,511203,Character,None,451101,2
12212,511203,Character,None,451401,2
12213,511203,Character,None,201601,2
12214,511203,Character,None,451301,2
12215,511203,Character,None,116201,2
12216,511203,Character,None,422301,2
12217,511203,Character,None,426201,2
12218,511204,Character,None,112001,477
12219,511204,Character,None,116101,477
12220,511204,Character,None,129101,477
12221,511204,Character,None,201001,477
12222,511204,Character,None,201101,477
12223,511204,Character,None,202001,477
12224,511204,Character,None,301201,477
12225,511204,Character,None,306001,477
12226,511204,Character,None,306101,477
12227,511205,Character,None,130201,588
12228,511205,Character,None,130301,588
12229,511205,Character,None,130701,588
12230,511205,Character,None,230001,588
12231,511205,Character,None,230101,588
12232,511205,Character,None,230601,588
12233,511205,Character,None,330401,588
12234,511205,Character,None,330501,588
12235,511205,Character,None,330801,588
