id,event_id,message_type,tid,resource_id,name_localkey,enter_scenario_id,exit_scenario_id,stamina_value,reward_id,trigger_list/0/trigger,trigger_list/0/condition_id,trigger_list/0/condition_value,trigger_list/1/trigger,trigger_list/1/condition_id,trigger_list/1/condition_value,trigger_list/2/trigger,trigger_list/2/condition_id,trigger_list/2/condition_value,trigger_list/3/trigger,trigger_list/3/condition_id,trigger_list/3/condition_value,trigger_list/4/trigger,trigger_list/4/condition_id,trigger_list/4/condition_value,trigger_list/5/trigger,trigger_list/5/condition_id,trigger_list/5/condition_value
2000101,0,Message,m_ex_rapi_01,0,,,,0,0,ObtainCharacter,3001,1,MainQuestClear,7,1,None,0,0,None,0,0,None,0,0,None,0,0
2000102,0,RandomMessage,m_ex_rapi_02,0,,,,0,0,ObtainCharacter,3001,1,MessageClear,2000101,1,MainQuestClear,25,1,None,0,0,None,0,0,None,0,0
2000103,0,RandomMessage,m_ex_rapi_03,0,,,,0,0,ObtainCharacter,3001,1,MessageClear,2000101,1,MainQuestClear,25,1,None,0,0,None,0,0,None,0,0
2000201,0,Message,m_ex_neon_01,0,,,,0,0,ObtainCharacter,3002,1,MainQuestClear,18,1,None,0,0,None,0,0,None,0,0,None,0,0
2000202,0,RandomMessage,m_ex_neon_02,0,,,,0,0,ObtainCharacter,3002,1,MessageClear,2000201,1,None,0,0,None,0,0,None,0,0,None,0,0
2000203,0,RandomMessage,m_ex_neon_03,0,,,,0,0,ObtainCharacter,3002,1,MessageClear,2000201,1,None,0,0,None,0,0,None,0,0,None,0,0
2000302,0,RandomMessage,m_ex_delta_02,0,,,,0,0,ObtainCharacter,3003,1,MainQuestClear,25,1,None,0,0,None,0,0,None,0,0,None,0,0
2000303,0,RandomMessage,m_ex_delta_03,0,,,,0,0,ObtainCharacter,3003,1,MainQuestClear,25,1,None,0,0,None,0,0,None,0,0,None,0,0
2000401,0,Message,m_ex_anis_01,0,,,,0,0,ObtainCharacter,3005,1,MainQuestClear,7,1,None,0,0,None,0,0,None,0,0,None,0,0
2000402,0,RandomMessage,m_ex_anis_02,0,,,,0,0,ObtainCharacter,3005,1,MessageClear,2000401,1,MainQuestClear,25,1,None,0,0,None,0,0,None,0,0
2000403,0,RandomMessage,m_ex_anis_03,0,,,,0,0,ObtainCharacter,3005,1,MessageClear,2000401,1,MainQuestClear,25,1,None,0,0,None,0,0,None,0,0
2000502,0,RandomMessage,m_ex_mihara_02,0,,,,0,0,ObtainCharacter,3006,1,MainQuestClear,51,1,None,0,0,None,0,0,None,0,0,None,0,0
2000503,0,RandomMessage,m_ex_mihara_03,0,,,,0,0,ObtainCharacter,3006,1,MainQuestClear,51,1,None,0,0,None,0,0,None,0,0,None,0,0
2000602,0,RandomMessage,m_ex_belorta_02,0,,,,0,0,ObtainCharacter,3007,1,MainQuestClear,25,1,None,0,0,None,0,0,None,0,0,None,0,0
2000603,0,RandomMessage,m_ex_belorta_03,0,,,,0,0,ObtainCharacter,3007,1,MainQuestClear,25,1,None,0,0,None,0,0,None,0,0,None,0,0
2000702,0,RandomMessage,m_ex_mica_02,0,,,,0,0,ObtainCharacter,3008,1,MainQuestClear,25,1,None,0,0,None,0,0,None,0,0,None,0,0
2000703,0,RandomMessage,m_ex_mica_03,0,,,,0,0,ObtainCharacter,3008,1,MainQuestClear,25,1,None,0,0,None,0,0,None,0,0,None,0,0
2000802,0,RandomMessage,m_ex_n102_02,0,,,,0,0,ObtainCharacter,3009,1,MainQuestClear,25,1,None,0,0,None,0,0,None,0,0,None,0,0
2000803,0,RandomMessage,m_ex_n102_03,0,,,,0,0,ObtainCharacter,3009,1,MainQuestClear,25,1,None,0,0,None,0,0,None,0,0,None,0,0
2000902,0,RandomMessage,m_ex_ether_02,0,,,,0,0,ObtainCharacter,3010,1,MainQuestClear,25,1,None,0,0,None,0,0,None,0,0,None,0,0
2000903,0,RandomMessage,m_ex_ether_03,0,,,,0,0,ObtainCharacter,3010,1,MainQuestClear,25,1,None,0,0,None,0,0,None,0,0,None,0,0
2001001,0,Message,m_ex_maxwell_01,0,,,,0,0,ObtainCharacter,5001,1,MainQuestClear,25,1,None,0,0,None,0,0,None,0,0,None,0,0
2001002,0,RandomMessage,m_ex_maxwell_02,0,,,,0,0,ObtainCharacter,5001,1,MessageClear,2001001,1,None,0,0,None,0,0,None,0,0,None,0,0
2001003,0,RandomMessage,m_ex_maxwell_03,0,,,,0,0,ObtainCharacter,5001,1,MessageClear,2001001,1,None,0,0,None,0,0,None,0,0,None,0,0
2001004,0,DailyMessage,m_ex_maxwell_04,0,,,,0,0,ObtainCharacter,5001,1,MessageClear,2001001,1,None,0,0,None,0,0,None,0,0,None,0,0
2001005,0,DailyMessage,m_ex_maxwell_05,0,,,,0,0,ObtainCharacter,5001,1,MessageClear,2001001,1,None,0,0,None,0,0,None,0,0,None,0,0
2001006,0,DailyMessage,m_ex_maxwell_06,0,,,,0,0,ObtainCharacter,5001,1,MessageClear,2001001,1,None,0,0,None,0,0,None,0,0,None,0,0
2001101,0,Message,m_ex_sugar_01,0,,,,0,0,ObtainCharacter,5002,1,MainQuestClear,25,1,None,0,0,None,0,0,None,0,0,None,0,0
2001102,0,RandomMessage,m_ex_sugar_02,0,,,,0,0,ObtainCharacter,5002,1,MessageClear,2001101,1,None,0,0,None,0,0,None,0,0,None,0,0
2001103,0,RandomMessage,m_ex_sugar_03,0,,,,0,0,ObtainCharacter,5002,1,MessageClear,2001101,1,None,0,0,None,0,0,None,0,0,None,0,0
2001201,0,Message,m_ex_exia_01,0,,,,0,0,ObtainCharacter,5003,1,MainQuestClear,25,1,None,0,0,None,0,0,None,0,0,None,0,0
2001202,0,RandomMessage,m_ex_exia_02,0,,,,0,0,ObtainCharacter,5003,1,MessageClear,2001201,1,None,0,0,None,0,0,None,0,0,None,0,0
2001203,0,RandomMessage,m_ex_exia_03,0,,,,0,0,ObtainCharacter,5003,1,MessageClear,2001201,1,None,0,0,None,0,0,None,0,0,None,0,0
2001301,0,Message,m_ex_alice_01,0,,,,0,0,ObtainCharacter,5004,1,MessageClear,9000702,1,MainQuestClear,80,1,None,0,0,None,0,0,None,0,0
2001302,0,RandomMessage,m_ex_alice_02,0,,,,0,0,ObtainCharacter,5004,1,MessageClear,2001301,1,None,0,0,None,0,0,None,0,0,None,0,0
2001303,0,RandomMessage,m_ex_alice_03,0,,,,0,0,ObtainCharacter,5004,1,MessageClear,2001301,1,None,0,0,None,0,0,None,0,0,None,0,0
2001304,0,DailyMessage,m_ex_alice_04,0,,,,0,0,ObtainCharacter,5004,1,MessageClear,2001301,1,None,0,0,None,0,0,None,0,0,None,0,0
2001305,0,DailyMessage,m_ex_alice_05,0,,,,0,0,ObtainCharacter,5004,1,MessageClear,2001301,1,None,0,0,None,0,0,None,0,0,None,0,0
2001306,0,DailyMessage,m_ex_alice_06,0,,,,0,0,ObtainCharacter,5004,1,MessageClear,2001301,1,None,0,0,None,0,0,None,0,0,None,0,0
2001401,0,Message,m_ex_emma_01,0,,,,0,0,ObtainCharacter,5005,1,MainQuestClear,49,1,None,0,0,None,0,0,None,0,0,None,0,0
2001402,0,RandomMessage,m_ex_emma_02,0,,,,0,0,ObtainCharacter,5005,1,MessageClear,2001401,1,None,0,0,None,0,0,None,0,0,None,0,0
2001403,0,RandomMessage,m_ex_emma_03,0,,,,0,0,ObtainCharacter,5005,1,MessageClear,2001401,1,None,0,0,None,0,0,None,0,0,None,0,0
2001501,0,Message,m_ex_yuni_01,0,,,,0,0,ObtainCharacter,5006,1,MainQuestClear,51,1,None,0,0,None,0,0,None,0,0,None,0,0
2001502,0,RandomMessage,m_ex_yuni_02,0,,,,0,0,ObtainCharacter,5006,1,MessageClear,2001501,1,None,0,0,None,0,0,None,0,0,None,0,0
2001503,0,RandomMessage,m_ex_yuni_03,0,,,,0,0,ObtainCharacter,5006,1,MessageClear,2001501,1,None,0,0,None,0,0,None,0,0,None,0,0
2001601,0,Message,m_ex_privaty_01,0,,,,0,0,ObtainCharacter,5007,1,MainQuestClear,25,1,None,0,0,None,0,0,None,0,0,None,0,0
2001602,0,RandomMessage,m_ex_privaty_02,0,,,,0,0,ObtainCharacter,5007,1,MessageClear,2001601,1,None,0,0,None,0,0,None,0,0,None,0,0
2001603,0,RandomMessage,m_ex_privaty_03,0,,,,0,0,ObtainCharacter,5007,1,MessageClear,2001601,1,None,0,0,None,0,0,None,0,0,None,0,0
2001604,0,DailyMessage,m_ex_privaty_04,0,,,,0,0,ObtainCharacter,5007,1,MessageClear,2001601,1,None,0,0,None,0,0,None,0,0,None,0,0
2001605,0,DailyMessage,m_ex_privaty_05,0,,,,0,0,ObtainCharacter,5007,1,MessageClear,2001601,1,None,0,0,None,0,0,None,0,0,None,0,0
2001606,0,DailyMessage,m_ex_privaty_06,0,,,,0,0,ObtainCharacter,5007,1,MessageClear,2001601,1,None,0,0,None,0,0,None,0,0,None,0,0
2001701,0,Message,m_ex_frima_01,0,,,,0,0,ObtainCharacter,5010,1,MainQuestClear,25,1,None,0,0,None,0,0,None,0,0,None,0,0
2001702,0,RandomMessage,m_ex_frima_02,0,,,,0,0,ObtainCharacter,5010,1,MessageClear,2001701,1,None,0,0,None,0,0,None,0,0,None,0,0
2001703,0,RandomMessage,m_ex_frima_03,0,,,,0,0,ObtainCharacter,5010,1,MessageClear,2001701,1,None,0,0,None,0,0,None,0,0,None,0,0
2001801,0,Message,m_ex_liter_01,0,,,,0,0,ObtainCharacter,5011,1,MainQuestClear,25,1,None,0,0,None,0,0,None,0,0,None,0,0
2001802,0,RandomMessage,m_ex_liter_02,0,,,,0,0,ObtainCharacter,5011,1,MessageClear,2001801,1,None,0,0,None,0,0,None,0,0,None,0,0
2001803,0,RandomMessage,m_ex_liter_03,0,,,,0,0,ObtainCharacter,5011,1,MessageClear,2001801,1,None,0,0,None,0,0,None,0,0,None,0,0
2001804,0,DailyMessage,m_ex_liter_04,0,,,,0,0,ObtainCharacter,5011,1,MessageClear,2001801,1,None,0,0,None,0,0,None,0,0,None,0,0
2001805,0,DailyMessage,m_ex_liter_05,0,,,,0,0,ObtainCharacter,5011,1,MessageClear,2001801,1,None,0,0,None,0,0,None,0,0,None,0,0
2001806,0,DailyMessage,m_ex_liter_06,0,,,,0,0,ObtainCharacter,5011,1,MessageClear,2001801,1,None,0,0,None,0,0,None,0,0,None,0,0
2001901,0,Message,m_ex_snowwhite_01,0,,,,0,0,ObtainCharacter,5012,1,MainQuestClear,80,1,None,0,0,None,0,0,None,0,0,None,0,0
2001902,0,RandomMessage,m_ex_snowwhite_02,0,,,,0,0,ObtainCharacter,5012,1,MessageClear,2001901,1,None,0,0,None,0,0,None,0,0,None,0,0
2001903,0,RandomMessage,m_ex_snowwhite_03,0,,,,0,0,ObtainCharacter,5012,1,MessageClear,2001901,1,None,0,0,None,0,0,None,0,0,None,0,0
2002001,0,Message,m_ex_isabel_01,0,,,,0,0,ObtainCharacter,5013,1,MainQuestClear,25,1,None,0,0,None,0,0,None,0,0,None,0,0
2002002,0,RandomMessage,m_ex_isabel_02,0,,,,0,0,ObtainCharacter,5013,1,MessageClear,2002001,1,None,0,0,None,0,0,None,0,0,None,0,0
2002003,0,RandomMessage,m_ex_isabel_03,0,,,,0,0,ObtainCharacter,5013,1,MessageClear,2002001,1,None,0,0,None,0,0,None,0,0,None,0,0
2002101,0,Message,m_ex_julia_01,0,,,,0,0,ObtainCharacter,5014,1,MainQuestClear,25,1,None,0,0,None,0,0,None,0,0,None,0,0
2002102,0,RandomMessage,m_ex_julia_02,0,,,,0,0,ObtainCharacter,5014,1,MessageClear,2002101,1,None,0,0,None,0,0,None,0,0,None,0,0
2002103,0,RandomMessage,m_ex_julia_03,0,,,,0,0,ObtainCharacter,5014,1,MessageClear,2002101,1,None,0,0,None,0,0,None,0,0,None,0,0
2002201,0,Message,m_ex_signal_01,0,,,,0,0,ObtainCharacter,5015,1,MainQuestClear,25,1,None,0,0,None,0,0,None,0,0,None,0,0
2002202,0,RandomMessage,m_ex_signal_02,0,,,,0,0,ObtainCharacter,5015,1,MessageClear,2002201,1,None,0,0,None,0,0,None,0,0,None,0,0
2002203,0,RandomMessage,m_ex_signal_03,0,,,,0,0,ObtainCharacter,5015,1,MessageClear,2002201,1,None,0,0,None,0,0,None,0,0,None,0,0
2002301,0,Message,m_ex_poli_01,0,,,,0,0,ObtainCharacter,5016,1,MainQuestClear,25,1,None,0,0,None,0,0,None,0,0,None,0,0
2002302,0,RandomMessage,m_ex_poli_02,0,,,,0,0,ObtainCharacter,5016,1,MessageClear,2002301,1,None,0,0,None,0,0,None,0,0,None,0,0
2002303,0,RandomMessage,m_ex_poli_03,0,,,,0,0,ObtainCharacter,5016,1,MessageClear,2002301,1,None,0,0,None,0,0,None,0,0,None,0,0
2002401,0,Message,m_ex_miranda_01,0,,,,0,0,ObtainCharacter,5017,1,MainQuestClear,25,1,None,0,0,None,0,0,None,0,0,None,0,0
2002402,0,RandomMessage,m_ex_miranda_02,0,,,,0,0,ObtainCharacter,5017,1,MessageClear,2002401,1,None,0,0,None,0,0,None,0,0,None,0,0
2002403,0,RandomMessage,m_ex_miranda_03,0,,,,0,0,ObtainCharacter,5017,1,MessageClear,2002401,1,None,0,0,None,0,0,None,0,0,None,0,0
2002501,0,Message,m_ex_brid_01,0,,,,0,0,ObtainCharacter,5018,1,MainQuestClear,25,1,None,0,0,None,0,0,None,0,0,None,0,0
2002502,0,RandomMessage,m_ex_brid_02,0,,,,0,0,ObtainCharacter,5018,1,MessageClear,2002501,1,None,0,0,None,0,0,None,0,0,None,0,0
2002503,0,RandomMessage,m_ex_brid_03,0,,,,0,0,ObtainCharacter,5018,1,MessageClear,2002501,1,None,0,0,None,0,0,None,0,0,None,0,0
2002601,0,Message,m_ex_soline_01,0,,,,0,0,ObtainCharacter,5019,1,MainQuestClear,25,1,None,0,0,None,0,0,None,0,0,None,0,0
2002602,0,RandomMessage,m_ex_soline_02,0,,,,0,0,ObtainCharacter,5019,1,MessageClear,2002601,1,None,0,0,None,0,0,None,0,0,None,0,0
2002603,0,RandomMessage,m_ex_soline_03,0,,,,0,0,ObtainCharacter,5019,1,MessageClear,2002601,1,None,0,0,None,0,0,None,0,0,None,0,0
2002701,0,Message,m_ex_diesel_01,0,,,,0,0,ObtainCharacter,5020,1,MainQuestClear,25,1,None,0,0,None,0,0,None,0,0,None,0,0
2002702,0,RandomMessage,m_ex_diesel_02,0,,,,0,0,ObtainCharacter,5020,1,MessageClear,2002701,1,None,0,0,None,0,0,None,0,0,None,0,0
2002703,0,RandomMessage,m_ex_diesel_03,0,,,,0,0,ObtainCharacter,5020,1,MessageClear,2002701,1,None,0,0,None,0,0,None,0,0,None,0,0
2002704,0,DailyMessage,m_ex_diesel_04,0,,,,0,0,ObtainCharacter,5020,1,MessageClear,2002701,1,None,0,0,None,0,0,None,0,0,None,0,0
2002705,0,DailyMessage,m_ex_diesel_05,0,,,,0,0,ObtainCharacter,5020,1,MessageClear,2002701,1,None,0,0,None,0,0,None,0,0,None,0,0
2002706,0,DailyMessage,m_ex_diesel_06,0,,,,0,0,ObtainCharacter,5020,1,MessageClear,2002701,1,None,0,0,None,0,0,None,0,0,None,0,0
2002801,0,Message,m_ex_centi_01,0,,,,0,0,ObtainCharacter,5021,1,MainQuestClear,25,1,None,0,0,None,0,0,None,0,0,None,0,0
2002802,0,RandomMessage,m_ex_centi_02,0,,,,0,0,ObtainCharacter,5021,1,MessageClear,2002801,1,None,0,0,None,0,0,None,0,0,None,0,0
2002803,0,RandomMessage,m_ex_centi_03,0,,,,0,0,ObtainCharacter,5021,1,MessageClear,2002801,1,None,0,0,None,0,0,None,0,0,None,0,0
2002901,0,Message,m_ex_vesti_01,0,,,,0,0,ObtainCharacter,5022,1,MainQuestClear,49,1,None,0,0,None,0,0,None,0,0,None,0,0
2002902,0,RandomMessage,m_ex_vesti_02,0,,,,0,0,ObtainCharacter,5022,1,MessageClear,2002901,1,None,0,0,None,0,0,None,0,0,None,0,0
2002903,0,RandomMessage,m_ex_vesti_03,0,,,,0,0,ObtainCharacter,5022,1,MessageClear,2002901,1,None,0,0,None,0,0,None,0,0,None,0,0
2003001,0,Message,m_ex_eunhwa_01,0,,,,0,0,ObtainCharacter,5023,1,MainQuestClear,49,1,None,0,0,None,0,0,None,0,0,None,0,0
2003002,0,RandomMessage,m_ex_eunhwa_02,0,,,,0,0,ObtainCharacter,5023,1,MessageClear,2003001,1,None,0,0,None,0,0,None,0,0,None,0,0
2003003,0,RandomMessage,m_ex_eunhwa_03,0,,,,0,0,ObtainCharacter,5023,1,MessageClear,2003001,1,None,0,0,None,0,0,None,0,0,None,0,0
2003101,0,Message,m_ex_drake_01,0,,,,0,0,ObtainCharacter,5024,1,MainQuestClear,25,1,None,0,0,None,0,0,None,0,0,None,0,0
2003102,0,RandomMessage,m_ex_drake_02,0,,,,0,0,ObtainCharacter,5024,1,MessageClear,2003101,1,None,0,0,None,0,0,None,0,0,None,0,0
2003103,0,RandomMessage,m_ex_drake_03,0,,,,0,0,ObtainCharacter,5024,1,MessageClear,2003101,1,None,0,0,None,0,0,None,0,0,None,0,0
2003104,0,DailyMessage,m_ex_drake_04,0,,,,0,0,ObtainCharacter,5024,1,MessageClear,2003101,1,None,0,0,None,0,0,None,0,0,None,0,0
2003105,0,DailyMessage,m_ex_drake_05,0,,,,0,0,ObtainCharacter,5024,1,MessageClear,2003101,1,None,0,0,None,0,0,None,0,0,None,0,0
2003106,0,DailyMessage,m_ex_drake_06,0,,,,0,0,ObtainCharacter,5024,1,MessageClear,2003101,1,None,0,0,None,0,0,None,0,0,None,0,0
2003201,0,Message,m_ex_crow_01,0,,,,0,0,ObtainCharacter,5025,1,MainQuestClear,25,1,None,0,0,None,0,0,None,0,0,None,0,0
2003202,0,RandomMessage,m_ex_crow_02,0,,,,0,0,ObtainCharacter,5025,1,MessageClear,2003201,1,None,0,0,None,0,0,None,0,0,None,0,0
2003203,0,RandomMessage,m_ex_crow_03,0,,,,0,0,ObtainCharacter,5025,1,MessageClear,2003201,1,None,0,0,None,0,0,None,0,0,None,0,0
2003301,0,Message,m_ex_mary_01,0,,,,0,0,ObtainCharacter,5026,1,MainQuestClear,25,1,None,0,0,None,0,0,None,0,0,None,0,0
2003302,0,RandomMessage,m_ex_mary_02,0,,,,0,0,ObtainCharacter,5026,1,MessageClear,2003301,1,None,0,0,None,0,0,None,0,0,None,0,0
2003303,0,RandomMessage,m_ex_mary_03,0,,,,0,0,ObtainCharacter,5026,1,MessageClear,2003301,1,None,0,0,None,0,0,None,0,0,None,0,0
2003304,0,DailyMessage,m_ex_mary_04,0,,,,0,0,ObtainCharacter,5026,1,MessageClear,2003301,1,None,0,0,None,0,0,None,0,0,None,0,0
2003305,0,DailyMessage,m_ex_mary_05,0,,,,0,0,ObtainCharacter,5026,1,MessageClear,2003301,1,None,0,0,None,0,0,None,0,0,None,0,0
2003306,0,DailyMessage,m_ex_mary_06,0,,,,0,0,ObtainCharacter,5026,1,MessageClear,2003305,1,None,0,0,None,0,0,None,0,0,None,0,0
2003401,0,Message,m_ex_pepper_01,0,,,,0,0,ObtainCharacter,5027,1,MainQuestClear,25,1,None,0,0,None,0,0,None,0,0,None,0,0
2003402,0,RandomMessage,m_ex_pepper_02,0,,,,0,0,ObtainCharacter,5027,1,MessageClear,2003401,1,None,0,0,None,0,0,None,0,0,None,0,0
2003403,0,RandomMessage,m_ex_pepper_03,0,,,,0,0,ObtainCharacter,5027,1,MessageClear,2003401,1,None,0,0,None,0,0,None,0,0,None,0,0
2003404,0,DailyMessage,m_ex_pepper_04,0,,,,0,0,ObtainCharacter,5027,1,MessageClear,2003401,1,None,0,0,None,0,0,None,0,0,None,0,0
2003405,0,DailyMessage,m_ex_pepper_05,0,,,,0,0,ObtainCharacter,5027,1,MessageClear,2003401,1,None,0,0,None,0,0,None,0,0,None,0,0
2003406,0,DailyMessage,m_ex_pepper_06,0,,,,0,0,ObtainCharacter,5027,1,MessageClear,2003401,1,None,0,0,None,0,0,None,0,0,None,0,0
2003501,0,Message,m_ex_milk_01,0,,,,0,0,ObtainCharacter,5028,1,MainQuestClear,25,1,None,0,0,None,0,0,None,0,0,None,0,0
2003502,0,RandomMessage,m_ex_milk_02,0,,,,0,0,ObtainCharacter,5028,1,MessageClear,2003501,1,None,0,0,None,0,0,None,0,0,None,0,0
2003503,0,RandomMessage,m_ex_milk_03,0,,,,0,0,ObtainCharacter,5028,1,MessageClear,2003501,1,None,0,0,None,0,0,None,0,0,None,0,0
2003601,0,Message,m_ex_yulha_01,0,,,,0,0,ObtainCharacter,5029,1,MainQuestClear,25,1,None,0,0,None,0,0,None,0,0,None,0,0
2003602,0,RandomMessage,m_ex_yulha_02,0,,,,0,0,ObtainCharacter,5029,1,MessageClear,2003601,1,None,0,0,None,0,0,None,0,0,None,0,0
2003603,0,RandomMessage,m_ex_yulha_03,0,,,,0,0,ObtainCharacter,5029,1,MessageClear,2003601,1,None,0,0,None,0,0,None,0,0,None,0,0
2003701,0,Message,m_ex_admi_01,0,,,,0,0,ObtainCharacter,5030,1,MainQuestClear,25,1,None,0,0,None,0,0,None,0,0,None,0,0
2003702,0,RandomMessage,m_ex_admi_02,0,,,,0,0,ObtainCharacter,5030,1,MessageClear,2003701,1,None,0,0,None,0,0,None,0,0,None,0,0
2003703,0,RandomMessage,m_ex_admi_03,0,,,,0,0,ObtainCharacter,5030,1,MessageClear,2003701,1,None,0,0,None,0,0,None,0,0,None,0,0
2003801,0,Message,m_ex_guillotine_01,0,,,,0,0,ObtainCharacter,5031,1,MainQuestClear,25,1,None,0,0,None,0,0,None,0,0,None,0,0
2003802,0,RandomMessage,m_ex_guillotine_02,0,,,,0,0,ObtainCharacter,5031,1,MessageClear,2003801,1,None,0,0,None,0,0,None,0,0,None,0,0
2003803,0,RandomMessage,m_ex_guillotine_03,0,,,,0,0,ObtainCharacter,5031,1,MessageClear,2003801,1,None,0,0,None,0,0,None,0,0,None,0,0
2003901,0,Message,m_ex_maiden_01,0,,,,0,0,ObtainCharacter,5032,1,MainQuestClear,25,1,None,0,0,None,0,0,None,0,0,None,0,0
2003902,0,RandomMessage,m_ex_maiden_02,0,,,,0,0,ObtainCharacter,5032,1,MessageClear,2003901,1,None,0,0,None,0,0,None,0,0,None,0,0
2003903,0,RandomMessage,m_ex_maiden_03,0,,,,0,0,ObtainCharacter,5032,1,MessageClear,2003901,1,None,0,0,None,0,0,None,0,0,None,0,0
2004001,0,Message,m_ex_ludmilla_01,0,,,,0,0,ObtainCharacter,5033,1,MessageClear,9000702,1,MainQuestClear,80,1,None,0,0,None,0,0,None,0,0
2004002,0,RandomMessage,m_ex_ludmilla_02,0,,,,0,0,ObtainCharacter,5033,1,MessageClear,2004001,1,None,0,0,None,0,0,None,0,0,None,0,0
2004003,0,RandomMessage,m_ex_ludmilla_03,0,,,,0,0,ObtainCharacter,5033,1,MessageClear,2004001,1,None,0,0,None,0,0,None,0,0,None,0,0
2004101,0,Message,m_ex_rupee_01,0,,,,0,0,ObtainCharacter,5034,1,MainQuestClear,25,1,None,0,0,None,0,0,None,0,0,None,0,0
2004102,0,RandomMessage,m_ex_rupee_02,0,,,,0,0,ObtainCharacter,5034,1,MessageClear,2004101,1,None,0,0,None,0,0,None,0,0,None,0,0
2004103,0,RandomMessage,m_ex_rupee_03,0,,,,0,0,ObtainCharacter,5034,1,MessageClear,2004101,1,None,0,0,None,0,0,None,0,0,None,0,0
2004201,0,Message,m_ex_yan_01,0,,,,0,0,ObtainCharacter,5035,1,MainQuestClear,25,1,None,0,0,None,0,0,None,0,0,None,0,0
2004202,0,RandomMessage,m_ex_yan_02,0,,,,0,0,ObtainCharacter,5035,1,MessageClear,2004201,1,None,0,0,None,0,0,None,0,0,None,0,0
2004203,0,RandomMessage,m_ex_yan_03,0,,,,0,0,ObtainCharacter,5035,1,MessageClear,2004201,1,None,0,0,None,0,0,None,0,0,None,0,0
2004301,0,Message,m_ex_dolla_01,0,,,,0,0,ObtainCharacter,5036,1,MainQuestClear,25,1,None,0,0,None,0,0,None,0,0,None,0,0
2004302,0,RandomMessage,m_ex_dolla_02,0,,,,0,0,ObtainCharacter,5036,1,MessageClear,2004301,1,None,0,0,None,0,0,None,0,0,None,0,0
2004303,0,RandomMessage,m_ex_dolla_03,0,,,,0,0,ObtainCharacter,5036,1,MessageClear,2004301,1,None,0,0,None,0,0,None,0,0,None,0,0
2004401,0,Message,m_ex_novel_01,0,,,,0,0,ObtainCharacter,5037,1,MainQuestClear,25,1,None,0,0,None,0,0,None,0,0,None,0,0
2004402,0,RandomMessage,m_ex_novel_02,0,,,,0,0,ObtainCharacter,5037,1,MessageClear,2004401,1,None,0,0,None,0,0,None,0,0,None,0,0
2004403,0,RandomMessage,m_ex_novel_03,0,,,,0,0,ObtainCharacter,5037,1,MessageClear,2004401,1,None,0,0,None,0,0,None,0,0,None,0,0
2004501,0,Message,m_ex_epinel_01,0,,,,0,0,ObtainCharacter,5038,1,MainQuestClear,25,1,None,0,0,None,0,0,None,0,0,None,0,0
2004502,0,RandomMessage,m_ex_epinel_02,0,,,,0,0,ObtainCharacter,5038,1,MessageClear,2004501,1,None,0,0,None,0,0,None,0,0,None,0,0
2004503,0,RandomMessage,m_ex_epinel_03,0,,,,0,0,ObtainCharacter,5038,1,MessageClear,2004501,1,None,0,0,None,0,0,None,0,0,None,0,0
2004601,0,Message,m_ex_folkwang_01,0,,,,0,0,ObtainCharacter,5039,1,MainQuestClear,25,1,None,0,0,None,0,0,None,0,0,None,0,0
2004602,0,RandomMessage,m_ex_folkwang_02,0,,,,0,0,ObtainCharacter,5039,1,MessageClear,2004601,1,None,0,0,None,0,0,None,0,0,None,0,0
2004603,0,RandomMessage,m_ex_folkwang_03,0,,,,0,0,ObtainCharacter,5039,1,MessageClear,2004601,1,None,0,0,None,0,0,None,0,0,None,0,0
2004701,0,Message,m_ex_rapunzel_01,0,,,,0,0,ObtainCharacter,5040,1,MainQuestClear,25,1,None,0,0,None,0,0,None,0,0,None,0,0
2004702,0,RandomMessage,m_ex_rapunzel_02,0,,,,0,0,ObtainCharacter,5040,1,MessageClear,2004701,1,None,0,0,None,0,0,None,0,0,None,0,0
2004703,0,RandomMessage,m_ex_rapunzel_03,0,,,,0,0,ObtainCharacter,5040,1,MessageClear,2004701,1,None,0,0,None,0,0,None,0,0,None,0,0
2004801,0,Message,m_ex_hongryeon_01,0,,,,0,0,ObtainCharacter,5041,1,MainQuestClear,25,1,None,0,0,None,0,0,None,0,0,None,0,0
2004802,0,RandomMessage,m_ex_hongryeon_02,0,,,,0,0,ObtainCharacter,5041,1,MessageClear,2004801,1,None,0,0,None,0,0,None,0,0,None,0,0
2004803,0,RandomMessage,m_ex_hongryeon_03,0,,,,0,0,ObtainCharacter,5041,1,MessageClear,2004801,1,None,0,0,None,0,0,None,0,0,None,0,0
2004901,0,Message,m_ex_harran_01,0,,,,0,0,ObtainCharacter,5042,1,MainQuestClear,25,1,None,0,0,None,0,0,None,0,0,None,0,0
2004902,0,RandomMessage,m_ex_harran_02,0,,,,0,0,ObtainCharacter,5042,1,MessageClear,2004901,1,None,0,0,None,0,0,None,0,0,None,0,0
2004903,0,RandomMessage,m_ex_harran_03,0,,,,0,0,ObtainCharacter,5042,1,MessageClear,2004901,1,None,0,0,None,0,0,None,0,0,None,0,0
2005001,0,Message,m_ex_noah_01,0,,,,0,0,ObtainCharacter,5043,1,MainQuestClear,25,1,None,0,0,None,0,0,None,0,0,None,0,0
2005002,0,RandomMessage,m_ex_noah_02,0,,,,0,0,ObtainCharacter,5043,1,MessageClear,2005001,1,None,0,0,None,0,0,None,0,0,None,0,0
2005003,0,RandomMessage,m_ex_noah_03,0,,,,0,0,ObtainCharacter,5043,1,MessageClear,2005001,1,None,0,0,None,0,0,None,0,0,None,0,0
2005201,0,Message,m_ex_aria_01,0,,,,0,0,ObtainCharacter,5070,1,MainQuestClear,25,1,None,0,0,None,0,0,None,0,0,None,0,0
2005202,0,RandomMessage,m_ex_aria_02,0,,,,0,0,ObtainCharacter,5070,1,MessageClear,2005201,1,None,0,0,None,0,0,None,0,0,None,0,0
2005203,0,RandomMessage,m_ex_aria_03,0,,,,0,0,ObtainCharacter,5070,1,MessageClear,2005201,1,None,0,0,None,0,0,None,0,0,None,0,0
2005301,0,Message,m_ex_noise_01,0,,,,0,0,ObtainCharacter,5074,1,MainQuestClear,25,1,None,0,0,None,0,0,None,0,0,None,0,0
2005302,0,RandomMessage,m_ex_noise_02,0,,,,0,0,ObtainCharacter,5074,1,MessageClear,2005301,1,None,0,0,None,0,0,None,0,0,None,0,0
2005303,0,RandomMessage,m_ex_noise_03,0,,,,0,0,ObtainCharacter,5074,1,MessageClear,2005301,1,None,0,0,None,0,0,None,0,0,None,0,0
2005401,0,Message,m_ex_volume_01,0,,,,0,0,ObtainCharacter,5075,1,MainQuestClear,25,1,None,0,0,None,0,0,None,0,0,None,0,0
2005402,0,RandomMessage,m_ex_volume_02,0,,,,0,0,ObtainCharacter,5075,1,MessageClear,2005401,1,None,0,0,None,0,0,None,0,0,None,0,0
2005403,0,RandomMessage,m_ex_volume_03,0,,,,0,0,ObtainCharacter,5075,1,MessageClear,2005401,1,None,0,0,None,0,0,None,0,0,None,0,0
2005501,0,Message,m_ex_helm_01,0,,,,0,0,ObtainCharacter,5066,1,MainQuestClear,25,1,None,0,0,None,0,0,None,0,0,None,0,0
2005502,0,RandomMessage,m_ex_helm_02,0,,,,0,0,ObtainCharacter,5066,1,MessageClear,2005501,1,None,0,0,None,0,0,None,0,0,None,0,0
2005503,0,RandomMessage,m_ex_helm_03,0,,,,0,0,ObtainCharacter,5066,1,MessageClear,2005501,1,None,0,0,None,0,0,None,0,0,None,0,0
2005504,0,DailyMessage,m_ex_helm_04,0,,,,0,0,ObtainCharacter,5066,1,MessageClear,2005501,1,None,0,0,None,0,0,None,0,0,None,0,0
2005505,0,DailyMessage,m_ex_helm_05,0,,,,0,0,ObtainCharacter,5066,1,MessageClear,2005501,1,None,0,0,None,0,0,None,0,0,None,0,0
2005506,0,DailyMessage,m_ex_helm_06,0,,,,0,0,ObtainCharacter,5066,1,MessageClear,2005501,1,None,0,0,None,0,0,None,0,0,None,0,0
2005601,0,Message,m_ex_laplace_01,0,,,,0,0,ObtainCharacter,1010,1,MainQuestClear,25,1,None,0,0,None,0,0,None,0,0,None,0,0
2005602,0,RandomMessage,m_ex_laplace_02,0,,,,0,0,ObtainCharacter,1010,1,MessageClear,2005601,1,None,0,0,None,0,0,None,0,0,None,0,0
2005603,0,RandomMessage,m_ex_laplace_03,0,,,,0,0,ObtainCharacter,1010,1,MessageClear,2005601,1,None,0,0,None,0,0,None,0,0,None,0,0
2005604,0,DailyMessage,m_ex_laplace_04,0,,,,0,0,ObtainCharacter,1010,1,MessageClear,2005601,1,None,0,0,None,0,0,None,0,0,None,0,0
2005605,0,DailyMessage,m_ex_laplace_05,0,,,,0,0,ObtainCharacter,1010,1,MessageClear,2005601,1,None,0,0,None,0,0,None,0,0,None,0,0
2005606,0,DailyMessage,m_ex_laplace_06,0,,,,0,0,ObtainCharacter,1010,1,MessageClear,2005601,1,None,0,0,None,0,0,None,0,0,None,0,0
2000804,0,Message,m_ex_anne_miraclefairy_01,0,,,,0,0,ObtainCharacter,5085,1,MainQuestClear,25,1,None,0,0,None,0,0,None,0,0,None,0,0
2000805,0,RandomMessage,m_ex_anne_miraclefairy_02,0,,,,0,0,ObtainCharacter,5085,1,MessageClear,2000804,1,None,0,0,None,0,0,None,0,0,None,0,0
2000806,0,RandomMessage,m_ex_anne_miraclefairy_03,0,,,,0,0,ObtainCharacter,5085,1,MessageClear,2000804,1,None,0,0,None,0,0,None,0,0,None,0,0
2004104,0,Message,m_ex_rupee_wintershopper_01,0,,,,0,0,ObtainCharacter,5087,1,MessageClear,2004101,1,None,0,0,None,0,0,None,0,0,None,0,0
2004105,0,RandomMessage,m_ex_rupee_wintershopper_02,0,,,,0,0,ObtainCharacter,5087,1,MessageClear,2004104,1,None,0,0,None,0,0,None,0,0,None,0,0
2004106,0,RandomMessage,m_ex_rupee_wintershopper_03,0,,,,0,0,ObtainCharacter,5087,1,MessageClear,2004104,1,None,0,0,None,0,0,None,0,0,None,0,0
2005701,0,Message,m_ex_neve_01,0,,,,0,0,ObtainCharacter,3011,1,MainQuestClear,25,1,None,0,0,None,0,0,None,0,0,None,0,0
2005702,0,RandomMessage,m_ex_neve_02,0,,,,0,0,ObtainCharacter,3011,1,MessageClear,2005701,1,None,0,0,None,0,0,None,0,0,None,0,0
2005703,0,RandomMessage,m_ex_neve_03,0,,,,0,0,ObtainCharacter,3011,1,MessageClear,2005701,1,None,0,0,None,0,0,None,0,0,None,0,0
2005801,0,Message,m_ex_marian_P_01,0,,,,0,0,ObtainCharacter,5044,1,MessageClear,9001401,1,None,0,0,None,0,0,None,0,0,None,0,0
2005802,0,RandomMessage,m_ex_marian_P_02,0,,,,0,0,ObtainCharacter,5044,1,MessageClear,2005801,1,None,0,0,None,0,0,None,0,0,None,0,0
2005803,0,RandomMessage,m_ex_marian_P_03,0,,,,0,0,ObtainCharacter,5044,1,MessageClear,2005801,1,None,0,0,None,0,0,None,0,0,None,0,0
2005901,0,Message,m_ex_jackal_01,0,,,,0,0,ObtainCharacter,1020,1,MainQuestClear,25,1,None,0,0,None,0,0,None,0,0,None,0,0
2005902,0,RandomMessage,m_ex_jackal_02,0,,,,0,0,ObtainCharacter,1020,1,MessageClear,2005901,1,None,0,0,None,0,0,None,0,0,None,0,0
2005903,0,RandomMessage,m_ex_jackal_03,0,,,,0,0,ObtainCharacter,1020,1,MessageClear,2005901,1,None,0,0,None,0,0,None,0,0,None,0,0
2006001,0,Message,m_ex_guilty_01,0,,,,0,0,ObtainCharacter,5055,1,MainQuestClear,25,1,None,0,0,None,0,0,None,0,0,None,0,0
2006002,0,RandomMessage,m_ex_guilty_02,0,,,,0,0,ObtainCharacter,5055,1,MessageClear,2006001,1,None,0,0,None,0,0,None,0,0,None,0,0
2006003,0,RandomMessage,m_ex_guilty_03,0,,,,0,0,ObtainCharacter,5055,1,MessageClear,2006001,1,None,0,0,None,0,0,None,0,0,None,0,0
2006101,0,Message,m_ex_sin_01,0,,,,0,0,ObtainCharacter,5059,1,MainQuestClear,25,1,None,0,0,None,0,0,None,0,0,None,0,0
2006102,0,RandomMessage,m_ex_sin_02,0,,,,0,0,ObtainCharacter,5059,1,MessageClear,2006101,1,None,0,0,None,0,0,None,0,0,None,0,0
2006103,0,RandomMessage,m_ex_sin_03,0,,,,0,0,ObtainCharacter,5059,1,MessageClear,2006101,1,None,0,0,None,0,0,None,0,0,None,0,0
2006201,0,Message,m_ex_quency_01,0,,,,0,0,ObtainCharacter,5078,1,MainQuestClear,25,1,None,0,0,None,0,0,None,0,0,None,0,0
2006202,0,RandomMessage,m_ex_quency_02,0,,,,0,0,ObtainCharacter,5078,1,MessageClear,2006201,1,None,0,0,None,0,0,None,0,0,None,0,0
2006203,0,RandomMessage,m_ex_quency_03,0,,,,0,0,ObtainCharacter,5078,1,MessageClear,2006201,1,None,0,0,None,0,0,None,0,0,None,0,0
2006301,0,Message,m_ex_viper_01,0,,,,0,0,ObtainCharacter,1022,1,MainQuestClear,25,1,None,0,0,None,0,0,None,0,0,None,0,0
2006302,0,RandomMessage,m_ex_viper_02,0,,,,0,0,ObtainCharacter,1022,1,MessageClear,2006301,1,None,0,0,None,0,0,None,0,0,None,0,0
2006303,0,RandomMessage,m_ex_viper_03,0,,,,0,0,ObtainCharacter,1022,1,MessageClear,2006301,1,None,0,0,None,0,0,None,0,0,None,0,0
2006401,0,Message,m_ex_cocoa_01,0,,,,0,0,ObtainCharacter,5050,1,MainQuestClear,25,1,None,0,0,None,0,0,None,0,0,None,0,0
2006402,0,RandomMessage,m_ex_cocoa_02,0,,,,0,0,ObtainCharacter,5050,1,MessageClear,2006401,1,None,0,0,None,0,0,None,0,0,None,0,0
2006403,0,RandomMessage,m_ex_cocoa_03,0,,,,0,0,ObtainCharacter,5050,1,MessageClear,2006401,1,None,0,0,None,0,0,None,0,0,None,0,0
2006501,0,Message,m_ex_soda_01,0,,,,0,0,ObtainCharacter,5051,1,MainQuestClear,25,1,None,0,0,None,0,0,None,0,0,None,0,0
2006502,0,RandomMessage,m_ex_soda_02,0,,,,0,0,ObtainCharacter,5051,1,MessageClear,2006501,1,None,0,0,None,0,0,None,0,0,None,0,0
2006503,0,RandomMessage,m_ex_soda_03,0,,,,0,0,ObtainCharacter,5051,1,MessageClear,2006501,1,None,0,0,None,0,0,None,0,0,None,0,0
2006601,0,Message,m_ex_biscuit_01,0,,,,0,0,ObtainCharacter,5054,1,MainQuestClear,25,1,None,0,0,None,0,0,None,0,0,None,0,0
2006602,0,RandomMessage,m_ex_biscuit_02,0,,,,0,0,ObtainCharacter,5054,1,MessageClear,2006601,1,None,0,0,None,0,0,None,0,0,None,0,0
2006603,0,RandomMessage,m_ex_biscuit_03,0,,,,0,0,ObtainCharacter,5054,1,MessageClear,2006601,1,None,0,0,None,0,0,None,0,0,None,0,0
2006701,0,Message,m_ex_sakura_01,0,,,,0,0,ObtainCharacter,1012,1,MainQuestClear,25,1,None,0,0,None,0,0,None,0,0,None,0,0
2006702,0,RandomMessage,m_ex_sakura_02,0,,,,0,0,ObtainCharacter,1012,1,MessageClear,2006701,1,None,0,0,None,0,0,None,0,0,None,0,0
2006703,0,RandomMessage,m_ex_sakura_03,0,,,,0,0,ObtainCharacter,1012,1,MessageClear,2006702,1,None,0,0,None,0,0,None,0,0,None,0,0
2006801,0,Message,m_ex_d_01,0,,,,0,0,ObtainCharacter,1007,1,MainQuestClear,25,1,None,0,0,None,0,0,None,0,0,None,0,0
2006802,0,RandomMessage,m_ex_d_02,0,,,,0,0,ObtainCharacter,1007,1,MessageClear,2006801,1,None,0,0,None,0,0,None,0,0,None,0,0
2006803,0,RandomMessage,m_ex_d_03,0,,,,0,0,ObtainCharacter,1007,1,MessageClear,2006802,1,None,0,0,None,0,0,None,0,0,None,0,0
2006901,0,Message,m_ex_rei_01,0,,,,0,0,ObtainCharacter,5069,1,MainQuestClear,25,1,None,0,0,None,0,0,None,0,0,None,0,0
2006902,0,RandomMessage,m_ex_rei_02,0,,,,0,0,ObtainCharacter,5069,1,MessageClear,2006901,1,None,0,0,None,0,0,None,0,0,None,0,0
2006903,0,RandomMessage,m_ex_rei_03,0,,,,0,0,ObtainCharacter,5069,1,MessageClear,2006902,1,None,0,0,None,0,0,None,0,0,None,0,0
2007001,0,Message,m_ex_dorothy_01,0,,,,0,0,ObtainCharacter,5061,1,MainQuestClear,25,1,None,0,0,None,0,0,None,0,0,None,0,0
2007002,0,RandomMessage,m_ex_dorothy_02,0,,,,0,0,ObtainCharacter,5061,1,MessageClear,2007001,1,None,0,0,None,0,0,None,0,0,None,0,0
2007003,0,RandomMessage,m_ex_dorothy_03,0,,,,0,0,ObtainCharacter,5061,1,MessageClear,2007002,1,None,0,0,None,0,0,None,0,0,None,0,0
2007101,0,Message,m_ex_blanc_01,0,,,,0,0,ObtainCharacter,5008,1,MainQuestClear,25,1,None,0,0,None,0,0,None,0,0,None,0,0
2007102,0,RandomMessage,m_ex_blanc_02,0,,,,0,0,ObtainCharacter,5008,1,MessageClear,2007101,1,None,0,0,None,0,0,None,0,0,None,0,0
2007103,0,RandomMessage,m_ex_blanc_03,0,,,,0,0,ObtainCharacter,5008,1,MessageClear,2007101,1,None,0,0,None,0,0,None,0,0,None,0,0
2007104,0,DailyMessage,m_ex_blanc_04,0,,,,0,0,ObtainCharacter,5008,1,MessageClear,2007101,1,None,0,0,None,0,0,None,0,0,None,0,0
2007105,0,DailyMessage,m_ex_blanc_05,0,,,,0,0,ObtainCharacter,5008,1,MessageClear,2007101,1,None,0,0,None,0,0,None,0,0,None,0,0
2007106,0,DailyMessage,m_ex_blanc_06,0,,,,0,0,ObtainCharacter,5008,1,MessageClear,2007101,1,None,0,0,None,0,0,None,0,0,None,0,0
2007201,0,Message,m_ex_noir_01,0,,,,0,0,ObtainCharacter,5009,1,MainQuestClear,25,1,None,0,0,None,0,0,None,0,0,None,0,0
2007202,0,RandomMessage,m_ex_noir_02,0,,,,0,0,ObtainCharacter,5009,1,MessageClear,2007201,1,None,0,0,None,0,0,None,0,0,None,0,0
2007203,0,RandomMessage,m_ex_noir_03,0,,,,0,0,ObtainCharacter,5009,1,MessageClear,2007201,1,None,0,0,None,0,0,None,0,0,None,0,0
2007204,0,DailyMessage,m_ex_noir_04,0,,,,0,0,ObtainCharacter,5009,1,MessageClear,2007201,1,None,0,0,None,0,0,None,0,0,None,0,0
2007205,0,DailyMessage,m_ex_noir_05,0,,,,0,0,ObtainCharacter,5009,1,MessageClear,2007201,1,None,0,0,None,0,0,None,0,0,None,0,0
2007206,0,DailyMessage,m_ex_noir_06,0,,,,0,0,ObtainCharacter,5009,1,MessageClear,2007201,1,None,0,0,None,0,0,None,0,0,None,0,0
2007301,0,Message,m_ex_rosanna_01,0,,,,0,0,ObtainCharacter,5045,1,MainQuestClear,25,1,None,0,0,None,0,0,None,0,0,None,0,0
2007302,0,RandomMessage,m_ex_rosanna_02,0,,,,0,0,ObtainCharacter,5045,1,MessageClear,2007301,1,None,0,0,None,0,0,None,0,0,None,0,0
2007303,0,RandomMessage,m_ex_rosanna_03,0,,,,0,0,ObtainCharacter,5045,1,MessageClear,2007301,1,None,0,0,None,0,0,None,0,0,None,0,0
2007401,0,Message,m_ex_neon_blueocean_01,0,,,,0,0,ObtainCharacter,5071,1,MessageClear,2000201,1,None,0,0,None,0,0,None,0,0,None,0,0
2007402,0,RandomMessage,m_ex_neon_blueocean_02,0,,,,0,0,ObtainCharacter,5071,1,MessageClear,2007401,1,None,0,0,None,0,0,None,0,0,None,0,0
2007403,0,RandomMessage,m_ex_neon_blueocean_03,0,,,,0,0,ObtainCharacter,5071,1,MessageClear,2007401,1,None,0,0,None,0,0,None,0,0,None,0,0
2007501,0,Message,m_ex_mary_baygoddess_01,0,,,,0,0,ObtainCharacter,5064,1,MessageClear,2003301,1,None,0,0,None,0,0,None,0,0,None,0,0
2007502,0,RandomMessage,m_ex_mary_baygoddess_02,0,,,,0,0,ObtainCharacter,5064,1,MessageClear,2007501,1,None,0,0,None,0,0,None,0,0,None,0,0
2007503,0,RandomMessage,m_ex_mary_baygoddess_03,0,,,,0,0,ObtainCharacter,5064,1,MessageClear,2007501,1,None,0,0,None,0,0,None,0,0,None,0,0
2007601,0,Message,m_ex_nero_01,0,,,,0,0,ObtainCharacter,5068,1,MainQuestClear,25,1,None,0,0,None,0,0,None,0,0,None,0,0
2007602,0,RandomMessage,m_ex_nero_02,0,,,,0,0,ObtainCharacter,5068,1,MessageClear,2007601,1,None,0,0,None,0,0,None,0,0,None,0,0
2007603,0,RandomMessage,m_ex_nero_03,0,,,,0,0,ObtainCharacter,5068,1,MessageClear,2007601,1,None,0,0,None,0,0,None,0,0,None,0,0
2007701,0,Message,m_ex_mast_01,0,,,,0,0,ObtainCharacter,5079,1,MainQuestClear,25,1,None,0,0,None,0,0,None,0,0,None,0,0
2007702,0,RandomMessage,m_ex_mast_02,0,,,,0,0,ObtainCharacter,5079,1,MessageClear,2007701,1,None,0,0,None,0,0,None,0,0,None,0,0
2007703,0,RandomMessage,m_ex_mast_03,0,,,,0,0,ObtainCharacter,5079,1,MessageClear,2007701,1,None,0,0,None,0,0,None,0,0,None,0,0
2000404,0,DailyMessage,m_ex_anis_04,0,,,,0,0,ObtainCharacter,3005,1,MessageClear,2000401,1,None,0,0,None,0,0,None,0,0,None,0,0
2000405,0,DailyMessage,m_ex_anis_05,0,,,,0,0,ObtainCharacter,3005,1,MessageClear,2000404,1,None,0,0,None,0,0,None,0,0,None,0,0
2000406,0,DailyMessage,m_ex_anis_06,0,,,,0,0,ObtainCharacter,3005,1,MessageClear,2000401,1,None,0,0,None,0,0,None,0,0,None,0,0
2000604,0,DailyMessage,m_ex_belorta_04,0,,,,0,0,ObtainCharacter,3007,1,MainQuestClear,25,1,None,0,0,None,0,0,None,0,0,None,0,0
2000605,0,DailyMessage,m_ex_belorta_05,0,,,,0,0,ObtainCharacter,3007,1,MainQuestClear,25,1,None,0,0,None,0,0,None,0,0,None,0,0
2000606,0,DailyMessage,m_ex_belorta_06,0,,,,0,0,ObtainCharacter,3007,1,MainQuestClear,25,1,None,0,0,None,0,0,None,0,0,None,0,0
2000304,0,DailyMessage,m_ex_delta_04,0,,,,0,0,ObtainCharacter,3003,1,MainQuestClear,25,1,None,0,0,None,0,0,None,0,0,None,0,0
2000305,0,DailyMessage,m_ex_delta_05,0,,,,0,0,ObtainCharacter,3003,1,MainQuestClear,25,1,None,0,0,None,0,0,None,0,0,None,0,0
2000306,0,DailyMessage,m_ex_delta_06,0,,,,0,0,ObtainCharacter,3003,1,MainQuestClear,25,1,None,0,0,None,0,0,None,0,0,None,0,0
2000904,0,DailyMessage,m_ex_ether_04,0,,,,0,0,ObtainCharacter,3010,1,MainQuestClear,25,1,None,0,0,None,0,0,None,0,0,None,0,0
2000905,0,DailyMessage,m_ex_ether_05,0,,,,0,0,ObtainCharacter,3010,1,MainQuestClear,25,1,None,0,0,None,0,0,None,0,0,None,0,0
2000906,0,DailyMessage,m_ex_ether_06,0,,,,0,0,ObtainCharacter,3010,1,MainQuestClear,25,1,None,0,0,None,0,0,None,0,0,None,0,0
2000704,0,DailyMessage,m_ex_mica_04,0,,,,0,0,ObtainCharacter,3008,1,MainQuestClear,25,1,None,0,0,None,0,0,None,0,0,None,0,0
2000705,0,DailyMessage,m_ex_mica_05,0,,,,0,0,ObtainCharacter,3008,1,MainQuestClear,25,1,None,0,0,None,0,0,None,0,0,None,0,0
2000706,0,DailyMessage,m_ex_mica_06,0,,,,0,0,ObtainCharacter,3008,1,MessageClear,2000604,1,None,0,0,None,0,0,None,0,0,None,0,0
2006504,0,DailyMessage,m_ex_soda_04,0,,,,0,0,ObtainCharacter,5051,1,MessageClear,2006501,1,None,0,0,None,0,0,None,0,0,None,0,0
2006505,0,DailyMessage,m_ex_soda_05,0,,,,0,0,ObtainCharacter,5051,1,MessageClear,2006501,1,None,0,0,None,0,0,None,0,0,None,0,0
2006304,0,DailyMessage,m_ex_viper_04,0,,,,0,0,ObtainCharacter,1022,1,MessageClear,2006301,1,None,0,0,None,0,0,None,0,0,None,0,0
2006305,0,DailyMessage,m_ex_viper_05,0,,,,0,0,ObtainCharacter,1022,1,MessageClear,2006301,1,None,0,0,None,0,0,None,0,0,None,0,0
2001204,0,DailyMessage,m_ex_exia_04,0,,,,0,0,ObtainCharacter,5003,1,MessageClear,2001201,1,None,0,0,None,0,0,None,0,0,None,0,0
2001205,0,DailyMessage,m_ex_exia_05,0,,,,0,0,ObtainCharacter,5003,1,MessageClear,2001201,1,None,0,0,None,0,0,None,0,0,None,0,0
2004404,0,DailyMessage,m_ex_novel_04,0,,,,0,0,ObtainCharacter,5037,1,MessageClear,2004401,1,None,0,0,None,0,0,None,0,0,None,0,0
2004405,0,DailyMessage,m_ex_novel_05,0,,,,0,0,ObtainCharacter,5037,1,MessageClear,2004401,1,None,0,0,None,0,0,None,0,0,None,0,0
2001104,0,DailyMessage,m_ex_sugar_04,0,,,,0,0,ObtainCharacter,5002,1,MessageClear,2001101,1,None,0,0,None,0,0,None,0,0,None,0,0
2001105,0,DailyMessage,m_ex_sugar_05,0,,,,0,0,ObtainCharacter,5002,1,MessageClear,2001101,1,None,0,0,None,0,0,None,0,0,None,0,0
2003504,0,DailyMessage,m_ex_milk_04,0,,,,0,0,ObtainCharacter,5028,1,MessageClear,2003501,1,None,0,0,None,0,0,None,0,0,None,0,0
2003505,0,DailyMessage,m_ex_milk_05,0,,,,0,0,ObtainCharacter,5028,1,MessageClear,2003501,1,None,0,0,None,0,0,None,0,0,None,0,0
2001704,0,DailyMessage,m_ex_frima_04,0,,,,0,0,ObtainCharacter,5010,1,MessageClear,2001701,1,None,0,0,None,0,0,None,0,0,None,0,0
2001705,0,DailyMessage,m_ex_frima_05,0,,,,0,0,ObtainCharacter,5010,1,MessageClear,2001701,1,None,0,0,None,0,0,None,0,0,None,0,0
2007801,0,Message,m_ex_anis_sparklingsummer_01,0,,,,0,0,ObtainCharacter,5097,1,MessageClear,2000401,1,None,0,0,None,0,0,None,0,0,None,0,0
2007802,0,RandomMessage,m_ex_anis_sparklingsummer_02,0,,,,0,0,ObtainCharacter,5097,1,MessageClear,2007801,1,None,0,0,None,0,0,None,0,0,None,0,0
2007803,0,RandomMessage,m_ex_anis_sparklingsummer_03,0,,,,0,0,ObtainCharacter,5097,1,MessageClear,2007801,1,None,0,0,None,0,0,None,0,0,None,0,0
2007901,0,Message,m_ex_anchor_01,0,,,,0,0,ObtainCharacter,5063,1,MainQuestClear,25,1,None,0,0,None,0,0,None,0,0,None,0,0
2007902,0,RandomMessage,m_ex_anchor_02,0,,,,0,0,ObtainCharacter,5063,1,MessageClear,2007901,1,None,0,0,None,0,0,None,0,0,None,0,0
2007903,0,RandomMessage,m_ex_anchor_03,0,,,,0,0,ObtainCharacter,5063,1,MessageClear,2007901,1,None,0,0,None,0,0,None,0,0,None,0,0
2008001,0,Message,m_ex_helm_aquamarine_01,0,,,,0,0,ObtainCharacter,5098,1,MessageClear,2005501,1,None,0,0,None,0,0,None,0,0,None,0,0
2008002,0,RandomMessage,m_ex_helm_aquamarine_02,0,,,,0,0,ObtainCharacter,5098,1,MessageClear,2008001,1,None,0,0,None,0,0,None,0,0,None,0,0
2008003,0,RandomMessage,m_ex_helm_aquamarine_03,0,,,,0,0,ObtainCharacter,5098,1,MessageClear,2008001,1,None,0,0,None,0,0,None,0,0,None,0,0
2008101,0,Message,m_ex_marciana_01,0,,,,0,0,ObtainCharacter,5048,1,MainQuestClear,25,1,None,0,0,None,0,0,None,0,0,None,0,0
2008102,0,RandomMessage,m_ex_marciana_02,0,,,,0,0,ObtainCharacter,5048,1,MessageClear,2008101,1,None,0,0,None,0,0,None,0,0,None,0,0
2008103,0,RandomMessage,m_ex_marciana_03,0,,,,0,0,ObtainCharacter,5048,1,MessageClear,2008101,1,None,0,0,None,0,0,None,0,0,None,0,0
2008201,0,Message,m_ex_naga_01,0,,,,0,0,ObtainCharacter,5099,1,MainQuestClear,25,1,None,0,0,None,0,0,None,0,0,None,0,0
2008202,0,RandomMessage,m_ex_naga_02,0,,,,0,0,ObtainCharacter,5099,1,MessageClear,2008201,1,None,0,0,None,0,0,None,0,0,None,0,0
2008203,0,RandomMessage,m_ex_naga_03,0,,,,0,0,ObtainCharacter,5099,1,MessageClear,2008201,1,None,0,0,None,0,0,None,0,0,None,0,0
2008301,0,Message,m_ex_tia_01,0,,,,0,0,ObtainCharacter,5100,1,MainQuestClear,25,1,None,0,0,None,0,0,None,0,0,None,0,0
2008302,0,RandomMessage,m_ex_tia_02,0,,,,0,0,ObtainCharacter,5100,1,MessageClear,2008301,1,None,0,0,None,0,0,None,0,0,None,0,0
2008303,0,RandomMessage,m_ex_tia_03,0,,,,0,0,ObtainCharacter,5100,1,MessageClear,2008301,1,None,0,0,None,0,0,None,0,0,None,0,0
2008401,0,Message,m_ex_quiry_01,0,,,,0,0,ObtainCharacter,5082,1,MainQuestClear,25,1,None,0,0,None,0,0,None,0,0,None,0,0
2008402,0,RandomMessage,m_ex_quiry_02,0,,,,0,0,ObtainCharacter,5082,1,MessageClear,2008401,1,None,0,0,None,0,0,None,0,0,None,0,0
2008403,0,RandomMessage,m_ex_quiry_03,0,,,,0,0,ObtainCharacter,5082,1,MessageClear,2008401,1,None,0,0,None,0,0,None,0,0,None,0,0
2008501,0,Message,m_ex_tove_01,0,,,,0,0,ObtainCharacter,5081,1,MainQuestClear,25,1,None,0,0,None,0,0,None,0,0,None,0,0
2008502,0,RandomMessage,m_ex_tove_02,0,,,,0,0,ObtainCharacter,5081,1,MessageClear,2008501,1,None,0,0,None,0,0,None,0,0,None,0,0
2008503,0,RandomMessage,m_ex_tove_03,0,,,,0,0,ObtainCharacter,5081,1,MessageClear,2008501,1,None,0,0,None,0,0,None,0,0,None,0,0
2008601,0,Message,m_ex_ludmilla_winterowner_01,0,,,,0,0,ObtainCharacter,5103,1,MainQuestClear,25,1,None,0,0,None,0,0,None,0,0,None,0,0
2008602,0,RandomMessage,m_ex_ludmilla_winterowner_02,0,,,,0,0,ObtainCharacter,5103,1,MessageClear,2008601,1,None,0,0,None,0,0,None,0,0,None,0,0
2008603,0,RandomMessage,m_ex_ludmilla_winterowner_03,0,,,,0,0,ObtainCharacter,5103,1,MessageClear,2008601,1,None,0,0,None,0,0,None,0,0,None,0,0
2008701,0,Message,m_ex_mica_snowbuddy_01,0,,,,0,0,ObtainCharacter,5104,1,MainQuestClear,25,1,None,0,0,None,0,0,None,0,0,None,0,0
2008702,0,RandomMessage,m_ex_mica_snowbuddy_02,0,,,,0,0,ObtainCharacter,5104,1,MessageClear,2008701,1,None,0,0,None,0,0,None,0,0,None,0,0
2008703,0,RandomMessage,m_ex_mica_snowbuddy_03,0,,,,0,0,ObtainCharacter,5104,1,MessageClear,2008701,1,None,0,0,None,0,0,None,0,0,None,0,0
2008801,0,Message,m_ex_leona_01,0,,,,0,0,ObtainCharacter,5092,1,MainQuestClear,25,1,None,0,0,None,0,0,None,0,0,None,0,0
2008802,0,RandomMessage,m_ex_leona_02,0,,,,0,0,ObtainCharacter,5092,1,MessageClear,2008801,1,None,0,0,None,0,0,None,0,0,None,0,0
2008803,0,RandomMessage,m_ex_leona_03,0,,,,0,0,ObtainCharacter,5092,1,MessageClear,2008801,1,None,0,0,None,0,0,None,0,0,None,0,0
2008901,0,Message,m_ex_moran_01,0,,,,0,0,ObtainCharacter,1021,1,MainQuestClear,25,1,None,0,0,None,0,0,None,0,0,None,0,0
2008902,0,RandomMessage,m_ex_moran_02,0,,,,0,0,ObtainCharacter,1021,1,MessageClear,2008901,1,None,0,0,None,0,0,None,0,0,None,0,0
2008903,0,RandomMessage,m_ex_moran_03,0,,,,0,0,ObtainCharacter,1021,1,MessageClear,2008901,1,None,0,0,None,0,0,None,0,0,None,0,0
2009001,0,Message,m_ex_privaty_unkindmaid_01,0,,,,0,0,ObtainCharacter,5106,1,MessageClear,2001601,1,None,0,0,None,0,0,None,0,0,None,0,0
2009002,0,RandomMessage,m_ex_privaty_unkindmaid_02,0,,,,0,0,ObtainCharacter,5106,1,MessageClear,2009001,1,None,0,0,None,0,0,None,0,0,None,0,0
2009003,0,RandomMessage,m_ex_privaty_unkindmaid_03,0,,,,0,0,ObtainCharacter,5106,1,MessageClear,2009001,1,None,0,0,None,0,0,None,0,0,None,0,0
2009101,0,Message,m_ex_ade_01,0,,,,0,0,ObtainCharacter,5046,1,MainQuestClear,25,1,None,0,0,None,0,0,None,0,0,None,0,0
2009102,0,RandomMessage,m_ex_ade_02,0,,,,0,0,ObtainCharacter,5046,1,MessageClear,2009101,1,None,0,0,None,0,0,None,0,0,None,0,0
2009103,0,RandomMessage,m_ex_ade_03,0,,,,0,0,ObtainCharacter,5046,1,MessageClear,2009101,1,None,0,0,None,0,0,None,0,0,None,0,0
2009201,0,Message,m_ex_elegg_01,0,,,,0,0,ObtainCharacter,5107,1,MainQuestClear,25,1,None,0,0,None,0,0,None,0,0,None,0,0
2009202,0,RandomMessage,m_ex_elegg_02,0,,,,0,0,ObtainCharacter,5107,1,MessageClear,2009201,1,None,0,0,None,0,0,None,0,0,None,0,0
2009203,0,RandomMessage,m_ex_elegg_03,0,,,,0,0,ObtainCharacter,5107,1,MessageClear,2009201,1,None,0,0,None,0,0,None,0,0,None,0,0
2009301,0,Message,m_ex_d_killerwife_01,0,,,,0,0,ObtainCharacter,5110,1,MessageClear,2006801,1,None,0,0,None,0,0,None,0,0,None,0,0
2009302,0,RandomMessage,m_ex_d_killerwife_02,0,,,,0,0,ObtainCharacter,5110,1,MessageClear,2009301,1,None,0,0,None,0,0,None,0,0,None,0,0
2009303,0,RandomMessage,m_ex_d_killerwife_03,0,,,,0,0,ObtainCharacter,5110,1,MessageClear,2009301,1,None,0,0,None,0,0,None,0,0,None,0,0
2003704,0,DailyMessage,m_ex_admi_04,0,,,,0,0,ObtainCharacter,5030,1,MessageClear,2003701,1,None,0,0,None,0,0,None,0,0,None,0,0
2003705,0,DailyMessage,m_ex_admi_05,0,,,,0,0,ObtainCharacter,5030,1,MessageClear,2003701,1,None,0,0,None,0,0,None,0,0,None,0,0
2003706,0,DailyMessage,m_ex_admi_06,0,,,,0,0,ObtainCharacter,5030,1,MessageClear,2003701,1,None,0,0,None,0,0,None,0,0,None,0,0
2005204,0,DailyMessage,m_ex_aria_04,0,,,,0,0,ObtainCharacter,5070,1,MessageClear,2005201,1,None,0,0,None,0,0,None,0,0,None,0,0
2005205,0,DailyMessage,m_ex_aria_05,0,,,,0,0,ObtainCharacter,5070,1,MessageClear,2005203,1,None,0,0,None,0,0,None,0,0,None,0,0
2005206,0,DailyMessage,m_ex_aria_06,0,,,,0,0,ObtainCharacter,5070,1,MessageClear,2005201,1,None,0,0,None,0,0,None,0,0,None,0,0
2002504,0,DailyMessage,m_ex_brid_04,0,,,,0,0,ObtainCharacter,5018,1,MessageClear,2002501,1,None,0,0,None,0,0,None,0,0,None,0,0
2002505,0,DailyMessage,m_ex_brid_05,0,,,,0,0,ObtainCharacter,5018,1,MessageClear,2002501,1,None,0,0,None,0,0,None,0,0,None,0,0
2002506,0,DailyMessage,m_ex_brid_06,0,,,,0,0,ObtainCharacter,5018,1,MessageClear,2002501,1,None,0,0,None,0,0,None,0,0,None,0,0
2002804,0,DailyMessage,m_ex_centi_04,0,,,,0,0,ObtainCharacter,5021,1,MessageClear,2002801,1,None,0,0,None,0,0,None,0,0,None,0,0
2002805,0,DailyMessage,m_ex_centi_05,0,,,,0,0,ObtainCharacter,5021,1,MessageClear,2002801,1,None,0,0,None,0,0,None,0,0,None,0,0
2002806,0,DailyMessage,m_ex_centi_06,0,,,,0,0,ObtainCharacter,5021,1,MessageClear,2002801,1,None,0,0,None,0,0,None,0,0,None,0,0
2001404,0,DailyMessage,m_ex_emma_04,0,,,,0,0,ObtainCharacter,5005,1,MessageClear,2001401,1,None,0,0,None,0,0,None,0,0,None,0,0
2001405,0,DailyMessage,m_ex_emma_05,0,,,,0,0,ObtainCharacter,5005,1,MessageClear,2001401,1,None,0,0,None,0,0,None,0,0,None,0,0
2001406,0,DailyMessage,m_ex_emma_06,0,,,,0,0,ObtainCharacter,5005,1,MessageClear,2001401,1,None,0,0,None,0,0,None,0,0,None,0,0
2003004,0,DailyMessage,m_ex_eunhwa_04,0,,,,0,0,ObtainCharacter,5023,1,MessageClear,2003001,1,None,0,0,None,0,0,None,0,0,None,0,0
2003005,0,DailyMessage,m_ex_eunhwa_05,0,,,,0,0,ObtainCharacter,5023,1,MessageClear,2003001,1,None,0,0,None,0,0,None,0,0,None,0,0
2003006,0,DailyMessage,m_ex_eunhwa_06,0,,,,0,0,ObtainCharacter,5023,1,MessageClear,2003001,1,None,0,0,None,0,0,None,0,0,None,0,0
2003804,0,DailyMessage,m_ex_guillotine_04,0,,,,0,0,ObtainCharacter,5031,1,MessageClear,2003801,1,None,0,0,None,0,0,None,0,0,None,0,0
2003805,0,DailyMessage,m_ex_guillotine_05,0,,,,0,0,ObtainCharacter,5031,1,MessageClear,2003801,1,None,0,0,None,0,0,None,0,0,None,0,0
2003806,0,DailyMessage,m_ex_guillotine_06,0,,,,0,0,ObtainCharacter,5031,1,MessageClear,2003803,1,None,0,0,None,0,0,None,0,0,None,0,0
2003904,0,DailyMessage,m_ex_maiden_04,0,,,,0,0,ObtainCharacter,5032,1,MessageClear,2003901,1,None,0,0,None,0,0,None,0,0,None,0,0
2003905,0,DailyMessage,m_ex_maiden_05,0,,,,0,0,ObtainCharacter,5032,1,MessageClear,2003901,1,None,0,0,None,0,0,None,0,0,None,0,0
2003906,0,DailyMessage,m_ex_maiden_06,0,,,,0,0,ObtainCharacter,5032,1,MessageClear,2003901,1,None,0,0,None,0,0,None,0,0,None,0,0
2000807,0,DailyMessage,m_ex_n102_04,0,,,,0,0,ObtainCharacter,3009,1,MainQuestClear,25,1,None,0,0,None,0,0,None,0,0,None,0,0
2000808,0,DailyMessage,m_ex_n102_05,0,,,,0,0,ObtainCharacter,3009,1,MainQuestClear,25,1,None,0,0,None,0,0,None,0,0,None,0,0
2000809,0,DailyMessage,m_ex_n102_06,0,,,,0,0,ObtainCharacter,3009,1,MainQuestClear,25,1,None,0,0,None,0,0,None,0,0,None,0,0
2005304,0,DailyMessage,m_ex_noise_04,0,,,,0,0,ObtainCharacter,5074,1,MessageClear,2005301,1,None,0,0,None,0,0,None,0,0,None,0,0
2005305,0,DailyMessage,m_ex_noise_05,0,,,,0,0,ObtainCharacter,5074,1,MessageClear,2005301,1,None,0,0,None,0,0,None,0,0,None,0,0
2005306,0,DailyMessage,m_ex_noise_06,0,,,,0,0,ObtainCharacter,5074,1,MessageClear,2005305,1,None,0,0,None,0,0,None,0,0,None,0,0
2002904,0,DailyMessage,m_ex_vesti_04,0,,,,0,0,ObtainCharacter,5022,1,MessageClear,2002901,1,None,0,0,None,0,0,None,0,0,None,0,0
2002905,0,DailyMessage,m_ex_vesti_05,0,,,,0,0,ObtainCharacter,5022,1,MessageClear,2002901,1,None,0,0,None,0,0,None,0,0,None,0,0
2002906,0,DailyMessage,m_ex_vesti_06,0,,,,0,0,ObtainCharacter,5022,1,MessageClear,2002901,1,None,0,0,None,0,0,None,0,0,None,0,0
2005404,0,DailyMessage,m_ex_volume_04,0,,,,0,0,ObtainCharacter,5075,1,MessageClear,2005401,1,None,0,0,None,0,0,None,0,0,None,0,0
2005405,0,DailyMessage,m_ex_volume_05,0,,,,0,0,ObtainCharacter,5075,1,MessageClear,2005401,1,None,0,0,None,0,0,None,0,0,None,0,0
2005406,0,DailyMessage,m_ex_volume_06,0,,,,0,0,ObtainCharacter,5075,1,MessageClear,2005401,1,None,0,0,None,0,0,None,0,0,None,0,0
2009401,0,Message,m_ex_bay_01,0,,,,0,0,ObtainCharacter,5111,1,MainQuestClear,25,1,None,0,0,None,0,0,None,0,0,None,0,0
2009402,0,RandomMessage,m_ex_bay_02,0,,,,0,0,ObtainCharacter,5111,1,MessageClear,2009401,1,None,0,0,None,0,0,None,0,0,None,0,0
2009403,0,RandomMessage,m_ex_bay_03,0,,,,0,0,ObtainCharacter,5111,1,MessageClear,2009401,1,None,0,0,None,0,0,None,0,0,None,0,0
2009501,0,Message,m_ex_trony_01,0,,,,0,0,ObtainCharacter,5112,1,MainQuestClear,25,1,None,0,0,None,0,0,None,0,0,None,0,0
2009502,0,RandomMessage,m_ex_trony_02,0,,,,0,0,ObtainCharacter,5112,1,MessageClear,2009501,1,None,0,0,None,0,0,None,0,0,None,0,0
2009503,0,RandomMessage,m_ex_trony_03,0,,,,0,0,ObtainCharacter,5112,1,MessageClear,2009501,1,None,0,0,None,0,0,None,0,0,None,0,0
2009601,0,Message,m_ex_soda_twinklingbunny_01,0,,,,0,0,ObtainCharacter,5113,1,MessageClear,2006501,1,None,0,0,None,0,0,None,0,0,None,0,0
2009602,0,RandomMessage,m_ex_soda_twinklingbunny_02,0,,,,0,0,ObtainCharacter,5113,1,MessageClear,2009601,1,None,0,0,None,0,0,None,0,0,None,0,0
2009603,0,RandomMessage,m_ex_soda_twinklingbunny_03,0,,,,0,0,ObtainCharacter,5113,1,MessageClear,2009601,1,None,0,0,None,0,0,None,0,0,None,0,0
2009701,0,Message,m_ex_alice_wonderlandbunny_01,0,,,,0,0,ObtainCharacter,5114,1,MessageClear,2001301,1,None,0,0,None,0,0,None,0,0,None,0,0
2009702,0,RandomMessage,m_ex_alice_wonderlandbunny_02,0,,,,0,0,ObtainCharacter,5114,1,MessageClear,2009701,1,None,0,0,None,0,0,None,0,0,None,0,0
2009703,0,RandomMessage,m_ex_alice_wonderlandbunny_03,0,,,,0,0,ObtainCharacter,5114,1,MessageClear,2009701,1,None,0,0,None,0,0,None,0,0,None,0,0
2009801,0,Message,m_ex_clay_01,0,,,,0,0,ObtainCharacter,5115,1,MainQuestClear,25,1,None,0,0,None,0,0,None,0,0,None,0,0
2009802,0,RandomMessage,m_ex_clay_02,0,,,,0,0,ObtainCharacter,5115,1,MessageClear,2009801,1,None,0,0,None,0,0,None,0,0,None,0,0
2009803,0,RandomMessage,m_ex_clay_03,0,,,,0,0,ObtainCharacter,5115,1,MessageClear,2009801,1,None,0,0,None,0,0,None,0,0,None,0,0
2009901,0,Message,m_ex_sakura_bloominsummer_01,0,,,,0,0,ObtainCharacter,5117,1,MessageClear,2006701,1,None,0,0,None,0,0,None,0,0,None,0,0
2009902,0,RandomMessage,m_ex_sakura_bloominsummer_02,0,,,,0,0,ObtainCharacter,5117,1,MessageClear,2009901,1,None,0,0,None,0,0,None,0,0,None,0,0
2009903,0,RandomMessage,m_ex_sakura_bloominsummer_03,0,,,,0,0,ObtainCharacter,5117,1,MessageClear,2009902,1,None,0,0,None,0,0,None,0,0,None,0,0
2010101,0,Message,m_ex_rosanna_chicocean_01,0,,,,0,0,ObtainCharacter,5116,1,MessageClear,2007301,1,None,0,0,None,0,0,None,0,0,None,0,0
2010102,0,RandomMessage,m_ex_rosanna_chicocean_02,0,,,,0,0,ObtainCharacter,5116,1,MessageClear,2010101,1,None,0,0,None,0,0,None,0,0,None,0,0
2010103,0,RandomMessage,m_ex_rosanna_chicocean_03,0,,,,0,0,ObtainCharacter,5116,1,MessageClear,2010102,1,None,0,0,None,0,0,None,0,0,None,0,0
2010201,0,Message,m_ex_ein_01,0,,,,0,0,ObtainCharacter,5077,1,MainQuestClear,25,1,None,0,0,None,0,0,None,0,0,None,0,0
2010202,0,RandomMessage,m_ex_ein_02,0,,,,0,0,ObtainCharacter,5077,1,MessageClear,2010201,1,None,0,0,None,0,0,None,0,0,None,0,0
2010203,0,RandomMessage,m_ex_ein_03,0,,,,0,0,ObtainCharacter,5077,1,MessageClear,2010201,1,None,0,0,None,0,0,None,0,0,None,0,0
2010301,0,Message,m_ex_zwei_01,0,,,,0,0,ObtainCharacter,5088,1,MainQuestClear,25,1,None,0,0,None,0,0,None,0,0,None,0,0
2010302,0,RandomMessage,m_ex_zwei_02,0,,,,0,0,ObtainCharacter,5088,1,MessageClear,2010301,1,None,0,0,None,0,0,None,0,0,None,0,0
2010303,0,RandomMessage,m_ex_zwei_03,0,,,,0,0,ObtainCharacter,5088,1,MessageClear,2010301,1,None,0,0,None,0,0,None,0,0,None,0,0
2010401,0,Message,m_ex_rouge_01,0,,,,0,0,ObtainCharacter,5049,1,MainQuestClear,25,1,None,0,0,None,0,0,None,0,0,None,0,0
2010402,0,RandomMessage,m_ex_rouge_02,0,,,,0,0,ObtainCharacter,5049,1,MessageClear,2010401,1,None,0,0,None,0,0,None,0,0,None,0,0
2010403,0,RandomMessage,m_ex_rouge_03,0,,,,0,0,ObtainCharacter,5049,1,MessageClear,2010401,1,None,0,0,None,0,0,None,0,0,None,0,0
2010501,0,Message,m_ex_phantom_01,0,,,,0,0,ObtainCharacter,5122,1,MainQuestClear,25,1,None,0,0,None,0,0,None,0,0,None,0,0
2010502,0,RandomMessage,m_ex_phantom_02,0,,,,0,0,ObtainCharacter,5122,1,MessageClear,2010501,1,None,0,0,None,0,0,None,0,0,None,0,0
2010503,0,RandomMessage,m_ex_phantom_03,0,,,,0,0,ObtainCharacter,5122,1,MessageClear,2010501,1,None,0,0,None,0,0,None,0,0,None,0,0
2010601,0,Message,m_ex_quency_escapequeen_01,0,,,,0,0,ObtainCharacter,5121,1,MessageClear,2006201,1,None,0,0,None,0,0,None,0,0,None,0,0
2010602,0,RandomMessage,m_ex_quency_escapequeen_02,0,,,,0,0,ObtainCharacter,5121,1,MessageClear,2010601,1,None,0,0,None,0,0,None,0,0,None,0,0
2010603,0,RandomMessage,m_ex_quency_escapequeen_03,0,,,,0,0,ObtainCharacter,5121,1,MessageClear,2010601,1,None,0,0,None,0,0,None,0,0,None,0,0
2010701,0,Message,m_ex_rumani_01,0,,,,0,0,ObtainCharacter,3004,1,MainQuestClear,25,1,None,0,0,None,0,0,None,0,0,None,0,0
2010702,0,RandomMessage,m_ex_rumani_02,0,,,,0,0,ObtainCharacter,3004,1,MessageClear,2010701,1,None,0,0,None,0,0,None,0,0,None,0,0
2010703,0,RandomMessage,m_ex_rumani_03,0,,,,0,0,ObtainCharacter,3004,1,MessageClear,2010701,1,None,0,0,None,0,0,None,0,0,None,0,0
2010801,0,Message,m_ex_cinderella_01,0,,,,0,0,ObtainCharacter,5124,1,MainQuestClear,25,1,None,0,0,None,0,0,None,0,0,None,0,0
2010802,0,RandomMessage,m_ex_cinderella_02,0,,,,0,0,ObtainCharacter,5124,1,MessageClear,2010801,1,None,0,0,None,0,0,None,0,0,None,0,0
2010803,0,RandomMessage,m_ex_cinderella_03,0,,,,0,0,ObtainCharacter,5124,1,MessageClear,2010801,1,None,0,0,None,0,0,None,0,0,None,0,0
2010901,0,Message,m_ex_grave_01,0,,,,0,0,ObtainCharacter,5125,1,MainQuestClear,25,1,None,0,0,None,0,0,None,0,0,None,0,0
2010902,0,RandomMessage,m_ex_grave_02,0,,,,0,0,ObtainCharacter,5125,1,MessageClear,2010901,1,None,0,0,None,0,0,None,0,0,None,0,0
2010903,0,RandomMessage,m_ex_grave_03,0,,,,0,0,ObtainCharacter,5125,1,MessageClear,2010901,1,None,0,0,None,0,0,None,0,0,None,0,0
2011001,0,Message,m_ex_flora_01,0,,,,0,0,ObtainCharacter,5126,1,MainQuestClear,25,1,None,0,0,None,0,0,None,0,0,None,0,0
2011002,0,RandomMessage,m_ex_flora_02,0,,,,0,0,ObtainCharacter,5126,1,MessageClear,2011001,1,None,0,0,None,0,0,None,0,0,None,0,0
2011003,0,RandomMessage,m_ex_flora_03,0,,,,0,0,ObtainCharacter,5126,1,MessageClear,2011001,1,None,0,0,None,0,0,None,0,0,None,0,0
2011101,0,Message,m_ex_rapi_redhood_01,0,,,,0,0,ObtainCharacter,5129,1,MessageClear,2000101,1,MainQuestClear,406,1,None,0,0,None,0,0,None,0,0
2011102,0,RandomMessage,m_ex_rapi_redhood_02,0,,,,0,0,ObtainCharacter,5129,1,MessageClear,2011101,1,None,0,0,None,0,0,None,0,0,None,0,0
2011103,0,RandomMessage,m_ex_rapi_redhood_03,0,,,,0,0,ObtainCharacter,5129,1,MessageClear,2011101,1,None,0,0,None,0,0,None,0,0,None,0,0
2011201,0,Message,m_ex_mana_01,0,,,,0,0,ObtainCharacter,1019,1,MainQuestClear,25,1,None,0,0,None,0,0,None,0,0,None,0,0
2011202,0,RandomMessage,m_ex_mana_02,0,,,,0,0,ObtainCharacter,1019,1,MessageClear,2011201,1,None,0,0,None,0,0,None,0,0,None,0,0
2011203,0,RandomMessage,m_ex_mana_03,0,,,,0,0,ObtainCharacter,1019,1,MessageClear,2011202,1,None,0,0,None,0,0,None,0,0,None,0,0
2011301,0,Message,m_ex_mast_romanticmaid_01,0,,,,0,0,ObtainCharacter,5130,1,MessageClear,2007701,1,None,0,0,None,0,0,None,0,0,None,0,0
2011302,0,RandomMessage,m_ex_mast_romanticmaid_02,0,,,,0,0,ObtainCharacter,5130,1,MessageClear,2011301,1,None,0,0,None,0,0,None,0,0,None,0,0
2011303,0,RandomMessage,m_ex_mast_romanticmaid_03,0,,,,0,0,ObtainCharacter,5130,1,MessageClear,2011301,1,None,0,0,None,0,0,None,0,0,None,0,0
2011401,0,Message,m_ex_anchor_innocentmaid_01,0,,,,0,0,ObtainCharacter,5131,1,MessageClear,2007901,1,None,0,0,None,0,0,None,0,0,None,0,0
2011402,0,RandomMessage,m_ex_anchor_innocentmaid_02,0,,,,0,0,ObtainCharacter,5131,1,MessageClear,2011401,1,None,0,0,None,0,0,None,0,0,None,0,0
2011403,0,RandomMessage,m_ex_anchor_innocentmaid_03,0,,,,0,0,ObtainCharacter,5131,1,MessageClear,2011401,1,None,0,0,None,0,0,None,0,0,None,0,0
2011501,0,Message,m_ex_trina_01,0,,,,0,0,ObtainCharacter,5134,1,MainQuestClear,25,1,None,0,0,None,0,0,None,0,0,None,0,0
2011502,0,RandomMessage,m_ex_trina_02,0,,,,0,0,ObtainCharacter,5134,1,MessageClear,2011501,1,None,0,0,None,0,0,None,0,0,None,0,0
2011503,0,RandomMessage,m_ex_trina_03,0,,,,0,0,ObtainCharacter,5134,1,MessageClear,2011501,1,None,0,0,None,0,0,None,0,0,None,0,0
2011601,0,Message,m_ex_bready_01,0,,,,0,0,ObtainCharacter,5135,1,MainQuestClear,25,1,None,0,0,None,0,0,None,0,0,None,0,0
2011602,0,RandomMessage,m_ex_bready_02,0,,,,0,0,ObtainCharacter,5135,1,MessageClear,2011601,1,None,0,0,None,0,0,None,0,0,None,0,0
2011603,0,RandomMessage,m_ex_bready_03,0,,,,0,0,ObtainCharacter,5135,1,MessageClear,2011601,1,None,0,0,None,0,0,None,0,0,None,0,0
2011701,0,Message,m_ex_crust_01,0,,,,0,0,ObtainCharacter,5136,1,MainQuestClear,25,1,None,0,0,None,0,0,None,0,0,None,0,0
2011702,0,RandomMessage,m_ex_crust_02,0,,,,0,0,ObtainCharacter,5136,1,MessageClear,2011701,1,None,0,0,None,0,0,None,0,0,None,0,0
2011703,0,RandomMessage,m_ex_crust_03,0,,,,0,0,ObtainCharacter,5136,1,MessageClear,2011701,1,None,0,0,None,0,0,None,0,0,None,0,0
2011801,0,Message,m_ex_arcana_01,0,,,,0,0,ObtainCharacter,5140,1,MainQuestClear,25,1,None,0,0,None,0,0,None,0,0,None,0,0
2011802,0,RandomMessage,m_ex_arcana_02,0,,,,0,0,ObtainCharacter,5140,1,MessageClear,2011801,1,None,0,0,None,0,0,None,0,0,None,0,0
2011803,0,RandomMessage,m_ex_arcana_03,0,,,,0,0,ObtainCharacter,5140,1,MessageClear,2011801,1,None,0,0,None,0,0,None,0,0,None,0,0
2011901,0,Message,m_ex_k_01,0,,,,0,0,ObtainCharacter,5141,1,MainQuestClear,25,1,None,0,0,None,0,0,None,0,0,None,0,0
2011902,0,RandomMessage,m_ex_k_02,0,,,,0,0,ObtainCharacter,5141,1,MessageClear,2011901,1,None,0,0,None,0,0,None,0,0,None,0,0
2011903,0,RandomMessage,m_ex_k_03,0,,,,0,0,ObtainCharacter,5141,1,MessageClear,2011901,1,None,0,0,None,0,0,None,0,0,None,0,0
2012001,0,Message,m_ex_sora_01,0,,,,0,0,ObtainCharacter,5144,1,MainQuestClear,25,1,None,0,0,None,0,0,None,0,0,None,0,0
2012002,0,RandomMessage,m_ex_sora_02,0,,,,0,0,ObtainCharacter,5144,1,MessageClear,2012001,1,None,0,0,None,0,0,None,0,0,None,0,0
2012003,0,RandomMessage,m_ex_sora_03,0,,,,0,0,ObtainCharacter,5144,1,MessageClear,2012001,1,None,0,0,None,0,0,None,0,0,None,0,0
2012101,0,Message,m_ex_dorothy_serendipity_01,0,,,,0,0,ObtainCharacter,5145,1,MessageClear,2007001,1,None,0,0,None,0,0,None,0,0,None,0,0
2012102,0,RandomMessage,m_ex_dorothy_serendipity_02,0,,,,0,0,ObtainCharacter,5145,1,MessageClear,2012101,1,None,0,0,None,0,0,None,0,0,None,0,0
2012103,0,RandomMessage,m_ex_dorothy_serendipity_03,0,,,,0,0,ObtainCharacter,5145,1,MessageClear,2012101,1,None,0,0,None,0,0,None,0,0,None,0,0
2012201,0,Message,m_ex_elegg_boomandshock_01,0,,,,0,0,ObtainCharacter,5146,1,MessageClear,2009201,1,None,0,0,None,0,0,None,0,0,None,0,0
2012202,0,RandomMessage,m_ex_elegg_boomandshock_02,0,,,,0,0,ObtainCharacter,5146,1,MessageClear,2012201,1,None,0,0,None,0,0,None,0,0,None,0,0
2012203,0,RandomMessage,m_ex_elegg_boomandshock_03,0,,,,0,0,ObtainCharacter,5146,1,MessageClear,2012201,1,None,0,0,None,0,0,None,0,0,None,0,0
2012301,0,Message,m_ex_eunhwa_tactical_01,0,,,,0,0,ObtainCharacter,5149,1,MessageClear,2003001,1,None,0,0,None,0,0,None,0,0,None,0,0
2012302,0,RandomMessage,m_ex_eunhwa_tactical_02,0,,,,0,0,ObtainCharacter,5149,1,MessageClear,2012301,1,None,0,0,None,0,0,None,0,0,None,0,0
2012303,0,RandomMessage,m_ex_eunhwa_tactical_03,0,,,,0,0,ObtainCharacter,5149,1,MessageClear,2012301,1,None,0,0,None,0,0,None,0,0,None,0,0
2012401,0,Message,m_ex_emma_tactical_01,0,,,,0,0,ObtainCharacter,5147,1,MessageClear,2001401,1,None,0,0,None,0,0,None,0,0,None,0,0
2012402,0,RandomMessage,m_ex_emma_tactical_02,0,,,,0,0,ObtainCharacter,5147,1,MessageClear,2012401,1,None,0,0,None,0,0,None,0,0,None,0,0
2012403,0,RandomMessage,m_ex_emma_tactical_03,0,,,,0,0,ObtainCharacter,5147,1,MessageClear,2012401,1,None,0,0,None,0,0,None,0,0,None,0,0
2012501,0,Message,m_ex_vesti_tactical_01,0,,,,0,0,ObtainCharacter,5148,1,MessageClear,2002901,1,None,0,0,None,0,0,None,0,0,None,0,0
2012502,0,RandomMessage,m_ex_vesti_tactical_02,0,,,,0,0,ObtainCharacter,5148,1,MessageClear,2012501,1,None,0,0,None,0,0,None,0,0,None,0,0
2012503,0,RandomMessage,m_ex_vesti_tactical_03,0,,,,0,0,ObtainCharacter,5148,1,MessageClear,2012501,1,None,0,0,None,0,0,None,0,0,None,0,0
2012601,0,Message,m_ex_ade_agentbunny_01,0,,,,0,0,ObtainCharacter,5151,1,MessageClear,2009101,1,None,0,0,None,0,0,None,0,0,None,0,0
2012602,0,RandomMessage,m_ex_ade_agentbunny_02,0,,,,0,0,ObtainCharacter,5151,1,MessageClear,2012601,1,None,0,0,None,0,0,None,0,0,None,0,0
2012603,0,RandomMessage,m_ex_ade_agentbunny_03,0,,,,0,0,ObtainCharacter,5151,1,MessageClear,2012601,1,None,0,0,None,0,0,None,0,0,None,0,0
2012701,0,Message,m_ex_milk_bloomingbunny_01,0,,,,0,0,ObtainCharacter,5150,1,MessageClear,2003501,1,None,0,0,None,0,0,None,0,0,None,0,0
2012702,0,RandomMessage,m_ex_milk_bloomingbunny_02,0,,,,0,0,ObtainCharacter,5150,1,MessageClear,2012701,1,None,0,0,None,0,0,None,0,0,None,0,0
2012703,0,RandomMessage,m_ex_milk_bloomingbunny_03,0,,,,0,0,ObtainCharacter,5150,1,MessageClear,2012701,1,None,0,0,None,0,0,None,0,0,None,0,0
2012801,0,Message,m_ex_delta_ninjatheif_01,0,,,,0,0,ObtainCharacter,5154,1,MainQuestClear,25,1,None,0,0,None,0,0,None,0,0,None,0,0
2012802,0,RandomMessage,m_ex_delta_ninjatheif_02,0,,,,0,0,ObtainCharacter,5154,1,MessageClear,2012801,1,None,0,0,None,0,0,None,0,0,None,0,0
2012803,0,RandomMessage,m_ex_delta_ninjatheif_03,0,,,,0,0,ObtainCharacter,5154,1,MessageClear,2012801,1,None,0,0,None,0,0,None,0,0,None,0,0
3000101,0,RandomMessage,m_ex_counters_01,0,,,,0,0,ObtainCharacter,3001,1,ObtainCharacter,3002,1,ObtainCharacter,3005,1,MainQuestClear,25,1,MessageClear,9000201,1,None,0,0
3000102,0,RandomMessage,m_ex_counters_02,0,,,,0,0,ObtainCharacter,3001,1,ObtainCharacter,3002,1,ObtainCharacter,3005,1,MainQuestClear,25,1,MessageClear,9000201,1,None,0,0
3000202,0,RandomMessage,m_ex_absolut_02,0,,,,0,0,ObtainCharacter,5023,1,ObtainCharacter,5022,1,ObtainCharacter,5005,1,MainQuestClear,49,1,MessageClear,9000402,1,None,0,0
3000301,0,RandomMessage,m_ex_acpu_01,0,,,,0,0,ObtainCharacter,5016,1,ObtainCharacter,5017,1,None,0,0,MainQuestClear,25,1,None,0,0,None,0,0
3000302,0,RandomMessage,m_ex_acpu_02,0,,,,0,0,ObtainCharacter,5016,1,ObtainCharacter,5017,1,None,0,0,MainQuestClear,25,1,None,0,0,None,0,0
3000303,0,RandomMessage,m_ex_acpu_03,0,,,,0,0,ObtainCharacter,5016,1,ObtainCharacter,5017,1,ObtainCharacter,5082,1,MainQuestClear,25,1,None,0,0,None,0,0
3000304,0,RandomMessage,m_ex_acpu_04,0,,,,0,0,ObtainCharacter,5016,1,ObtainCharacter,5017,1,ObtainCharacter,5082,1,MainQuestClear,25,1,None,0,0,None,0,0
3000401,0,RandomMessage,m_ex_cafesweety_01,0,,,,0,0,ObtainCharacter,5002,1,ObtainCharacter,5010,1,ObtainCharacter,5028,1,MainQuestClear,25,1,None,0,0,None,0,0
3000402,0,RandomMessage,m_ex_cafesweety_02,0,,,,0,0,ObtainCharacter,5002,1,ObtainCharacter,5010,1,ObtainCharacter,5028,1,MainQuestClear,25,1,None,0,0,None,0,0
3000601,0,RandomMessage,m_ex_external_01,0,,,,0,0,ObtainCharacter,5031,1,ObtainCharacter,5032,1,None,0,0,MainQuestClear,25,1,None,0,0,None,0,0
3000602,0,RandomMessage,m_ex_external_02,0,,,,0,0,ObtainCharacter,5031,1,ObtainCharacter,5032,1,None,0,0,MainQuestClear,25,1,None,0,0,None,0,0
3000701,0,RandomMessage,m_ex_infinityrail_01,0,,,,0,0,ObtainCharacter,5020,1,ObtainCharacter,5018,1,ObtainCharacter,5019,1,MainQuestClear,25,1,None,0,0,None,0,0
3000702,0,RandomMessage,m_ex_infinityrail_02,0,,,,0,0,ObtainCharacter,5020,1,ObtainCharacter,5018,1,ObtainCharacter,5019,1,MainQuestClear,25,1,None,0,0,None,0,0
3000801,0,RandomMessage,m_ex_inherit_01,0,,,,0,0,ObtainCharacter,5042,1,ObtainCharacter,5043,1,ObtainCharacter,5013,1,MainQuestClear,25,1,None,0,0,None,0,0
3000802,0,RandomMessage,m_ex_inherit_02,0,,,,0,0,ObtainCharacter,5042,1,ObtainCharacter,5043,1,ObtainCharacter,5013,1,MainQuestClear,25,1,None,0,0,None,0,0
3000901,0,RandomMessage,m_ex_lifetonic_01,0,,,,0,0,ObtainCharacter,5038,1,ObtainCharacter,5039,1,None,0,0,MainQuestClear,25,1,None,0,0,None,0,0
3000902,0,RandomMessage,m_ex_lifetonic_02,0,,,,0,0,ObtainCharacter,5038,1,ObtainCharacter,5039,1,None,0,0,MainQuestClear,25,1,None,0,0,None,0,0
3001001,0,RandomMessage,m_ex_littlecannon_01,0,,,,0,0,ObtainCharacter,3007,1,ObtainCharacter,3008,1,None,0,0,MainQuestClear,25,1,None,0,0,None,0,0
3001002,0,RandomMessage,m_ex_littlecannon_02,0,,,,0,0,ObtainCharacter,3007,1,ObtainCharacter,3008,1,None,0,0,MainQuestClear,25,1,None,0,0,None,0,0
3001201,0,RandomMessage,m_ex_mightytools_01,0,,,,0,0,ObtainCharacter,5011,1,ObtainCharacter,5021,1,None,0,0,MainQuestClear,25,1,None,0,0,None,0,0
3001202,0,RandomMessage,m_ex_mightytools_02,0,,,,0,0,ObtainCharacter,5011,1,ObtainCharacter,5021,1,None,0,0,MainQuestClear,25,1,None,0,0,None,0,0
3001301,0,RandomMessage,m_ex_mmr_01,0,,,,0,0,ObtainCharacter,3010,1,None,0,0,None,0,0,MainQuestClear,25,1,None,0,0,None,0,0
3001302,0,RandomMessage,m_ex_mmr_02,0,,,,0,0,ObtainCharacter,3010,1,None,0,0,None,0,0,MainQuestClear,25,1,None,0,0,None,0,0
3001401,0,RandomMessage,m_ex_pioneer_01,0,,,,0,0,ObtainCharacter,5012,1,ObtainCharacter,5040,1,ObtainCharacter,5041,1,MainQuestClear,80,1,None,0,0,None,0,0
3001402,0,RandomMessage,m_ex_pioneer_02,0,,,,0,0,ObtainCharacter,5012,1,ObtainCharacter,5040,1,ObtainCharacter,5041,1,MainQuestClear,80,1,None,0,0,None,0,0
3001501,0,RandomMessage,m_ex_protocol_01,0,,,,0,0,ObtainCharacter,5003,1,ObtainCharacter,5037,1,None,0,0,MainQuestClear,25,1,None,0,0,None,0,0
3001502,0,RandomMessage,m_ex_protocol_02,0,,,,0,0,ObtainCharacter,5003,1,ObtainCharacter,5037,1,None,0,0,MainQuestClear,25,1,MessageClear,3001501,1,None,0,0
3001601,0,RandomMessage,m_ex_scouting_01,0,,,,0,0,ObtainCharacter,3003,1,ObtainCharacter,5015,1,None,0,0,MainQuestClear,25,1,None,0,0,None,0,0
3001602,0,RandomMessage,m_ex_scouting_02,0,,,,0,0,ObtainCharacter,3003,1,ObtainCharacter,5015,1,None,0,0,MainQuestClear,25,1,None,0,0,None,0,0
3001701,0,RandomMessage,m_ex_seraphim_01,0,,,,0,0,ObtainCharacter,5026,1,ObtainCharacter,5027,1,None,0,0,MainQuestClear,25,1,None,0,0,None,0,0
3001702,0,RandomMessage,m_ex_seraphim_02,0,,,,0,0,ObtainCharacter,5026,1,ObtainCharacter,5027,1,None,0,0,MainQuestClear,25,1,None,0,0,None,0,0
3001703,0,DailyMessage,m_ex_seraphim_03,0,,,,0,0,ObtainCharacter,5026,1,ObtainCharacter,5027,1,None,0,0,MainQuestClear,25,1,None,0,0,None,0,0
3001704,0,DailyMessage,m_ex_seraphim_04,0,,,,0,0,ObtainCharacter,5026,1,ObtainCharacter,5027,1,None,0,0,MainQuestClear,25,1,None,0,0,None,0,0
3001705,0,DailyMessage,m_ex_seraphim_05,0,,,,0,0,ObtainCharacter,5026,1,ObtainCharacter,5027,1,None,0,0,MainQuestClear,25,1,None,0,0,None,0,0
3001801,0,RandomMessage,m_ex_talentum_01,0,,,,0,0,ObtainCharacter,5036,1,ObtainCharacter,5034,1,ObtainCharacter,5035,1,MainQuestClear,25,1,MessageClear,9001404,1,None,0,0
3001802,0,RandomMessage,m_ex_talentum_02,0,,,,0,0,ObtainCharacter,5036,1,ObtainCharacter,5034,1,ObtainCharacter,5035,1,MainQuestClear,25,1,MessageClear,9001404,1,None,0,0
3001901,0,RandomMessage,m_ex_triangle_01,0,,,,0,0,ObtainCharacter,5007,1,ObtainCharacter,5030,1,ObtainCharacter,5029,1,MainQuestClear,25,1,None,0,0,None,0,0
3001902,0,RandomMessage,m_ex_triangle_02,0,,,,0,0,ObtainCharacter,5007,1,ObtainCharacter,5030,1,ObtainCharacter,5029,1,MainQuestClear,25,1,None,0,0,None,0,0
3002001,0,RandomMessage,m_ex_unlimited_01,0,,,,0,0,ObtainCharacter,5033,1,ObtainCharacter,5004,1,None,0,0,MessageClear,9000702,1,None,0,0,None,0,0
3002002,0,RandomMessage,m_ex_unlimited_02,0,,,,0,0,ObtainCharacter,5033,1,ObtainCharacter,5004,1,None,0,0,MessageClear,9000702,1,None,0,0,None,0,0
3002101,0,RandomMessage,m_ex_wardress_01,0,,,,0,0,ObtainCharacter,3006,1,ObtainCharacter,5006,1,None,0,0,MainQuestClear,51,1,None,0,0,None,0,0
3002102,0,RandomMessage,m_ex_wardress_02,0,,,,0,0,ObtainCharacter,3006,1,ObtainCharacter,5006,1,None,0,0,MainQuestClear,51,1,None,0,0,None,0,0
3002201,0,RandomMessage,m_ex_primadonna_01,0,,,,0,0,ObtainCharacter,5074,1,ObtainCharacter,5075,1,ObtainCharacter,5070,1,MainQuestClear,25,1,None,0,0,None,0,0
3002202,0,RandomMessage,m_ex_primadonna_02,0,,,,0,0,ObtainCharacter,5074,1,ObtainCharacter,5075,1,ObtainCharacter,5070,1,MainQuestClear,25,1,None,0,0,None,0,0
3001101,0,RandomMessage,m_ex_matis_01,0,,,,0,0,ObtainCharacter,5024,1,ObtainCharacter,5001,1,ObtainCharacter,1010,1,MainQuestClear,25,1,None,0,0,None,0,0
3001102,0,RandomMessage,m_ex_matis_02,0,,,,0,0,ObtainCharacter,5024,1,ObtainCharacter,5001,1,ObtainCharacter,1010,1,MainQuestClear,25,1,None,0,0,None,0,0
3001103,0,RandomMessage,m_ex_matis_03,0,,,,0,0,ObtainCharacter,5024,1,ObtainCharacter,5001,1,ObtainCharacter,1010,1,MainQuestClear,25,1,None,0,0,None,0,0
3001104,0,DailyMessage,m_ex_matis_04,0,,,,0,0,ObtainCharacter,5024,1,ObtainCharacter,5001,1,ObtainCharacter,1010,1,MainQuestClear,25,1,None,0,0,None,0,0
3001105,0,DailyMessage,m_ex_matis_05,0,,,,0,0,ObtainCharacter,5024,1,ObtainCharacter,5001,1,ObtainCharacter,1010,1,MainQuestClear,25,1,None,0,0,None,0,0
3001106,0,DailyMessage,m_ex_matis_06,0,,,,0,0,ObtainCharacter,5024,1,ObtainCharacter,5001,1,ObtainCharacter,1010,1,MainQuestClear,25,1,None,0,0,None,0,0
3001803,0,RandomMessage,m_ex_talentum_03,0,,,,0,0,ObtainCharacter,5036,1,ObtainCharacter,5087,1,ObtainCharacter,5035,1,MainQuestClear,25,1,MessageClear,9001404,1,None,0,0
3001804,0,RandomMessage,m_ex_talentum_04,0,,,,0,0,ObtainCharacter,5036,1,ObtainCharacter,5087,1,ObtainCharacter,5035,1,MainQuestClear,25,1,MessageClear,9001404,1,None,0,0
3002003,0,RandomMessage,m_ex_unlimited_03,0,,,,0,0,ObtainCharacter,3011,1,ObtainCharacter,5033,1,ObtainCharacter,5004,1,MessageClear,9000702,1,None,0,0,None,0,0
3002004,0,RandomMessage,m_ex_unlimited_04,0,,,,0,0,ObtainCharacter,3011,1,ObtainCharacter,5033,1,ObtainCharacter,5004,1,MessageClear,9000702,1,None,0,0,None,0,0
3002301,0,RandomMessage,m_ex_realkindness_01,0,,,,0,0,ObtainCharacter,5055,1,ObtainCharacter,5059,1,ObtainCharacter,5078,1,MainQuestClear,25,1,None,0,0,None,0,0
3002302,0,RandomMessage,m_ex_realkindness_02,0,,,,0,0,ObtainCharacter,5055,1,ObtainCharacter,5059,1,ObtainCharacter,5078,1,MainQuestClear,25,1,MessageClear,3002301,1,None,0,0
3002401,0,RandomMessage,m_ex_exotic_01,0,,,,0,0,ObtainCharacter,5025,1,ObtainCharacter,1020,1,ObtainCharacter,1022,1,MainQuestClear,25,1,None,0,0,None,0,0
3002402,0,RandomMessage,m_ex_exotic_02,0,,,,0,0,ObtainCharacter,5025,1,ObtainCharacter,1020,1,ObtainCharacter,1022,1,MainQuestClear,25,1,None,0,0,None,0,0
3002501,0,RandomMessage,m_ex_maidforyou_01,0,,,,0,0,ObtainCharacter,5050,1,ObtainCharacter,5051,1,None,0,0,MainQuestClear,25,1,None,0,0,None,0,0
3002502,0,RandomMessage,m_ex_maidforyou_02,0,,,,0,0,ObtainCharacter,5050,1,ObtainCharacter,5051,1,None,0,0,MainQuestClear,25,1,None,0,0,None,0,0
3002601,0,RandomMessage,m_ex_777_01,0,,,,0,0,ObtainCharacter,5008,1,ObtainCharacter,5009,1,None,0,0,MainQuestClear,25,1,None,0,0,None,0,0
3002602,0,RandomMessage,m_ex_777_02,0,,,,0,0,ObtainCharacter,5008,1,ObtainCharacter,5009,1,None,0,0,MainQuestClear,25,1,None,0,0,None,0,0
3002701,0,RandomMessage,m_ex_underworldqueen_01,0,,,,0,0,ObtainCharacter,5045,1,ObtainCharacter,1012,1,None,0,0,MainQuestClear,25,1,None,0,0,None,0,0
3002702,0,RandomMessage,m_ex_underworldqueen_02,0,,,,0,0,ObtainCharacter,5045,1,ObtainCharacter,1012,1,None,0,0,MainQuestClear,25,1,None,0,0,None,0,0
3002801,0,RandomMessage,m_ex_happyzoo_01,0,,,,0,0,ObtainCharacter,5068,1,ObtainCharacter,5054,1,None,0,0,MainQuestClear,25,1,None,0,0,None,0,0
3002802,0,RandomMessage,m_ex_happyzoo_02,0,,,,0,0,ObtainCharacter,5068,1,ObtainCharacter,5054,1,None,0,0,MainQuestClear,25,1,None,0,0,None,0,0
3009901,0,DailyMessage,m_ex_all_01,0,,,,0,0,None,0,0,None,0,0,None,0,0,MainQuestClear,25,1,None,0,0,None,0,0
3009902,0,DailyMessage,m_ex_all_02,0,,,,0,0,None,0,0,None,0,0,None,0,0,MainQuestClear,25,1,MessageClear,3009901,1,None,0,0
3009903,0,DailyMessage,m_ex_all_03,0,,,,0,0,None,0,0,None,0,0,None,0,0,MainQuestClear,25,1,MessageClear,3009901,1,None,0,0
3009904,0,DailyMessage,m_ex_all_04,0,,,,0,0,None,0,0,None,0,0,None,0,0,MainQuestClear,25,1,MessageClear,3009901,1,None,0,0
3009905,0,DailyMessage,m_ex_all_05,0,,,,0,0,None,0,0,None,0,0,None,0,0,MainQuestClear,25,1,MessageClear,3009901,1,None,0,0
3009906,0,DailyMessage,m_ex_all_06,0,,,,0,0,None,0,0,None,0,0,None,0,0,MainQuestClear,25,1,MessageClear,3009901,1,None,0,0
3009907,0,DailyMessage,m_ex_all_07,0,,,,0,0,None,0,0,None,0,0,None,0,0,MainQuestClear,25,1,MessageClear,3009901,1,None,0,0
3002103,0,DailyMessage,m_ex_wardress_03,0,,,,0,0,ObtainCharacter,3006,1,ObtainCharacter,5006,1,None,0,0,MainQuestClear,51,1,None,0,0,None,0,0
3001603,0,DailyMessage,m_ex_scouting_03,0,,,,0,0,ObtainCharacter,3003,1,ObtainCharacter,5015,1,None,0,0,MainQuestClear,25,1,None,0,0,None,0,0
3001604,0,DailyMessage,m_ex_scouting_04,0,,,,0,0,ObtainCharacter,3003,1,ObtainCharacter,5015,1,None,0,0,MainQuestClear,25,1,MessageClear,3001603,1,None,0,0
3001605,0,DailyMessage,m_ex_scouting_05,0,,,,0,0,ObtainCharacter,3003,1,ObtainCharacter,5015,1,None,0,0,MainQuestClear,25,1,None,0,0,None,0,0
3001003,0,DailyMessage,m_ex_littlecannon_03,0,,,,0,0,ObtainCharacter,3007,1,ObtainCharacter,3008,1,None,0,0,MainQuestClear,25,1,None,0,0,None,0,0
3001004,0,DailyMessage,m_ex_littlecannon_04,0,,,,0,0,ObtainCharacter,3007,1,ObtainCharacter,3008,1,None,0,0,MainQuestClear,25,1,None,0,0,None,0,0
3001005,0,DailyMessage,m_ex_littlecannon_05,0,,,,0,0,ObtainCharacter,3007,1,ObtainCharacter,3008,1,None,0,0,MainQuestClear,25,1,None,0,0,None,0,0
3002901,0,RandomMessage,m_ex_aegis_01,0,,,,0,0,ObtainCharacter,5066,1,ObtainCharacter,5079,1,None,0,0,MainQuestClear,25,1,None,0,0,None,0,0
3002902,0,RandomMessage,m_ex_aegis_02,0,,,,0,0,ObtainCharacter,5066,1,ObtainCharacter,5079,1,None,0,0,MainQuestClear,25,1,None,0,0,None,0,0
3002903,0,RandomMessage,m_ex_aegis_03,0,,,,0,0,ObtainCharacter,5098,1,ObtainCharacter,5079,1,None,0,0,MainQuestClear,25,1,None,0,0,None,0,0
3002904,0,RandomMessage,m_ex_aegis_04,0,,,,0,0,ObtainCharacter,5098,1,ObtainCharacter,5079,1,None,0,0,MainQuestClear,25,1,None,0,0,None,0,0
3000106,0,RandomMessage,m_ex_counters_06,0,,,,0,0,ObtainCharacter,5097,1,ObtainCharacter,3001,1,ObtainCharacter,3002,1,MainQuestClear,25,1,MessageClear,9000201,1,None,0,0
3000107,0,RandomMessage,m_ex_counters_07,0,,,,0,0,ObtainCharacter,5097,1,ObtainCharacter,3001,1,ObtainCharacter,3002,1,MainQuestClear,25,1,MessageClear,9000201,1,MessageClear,3000106,1
3003001,0,RandomMessage,m_ex_dazzlingpearl_01,0,,,,0,0,ObtainCharacter,5099,1,ObtainCharacter,5100,1,None,0,0,MainQuestClear,25,1,None,0,0,None,0,0
3003002,0,RandomMessage,m_ex_dazzlingpearl_02,0,,,,0,0,ObtainCharacter,5099,1,ObtainCharacter,5100,1,None,0,0,MainQuestClear,25,1,None,0,0,None,0,0
3003003,0,RandomMessage,m_ex_dazzlingpearl_03,0,,,,0,0,ObtainCharacter,5099,1,ObtainCharacter,5100,1,None,0,0,MainQuestClear,25,1,None,0,0,None,0,0
3002803,0,RandomMessage,m_ex_happyzoo_03,0,,,,0,0,ObtainCharacter,5054,1,ObtainCharacter,5068,1,ObtainCharacter,5092,1,MainQuestClear,25,1,None,0,0,None,0,0
3002804,0,RandomMessage,m_ex_happyzoo_04,0,,,,0,0,ObtainCharacter,5054,1,ObtainCharacter,5068,1,ObtainCharacter,5092,1,MessageClear,3002803,1,None,0,0,None,0,0
3002703,0,RandomMessage,m_ex_underworldqueen_03,0,,,,0,0,ObtainCharacter,1021,1,ObtainCharacter,1012,1,ObtainCharacter,5045,1,MainQuestClear,25,1,None,0,0,None,0,0
3002704,0,RandomMessage,m_ex_underworldqueen_04,0,,,,0,0,ObtainCharacter,1021,1,ObtainCharacter,1012,1,ObtainCharacter,5045,1,MainQuestClear,25,1,None,0,0,None,0,0
3000203,0,DailyMessage,m_ex_absolut_03,0,,,,0,0,ObtainCharacter,5023,1,ObtainCharacter,5022,1,ObtainCharacter,5005,1,MainQuestClear,49,1,MessageClear,9000402,1,None,0,0
3000204,0,DailyMessage,m_ex_absolut_04,0,,,,0,0,ObtainCharacter,5023,1,ObtainCharacter,5022,1,ObtainCharacter,5005,1,MainQuestClear,49,1,MessageClear,9000402,1,None,0,0
3000205,0,DailyMessage,m_ex_absolut_05,0,,,,0,0,ObtainCharacter,5023,1,ObtainCharacter,5022,1,ObtainCharacter,5005,1,MainQuestClear,49,1,MessageClear,9000402,1,None,0,0
3000603,0,DailyMessage,m_ex_external_03,0,,,,0,0,ObtainCharacter,5031,1,ObtainCharacter,5032,1,None,0,0,MainQuestClear,25,1,None,0,0,None,0,0
3000604,0,DailyMessage,m_ex_external_04,0,,,,0,0,ObtainCharacter,5031,1,ObtainCharacter,5032,1,None,0,0,MainQuestClear,25,1,None,0,0,None,0,0
3000605,0,DailyMessage,m_ex_external_05,0,,,,0,0,ObtainCharacter,5031,1,ObtainCharacter,5032,1,None,0,0,MainQuestClear,25,1,None,0,0,None,0,0
3002203,0,DailyMessage,m_ex_primadonna_03,0,,,,0,0,ObtainCharacter,5074,1,ObtainCharacter,5075,1,ObtainCharacter,5070,1,MainQuestClear,25,1,None,0,0,None,0,0
3002204,0,DailyMessage,m_ex_primadonna_04,0,,,,0,0,ObtainCharacter,5074,1,ObtainCharacter,5075,1,ObtainCharacter,5070,1,MainQuestClear,25,1,None,0,0,None,0,0
3002205,0,DailyMessage,m_ex_primadonna_05,0,,,,0,0,ObtainCharacter,5074,1,ObtainCharacter,5075,1,ObtainCharacter,5070,1,MainQuestClear,25,1,None,0,0,None,0,0
3003101,0,RandomMessage,m_ex_electricshock_01,0,,,,0,0,ObtainCharacter,5107,1,ObtainCharacter,5112,1,None,0,0,MainQuestClear,25,1,None,0,0,None,0,0
3003102,0,RandomMessage,m_ex_electricshock_02,0,,,,0,0,ObtainCharacter,5107,1,ObtainCharacter,5112,1,None,0,0,MainQuestClear,25,1,None,0,0,None,0,0
3003201,0,RandomMessage,m_ex_rewind_01,0,,,,0,0,ObtainCharacter,5111,1,ObtainCharacter,5115,1,None,0,0,MainQuestClear,25,1,None,0,0,None,0,0
3003202,0,RandomMessage,m_ex_rewind_02,0,,,,0,0,ObtainCharacter,5111,1,ObtainCharacter,5115,1,None,0,0,MainQuestClear,25,1,None,0,0,None,0,0
3002705,0,RandomMessage,m_ex_underworldqueen_05,0,,,,0,0,ObtainCharacter,5116,1,ObtainCharacter,5117,1,None,0,0,MainQuestClear,25,1,None,0,0,None,0,0
3002706,0,RandomMessage,m_ex_underworldqueen_06,0,,,,0,0,ObtainCharacter,5116,1,ObtainCharacter,5117,1,None,0,0,MainQuestClear,25,1,None,0,0,None,0,0
3003301,0,RandomMessage,m_ex_schoolcircle_01,0,,,,0,0,ObtainCharacter,5077,1,ObtainCharacter,5088,1,None,0,0,MainQuestClear,25,1,None,0,0,None,0,0
3003302,0,RandomMessage,m_ex_schoolcircle_02,0,,,,0,0,ObtainCharacter,5077,1,ObtainCharacter,5088,1,None,0,0,MainQuestClear,25,1,None,0,0,None,0,0
3003401,0,RandomMessage,m_ex_oldtales_01,0,,,,0,0,ObtainCharacter,5124,1,ObtainCharacter,5125,1,None,0,0,MainQuestClear,25,1,None,0,0,None,0,0
3003402,0,RandomMessage,m_ex_oldtales_02,0,,,,0,0,ObtainCharacter,5124,1,ObtainCharacter,5125,1,None,0,0,MainQuestClear,25,1,MessageClear,3003401,1,None,0,0
3001303,0,RandomMessage,m_ex_mmr_03,0,,,,0,0,ObtainCharacter,1019,1,ObtainCharacter,3010,1,None,0,0,MainQuestClear,25,1,None,0,0,None,0,0
3001304,0,RandomMessage,m_ex_mmr_04,0,,,,0,0,ObtainCharacter,1019,1,ObtainCharacter,3010,1,None,0,0,MainQuestClear,25,1,None,0,0,None,0,0
3002905,0,RandomMessage,m_ex_aegis_05,0,,,,0,0,ObtainCharacter,5066,1,ObtainCharacter,5130,1,ObtainCharacter,5131,1,MainQuestClear,25,1,None,0,0,None,0,0
3002906,0,RandomMessage,m_ex_aegis_06,0,,,,0,0,ObtainCharacter,5066,1,ObtainCharacter,5130,1,ObtainCharacter,5131,1,MainQuestClear,25,1,None,0,0,None,0,0
3003501,0,RandomMessage,m_ex_botanikgarden_01,0,,,,0,0,ObtainCharacter,5134,1,ObtainCharacter,5126,1,None,0,0,MainQuestClear,25,1,None,0,0,None,0,0
3003502,0,RandomMessage,m_ex_botanikgarden_02,0,,,,0,0,ObtainCharacter,5134,1,ObtainCharacter,5126,1,None,0,0,MainQuestClear,25,1,None,0,0,None,0,0
3003601,0,RandomMessage,m_ex_cookingoil_01,0,,,,0,0,ObtainCharacter,5135,1,ObtainCharacter,5136,1,None,0,0,MainQuestClear,25,1,None,0,0,None,0,0
3003602,0,RandomMessage,m_ex_cookingoil_02,0,,,,0,0,ObtainCharacter,5135,1,ObtainCharacter,5136,1,None,0,0,MainQuestClear,25,1,None,0,0,None,0,0
3003701,0,RandomMessage,m_ex_bestseller_01,0,,,,0,0,ObtainCharacter,5140,1,ObtainCharacter,5122,1,None,0,0,MainQuestClear,25,1,None,0,0,None,0,0
3003702,0,RandomMessage,m_ex_bestseller_02,0,,,,0,0,ObtainCharacter,5140,1,ObtainCharacter,5122,1,None,0,0,MainQuestClear,25,1,None,0,0,None,0,0
3003801,0,RandomMessage,m_ex_siegeperilous_01,0,,,,0,0,ObtainCharacter,5141,1,ObtainCharacter,1007,1,None,0,0,MainQuestClear,25,1,None,0,0,None,0,0
3003802,0,RandomMessage,m_ex_siegeperilous_02,0,,,,0,0,ObtainCharacter,5141,1,ObtainCharacter,1007,1,ObtainCharacter,5110,1,MainQuestClear,25,1,MessageClear,3003801,1,None,0,0
3003901,0,RandomMessage,m_ex_absolut_06,0,,,,0,0,ObtainCharacter,5149,1,ObtainCharacter,5147,1,ObtainCharacter,5148,1,MainQuestClear,25,1,None,0,0,None,0,0
3003902,0,RandomMessage,m_ex_absolut_07,0,,,,0,0,ObtainCharacter,5149,1,ObtainCharacter,5147,1,ObtainCharacter,5148,1,MainQuestClear,25,1,None,0,0,None,0,0
3001606,0,RandomMessage,m_ex_scouting_06,0,,,,0,0,ObtainCharacter,5154,1,ObtainCharacter,5015,1,None,0,0,MainQuestClear,25,1,None,0,0,None,0,0
3001607,0,RandomMessage,m_ex_scouting_07,0,,,,0,0,ObtainCharacter,5154,1,ObtainCharacter,5015,1,None,0,0,MainQuestClear,25,1,MessageClear,3001606,1,None,0,0
9000101,0,Message,m_mainafter_01_01,0,,,,0,0,MainQuestClear,11,1,None,0,0,None,0,0,None,0,0,None,0,0,None,0,0
9000201,0,Message,m_mainafter_02_01,0,,,,0,0,MainQuestClear,20,1,None,0,0,None,0,0,None,0,0,None,0,0,None,0,0
9000202,0,Message,m_mainafter_02_02,0,,,,0,0,MainQuestClear,25,1,None,0,0,None,0,0,None,0,0,None,0,0,None,0,0
9000401,0,Message,m_mainafter_04_01,0,,,,0,0,MainQuestClear,48,1,None,0,0,None,0,0,None,0,0,None,0,0,None,0,0
9000402,0,Message,m_ex_absolut_01,0,,,,0,0,MainQuestClear,48,1,None,0,0,None,0,0,None,0,0,None,0,0,None,0,0
9000701,0,Message,m_mainafter_07_01,0,,,,0,0,MainQuestClear,75,1,None,0,0,None,0,0,None,0,0,None,0,0,None,0,0
9000702,0,Message,m_mainafter_07_02,0,,,,0,0,MainQuestClear,76,1,None,0,0,None,0,0,None,0,0,None,0,0,None,0,0
9000901,0,Message,m_mainafter_09_01,0,,,,0,0,MainQuestClear,93,1,None,0,0,None,0,0,None,0,0,None,0,0,None,0,0
9000902,0,Message,m_mainafter_09_02,0,,,,0,0,MainQuestClear,98,1,None,0,0,None,0,0,None,0,0,None,0,0,None,0,0
9001201,0,Message,m_mainafter_12_01,0,,,,0,0,MainQuestClear,118,1,None,0,0,None,0,0,None,0,0,None,0,0,None,0,0
9001301,0,Message,m_mainafter_13_01,0,,,,0,0,MainQuestClear,137,1,None,0,0,None,0,0,None,0,0,None,0,0,None,0,0
9001302,0,Message,m_mainafter_13_02,0,,,,0,0,MainQuestClear,137,1,None,0,0,None,0,0,None,0,0,None,0,0,None,0,0
9001303,0,Message,m_mainafter_13_03,0,,,,0,0,MainQuestClear,137,1,None,0,0,None,0,0,None,0,0,None,0,0,None,0,0
9001304,0,Message,m_mainafter_13_04,0,,,,0,0,MainQuestClear,137,1,None,0,0,None,0,0,None,0,0,None,0,0,None,0,0
9001401,0,Message,m_mainafter_14_01,0,,,,0,0,MainQuestClear,138,1,None,0,0,None,0,0,None,0,0,None,0,0,None,0,0
9001402,0,Message,m_mainafter_14_02,0,,,,0,0,MainQuestClear,139,1,None,0,0,None,0,0,None,0,0,None,0,0,None,0,0
9001403,0,Message,m_mainafter_14_03,0,,,,0,0,MainQuestClear,151,1,None,0,0,None,0,0,None,0,0,None,0,0,None,0,0
9001404,0,Message,m_mainafter_14_04,0,,,,0,0,MainQuestClear,155,1,None,0,0,None,0,0,None,0,0,None,0,0,None,0,0
9001501,0,Message,m_mainafter_15_01,0,,,,0,0,MainQuestClear,168,1,None,0,0,None,0,0,None,0,0,None,0,0,None,0,0
9001701,0,Message,m_mainafter_17_01,0,,,,0,0,MainQuestClear,200,1,None,0,0,None,0,0,None,0,0,None,0,0,None,0,0
9001702,0,Message,m_mainafter_17_02,0,,,,0,0,MainQuestClear,200,1,None,0,0,None,0,0,None,0,0,None,0,0,None,0,0
9001801,0,Message,m_mainafter_18_01,0,,,,0,0,MainQuestClear,214,1,None,0,0,None,0,0,None,0,0,None,0,0,None,0,0
9002601,0,Message,m_mainafter_26_01,0,,,,0,0,MainQuestClear,321,1,None,0,0,None,0,0,None,0,0,None,0,0,None,0,0
9002701,0,Message,m_mainafter_27_01,0,,,,0,0,MainQuestClear,324,1,None,0,0,None,0,0,None,0,0,None,0,0,None,0,0
9002702,0,Message,m_mainafter_27_02,0,,,,0,0,MainQuestClear,327,1,None,0,0,None,0,0,None,0,0,None,0,0,None,0,0
9002703,0,Message,m_mainafter_27_03,0,,,,0,0,MainQuestClear,328,1,None,0,0,None,0,0,None,0,0,None,0,0,None,0,0
9002801,0,Message,m_mainafter_28_01,0,,,,0,0,MainQuestClear,333,1,None,0,0,None,0,0,None,0,0,None,0,0,None,0,0
7000101,130001,Message,m_event_fullfoolday_01,0,,,,0,0,CampaignClear,6600105,1,None,0,0,None,0,0,None,0,0,None,0,0,None,0,0
7000102,130001,Message,m_event_fullfoolday_02,0,,,,0,0,CampaignClear,6600105,1,None,0,0,None,0,0,None,0,0,None,0,0,None,0,0
7000103,130001,Message,m_event_fullfoolday_03,0,,,,0,0,CampaignClear,6600105,1,None,0,0,None,0,0,None,0,0,None,0,0,None,0,0
7000104,130001,Message,m_event_fullfoolday_04,0,,,,0,0,CampaignClear,6600105,1,None,0,0,None,0,0,None,0,0,None,0,0,None,0,0
7000105,130001,Message,m_event_fullfoolday_05,0,,,,0,0,CampaignClear,6600105,1,None,0,0,None,0,0,None,0,0,None,0,0,None,0,0
7000201,0,Message,m_ex_bunnyx777_01,0,,,,0,0,EventStageClear,101610101,1,None,0,0,None,0,0,None,0,0,None,0,0,None,0,0
7000202,0,Message,m_ex_bunnyx777_02,0,,,,0,0,EventStageClear,101610103,1,MessageClear,7000201,1,None,0,0,None,0,0,None,0,0,None,0,0
7000203,0,Message,m_ex_bunnyx777_03,0,,,,0,0,EventStageClear,101610107,1,MessageClear,7000202,1,None,0,0,None,0,0,None,0,0,None,0,0
7000204,0,RandomMessage,m_ex_bunnyx777_04,0,,,,0,0,EventStageClear,101610112,1,MessageClear,7000203,1,None,0,0,None,0,0,None,0,0,None,0,0
7000205,0,RandomMessage,m_ex_bunnyx777_05,0,,,,0,0,EventStageClear,101610112,1,MessageClear,7000204,1,None,0,0,None,0,0,None,0,0,None,0,0
7000206,0,RandomMessage,m_ex_bunnyx777_06,0,,,,0,0,EventStageClear,101610112,1,MessageClear,7000205,1,None,0,0,None,0,0,None,0,0,None,0,0
7000207,0,RandomMessage,m_ex_bunnyx777_07,0,,,,0,0,EventStageClear,101610112,1,MessageClear,7000206,1,None,0,0,None,0,0,None,0,0,None,0,0
7000208,0,RandomMessage,m_ex_bunnyx777_08,0,,,,0,0,EventStageClear,101610112,1,MessageClear,7000207,1,None,0,0,None,0,0,None,0,0,None,0,0
7000209,0,RandomMessage,m_ex_bunnyx777_09,0,,,,0,0,EventStageClear,101620112,1,MessageClear,7000208,1,None,0,0,None,0,0,None,0,0,None,0,0
7000301,0,Message,m_ex_queensorder_01,0,,,,0,0,EventStageClear,101710105,1,None,0,0,None,0,0,None,0,0,None,0,0,None,0,0
7000302,0,Message,m_ex_queensorder_02,0,,,,0,0,EventStageClear,101710108,1,MessageClear,7000301,1,None,0,0,None,0,0,None,0,0,None,0,0
7000303,0,Message,m_ex_queensorder_03,0,,,,0,0,EventStageClear,101710110,1,MessageClear,7000302,1,None,0,0,None,0,0,None,0,0,None,0,0
7000304,0,RandomMessage,m_ex_queensorder_04,0,,,,0,0,EventStageClear,101710112,1,MessageClear,7000303,1,None,0,0,None,0,0,None,0,0,None,0,0
7000305,0,RandomMessage,m_ex_queensorder_05,0,,,,0,0,EventStageClear,101710112,1,MessageClear,7000304,1,None,0,0,None,0,0,None,0,0,None,0,0
7000401,0,Message,m_ex_2023_summer_01,0,,,,0,0,EventStageClear,102010101,1,None,0,0,None,0,0,None,0,0,None,0,0,None,0,0
7000402,0,Message,m_ex_2023_summer_02,0,,,,0,0,EventStageClear,102010106,1,MessageClear,7000401,1,None,0,0,None,0,0,None,0,0,None,0,0
7000403,0,Message,m_ex_2023_summer_03,0,,,,0,0,EventStageClear,102110103,1,MessageClear,7000402,1,None,0,0,None,0,0,None,0,0,None,0,0
7000404,0,RandomMessage,m_ex_2023_summer_04,0,,,,0,0,EventStageClear,102110112,1,MessageClear,7000403,1,None,0,0,None,0,0,None,0,0,None,0,0
7000405,0,RandomMessage,m_ex_2023_summer_05,0,,,,0,0,EventStageClear,102110112,1,MessageClear,7000404,1,None,0,0,None,0,0,None,0,0,None,0,0
7000406,0,RandomMessage,m_ex_2023_summer_06,0,,,,0,0,EventStageClear,102120112,1,MessageClear,7000405,1,None,0,0,None,0,0,None,0,0,None,0,0
7000501,0,Message,m_ex_nyanyaparadise_01,0,,,,0,0,EventStageClear,102210105,1,None,0,0,None,0,0,None,0,0,None,0,0,None,0,0
7000502,0,Message,m_ex_nyanyaparadise_02,0,,,,0,0,EventStageClear,102210108,1,MessageClear,7000501,1,None,0,0,None,0,0,None,0,0,None,0,0
7000503,0,Message,m_ex_nyanyaparadise_03,0,,,,0,0,EventStageClear,102210110,1,MessageClear,7000502,1,None,0,0,None,0,0,None,0,0,None,0,0
7000504,0,Message,m_ex_nyanyaparadise_04,0,,,,0,0,EventStageClear,102210111,1,MessageClear,7000503,1,None,0,0,None,0,0,None,0,0,None,0,0
7000505,0,RandomMessage,m_ex_nyanyaparadise_05,0,,,,0,0,EventStageClear,102210112,1,MessageClear,7000504,1,None,0,0,None,0,0,None,0,0,None,0,0
7000506,0,RandomMessage,m_ex_nyanyaparadise_06,0,,,,0,0,EventStageClear,102220112,1,MessageClear,7000505,1,None,0,0,None,0,0,None,0,0,None,0,0
7000601,0,Message,m_ex_goldenship_01,0,,,,0,0,EventStageClear,102310103,1,None,0,0,None,0,0,None,0,0,None,0,0,None,0,0
7000602,0,Message,m_ex_goldenship_02,0,,,,0,0,EventStageClear,102310107,1,MessageClear,7000601,1,None,0,0,None,0,0,None,0,0,None,0,0
7000603,0,RandomMessage,m_ex_goldenship_03,0,,,,0,0,EventStageClear,102310112,1,MessageClear,7000602,1,None,0,0,None,0,0,None,0,0,None,0,0
7000604,0,RandomMessage,m_ex_goldenship_04,0,,,,0,0,EventStageClear,102310112,1,MessageClear,7000603,1,None,0,0,None,0,0,None,0,0,None,0,0
7000605,0,RandomMessage,m_ex_goldenship_05,0,,,,0,0,EventStageClear,102320112,1,MessageClear,7000604,1,None,0,0,None,0,0,None,0,0,None,0,0
7000701,0,Message,m_ex_schooloflock_01,0,,,,0,0,EventStageClear,102810103,1,None,0,0,None,0,0,None,0,0,None,0,0,None,0,0
7000702,0,Message,m_ex_schooloflock_02,0,,,,0,0,EventStageClear,102810105,1,MessageClear,7000701,1,None,0,0,None,0,0,None,0,0,None,0,0
7000703,0,Message,m_ex_schooloflock_03,0,,,,0,0,EventStageClear,102810106,1,MessageClear,7000702,1,None,0,0,None,0,0,None,0,0,None,0,0
7000704,0,Message,m_ex_schooloflock_04,0,,,,0,0,EventStageClear,102810110,1,MessageClear,7000703,1,None,0,0,None,0,0,None,0,0,None,0,0
7000705,0,RandomMessage,m_ex_schooloflock_05,0,,,,0,0,EventStageClear,102810112,1,MessageClear,7000704,1,None,0,0,None,0,0,None,0,0,None,0,0
7000801,0,Message,m_ex_dazzlingcupid_01,0,,,,0,0,EventStageClear,102910101,1,None,0,0,None,0,0,None,0,0,None,0,0,None,0,0
7000802,0,Message,m_ex_dazzlingcupid_02,0,,,,0,0,EventStageClear,102910103,1,MessageClear,7000801,1,None,0,0,None,0,0,None,0,0,None,0,0
7000803,0,Message,m_ex_dazzlingcupid_03,0,,,,0,0,EventStageClear,102910103,1,MessageClear,7000801,1,None,0,0,None,0,0,None,0,0,None,0,0
7000804,0,Message,m_ex_dazzlingcupid_04,0,,,,0,0,EventStageClear,102910106,1,MessageClear,7000802,1,None,0,0,None,0,0,None,0,0,None,0,0
7000805,0,Message,m_ex_dazzlingcupid_05,0,,,,0,0,EventStageClear,102910106,1,MessageClear,7000803,1,None,0,0,None,0,0,None,0,0,None,0,0
7000806,0,RandomMessage,m_ex_dazzlingcupid_06,0,,,,0,0,EventStageClear,102920112,1,MessageClear,7000804,1,MessageClear,7000805,1,None,0,0,None,0,0,None,0,0
7000901,0,Message,m_ex_freezeacpu_01,0,,,,0,0,EventStageClear,103010103,1,None,0,0,None,0,0,None,0,0,None,0,0,None,0,0
7000902,0,Message,m_ex_freezeacpu_02,0,,,,0,0,EventStageClear,103010106,1,MessageClear,7000901,1,None,0,0,None,0,0,None,0,0,None,0,0
7000903,0,Message,m_ex_freezeacpu_03,0,,,,0,0,EventStageClear,103010112,1,MessageClear,7000902,1,None,0,0,None,0,0,None,0,0,None,0,0
7000904,0,Message,m_ex_freezeacpu_04,0,,,,0,0,EventStageClear,103020112,1,MessageClear,7000903,1,None,0,0,None,0,0,None,0,0,None,0,0
7000905,0,Message,m_ex_freezeacpu_05,0,,,,0,0,MessageClear,7000904,1,None,0,0,None,0,0,None,0,0,None,0,0,None,0,0
7000906,0,Message,m_ex_freezeacpu_06,0,,,,0,0,MessageClear,7000905,1,None,0,0,None,0,0,None,0,0,None,0,0,None,0,0
7001001,0,Message,m_ex_alonesurviver_01,0,,,,0,0,EventStageClear,103310101,1,None,0,0,None,0,0,None,0,0,None,0,0,None,0,0
7001002,0,Message,m_ex_alonesurviver_02,0,,,,0,0,EventStageClear,103310106,1,MessageClear,7001001,1,None,0,0,None,0,0,None,0,0,None,0,0
7001003,0,Message,m_ex_alonesurviver_03,0,,,,0,0,EventStageClear,103310108,1,MessageClear,7001002,1,None,0,0,None,0,0,None,0,0,None,0,0
7001004,0,Message,m_ex_alonesurviver_04,0,,,,0,0,EventStageClear,103310112,1,MessageClear,7001003,1,None,0,0,None,0,0,None,0,0,None,0,0
7001005,0,RandomMessage,m_ex_alonesurviver_05,0,,,,0,0,EventStageClear,103320112,1,MessageClear,7001004,1,None,0,0,None,0,0,None,0,0,None,0,0
7001101,0,Message,m_ex_lionheart_01,0,,,,0,0,EventStageClear,103710103,1,None,0,0,None,0,0,None,0,0,None,0,0,None,0,0
7001102,0,Message,m_ex_lionheart_02,0,,,,0,0,EventStageClear,103710105,1,MessageClear,7001101,1,None,0,0,None,0,0,None,0,0,None,0,0
7001103,0,Message,m_ex_lionheart_03,0,,,,0,0,EventStageClear,103710110,1,MessageClear,7001102,1,None,0,0,None,0,0,None,0,0,None,0,0
7001104,0,Message,m_ex_lionheart_04,0,,,,0,0,EventStageClear,103710112,1,MessageClear,7001103,1,None,0,0,None,0,0,None,0,0,None,0,0
7001105,0,RandomMessage,m_ex_lionheart_05,0,,,,0,0,EventStageClear,103720112,1,MessageClear,7001104,1,None,0,0,None,0,0,None,0,0,None,0,0
7001201,0,Message,m_ex_dirtybackyard_01,0,,,,0,0,EventStageClear,103810101,1,None,0,0,None,0,0,None,0,0,None,0,0,None,0,0
7001202,0,Message,m_ex_dirtybackyard_02,0,,,,0,0,EventStageClear,103810105,1,MessageClear,7001201,1,None,0,0,None,0,0,None,0,0,None,0,0
7001203,0,Message,m_ex_dirtybackyard_03,0,,,,0,0,EventStageClear,103810106,1,MessageClear,7001202,1,None,0,0,None,0,0,None,0,0,None,0,0
7001204,0,Message,m_ex_dirtybackyard_04,0,,,,0,0,EventStageClear,103810112,1,MessageClear,7001203,1,None,0,0,None,0,0,None,0,0,None,0,0
7001301,0,Message,m_ex_perfectmaid_01,0,,,,0,0,EventStageClear,103910103,1,None,0,0,None,0,0,None,0,0,None,0,0,None,0,0
7001302,0,Message,m_ex_perfectmaid_02,0,,,,0,0,EventStageClear,103910105,1,MessageClear,7001301,1,None,0,0,None,0,0,None,0,0,None,0,0
7001303,0,Message,m_ex_perfectmaid_03,0,,,,0,0,EventStageClear,103910112,1,MessageClear,7001302,1,None,0,0,None,0,0,None,0,0,None,0,0
7001304,0,RandomMessage,m_ex_perfectmaid_04,0,,,,0,0,EventStageClear,103920112,1,MessageClear,7001303,1,None,0,0,None,0,0,None,0,0,None,0,0
7001401,0,Message,m_ex_boomsday_01,0,,,,0,0,EventStageClear,104010101,1,None,0,0,None,0,0,None,0,0,None,0,0,None,0,0
7001402,0,Message,m_ex_boomsday_02,0,,,,0,0,EventStageClear,104010112,1,MessageClear,7001401,1,None,0,0,None,0,0,None,0,0,None,0,0
7001403,0,RandomMessage,m_ex_boomsday_03,0,,,,0,0,EventStageClear,104010112,1,MessageClear,7001402,1,None,0,0,None,0,0,None,0,0,None,0,0
7001404,0,Message,m_ex_boomsday_04,0,,,,0,0,EventStageClear,104020112,1,MessageClear,7001402,1,None,0,0,None,0,0,None,0,0,None,0,0
7001501,0,Message,m_ex_killthelord_01,0,,,,0,0,EventStageClear,104310105,1,None,0,0,None,0,0,None,0,0,None,0,0,None,0,0
7001502,0,Message,m_ex_killthelord_02,0,,,,0,0,EventStageClear,104310105,1,MessageClear,7001501,1,None,0,0,None,0,0,None,0,0,None,0,0
7001503,0,Message,m_ex_killthelord_03,0,,,,0,0,EventStageClear,104310108,1,MessageClear,7001502,1,None,0,0,None,0,0,None,0,0,None,0,0
7001504,0,Message,m_ex_killthelord_04,0,,,,0,0,EventStageClear,104310112,1,MessageClear,7001503,1,None,0,0,None,0,0,None,0,0,None,0,0
7001601,130004,Message,m_ex_liarsend_01,0,,,,0,0,CampaignClear,6600405,1,None,0,0,None,0,0,None,0,0,None,0,0,None,0,0
7001602,130004,Message,m_ex_liarsend_02,0,,,,0,0,CampaignClear,6600405,1,None,0,0,None,0,0,None,0,0,None,0,0,None,0,0
7001603,130004,Message,m_ex_liarsend_03,0,,,,0,0,CampaignClear,6600405,1,None,0,0,None,0,0,None,0,0,None,0,0,None,0,0
7001604,130004,Message,m_ex_liarsend_04,0,,,,0,0,CampaignClear,6600405,1,None,0,0,None,0,0,None,0,0,None,0,0,None,0,0
7001701,0,Message,m_ex_onemoretime_01,0,,,,0,0,EventStageClear,104410105,1,None,0,0,None,0,0,None,0,0,None,0,0,None,0,0
7001702,0,Message,m_ex_onemoretime_02,0,,,,0,0,EventStageClear,104410105,1,MessageClear,7001701,1,None,0,0,None,0,0,None,0,0,None,0,0
7001703,0,Message,m_ex_onemoretime_03,0,,,,0,0,EventStageClear,104410110,1,MessageClear,7001702,1,None,0,0,None,0,0,None,0,0,None,0,0
7001704,0,Message,m_ex_onemoretime_04,0,,,,0,0,EventStageClear,104410112,1,MessageClear,7001703,1,None,0,0,None,0,0,None,0,0,None,0,0
7001801,0,Message,m_ex_darkhero_01,0,,,,0,0,EventStageClear,104710101,1,None,0,0,None,0,0,None,0,0,None,0,0,None,0,0
7001802,0,Message,m_ex_darkhero_02,0,,,,0,0,EventStageClear,104710101,1,MessageClear,7001801,1,None,0,0,None,0,0,None,0,0,None,0,0
7001803,0,Message,m_ex_darkhero_03,0,,,,0,0,EventStageClear,104710103,1,MessageClear,7001802,1,None,0,0,None,0,0,None,0,0,None,0,0
7001804,0,Message,m_ex_darkhero_04,0,,,,0,0,EventStageClear,104720112,1,MessageClear,7001803,1,None,0,0,None,0,0,None,0,0,None,0,0
7001901,0,Message,m_ex_claymore_01,0,,,,0,0,EventStageClear,105010106,1,None,0,0,None,0,0,None,0,0,None,0,0,None,0,0
7001902,0,Message,m_ex_claymore_02,0,,,,0,0,EventStageClear,105010108,1,MessageClear,7001901,1,None,0,0,None,0,0,None,0,0,None,0,0
7001903,0,Message,m_ex_claymore_03,0,,,,0,0,EventStageClear,105010112,1,MessageClear,7001902,1,None,0,0,None,0,0,None,0,0,None,0,0
7002001,0,Message,m_ex_juveniledays_01,0,,,,0,0,EventStageClear,105310105,1,None,0,0,None,0,0,None,0,0,None,0,0,None,0,0
7002002,0,Message,m_ex_juveniledays_02,0,,,,0,0,EventStageClear,105310110,1,MessageClear,7002001,1,None,0,0,None,0,0,None,0,0,None,0,0
7002003,0,Message,m_ex_juveniledays_03,0,,,,0,0,EventStageClear,105310110,1,MessageClear,7002002,1,None,0,0,None,0,0,None,0,0,None,0,0
7002004,0,Message,m_ex_juveniledays_04,0,,,,0,0,EventStageClear,105320112,1,MessageClear,7002003,1,None,0,0,None,0,0,None,0,0,None,0,0
7002101,0,Message,m_ex_colorless_01,0,,,,0,0,EventStageClear,105410106,1,None,0,0,None,0,0,None,0,0,None,0,0,None,0,0
7002102,0,Message,m_ex_colorless_02,0,,,,0,0,EventStageClear,105410110,1,MessageClear,7002101,1,None,0,0,None,0,0,None,0,0,None,0,0
7002103,0,Message,m_ex_colorless_03,0,,,,0,0,EventStageClear,105410112,1,MessageClear,7002102,1,None,0,0,None,0,0,None,0,0,None,0,0
7002201,0,Message,m_ex_jinxplayer_01,0,,,,0,0,EventStageClear,105810106,1,None,0,0,None,0,0,None,0,0,None,0,0,None,0,0
7002202,0,Message,m_ex_jinxplayer_02,0,,,,0,0,EventStageClear,105810110,1,MessageClear,7002201,1,None,0,0,None,0,0,None,0,0,None,0,0
7002203,0,Message,m_ex_jinxplayer_03,0,,,,0,0,EventStageClear,105810112,1,MessageClear,7002202,1,None,0,0,None,0,0,None,0,0,None,0,0
7002301,0,Message,m_ex_phantomthiefvsdetective_01,0,,,,0,0,EventStageClear,105910105,1,None,0,0,None,0,0,None,0,0,None,0,0,None,0,0
7002302,0,Message,m_ex_phantomthiefvsdetective_02,0,,,,0,0,EventStageClear,105910110,1,MessageClear,7002301,1,None,0,0,None,0,0,None,0,0,None,0,0
7002303,0,Message,m_ex_phantomthiefvsdetective_03,0,,,,0,0,EventStageClear,105910112,1,MessageClear,7002302,1,None,0,0,None,0,0,None,0,0,None,0,0
7002304,0,Message,m_ex_phantomthiefvsdetective_04,0,,,,0,0,EventStageClear,105920112,1,MessageClear,7002303,1,None,0,0,None,0,0,None,0,0,None,0,0
7002401,0,Message,m_ex_lifeagain_01,0,,,,0,0,EventStageClear,106010106,1,None,0,0,None,0,0,None,0,0,None,0,0,None,0,0
7002402,0,Message,m_ex_lifeagain_02,0,,,,0,0,EventStageClear,106010110,1,MessageClear,7002401,1,None,0,0,None,0,0,None,0,0,None,0,0
7002403,0,Message,m_ex_lifeagain_03,0,,,,0,0,EventStageClear,106010112,1,MessageClear,7002402,1,None,0,0,None,0,0,None,0,0,None,0,0
7002404,0,Message,m_ex_lifeagain_04,0,,,,0,0,EventStageClear,106020112,1,MessageClear,7002403,1,None,0,0,None,0,0,None,0,0,None,0,0
7002501,0,Message,m_ex_secretgarden_01,0,,,,0,0,EventStageClear,106310105,1,None,0,0,None,0,0,None,0,0,None,0,0,None,0,0
7002502,0,Message,m_ex_secretgarden_02,0,,,,0,0,EventStageClear,106310108,1,MessageClear,7002501,1,None,0,0,None,0,0,None,0,0,None,0,0
7002503,0,Message,m_ex_secretgarden_03,0,,,,0,0,EventStageClear,106310110,1,MessageClear,7002502,1,None,0,0,None,0,0,None,0,0,None,0,0
7002504,0,Message,m_ex_secretgarden_04,0,,,,0,0,EventStageClear,106310112,1,MessageClear,7002503,1,None,0,0,None,0,0,None,0,0,None,0,0
7002505,0,Message,m_ex_secretgarden_05,0,,,,0,0,EventStageClear,106320112,1,MessageClear,7002504,1,None,0,0,None,0,0,None,0,0,None,0,0
7002601,0,Message,m_ex_romanticvalentine_01,0,,,,0,0,EventStageClear,106910105,1,None,0,0,None,0,0,None,0,0,None,0,0,None,0,0
7002602,0,Message,m_ex_romanticvalentine_02,0,,,,0,0,EventStageClear,106910110,1,MessageClear,7002601,1,None,0,0,None,0,0,None,0,0,None,0,0
7002603,0,Message,m_ex_romanticvalentine_03,0,,,,0,0,EventStageClear,106910112,1,MessageClear,7002602,1,None,0,0,None,0,0,None,0,0,None,0,0
7002604,0,Message,m_ex_romanticvalentine_04,0,,,,0,0,EventStageClear,106920112,1,MessageClear,7002603,1,None,0,0,None,0,0,None,0,0,None,0,0
7002701,0,Message,m_ex_newflavor_01,0,,,,0,0,EventStageClear,107310105,1,None,0,0,None,0,0,None,0,0,None,0,0,None,0,0
7002702,0,Message,m_ex_newflavor_02,0,,,,0,0,EventStageClear,107310108,1,MessageClear,7002701,1,None,0,0,None,0,0,None,0,0,None,0,0
7002703,0,Message,m_ex_newflavor_03,0,,,,0,0,EventStageClear,107310112,1,MessageClear,7002702,1,None,0,0,None,0,0,None,0,0,None,0,0
7002704,0,Message,m_ex_newflavor_04,0,,,,0,0,EventStageClear,107320112,1,MessageClear,7002703,1,None,0,0,None,0,0,None,0,0,None,0,0
7002801,0,Message,m_ex_trueflavor_01,0,,,,0,0,EventStageClear,107410105,1,None,0,0,None,0,0,None,0,0,None,0,0,None,0,0
7002802,0,Message,m_ex_trueflavor_02,0,,,,0,0,EventStageClear,107410110,1,MessageClear,7002801,1,None,0,0,None,0,0,None,0,0,None,0,0
7002803,0,Message,m_ex_trueflavor_03,0,,,,0,0,EventStageClear,107410112,1,MessageClear,7002802,1,None,0,0,None,0,0,None,0,0,None,0,0
7002804,0,Message,m_ex_trueflavor_04,0,,,,0,0,EventStageClear,107420112,1,MessageClear,7002803,1,None,0,0,None,0,0,None,0,0,None,0,0
7002901,0,Message,m_ex_arcanearchive_01,0,,,,0,0,EventStageClear,107710105,1,None,0,0,None,0,0,None,0,0,None,0,0,None,0,0
7002902,0,Message,m_ex_arcanearchive_02,0,,,,0,0,EventStageClear,107710110,1,MessageClear,7002901,1,None,0,0,None,0,0,None,0,0,None,0,0
7002903,0,Message,m_ex_arcanearchive_03,0,,,,0,0,EventStageClear,107710112,1,MessageClear,7002902,1,None,0,0,None,0,0,None,0,0,None,0,0
7002904,0,Message,m_ex_arcanearchive_04,0,,,,0,0,EventStageClear,107720112,1,MessageClear,7002903,1,None,0,0,None,0,0,None,0,0,None,0,0
7003001,0,Message,m_ex_lordforjustice_01,0,,,,0,0,EventStageClear,107810105,1,None,0,0,None,0,0,None,0,0,None,0,0,None,0,0
7003002,0,Message,m_ex_lordforjustice_02,0,,,,0,0,EventStageClear,107810110,1,MessageClear,7003001,1,None,0,0,None,0,0,None,0,0,None,0,0
7003003,0,Message,m_ex_lordforjustice_03,0,,,,0,0,EventStageClear,107810112,1,MessageClear,7003002,1,None,0,0,None,0,0,None,0,0,None,0,0
7003004,0,Message,m_ex_lordforjustice_04,0,,,,0,0,EventStageClear,107820112,1,MessageClear,7003003,1,None,0,0,None,0,0,None,0,0,None,0,0
