id,grade,lv,level_hp,level_defence
10001,Soft,1,645,100
10002,Soft,2,645,100
10003,Soft,3,645,100
10004,Soft,4,645,100
10005,Soft,5,645,100
10006,Soft,6,677,105
10007,Soft,7,742,115
10008,Soft,8,805,125
10009,Soft,9,837,130
10010,Soft,10,870,135
10011,Soft,11,902,140
10012,Soft,12,1077,165
10013,Soft,13,1292,175
10014,Soft,14,1325,180
10015,Soft,15,1357,185
10016,Soft,16,1390,190
10017,Soft,17,1422,195
10018,Soft,18,1455,200
10019,Soft,19,1490,205
10020,Soft,20,1522,210
10021,Soft,21,1555,215
10022,Soft,22,1587,220
10023,Soft,23,1810,230
10024,Soft,24,1842,235
10025,Soft,25,1877,240
10026,Soft,26,1910,245
10027,Soft,27,1942,250
10028,Soft,28,2022,261
10029,Soft,29,2055,266
10030,Soft,30,2090,271
10031,Soft,31,2122,276
10032,Soft,32,2155,281
10033,Soft,33,2190,286
10034,Soft,34,2222,291
10035,Soft,35,2257,296
10036,Soft,36,2290,301
10037,Soft,37,2325,306
10038,Soft,38,2357,311
10039,Soft,39,2390,316
10040,Soft,40,2425,321
10041,Soft,41,2520,326
10042,Soft,42,2590,336
10043,Soft,43,2695,429
10044,Soft,44,2765,439
10045,Soft,45,2832,449
10046,Soft,46,2962,467
10047,Soft,47,3030,477
10048,Soft,48,3100,487
10049,Soft,49,3167,497
10050,Soft,50,3237,507
10051,Soft,51,3332,521
10052,Soft,52,3402,531
10053,Soft,53,3562,541
10054,Soft,54,3640,551
10055,Soft,55,3717,561
10056,Soft,56,3825,574
10057,Soft,57,3902,584
10058,Soft,58,4367,594
10059,Soft,59,4450,604
10060,Soft,60,4535,614
10061,Soft,61,4650,628
10062,Soft,62,4787,644
10063,Soft,63,5002,670
10064,Soft,64,5087,680
10065,Soft,65,5172,690
10066,Soft,66,5257,700
10067,Soft,67,5430,721
10068,Soft,68,5515,731
10069,Soft,69,5600,741
10070,Soft,70,5682,751
10071,Soft,71,5767,761
10072,Soft,72,5905,777
10073,Soft,73,5990,787
10074,Soft,74,6072,797
10075,Soft,75,6157,807
10076,Soft,76,6242,817
10077,Soft,77,6327,827
10078,Soft,78,6465,843
10079,Soft,79,6547,853
10080,Soft,80,6632,863
10081,Soft,81,6717,873
10082,Soft,82,6860,890
10083,Soft,83,7465,961
10084,Soft,84,7645,983
10085,Soft,85,7775,998
10086,Soft,86,7905,1013
10087,Soft,87,8032,1028
10088,Soft,88,8162,1044
10089,Soft,89,8292,1059
10090,Soft,90,8420,1074
10091,Soft,91,8695,1108
10092,Soft,92,8887,1130
10093,Soft,93,9017,1145
10094,Soft,94,9147,1161
10095,Soft,95,9275,1176
10096,Soft,96,9492,1213
10097,Soft,97,9620,1228
10098,Soft,98,9815,1252
10099,Soft,99,9975,1277
10100,Soft,100,10105,1292
10101,Soft,101,10235,1308
10102,Soft,102,10482,1343
10103,Soft,103,14865,2568
10104,Soft,104,11515,1484
10105,Soft,105,11715,1507
10106,Soft,106,11877,1533
10107,Soft,107,12092,1558
10108,Soft,108,12295,1583
10109,Soft,109,12457,1609
10110,Soft,110,12590,1624
10111,Soft,111,12722,1640
10112,Soft,112,12885,1665
10113,Soft,113,13102,1691
10114,Soft,114,13235,1707
10115,Soft,115,13397,1732
10116,Soft,116,13682,1748
10117,Soft,117,13817,1763
10118,Soft,118,14015,1812
10119,Soft,119,14392,1857
10120,Soft,120,14600,1880
10121,Soft,121,14765,1906
10122,Soft,122,14900,1921
10123,Soft,123,18812,3023
10124,Soft,124,19412,3093
10125,Soft,125,19745,3133
10126,Soft,126,16910,2182
10127,Soft,127,17122,2213
10128,Soft,128,17335,2244
10129,Soft,129,17547,2275
10130,Soft,130,17807,2306
10131,Soft,131,18020,2337
10132,Soft,132,18467,2411
10133,Soft,133,18680,2442
10134,Soft,134,18892,2473
10135,Soft,135,19105,2505
10136,Soft,136,19402,2545
10137,Soft,137,19582,2566
10138,Soft,138,20027,2625
10139,Soft,139,20242,2656
10140,Soft,140,20455,2688
10141,Soft,141,20667,2719
10142,Soft,142,20847,2740
10143,Soft,143,23847,2908
10144,Soft,144,24080,2940
10145,Soft,145,24567,3017
10146,Soft,146,24765,3038
10147,Soft,147,25000,3070
10148,Soft,148,25232,3102
10149,Soft,149,25430,3124
10150,Soft,150,25760,3166
10151,Soft,151,25992,3198
10152,Soft,152,27432,3354
10153,Soft,153,27762,3396
10154,Soft,154,27995,3428
10155,Soft,155,28195,3449
10156,Soft,156,28427,3481
10157,Soft,157,28662,3513
10158,Soft,158,29327,3586
10159,Soft,159,29562,3618
10160,Soft,160,29760,3661
10161,Soft,161,30092,3703
10162,Soft,162,30290,3724
10163,Soft,163,33995,4593
10164,Soft,164,35212,4740
10165,Soft,165,35465,4768
10166,Soft,166,35717,4795
10167,Soft,167,33567,4106
10168,Soft,168,33855,4144
10169,Soft,169,34212,4182
10170,Soft,170,34500,4220
10171,Soft,171,35122,4288
10172,Soft,172,35410,4326
10173,Soft,173,35767,4365
10174,Soft,174,36055,4403
10175,Soft,175,36307,4430
10176,Soft,176,36597,4468
10177,Soft,177,37612,4536
10178,Soft,178,37902,4574
10179,Soft,179,38262,4636
10180,Soft,180,38552,4674
10181,Soft,181,38810,4702
10182,Soft,182,39065,4729
10183,Soft,183,42822,5544
10184,Soft,184,43452,5612
10185,Soft,185,44447,5734
10186,Soft,186,44707,5762
10187,Soft,187,44967,5790
10188,Soft,188,45227,5818
10189,Soft,189,43495,5233
10190,Soft,190,43792,5272
10191,Soft,191,45110,5415
10192,Soft,192,45407,5453
10193,Soft,193,45775,5493
10194,Soft,194,46035,5521
10195,Soft,195,46332,5560
10196,Soft,196,46592,5588
10197,Soft,197,47000,5638
10198,Soft,198,47960,5742
10199,Soft,199,48220,5770
10200,Soft,200,48517,5808
10201,Soft,201,48777,5837
10202,Soft,202,49152,5876
10203,Soft,203,51017,6112
10204,Soft,204,51330,6145
10205,Soft,205,51680,6190
10206,Soft,206,53685,6422
10207,Soft,207,54002,6456
10208,Soft,208,54357,6501
10209,Soft,209,54677,6536
10210,Soft,210,55110,6582
10211,Soft,211,55467,6627
10212,Soft,212,55785,6661
10213,Soft,213,56102,6696
10214,Soft,214,57160,6815
10215,Soft,215,57595,6862
10216,Soft,216,57912,6897
10217,Soft,217,58230,6931
10218,Soft,218,58587,6976
10219,Soft,219,58905,7010
10220,Soft,220,59380,7067
10221,Soft,221,59697,7102
10222,Soft,222,60867,7235
10223,Soft,223,64210,7479
10224,Soft,224,64572,7524
10225,Soft,225,65052,7614
10226,Soft,226,65377,7649
10227,Soft,227,66785,7814
10228,Soft,228,67115,7849
10229,Soft,229,67565,7896
10230,Soft,230,68645,8017
10231,Soft,231,68975,8052
10232,Soft,232,69467,8111
10233,Soft,233,69797,8146
10234,Soft,234,70167,8192
10235,Soft,235,70497,8227
10236,Soft,236,70987,8286
10237,Soft,237,71317,8321
10238,Soft,238,71647,8356
10239,Soft,239,74140,8627
10240,Soft,240,74470,8662
10241,Soft,241,74840,8708
10242,Soft,242,75170,8743
10243,Soft,243,77942,9037
10244,Soft,244,79687,9089
10245,Soft,245,80080,9130
10246,Soft,246,80510,9217
10247,Soft,247,80900,9257
10248,Soft,248,83895,9620
10249,Soft,249,84332,9673
10250,Soft,250,84730,9715
10251,Soft,251,85130,9756
10252,Soft,252,85567,9856
10253,Soft,253,85967,9898
10254,Soft,254,86365,9939
10255,Soft,255,88242,9992
10256,Soft,256,88647,10033
10257,Soft,257,89052,10129
10258,Soft,258,90822,10311
10259,Soft,259,91270,10364
10260,Soft,260,91675,10405
10261,Soft,261,92080,10447
10262,Soft,262,92525,10562
10263,Soft,263,95972,10916
10264,Soft,264,96377,10958
10265,Soft,265,96782,10999
10266,Soft,266,97230,11052
10267,Soft,267,101927,11233
10268,Soft,268,102345,11274
10269,Soft,269,104335,11563
10270,Soft,270,104760,11605
10271,Soft,271,105185,11647
10272,Soft,272,105610,11690
10273,Soft,273,106075,11743
10274,Soft,274,106500,11786
10275,Soft,275,106925,11828
10276,Soft,276,107350,11870
10277,Soft,277,109222,12147
10278,Soft,278,109647,12189
10279,Soft,279,110070,12232
10280,Soft,280,110495,12274
10281,Soft,281,110920,12316
10282,Soft,282,111387,12370
10283,Soft,283,115585,12788
10284,Soft,284,116070,12837
10285,Soft,285,118402,12885
10286,Soft,286,118937,12945
10287,Soft,287,120860,13227
10288,Soft,288,121352,13275
10289,Soft,289,121845,13324
10290,Soft,290,122337,13372
10291,Soft,291,122872,13432
10292,Soft,292,123365,13480
10293,Soft,293,123860,13528
10294,Soft,294,124352,13577
10295,Soft,295,133607,13625
10296,Soft,296,134180,13685
10297,Soft,297,139020,14127
10298,Soft,298,139547,14175
10299,Soft,299,140075,14333
10300,Soft,300,140600,14381
10301,Soft,301,141175,14441
10302,Soft,302,141702,14489
10303,Soft,303,146995,14975
10304,Soft,304,147522,15023
10305,Soft,305,148050,15072
10306,Soft,306,148577,15120
10307,Soft,307,152105,15180
10308,Soft,308,152642,15228
10309,Soft,309,156080,15536
10310,Soft,310,156617,15585
10311,Soft,311,157155,15633
10312,Soft,312,157692,15681
10313,Soft,313,158277,15741
10314,Soft,314,160185,15789
10315,Soft,315,160727,15838
10316,Soft,316,161270,16012
10317,Soft,317,161812,16060
10318,Soft,318,162355,16109
10319,Soft,319,162897,16157
10320,Soft,320,177057,16217
10321,Soft,321,177645,16265
10322,Soft,322,181405,16574
10323,Soft,323,188152,17129
10324,Soft,324,188812,17184
10325,Soft,325,189475,17238
10326,Soft,326,190135,17293
10327,Soft,327,190847,17358
10328,Soft,328,191507,17413
10329,Soft,329,192170,17467
10330,Soft,330,192830,17521
10331,Soft,331,193490,17576
10332,Soft,332,201052,17630
10333,Soft,333,201737,17685
10334,Soft,334,205755,18010
10335,Soft,335,206440,18065
10336,Soft,336,211320,18119
10337,Soft,337,212020,18173
10338,Soft,338,212717,18373
10339,Soft,339,213415,18427
10340,Soft,340,214115,18482
10341,Soft,341,214812,18536
10342,Soft,342,215565,18602
10343,Soft,343,223717,19236
10344,Soft,344,224415,19291
10345,Soft,345,246435,19345
10346,Soft,346,247197,19399
10347,Soft,347,251630,19712
10348,Soft,348,252395,19767
10349,Soft,349,253160,19821
10350,Soft,350,253985,19887
10351,Soft,351,254747,19941
10352,Soft,352,255512,19996
10353,Soft,353,256277,20050
10354,Soft,354,257040,20104
10355,Soft,355,257805,20159
10356,Soft,356,258570,20213
10357,Soft,357,259335,20268
10358,Soft,358,260097,20322
10359,Soft,359,264590,20648
10360,Soft,360,265355,20702
10361,Soft,361,266120,20756
10362,Soft,362,266882,20811
10363,Soft,363,276980,21529
10364,Soft,364,277830,21589
10365,Soft,365,278680,21649
10366,Soft,366,279527,21710
10367,Soft,367,280377,21770
10368,Soft,368,281227,21831
10369,Soft,369,282135,21903
10370,Soft,370,282985,21963
10371,Soft,371,283835,22023
10372,Soft,372,284682,22084
10373,Soft,373,285532,22144
10374,Soft,374,286382,22205
10375,Soft,375,287230,22265
10376,Soft,376,288080,22326
10377,Soft,377,288930,22386
10378,Soft,378,289780,22446
10379,Soft,379,290627,22507
10380,Soft,380,291537,22579
10381,Soft,381,292387,22639
10382,Soft,382,293235,22699
10383,Soft,383,304640,23511
10384,Soft,384,305490,23572
10385,Soft,385,306340,23632
10386,Soft,386,307187,23693
10387,Soft,387,308037,23753
10388,Soft,388,308887,23814
10389,Soft,389,309735,23874
10390,Soft,390,310585,23934
10391,Soft,391,311435,23995
10392,Soft,392,312342,24067
10393,Soft,393,313192,24127
10394,Soft,394,314042,24187
10395,Soft,395,314890,24248
10396,Soft,396,315740,24308
10397,Soft,397,316590,24369
10398,Soft,398,317440,24429
10399,Soft,399,318287,24490
10400,Soft,400,319137,24550
10401,Soft,401,319987,24610
10402,Soft,402,320835,24671
10403,Soft,403,333617,25581
10404,Soft,404,334610,25659
10405,Soft,405,335545,25725
10406,Soft,406,336477,25792
10407,Soft,407,337412,25858
10408,Soft,408,338347,25924
10409,Soft,409,339280,25991
10410,Soft,410,340215,26057
10411,Soft,411,341150,26124
10412,Soft,412,342082,26190
10413,Soft,413,343017,26257
10414,Soft,414,343952,26323
10415,Soft,415,344885,26390
10416,Soft,416,345820,26456
10417,Soft,417,346755,26523
10418,Soft,418,347747,26601
10419,Soft,419,348682,26667
10420,Soft,420,349617,26733
10421,Soft,421,350550,26800
10422,Soft,422,351485,26866
10423,Soft,423,365795,27885
10424,Soft,424,366727,27951
10425,Soft,425,367662,28018
10426,Soft,426,368597,28084
10427,Soft,427,369530,28151
10428,Soft,428,370465,28217
10429,Soft,429,371400,28284
10430,Soft,430,372332,28350
10431,Soft,431,373267,28417
10432,Soft,432,374200,28483
10433,Soft,433,375135,28550
10434,Soft,434,376130,28628
10435,Soft,435,377062,28694
10436,Soft,436,377997,28760
10437,Soft,437,378932,28827
10438,Soft,438,379865,28893
10439,Soft,439,380800,28960
10440,Soft,440,381735,29026
10441,Soft,441,382667,29093
10442,Soft,442,383602,29159
10443,Soft,443,399517,30291
10444,Soft,444,400535,30364
10445,Soft,445,401555,30436
10446,Soft,446,402575,30509
10447,Soft,447,403592,30581
10448,Soft,448,404612,30654
10449,Soft,449,405630,30727
10450,Soft,450,406650,30799
10451,Soft,451,407730,30883
10452,Soft,452,408747,30955
10453,Soft,453,409767,31028
10454,Soft,454,410787,31100
10455,Soft,455,411805,31173
10456,Soft,456,412825,31245
10457,Soft,457,413842,31318
10458,Soft,458,414862,31390
10459,Soft,459,415882,31463
10460,Soft,460,416900,31535
10461,Soft,461,417920,31608
10462,Soft,462,418940,31680
10463,Soft,463,436615,32938
10464,Soft,464,437635,33011
10465,Soft,465,438652,33083
10466,Soft,466,439672,33156
10467,Soft,467,440690,33228
10468,Soft,468,441710,33301
10469,Soft,469,442790,33385
10470,Soft,470,443807,33457
10471,Soft,471,444827,33530
10472,Soft,472,445847,33602
10473,Soft,473,446865,33675
10474,Soft,474,447885,33747
10475,Soft,475,448902,33820
10476,Soft,476,449922,33892
10477,Soft,477,450942,33965
10478,Soft,478,451960,34037
10479,Soft,479,452980,34110
10480,Soft,480,454000,34182
10481,Soft,481,455017,34255
10482,Soft,482,456037,34327
10483,Soft,483,475565,35717
10484,Soft,484,476667,35796
10485,Soft,485,477772,35874
10486,Soft,486,478877,35953
10487,Soft,487,479980,36031
10488,Soft,488,481085,36110
10489,Soft,489,482187,36188
10490,Soft,490,483352,36278
10491,Soft,491,484457,36357
10492,Soft,492,485560,36435
10493,Soft,493,486665,36514
10494,Soft,494,487767,36592
10495,Soft,495,488872,36671
10496,Soft,496,489977,36750
10497,Soft,497,491080,36828
10498,Soft,498,492185,36907
10499,Soft,499,493287,36985
10500,Soft,500,494392,37064
10501,Soft,501,495495,37142
10502,Soft,502,496600,37221
10503,Soft,503,518152,38754
10504,Soft,504,519257,38833
10505,Soft,505,520360,38911
10506,Soft,506,521465,38990
10507,Soft,507,522570,39068
10508,Soft,508,523672,39147
10509,Soft,509,524777,39226
10510,Soft,510,525880,39304
10511,Soft,511,526985,39383
10512,Soft,512,528090,39461
10513,Soft,513,529192,39540
10514,Soft,514,530357,39630
10515,Soft,515,531460,39708
10516,Soft,516,532565,39787
10517,Soft,517,533667,39865
10518,Soft,518,534772,39944
10519,Soft,519,535877,40022
10520,Soft,520,536980,40101
10521,Soft,521,538085,40179
10522,Soft,522,539187,40258
10523,Soft,523,562867,41943
10524,Soft,524,564057,42027
10525,Soft,525,565247,42112
10526,Soft,526,566435,42196
10527,Soft,527,567625,42281
10528,Soft,528,568812,42365
10529,Soft,529,570002,42450
10530,Soft,530,571190,42535
10531,Soft,531,572380,42619
10532,Soft,532,573570,42704
10533,Soft,533,574757,42788
10534,Soft,534,575947,42873
10535,Soft,535,577135,42958
10536,Soft,536,578325,43042
10537,Soft,537,579512,43127
10538,Soft,538,580702,43211
10539,Soft,539,581890,43296
10540,Soft,540,583080,43381
10541,Soft,541,584330,43477
10542,Soft,542,585517,43561
10543,Soft,543,611507,45411
10544,Soft,544,612697,45496
10545,Soft,545,613885,45580
10546,Soft,546,615075,45665
10547,Soft,547,616262,45750
10548,Soft,548,617452,45834
10549,Soft,549,618640,45919
10550,Soft,550,619830,46003
10551,Soft,551,621020,46088
10552,Soft,552,622207,46172
10553,Soft,553,623397,46257
10554,Soft,554,624585,46342
10555,Soft,555,625775,46426
10556,Soft,556,626962,46511
10557,Soft,557,628152,46595
10558,Soft,558,629340,46680
10559,Soft,559,630530,46765
10560,Soft,560,631720,46849
10561,Soft,561,632907,46934
10562,Soft,562,634097,47018
10563,Soft,563,662515,49041
10564,Soft,564,663790,49132
10565,Soft,565,665062,49222
10566,Soft,566,666337,49313
10567,Soft,567,667610,49404
10568,Soft,568,668885,49494
10569,Soft,569,670157,49585
10570,Soft,570,671432,49676
10571,Soft,571,672705,49766
10572,Soft,572,674040,49868
10573,Soft,573,675312,49959
10574,Soft,574,676587,50050
10575,Soft,575,677862,50140
10576,Soft,576,679135,50231
10577,Soft,577,680410,50321
10578,Soft,578,681682,50412
10579,Soft,579,682957,50503
10580,Soft,580,684230,50593
10581,Soft,581,685505,50684
10582,Soft,582,686777,50775
10583,Soft,583,717830,52985
10584,Soft,584,719102,53075
10585,Soft,585,720377,53166
10586,Soft,586,721650,53257
10587,Soft,587,722925,53347
10588,Soft,588,724197,53438
10589,Soft,589,725472,53529
10590,Soft,590,726745,53619
10591,Soft,591,728020,53710
10592,Soft,592,729292,53800
10593,Soft,593,730567,53891
10594,Soft,594,731840,53982
10595,Soft,595,733115,54072
10596,Soft,596,734390,54163
10597,Soft,597,735662,54254
10598,Soft,598,736937,54344
10599,Soft,599,738210,54435
10600,Soft,600,739485,54525
20001,Medium,1,2580,100
20002,Medium,2,2580,100
20003,Medium,3,2580,100
20004,Medium,4,2580,100
20005,Medium,5,2580,100
20006,Medium,6,2710,105
20007,Medium,7,2970,115
20008,Medium,8,3220,125
20009,Medium,9,3350,130
20010,Medium,10,3480,135
20011,Medium,11,3610,140
20012,Medium,12,4310,165
20013,Medium,13,5170,175
20014,Medium,14,5300,180
20015,Medium,15,5430,185
20016,Medium,16,5560,190
20017,Medium,17,5690,195
20018,Medium,18,5820,200
20019,Medium,19,5960,205
20020,Medium,20,6090,210
20021,Medium,21,6220,215
20022,Medium,22,6350,220
20023,Medium,23,7240,230
20024,Medium,24,7370,235
20025,Medium,25,7510,240
20026,Medium,26,7640,245
20027,Medium,27,7770,250
20028,Medium,28,8090,261
20029,Medium,29,8220,266
20030,Medium,30,8360,271
20031,Medium,31,8490,276
20032,Medium,32,8620,281
20033,Medium,33,8760,286
20034,Medium,34,8890,291
20035,Medium,35,9030,296
20036,Medium,36,9160,301
20037,Medium,37,9300,306
20038,Medium,38,9430,311
20039,Medium,39,9560,316
20040,Medium,40,9700,321
20041,Medium,41,10080,326
20042,Medium,42,10360,336
20043,Medium,43,10780,429
20044,Medium,44,11060,439
20045,Medium,45,11330,449
20046,Medium,46,11850,467
20047,Medium,47,12120,477
20048,Medium,48,12400,487
20049,Medium,49,12670,497
20050,Medium,50,12950,507
20051,Medium,51,13330,521
20052,Medium,52,13610,531
20053,Medium,53,14250,541
20054,Medium,54,14560,551
20055,Medium,55,14870,561
20056,Medium,56,15300,574
20057,Medium,57,15610,584
20058,Medium,58,17470,594
20059,Medium,59,17800,604
20060,Medium,60,18140,614
20061,Medium,61,18600,628
20062,Medium,62,19150,644
20063,Medium,63,20010,670
20064,Medium,64,20350,680
20065,Medium,65,20690,690
20066,Medium,66,21030,700
20067,Medium,67,21720,721
20068,Medium,68,22060,731
20069,Medium,69,22400,741
20070,Medium,70,22730,751
20071,Medium,71,23070,761
20072,Medium,72,23620,777
20073,Medium,73,23960,787
20074,Medium,74,24290,797
20075,Medium,75,24630,807
20076,Medium,76,24970,817
20077,Medium,77,25310,827
20078,Medium,78,25860,843
20079,Medium,79,26190,853
20080,Medium,80,26530,863
20081,Medium,81,26870,873
20082,Medium,82,27440,890
20083,Medium,83,29860,961
20084,Medium,84,30580,983
20085,Medium,85,31100,998
20086,Medium,86,31620,1013
20087,Medium,87,32130,1028
20088,Medium,88,32650,1044
20089,Medium,89,33170,1059
20090,Medium,90,33680,1074
20091,Medium,91,34780,1108
20092,Medium,92,35550,1130
20093,Medium,93,36070,1145
20094,Medium,94,36590,1161
20095,Medium,95,37100,1176
20096,Medium,96,37970,1213
20097,Medium,97,38480,1228
20098,Medium,98,39260,1252
20099,Medium,99,39900,1277
20100,Medium,100,40420,1292
20101,Medium,101,40940,1308
20102,Medium,102,41930,1343
20103,Medium,103,59460,2568
20104,Medium,104,46060,1484
20105,Medium,105,46860,1507
20106,Medium,106,47510,1533
20107,Medium,107,48370,1558
20108,Medium,108,49180,1583
20109,Medium,109,49830,1609
20110,Medium,110,50360,1624
20111,Medium,111,50890,1640
20112,Medium,112,51540,1665
20113,Medium,113,52410,1691
20114,Medium,114,52940,1707
20115,Medium,115,53590,1732
20116,Medium,116,54730,1748
20117,Medium,117,55270,1763
20118,Medium,118,56060,1812
20119,Medium,119,57570,1857
20120,Medium,120,58400,1880
20121,Medium,121,59060,1906
20122,Medium,122,59600,1921
20123,Medium,123,75250,3023
20124,Medium,124,77650,3093
20125,Medium,125,78980,3133
20126,Medium,126,67640,2182
20127,Medium,127,68490,2213
20128,Medium,128,69340,2244
20129,Medium,129,70190,2275
20130,Medium,130,71230,2306
20131,Medium,131,72080,2337
20132,Medium,132,73870,2411
20133,Medium,133,74720,2442
20134,Medium,134,75570,2473
20135,Medium,135,76420,2505
20136,Medium,136,77610,2545
20137,Medium,137,78330,2566
20138,Medium,138,80110,2625
20139,Medium,139,80970,2656
20140,Medium,140,81820,2688
20141,Medium,141,82670,2719
20142,Medium,142,83390,2740
20143,Medium,143,95390,2908
20144,Medium,144,96320,2940
20145,Medium,145,98270,3017
20146,Medium,146,99060,3038
20147,Medium,147,100000,3070
20148,Medium,148,100930,3102
20149,Medium,149,101720,3124
20150,Medium,150,103040,3166
20151,Medium,151,103970,3198
20152,Medium,152,109730,3354
20153,Medium,153,111050,3396
20154,Medium,154,111980,3428
20155,Medium,155,112780,3449
20156,Medium,156,113710,3481
20157,Medium,157,114650,3513
20158,Medium,158,117310,3586
20159,Medium,159,118250,3618
20160,Medium,160,119040,3661
20161,Medium,161,120370,3703
20162,Medium,162,121160,3724
20163,Medium,163,135980,4593
20164,Medium,164,140850,4740
20165,Medium,165,141860,4768
20166,Medium,166,142870,4795
20167,Medium,167,134270,4106
20168,Medium,168,135420,4144
20169,Medium,169,136850,4182
20170,Medium,170,138000,4220
20171,Medium,171,140490,4288
20172,Medium,172,141640,4326
20173,Medium,173,143070,4365
20174,Medium,174,144220,4403
20175,Medium,175,145230,4430
20176,Medium,176,146390,4468
20177,Medium,177,150450,4536
20178,Medium,178,151610,4574
20179,Medium,179,153050,4636
20180,Medium,180,154210,4674
20181,Medium,181,155240,4702
20182,Medium,182,156260,4729
20183,Medium,183,171290,5544
20184,Medium,184,173810,5612
20185,Medium,185,177790,5734
20186,Medium,186,178830,5762
20187,Medium,187,179870,5790
20188,Medium,188,180910,5818
20189,Medium,189,173980,5233
20190,Medium,190,175170,5272
20191,Medium,191,180440,5415
20192,Medium,192,181630,5453
20193,Medium,193,183100,5493
20194,Medium,194,184140,5521
20195,Medium,195,185330,5560
20196,Medium,196,186370,5588
20197,Medium,197,188000,5638
20198,Medium,198,191840,5742
20199,Medium,199,192880,5770
20200,Medium,200,194070,5808
20201,Medium,201,195110,5837
20202,Medium,202,196610,5876
20203,Medium,203,204070,6112
20204,Medium,204,205320,6145
20205,Medium,205,206720,6190
20206,Medium,206,214740,6422
20207,Medium,207,216010,6456
20208,Medium,208,217430,6501
20209,Medium,209,218710,6536
20210,Medium,210,220440,6582
20211,Medium,211,221870,6627
20212,Medium,212,223140,6661
20213,Medium,213,224410,6696
20214,Medium,214,228640,6815
20215,Medium,215,230380,6862
20216,Medium,216,231650,6897
20217,Medium,217,232920,6931
20218,Medium,218,234350,6976
20219,Medium,219,235620,7010
20220,Medium,220,237520,7067
20221,Medium,221,238790,7102
20222,Medium,222,243470,7235
20223,Medium,223,256840,7479
20224,Medium,224,258290,7524
20225,Medium,225,260210,7614
20226,Medium,226,261510,7649
20227,Medium,227,267140,7814
20228,Medium,228,268460,7849
20229,Medium,229,270260,7896
20230,Medium,230,274580,8017
20231,Medium,231,275900,8052
20232,Medium,232,277870,8111
20233,Medium,233,279190,8146
20234,Medium,234,280670,8192
20235,Medium,235,281990,8227
20236,Medium,236,283950,8286
20237,Medium,237,285270,8321
20238,Medium,238,286590,8356
20239,Medium,239,296560,8627
20240,Medium,240,297880,8662
20241,Medium,241,299360,8708
20242,Medium,242,300680,8743
20243,Medium,243,311770,9037
20244,Medium,244,318750,9089
20245,Medium,245,320320,9130
20246,Medium,246,322040,9217
20247,Medium,247,323600,9257
20248,Medium,248,335580,9620
20249,Medium,249,337330,9673
20250,Medium,250,338920,9715
20251,Medium,251,340520,9756
20252,Medium,252,342270,9856
20253,Medium,253,343870,9898
20254,Medium,254,345460,9939
20255,Medium,255,352970,9992
20256,Medium,256,354590,10033
20257,Medium,257,356210,10129
20258,Medium,258,363290,10311
20259,Medium,259,365080,10364
20260,Medium,260,366700,10405
20261,Medium,261,368320,10447
20262,Medium,262,370100,10562
20263,Medium,263,383890,10916
20264,Medium,264,385510,10958
20265,Medium,265,387130,10999
20266,Medium,266,388920,11052
20267,Medium,267,407710,11233
20268,Medium,268,409380,11274
20269,Medium,269,417340,11563
20270,Medium,270,419040,11605
20271,Medium,271,420740,11647
20272,Medium,272,422440,11690
20273,Medium,273,424300,11743
20274,Medium,274,426000,11786
20275,Medium,275,427700,11828
20276,Medium,276,429400,11870
20277,Medium,277,436890,12147
20278,Medium,278,438590,12189
20279,Medium,279,440280,12232
20280,Medium,280,441980,12274
20281,Medium,281,443680,12316
20282,Medium,282,445550,12370
20283,Medium,283,462340,12788
20284,Medium,284,464280,12837
20285,Medium,285,473610,12885
20286,Medium,286,475750,12945
20287,Medium,287,483440,13227
20288,Medium,288,485410,13275
20289,Medium,289,487380,13324
20290,Medium,290,489350,13372
20291,Medium,291,491490,13432
20292,Medium,292,493460,13480
20293,Medium,293,495440,13528
20294,Medium,294,497410,13577
20295,Medium,295,534430,13625
20296,Medium,296,536720,13685
20297,Medium,297,556080,14127
20298,Medium,298,558190,14175
20299,Medium,299,560300,14333
20300,Medium,300,562400,14381
20301,Medium,301,564700,14441
20302,Medium,302,566810,14489
20303,Medium,303,587980,14975
20304,Medium,304,590090,15023
20305,Medium,305,592200,15072
20306,Medium,306,594310,15120
20307,Medium,307,608420,15180
20308,Medium,308,610570,15228
20309,Medium,309,624320,15536
20310,Medium,310,626470,15585
20311,Medium,311,628620,15633
20312,Medium,312,630770,15681
20313,Medium,313,633110,15741
20314,Medium,314,640740,15789
20315,Medium,315,642910,15838
20316,Medium,316,645080,16012
20317,Medium,317,647250,16060
20318,Medium,318,649420,16109
20319,Medium,319,651590,16157
20320,Medium,320,708230,16217
20321,Medium,321,710580,16265
20322,Medium,322,725620,16574
20323,Medium,323,752610,17129
20324,Medium,324,755250,17184
20325,Medium,325,757900,17238
20326,Medium,326,760540,17293
20327,Medium,327,763390,17358
20328,Medium,328,766030,17413
20329,Medium,329,768680,17467
20330,Medium,330,771320,17521
20331,Medium,331,773960,17576
20332,Medium,332,804210,17630
20333,Medium,333,806950,17685
20334,Medium,334,823020,18010
20335,Medium,335,825760,18065
20336,Medium,336,845280,18119
20337,Medium,337,848080,18173
20338,Medium,338,850870,18373
20339,Medium,339,853660,18427
20340,Medium,340,856460,18482
20341,Medium,341,859250,18536
20342,Medium,342,862260,18602
20343,Medium,343,894870,19236
20344,Medium,344,897660,19291
20345,Medium,345,985740,19345
20346,Medium,346,988790,19399
20347,Medium,347,1006520,19712
20348,Medium,348,1009580,19767
20349,Medium,349,1012640,19821
20350,Medium,350,1015940,19887
20351,Medium,351,1018990,19941
20352,Medium,352,1022050,19996
20353,Medium,353,1025110,20050
20354,Medium,354,1028160,20104
20355,Medium,355,1031220,20159
20356,Medium,356,1034280,20213
20357,Medium,357,1037340,20268
20358,Medium,358,1040390,20322
20359,Medium,359,1058360,20648
20360,Medium,360,1061420,20702
20361,Medium,361,1064480,20756
20362,Medium,362,1067530,20811
20363,Medium,363,1107920,21529
20364,Medium,364,1111320,21589
20365,Medium,365,1114720,21649
20366,Medium,366,1118110,21710
20367,Medium,367,1121510,21770
20368,Medium,368,1124910,21831
20369,Medium,369,1128540,21903
20370,Medium,370,1131940,21963
20371,Medium,371,1135340,22023
20372,Medium,372,1138730,22084
20373,Medium,373,1142130,22144
20374,Medium,374,1145530,22205
20375,Medium,375,1148920,22265
20376,Medium,376,1152320,22326
20377,Medium,377,1155720,22386
20378,Medium,378,1159120,22446
20379,Medium,379,1162510,22507
20380,Medium,380,1166150,22579
20381,Medium,381,1169550,22639
20382,Medium,382,1172940,22699
20383,Medium,383,1218560,23511
20384,Medium,384,1221960,23572
20385,Medium,385,1225360,23632
20386,Medium,386,1228750,23693
20387,Medium,387,1232150,23753
20388,Medium,388,1235550,23814
20389,Medium,389,1238940,23874
20390,Medium,390,1242340,23934
20391,Medium,391,1245740,23995
20392,Medium,392,1249370,24067
20393,Medium,393,1252770,24127
20394,Medium,394,1256170,24187
20395,Medium,395,1259560,24248
20396,Medium,396,1262960,24308
20397,Medium,397,1266360,24369
20398,Medium,398,1269760,24429
20399,Medium,399,1273150,24490
20400,Medium,400,1276550,24550
20401,Medium,401,1279950,24610
20402,Medium,402,1283340,24671
20403,Medium,403,1334470,25581
20404,Medium,404,1338440,25659
20405,Medium,405,1342180,25725
20406,Medium,406,1345910,25792
20407,Medium,407,1349650,25858
20408,Medium,408,1353390,25924
20409,Medium,409,1357120,25991
20410,Medium,410,1360860,26057
20411,Medium,411,1364600,26124
20412,Medium,412,1368330,26190
20413,Medium,413,1372070,26257
20414,Medium,414,1375810,26323
20415,Medium,415,1379540,26390
20416,Medium,416,1383280,26456
20417,Medium,417,1387020,26523
20418,Medium,418,1390990,26601
20419,Medium,419,1394730,26667
20420,Medium,420,1398470,26733
20421,Medium,421,1402200,26800
20422,Medium,422,1405940,26866
20423,Medium,423,1463180,27885
20424,Medium,424,1466910,27951
20425,Medium,425,1470650,28018
20426,Medium,426,1474390,28084
20427,Medium,427,1478120,28151
20428,Medium,428,1481860,28217
20429,Medium,429,1485600,28284
20430,Medium,430,1489330,28350
20431,Medium,431,1493070,28417
20432,Medium,432,1496800,28483
20433,Medium,433,1500540,28550
20434,Medium,434,1504520,28628
20435,Medium,435,1508250,28694
20436,Medium,436,1511990,28760
20437,Medium,437,1515730,28827
20438,Medium,438,1519460,28893
20439,Medium,439,1523200,28960
20440,Medium,440,1526940,29026
20441,Medium,441,1530670,29093
20442,Medium,442,1534410,29159
20443,Medium,443,1598070,30291
20444,Medium,444,1602140,30364
20445,Medium,445,1606220,30436
20446,Medium,446,1610300,30509
20447,Medium,447,1614370,30581
20448,Medium,448,1618450,30654
20449,Medium,449,1622520,30727
20450,Medium,450,1626600,30799
20451,Medium,451,1630920,30883
20452,Medium,452,1634990,30955
20453,Medium,453,1639070,31028
20454,Medium,454,1643150,31100
20455,Medium,455,1647220,31173
20456,Medium,456,1651300,31245
20457,Medium,457,1655370,31318
20458,Medium,458,1659450,31390
20459,Medium,459,1663530,31463
20460,Medium,460,1667600,31535
20461,Medium,461,1671680,31608
20462,Medium,462,1675760,31680
20463,Medium,463,1746460,32938
20464,Medium,464,1750540,33011
20465,Medium,465,1754610,33083
20466,Medium,466,1758690,33156
20467,Medium,467,1762760,33228
20468,Medium,468,1766840,33301
20469,Medium,469,1771160,33385
20470,Medium,470,1775230,33457
20471,Medium,471,1779310,33530
20472,Medium,472,1783390,33602
20473,Medium,473,1787460,33675
20474,Medium,474,1791540,33747
20475,Medium,475,1795610,33820
20476,Medium,476,1799690,33892
20477,Medium,477,1803770,33965
20478,Medium,478,1807840,34037
20479,Medium,479,1811920,34110
20480,Medium,480,1816000,34182
20481,Medium,481,1820070,34255
20482,Medium,482,1824150,34327
20483,Medium,483,1902260,35717
20484,Medium,484,1906670,35796
20485,Medium,485,1911090,35874
20486,Medium,486,1915510,35953
20487,Medium,487,1919920,36031
20488,Medium,488,1924340,36110
20489,Medium,489,1928750,36188
20490,Medium,490,1933410,36278
20491,Medium,491,1937830,36357
20492,Medium,492,1942240,36435
20493,Medium,493,1946660,36514
20494,Medium,494,1951070,36592
20495,Medium,495,1955490,36671
20496,Medium,496,1959910,36750
20497,Medium,497,1964320,36828
20498,Medium,498,1968740,36907
20499,Medium,499,1973150,36985
20500,Medium,500,1977570,37064
20501,Medium,501,1981980,37142
20502,Medium,502,1986400,37221
20503,Medium,503,2072610,38754
20504,Medium,504,2077030,38833
20505,Medium,505,2081440,38911
20506,Medium,506,2085860,38990
20507,Medium,507,2090280,39068
20508,Medium,508,2094690,39147
20509,Medium,509,2099110,39226
20510,Medium,510,2103520,39304
20511,Medium,511,2107940,39383
20512,Medium,512,2112360,39461
20513,Medium,513,2116770,39540
20514,Medium,514,2121430,39630
20515,Medium,515,2125840,39708
20516,Medium,516,2130260,39787
20517,Medium,517,2134670,39865
20518,Medium,518,2139090,39944
20519,Medium,519,2143510,40022
20520,Medium,520,2147920,40101
20521,Medium,521,2152340,40179
20522,Medium,522,2156750,40258
20523,Medium,523,2251470,41943
20524,Medium,524,2256230,42027
20525,Medium,525,2260990,42112
20526,Medium,526,2265740,42196
20527,Medium,527,2270500,42281
20528,Medium,528,2275250,42365
20529,Medium,529,2280010,42450
20530,Medium,530,2284760,42535
20531,Medium,531,2289520,42619
20532,Medium,532,2294280,42704
20533,Medium,533,2299030,42788
20534,Medium,534,2303790,42873
20535,Medium,535,2308540,42958
20536,Medium,536,2313300,43042
20537,Medium,537,2318050,43127
20538,Medium,538,2322810,43211
20539,Medium,539,2327560,43296
20540,Medium,540,2332320,43381
20541,Medium,541,2337320,43477
20542,Medium,542,2342070,43561
20543,Medium,543,2446030,45411
20544,Medium,544,2450790,45496
20545,Medium,545,2455540,45580
20546,Medium,546,2460300,45665
20547,Medium,547,2465050,45750
20548,Medium,548,2469810,45834
20549,Medium,549,2474560,45919
20550,Medium,550,2479320,46003
20551,Medium,551,2484080,46088
20552,Medium,552,2488830,46172
20553,Medium,553,2493590,46257
20554,Medium,554,2498340,46342
20555,Medium,555,2503100,46426
20556,Medium,556,2507850,46511
20557,Medium,557,2512610,46595
20558,Medium,558,2517360,46680
20559,Medium,559,2522120,46765
20560,Medium,560,2526880,46849
20561,Medium,561,2531630,46934
20562,Medium,562,2536390,47018
20563,Medium,563,2650060,49041
20564,Medium,564,2655160,49132
20565,Medium,565,2660250,49222
20566,Medium,566,2665350,49313
20567,Medium,567,2670440,49404
20568,Medium,568,2675540,49494
20569,Medium,569,2680630,49585
20570,Medium,570,2685730,49676
20571,Medium,571,2690820,49766
20572,Medium,572,2696160,49868
20573,Medium,573,2701250,49959
20574,Medium,574,2706350,50050
20575,Medium,575,2711450,50140
20576,Medium,576,2716540,50231
20577,Medium,577,2721640,50321
20578,Medium,578,2726730,50412
20579,Medium,579,2731830,50503
20580,Medium,580,2736920,50593
20581,Medium,581,2742020,50684
20582,Medium,582,2747110,50775
20583,Medium,583,2871320,52985
20584,Medium,584,2876410,53075
20585,Medium,585,2881510,53166
20586,Medium,586,2886600,53257
20587,Medium,587,2891700,53347
20588,Medium,588,2896790,53438
20589,Medium,589,2901890,53529
20590,Medium,590,2906980,53619
20591,Medium,591,2912080,53710
20592,Medium,592,2917170,53800
20593,Medium,593,2922270,53891
20594,Medium,594,2927360,53982
20595,Medium,595,2932460,54072
20596,Medium,596,2937560,54163
20597,Medium,597,2942650,54254
20598,Medium,598,2947750,54344
20599,Medium,599,2952840,54435
20600,Medium,600,2957940,54525
30001,Hard,1,6450,100
30002,Hard,2,6450,100
30003,Hard,3,6450,100
30004,Hard,4,6450,100
30005,Hard,5,6450,100
30006,Hard,6,6775,105
30007,Hard,7,7425,115
30008,Hard,8,8050,125
30009,Hard,9,8375,130
30010,Hard,10,8700,135
30011,Hard,11,9025,140
30012,Hard,12,10775,165
30013,Hard,13,12925,175
30014,Hard,14,13250,180
30015,Hard,15,13575,185
30016,Hard,16,13900,190
30017,Hard,17,14225,195
30018,Hard,18,14550,200
30019,Hard,19,14900,205
30020,Hard,20,15225,210
30021,Hard,21,15550,215
30022,Hard,22,15875,220
30023,Hard,23,18100,230
30024,Hard,24,18425,235
30025,Hard,25,18775,240
30026,Hard,26,19100,245
30027,Hard,27,19425,250
30028,Hard,28,20225,261
30029,Hard,29,20550,266
30030,Hard,30,20900,271
30031,Hard,31,21225,276
30032,Hard,32,21550,281
30033,Hard,33,21900,286
30034,Hard,34,22225,291
30035,Hard,35,22575,296
30036,Hard,36,22900,301
30037,Hard,37,23250,306
30038,Hard,38,23575,311
30039,Hard,39,23900,316
30040,Hard,40,24250,321
30041,Hard,41,25200,326
30042,Hard,42,25900,336
30043,Hard,43,26950,429
30044,Hard,44,27650,439
30045,Hard,45,28325,449
30046,Hard,46,29625,467
30047,Hard,47,30300,477
30048,Hard,48,31000,487
30049,Hard,49,31675,497
30050,Hard,50,32375,507
30051,Hard,51,33325,521
30052,Hard,52,34025,531
30053,Hard,53,35625,541
30054,Hard,54,36400,551
30055,Hard,55,37175,561
30056,Hard,56,38250,574
30057,Hard,57,39025,584
30058,Hard,58,43675,594
30059,Hard,59,44500,604
30060,Hard,60,45350,614
30061,Hard,61,46500,628
30062,Hard,62,47875,644
30063,Hard,63,50025,670
30064,Hard,64,50875,680
30065,Hard,65,51725,690
30066,Hard,66,52575,700
30067,Hard,67,54300,721
30068,Hard,68,55150,731
30069,Hard,69,56000,741
30070,Hard,70,56825,751
30071,Hard,71,57675,761
30072,Hard,72,59050,777
30073,Hard,73,59900,787
30074,Hard,74,60725,797
30075,Hard,75,61575,807
30076,Hard,76,62425,817
30077,Hard,77,63275,827
30078,Hard,78,64650,843
30079,Hard,79,65475,853
30080,Hard,80,66325,863
30081,Hard,81,67175,873
30082,Hard,82,68600,890
30083,Hard,83,74650,961
30084,Hard,84,76450,983
30085,Hard,85,77750,998
30086,Hard,86,79050,1013
30087,Hard,87,80325,1028
30088,Hard,88,81625,1044
30089,Hard,89,82925,1059
30090,Hard,90,84200,1074
30091,Hard,91,86950,1108
30092,Hard,92,88875,1130
30093,Hard,93,90175,1145
30094,Hard,94,91475,1161
30095,Hard,95,92750,1176
30096,Hard,96,94925,1213
30097,Hard,97,96200,1228
30098,Hard,98,98150,1252
30099,Hard,99,99750,1277
30100,Hard,100,101050,1292
30101,Hard,101,102350,1308
30102,Hard,102,104825,1343
30103,Hard,103,148650,2568
30104,Hard,104,115150,1484
30105,Hard,105,117150,1507
30106,Hard,106,118775,1533
30107,Hard,107,120925,1558
30108,Hard,108,122950,1583
30109,Hard,109,124575,1609
30110,Hard,110,125900,1624
30111,Hard,111,127225,1640
30112,Hard,112,128850,1665
30113,Hard,113,131025,1691
30114,Hard,114,132350,1707
30115,Hard,115,133975,1732
30116,Hard,116,136825,1748
30117,Hard,117,138175,1763
30118,Hard,118,140150,1812
30119,Hard,119,143925,1857
30120,Hard,120,146000,1880
30121,Hard,121,147650,1906
30122,Hard,122,149000,1921
30123,Hard,123,188125,3023
30124,Hard,124,194125,3093
30125,Hard,125,197450,3133
30126,Hard,126,169100,2182
30127,Hard,127,171225,2213
30128,Hard,128,173350,2244
30129,Hard,129,175475,2275
30130,Hard,130,178075,2306
30131,Hard,131,180200,2337
30132,Hard,132,184675,2411
30133,Hard,133,186800,2442
30134,Hard,134,188925,2473
30135,Hard,135,191050,2505
30136,Hard,136,194025,2545
30137,Hard,137,195825,2566
30138,Hard,138,200275,2625
30139,Hard,139,202425,2656
30140,Hard,140,204550,2688
30141,Hard,141,206675,2719
30142,Hard,142,208475,2740
30143,Hard,143,238475,2908
30144,Hard,144,240800,2940
30145,Hard,145,245675,3017
30146,Hard,146,247650,3038
30147,Hard,147,250000,3070
30148,Hard,148,252325,3102
30149,Hard,149,254300,3124
30150,Hard,150,257600,3166
30151,Hard,151,259925,3198
30152,Hard,152,274325,3354
30153,Hard,153,277625,3396
30154,Hard,154,279950,3428
30155,Hard,155,281950,3449
30156,Hard,156,284275,3481
30157,Hard,157,286625,3513
30158,Hard,158,293275,3586
30159,Hard,159,295625,3618
30160,Hard,160,297600,3661
30161,Hard,161,300925,3703
30162,Hard,162,302900,3724
30163,Hard,163,339950,4593
30164,Hard,164,352125,4740
30165,Hard,165,354650,4768
30166,Hard,166,357175,4795
30167,Hard,167,335675,4106
30168,Hard,168,338550,4144
30169,Hard,169,342125,4182
30170,Hard,170,345000,4220
30171,Hard,171,351225,4288
30172,Hard,172,354100,4326
30173,Hard,173,357675,4365
30174,Hard,174,360550,4403
30175,Hard,175,363075,4430
30176,Hard,176,365975,4468
30177,Hard,177,376125,4536
30178,Hard,178,379025,4574
30179,Hard,179,382625,4636
30180,Hard,180,385525,4674
30181,Hard,181,388100,4702
30182,Hard,182,390650,4729
30183,Hard,183,428225,5544
30184,Hard,184,434525,5612
30185,Hard,185,444475,5734
30186,Hard,186,447075,5762
30187,Hard,187,449675,5790
30188,Hard,188,452275,5818
30189,Hard,189,434950,5233
30190,Hard,190,437925,5272
30191,Hard,191,451100,5415
30192,Hard,192,454075,5453
30193,Hard,193,457750,5493
30194,Hard,194,460350,5521
30195,Hard,195,463325,5560
30196,Hard,196,465925,5588
30197,Hard,197,470000,5638
30198,Hard,198,479600,5742
30199,Hard,199,482200,5770
30200,Hard,200,485175,5808
30201,Hard,201,487775,5837
30202,Hard,202,491525,5876
30203,Hard,203,510175,6112
30204,Hard,204,513300,6145
30205,Hard,205,516800,6190
30206,Hard,206,536850,6422
30207,Hard,207,540025,6456
30208,Hard,208,543575,6501
30209,Hard,209,546775,6536
30210,Hard,210,551100,6582
30211,Hard,211,554675,6627
30212,Hard,212,557850,6661
30213,Hard,213,561025,6696
30214,Hard,214,571600,6815
30215,Hard,215,575950,6862
30216,Hard,216,579125,6897
30217,Hard,217,582300,6931
30218,Hard,218,585875,6976
30219,Hard,219,589050,7010
30220,Hard,220,593800,7067
30221,Hard,221,596975,7102
30222,Hard,222,608675,7235
30223,Hard,223,642100,7479
30224,Hard,224,645725,7524
30225,Hard,225,650525,7614
30226,Hard,226,653775,7649
30227,Hard,227,667850,7814
30228,Hard,228,671150,7849
30229,Hard,229,675650,7896
30230,Hard,230,686450,8017
30231,Hard,231,689750,8052
30232,Hard,232,694675,8111
30233,Hard,233,697975,8146
30234,Hard,234,701675,8192
30235,Hard,235,704975,8227
30236,Hard,236,709875,8286
30237,Hard,237,713175,8321
30238,Hard,238,716475,8356
30239,Hard,239,741400,8627
30240,Hard,240,744700,8662
30241,Hard,241,748400,8708
30242,Hard,242,751700,8743
30243,Hard,243,779425,9037
30244,Hard,244,796875,9089
30245,Hard,245,800800,9130
30246,Hard,246,805100,9217
30247,Hard,247,809000,9257
30248,Hard,248,838950,9620
30249,Hard,249,843325,9673
30250,Hard,250,847300,9715
30251,Hard,251,851300,9756
30252,Hard,252,855675,9856
30253,Hard,253,859675,9898
30254,Hard,254,863650,9939
30255,Hard,255,882425,9992
30256,Hard,256,886475,10033
30257,Hard,257,890525,10129
30258,Hard,258,908225,10311
30259,Hard,259,912700,10364
30260,Hard,260,916750,10405
30261,Hard,261,920800,10447
30262,Hard,262,925250,10562
30263,Hard,263,959725,10916
30264,Hard,264,963775,10958
30265,Hard,265,967825,10999
30266,Hard,266,972300,11052
30267,Hard,267,1019275,11233
30268,Hard,268,1023450,11274
30269,Hard,269,1043350,11563
30270,Hard,270,1047600,11605
30271,Hard,271,1051850,11647
30272,Hard,272,1056100,11690
30273,Hard,273,1060750,11743
30274,Hard,274,1065000,11786
30275,Hard,275,1069250,11828
30276,Hard,276,1073500,11870
30277,Hard,277,1092225,12147
30278,Hard,278,1096475,12189
30279,Hard,279,1100700,12232
30280,Hard,280,1104950,12274
30281,Hard,281,1109200,12316
30282,Hard,282,1113875,12370
30283,Hard,283,1155850,12788
30284,Hard,284,1160700,12837
30285,Hard,285,1184025,12885
30286,Hard,286,1189375,12945
30287,Hard,287,1208600,13227
30288,Hard,288,1213525,13275
30289,Hard,289,1218450,13324
30290,Hard,290,1223375,13372
30291,Hard,291,1228725,13432
30292,Hard,292,1233650,13480
30293,Hard,293,1238600,13528
30294,Hard,294,1243525,13577
30295,Hard,295,1336075,13625
30296,Hard,296,1341800,13685
30297,Hard,297,1390200,14127
30298,Hard,298,1395475,14175
30299,Hard,299,1400750,14333
30300,Hard,300,1406000,14381
30301,Hard,301,1411750,14441
30302,Hard,302,1417025,14489
30303,Hard,303,1469950,14975
30304,Hard,304,1475225,15023
30305,Hard,305,1480500,15072
30306,Hard,306,1485775,15120
30307,Hard,307,1521050,15180
30308,Hard,308,1526425,15228
30309,Hard,309,1560800,15536
30310,Hard,310,1566175,15585
30311,Hard,311,1571550,15633
30312,Hard,312,1576925,15681
30313,Hard,313,1582775,15741
30314,Hard,314,1601850,15789
30315,Hard,315,1607275,15838
30316,Hard,316,1612700,16012
30317,Hard,317,1618125,16060
30318,Hard,318,1623550,16109
30319,Hard,319,1628975,16157
30320,Hard,320,1770575,16217
30321,Hard,321,1776450,16265
30322,Hard,322,1814050,16574
30323,Hard,323,1881525,17129
30324,Hard,324,1888125,17184
30325,Hard,325,1894750,17238
30326,Hard,326,1901350,17293
30327,Hard,327,1908475,17358
30328,Hard,328,1915075,17413
30329,Hard,329,1921700,17467
30330,Hard,330,1928300,17521
30331,Hard,331,1934900,17576
30332,Hard,332,2010525,17630
30333,Hard,333,2017375,17685
30334,Hard,334,2057550,18010
30335,Hard,335,2064400,18065
30336,Hard,336,2113200,18119
30337,Hard,337,2120200,18173
30338,Hard,338,2127175,18373
30339,Hard,339,2134150,18427
30340,Hard,340,2141150,18482
30341,Hard,341,2148125,18536
30342,Hard,342,2155650,18602
30343,Hard,343,2237175,19236
30344,Hard,344,2244150,19291
30345,Hard,345,2464350,19345
30346,Hard,346,2471975,19399
30347,Hard,347,2516300,19712
30348,Hard,348,2523950,19767
30349,Hard,349,2531600,19821
30350,Hard,350,2539850,19887
30351,Hard,351,2547475,19941
30352,Hard,352,2555125,19996
30353,Hard,353,2562775,20050
30354,Hard,354,2570400,20104
30355,Hard,355,2578050,20159
30356,Hard,356,2585700,20213
30357,Hard,357,2593350,20268
30358,Hard,358,2600975,20322
30359,Hard,359,2645900,20648
30360,Hard,360,2653550,20702
30361,Hard,361,2661200,20756
30362,Hard,362,2668825,20811
30363,Hard,363,2769800,21529
30364,Hard,364,2778300,21589
30365,Hard,365,2786800,21649
30366,Hard,366,2795275,21710
30367,Hard,367,2803775,21770
30368,Hard,368,2812275,21831
30369,Hard,369,2821350,21903
30370,Hard,370,2829850,21963
30371,Hard,371,2838350,22023
30372,Hard,372,2846825,22084
30373,Hard,373,2855325,22144
30374,Hard,374,2863825,22205
30375,Hard,375,2872300,22265
30376,Hard,376,2880800,22326
30377,Hard,377,2889300,22386
30378,Hard,378,2897800,22446
30379,Hard,379,2906275,22507
30380,Hard,380,2915375,22579
30381,Hard,381,2923875,22639
30382,Hard,382,2932350,22699
30383,Hard,383,3046400,23511
30384,Hard,384,3054900,23572
30385,Hard,385,3063400,23632
30386,Hard,386,3071875,23693
30387,Hard,387,3080375,23753
30388,Hard,388,3088875,23814
30389,Hard,389,3097350,23874
30390,Hard,390,3105850,23934
30391,Hard,391,3114350,23995
30392,Hard,392,3123425,24067
30393,Hard,393,3131925,24127
30394,Hard,394,3140425,24187
30395,Hard,395,3148900,24248
30396,Hard,396,3157400,24308
30397,Hard,397,3165900,24369
30398,Hard,398,3174400,24429
30399,Hard,399,3182875,24490
30400,Hard,400,3191375,24550
30401,Hard,401,3199875,24610
30402,Hard,402,3208350,24671
30403,Hard,403,3336175,25581
30404,Hard,404,3346100,25659
30405,Hard,405,3355450,25725
30406,Hard,406,3364775,25792
30407,Hard,407,3374125,25858
30408,Hard,408,3383475,25924
30409,Hard,409,3392800,25991
30410,Hard,410,3402150,26057
30411,Hard,411,3411500,26124
30412,Hard,412,3420825,26190
30413,Hard,413,3430175,26257
30414,Hard,414,3439525,26323
30415,Hard,415,3448850,26390
30416,Hard,416,3458200,26456
30417,Hard,417,3467550,26523
30418,Hard,418,3477475,26601
30419,Hard,419,3486825,26667
30420,Hard,420,3496175,26733
30421,Hard,421,3505500,26800
30422,Hard,422,3514850,26866
30423,Hard,423,3657950,27885
30424,Hard,424,3667275,27951
30425,Hard,425,3676625,28018
30426,Hard,426,3685975,28084
30427,Hard,427,3695300,28151
30428,Hard,428,3704650,28217
30429,Hard,429,3714000,28284
30430,Hard,430,3723325,28350
30431,Hard,431,3732675,28417
30432,Hard,432,3742000,28483
30433,Hard,433,3751350,28550
30434,Hard,434,3761300,28628
30435,Hard,435,3770625,28694
30436,Hard,436,3779975,28760
30437,Hard,437,3789325,28827
30438,Hard,438,3798650,28893
30439,Hard,439,3808000,28960
30440,Hard,440,3817350,29026
30441,Hard,441,3826675,29093
30442,Hard,442,3836025,29159
30443,Hard,443,3995175,30291
30444,Hard,444,4005350,30364
30445,Hard,445,4015550,30436
30446,Hard,446,4025750,30509
30447,Hard,447,4035925,30581
30448,Hard,448,4046125,30654
30449,Hard,449,4056300,30727
30450,Hard,450,4066500,30799
30451,Hard,451,4077300,30883
30452,Hard,452,4087475,30955
30453,Hard,453,4097675,31028
30454,Hard,454,4107875,31100
30455,Hard,455,4118050,31173
30456,Hard,456,4128250,31245
30457,Hard,457,4138425,31318
30458,Hard,458,4148625,31390
30459,Hard,459,4158825,31463
30460,Hard,460,4169000,31535
30461,Hard,461,4179200,31608
30462,Hard,462,4189400,31680
30463,Hard,463,4366150,32938
30464,Hard,464,4376350,33011
30465,Hard,465,4386525,33083
30466,Hard,466,4396725,33156
30467,Hard,467,4406900,33228
30468,Hard,468,4417100,33301
30469,Hard,469,4427900,33385
30470,Hard,470,4438075,33457
30471,Hard,471,4448275,33530
30472,Hard,472,4458475,33602
30473,Hard,473,4468650,33675
30474,Hard,474,4478850,33747
30475,Hard,475,4489025,33820
30476,Hard,476,4499225,33892
30477,Hard,477,4509425,33965
30478,Hard,478,4519600,34037
30479,Hard,479,4529800,34110
30480,Hard,480,4540000,34182
30481,Hard,481,4550175,34255
30482,Hard,482,4560375,34327
30483,Hard,483,4755650,35717
30484,Hard,484,4766675,35796
30485,Hard,485,4777725,35874
30486,Hard,486,4788775,35953
30487,Hard,487,4799800,36031
30488,Hard,488,4810850,36110
30489,Hard,489,4821875,36188
30490,Hard,490,4833525,36278
30491,Hard,491,4844575,36357
30492,Hard,492,4855600,36435
30493,Hard,493,4866650,36514
30494,Hard,494,4877675,36592
30495,Hard,495,4888725,36671
30496,Hard,496,4899775,36750
30497,Hard,497,4910800,36828
30498,Hard,498,4921850,36907
30499,Hard,499,4932875,36985
30500,Hard,500,4943925,37064
30501,Hard,501,4954950,37142
30502,Hard,502,4966000,37221
30503,Hard,503,5181525,38754
30504,Hard,504,5192575,38833
30505,Hard,505,5203600,38911
30506,Hard,506,5214650,38990
30507,Hard,507,5225700,39068
30508,Hard,508,5236725,39147
30509,Hard,509,5247775,39226
30510,Hard,510,5258800,39304
30511,Hard,511,5269850,39383
30512,Hard,512,5280900,39461
30513,Hard,513,5291925,39540
30514,Hard,514,5303575,39630
30515,Hard,515,5314600,39708
30516,Hard,516,5325650,39787
30517,Hard,517,5336675,39865
30518,Hard,518,5347725,39944
30519,Hard,519,5358775,40022
30520,Hard,520,5369800,40101
30521,Hard,521,5380850,40179
30522,Hard,522,5391875,40258
30523,Hard,523,5628675,41943
30524,Hard,524,5640575,42027
30525,Hard,525,5652475,42112
30526,Hard,526,5664350,42196
30527,Hard,527,5676250,42281
30528,Hard,528,5688125,42365
30529,Hard,529,5700025,42450
30530,Hard,530,5711900,42535
30531,Hard,531,5723800,42619
30532,Hard,532,5735700,42704
30533,Hard,533,5747575,42788
30534,Hard,534,5759475,42873
30535,Hard,535,5771350,42958
30536,Hard,536,5783250,43042
30537,Hard,537,5795125,43127
30538,Hard,538,5807025,43211
30539,Hard,539,5818900,43296
30540,Hard,540,5830800,43381
30541,Hard,541,5843300,43477
30542,Hard,542,5855175,43561
30543,Hard,543,6115075,45411
30544,Hard,544,6126975,45496
30545,Hard,545,6138850,45580
30546,Hard,546,6150750,45665
30547,Hard,547,6162625,45750
30548,Hard,548,6174525,45834
30549,Hard,549,6186400,45919
30550,Hard,550,6198300,46003
30551,Hard,551,6210200,46088
30552,Hard,552,6222075,46172
30553,Hard,553,6233975,46257
30554,Hard,554,6245850,46342
30555,Hard,555,6257750,46426
30556,Hard,556,6269625,46511
30557,Hard,557,6281525,46595
30558,Hard,558,6293400,46680
30559,Hard,559,6305300,46765
30560,Hard,560,6317200,46849
30561,Hard,561,6329075,46934
30562,Hard,562,6340975,47018
30563,Hard,563,6625150,49041
30564,Hard,564,6637900,49132
30565,Hard,565,6650625,49222
30566,Hard,566,6663375,49313
30567,Hard,567,6676100,49404
30568,Hard,568,6688850,49494
30569,Hard,569,6701575,49585
30570,Hard,570,6714325,49676
30571,Hard,571,6727050,49766
30572,Hard,572,6740400,49868
30573,Hard,573,6753125,49959
30574,Hard,574,6765875,50050
30575,Hard,575,6778625,50140
30576,Hard,576,6791350,50231
30577,Hard,577,6804100,50321
30578,Hard,578,6816825,50412
30579,Hard,579,6829575,50503
30580,Hard,580,6842300,50593
30581,Hard,581,6855050,50684
30582,Hard,582,6867775,50775
30583,Hard,583,7178300,52985
30584,Hard,584,7191025,53075
30585,Hard,585,7203775,53166
30586,Hard,586,7216500,53257
30587,Hard,587,7229250,53347
30588,Hard,588,7241975,53438
30589,Hard,589,7254725,53529
30590,Hard,590,7267450,53619
30591,Hard,591,7280200,53710
30592,Hard,592,7292925,53800
30593,Hard,593,7305675,53891
30594,Hard,594,7318400,53982
30595,Hard,595,7331150,54072
30596,Hard,596,7343900,54163
30597,Hard,597,7356625,54254
30598,Hard,598,7369375,54344
30599,Hard,599,7382100,54435
30600,Hard,600,7394850,54525
10601,Soft,601,840840,52935
10602,Soft,602,842307,53026
10603,Soft,603,881320,55432
10604,Soft,604,882887,55529
10605,Soft,605,884455,55625
10606,Soft,606,886022,55722
10607,Soft,607,887660,55830
10608,Soft,608,889227,55927
10609,Soft,609,890795,56023
10610,Soft,610,892362,56120
10611,Soft,611,893930,56217
10612,Soft,612,895497,56313
10613,Soft,613,897065,56410
10614,Soft,614,898632,56507
10615,Soft,615,900200,56603
10616,Soft,616,901767,56700
10617,Soft,617,903335,56797
10618,Soft,618,904902,56893
10619,Soft,619,906470,56990
10620,Soft,620,908037,57087
10621,Soft,621,909605,57183
10622,Soft,622,911172,57280
10623,Soft,623,953622,59899
10624,Soft,624,955190,59995
10625,Soft,625,956757,60092
10626,Soft,626,958325,60189
10627,Soft,627,959892,60285
10628,Soft,628,961460,60382
10629,Soft,629,963027,60479
10630,Soft,630,964597,60575
10631,Soft,631,966165,60672
10632,Soft,632,967732,60769
10633,Soft,633,969300,60865
10634,Soft,634,970867,60962
10635,Soft,635,972435,61059
10636,Soft,636,974002,61155
10637,Soft,637,975570,61252
10638,Soft,638,977137,61349
10639,Soft,639,978705,61445
10640,Soft,640,980272,61542
10641,Soft,641,981840,61639
10642,Soft,642,983407,61735
10643,Soft,643,1029472,64576
10644,Soft,644,1031137,64679
10645,Soft,645,1032802,64782
10646,Soft,646,1034470,64884
10647,Soft,647,1036135,64987
10648,Soft,648,1037800,65090
10649,Soft,649,1039535,65204
10650,Soft,650,1041200,65307
10651,Soft,651,1042865,65409
10652,Soft,652,1044532,65512
10653,Soft,653,1046197,65615
10654,Soft,654,1047862,65718
10655,Soft,655,1049527,65820
10656,Soft,656,1051192,65923
10657,Soft,657,1052860,66026
10658,Soft,658,1054525,66128
10659,Soft,659,1056190,66231
10660,Soft,660,1057855,66334
10661,Soft,661,1059520,66437
10662,Soft,662,1061187,66539
10663,Soft,663,1111137,69620
10664,Soft,664,1112802,69722
10665,Soft,665,1114467,69825
10666,Soft,666,1116132,69928
10667,Soft,667,1117797,70030
10668,Soft,668,1119465,70133
10669,Soft,669,1121130,70236
10670,Soft,670,1122795,70339
10671,Soft,671,1124460,70441
10672,Soft,672,1126125,70544
10673,Soft,673,1127792,70647
10674,Soft,674,1129457,70749
10675,Soft,675,1131122,70852
10676,Soft,676,1132787,70955
10677,Soft,677,1134452,71058
10678,Soft,678,1136120,71160
10679,Soft,679,1137785,71263
10680,Soft,680,1139450,71366
10681,Soft,681,1141115,71468
10682,Soft,682,1142780,71571
10683,Soft,683,1196807,74904
10684,Soft,684,1198570,75013
10685,Soft,685,1200335,75121
10686,Soft,686,1202097,75230
10687,Soft,687,1203860,75339
10688,Soft,688,1205625,75448
10689,Soft,689,1207387,75556
10690,Soft,690,1209152,75665
10691,Soft,691,1210915,75774
10692,Soft,692,1212677,75883
10693,Soft,693,1214442,75991
10694,Soft,694,1216205,76100
10695,Soft,695,1217970,76209
10696,Soft,696,1219732,76318
10697,Soft,697,1221495,76426
10698,Soft,698,1223327,76547
10699,Soft,699,1225092,76655
10700,Soft,700,1226855,76764
10701,Soft,701,1228620,76873
10702,Soft,702,1230382,76982
10703,Soft,703,1288787,80584
10704,Soft,704,1290550,80693
10705,Soft,705,1292315,80801
10706,Soft,706,1294077,80910
10707,Soft,707,1295842,81019
10708,Soft,708,1297605,81128
10709,Soft,709,1299367,81236
10710,Soft,710,1301132,81345
10711,Soft,711,1302895,81454
10712,Soft,712,1304660,81563
10713,Soft,713,1306422,81671
10714,Soft,714,1308185,81780
10715,Soft,715,1309950,81889
10716,Soft,716,1311712,81998
10717,Soft,717,1313475,82106
10718,Soft,718,1315240,82215
10719,Soft,719,1317002,82324
10720,Soft,720,1318767,82433
10721,Soft,721,1320530,82541
10722,Soft,722,1322292,82650
10723,Soft,723,1385292,86536
10724,Soft,724,1387155,86651
10725,Soft,725,1389017,86766
10726,Soft,726,1390877,86881
10727,Soft,727,1392740,86996
10728,Soft,728,1394600,87110
10729,Soft,729,1396462,87225
10730,Soft,730,1398322,87340
10731,Soft,731,1400185,87455
10732,Soft,732,1402047,87570
10733,Soft,733,1403907,87684
10734,Soft,734,1405770,87799
10735,Soft,735,1407630,87914
10736,Soft,736,1409492,88029
10737,Soft,737,1411355,88144
10738,Soft,738,1413215,88258
10739,Soft,739,1415077,88373
10740,Soft,740,1416937,88488
10741,Soft,741,1418800,88603
10742,Soft,742,1420660,88718
10743,Soft,743,1488580,92907
10744,Soft,744,1490440,93022
10745,Soft,745,1492302,93137
10746,Soft,746,1494162,93252
10747,Soft,747,1496025,93366
10748,Soft,748,1497887,93481
10749,Soft,749,1499747,93596
10750,Soft,750,1501610,93711
10751,Soft,751,1503470,93825
10752,Soft,752,1505332,93940
10753,Soft,753,1507192,94055
10754,Soft,754,1509055,94170
10755,Soft,755,1510917,94285
10756,Soft,756,1512777,94399
10757,Soft,757,1514707,94526
10758,Soft,758,1516570,94640
10759,Soft,759,1518432,94755
10760,Soft,760,1520292,94870
10761,Soft,761,1522155,94985
10762,Soft,762,1524015,95100
10763,Soft,763,1597102,99607
10764,Soft,764,1599062,99728
10765,Soft,765,1601020,99849
10766,Soft,766,1602980,99970
10767,Soft,767,1604940,100090
10768,Soft,768,1606900,100211
10769,Soft,769,1608857,100332
10770,Soft,770,1610817,100453
10771,Soft,771,1612777,100574
10772,Soft,772,1614737,100695
10773,Soft,773,1616695,100815
10774,Soft,774,1618655,100936
10775,Soft,775,1620615,101057
10776,Soft,776,1622575,101178
10777,Soft,777,1624535,101299
10778,Soft,778,1626492,101420
10779,Soft,779,1628452,101540
10780,Soft,780,1630412,101661
10781,Soft,781,1632372,101782
10782,Soft,782,1634330,101903
10783,Soft,783,1712927,106751
10784,Soft,784,1714887,106872
10785,Soft,785,1716847,106993
10786,Soft,786,1718805,107114
10787,Soft,787,1720765,107234
10788,Soft,788,1722725,107355
10789,Soft,789,1724685,107476
10790,Soft,790,1726645,107597
10791,Soft,791,1728602,107718
10792,Soft,792,1730562,107839
10793,Soft,793,1732522,107959
10794,Soft,794,1734482,108080
10795,Soft,795,1736440,108201
10796,Soft,796,1738400,108322
10797,Soft,797,1740360,108443
10798,Soft,798,1742320,108564
10799,Soft,799,1744277,108685
10800,Soft,800,1746237,108805
10801,Soft,801,1748197,108926
10802,Soft,802,1750157,109047
10803,Soft,803,1834547,114252
10804,Soft,804,1836605,114378
10805,Soft,805,1838662,114505
10806,Soft,806,1840720,114632
10807,Soft,807,1842777,114759
10808,Soft,808,1844835,114886
10809,Soft,809,1846892,115013
10810,Soft,810,1848950,115140
10811,Soft,811,1851007,115267
10812,Soft,812,1853065,115394
10813,Soft,813,1855122,115520
10814,Soft,814,1857180,115647
10815,Soft,815,1859237,115774
10816,Soft,816,1861295,115901
10817,Soft,817,1863352,116028
10818,Soft,818,1865410,116155
10819,Soft,819,1867467,116282
10820,Soft,820,1869525,116409
10821,Soft,821,1871582,116535
10822,Soft,822,1873640,116662
10823,Soft,823,1964207,122248
10824,Soft,824,1966265,122374
10825,Soft,825,1968322,122501
10826,Soft,826,1970380,122628
10827,Soft,827,1972437,122755
10828,Soft,828,1974495,122882
10829,Soft,829,1976622,123020
10830,Soft,830,1978680,123147
10831,Soft,831,1980737,123274
10832,Soft,832,1982795,123401
10833,Soft,833,1984850,123528
10834,Soft,834,1986907,123655
10835,Soft,835,1988965,123782
10836,Soft,836,1991022,123908
10837,Soft,837,1993080,124035
10838,Soft,838,1995137,124162
10839,Soft,839,1997195,124289
10840,Soft,840,1999252,124416
10841,Soft,841,2001310,124543
10842,Soft,842,2003367,124670
10843,Soft,843,2100417,130655
10844,Soft,844,2102572,130788
10845,Soft,845,2104727,130921
10846,Soft,846,2106882,131054
10847,Soft,847,2109040,131187
10848,Soft,848,2111195,131320
10849,Soft,849,2113350,131452
10850,Soft,850,2115505,131585
10851,Soft,851,2117660,131718
10852,Soft,852,2119815,131851
10853,Soft,853,2121970,131984
10854,Soft,854,2124127,132117
10855,Soft,855,2126282,132250
10856,Soft,856,2128437,132383
10857,Soft,857,2130592,132516
10858,Soft,858,2132747,132649
10859,Soft,859,2134902,132782
10860,Soft,860,2137057,132915
10861,Soft,861,2139212,133048
10862,Soft,862,2141370,133181
10863,Soft,863,2245320,139591
10864,Soft,864,2247475,139724
10865,Soft,865,2249632,139857
10866,Soft,866,2251787,139990
10867,Soft,867,2253942,140123
10868,Soft,868,2256097,140256
10869,Soft,869,2258252,140389
10870,Soft,870,2260407,140522
10871,Soft,871,2262562,140654
10872,Soft,872,2264720,140787
10873,Soft,873,2266875,140920
10874,Soft,874,2269030,141053
10875,Soft,875,2271185,141186
10876,Soft,876,2273340,141319
10877,Soft,877,2275495,141452
10878,Soft,878,2277650,141585
10879,Soft,879,2279807,141718
10880,Soft,880,2281962,141851
10881,Soft,881,2284117,141984
10882,Soft,882,2286272,142117
10883,Soft,883,2397465,148974
10884,Soft,884,2399717,149113
10885,Soft,885,2401970,149252
10886,Soft,886,2404225,149391
10887,Soft,887,2406477,149530
10888,Soft,888,2408730,149669
10889,Soft,889,2410985,149808
10890,Soft,890,2413237,149947
10891,Soft,891,2415490,150086
10892,Soft,892,2417745,150225
10893,Soft,893,2419997,150364
10894,Soft,894,2422250,150503
10895,Soft,895,2424505,150642
10896,Soft,896,2426757,150781
10897,Soft,897,2429010,150920
10898,Soft,898,2431265,151059
10899,Soft,899,2433517,151198
10900,Soft,900,2435770,151337
10901,Soft,901,2438025,151476
10902,Soft,902,2440277,151615
10903,Soft,903,2559170,158947
10904,Soft,904,2561422,159086
10905,Soft,905,2563677,159225
10906,Soft,906,2565930,159364
10907,Soft,907,2568182,159503
10908,Soft,908,2570437,159642
10909,Soft,909,2572690,159781
10910,Soft,910,2574942,159920
10911,Soft,911,2577197,160059
10912,Soft,912,2579450,160198
10913,Soft,913,2581702,160337
10914,Soft,914,2583957,160476
10915,Soft,915,2586210,160615
10916,Soft,916,2588462,160754
10917,Soft,917,2590717,160893
10918,Soft,918,2592970,161032
10919,Soft,919,2595222,161171
10920,Soft,920,2597545,161321
10921,Soft,921,2599800,161460
10922,Soft,922,2602052,161599
10923,Soft,923,2729032,169431
10924,Soft,924,2731382,169576
10925,Soft,925,2733735,169721
10926,Soft,926,2736085,169866
10927,Soft,927,2738437,170011
10928,Soft,928,2740787,170156
10929,Soft,929,2743140,170301
10930,Soft,930,2745492,170446
10931,Soft,931,2747842,170591
10932,Soft,932,2750195,170736
10933,Soft,933,2752545,170881
10934,Soft,934,2754897,171026
10935,Soft,935,2757247,171171
10936,Soft,936,2759600,171316
10937,Soft,937,2761950,171461
10938,Soft,938,2764302,171606
10939,Soft,939,2766652,171751
10940,Soft,940,2769005,171896
10941,Soft,941,2771355,172041
10942,Soft,942,2773707,172186
10943,Soft,943,2909270,180547
10944,Soft,944,2911620,180692
10945,Soft,945,2913972,180837
10946,Soft,946,2916322,180982
10947,Soft,947,2918675,181127
10948,Soft,948,2921025,181272
10949,Soft,949,2923377,181417
10950,Soft,950,2925727,181562
10951,Soft,951,2928080,181707
10952,Soft,952,2930430,181852
10953,Soft,953,2932782,181997
10954,Soft,954,2935132,182142
10955,Soft,955,2937485,182287
10956,Soft,956,2939835,182432
10957,Soft,957,2942187,182577
10958,Soft,958,2944537,182722
10959,Soft,959,2946890,182867
10960,Soft,960,2949240,183012
10961,Soft,961,2951592,183157
10962,Soft,962,2953942,183302
10963,Soft,963,3098515,192219
10964,Soft,964,3100962,192370
10965,Soft,965,3103412,192521
10966,Soft,966,3105862,192672
10967,Soft,967,3108310,192823
10968,Soft,968,3110760,192974
10969,Soft,969,3113210,193125
10970,Soft,970,3115660,193276
10971,Soft,971,3118107,193427
10972,Soft,972,3120557,193578
10973,Soft,973,3123007,193729
10974,Soft,974,3125455,193880
10975,Soft,975,3127905,194031
10976,Soft,976,3130355,194182
10977,Soft,977,3132802,194333
10978,Soft,978,3135252,194484
10979,Soft,979,3137702,194635
10980,Soft,980,3140152,194786
10981,Soft,981,3142600,194938
10982,Soft,982,3145050,195089
10983,Soft,983,3299177,204595
10984,Soft,984,3301627,204746
10985,Soft,985,3304075,204897
10986,Soft,986,3306525,205048
10987,Soft,987,3308975,205199
10988,Soft,988,3311425,205350
10989,Soft,989,3313872,205501
10990,Soft,990,3316322,205652
10991,Soft,991,3318772,205803
10992,Soft,992,3321220,205955
10993,Soft,993,3323670,206106
10994,Soft,994,3326120,206257
10995,Soft,995,3328567,206408
10996,Soft,996,3331017,206559
10997,Soft,997,3333467,206710
10998,Soft,998,3335917,206861
10999,Soft,999,3338365,207012
11000,Soft,1000,3340815,207163
20601,Medium,601,3363360,52935
20602,Medium,602,3369230,53026
20603,Medium,603,3525280,55432
20604,Medium,604,3531550,55529
20605,Medium,605,3537820,55625
20606,Medium,606,3544090,55722
20607,Medium,607,3550640,55830
20608,Medium,608,3556910,55927
20609,Medium,609,3563180,56023
20610,Medium,610,3569450,56120
20611,Medium,611,3575720,56217
20612,Medium,612,3581990,56313
20613,Medium,613,3588260,56410
20614,Medium,614,3594530,56507
20615,Medium,615,3600800,56603
20616,Medium,616,3607070,56700
20617,Medium,617,3613340,56797
20618,Medium,618,3619610,56893
20619,Medium,619,3625880,56990
20620,Medium,620,3632150,57087
20621,Medium,621,3638420,57183
20622,Medium,622,3644690,57280
20623,Medium,623,3814490,59899
20624,Medium,624,3820760,59995
20625,Medium,625,3827030,60092
20626,Medium,626,3833300,60189
20627,Medium,627,3839570,60285
20628,Medium,628,3845840,60382
20629,Medium,629,3852110,60479
20630,Medium,630,3858390,60575
20631,Medium,631,3864660,60672
20632,Medium,632,3870930,60769
20633,Medium,633,3877200,60865
20634,Medium,634,3883470,60962
20635,Medium,635,3889740,61059
20636,Medium,636,3896010,61155
20637,Medium,637,3902280,61252
20638,Medium,638,3908550,61349
20639,Medium,639,3914820,61445
20640,Medium,640,3921090,61542
20641,Medium,641,3927360,61639
20642,Medium,642,3933630,61735
20643,Medium,643,4117890,64576
20644,Medium,644,4124550,64679
20645,Medium,645,4131210,64782
20646,Medium,646,4137880,64884
20647,Medium,647,4144540,64987
20648,Medium,648,4151200,65090
20649,Medium,649,4158140,65204
20650,Medium,650,4164800,65307
20651,Medium,651,4171460,65409
20652,Medium,652,4178130,65512
20653,Medium,653,4184790,65615
20654,Medium,654,4191450,65718
20655,Medium,655,4198110,65820
20656,Medium,656,4204770,65923
20657,Medium,657,4211440,66026
20658,Medium,658,4218100,66128
20659,Medium,659,4224760,66231
20660,Medium,660,4231420,66334
20661,Medium,661,4238080,66437
20662,Medium,662,4244750,66539
20663,Medium,663,4444550,69620
20664,Medium,664,4451210,69722
20665,Medium,665,4457870,69825
20666,Medium,666,4464530,69928
20667,Medium,667,4471190,70030
20668,Medium,668,4477860,70133
20669,Medium,669,4484520,70236
20670,Medium,670,4491180,70339
20671,Medium,671,4497840,70441
20672,Medium,672,4504500,70544
20673,Medium,673,4511170,70647
20674,Medium,674,4517830,70749
20675,Medium,675,4524490,70852
20676,Medium,676,4531150,70955
20677,Medium,677,4537810,71058
20678,Medium,678,4544480,71160
20679,Medium,679,4551140,71263
20680,Medium,680,4557800,71366
20681,Medium,681,4564460,71468
20682,Medium,682,4571120,71571
20683,Medium,683,4787230,74904
20684,Medium,684,4794280,75013
20685,Medium,685,4801340,75121
20686,Medium,686,4808390,75230
20687,Medium,687,4815440,75339
20688,Medium,688,4822500,75448
20689,Medium,689,4829550,75556
20690,Medium,690,4836610,75665
20691,Medium,691,4843660,75774
20692,Medium,692,4850710,75883
20693,Medium,693,4857770,75991
20694,Medium,694,4864820,76100
20695,Medium,695,4871880,76209
20696,Medium,696,4878930,76318
20697,Medium,697,4885980,76426
20698,Medium,698,4893310,76547
20699,Medium,699,4900370,76655
20700,Medium,700,4907420,76764
20701,Medium,701,4914480,76873
20702,Medium,702,4921530,76982
20703,Medium,703,5155150,80584
20704,Medium,704,5162200,80693
20705,Medium,705,5169260,80801
20706,Medium,706,5176310,80910
20707,Medium,707,5183370,81019
20708,Medium,708,5190420,81128
20709,Medium,709,5197470,81236
20710,Medium,710,5204530,81345
20711,Medium,711,5211580,81454
20712,Medium,712,5218640,81563
20713,Medium,713,5225690,81671
20714,Medium,714,5232740,81780
20715,Medium,715,5239800,81889
20716,Medium,716,5246850,81998
20717,Medium,717,5253900,82106
20718,Medium,718,5260960,82215
20719,Medium,719,5268010,82324
20720,Medium,720,5275070,82433
20721,Medium,721,5282120,82541
20722,Medium,722,5289170,82650
20723,Medium,723,5541170,86536
20724,Medium,724,5548620,86651
20725,Medium,725,5556070,86766
20726,Medium,726,5563510,86881
20727,Medium,727,5570960,86996
20728,Medium,728,5578400,87110
20729,Medium,729,5585850,87225
20730,Medium,730,5593290,87340
20731,Medium,731,5600740,87455
20732,Medium,732,5608190,87570
20733,Medium,733,5615630,87684
20734,Medium,734,5623080,87799
20735,Medium,735,5630520,87914
20736,Medium,736,5637970,88029
20737,Medium,737,5645420,88144
20738,Medium,738,5652860,88258
20739,Medium,739,5660310,88373
20740,Medium,740,5667750,88488
20741,Medium,741,5675200,88603
20742,Medium,742,5682640,88718
20743,Medium,743,5954320,92907
20744,Medium,744,5961760,93022
20745,Medium,745,5969210,93137
20746,Medium,746,5976650,93252
20747,Medium,747,5984100,93366
20748,Medium,748,5991550,93481
20749,Medium,749,5998990,93596
20750,Medium,750,6006440,93711
20751,Medium,751,6013880,93825
20752,Medium,752,6021330,93940
20753,Medium,753,6028770,94055
20754,Medium,754,6036220,94170
20755,Medium,755,6043670,94285
20756,Medium,756,6051110,94399
20757,Medium,757,6058830,94526
20758,Medium,758,6066280,94640
20759,Medium,759,6073730,94755
20760,Medium,760,6081170,94870
20761,Medium,761,6088620,94985
20762,Medium,762,6096060,95100
20763,Medium,763,6388410,99607
20764,Medium,764,6396250,99728
20765,Medium,765,6404080,99849
20766,Medium,766,6411920,99970
20767,Medium,767,6419760,100090
20768,Medium,768,6427600,100211
20769,Medium,769,6435430,100332
20770,Medium,770,6443270,100453
20771,Medium,771,6451110,100574
20772,Medium,772,6458950,100695
20773,Medium,773,6466780,100815
20774,Medium,774,6474620,100936
20775,Medium,775,6482460,101057
20776,Medium,776,6490300,101178
20777,Medium,777,6498140,101299
20778,Medium,778,6505970,101420
20779,Medium,779,6513810,101540
20780,Medium,780,6521650,101661
20781,Medium,781,6529490,101782
20782,Medium,782,6537320,101903
20783,Medium,783,6851710,106751
20784,Medium,784,6859550,106872
20785,Medium,785,6867390,106993
20786,Medium,786,6875220,107114
20787,Medium,787,6883060,107234
20788,Medium,788,6890900,107355
20789,Medium,789,6898740,107476
20790,Medium,790,6906580,107597
20791,Medium,791,6914410,107718
20792,Medium,792,6922250,107839
20793,Medium,793,6930090,107959
20794,Medium,794,6937930,108080
20795,Medium,795,6945760,108201
20796,Medium,796,6953600,108322
20797,Medium,797,6961440,108443
20798,Medium,798,6969280,108564
20799,Medium,799,6977110,108685
20800,Medium,800,6984950,108805
20801,Medium,801,6992790,108926
20802,Medium,802,7000630,109047
20803,Medium,803,7338190,114252
20804,Medium,804,7346420,114378
20805,Medium,805,7354650,114505
20806,Medium,806,7362880,114632
20807,Medium,807,7371110,114759
20808,Medium,808,7379340,114886
20809,Medium,809,7387570,115013
20810,Medium,810,7395800,115140
20811,Medium,811,7404030,115267
20812,Medium,812,7412260,115394
20813,Medium,813,7420490,115520
20814,Medium,814,7428720,115647
20815,Medium,815,7436950,115774
20816,Medium,816,7445180,115901
20817,Medium,817,7453410,116028
20818,Medium,818,7461640,116155
20819,Medium,819,7469870,116282
20820,Medium,820,7478100,116409
20821,Medium,821,7486330,116535
20822,Medium,822,7494560,116662
20823,Medium,823,7856830,122248
20824,Medium,824,7865060,122374
20825,Medium,825,7873290,122501
20826,Medium,826,7881520,122628
20827,Medium,827,7889750,122755
20828,Medium,828,7897980,122882
20829,Medium,829,7906490,123020
20830,Medium,830,7914720,123147
20831,Medium,831,7922950,123274
20832,Medium,832,7931180,123401
20833,Medium,833,7939400,123528
20834,Medium,834,7947630,123655
20835,Medium,835,7955860,123782
20836,Medium,836,7964090,123908
20837,Medium,837,7972320,124035
20838,Medium,838,7980550,124162
20839,Medium,839,7988780,124289
20840,Medium,840,7997010,124416
20841,Medium,841,8005240,124543
20842,Medium,842,8013470,124670
20843,Medium,843,8401670,130655
20844,Medium,844,8410290,130788
20845,Medium,845,8418910,130921
20846,Medium,846,8427530,131054
20847,Medium,847,8436160,131187
20848,Medium,848,8444780,131320
20849,Medium,849,8453400,131452
20850,Medium,850,8462020,131585
20851,Medium,851,8470640,131718
20852,Medium,852,8479260,131851
20853,Medium,853,8487880,131984
20854,Medium,854,8496510,132117
20855,Medium,855,8505130,132250
20856,Medium,856,8513750,132383
20857,Medium,857,8522370,132516
20858,Medium,858,8530990,132649
20859,Medium,859,8539610,132782
20860,Medium,860,8548230,132915
20861,Medium,861,8556850,133048
20862,Medium,862,8565480,133181
20863,Medium,863,8981280,139591
20864,Medium,864,8989900,139724
20865,Medium,865,8998530,139857
20866,Medium,866,9007150,139990
20867,Medium,867,9015770,140123
20868,Medium,868,9024390,140256
20869,Medium,869,9033010,140389
20870,Medium,870,9041630,140522
20871,Medium,871,9050250,140654
20872,Medium,872,9058880,140787
20873,Medium,873,9067500,140920
20874,Medium,874,9076120,141053
20875,Medium,875,9084740,141186
20876,Medium,876,9093360,141319
20877,Medium,877,9101980,141452
20878,Medium,878,9110600,141585
20879,Medium,879,9119230,141718
20880,Medium,880,9127850,141851
20881,Medium,881,9136470,141984
20882,Medium,882,9145090,142117
20883,Medium,883,9589860,148974
20884,Medium,884,9598870,149113
20885,Medium,885,9607880,149252
20886,Medium,886,9616900,149391
20887,Medium,887,9625910,149530
20888,Medium,888,9634920,149669
20889,Medium,889,9643940,149808
20890,Medium,890,9652950,149947
20891,Medium,891,9661960,150086
20892,Medium,892,9670980,150225
20893,Medium,893,9679990,150364
20894,Medium,894,9689000,150503
20895,Medium,895,9698020,150642
20896,Medium,896,9707030,150781
20897,Medium,897,9716040,150920
20898,Medium,898,9725060,151059
20899,Medium,899,9734070,151198
20900,Medium,900,9743080,151337
20901,Medium,901,9752100,151476
20902,Medium,902,9761110,151615
20903,Medium,903,10236680,158947
20904,Medium,904,10245690,159086
20905,Medium,905,10254710,159225
20906,Medium,906,10263720,159364
20907,Medium,907,10272730,159503
20908,Medium,908,10281750,159642
20909,Medium,909,10290760,159781
20910,Medium,910,10299770,159920
20911,Medium,911,10308790,160059
20912,Medium,912,10317800,160198
20913,Medium,913,10326810,160337
20914,Medium,914,10335830,160476
20915,Medium,915,10344840,160615
20916,Medium,916,10353850,160754
20917,Medium,917,10362870,160893
20918,Medium,918,10371880,161032
20919,Medium,919,10380890,161171
20920,Medium,920,10390180,161321
20921,Medium,921,10399200,161460
20922,Medium,922,10408210,161599
20923,Medium,923,10916130,169431
20924,Medium,924,10925530,169576
20925,Medium,925,10934940,169721
20926,Medium,926,10944340,169866
20927,Medium,927,10953750,170011
20928,Medium,928,10963150,170156
20929,Medium,929,10972560,170301
20930,Medium,930,10981970,170446
20931,Medium,931,10991370,170591
20932,Medium,932,11000780,170736
20933,Medium,933,11010180,170881
20934,Medium,934,11019590,171026
20935,Medium,935,11028990,171171
20936,Medium,936,11038400,171316
20937,Medium,937,11047800,171461
20938,Medium,938,11057210,171606
20939,Medium,939,11066610,171751
20940,Medium,940,11076020,171896
20941,Medium,941,11085420,172041
20942,Medium,942,11094830,172186
20943,Medium,943,11637080,180547
20944,Medium,944,11646480,180692
20945,Medium,945,11655890,180837
20946,Medium,946,11665290,180982
20947,Medium,947,11674700,181127
20948,Medium,948,11684100,181272
20949,Medium,949,11693510,181417
20950,Medium,950,11702910,181562
20951,Medium,951,11712320,181707
20952,Medium,952,11721720,181852
20953,Medium,953,11731130,181997
20954,Medium,954,11740530,182142
20955,Medium,955,11749940,182287
20956,Medium,956,11759340,182432
20957,Medium,957,11768750,182577
20958,Medium,958,11778150,182722
20959,Medium,959,11787560,182867
20960,Medium,960,11796960,183012
20961,Medium,961,11806370,183157
20962,Medium,962,11815770,183302
20963,Medium,963,12394060,192219
20964,Medium,964,12403850,192370
20965,Medium,965,12413650,192521
20966,Medium,966,12423450,192672
20967,Medium,967,12433240,192823
20968,Medium,968,12443040,192974
20969,Medium,969,12452840,193125
20970,Medium,970,12462640,193276
20971,Medium,971,12472430,193427
20972,Medium,972,12482230,193578
20973,Medium,973,12492030,193729
20974,Medium,974,12501820,193880
20975,Medium,975,12511620,194031
20976,Medium,976,12521420,194182
20977,Medium,977,12531210,194333
20978,Medium,978,12541010,194484
20979,Medium,979,12550810,194635
20980,Medium,980,12560610,194786
20981,Medium,981,12570400,194938
20982,Medium,982,12580200,195089
20983,Medium,983,13196710,204595
20984,Medium,984,13206510,204746
20985,Medium,985,13216300,204897
20986,Medium,986,13226100,205048
20987,Medium,987,13235900,205199
20988,Medium,988,13245700,205350
20989,Medium,989,13255490,205501
20990,Medium,990,13265290,205652
20991,Medium,991,13275090,205803
20992,Medium,992,13284880,205955
20993,Medium,993,13294680,206106
20994,Medium,994,13304480,206257
20995,Medium,995,13314270,206408
20996,Medium,996,13324070,206559
20997,Medium,997,13333870,206710
20998,Medium,998,13343670,206861
20999,Medium,999,13353460,207012
21000,Medium,1000,13363260,207163
30601,Hard,601,8408400,52935
30602,Hard,602,8423075,53026
30603,Hard,603,8813200,55432
30604,Hard,604,8828875,55529
30605,Hard,605,8844550,55625
30606,Hard,606,8860225,55722
30607,Hard,607,8876600,55830
30608,Hard,608,8892275,55927
30609,Hard,609,8907950,56023
30610,Hard,610,8923625,56120
30611,Hard,611,8939300,56217
30612,Hard,612,8954975,56313
30613,Hard,613,8970650,56410
30614,Hard,614,8986325,56507
30615,Hard,615,9002000,56603
30616,Hard,616,9017675,56700
30617,Hard,617,9033350,56797
30618,Hard,618,9049025,56893
30619,Hard,619,9064700,56990
30620,Hard,620,9080375,57087
30621,Hard,621,9096050,57183
30622,Hard,622,9111725,57280
30623,Hard,623,9536225,59899
30624,Hard,624,9551900,59995
30625,Hard,625,9567575,60092
30626,Hard,626,9583250,60189
30627,Hard,627,9598925,60285
30628,Hard,628,9614600,60382
30629,Hard,629,9630275,60479
30630,Hard,630,9645975,60575
30631,Hard,631,9661650,60672
30632,Hard,632,9677325,60769
30633,Hard,633,9693000,60865
30634,Hard,634,9708675,60962
30635,Hard,635,9724350,61059
30636,Hard,636,9740025,61155
30637,Hard,637,9755700,61252
30638,Hard,638,9771375,61349
30639,Hard,639,9787050,61445
30640,Hard,640,9802725,61542
30641,Hard,641,9818400,61639
30642,Hard,642,9834075,61735
30643,Hard,643,10294725,64576
30644,Hard,644,10311375,64679
30645,Hard,645,10328025,64782
30646,Hard,646,10344700,64884
30647,Hard,647,10361350,64987
30648,Hard,648,10378000,65090
30649,Hard,649,10395350,65204
30650,Hard,650,10412000,65307
30651,Hard,651,10428650,65409
30652,Hard,652,10445325,65512
30653,Hard,653,10461975,65615
30654,Hard,654,10478625,65718
30655,Hard,655,10495275,65820
30656,Hard,656,10511925,65923
30657,Hard,657,10528600,66026
30658,Hard,658,10545250,66128
30659,Hard,659,10561900,66231
30660,Hard,660,10578550,66334
30661,Hard,661,10595200,66437
30662,Hard,662,10611875,66539
30663,Hard,663,11111375,69620
30664,Hard,664,11128025,69722
30665,Hard,665,11144675,69825
30666,Hard,666,11161325,69928
30667,Hard,667,11177975,70030
30668,Hard,668,11194650,70133
30669,Hard,669,11211300,70236
30670,Hard,670,11227950,70339
30671,Hard,671,11244600,70441
30672,Hard,672,11261250,70544
30673,Hard,673,11277925,70647
30674,Hard,674,11294575,70749
30675,Hard,675,11311225,70852
30676,Hard,676,11327875,70955
30677,Hard,677,11344525,71058
30678,Hard,678,11361200,71160
30679,Hard,679,11377850,71263
30680,Hard,680,11394500,71366
30681,Hard,681,11411150,71468
30682,Hard,682,11427800,71571
30683,Hard,683,11968075,74904
30684,Hard,684,11985700,75013
30685,Hard,685,12003350,75121
30686,Hard,686,12020975,75230
30687,Hard,687,12038600,75339
30688,Hard,688,12056250,75448
30689,Hard,689,12073875,75556
30690,Hard,690,12091525,75665
30691,Hard,691,12109150,75774
30692,Hard,692,12126775,75883
30693,Hard,693,12144425,75991
30694,Hard,694,12162050,76100
30695,Hard,695,12179700,76209
30696,Hard,696,12197325,76318
30697,Hard,697,12214950,76426
30698,Hard,698,12233275,76547
30699,Hard,699,12250925,76655
30700,Hard,700,12268550,76764
30701,Hard,701,12286200,76873
30702,Hard,702,12303825,76982
30703,Hard,703,12887875,80584
30704,Hard,704,12905500,80693
30705,Hard,705,12923150,80801
30706,Hard,706,12940775,80910
30707,Hard,707,12958425,81019
30708,Hard,708,12976050,81128
30709,Hard,709,12993675,81236
30710,Hard,710,13011325,81345
30711,Hard,711,13028950,81454
30712,Hard,712,13046600,81563
30713,Hard,713,13064225,81671
30714,Hard,714,13081850,81780
30715,Hard,715,13099500,81889
30716,Hard,716,13117125,81998
30717,Hard,717,13134750,82106
30718,Hard,718,13152400,82215
30719,Hard,719,13170025,82324
30720,Hard,720,13187675,82433
30721,Hard,721,13205300,82541
30722,Hard,722,13222925,82650
30723,Hard,723,13852925,86536
30724,Hard,724,13871550,86651
30725,Hard,725,13890175,86766
30726,Hard,726,13908775,86881
30727,Hard,727,13927400,86996
30728,Hard,728,13946000,87110
30729,Hard,729,13964625,87225
30730,Hard,730,13983225,87340
30731,Hard,731,14001850,87455
30732,Hard,732,14020475,87570
30733,Hard,733,14039075,87684
30734,Hard,734,14057700,87799
30735,Hard,735,14076300,87914
30736,Hard,736,14094925,88029
30737,Hard,737,14113550,88144
30738,Hard,738,14132150,88258
30739,Hard,739,14150775,88373
30740,Hard,740,14169375,88488
30741,Hard,741,14188000,88603
30742,Hard,742,14206600,88718
30743,Hard,743,14885800,92907
30744,Hard,744,14904400,93022
30745,Hard,745,14923025,93137
30746,Hard,746,14941625,93252
30747,Hard,747,14960250,93366
30748,Hard,748,14978875,93481
30749,Hard,749,14997475,93596
30750,Hard,750,15016100,93711
30751,Hard,751,15034700,93825
30752,Hard,752,15053325,93940
30753,Hard,753,15071925,94055
30754,Hard,754,15090550,94170
30755,Hard,755,15109175,94285
30756,Hard,756,15127775,94399
30757,Hard,757,15147075,94526
30758,Hard,758,15165700,94640
30759,Hard,759,15184325,94755
30760,Hard,760,15202925,94870
30761,Hard,761,15221550,94985
30762,Hard,762,15240150,95100
30763,Hard,763,15971025,99607
30764,Hard,764,15990625,99728
30765,Hard,765,16010200,99849
30766,Hard,766,16029800,99970
30767,Hard,767,16049400,100090
30768,Hard,768,16069000,100211
30769,Hard,769,16088575,100332
30770,Hard,770,16108175,100453
30771,Hard,771,16127775,100574
30772,Hard,772,16147375,100695
30773,Hard,773,16166950,100815
30774,Hard,774,16186550,100936
30775,Hard,775,16206150,101057
30776,Hard,776,16225750,101178
30777,Hard,777,16245350,101299
30778,Hard,778,16264925,101420
30779,Hard,779,16284525,101540
30780,Hard,780,16304125,101661
30781,Hard,781,16323725,101782
30782,Hard,782,16343300,101903
30783,Hard,783,17129275,106751
30784,Hard,784,17148875,106872
30785,Hard,785,17168475,106993
30786,Hard,786,17188050,107114
30787,Hard,787,17207650,107234
30788,Hard,788,17227250,107355
30789,Hard,789,17246850,107476
30790,Hard,790,17266450,107597
30791,Hard,791,17286025,107718
30792,Hard,792,17305625,107839
30793,Hard,793,17325225,107959
30794,Hard,794,17344825,108080
30795,Hard,795,17364400,108201
30796,Hard,796,17384000,108322
30797,Hard,797,17403600,108443
30798,Hard,798,17423200,108564
30799,Hard,799,17442775,108685
30800,Hard,800,17462375,108805
30801,Hard,801,17481975,108926
30802,Hard,802,17501575,109047
30803,Hard,803,18345475,114252
30804,Hard,804,18366050,114378
30805,Hard,805,18386625,114505
30806,Hard,806,18407200,114632
30807,Hard,807,18427775,114759
30808,Hard,808,18448350,114886
30809,Hard,809,18468925,115013
30810,Hard,810,18489500,115140
30811,Hard,811,18510075,115267
30812,Hard,812,18530650,115394
30813,Hard,813,18551225,115520
30814,Hard,814,18571800,115647
30815,Hard,815,18592375,115774
30816,Hard,816,18612950,115901
30817,Hard,817,18633525,116028
30818,Hard,818,18654100,116155
30819,Hard,819,18674675,116282
30820,Hard,820,18695250,116409
30821,Hard,821,18715825,116535
30822,Hard,822,18736400,116662
30823,Hard,823,19642075,122248
30824,Hard,824,19662650,122374
30825,Hard,825,19683225,122501
30826,Hard,826,19703800,122628
30827,Hard,827,19724375,122755
30828,Hard,828,19744950,122882
30829,Hard,829,19766225,123020
30830,Hard,830,19786800,123147
30831,Hard,831,19807375,123274
30832,Hard,832,19827950,123401
30833,Hard,833,19848500,123528
30834,Hard,834,19869075,123655
30835,Hard,835,19889650,123782
30836,Hard,836,19910225,123908
30837,Hard,837,19930800,124035
30838,Hard,838,19951375,124162
30839,Hard,839,19971950,124289
30840,Hard,840,19992525,124416
30841,Hard,841,20013100,124543
30842,Hard,842,20033675,124670
30843,Hard,843,21004175,130655
30844,Hard,844,21025725,130788
30845,Hard,845,21047275,130921
30846,Hard,846,21068825,131054
30847,Hard,847,21090400,131187
30848,Hard,848,21111950,131320
30849,Hard,849,21133500,131452
30850,Hard,850,21155050,131585
30851,Hard,851,21176600,131718
30852,Hard,852,21198150,131851
30853,Hard,853,21219700,131984
30854,Hard,854,21241275,132117
30855,Hard,855,21262825,132250
30856,Hard,856,21284375,132383
30857,Hard,857,21305925,132516
30858,Hard,858,21327475,132649
30859,Hard,859,21349025,132782
30860,Hard,860,21370575,132915
30861,Hard,861,21392125,133048
30862,Hard,862,21413700,133181
30863,Hard,863,22453200,139591
30864,Hard,864,22474750,139724
30865,Hard,865,22496325,139857
30866,Hard,866,22517875,139990
30867,Hard,867,22539425,140123
30868,Hard,868,22560975,140256
30869,Hard,869,22582525,140389
30870,Hard,870,22604075,140522
30871,Hard,871,22625625,140654
30872,Hard,872,22647200,140787
30873,Hard,873,22668750,140920
30874,Hard,874,22690300,141053
30875,Hard,875,22711850,141186
30876,Hard,876,22733400,141319
30877,Hard,877,22754950,141452
30878,Hard,878,22776500,141585
30879,Hard,879,22798075,141718
30880,Hard,880,22819625,141851
30881,Hard,881,22841175,141984
30882,Hard,882,22862725,142117
30883,Hard,883,23974650,148974
30884,Hard,884,23997175,149113
30885,Hard,885,24019700,149252
30886,Hard,886,24042250,149391
30887,Hard,887,24064775,149530
30888,Hard,888,24087300,149669
30889,Hard,889,24109850,149808
30890,Hard,890,24132375,149947
30891,Hard,891,24154900,150086
30892,Hard,892,24177450,150225
30893,Hard,893,24199975,150364
30894,Hard,894,24222500,150503
30895,Hard,895,24245050,150642
30896,Hard,896,24267575,150781
30897,Hard,897,24290100,150920
30898,Hard,898,24312650,151059
30899,Hard,899,24335175,151198
30900,Hard,900,24357700,151337
30901,Hard,901,24380250,151476
30902,Hard,902,24402775,151615
30903,Hard,903,25591700,158947
30904,Hard,904,25614225,159086
30905,Hard,905,25636775,159225
30906,Hard,906,25659300,159364
30907,Hard,907,25681825,159503
30908,Hard,908,25704375,159642
30909,Hard,909,25726900,159781
30910,Hard,910,25749425,159920
30911,Hard,911,25771975,160059
30912,Hard,912,25794500,160198
30913,Hard,913,25817025,160337
30914,Hard,914,25839575,160476
30915,Hard,915,25862100,160615
30916,Hard,916,25884625,160754
30917,Hard,917,25907175,160893
30918,Hard,918,25929700,161032
30919,Hard,919,25952225,161171
30920,Hard,920,25975450,161321
30921,Hard,921,25998000,161460
30922,Hard,922,26020525,161599
30923,Hard,923,27290325,169431
30924,Hard,924,27313825,169576
30925,Hard,925,27337350,169721
30926,Hard,926,27360850,169866
30927,Hard,927,27384375,170011
30928,Hard,928,27407875,170156
30929,Hard,929,27431400,170301
30930,Hard,930,27454925,170446
30931,Hard,931,27478425,170591
30932,Hard,932,27501950,170736
30933,Hard,933,27525450,170881
30934,Hard,934,27548975,171026
30935,Hard,935,27572475,171171
30936,Hard,936,27596000,171316
30937,Hard,937,27619500,171461
30938,Hard,938,27643025,171606
30939,Hard,939,27666525,171751
30940,Hard,940,27690050,171896
30941,Hard,941,27713550,172041
30942,Hard,942,27737075,172186
30943,Hard,943,29092700,180547
30944,Hard,944,29116200,180692
30945,Hard,945,29139725,180837
30946,Hard,946,29163225,180982
30947,Hard,947,29186750,181127
30948,Hard,948,29210250,181272
30949,Hard,949,29233775,181417
30950,Hard,950,29257275,181562
30951,Hard,951,29280800,181707
30952,Hard,952,29304300,181852
30953,Hard,953,29327825,181997
30954,Hard,954,29351325,182142
30955,Hard,955,29374850,182287
30956,Hard,956,29398350,182432
30957,Hard,957,29421875,182577
30958,Hard,958,29445375,182722
30959,Hard,959,29468900,182867
30960,Hard,960,29492400,183012
30961,Hard,961,29515925,183157
30962,Hard,962,29539425,183302
30963,Hard,963,30985150,192219
30964,Hard,964,31009625,192370
30965,Hard,965,31034125,192521
30966,Hard,966,31058625,192672
30967,Hard,967,31083100,192823
30968,Hard,968,31107600,192974
30969,Hard,969,31132100,193125
30970,Hard,970,31156600,193276
30971,Hard,971,31181075,193427
30972,Hard,972,31205575,193578
30973,Hard,973,31230075,193729
30974,Hard,974,31254550,193880
30975,Hard,975,31279050,194031
30976,Hard,976,31303550,194182
30977,Hard,977,31328025,194333
30978,Hard,978,31352525,194484
30979,Hard,979,31377025,194635
30980,Hard,980,31401525,194786
30981,Hard,981,31426000,194938
30982,Hard,982,31450500,195089
30983,Hard,983,32991775,204595
30984,Hard,984,33016275,204746
30985,Hard,985,33040750,204897
30986,Hard,986,33065250,205048
30987,Hard,987,33089750,205199
30988,Hard,988,33114250,205350
30989,Hard,989,33138725,205501
30990,Hard,990,33163225,205652
30991,Hard,991,33187725,205803
30992,Hard,992,33212200,205955
30993,Hard,993,33236700,206106
30994,Hard,994,33261200,206257
30995,Hard,995,33285675,206408
30996,Hard,996,33310175,206559
30997,Hard,997,33334675,206710
30998,Hard,998,33359175,206861
30999,Hard,999,33383650,207012
31000,Hard,1000,33408150,207163
11001,Soft,1001,3473075,214727
11002,Soft,1002,3475527,214878
11003,Soft,1003,3640042,225003
11004,Soft,1004,3642595,225160
11005,Soft,1005,3645147,225317
11006,Soft,1006,3647700,225474
11007,Soft,1007,3650255,225632
11008,Soft,1008,3652807,225789
11009,Soft,1009,3655360,225946
11010,Soft,1010,3657912,226103
11011,Soft,1011,3660465,226260
11012,Soft,1012,3663017,226417
11013,Soft,1013,3665570,226574
11014,Soft,1014,3668122,226731
11015,Soft,1015,3670675,226888
11016,Soft,1016,3673227,227045
11017,Soft,1017,3675782,227202
11018,Soft,1018,3678335,227360
11019,Soft,1019,3680887,227517
11020,Soft,1020,3683440,227674
11021,Soft,1021,3685992,227831
11022,Soft,1022,3688545,227988
11023,Soft,1023,3863712,238768
11024,Soft,1024,3866265,238925
11025,Soft,1025,3868817,239082
11026,Soft,1026,3871370,239239
11027,Soft,1027,3873922,239396
11028,Soft,1028,3876475,239554
11029,Soft,1029,3879030,239711
11030,Soft,1030,3881582,239868
11031,Soft,1031,3884135,240025
11032,Soft,1032,3886687,240182
11033,Soft,1033,3889240,240339
11034,Soft,1034,3891792,240496
11035,Soft,1035,3894345,240653
11036,Soft,1036,3896897,240810
11037,Soft,1037,3899450,240967
11038,Soft,1038,3902002,241124
11039,Soft,1039,3904557,241282
11040,Soft,1040,3907110,241439
11041,Soft,1041,3909662,241596
11042,Soft,1042,3912215,241753
11043,Soft,1043,4098565,253222
11044,Soft,1044,4101215,253385
11045,Soft,1045,4103867,253548
11046,Soft,1046,4106517,253711
11047,Soft,1047,4109167,253874
11048,Soft,1048,4111820,254037
11049,Soft,1049,4114470,254201
11050,Soft,1050,4117122,254364
11051,Soft,1051,4119772,254527
11052,Soft,1052,4122422,254690
11053,Soft,1053,4125075,254853
11054,Soft,1054,4127725,255016
11055,Soft,1055,4130375,255179
11056,Soft,1056,4133027,255342
11057,Soft,1057,4135677,255506
11058,Soft,1058,4138330,255669
11059,Soft,1059,4140980,255832
11060,Soft,1060,4143630,255995
11061,Soft,1061,4146282,256158
11062,Soft,1062,4148932,256321
11063,Soft,1063,4347122,268518
11064,Soft,1064,4349775,268681
11065,Soft,1065,4352425,268844
11066,Soft,1066,4355077,269007
11067,Soft,1067,4357727,269170
11068,Soft,1068,4360377,269333
11069,Soft,1069,4363030,269496
11070,Soft,1070,4365680,269660
11071,Soft,1071,4368330,269823
11072,Soft,1072,4370982,269986
11073,Soft,1073,4373632,270149
11074,Soft,1074,4376285,270312
11075,Soft,1075,4378935,270475
11076,Soft,1076,4381585,270638
11077,Soft,1077,4384237,270802
11078,Soft,1078,4386887,270965
11079,Soft,1079,4389537,271128
11080,Soft,1080,4392190,271291
11081,Soft,1081,4394840,271454
11082,Soft,1082,4397490,271617
11083,Soft,1083,4608107,284579
11084,Soft,1084,4610857,284748
11085,Soft,1085,4613605,284917
11086,Soft,1086,4616355,285086
11087,Soft,1087,4619105,285255
11088,Soft,1088,4621852,285424
11089,Soft,1089,4624602,285594
11090,Soft,1090,4627350,285763
11091,Soft,1091,4630100,285932
11092,Soft,1092,4632850,286101
11093,Soft,1093,4635597,286270
11094,Soft,1094,4638347,286439
11095,Soft,1095,4641097,286609
11096,Soft,1096,4643845,286778
11097,Soft,1097,4646595,286947
11098,Soft,1098,4649345,287116
11099,Soft,1099,4652092,287285
11100,Soft,1100,4654842,287455
11101,Soft,1101,4657592,287624
11102,Soft,1102,4660340,287793
11103,Soft,1103,4884097,301564
11104,Soft,1104,4886847,301733
11105,Soft,1105,4889597,301902
11106,Soft,1106,4892345,302071
11107,Soft,1107,4895095,302240
11108,Soft,1108,4897845,302410
11109,Soft,1109,4900592,302579
11110,Soft,1110,4903342,302748
11111,Soft,1111,4906090,302917
11112,Soft,1112,4908840,303086
11113,Soft,1113,4911590,303256
11114,Soft,1114,4914337,303425
11115,Soft,1115,4917087,303594
11116,Soft,1116,4919837,303763
11117,Soft,1117,4922585,303932
11118,Soft,1118,4925335,304101
11119,Soft,1119,4928085,304271
11120,Soft,1120,4930832,304440
11121,Soft,1121,4933582,304609
11122,Soft,1122,4936332,304778
11123,Soft,1123,5173890,319397
11124,Soft,1124,5176735,319573
11125,Soft,1125,5179582,319748
11126,Soft,1126,5182430,319923
11127,Soft,1127,5185277,320098
11128,Soft,1128,5188125,320273
11129,Soft,1129,5190972,320449
11130,Soft,1130,5193820,320624
11131,Soft,1131,5196667,320799
11132,Soft,1132,5199515,320974
11133,Soft,1133,5202362,321150
11134,Soft,1134,5205210,321325
11135,Soft,1135,5208057,321500
11136,Soft,1136,5210902,321675
11137,Soft,1137,5213750,321850
11138,Soft,1138,5216597,322026
11139,Soft,1139,5219445,322201
11140,Soft,1140,5222292,322376
11141,Soft,1141,5225140,322551
11142,Soft,1142,5227987,322726
11143,Soft,1143,5480130,338244
11144,Soft,1144,5482977,338419
11145,Soft,1145,5485825,338594
11146,Soft,1146,5488672,338769
11147,Soft,1147,5491520,338944
11148,Soft,1148,5494365,339120
11149,Soft,1149,5497212,339295
11150,Soft,1150,5500060,339470
11151,Soft,1151,5502907,339645
11152,Soft,1152,5505755,339821
11153,Soft,1153,5508602,339996
11154,Soft,1154,5511450,340171
11155,Soft,1155,5514297,340346
11156,Soft,1156,5517145,340521
11157,Soft,1157,5519992,340697
11158,Soft,1158,5522840,340872
11159,Soft,1159,5525687,341047
11160,Soft,1160,5528532,341222
11161,Soft,1161,5531380,341397
11162,Soft,1162,5534227,341573
11163,Soft,1163,5801677,358032
11164,Soft,1164,5804622,358214
11165,Soft,1165,5807567,358395
11166,Soft,1166,5810512,358576
11167,Soft,1167,5813460,358757
11168,Soft,1168,5816405,358939
11169,Soft,1169,5819350,359120
11170,Soft,1170,5822295,359301
11171,Soft,1171,5825240,359482
11172,Soft,1172,5828187,359664
11173,Soft,1173,5831132,359845
11174,Soft,1174,5834077,360026
11175,Soft,1175,5837022,360207
11176,Soft,1176,5839967,360389
11177,Soft,1177,5842915,360570
11178,Soft,1178,5845860,360751
11179,Soft,1179,5848805,360932
11180,Soft,1180,5851750,361114
11181,Soft,1181,5854695,361295
11182,Soft,1182,5857642,361476
11183,Soft,1183,6141265,378930
11184,Soft,1184,6144212,379112
11185,Soft,1185,6147157,379293
11186,Soft,1186,6150102,379474
11187,Soft,1187,6153047,379655
11188,Soft,1188,6155992,379837
11189,Soft,1189,6158940,380018
11190,Soft,1190,6161885,380199
11191,Soft,1191,6164830,380380
11192,Soft,1192,6167775,380562
11193,Soft,1193,6170720,380743
11194,Soft,1194,6173665,380924
11195,Soft,1195,6176612,381106
11196,Soft,1196,6179557,381287
11197,Soft,1197,6182502,381468
11198,Soft,1198,6185447,381649
11199,Soft,1199,6188392,381831
11200,Soft,1200,6191340,382012
21001,Medium,1001,13892300,214727
21002,Medium,1002,13902110,214878
21003,Medium,1003,14560170,225003
21004,Medium,1004,14570380,225160
21005,Medium,1005,14580590,225317
21006,Medium,1006,14590800,225474
21007,Medium,1007,14601020,225632
21008,Medium,1008,14611230,225789
21009,Medium,1009,14621440,225946
21010,Medium,1010,14631650,226103
21011,Medium,1011,14641860,226260
21012,Medium,1012,14652070,226417
21013,Medium,1013,14662280,226574
21014,Medium,1014,14672490,226731
21015,Medium,1015,14682700,226888
21016,Medium,1016,14692910,227045
21017,Medium,1017,14703130,227202
21018,Medium,1018,14713340,227360
21019,Medium,1019,14723550,227517
21020,Medium,1020,14733760,227674
21021,Medium,1021,14743970,227831
21022,Medium,1022,14754180,227988
21023,Medium,1023,15454850,238768
21024,Medium,1024,15465060,238925
21025,Medium,1025,15475270,239082
21026,Medium,1026,15485480,239239
21027,Medium,1027,15495690,239396
21028,Medium,1028,15505900,239554
21029,Medium,1029,15516120,239711
21030,Medium,1030,15526330,239868
21031,Medium,1031,15536540,240025
21032,Medium,1032,15546750,240182
21033,Medium,1033,15556960,240339
21034,Medium,1034,15567170,240496
21035,Medium,1035,15577380,240653
21036,Medium,1036,15587590,240810
21037,Medium,1037,15597800,240967
21038,Medium,1038,15608010,241124
21039,Medium,1039,15618230,241282
21040,Medium,1040,15628440,241439
21041,Medium,1041,15638650,241596
21042,Medium,1042,15648860,241753
21043,Medium,1043,16394260,253222
21044,Medium,1044,16404860,253385
21045,Medium,1045,16415470,253548
21046,Medium,1046,16426070,253711
21047,Medium,1047,16436670,253874
21048,Medium,1048,16447280,254037
21049,Medium,1049,16457880,254201
21050,Medium,1050,16468490,254364
21051,Medium,1051,16479090,254527
21052,Medium,1052,16489690,254690
21053,Medium,1053,16500300,254853
21054,Medium,1054,16510900,255016
21055,Medium,1055,16521500,255179
21056,Medium,1056,16532110,255342
21057,Medium,1057,16542710,255506
21058,Medium,1058,16553320,255669
21059,Medium,1059,16563920,255832
21060,Medium,1060,16574520,255995
21061,Medium,1061,16585130,256158
21062,Medium,1062,16595730,256321
21063,Medium,1063,17388490,268518
21064,Medium,1064,17399100,268681
21065,Medium,1065,17409700,268844
21066,Medium,1066,17420310,269007
21067,Medium,1067,17430910,269170
21068,Medium,1068,17441510,269333
21069,Medium,1069,17452120,269496
21070,Medium,1070,17462720,269660
21071,Medium,1071,17473320,269823
21072,Medium,1072,17483930,269986
21073,Medium,1073,17494530,270149
21074,Medium,1074,17505140,270312
21075,Medium,1075,17515740,270475
21076,Medium,1076,17526340,270638
21077,Medium,1077,17536950,270802
21078,Medium,1078,17547550,270965
21079,Medium,1079,17558150,271128
21080,Medium,1080,17568760,271291
21081,Medium,1081,17579360,271454
21082,Medium,1082,17589960,271617
21083,Medium,1083,18432430,284579
21084,Medium,1084,18443430,284748
21085,Medium,1085,18454420,284917
21086,Medium,1086,18465420,285086
21087,Medium,1087,18476420,285255
21088,Medium,1088,18487410,285424
21089,Medium,1089,18498410,285594
21090,Medium,1090,18509400,285763
21091,Medium,1091,18520400,285932
21092,Medium,1092,18531400,286101
21093,Medium,1093,18542390,286270
21094,Medium,1094,18553390,286439
21095,Medium,1095,18564390,286609
21096,Medium,1096,18575380,286778
21097,Medium,1097,18586380,286947
21098,Medium,1098,18597380,287116
21099,Medium,1099,18608370,287285
21100,Medium,1100,18619370,287455
21101,Medium,1101,18630370,287624
21102,Medium,1102,18641360,287793
21103,Medium,1103,19536390,301564
21104,Medium,1104,19547390,301733
21105,Medium,1105,19558390,301902
21106,Medium,1106,19569380,302071
21107,Medium,1107,19580380,302240
21108,Medium,1108,19591380,302410
21109,Medium,1109,19602370,302579
21110,Medium,1110,19613370,302748
21111,Medium,1111,19624360,302917
21112,Medium,1112,19635360,303086
21113,Medium,1113,19646360,303256
21114,Medium,1114,19657350,303425
21115,Medium,1115,19668350,303594
21116,Medium,1116,19679350,303763
21117,Medium,1117,19690340,303932
21118,Medium,1118,19701340,304101
21119,Medium,1119,19712340,304271
21120,Medium,1120,19723330,304440
21121,Medium,1121,19734330,304609
21122,Medium,1122,19745330,304778
21123,Medium,1123,20695560,319397
21124,Medium,1124,20706940,319573
21125,Medium,1125,20718330,319748
21126,Medium,1126,20729720,319923
21127,Medium,1127,20741110,320098
21128,Medium,1128,20752500,320273
21129,Medium,1129,20763890,320449
21130,Medium,1130,20775280,320624
21131,Medium,1131,20786670,320799
21132,Medium,1132,20798060,320974
21133,Medium,1133,20809450,321150
21134,Medium,1134,20820840,321325
21135,Medium,1135,20832230,321500
21136,Medium,1136,20843610,321675
21137,Medium,1137,20855000,321850
21138,Medium,1138,20866390,322026
21139,Medium,1139,20877780,322201
21140,Medium,1140,20889170,322376
21141,Medium,1141,20900560,322551
21142,Medium,1142,20911950,322726
21143,Medium,1143,21920520,338244
21144,Medium,1144,21931910,338419
21145,Medium,1145,21943300,338594
21146,Medium,1146,21954690,338769
21147,Medium,1147,21966080,338944
21148,Medium,1148,21977460,339120
21149,Medium,1149,21988850,339295
21150,Medium,1150,22000240,339470
21151,Medium,1151,22011630,339645
21152,Medium,1152,22023020,339821
21153,Medium,1153,22034410,339996
21154,Medium,1154,22045800,340171
21155,Medium,1155,22057190,340346
21156,Medium,1156,22068580,340521
21157,Medium,1157,22079970,340697
21158,Medium,1158,22091360,340872
21159,Medium,1159,22102750,341047
21160,Medium,1160,22114130,341222
21161,Medium,1161,22125520,341397
21162,Medium,1162,22136910,341573
21163,Medium,1163,23206710,358032
21164,Medium,1164,23218490,358214
21165,Medium,1165,23230270,358395
21166,Medium,1166,23242050,358576
21167,Medium,1167,23253840,358757
21168,Medium,1168,23265620,358939
21169,Medium,1169,23277400,359120
21170,Medium,1170,23289180,359301
21171,Medium,1171,23300960,359482
21172,Medium,1172,23312750,359664
21173,Medium,1173,23324530,359845
21174,Medium,1174,23336310,360026
21175,Medium,1175,23348090,360207
21176,Medium,1176,23359870,360389
21177,Medium,1177,23371660,360570
21178,Medium,1178,23383440,360751
21179,Medium,1179,23395220,360932
21180,Medium,1180,23407000,361114
21181,Medium,1181,23418780,361295
21182,Medium,1182,23430570,361476
21183,Medium,1183,24565060,378930
21184,Medium,1184,24576850,379112
21185,Medium,1185,24588630,379293
21186,Medium,1186,24600410,379474
21187,Medium,1187,24612190,379655
21188,Medium,1188,24623970,379837
21189,Medium,1189,24635760,380018
21190,Medium,1190,24647540,380199
21191,Medium,1191,24659320,380380
21192,Medium,1192,24671100,380562
21193,Medium,1193,24682880,380743
21194,Medium,1194,24694660,380924
21195,Medium,1195,24706450,381106
21196,Medium,1196,24718230,381287
21197,Medium,1197,24730010,381468
21198,Medium,1198,24741790,381649
21199,Medium,1199,24753570,381831
21200,Medium,1200,24765360,382012
31001,Hard,1001,34730750,214727
31002,Hard,1002,34755275,214878
31003,Hard,1003,36400425,225003
31004,Hard,1004,36425950,225160
31005,Hard,1005,36451475,225317
31006,Hard,1006,36477000,225474
31007,Hard,1007,36502550,225632
31008,Hard,1008,36528075,225789
31009,Hard,1009,36553600,225946
31010,Hard,1010,36579125,226103
31011,Hard,1011,36604650,226260
31012,Hard,1012,36630175,226417
31013,Hard,1013,36655700,226574
31014,Hard,1014,36681225,226731
31015,Hard,1015,36706750,226888
31016,Hard,1016,36732275,227045
31017,Hard,1017,36757825,227202
31018,Hard,1018,36783350,227360
31019,Hard,1019,36808875,227517
31020,Hard,1020,36834400,227674
31021,Hard,1021,36859925,227831
31022,Hard,1022,36885450,227988
31023,Hard,1023,38637125,238768
31024,Hard,1024,38662650,238925
31025,Hard,1025,38688175,239082
31026,Hard,1026,38713700,239239
31027,Hard,1027,38739225,239396
31028,Hard,1028,38764750,239554
31029,Hard,1029,38790300,239711
31030,Hard,1030,38815825,239868
31031,Hard,1031,38841350,240025
31032,Hard,1032,38866875,240182
31033,Hard,1033,38892400,240339
31034,Hard,1034,38917925,240496
31035,Hard,1035,38943450,240653
31036,Hard,1036,38968975,240810
31037,Hard,1037,38994500,240967
31038,Hard,1038,39020025,241124
31039,Hard,1039,39045575,241282
31040,Hard,1040,39071100,241439
31041,Hard,1041,39096625,241596
31042,Hard,1042,39122150,241753
31043,Hard,1043,40985650,253222
31044,Hard,1044,41012150,253385
31045,Hard,1045,41038675,253548
31046,Hard,1046,41065175,253711
31047,Hard,1047,41091675,253874
31048,Hard,1048,41118200,254037
31049,Hard,1049,41144700,254201
31050,Hard,1050,41171225,254364
31051,Hard,1051,41197725,254527
31052,Hard,1052,41224225,254690
31053,Hard,1053,41250750,254853
31054,Hard,1054,41277250,255016
31055,Hard,1055,41303750,255179
31056,Hard,1056,41330275,255342
31057,Hard,1057,41356775,255506
31058,Hard,1058,41383300,255669
31059,Hard,1059,41409800,255832
31060,Hard,1060,41436300,255995
31061,Hard,1061,41462825,256158
31062,Hard,1062,41489325,256321
31063,Hard,1063,43471225,268518
31064,Hard,1064,43497750,268681
31065,Hard,1065,43524250,268844
31066,Hard,1066,43550775,269007
31067,Hard,1067,43577275,269170
31068,Hard,1068,43603775,269333
31069,Hard,1069,43630300,269496
31070,Hard,1070,43656800,269660
31071,Hard,1071,43683300,269823
31072,Hard,1072,43709825,269986
31073,Hard,1073,43736325,270149
31074,Hard,1074,43762850,270312
31075,Hard,1075,43789350,270475
31076,Hard,1076,43815850,270638
31077,Hard,1077,43842375,270802
31078,Hard,1078,43868875,270965
31079,Hard,1079,43895375,271128
31080,Hard,1080,43921900,271291
31081,Hard,1081,43948400,271454
31082,Hard,1082,43974900,271617
31083,Hard,1083,46081075,284579
31084,Hard,1084,46108575,284748
31085,Hard,1085,46136050,284917
31086,Hard,1086,46163550,285086
31087,Hard,1087,46191050,285255
31088,Hard,1088,46218525,285424
31089,Hard,1089,46246025,285594
31090,Hard,1090,46273500,285763
31091,Hard,1091,46301000,285932
31092,Hard,1092,46328500,286101
31093,Hard,1093,46355975,286270
31094,Hard,1094,46383475,286439
31095,Hard,1095,46410975,286609
31096,Hard,1096,46438450,286778
31097,Hard,1097,46465950,286947
31098,Hard,1098,46493450,287116
31099,Hard,1099,46520925,287285
31100,Hard,1100,46548425,287455
31101,Hard,1101,46575925,287624
31102,Hard,1102,46603400,287793
31103,Hard,1103,48840975,301564
31104,Hard,1104,48868475,301733
31105,Hard,1105,48895975,301902
31106,Hard,1106,48923450,302071
31107,Hard,1107,48950950,302240
31108,Hard,1108,48978450,302410
31109,Hard,1109,49005925,302579
31110,Hard,1110,49033425,302748
31111,Hard,1111,49060900,302917
31112,Hard,1112,49088400,303086
31113,Hard,1113,49115900,303256
31114,Hard,1114,49143375,303425
31115,Hard,1115,49170875,303594
31116,Hard,1116,49198375,303763
31117,Hard,1117,49225850,303932
31118,Hard,1118,49253350,304101
31119,Hard,1119,49280850,304271
31120,Hard,1120,49308325,304440
31121,Hard,1121,49335825,304609
31122,Hard,1122,49363325,304778
31123,Hard,1123,51738900,319397
31124,Hard,1124,51767350,319573
31125,Hard,1125,51795825,319748
31126,Hard,1126,51824300,319923
31127,Hard,1127,51852775,320098
31128,Hard,1128,51881250,320273
31129,Hard,1129,51909725,320449
31130,Hard,1130,51938200,320624
31131,Hard,1131,51966675,320799
31132,Hard,1132,51995150,320974
31133,Hard,1133,52023625,321150
31134,Hard,1134,52052100,321325
31135,Hard,1135,52080575,321500
31136,Hard,1136,52109025,321675
31137,Hard,1137,52137500,321850
31138,Hard,1138,52165975,322026
31139,Hard,1139,52194450,322201
31140,Hard,1140,52222925,322376
31141,Hard,1141,52251400,322551
31142,Hard,1142,52279875,322726
31143,Hard,1143,54801300,338244
31144,Hard,1144,54829775,338419
31145,Hard,1145,54858250,338594
31146,Hard,1146,54886725,338769
31147,Hard,1147,54915200,338944
31148,Hard,1148,54943650,339120
31149,Hard,1149,54972125,339295
31150,Hard,1150,55000600,339470
31151,Hard,1151,55029075,339645
31152,Hard,1152,55057550,339821
31153,Hard,1153,55086025,339996
31154,Hard,1154,55114500,340171
31155,Hard,1155,55142975,340346
31156,Hard,1156,55171450,340521
31157,Hard,1157,55199925,340697
31158,Hard,1158,55228400,340872
31159,Hard,1159,55256875,341047
31160,Hard,1160,55285325,341222
31161,Hard,1161,55313800,341397
31162,Hard,1162,55342275,341573
31163,Hard,1163,58016775,358032
31164,Hard,1164,58046225,358214
31165,Hard,1165,58075675,358395
31166,Hard,1166,58105125,358576
31167,Hard,1167,58134600,358757
31168,Hard,1168,58164050,358939
31169,Hard,1169,58193500,359120
31170,Hard,1170,58222950,359301
31171,Hard,1171,58252400,359482
31172,Hard,1172,58281875,359664
31173,Hard,1173,58311325,359845
31174,Hard,1174,58340775,360026
31175,Hard,1175,58370225,360207
31176,Hard,1176,58399675,360389
31177,Hard,1177,58429150,360570
31178,Hard,1178,58458600,360751
31179,Hard,1179,58488050,360932
31180,Hard,1180,58517500,361114
31181,Hard,1181,58546950,361295
31182,Hard,1182,58576425,361476
31183,Hard,1183,61412650,378930
31184,Hard,1184,61442125,379112
31185,Hard,1185,61471575,379293
31186,Hard,1186,61501025,379474
31187,Hard,1187,61530475,379655
31188,Hard,1188,61559925,379837
31189,Hard,1189,61589400,380018
31190,Hard,1190,61618850,380199
31191,Hard,1191,61648300,380380
31192,Hard,1192,61677750,380562
31193,Hard,1193,61707200,380743
31194,Hard,1194,61736650,380924
31195,Hard,1195,61766125,381106
31196,Hard,1196,61795575,381287
31197,Hard,1197,61825025,381468
31198,Hard,1198,61854475,381649
31199,Hard,1199,61883925,381831
31200,Hard,1200,61913400,382012
