id,wave_group_id,order,start_delay,spawn_monster_id,spawn_count,spawn_delay,min_wave_point_order,max_wave_point_order,spawn_type,wave_limit_monster
90010101,900101,1,0,1065260029,1,24000,4,4,InOrder,3
90010102,900101,2,34000,1065260029,1,24000,6,6,InOrder,3
90010103,900101,3,58000,1165260029,1,48000,5,5,InOrder,3
90010104,900101,4,87000,1245240029,1,72000,5,5,InOrder,3
90010105,900101,5,39000,1065270029,1,24000,1,1,InOrder,3
90010106,900101,6,34000,1065270029,1,24000,3,3,InOrder,3
90010107,900101,7,58000,1165270029,1,48000,2,2,InOrder,3
90010108,900101,8,178000,1165260029,1,48000,2,2,InOrder,3
90010109,900101,9,34000,1065270029,3,24000,1,3,InOrder,2
90020101,900201,1,0,1045240029,3,12000,4,6,InOrder,5
90020102,900201,2,34000,1145240029,1,24000,5,5,InOrder,5
90020103,900201,3,22000,1045240029,3,12000,6,4,InOrder,5
90020104,900201,4,34000,1145240029,1,24000,5,5,InOrder,5
90020105,900201,5,51000,1245240029,1,36000,5,5,InOrder,5
90020106,900201,6,22000,1045240029,3,12000,4,6,InOrder,5
90020107,900201,7,27000,1045250029,3,12000,1,3,InOrder,5
90020108,900201,8,34000,1145250029,1,24000,2,2,InOrder,5
90020109,900201,9,22000,1045250029,3,12000,3,1,InOrder,5
90020110,900201,10,34000,1145250029,1,24000,2,2,InOrder,5
90020111,900201,11,142000,1045250029,3,12000,4,6,InOrder,5
90020112,900201,12,34000,1145250029,1,24000,5,5,InOrder,5
90020113,900201,13,22000,1045250029,3,12000,6,4,InOrder,5
90020114,900201,14,34000,1145250029,1,24000,5,5,InOrder,5
90020115,900201,15,51000,1245240029,1,36000,2,2,InOrder,5
90020116,900201,16,22000,1045250029,3,12000,1,3,InOrder,5
90020117,900201,17,27000,1045240029,3,12000,1,3,InOrder,5
90020118,900201,18,34000,1145240029,1,24000,2,2,InOrder,5
90020119,900201,19,22000,1045240029,3,12000,3,1,InOrder,5
90020120,900201,20,34000,1145240029,1,24000,2,2,InOrder,4
90020121,900201,21,154000,1145240029,1,24000,1,1,InOrder,5
90020122,900201,22,34000,1145250029,1,24000,3,3,InOrder,5
90020123,900201,23,22000,1045240029,3,12000,1,3,InOrder,5
90020124,900201,24,51000,1245240029,1,36000,5,5,InOrder,5
90020125,900201,25,22000,1045240029,3,12000,4,6,InOrder,5
90020126,900201,26,39000,1145250029,1,24000,4,4,InOrder,5
90020127,900201,27,34000,1145240029,1,24000,6,6,InOrder,5
90020128,900201,28,22000,1045250029,3,12000,4,6,InOrder,5
90020129,900201,29,142000,1045250029,3,12000,4,6,InOrder,5
90020130,900201,30,34000,1145250029,1,24000,5,5,InOrder,5
90020131,900201,31,22000,1045250029,3,12000,6,4,InOrder,5
90020132,900201,32,34000,1145250029,1,24000,5,5,InOrder,3
10010101,100101,1,0,1065260229,3,12000,7,9,InOrder,5
10010102,100101,2,34000,1165270229,1,24000,8,8,InOrder,5
10010103,100101,3,22000,1065260229,3,12000,9,7,InOrder,5
10010104,100101,4,34000,1165270229,1,24000,8,8,InOrder,5
10010105,100101,5,51000,1255250229,1,36000,8,8,InOrder,5
10010106,100101,6,22000,1065270229,3,12000,7,9,InOrder,5
10010107,100101,7,27000,1065270229,3,12000,4,6,InOrder,5
10010108,100101,8,34000,1165260229,1,24000,5,5,InOrder,5
10010109,100101,9,22000,1065270229,3,12000,6,4,InOrder,5
10010110,100101,10,34000,1165260229,1,24000,5,5,InOrder,5
10010111,100101,11,142000,1065260229,3,12000,7,9,InOrder,5
10010112,100101,12,34000,1165270229,1,24000,8,8,InOrder,5
10010113,100101,13,22000,1065260229,3,12000,9,7,InOrder,5
10010114,100101,14,34000,1165270229,1,24000,8,8,InOrder,5
10010115,100101,15,51000,1255250229,1,36000,5,5,InOrder,5
10010116,100101,16,22000,1065260229,3,12000,4,6,InOrder,5
10010117,100101,17,27000,1065270229,3,12000,4,6,InOrder,5
10010118,100101,18,34000,1165260229,1,24000,5,5,InOrder,5
10010119,100101,19,22000,1065270229,3,12000,6,4,InOrder,5
10010120,100101,20,34000,1165260229,1,24000,5,5,InOrder,5
10010121,100101,21,142000,1065270229,1,12000,4,4,InOrder,5
10010122,100101,22,34000,1165260229,1,24000,6,6,InOrder,5
10010123,100101,23,22000,1065270229,3,12000,4,6,InOrder,5
10010124,100101,24,51000,1255250229,1,36000,8,8,InOrder,5
10010125,100101,25,22000,1065260229,3,12000,7,9,InOrder,5
10010126,100101,26,39000,1165270229,1,24000,7,7,InOrder,5
10010127,100101,27,34000,1165260229,1,24000,9,9,InOrder,5
10010128,100101,28,22000,1065260229,3,12000,7,9,InOrder,5
10010129,100101,29,142000,1065270229,3,12000,7,9,InOrder,5
10010130,100101,30,34000,1165270229,1,24000,8,8,InOrder,5
10010131,100101,31,22000,1065270229,3,12000,9,7,InOrder,5
10010132,100101,32,34000,1165270229,1,24000,8,8,InOrder,3
10010201,100102,1,0,1065260229,3,12000,7,9,InOrder,5
10010202,100102,2,34000,1165270229,1,24000,8,8,InOrder,5
10010203,100102,3,22000,1065260229,3,12000,9,7,InOrder,5
10010204,100102,4,34000,1165270229,1,24000,8,8,InOrder,5
10010205,100102,5,51000,1255250229,1,36000,8,8,InOrder,5
10010206,100102,6,34000,1165270229,1,24000,7,7,InOrder,5
10010207,100102,7,34000,1165270229,1,24000,9,9,InOrder,5
10010208,100102,8,27000,1065270229,3,12000,4,6,InOrder,5
10010209,100102,9,34000,1165260229,1,24000,5,5,InOrder,5
10010210,100102,10,22000,1065270229,3,12000,6,4,InOrder,5
10010211,100102,11,34000,1165260229,1,24000,5,5,InOrder,5
10010212,100102,12,102000,1065260229,3,12000,7,9,InOrder,5
10010213,100102,13,34000,1165270229,1,24000,8,8,InOrder,5
10010214,100102,14,22000,1065260229,3,12000,9,7,InOrder,5
10010215,100102,15,34000,1165270229,1,24000,8,8,InOrder,5
10010216,100102,16,51000,1255250229,1,36000,1,1,InOrder,5
10010217,100102,17,46000,1255250229,1,36000,3,3,InOrder,5
10010218,100102,18,22000,1065260229,3,12000,1,3,InOrder,5
10010219,100102,19,27000,1065270229,3,12000,1,3,InOrder,5
10010220,100102,20,34000,1165260229,1,24000,2,2,InOrder,5
10010221,100102,21,22000,1065270229,3,12000,3,1,InOrder,5
10010222,100102,22,34000,1165260229,1,24000,2,2,InOrder,5
10010223,100102,23,114000,1165270229,1,24000,4,4,InOrder,5
10010224,100102,24,34000,1165260229,1,24000,6,6,InOrder,5
10010225,100102,25,22000,1065270229,3,12000,4,6,InOrder,5
10010226,100102,26,51000,1255250229,1,36000,4,4,InOrder,5
10010227,100102,27,46000,1255250229,1,36000,6,6,InOrder,5
10010228,100102,28,22000,1045240229,3,12000,4,6,InOrder,5
10010229,100102,29,39000,1165270229,1,24000,7,7,InOrder,5
10010230,100102,30,34000,1165260229,1,24000,9,9,InOrder,5
10010231,100102,31,22000,1065260229,3,12000,7,9,InOrder,5
10010232,100102,32,102000,1065270229,3,12000,7,9,InOrder,5
10010233,100102,33,34000,1165270229,1,24000,8,8,InOrder,5
10010234,100102,34,22000,1065270229,3,12000,9,7,InOrder,5
10010235,100102,35,34000,1165270229,1,24000,8,8,InOrder,5
10010236,100102,36,51000,1255250229,1,36000,2,2,InOrder,5
10010237,100102,37,34000,1145240229,1,24000,1,1,InOrder,5
10010238,100102,38,34000,1145240229,1,24000,3,3,InOrder,3
10010301,100103,1,0,1065260229,3,12000,7,9,InOrder,5
10010302,100103,2,34000,1165270229,1,24000,8,8,InOrder,5
10010303,100103,3,34000,1165260229,3,24000,9,7,InOrder,5
10010304,100103,4,51000,1255250229,1,36000,7,7,InOrder,5
10010305,100103,5,46000,1255250229,1,36000,9,9,InOrder,5
10010306,100103,6,22000,1065270229,3,12000,7,9,InOrder,5
10010307,100103,7,27000,1065270229,3,12000,1,3,InOrder,5
10010308,100103,8,34000,1165260229,1,24000,2,2,InOrder,5
10010309,100103,9,34000,1165270229,3,24000,3,1,InOrder,5
10010310,100103,10,62000,1065260229,3,12000,4,6,InOrder,5
10010311,100103,11,34000,1165270229,1,24000,5,5,InOrder,5
10010312,100103,12,34000,1165260229,3,24000,6,4,InOrder,5
10010313,100103,13,51000,1255250229,1,36000,4,4,InOrder,5
10010314,100103,14,46000,1255250229,1,36000,6,6,InOrder,5
10010315,100103,15,22000,1065260229,3,12000,4,6,InOrder,5
10010316,100103,16,27000,1065270229,3,12000,10,12,InOrder,5
10010317,100103,17,34000,1165260229,1,24000,11,11,InOrder,5
10010318,100103,18,34000,1165270229,3,24000,12,10,InOrder,5
10010319,100103,19,62000,1065270229,1,12000,1,1,InOrder,5
10010320,100103,20,22000,1065270229,1,12000,3,3,InOrder,5
10010321,100103,21,34000,1165260229,3,24000,1,3,InOrder,5
10010322,100103,22,51000,1255250229,1,36000,1,1,InOrder,5
10010323,100103,23,46000,1255250229,1,36000,3,3,InOrder,5
10010324,100103,24,22000,1045240229,3,12000,1,3,InOrder,5
10010325,100103,25,27000,1065270229,1,12000,4,4,InOrder,5
10010326,100103,26,22000,1065270229,1,12000,6,6,InOrder,5
10010327,100103,27,34000,1165260229,3,24000,4,6,InOrder,5
10010328,100103,28,62000,1065270229,3,12000,4,6,InOrder,5
10010329,100103,29,34000,1165270229,1,24000,5,5,InOrder,5
10010330,100103,30,34000,1165270229,3,24000,6,4,InOrder,5
10010331,100103,31,51000,1255250229,1,36000,1,1,InOrder,5
10010332,100103,32,46000,1255250229,1,36000,3,3,InOrder,5
10010333,100103,33,22000,1045240229,3,12000,1,3,InOrder,3
10020101,100201,1,0,1045241029,3,12000,1,3,InOrder,5
10020102,100201,2,34000,1145251029,1,24000,2,2,InOrder,5
10020103,100201,3,22000,1045241029,3,12000,3,1,InOrder,5
10020104,100201,4,34000,1145251029,1,24000,2,2,InOrder,5
10020105,100201,5,51000,1255271029,1,36000,2,2,InOrder,5
10020106,100201,6,22000,1045251029,3,12000,1,3,InOrder,5
10020107,100201,7,27000,1045251029,3,12000,7,9,InOrder,5
10020108,100201,8,34000,1145241029,1,24000,8,8,InOrder,5
10020109,100201,9,22000,1045251029,3,12000,9,7,InOrder,5
10020110,100201,10,34000,1145241029,1,24000,8,8,InOrder,5
10020111,100201,11,142000,1045241029,3,12000,1,3,InOrder,5
10020112,100201,12,34000,1145251029,1,24000,2,2,InOrder,5
10020113,100201,13,22000,1045241029,3,12000,3,1,InOrder,5
10020114,100201,14,34000,1145251029,1,24000,2,2,InOrder,5
10020115,100201,15,51000,1255271029,1,36000,8,8,InOrder,5
10020116,100201,16,22000,1045241029,3,12000,7,9,InOrder,5
10020117,100201,17,27000,1045251029,3,12000,7,9,InOrder,5
10020118,100201,18,34000,1145241029,1,24000,8,8,InOrder,5
10020119,100201,19,22000,1045251029,3,12000,9,7,InOrder,5
10020120,100201,20,34000,1145241029,1,24000,8,8,InOrder,5
10020121,100201,21,142000,1045251029,1,12000,7,7,InOrder,5
10020122,100201,22,34000,1145241029,1,24000,9,9,InOrder,5
10020123,100201,23,22000,1045251029,3,12000,7,9,InOrder,5
10020124,100201,24,51000,1255271029,1,36000,2,2,InOrder,5
10020125,100201,25,22000,1045241029,3,12000,1,3,InOrder,5
10020126,100201,26,39000,1145251029,1,24000,1,1,InOrder,5
10020127,100201,27,34000,1145241029,1,24000,3,3,InOrder,5
10020128,100201,28,22000,1045241029,3,12000,1,3,InOrder,5
10020129,100201,29,142000,1045251029,3,12000,1,3,InOrder,5
10020130,100201,30,34000,1145251029,1,24000,2,2,InOrder,5
10020131,100201,31,22000,1045251029,3,12000,3,1,InOrder,5
10020132,100201,32,34000,1145251029,1,24000,2,2,InOrder,3
10020201,100202,1,0,1045241029,3,12000,1,3,InOrder,5
10020202,100202,2,34000,1145251029,1,24000,2,2,InOrder,5
10020203,100202,3,22000,1045241029,3,12000,3,1,InOrder,5
10020204,100202,4,34000,1145251029,1,24000,2,2,InOrder,5
10020205,100202,5,51000,1255271029,1,36000,2,2,InOrder,5
10020206,100202,6,34000,1145251029,1,24000,1,1,InOrder,5
10020207,100202,7,34000,1145251029,1,24000,3,3,InOrder,5
10020208,100202,8,27000,1045251029,3,12000,7,9,InOrder,5
10020209,100202,9,34000,1145241029,1,24000,8,8,InOrder,5
10020210,100202,10,22000,1045251029,3,12000,9,7,InOrder,5
10020211,100202,11,34000,1145241029,1,24000,8,8,InOrder,5
10020212,100202,12,102000,1045241029,3,12000,1,3,InOrder,5
10020213,100202,13,34000,1145251029,1,24000,2,2,InOrder,5
10020214,100202,14,22000,1045241029,3,12000,3,1,InOrder,5
10020215,100202,15,34000,1145251029,1,24000,2,2,InOrder,5
10020216,100202,16,51000,1255271029,1,36000,10,10,InOrder,5
10020217,100202,17,46000,1255271029,1,36000,12,12,InOrder,5
10020218,100202,18,22000,1045241029,3,12000,10,12,InOrder,5
10020219,100202,19,27000,1045251029,3,12000,10,12,InOrder,5
10020220,100202,20,34000,1145241029,1,24000,11,11,InOrder,5
10020221,100202,21,22000,1045251029,3,12000,12,10,InOrder,5
10020222,100202,22,34000,1145241029,1,24000,11,11,InOrder,5
10020223,100202,23,114000,1145251029,1,24000,7,7,InOrder,5
10020224,100202,24,34000,1145241029,1,24000,9,9,InOrder,5
10020225,100202,25,22000,1045251029,3,12000,7,9,InOrder,5
10020226,100202,26,51000,1255271029,1,36000,7,7,InOrder,5
10020227,100202,27,46000,1255271029,1,36000,9,9,InOrder,5
10020228,100202,28,22000,1045241029,3,12000,7,9,InOrder,5
10020229,100202,29,39000,1145251029,1,24000,1,1,InOrder,5
10020230,100202,30,34000,1145241029,1,24000,3,3,InOrder,5
10020231,100202,31,22000,1045241029,3,12000,1,3,InOrder,5
10020232,100202,32,102000,1045251029,3,12000,1,3,InOrder,5
10020233,100202,33,34000,1145251029,1,24000,2,2,InOrder,5
10020234,100202,34,22000,1045251029,3,12000,3,1,InOrder,5
10020235,100202,35,34000,1145251029,1,24000,2,2,InOrder,5
10020236,100202,36,51000,1255271029,1,36000,11,11,InOrder,5
10020237,100202,37,34000,1145241029,1,24000,10,10,InOrder,5
10020238,100202,38,34000,1145241029,1,24000,12,12,InOrder,3
10020301,100203,1,0,1045241029,3,12000,1,3,InOrder,5
10020302,100203,2,34000,1145251029,1,24000,2,2,InOrder,5
10020303,100203,3,34000,1145241029,3,24000,3,1,InOrder,5
10020304,100203,4,51000,1255271029,1,36000,1,1,InOrder,5
10020305,100203,5,46000,1255271029,1,36000,3,3,InOrder,5
10020306,100203,6,22000,1045251029,3,12000,1,3,InOrder,5
10020307,100203,7,27000,1045251029,3,12000,7,9,InOrder,5
10020308,100203,8,34000,1145241029,1,24000,8,8,InOrder,5
10020309,100203,9,34000,1145251029,3,24000,9,7,InOrder,5
10020310,100203,10,62000,1045241029,3,12000,4,6,InOrder,5
10020311,100203,11,34000,1145251029,1,24000,5,5,InOrder,5
10020312,100203,12,34000,1145241029,3,24000,6,4,InOrder,5
10020313,100203,13,51000,1255271029,1,36000,4,4,InOrder,5
10020314,100203,14,46000,1255271029,1,36000,6,6,InOrder,5
10020315,100203,15,22000,1045241029,3,12000,4,6,InOrder,5
10020316,100203,16,27000,1045251029,3,12000,10,12,InOrder,5
10020317,100203,17,34000,1145241029,1,24000,11,11,InOrder,5
10020318,100203,18,34000,1145251029,3,24000,12,10,InOrder,5
10020319,100203,19,62000,1045251029,1,12000,7,7,InOrder,5
10020320,100203,20,22000,1045251029,1,12000,9,9,InOrder,5
10020321,100203,21,34000,1145241029,3,24000,7,9,InOrder,5
10020322,100203,22,51000,1255271029,1,36000,7,7,InOrder,5
10020323,100203,23,46000,1255271029,1,36000,9,9,InOrder,5
10020324,100203,24,22000,1045241029,3,12000,7,9,InOrder,5
10020325,100203,25,27000,1045251029,1,12000,1,1,InOrder,5
10020326,100203,26,22000,1045251029,1,12000,3,3,InOrder,5
10020327,100203,27,34000,1145241029,3,24000,1,3,InOrder,5
10020328,100203,28,62000,1045251029,3,12000,1,3,InOrder,5
10020329,100203,29,34000,1145251029,1,24000,2,2,InOrder,5
10020330,100203,30,34000,1145251029,3,24000,3,1,InOrder,5
10020331,100203,31,51000,1255271029,1,36000,10,10,InOrder,5
10020332,100203,32,46000,1255271029,1,36000,12,12,InOrder,5
10020333,100203,33,22000,1045241029,3,12000,10,12,InOrder,3
10030101,100301,1,0,1055280129,2,12000,4,4,InOrder,5
10030102,100301,2,22000,1055280129,2,12000,6,6,InOrder,5
10030103,100301,3,34000,1155290129,1,24000,5,5,InOrder,5
10030104,100301,4,22000,1055280129,3,12000,6,4,InOrder,5
10030105,100301,5,34000,1155290129,1,24000,5,5,InOrder,5
10030106,100301,6,51000,1265290129,1,36000,5,5,InOrder,5
10030107,100301,7,22000,1055290129,3,12000,4,6,InOrder,5
10030108,100301,8,27000,1055290129,2,12000,10,10,InOrder,5
10030109,100301,9,22000,1055290129,2,12000,12,12,InOrder,5
10030110,100301,10,34000,1155280129,1,24000,11,11,InOrder,5
10030111,100301,11,22000,1055290129,3,12000,12,10,InOrder,5
10030112,100301,12,34000,1155280129,1,24000,11,11,InOrder,5
10030113,100301,13,142000,1055280129,2,12000,4,4,InOrder,5
10030114,100301,14,22000,1055280129,2,12000,6,6,InOrder,5
10030115,100301,15,34000,1155290129,1,24000,5,5,InOrder,5
10030116,100301,16,22000,1055280129,3,12000,6,4,InOrder,5
10030117,100301,17,34000,1155290129,1,24000,5,5,InOrder,5
10030118,100301,18,51000,1265290129,1,36000,11,11,InOrder,5
10030119,100301,19,22000,1055280129,3,12000,10,12,InOrder,5
10030120,100301,20,27000,1055290129,2,12000,10,10,InOrder,5
10030121,100301,21,22000,1055290129,2,12000,12,12,InOrder,5
10030122,100301,22,34000,1155280129,1,24000,11,11,InOrder,5
10030123,100301,23,22000,1055290129,3,12000,12,10,InOrder,5
10030124,100301,24,34000,1155280129,1,24000,11,11,InOrder,5
10030125,100301,25,142000,1055290129,1,12000,10,10,InOrder,5
10030126,100301,26,34000,1155280129,1,24000,12,12,InOrder,5
10030127,100301,27,22000,1055290129,3,12000,10,12,InOrder,5
10030128,100301,28,51000,1265290129,1,36000,5,5,InOrder,5
10030129,100301,29,22000,1055280129,3,12000,4,6,InOrder,5
10030130,100301,30,39000,1155290129,1,24000,4,4,InOrder,5
10030131,100301,31,34000,1155280129,1,24000,6,6,InOrder,5
10030132,100301,32,22000,1055280129,3,12000,4,6,InOrder,5
10030133,100301,33,142000,1055290129,3,12000,4,6,InOrder,5
10030134,100301,34,34000,1155290129,1,24000,5,5,InOrder,5
10030135,100301,35,22000,1055290129,3,12000,6,4,InOrder,5
10030136,100301,36,34000,1155290129,1,24000,5,5,InOrder,3
10030201,100302,1,0,1055280129,2,12000,4,6,InOrder,5
10030202,100302,2,22000,1055280129,1,12000,6,6,InOrder,5
10030203,100302,3,34000,1155290129,1,24000,5,5,InOrder,5
10030204,100302,4,22000,1055280129,3,12000,6,4,InOrder,5
10030205,100302,5,34000,1155290129,1,24000,5,5,InOrder,5
10030206,100302,6,51000,1265290129,1,36000,5,5,InOrder,5
10030207,100302,7,34000,1155290129,1,24000,4,4,InOrder,5
10030208,100302,8,34000,1155290129,1,24000,6,6,InOrder,5
10030209,100302,9,27000,1055290129,1,12000,12,12,InOrder,5
10030210,100302,10,22000,1055290129,2,12000,10,10,InOrder,5
10030211,100302,11,34000,1155280129,1,24000,11,11,InOrder,5
10030212,100302,12,22000,1055290129,3,12000,12,10,InOrder,5
10030213,100302,13,34000,1155280129,1,24000,11,11,InOrder,5
10030214,100302,14,102000,1055280129,2,12000,10,10,InOrder,5
10030215,100302,15,22000,1055280129,1,12000,12,12,InOrder,5
10030216,100302,16,34000,1155290129,1,24000,11,11,InOrder,5
10030217,100302,17,22000,1055280129,3,12000,12,10,InOrder,5
10030218,100302,18,34000,1155290129,1,24000,11,11,InOrder,5
10030219,100302,19,51000,1265290129,1,36000,1,1,InOrder,5
10030220,100302,20,46000,1265290129,1,36000,3,3,InOrder,5
10030221,100302,21,22000,1055280129,3,12000,1,3,InOrder,5
10030222,100302,22,27000,1055290129,2,12000,3,3,InOrder,5
10030223,100302,23,22000,1055290129,1,12000,1,1,InOrder,5
10030224,100302,24,34000,1155280129,1,24000,2,2,InOrder,5
10030225,100302,25,22000,1055290129,3,12000,3,1,InOrder,5
10030226,100302,26,34000,1155280129,1,24000,2,2,InOrder,5
10030227,100302,27,114000,1155290129,1,24000,10,10,InOrder,5
10030228,100302,28,34000,1155280129,1,24000,12,12,InOrder,5
10030229,100302,29,22000,1055290129,3,12000,10,12,InOrder,5
10030230,100302,30,51000,1265290129,1,36000,10,10,InOrder,5
10030231,100302,31,46000,1265290129,1,36000,12,12,InOrder,5
10030232,100302,32,22000,1045240129,3,12000,10,12,InOrder,5
10030233,100302,33,39000,1155290129,1,24000,4,4,InOrder,5
10030234,100302,34,34000,1155280129,1,24000,6,6,InOrder,5
10030235,100302,35,22000,1055280129,3,12000,4,6,InOrder,5
10030236,100302,36,102000,1055290129,3,12000,4,6,InOrder,5
10030237,100302,37,34000,1155290129,1,24000,5,5,InOrder,5
10030238,100302,38,22000,1055290129,3,12000,6,4,InOrder,5
10030239,100302,39,34000,1155290129,1,24000,5,5,InOrder,5
10030240,100302,40,51000,1265290129,1,36000,2,2,InOrder,5
10030241,100302,41,34000,1145240129,1,24000,1,1,InOrder,5
10030242,100302,42,34000,1145240129,1,24000,3,3,InOrder,3
10030301,100303,1,0,1055280129,2,12000,4,4,InOrder,5
10030302,100303,2,22000,1055280129,2,12000,6,6,InOrder,5
10030303,100303,3,34000,1155290129,1,24000,5,5,InOrder,5
10030304,100303,4,34000,1155280129,3,24000,6,4,InOrder,5
10030305,100303,5,51000,1265290129,1,36000,4,4,InOrder,5
10030306,100303,6,46000,1265290129,1,36000,6,6,InOrder,5
10030307,100303,7,22000,1055290129,3,12000,4,6,InOrder,5
10030308,100303,8,27000,1055290129,3,12000,10,12,InOrder,5
10030309,100303,9,34000,1155280129,1,24000,11,11,InOrder,5
10030310,100303,10,34000,1155290129,3,24000,12,10,InOrder,5
10030311,100303,11,62000,1055280129,2,12000,1,1,InOrder,5
10030312,100303,12,22000,1055280129,2,12000,3,3,InOrder,5
10030313,100303,13,34000,1155290129,1,24000,2,2,InOrder,5
10030314,100303,14,34000,1155280129,3,24000,3,1,InOrder,5
10030315,100303,15,51000,1265290129,1,36000,1,1,InOrder,5
10030316,100303,16,46000,1265290129,1,36000,3,3,InOrder,5
10030317,100303,17,22000,1055280129,3,12000,1,3,InOrder,5
10030318,100303,18,27000,1055290129,3,12000,7,9,InOrder,5
10030319,100303,19,34000,1155280129,1,24000,8,8,InOrder,5
10030320,100303,20,34000,1155290129,3,24000,9,7,InOrder,5
10030321,100303,21,62000,1055290129,1,12000,10,10,InOrder,5
10030322,100303,22,22000,1055290129,1,12000,12,12,InOrder,5
10030323,100303,23,34000,1155280129,3,24000,10,12,InOrder,5
10030324,100303,24,51000,1265290129,1,36000,10,10,InOrder,5
10030325,100303,25,46000,1265290129,1,36000,12,12,InOrder,5
10030326,100303,26,22000,1045240129,3,12000,10,12,InOrder,5
10030327,100303,27,27000,1055290129,1,12000,1,1,InOrder,5
10030328,100303,28,22000,1055290129,1,12000,3,3,InOrder,5
10030329,100303,29,34000,1155280129,3,24000,1,3,InOrder,5
10030330,100303,30,62000,1055290129,3,12000,1,3,InOrder,5
10030331,100303,31,34000,1155290129,1,24000,2,2,InOrder,5
10030332,100303,32,34000,1155290129,3,24000,3,1,InOrder,5
10030333,100303,33,51000,1265290129,1,36000,7,7,InOrder,5
10030334,100303,34,46000,1265290129,1,36000,9,9,InOrder,5
10030335,100303,35,22000,1045240129,3,12000,7,9,InOrder,3
10040101,100401,1,0,1065262329,2,12000,10,10,InOrder,5
10040102,100401,2,22000,1065262329,2,12000,12,12,InOrder,5
10040103,100401,3,34000,1145242329,1,24000,11,11,InOrder,5
10040104,100401,4,22000,1065262329,3,12000,12,10,InOrder,5
10040105,100401,5,34000,1145242329,1,24000,11,11,InOrder,5
10040106,100401,6,51000,1245282329,1,36000,11,11,InOrder,5
10040107,100401,7,22000,1045242329,3,12000,10,12,InOrder,5
10040108,100401,8,27000,1045242329,2,12000,4,4,InOrder,5
10040109,100401,9,22000,1045242329,2,12000,6,6,InOrder,5
10040110,100401,10,34000,1165262329,1,24000,5,5,InOrder,5
10040111,100401,11,22000,1045242329,3,12000,6,4,InOrder,5
10040112,100401,12,34000,1165262329,1,24000,5,5,InOrder,5
10040113,100401,13,142000,1065262329,2,12000,10,10,InOrder,5
10040114,100401,14,22000,1065262329,2,12000,12,12,InOrder,5
10040115,100401,15,34000,1145242329,1,24000,11,11,InOrder,5
10040116,100401,16,22000,1065262329,3,12000,12,10,InOrder,5
10040117,100401,17,34000,1145242329,1,24000,11,11,InOrder,5
10040118,100401,18,51000,1245282329,1,36000,5,5,InOrder,5
10040119,100401,19,22000,1065262329,3,12000,4,6,InOrder,5
10040120,100401,20,27000,1045242329,2,12000,4,4,InOrder,5
10040121,100401,21,22000,1045242329,2,12000,6,6,InOrder,5
10040122,100401,22,34000,1165262329,1,24000,5,5,InOrder,5
10040123,100401,23,22000,1045242329,3,12000,6,4,InOrder,5
10040124,100401,24,34000,1165262329,1,24000,5,5,InOrder,5
10040125,100401,25,142000,1045242329,1,12000,4,4,InOrder,5
10040126,100401,26,34000,1165262329,1,24000,6,6,InOrder,5
10040127,100401,27,22000,1045242329,3,12000,4,6,InOrder,5
10040128,100401,28,51000,1245282329,1,36000,11,11,InOrder,5
10040129,100401,29,22000,1065262329,3,12000,10,12,InOrder,5
10040130,100401,30,39000,1145242329,1,24000,10,10,InOrder,5
10040131,100401,31,34000,1165262329,1,24000,12,12,InOrder,5
10040132,100401,32,22000,1065262329,3,12000,10,12,InOrder,5
10040133,100401,33,142000,1045242329,3,12000,10,12,InOrder,5
10040134,100401,34,34000,1145242329,1,24000,11,11,InOrder,5
10040135,100401,35,22000,1045242329,3,12000,12,10,InOrder,5
10040136,100401,36,34000,1145242329,1,24000,11,11,InOrder,3
10040201,100402,1,0,1065262329,2,12000,10,12,InOrder,5
10040202,100402,2,22000,1065262329,1,12000,12,12,InOrder,5
10040203,100402,3,34000,1145242329,1,24000,11,11,InOrder,5
10040204,100402,4,22000,1065262329,3,12000,12,10,InOrder,5
10040205,100402,5,34000,1145242329,1,24000,11,11,InOrder,5
10040206,100402,6,51000,1245282329,1,36000,11,11,InOrder,5
10040207,100402,7,34000,1145242329,1,24000,10,10,InOrder,5
10040208,100402,8,34000,1145242329,1,24000,12,12,InOrder,5
10040209,100402,9,27000,1045242329,1,12000,6,6,InOrder,5
10040210,100402,10,22000,1045242329,2,12000,4,4,InOrder,5
10040211,100402,11,34000,1165262329,1,24000,5,5,InOrder,5
10040212,100402,12,22000,1045242329,3,12000,6,4,InOrder,5
10040213,100402,13,34000,1165262329,1,24000,5,5,InOrder,5
10040214,100402,14,102000,1065262329,2,12000,4,4,InOrder,5
10040215,100402,15,22000,1065262329,1,12000,6,6,InOrder,5
10040216,100402,16,34000,1145242329,1,24000,5,5,InOrder,5
10040217,100402,17,22000,1065262329,3,12000,6,4,InOrder,5
10040218,100402,18,34000,1145242329,1,24000,5,5,InOrder,5
10040219,100402,19,51000,1245282329,1,36000,1,1,InOrder,5
10040220,100402,20,46000,1245282329,1,36000,3,3,InOrder,5
10040221,100402,21,22000,1065262329,3,12000,1,3,InOrder,5
10040222,100402,22,27000,1045242329,2,12000,3,3,InOrder,5
10040223,100402,23,22000,1045242329,1,12000,1,1,InOrder,5
10040224,100402,24,34000,1165262329,1,24000,2,2,InOrder,5
10040225,100402,25,22000,1045242329,3,12000,3,1,InOrder,5
10040226,100402,26,34000,1165262329,1,24000,2,2,InOrder,5
10040227,100402,27,114000,1145242329,1,24000,4,4,InOrder,5
10040228,100402,28,34000,1165262329,1,24000,6,6,InOrder,5
10040229,100402,29,22000,1045242329,3,12000,4,6,InOrder,5
10040230,100402,30,51000,1245282329,1,36000,4,4,InOrder,5
10040231,100402,31,46000,1245282329,1,36000,6,6,InOrder,5
10040232,100402,32,22000,1045242329,3,12000,4,6,InOrder,5
10040233,100402,33,39000,1145242329,1,24000,10,10,InOrder,5
10040234,100402,34,34000,1165262329,1,24000,12,12,InOrder,5
10040235,100402,35,22000,1065262329,3,12000,10,12,InOrder,5
10040236,100402,36,102000,1045242329,3,12000,10,12,InOrder,5
10040237,100402,37,34000,1145242329,1,24000,11,11,InOrder,5
10040238,100402,38,22000,1045242329,3,12000,12,10,InOrder,5
10040239,100402,39,34000,1145242329,1,24000,11,11,InOrder,5
10040240,100402,40,51000,1245282329,1,36000,2,2,InOrder,5
10040241,100402,41,34000,1145242329,1,24000,1,1,InOrder,5
10040242,100402,42,34000,1145242329,1,24000,3,3,InOrder,3
10040301,100403,1,0,1065262329,2,12000,10,10,InOrder,5
10040302,100403,2,22000,1065262329,2,12000,12,12,InOrder,5
10040303,100403,3,34000,1145242329,1,24000,11,11,InOrder,5
10040304,100403,4,34000,1165262329,3,24000,12,10,InOrder,5
10040305,100403,5,51000,1245282329,1,36000,10,10,InOrder,5
10040306,100403,6,46000,1245282329,1,36000,12,12,InOrder,5
10040307,100403,7,22000,1045242329,3,12000,10,12,InOrder,5
10040308,100403,8,27000,1045242329,3,12000,4,6,InOrder,5
10040309,100403,9,34000,1165262329,1,24000,5,5,InOrder,5
10040310,100403,10,34000,1145242329,3,24000,6,4,InOrder,5
10040311,100403,11,62000,1065262329,2,12000,1,1,InOrder,5
10040312,100403,12,22000,1065262329,2,12000,3,3,InOrder,5
10040313,100403,13,34000,1145242329,1,24000,2,2,InOrder,5
10040314,100403,14,34000,1165262329,3,24000,3,1,InOrder,5
10040315,100403,15,51000,1245282329,1,36000,1,1,InOrder,5
10040316,100403,16,46000,1245282329,1,36000,3,3,InOrder,5
10040317,100403,17,22000,1065262329,3,12000,1,3,InOrder,5
10040318,100403,18,27000,1045242329,3,12000,7,9,InOrder,5
10040319,100403,19,34000,1165262329,1,24000,8,8,InOrder,5
10040320,100403,20,34000,1145242329,3,24000,9,7,InOrder,5
10040321,100403,21,62000,1045242329,1,12000,4,4,InOrder,5
10040322,100403,22,22000,1045242329,1,12000,6,6,InOrder,5
10040323,100403,23,34000,1165262329,3,24000,4,6,InOrder,5
10040324,100403,24,51000,1245282329,1,36000,4,4,InOrder,5
10040325,100403,25,46000,1245282329,1,36000,6,6,InOrder,5
10040326,100403,26,22000,1045242329,3,12000,4,6,InOrder,5
10040327,100403,27,27000,1045242329,1,12000,1,1,InOrder,5
10040328,100403,28,22000,1045242329,1,12000,3,3,InOrder,5
10040329,100403,29,34000,1165262329,3,24000,1,3,InOrder,5
10040330,100403,30,62000,1045242329,3,12000,7,9,InOrder,5
10040331,100403,31,34000,1145242329,1,24000,8,8,InOrder,5
10040332,100403,32,34000,1145242329,3,24000,9,7,InOrder,5
10040333,100403,33,51000,1245282329,1,36000,7,7,InOrder,5
10040334,100403,34,46000,1245282329,1,36000,9,9,InOrder,5
10040335,100403,35,22000,1045242329,3,12000,7,9,InOrder,3
10050101,100501,1,0,1055280429,3,12000,4,6,InOrder,5
10050102,100501,2,34000,1165270429,1,24000,5,5,InOrder,5
10050103,100501,3,22000,1055280429,3,12000,6,4,InOrder,5
10050104,100501,4,34000,1165270429,1,24000,5,5,InOrder,5
10050105,100501,5,51000,1245240429,1,36000,5,5,InOrder,5
10050106,100501,6,22000,1065270429,3,12000,4,6,InOrder,5
10050107,100501,7,27000,1065270429,3,12000,10,12,InOrder,5
10050108,100501,8,34000,1155280429,1,24000,11,11,InOrder,5
10050109,100501,9,22000,1065270429,3,12000,12,10,InOrder,5
10050110,100501,10,34000,1155280429,1,24000,11,11,InOrder,5
10050111,100501,11,142000,1055280429,3,12000,4,6,InOrder,5
10050112,100501,12,34000,1165270429,1,24000,5,5,InOrder,5
10050113,100501,13,22000,1055280429,3,12000,6,4,InOrder,5
10050114,100501,14,34000,1165270429,1,24000,5,5,InOrder,5
10050115,100501,15,51000,1245240429,1,36000,11,11,InOrder,5
10050116,100501,16,22000,1055280429,3,12000,10,12,InOrder,5
10050117,100501,17,27000,1065270429,3,12000,10,12,InOrder,5
10050118,100501,18,34000,1155280429,1,24000,11,11,InOrder,5
10050119,100501,19,22000,1065270429,3,12000,12,10,InOrder,5
10050120,100501,20,34000,1155280429,1,24000,11,11,InOrder,5
10050121,100501,21,142000,1065270429,1,12000,10,10,InOrder,5
10050122,100501,22,34000,1155280429,1,24000,12,12,InOrder,5
10050123,100501,23,22000,1065270429,3,12000,10,12,InOrder,5
10050124,100501,24,51000,1245240429,1,36000,5,5,InOrder,5
10050125,100501,25,22000,1055280429,3,12000,4,6,InOrder,5
10050126,100501,26,39000,1165270429,1,24000,4,4,InOrder,5
10050127,100501,27,34000,1155280429,1,24000,6,6,InOrder,5
10050128,100501,28,22000,1055280429,3,12000,4,6,InOrder,5
10050129,100501,29,142000,1065270429,3,12000,4,6,InOrder,5
10050130,100501,30,34000,1165270429,1,24000,5,5,InOrder,5
10050131,100501,31,22000,1065270429,3,12000,6,4,InOrder,5
10050132,100501,32,34000,1165270429,1,24000,5,5,InOrder,3
10050201,100502,1,0,1055280429,3,12000,4,6,InOrder,5
10050202,100502,2,34000,1165270429,1,24000,5,5,InOrder,5
10050203,100502,3,22000,1055280429,3,12000,6,4,InOrder,5
10050204,100502,4,34000,1165270429,1,24000,5,5,InOrder,5
10050205,100502,5,51000,1245240429,1,36000,5,5,InOrder,5
10050206,100502,6,34000,1165270429,1,24000,4,4,InOrder,5
10050207,100502,7,34000,1165270429,1,24000,6,6,InOrder,5
10050208,100502,8,27000,1065270429,3,12000,10,12,InOrder,5
10050209,100502,9,34000,1155280429,1,24000,11,11,InOrder,5
10050210,100502,10,22000,1065270429,3,12000,12,10,InOrder,5
10050211,100502,11,34000,1155280429,1,24000,11,11,InOrder,5
10050212,100502,12,102000,1055280429,3,12000,4,6,InOrder,5
10050213,100502,13,34000,1165270429,1,24000,5,5,InOrder,5
10050214,100502,14,22000,1055280429,3,12000,6,4,InOrder,5
10050215,100502,15,34000,1165270429,1,24000,5,5,InOrder,5
10050216,100502,16,51000,1245240429,1,36000,7,7,InOrder,5
10050217,100502,17,46000,1245240429,1,36000,9,9,InOrder,5
10050218,100502,18,22000,1055280429,3,12000,7,9,InOrder,5
10050219,100502,19,27000,1065270429,3,12000,7,9,InOrder,5
10050220,100502,20,34000,1155280429,1,24000,8,8,InOrder,5
10050221,100502,21,22000,1065270429,3,12000,9,7,InOrder,5
10050222,100502,22,34000,1155280429,1,24000,8,8,InOrder,5
10050223,100502,23,114000,1165270429,1,24000,10,10,InOrder,5
10050224,100502,24,34000,1155280429,1,24000,12,12,InOrder,5
10050225,100502,25,22000,1065270429,3,12000,10,12,InOrder,5
10050226,100502,26,51000,1245240429,1,36000,10,10,InOrder,5
10050227,100502,27,46000,1245240429,1,36000,12,12,InOrder,5
10050228,100502,28,22000,1055280429,3,12000,10,12,InOrder,5
10050229,100502,29,39000,1165270429,1,24000,4,4,InOrder,5
10050230,100502,30,34000,1155280429,1,24000,6,6,InOrder,5
10050231,100502,31,22000,1055280429,3,12000,4,6,InOrder,5
10050232,100502,32,102000,1065270429,3,12000,4,6,InOrder,5
10050233,100502,33,34000,1165270429,1,24000,5,5,InOrder,5
10050234,100502,34,22000,1065270429,3,12000,6,4,InOrder,5
10050235,100502,35,34000,1165270429,1,24000,5,5,InOrder,5
10050236,100502,36,51000,1245240429,1,36000,8,8,InOrder,5
10050237,100502,37,34000,1155280429,1,24000,7,7,InOrder,5
10050238,100502,38,34000,1155280429,1,24000,9,9,InOrder,3
10050301,100503,1,0,1055280429,3,12000,4,6,InOrder,5
10050302,100503,2,34000,1165270429,1,24000,5,5,InOrder,5
10050303,100503,3,34000,1155280429,3,24000,6,4,InOrder,5
10050304,100503,4,51000,1245240429,1,36000,4,4,InOrder,5
10050305,100503,5,46000,1245240429,1,36000,6,6,InOrder,5
10050306,100503,6,22000,1065270429,3,12000,4,6,InOrder,5
10050307,100503,7,27000,1065270429,3,12000,10,12,InOrder,5
10050308,100503,8,34000,1155280429,1,24000,11,11,InOrder,5
10050309,100503,9,34000,1165270429,3,24000,12,10,InOrder,5
10050310,100503,10,62000,1055280429,3,12000,7,9,InOrder,5
10050311,100503,11,34000,1165270429,1,24000,8,8,InOrder,5
10050312,100503,12,34000,1155280429,3,24000,9,7,InOrder,5
10050313,100503,13,51000,1245240429,1,36000,7,7,InOrder,5
10050314,100503,14,46000,1245240429,1,36000,9,9,InOrder,5
10050315,100503,15,22000,1055280429,3,12000,7,9,InOrder,5
10050316,100503,16,27000,1065270429,3,12000,1,3,InOrder,5
10050317,100503,17,34000,1155280429,1,24000,2,2,InOrder,5
10050318,100503,18,34000,1165270429,3,24000,3,1,InOrder,5
10050319,100503,19,62000,1065270429,1,12000,10,10,InOrder,5
10050320,100503,20,22000,1065270429,1,12000,12,12,InOrder,5
10050321,100503,21,34000,1155280429,3,24000,10,12,InOrder,5
10050322,100503,22,51000,1245240429,1,36000,10,10,InOrder,5
10050323,100503,23,46000,1245240429,1,36000,12,12,InOrder,5
10050324,100503,24,22000,1055280429,3,12000,10,12,InOrder,5
10050325,100503,25,27000,1065270429,1,12000,4,4,InOrder,5
10050326,100503,26,22000,1065270429,1,12000,6,6,InOrder,5
10050327,100503,27,34000,1155280429,3,24000,4,6,InOrder,5
10050328,100503,28,62000,1065270429,3,12000,4,6,InOrder,5
10050329,100503,29,34000,1165270429,1,24000,5,5,InOrder,5
10050330,100503,30,34000,1165270429,3,24000,6,4,InOrder,5
10050331,100503,31,51000,1245240429,1,36000,1,1,InOrder,5
10050332,100503,32,46000,1245240429,1,36000,3,3,InOrder,5
10050333,100503,33,22000,1055280429,3,12000,1,3,InOrder,3
10060101,100601,1,0,1045242229,3,12000,1,3,InOrder,5
10060102,100601,2,34000,1145252229,1,24000,2,2,InOrder,5
10060103,100601,3,22000,1045242229,3,12000,3,1,InOrder,5
10060104,100601,4,34000,1145302229,1,24000,2,2,InOrder,5
10060105,100601,5,51000,1255272229,1,36000,2,2,InOrder,5
10060106,100601,6,22000,1045252229,3,12000,1,3,InOrder,5
10060107,100601,7,27000,1045252229,3,12000,10,12,InOrder,5
10060108,100601,8,34000,1145242229,1,24000,11,11,InOrder,5
10060109,100601,9,22000,1045252229,3,12000,12,10,InOrder,5
10060110,100601,10,34000,1145302229,1,24000,11,11,InOrder,5
10060111,100601,11,142000,1045242229,3,12000,1,3,InOrder,5
10060112,100601,12,34000,1145252229,1,24000,2,2,InOrder,5
10060113,100601,13,22000,1045242229,3,12000,3,1,InOrder,5
10060114,100601,14,34000,1145302229,1,24000,2,2,InOrder,5
10060115,100601,15,51000,1255272229,1,36000,11,11,InOrder,5
10060116,100601,16,22000,1045242229,3,12000,10,12,InOrder,5
10060117,100601,17,27000,1045252229,3,12000,10,12,InOrder,5
10060118,100601,18,34000,1145242229,1,24000,11,11,InOrder,5
10060119,100601,19,22000,1045252229,3,12000,12,10,InOrder,5
10060120,100601,20,34000,1145302229,1,24000,11,11,InOrder,5
10060121,100601,21,142000,1045242229,3,12000,10,10,InOrder,5
10060122,100601,22,34000,1145302229,1,24000,12,12,InOrder,5
10060123,100601,23,22000,1045242229,3,12000,10,12,InOrder,5
10060124,100601,24,51000,1255272229,1,36000,2,2,InOrder,5
10060125,100601,25,22000,1045252229,3,12000,1,3,InOrder,5
10060126,100601,26,27000,1045252229,3,12000,1,1,InOrder,5
10060127,100601,27,34000,1145302229,1,24000,3,3,InOrder,5
10060128,100601,28,22000,1045252229,3,12000,1,3,InOrder,5
10060129,100601,29,142000,1045242229,3,12000,1,3,InOrder,5
10060130,100601,30,34000,1145252229,1,24000,2,2,InOrder,5
10060131,100601,31,22000,1045242229,3,12000,3,1,InOrder,5
10060132,100601,32,34000,1145302229,1,24000,2,2,InOrder,3
10060201,100602,1,0,1045242229,3,12000,1,3,InOrder,5
10060202,100602,2,34000,1145252229,1,24000,2,2,InOrder,5
10060203,100602,3,22000,1045242229,3,12000,3,1,InOrder,5
10060204,100602,4,34000,1145252229,1,24000,2,2,InOrder,5
10060205,100602,5,51000,1255272229,1,36000,2,2,InOrder,5
10060206,100602,6,34000,1145302229,1,24000,1,1,InOrder,5
10060207,100602,7,34000,1145302229,1,24000,3,3,InOrder,5
10060208,100602,8,27000,1045252229,3,12000,10,12,InOrder,5
10060209,100602,9,34000,1145242229,1,24000,11,11,InOrder,5
10060210,100602,10,22000,1045252229,3,12000,12,10,InOrder,5
10060211,100602,11,34000,1145302229,1,24000,11,11,InOrder,5
10060212,100602,12,102000,1045242229,3,12000,1,3,InOrder,5
10060213,100602,13,34000,1145252229,1,24000,2,2,InOrder,5
10060214,100602,14,22000,1045242229,3,12000,3,1,InOrder,5
10060215,100602,15,34000,1145302229,1,24000,2,2,InOrder,5
10060216,100602,16,51000,1255272229,1,36000,4,4,InOrder,5
10060217,100602,17,46000,1255272229,1,36000,6,6,InOrder,5
10060218,100602,18,22000,1045242229,3,12000,4,6,InOrder,5
10060219,100602,19,27000,1045252229,3,12000,4,6,InOrder,5
10060220,100602,20,34000,1145242229,1,24000,5,5,InOrder,5
10060221,100602,21,22000,1045252229,3,12000,6,4,InOrder,5
10060222,100602,22,34000,1145302229,1,24000,5,5,InOrder,5
10060223,100602,23,114000,1145242229,1,24000,10,10,InOrder,5
10060224,100602,24,34000,1145242229,1,24000,12,12,InOrder,5
10060225,100602,25,22000,1045252229,3,12000,10,12,InOrder,5
10060226,100602,26,51000,1255272229,1,36000,10,10,InOrder,5
10060227,100602,27,46000,1255272229,1,36000,12,12,InOrder,5
10060228,100602,28,22000,1045242229,3,12000,10,12,InOrder,5
10060229,100602,29,39000,1145302229,1,24000,1,1,InOrder,5
10060230,100602,30,34000,1145302229,1,24000,3,3,InOrder,5
10060231,100602,31,22000,1045252229,3,12000,1,3,InOrder,5
10060232,100602,32,102000,1045242229,3,12000,1,3,InOrder,5
10060233,100602,33,34000,1145252229,1,24000,2,2,InOrder,5
10060234,100602,34,22000,1045242229,3,12000,3,1,InOrder,5
10060235,100602,35,34000,1145302229,1,24000,2,2,InOrder,5
10060236,100602,36,51000,1255272229,1,36000,5,5,InOrder,5
10060237,100602,37,34000,1145302229,1,24000,4,4,InOrder,5
10060238,100602,38,34000,1145302229,1,24000,6,6,InOrder,3
10060301,100603,1,0,1045242229,3,12000,1,3,InOrder,5
10060302,100603,2,34000,1145302229,1,24000,2,2,InOrder,5
10060303,100603,3,34000,1145242229,3,24000,3,1,InOrder,5
10060304,100603,4,51000,1255272229,1,36000,1,1,InOrder,5
10060305,100603,5,46000,1255272229,1,36000,3,3,InOrder,5
10060306,100603,6,22000,1045252229,3,12000,1,3,InOrder,5
10060307,100603,7,27000,1045252229,3,12000,10,12,InOrder,5
10060308,100603,8,34000,1145302229,1,24000,11,11,InOrder,5
10060309,100603,9,34000,1145252229,3,24000,12,10,InOrder,5
10060310,100603,10,62000,1045252229,3,12000,4,6,InOrder,5
10060311,100603,11,34000,1145302229,1,24000,5,5,InOrder,5
10060312,100603,12,34000,1145242229,3,24000,6,4,InOrder,5
10060313,100603,13,51000,1255272229,1,36000,4,4,InOrder,5
10060314,100603,14,46000,1255272229,1,36000,6,6,InOrder,5
10060315,100603,15,22000,1045242229,3,12000,4,6,InOrder,5
10060316,100603,16,27000,1045252229,3,12000,7,9,InOrder,5
10060317,100603,17,34000,1145302229,1,24000,8,8,InOrder,5
10060318,100603,18,34000,1145242229,3,24000,9,7,InOrder,5
10060319,100603,19,74000,1145302229,1,24000,10,10,InOrder,5
10060320,100603,20,34000,1145302229,1,24000,12,12,InOrder,5
10060321,100603,21,34000,1145242229,2,24000,11,11,InOrder,5
10060322,100603,22,51000,1255272229,1,36000,10,10,InOrder,5
10060323,100603,23,46000,1255272229,1,36000,12,12,InOrder,5
10060324,100603,24,22000,1045252229,3,12000,10,12,InOrder,5
10060325,100603,25,39000,1145302229,1,24000,1,1,InOrder,5
10060326,100603,26,34000,1145302229,1,24000,3,3,InOrder,5
10060327,100603,27,34000,1145252229,3,24000,2,2,InOrder,5
10060328,100603,28,62000,1045242229,3,12000,1,3,InOrder,5
10060329,100603,29,34000,1145302229,1,24000,2,2,InOrder,5
10060330,100603,30,34000,1145252229,3,24000,3,1,InOrder,5
10060331,100603,31,51000,1255272229,1,36000,7,7,InOrder,5
10060332,100603,32,46000,1255272229,1,36000,9,9,InOrder,5
10060333,100603,33,22000,1045242229,3,12000,7,9,InOrder,3
10070101,100701,1,0,1055281029,3,12000,4,6,InOrder,5
10070102,100701,2,34000,1155281029,1,24000,5,5,InOrder,5
10070103,100701,3,27000,1065271029,3,12000,4,6,InOrder,5
10070104,100701,4,34000,1165271029,1,24000,5,5,InOrder,5
10070105,100701,5,51000,1245301029,1,36000,10,12,InOrder,5
10070106,100701,6,142000,1055281029,3,12000,4,6,InOrder,5
10070107,100701,7,34000,1165271029,1,24000,5,5,InOrder,5
10070108,100701,8,22000,1055281029,3,12000,6,4,InOrder,5
10070109,100701,9,34000,1165271029,1,24000,5,5,InOrder,5
10070110,100701,10,51000,1245241029,1,36000,11,11,InOrder,5
10070111,100701,11,22000,1065271029,3,12000,10,12,InOrder,5
10070112,100701,12,27000,1065271029,3,12000,10,12,InOrder,5
10070113,100701,13,34000,1155281029,1,24000,11,11,InOrder,5
10070114,100701,14,22000,1065271029,3,12000,12,10,InOrder,5
10070115,100701,15,34000,1155281029,1,24000,11,11,InOrder,5
10070116,100701,16,142000,1055281029,1,12000,4,4,InOrder,5
10070117,100701,17,22000,1055281029,1,12000,6,6,InOrder,5
10070118,100701,18,34000,1155281029,1,24000,5,5,InOrder,5
10070119,100701,19,22000,1065271029,1,12000,10,10,InOrder,5
10070120,100701,20,22000,1065271029,1,12000,12,12,InOrder,5
10070121,100701,21,34000,1165271029,1,24000,11,11,InOrder,5
10070122,100701,22,27000,1055281029,3,12000,10,12,InOrder,5
10070123,100701,23,34000,1165271029,1,24000,11,11,InOrder,5
10070124,100701,24,51000,1245301029,1,36000,5,5,InOrder,5
10070125,100701,25,142000,1065271029,3,12000,10,12,InOrder,5
10070126,100701,26,34000,1155281029,1,24000,11,11,InOrder,5
10070127,100701,27,22000,1065271029,3,12000,12,10,InOrder,5
10070128,100701,28,34000,1155281029,1,24000,11,11,InOrder,5
10070129,100701,29,51000,1245241029,1,36000,11,11,InOrder,5
10070130,100701,30,22000,1065271029,3,12000,10,12,InOrder,5
10070131,100701,31,27000,1055281029,3,12000,4,6,InOrder,5
10070132,100701,32,34000,1165271029,1,24000,5,5,InOrder,5
10070133,100701,33,22000,1055281029,3,12000,6,4,InOrder,5
10070134,100701,34,34000,1165271029,1,24000,5,5,InOrder,3
10070201,100702,1,0,1155281029,1,24000,4,4,InOrder,5
10070202,100702,2,34000,1155281029,1,24000,6,6,InOrder,5
10070203,100702,3,39000,1165271029,1,24000,4,4,InOrder,5
10070204,100702,4,34000,1165271029,1,24000,6,6,InOrder,5
10070205,100702,5,51000,1245301029,1,36000,10,12,InOrder,5
10070206,100702,6,102000,1055281029,3,12000,4,6,InOrder,5
10070207,100702,7,34000,1165271029,1,24000,5,5,InOrder,5
10070208,100702,8,22000,1055281029,3,12000,6,4,InOrder,5
10070209,100702,9,34000,1165271029,1,24000,5,5,InOrder,5
10070210,100702,10,51000,1245241029,1,36000,2,2,InOrder,5
10070211,100702,11,34000,1165271029,1,24000,1,1,InOrder,5
10070212,100702,12,34000,1165271029,1,24000,3,3,InOrder,5
10070213,100702,13,46000,1245241029,1,36000,2,2,InOrder,5
10070214,100702,14,27000,1065271029,3,12000,4,6,InOrder,5
10070215,100702,15,34000,1155281029,1,24000,5,5,InOrder,5
10070216,100702,16,22000,1065271029,3,12000,6,4,InOrder,5
10070217,100702,17,34000,1155281029,1,24000,5,5,InOrder,5
10070218,100702,18,114000,1155281029,1,24000,4,4,InOrder,5
10070219,100702,19,34000,1155281029,1,24000,6,6,InOrder,5
10070220,100702,20,34000,1165271029,1,24000,10,10,InOrder,5
10070221,100702,21,34000,1165271029,1,24000,12,12,InOrder,5
10070222,100702,22,27000,1055281029,3,12000,10,12,InOrder,5
10070223,100702,23,34000,1165271029,1,24000,11,11,InOrder,5
10070224,100702,24,51000,1245301029,1,36000,2,2,InOrder,5
10070225,100702,25,102000,1065271029,3,12000,4,6,InOrder,5
10070226,100702,26,34000,1155281029,1,24000,5,5,InOrder,5
10070227,100702,27,22000,1065271029,3,12000,6,4,InOrder,5
10070228,100702,28,34000,1155281029,1,24000,5,5,InOrder,5
10070229,100702,29,51000,1245301029,1,36000,2,2,InOrder,5
10070230,100702,30,22000,1065271029,3,12000,1,3,InOrder,5
10070231,100702,31,46000,1245241029,1,36000,2,2,InOrder,5
10070232,100702,32,22000,1065271029,3,12000,3,1,InOrder,5
10070233,100702,33,27000,1055281029,3,12000,10,12,InOrder,5
10070234,100702,34,34000,1165271029,2,24000,11,11,InOrder,5
10070235,100702,35,22000,1055281029,3,12000,12,10,InOrder,5
10070236,100702,36,34000,1165271029,2,24000,11,11,InOrder,3
10070301,100703,1,0,1155281029,1,24000,4,4,InOrder,5
10070302,100703,2,34000,1155281029,1,24000,6,6,InOrder,5
10070303,100703,3,39000,1165271029,1,24000,4,4,InOrder,5
10070304,100703,4,46000,1245241029,1,36000,5,5,InOrder,5
10070305,100703,5,34000,1165271029,1,24000,6,6,InOrder,5
10070306,100703,6,51000,1245301029,1,36000,10,12,InOrder,5
10070307,100703,7,62000,1055281029,3,12000,7,9,InOrder,5
10070308,100703,8,34000,1165271029,1,24000,8,8,InOrder,5
10070309,100703,9,22000,1055281029,3,12000,9,7,InOrder,5
10070310,100703,10,34000,1165271029,2,24000,8,8,InOrder,5
10070311,100703,11,51000,1245241029,1,36000,2,2,InOrder,5
10070312,100703,12,34000,1165271029,1,24000,1,1,InOrder,5
10070313,100703,13,34000,1165271029,1,24000,3,3,InOrder,5
10070314,100703,14,46000,1245301029,1,36000,2,2,InOrder,5
10070315,100703,15,27000,1065271029,3,12000,7,9,InOrder,5
10070316,100703,16,34000,1155281029,2,24000,8,8,InOrder,5
10070317,100703,17,22000,1065271029,3,12000,9,7,InOrder,5
10070318,100703,18,34000,1155281029,2,24000,8,8,InOrder,5
10070319,100703,19,74000,1155281029,1,24000,1,1,InOrder,5
10070320,100703,20,34000,1155281029,1,24000,3,3,InOrder,5
10070321,100703,21,34000,1165271029,1,24000,10,10,InOrder,5
10070322,100703,22,34000,1165271029,1,24000,12,12,InOrder,5
10070323,100703,23,27000,1055281029,3,12000,10,12,InOrder,5
10070324,100703,24,46000,1245241029,1,36000,11,11,InOrder,5
10070325,100703,25,51000,1245301029,1,36000,2,2,InOrder,5
10070326,100703,26,62000,1065271029,3,12000,4,6,InOrder,5
10070327,100703,27,34000,1155281029,1,24000,5,5,InOrder,5
10070328,100703,28,22000,1065271029,3,12000,6,4,InOrder,5
10070329,100703,29,34000,1155281029,2,24000,5,5,InOrder,5
10070330,100703,30,51000,1245301029,1,36000,8,8,InOrder,5
10070331,100703,31,34000,1165271029,2,24000,7,7,InOrder,5
10070332,100703,32,46000,1245241029,1,36000,8,8,InOrder,5
10070333,100703,33,34000,1165271029,2,24000,9,9,InOrder,5
10070334,100703,34,27000,1055281029,3,12000,4,6,InOrder,5
10070335,100703,35,34000,1165271029,2,24000,5,5,InOrder,5
10070336,100703,36,22000,1055281029,3,12000,6,4,InOrder,5
10070337,100703,37,34000,1165271029,2,24000,5,5,InOrder,3
10080101,100801,1,0,1055290129,2,12000,7,7,InOrder,5
10080102,100801,2,22000,1055290129,2,12000,9,9,InOrder,5
10080103,100801,3,34000,1145250129,1,24000,8,8,InOrder,5
10080104,100801,4,22000,1055290129,3,12000,9,7,InOrder,5
10080105,100801,5,34000,1145250129,1,24000,8,8,InOrder,5
10080106,100801,6,51000,1255270129,1,36000,8,8,InOrder,5
10080107,100801,7,22000,1045250129,3,12000,7,9,InOrder,5
10080108,100801,8,27000,1045250129,2,12000,10,10,InOrder,5
10080109,100801,9,22000,1045250129,2,12000,12,12,InOrder,5
10080110,100801,10,34000,1155290129,1,24000,11,11,InOrder,5
10080111,100801,11,22000,1045250129,3,12000,12,10,InOrder,5
10080112,100801,12,34000,1155290129,1,24000,11,11,InOrder,5
10080113,100801,13,142000,1055290129,2,12000,7,7,InOrder,5
10080114,100801,14,22000,1055290129,2,12000,9,9,InOrder,5
10080115,100801,15,34000,1145250129,1,24000,8,8,InOrder,5
10080116,100801,16,22000,1055290129,3,12000,9,7,InOrder,5
10080117,100801,17,34000,1145250129,1,24000,8,8,InOrder,5
10080118,100801,18,51000,1255250129,1,36000,11,11,InOrder,5
10080119,100801,19,22000,1055290129,3,12000,10,12,InOrder,5
10080120,100801,20,27000,1045250129,2,12000,10,10,InOrder,5
10080121,100801,21,22000,1045250129,2,12000,12,12,InOrder,5
10080122,100801,22,34000,1155290129,1,24000,11,11,InOrder,5
10080123,100801,23,22000,1045250129,3,12000,12,10,InOrder,5
10080124,100801,24,34000,1155290129,1,24000,11,11,InOrder,5
10080125,100801,25,142000,1045250129,1,12000,10,10,InOrder,5
10080126,100801,26,34000,1155290129,1,24000,12,12,InOrder,5
10080127,100801,27,22000,1045250129,3,12000,10,12,InOrder,5
10080128,100801,28,51000,1255270129,1,36000,8,8,InOrder,5
10080129,100801,29,22000,1055290129,3,12000,7,9,InOrder,5
10080130,100801,30,39000,1145250129,1,24000,7,7,InOrder,5
10080131,100801,31,34000,1155290129,1,24000,9,9,InOrder,5
10080132,100801,32,22000,1055290129,3,12000,7,9,InOrder,5
10080133,100801,33,142000,1045250129,3,12000,7,9,InOrder,5
10080134,100801,34,34000,1145250129,1,24000,8,8,InOrder,5
10080135,100801,35,22000,1045250129,3,12000,9,7,InOrder,5
10080136,100801,36,34000,1145250129,1,24000,8,8,InOrder,3
10080201,100802,1,0,1055290129,2,12000,7,9,InOrder,5
10080202,100802,2,22000,1055290129,1,12000,9,9,InOrder,5
10080203,100802,3,34000,1145250129,1,24000,8,8,InOrder,5
10080204,100802,4,22000,1055290129,3,12000,9,7,InOrder,5
10080205,100802,5,34000,1145250129,1,24000,8,8,InOrder,5
10080206,100802,6,51000,1255270129,1,36000,8,8,InOrder,5
10080207,100802,7,34000,1145250129,1,24000,7,7,InOrder,5
10080208,100802,8,34000,1145250129,1,24000,9,9,InOrder,5
10080209,100802,9,27000,1045250129,1,12000,12,12,InOrder,5
10080210,100802,10,22000,1045250129,2,12000,10,10,InOrder,5
10080211,100802,11,34000,1155290129,1,24000,11,11,InOrder,5
10080212,100802,12,22000,1045250129,3,12000,12,10,InOrder,5
10080213,100802,13,34000,1155290129,1,24000,11,11,InOrder,5
10080214,100802,14,102000,1055290129,2,12000,10,10,InOrder,5
10080215,100802,15,22000,1055290129,1,12000,12,12,InOrder,5
10080216,100802,16,34000,1145250129,1,24000,11,11,InOrder,5
10080217,100802,17,22000,1055290129,3,12000,12,10,InOrder,5
10080218,100802,18,34000,1145250129,1,24000,11,11,InOrder,5
10080219,100802,19,51000,1255270129,1,36000,1,1,InOrder,5
10080220,100802,20,46000,1255250129,1,36000,3,3,InOrder,5
10080221,100802,21,22000,1055290129,3,12000,1,3,InOrder,5
10080222,100802,22,27000,1045250129,2,12000,3,3,InOrder,5
10080223,100802,23,22000,1045250129,1,12000,1,1,InOrder,5
10080224,100802,24,34000,1155290129,1,24000,2,2,InOrder,5
10080225,100802,25,22000,1045250129,3,12000,3,1,InOrder,5
10080226,100802,26,34000,1155290129,1,24000,2,2,InOrder,5
10080227,100802,27,114000,1145250129,1,24000,10,10,InOrder,5
10080228,100802,28,34000,1155290129,1,24000,12,12,InOrder,5
10080229,100802,29,22000,1045250129,3,12000,10,12,InOrder,5
10080230,100802,30,51000,1255250129,1,36000,10,10,InOrder,5
10080231,100802,31,46000,1255270129,1,36000,12,12,InOrder,5
10080232,100802,32,22000,1065270129,3,12000,10,12,InOrder,5
10080233,100802,33,39000,1145250129,1,24000,7,7,InOrder,5
10080234,100802,34,34000,1155290129,1,24000,9,9,InOrder,5
10080235,100802,35,22000,1055290129,3,12000,7,9,InOrder,5
10080236,100802,36,102000,1045250129,3,12000,7,9,InOrder,5
10080237,100802,37,34000,1145250129,1,24000,8,8,InOrder,5
10080238,100802,38,22000,1045250129,3,12000,9,7,InOrder,5
10080239,100802,39,34000,1145250129,1,24000,8,8,InOrder,5
10080240,100802,40,51000,1255250129,1,36000,2,2,InOrder,5
10080241,100802,41,34000,1165270129,1,24000,1,1,InOrder,5
10080242,100802,42,34000,1165270129,1,24000,3,3,InOrder,3
10080301,100803,1,0,1055290129,2,12000,7,7,InOrder,5
10080302,100803,2,22000,1055290129,2,12000,9,9,InOrder,5
10080303,100803,3,34000,1145250129,1,24000,8,8,InOrder,5
10080304,100803,4,34000,1155290129,3,24000,9,7,InOrder,5
10080305,100803,5,51000,1255270129,1,36000,7,7,InOrder,5
10080306,100803,6,46000,1255250129,1,36000,9,9,InOrder,5
10080307,100803,7,22000,1045250129,3,12000,7,9,InOrder,5
10080308,100803,8,27000,1045250129,3,12000,10,12,InOrder,5
10080309,100803,9,34000,1155290129,1,24000,11,11,InOrder,5
10080310,100803,10,34000,1145250129,3,24000,12,10,InOrder,5
10080311,100803,11,62000,1055290129,2,12000,1,1,InOrder,5
10080312,100803,12,22000,1055290129,2,12000,3,3,InOrder,5
10080313,100803,13,34000,1145250129,1,24000,2,2,InOrder,5
10080314,100803,14,34000,1155290129,3,24000,3,1,InOrder,5
10080315,100803,15,51000,1255250129,1,36000,1,1,InOrder,5
10080316,100803,16,46000,1255250129,1,36000,3,3,InOrder,5
10080317,100803,17,22000,1055290129,3,12000,1,3,InOrder,5
10080318,100803,18,27000,1045250129,3,12000,4,6,InOrder,5
10080319,100803,19,34000,1155290129,1,24000,5,5,InOrder,5
10080320,100803,20,34000,1145250129,3,24000,6,4,InOrder,5
10080321,100803,21,62000,1045250129,1,12000,10,10,InOrder,5
10080322,100803,22,22000,1045250129,1,12000,12,12,InOrder,5
10080323,100803,23,34000,1155290129,3,24000,10,12,InOrder,5
10080324,100803,24,51000,1255270129,1,36000,10,10,InOrder,5
10080325,100803,25,46000,1255270129,1,36000,12,12,InOrder,5
10080326,100803,26,22000,1065270129,3,12000,10,12,InOrder,5
10080327,100803,27,27000,1045250129,1,12000,1,1,InOrder,5
10080328,100803,28,22000,1045250129,1,12000,3,3,InOrder,5
10080329,100803,29,34000,1155290129,3,24000,1,3,InOrder,5
10080330,100803,30,62000,1045250129,3,12000,7,9,InOrder,5
10080331,100803,31,34000,1145250129,1,24000,8,8,InOrder,5
10080332,100803,32,34000,1145250129,3,24000,9,7,InOrder,5
10080333,100803,33,51000,1255250129,1,36000,4,4,InOrder,5
10080334,100803,34,46000,1255270129,1,36000,6,6,InOrder,5
10080335,100803,35,22000,1065270129,3,12000,4,6,InOrder,3
10090101,100901,1,0,1055281329,3,12000,7,9,InOrder,5
10090102,100901,2,34000,1155291329,1,24000,8,8,InOrder,5
10090103,100901,3,22000,1055281329,3,12000,9,7,InOrder,5
10090104,100901,4,34000,1145301329,1,24000,8,8,InOrder,5
10090105,100901,5,51000,1265291329,1,36000,8,8,InOrder,5
10090106,100901,6,22000,1055291329,3,12000,7,9,InOrder,5
10090107,100901,7,27000,1055291329,3,12000,1,3,InOrder,5
10090108,100901,8,34000,1155281329,1,24000,2,2,InOrder,5
10090109,100901,9,22000,1055291329,3,12000,3,1,InOrder,5
10090110,100901,10,34000,1145301329,1,24000,2,2,InOrder,5
10090111,100901,11,142000,1055281329,3,12000,7,9,InOrder,5
10090112,100901,12,34000,1155291329,1,24000,8,8,InOrder,5
10090113,100901,13,22000,1055281329,3,12000,9,7,InOrder,5
10090114,100901,14,34000,1145301329,1,24000,8,8,InOrder,5
10090115,100901,15,51000,1265291329,1,36000,2,2,InOrder,5
10090116,100901,16,22000,1055281329,3,12000,1,3,InOrder,5
10090117,100901,17,27000,1055291329,3,12000,1,3,InOrder,5
10090118,100901,18,34000,1155281329,1,24000,2,2,InOrder,5
10090119,100901,19,22000,1055291329,3,12000,3,1,InOrder,5
10090120,100901,20,34000,1145301329,1,24000,2,2,InOrder,5
10090121,100901,21,142000,1055281329,3,12000,1,1,InOrder,5
10090122,100901,22,34000,1145301329,1,24000,3,3,InOrder,5
10090123,100901,23,22000,1055281329,3,12000,1,3,InOrder,5
10090124,100901,24,51000,1265291329,1,36000,8,8,InOrder,5
10090125,100901,25,22000,1055291329,3,12000,7,9,InOrder,5
10090126,100901,26,27000,1055291329,3,12000,7,7,InOrder,5
10090127,100901,27,34000,1145301329,1,24000,9,9,InOrder,5
10090128,100901,28,22000,1055291329,3,12000,7,9,InOrder,5
10090129,100901,29,142000,1055281329,3,12000,7,9,InOrder,5
10090130,100901,30,34000,1155291329,1,24000,8,8,InOrder,5
10090131,100901,31,22000,1055281329,3,12000,9,7,InOrder,5
10090132,100901,32,34000,1145301329,1,24000,8,8,InOrder,3
10090201,100902,1,0,1055281329,3,12000,7,9,InOrder,5
10090202,100902,2,34000,1155291329,1,24000,8,8,InOrder,5
10090203,100902,3,22000,1055281329,3,12000,9,7,InOrder,5
10090204,100902,4,34000,1155291329,1,24000,8,8,InOrder,5
10090205,100902,5,51000,1265291329,1,36000,8,8,InOrder,5
10090206,100902,6,34000,1145301329,1,24000,7,7,InOrder,5
10090207,100902,7,34000,1145301329,1,24000,9,9,InOrder,5
10090208,100902,8,27000,1055291329,3,12000,1,3,InOrder,5
10090209,100902,9,34000,1155281329,1,24000,2,2,InOrder,5
10090210,100902,10,22000,1055291329,3,12000,3,1,InOrder,5
10090211,100902,11,34000,1145301329,1,24000,2,2,InOrder,5
10090212,100902,12,102000,1055281329,3,12000,7,9,InOrder,5
10090213,100902,13,34000,1155291329,1,24000,8,8,InOrder,5
10090214,100902,14,22000,1055281329,3,12000,9,7,InOrder,5
10090215,100902,15,34000,1145301329,1,24000,8,8,InOrder,5
10090216,100902,16,51000,1265291329,1,36000,4,4,InOrder,5
10090217,100902,17,46000,1255251329,1,36000,6,6,InOrder,5
10090218,100902,18,22000,1055281329,3,12000,4,6,InOrder,5
10090219,100902,19,27000,1055291329,3,12000,4,6,InOrder,5
10090220,100902,20,34000,1155281329,1,24000,5,5,InOrder,5
10090221,100902,21,22000,1055291329,3,12000,6,4,InOrder,5
10090222,100902,22,34000,1145301329,1,24000,5,5,InOrder,5
10090223,100902,23,114000,1155281329,1,24000,1,1,InOrder,5
10090224,100902,24,34000,1155281329,1,24000,3,3,InOrder,5
10090225,100902,25,22000,1055291329,3,12000,1,3,InOrder,5
10090226,100902,26,51000,1265291329,1,36000,1,1,InOrder,5
10090227,100902,27,46000,1255251329,1,36000,3,3,InOrder,5
10090228,100902,28,22000,1055281329,3,12000,1,3,InOrder,5
10090229,100902,29,39000,1145301329,1,24000,7,7,InOrder,5
10090230,100902,30,34000,1145301329,1,24000,9,9,InOrder,5
10090231,100902,31,22000,1055291329,3,12000,7,9,InOrder,5
10090232,100902,32,102000,1055281329,3,12000,7,9,InOrder,5
10090233,100902,33,34000,1155291329,1,24000,8,8,InOrder,5
10090234,100902,34,22000,1055281329,3,12000,9,7,InOrder,5
10090235,100902,35,34000,1145301329,1,24000,8,8,InOrder,5
10090236,100902,36,51000,1265291329,1,36000,5,5,InOrder,5
10090237,100902,37,34000,1145301329,1,24000,4,4,InOrder,5
10090238,100902,38,34000,1145301329,1,24000,6,6,InOrder,3
10090301,100903,1,0,1055281329,3,12000,7,9,InOrder,5
10090302,100903,2,34000,1145301329,1,24000,8,8,InOrder,5
10090303,100903,3,34000,1155281329,3,24000,9,7,InOrder,5
10090304,100903,4,51000,1265291329,1,36000,7,7,InOrder,5
10090305,100903,5,46000,1255251329,1,36000,9,9,InOrder,5
10090306,100903,6,22000,1055291329,3,12000,7,9,InOrder,5
10090307,100903,7,27000,1055291329,3,12000,1,3,InOrder,5
10090308,100903,8,34000,1145301329,1,24000,2,2,InOrder,5
10090309,100903,9,34000,1155291329,3,24000,3,1,InOrder,5
10090310,100903,10,62000,1055291329,3,12000,4,6,InOrder,5
10090311,100903,11,34000,1145301329,1,24000,5,5,InOrder,5
10090312,100903,12,34000,1155281329,3,24000,6,4,InOrder,5
10090313,100903,13,51000,1265291329,1,36000,4,4,InOrder,5
10090314,100903,14,46000,1255251329,1,36000,6,6,InOrder,5
10090315,100903,15,22000,1055281329,3,12000,4,6,InOrder,5
10090316,100903,16,27000,1055291329,3,12000,10,12,InOrder,5
10090317,100903,17,34000,1145301329,1,24000,11,11,InOrder,5
10090318,100903,18,34000,1155281329,3,24000,12,10,InOrder,5
10090319,100903,19,74000,1145301329,1,24000,1,1,InOrder,5
10090320,100903,20,34000,1145301329,1,24000,3,3,InOrder,5
10090321,100903,21,34000,1155281329,2,24000,2,2,InOrder,5
10090322,100903,22,51000,1265291329,1,36000,1,1,InOrder,5
10090323,100903,23,46000,1255251329,1,36000,3,3,InOrder,5
10090324,100903,24,22000,1055291329,3,12000,1,3,InOrder,5
10090325,100903,25,39000,1145301329,1,24000,7,7,InOrder,5
10090326,100903,26,34000,1145301329,1,24000,9,9,InOrder,5
10090327,100903,27,34000,1155291329,3,24000,8,8,InOrder,5
10090328,100903,28,62000,1055281329,3,12000,7,9,InOrder,5
10090329,100903,29,34000,1145301329,1,24000,8,8,InOrder,5
10090330,100903,30,34000,1155291329,3,24000,9,7,InOrder,5
10090331,100903,31,51000,1265291329,1,36000,10,10,InOrder,5
10090332,100903,32,46000,1255251329,1,36000,12,12,InOrder,5
10090333,100903,33,22000,1055281329,3,12000,10,12,InOrder,3
10100101,101001,1,0,1065262429,3,12000,10,12,InOrder,5
10100102,101001,2,34000,1165262429,1,24000,11,11,InOrder,5
10100103,101001,3,27000,1045252429,3,12000,10,12,InOrder,5
10100104,101001,4,34000,1145252429,1,24000,11,11,InOrder,5
10100105,101001,5,51000,1245302429,1,36000,4,6,InOrder,5
10100106,101001,6,142000,1065262429,3,12000,10,12,InOrder,5
10100107,101001,7,34000,1145302429,1,24000,11,11,InOrder,5
10100108,101001,8,22000,1065262429,3,12000,12,10,InOrder,5
10100109,101001,9,34000,1145252429,1,24000,11,11,InOrder,5
10100110,101001,10,51000,1255272429,1,36000,5,5,InOrder,5
10100111,101001,11,22000,1045252429,3,12000,4,6,InOrder,5
10100112,101001,12,27000,1045252429,3,12000,4,6,InOrder,5
10100113,101001,13,34000,1165262429,1,24000,5,5,InOrder,5
10100114,101001,14,22000,1045252429,3,12000,6,4,InOrder,5
10100115,101001,15,34000,1145302429,1,24000,5,5,InOrder,5
10100116,101001,16,142000,1065262429,1,12000,10,10,InOrder,5
10100117,101001,17,22000,1065262429,1,12000,12,12,InOrder,5
10100118,101001,18,34000,1145302429,1,24000,11,11,InOrder,5
10100119,101001,19,22000,1045252429,1,12000,4,4,InOrder,5
10100120,101001,20,22000,1045252429,1,12000,6,6,InOrder,5
10100121,101001,21,34000,1145252429,1,24000,5,5,InOrder,5
10100122,101001,22,27000,1065262429,3,12000,4,6,InOrder,5
10100123,101001,23,34000,1145252429,1,24000,5,5,InOrder,5
10100124,101001,24,51000,1245302429,1,36000,11,11,InOrder,5
10100125,101001,25,142000,1045252429,3,12000,4,6,InOrder,5
10100126,101001,26,34000,1165262429,1,24000,5,5,InOrder,5
10100127,101001,27,22000,1045252429,3,12000,6,4,InOrder,5
10100128,101001,28,34000,1145302429,1,24000,5,5,InOrder,5
10100129,101001,29,51000,1255272429,1,36000,5,5,InOrder,5
10100130,101001,30,22000,1045252429,3,12000,4,6,InOrder,5
10100131,101001,31,27000,1065262429,3,12000,10,12,InOrder,5
10100132,101001,32,34000,1145252429,1,24000,11,11,InOrder,5
10100133,101001,33,22000,1065262429,3,12000,12,10,InOrder,5
10100134,101001,34,34000,1145302429,1,24000,11,11,InOrder,3
10100201,101002,1,0,1165262429,1,24000,10,10,InOrder,5
10100202,101002,2,34000,1165262429,1,24000,12,12,InOrder,5
10100203,101002,3,39000,1145252429,1,24000,10,10,InOrder,5
10100204,101002,4,34000,1145252429,1,24000,12,12,InOrder,5
10100205,101002,5,51000,1245302429,1,36000,4,6,InOrder,5
10100206,101002,6,102000,1065262429,3,12000,10,12,InOrder,5
10100207,101002,7,34000,1145252429,1,24000,11,11,InOrder,5
10100208,101002,8,22000,1065262429,3,12000,12,10,InOrder,5
10100209,101002,9,34000,1145252429,1,24000,11,11,InOrder,5
10100210,101002,10,51000,1255272429,1,36000,2,2,InOrder,5
10100211,101002,11,34000,1145252429,1,24000,1,1,InOrder,5
10100212,101002,12,34000,1145302429,1,24000,3,3,InOrder,5
10100213,101002,13,46000,1255272429,1,36000,2,2,InOrder,5
10100214,101002,14,27000,1045252429,3,12000,10,12,InOrder,5
10100215,101002,15,34000,1165262429,1,24000,11,11,InOrder,5
10100216,101002,16,22000,1045252429,3,12000,12,10,InOrder,5
10100217,101002,17,34000,1145302429,1,24000,11,11,InOrder,5
10100218,101002,18,114000,1165262429,1,24000,10,10,InOrder,5
10100219,101002,19,34000,1165262429,1,24000,12,12,InOrder,5
10100220,101002,20,34000,1145252429,1,24000,4,4,InOrder,5
10100221,101002,21,34000,1145252429,1,24000,6,6,InOrder,5
10100222,101002,22,27000,1065262429,3,12000,4,6,InOrder,5
10100223,101002,23,34000,1145302429,1,24000,5,5,InOrder,5
10100224,101002,24,51000,1245302429,1,36000,2,2,InOrder,5
10100225,101002,25,102000,1045252429,3,12000,10,12,InOrder,5
10100226,101002,26,34000,1165262429,1,24000,11,11,InOrder,5
10100227,101002,27,22000,1045252429,3,12000,12,10,InOrder,5
10100228,101002,28,34000,1145302429,1,24000,11,11,InOrder,5
10100229,101002,29,51000,1245302429,1,36000,2,2,InOrder,5
10100230,101002,30,22000,1045252429,3,12000,1,3,InOrder,5
10100231,101002,31,46000,1255272429,1,36000,2,2,InOrder,5
10100232,101002,32,22000,1045252429,3,12000,3,1,InOrder,5
10100233,101002,33,27000,1065262429,3,12000,4,6,InOrder,5
10100234,101002,34,34000,1145302429,2,24000,5,5,InOrder,5
10100235,101002,35,22000,1065262429,3,12000,6,4,InOrder,5
10100236,101002,36,34000,1145252429,2,24000,5,5,InOrder,3
10100301,101003,1,0,1155282429,1,24000,10,10,InOrder,5
10100302,101003,2,34000,1155282429,1,24000,12,12,InOrder,5
10100303,101003,3,39000,1165272429,1,24000,10,10,InOrder,5
10100304,101003,4,46000,1245242429,1,36000,11,11,InOrder,5
10100305,101003,5,34000,1145302429,1,24000,12,12,InOrder,5
10100306,101003,6,51000,1245302429,1,36000,4,6,InOrder,5
10100307,101003,7,62000,1055282429,3,12000,7,9,InOrder,5
10100308,101003,8,34000,1165272429,1,24000,8,8,InOrder,5
10100309,101003,9,22000,1055282429,3,12000,9,7,InOrder,5
10100310,101003,10,34000,1165272429,2,24000,8,8,InOrder,5
10100311,101003,11,51000,1245242429,1,36000,2,2,InOrder,5
10100312,101003,12,34000,1145302429,1,24000,1,1,InOrder,5
10100313,101003,13,34000,1165272429,1,24000,3,3,InOrder,5
10100314,101003,14,46000,1245302429,1,36000,2,2,InOrder,5
10100315,101003,15,27000,1065272429,3,12000,7,9,InOrder,5
10100316,101003,16,34000,1155282429,2,24000,8,8,InOrder,5
10100317,101003,17,22000,1065272429,3,12000,9,7,InOrder,5
10100318,101003,18,34000,1145302429,2,24000,8,8,InOrder,5
10100319,101003,19,74000,1155282429,1,24000,1,1,InOrder,5
10100320,101003,20,34000,1155282429,1,24000,3,3,InOrder,5
10100321,101003,21,34000,1165272429,1,24000,4,4,InOrder,5
10100322,101003,22,34000,1165272429,1,24000,6,6,InOrder,5
10100323,101003,23,27000,1055282429,3,12000,4,6,InOrder,5
10100324,101003,24,46000,1245242429,1,36000,5,5,InOrder,5
10100325,101003,25,51000,1245302429,1,36000,2,2,InOrder,5
10100326,101003,26,62000,1065272429,3,12000,10,12,InOrder,5
10100327,101003,27,34000,1145302429,1,24000,11,11,InOrder,5
10100328,101003,28,22000,1065272429,3,12000,12,10,InOrder,5
10100329,101003,29,34000,1155282429,2,24000,11,11,InOrder,5
10100330,101003,30,51000,1245302429,1,36000,8,8,InOrder,5
10100331,101003,31,34000,1165272429,2,24000,7,7,InOrder,5
10100332,101003,32,46000,1245242429,1,36000,8,8,InOrder,5
10100333,101003,33,34000,1145302429,2,24000,9,9,InOrder,5
10100334,101003,34,27000,1055282429,3,12000,10,12,InOrder,5
10100335,101003,35,34000,1165272429,2,24000,11,11,InOrder,5
10100336,101003,36,22000,1055282429,3,12000,12,10,InOrder,5
10100337,101003,37,34000,1145302429,2,24000,11,11,InOrder,3
20010101,200101,1,0,1045240229,2,12000,4,4,InOrder,5
20010102,200101,2,22000,1045240229,2,12000,6,6,InOrder,5
20010103,200101,3,34000,1155280229,1,24000,5,5,InOrder,5
20010104,200101,4,22000,1045240229,2,12000,4,4,InOrder,5
20010105,200101,5,22000,1045240229,2,12000,6,6,InOrder,5
20010106,200101,6,51000,1265290229,1,36000,5,5,InOrder,5
20010107,200101,7,34000,1155280229,1,24000,4,4,InOrder,5
20010108,200101,8,34000,1155280229,1,24000,6,6,InOrder,5
20010109,200101,9,27000,1045250229,3,12000,10,12,InOrder,5
20010110,200101,10,34000,1155290229,1,24000,11,11,InOrder,5
20010111,200101,11,22000,1045250229,3,12000,12,10,InOrder,5
20010112,200101,12,34000,1155290229,1,24000,11,11,InOrder,5
20010113,200101,13,102000,1055280229,2,12000,4,4,InOrder,5
20010114,200101,14,22000,1055280229,2,12000,6,6,InOrder,5
20010115,200101,15,34000,1145240229,1,24000,5,5,InOrder,5
20010116,200101,16,22000,1055280229,2,12000,4,4,InOrder,5
20010117,200101,17,22000,1055280229,2,12000,6,6,InOrder,5
20010118,200101,18,51000,1255270229,1,36000,7,7,InOrder,5
20010119,200101,19,46000,1255270229,1,36000,9,9,InOrder,5
20010120,200101,20,22000,1055280229,3,12000,7,9,InOrder,5
20010121,200101,21,27000,1055290229,3,12000,7,9,InOrder,5
20010122,200101,22,34000,1145250229,1,24000,8,8,InOrder,5
20010123,200101,23,22000,1055290229,3,12000,9,7,InOrder,5
20010124,200101,24,34000,1145250229,1,24000,8,8,InOrder,5
20010125,200101,25,114000,1145250229,1,24000,10,10,InOrder,5
20010126,200101,26,34000,1145250229,1,24000,12,12,InOrder,5
20010127,200101,27,22000,1055290229,3,12000,10,12,InOrder,5
20010128,200101,28,51000,1265290229,1,36000,10,10,InOrder,5
20010129,200101,29,46000,1265290229,1,36000,12,12,InOrder,5
20010130,200101,30,34000,1155280229,3,24000,10,12,InOrder,5
20010131,200101,31,27000,1055290229,2,12000,4,4,InOrder,5
20010132,200101,32,22000,1055290229,2,12000,6,6,InOrder,5
20010133,200101,33,34000,1145240229,1,24000,5,5,InOrder,5
20010134,200101,34,22000,1055290229,2,12000,4,4,InOrder,5
20010135,200101,35,22000,1055290229,2,12000,6,6,InOrder,5
20010136,200101,36,126000,1255270229,1,36000,8,8,InOrder,5
20010137,200101,37,34000,1155280229,2,24000,7,7,InOrder,5
20010138,200101,38,34000,1155280229,2,24000,9,9,InOrder,3
20020101,200201,1,0,1065262329,2,12000,1,1,InOrder,5
20020102,200201,2,22000,1065262329,2,12000,3,3,InOrder,5
20020103,200201,3,34000,1165272329,1,24000,2,2,InOrder,5
20020104,200201,4,22000,1065262329,2,12000,1,1,InOrder,5
20020105,200201,5,22000,1065262329,2,12000,3,3,InOrder,5
20020106,200201,6,51000,1245282329,1,36000,2,2,InOrder,5
20020107,200201,7,34000,1165272329,1,24000,1,1,InOrder,5
20020108,200201,8,34000,1165272329,1,24000,3,3,InOrder,5
20020109,200201,9,27000,1055282329,3,12000,10,12,InOrder,5
20020110,200201,10,34000,1145242329,1,24000,11,11,InOrder,5
20020111,200201,11,22000,1055282329,3,12000,12,10,InOrder,5
20020112,200201,12,34000,1145242329,1,24000,11,11,InOrder,5
20020113,200201,13,102000,1065272329,2,12000,1,1,InOrder,5
20020114,200201,14,22000,1065272329,2,12000,3,3,InOrder,5
20020115,200201,15,34000,1165262329,1,24000,2,2,InOrder,5
20020116,200201,16,22000,1065272329,2,12000,1,1,InOrder,5
20020117,200201,17,22000,1065272329,2,12000,3,3,InOrder,5
20020118,200201,18,51000,1245282329,1,36000,4,4,InOrder,5
20020119,200201,19,46000,1265292329,1,36000,6,6,InOrder,5
20020120,200201,20,22000,1065272329,3,12000,4,6,InOrder,5
20020121,200201,21,27000,1045242329,3,12000,4,6,InOrder,5
20020122,200201,22,34000,1155282329,1,24000,5,5,InOrder,5
20020123,200201,23,22000,1045242329,3,12000,6,4,InOrder,5
20020124,200201,24,34000,1155282329,1,24000,5,5,InOrder,5
20020125,200201,25,114000,1155282329,1,24000,10,10,InOrder,5
20020126,200201,26,34000,1155282329,1,24000,12,12,InOrder,5
20020127,200201,27,22000,1045242329,3,12000,10,12,InOrder,5
20020128,200201,28,51000,1245282329,1,36000,10,10,InOrder,5
20020129,200201,29,46000,1265292329,1,36000,12,12,InOrder,5
20020130,200201,30,34000,1165272329,3,24000,10,12,InOrder,5
20020131,200201,31,27000,1045242329,2,12000,1,1,InOrder,5
20020132,200201,32,22000,1045242329,2,12000,3,3,InOrder,5
20020133,200201,33,34000,1165262329,1,24000,2,2,InOrder,5
20020134,200201,34,22000,1045242329,2,12000,1,1,InOrder,5
20020135,200201,35,22000,1045242329,2,12000,3,3,InOrder,5
20020136,200201,36,126000,1245282329,1,36000,5,5,InOrder,5
20020137,200201,37,34000,1165272329,2,24000,4,4,InOrder,5
20020138,200201,38,34000,1165272329,2,24000,6,6,InOrder,3
20030101,200301,1,0,1055291029,3,12000,1,3,InOrder,5
20030102,200301,2,34000,1145241029,1,24000,2,2,InOrder,5
20030103,200301,3,22000,1055291029,3,12000,3,1,InOrder,5
20030104,200301,4,34000,1145241029,1,24000,2,2,InOrder,5
20030105,200301,5,51000,1255251029,1,36000,2,2,InOrder,5
20030106,200301,6,34000,1145301029,1,24000,1,1,InOrder,5
20030107,200301,7,34000,1145301029,1,24000,3,3,InOrder,5
20030108,200301,8,27000,1045241029,3,12000,10,12,InOrder,5
20030109,200301,9,34000,1155291029,1,24000,11,11,InOrder,5
20030110,200301,10,22000,1045241029,3,12000,12,10,InOrder,5
20030111,200301,11,34000,1145301029,1,24000,11,11,InOrder,5
20030112,200301,12,102000,1055291029,3,12000,1,3,InOrder,5
20030113,200301,13,34000,1145241029,1,24000,2,2,InOrder,5
20030114,200301,14,22000,1055291029,3,12000,3,1,InOrder,5
20030115,200301,15,34000,1145301029,1,24000,2,2,InOrder,5
20030116,200301,16,51000,1255251029,1,36000,4,4,InOrder,5
20030117,200301,17,46000,1265291029,1,36000,6,6,InOrder,5
20030118,200301,18,22000,1055291029,3,12000,4,6,InOrder,5
20030119,200301,19,27000,1045241029,3,12000,4,6,InOrder,5
20030120,200301,20,34000,1155291029,1,24000,5,5,InOrder,5
20030121,200301,21,22000,1045241029,3,12000,6,4,InOrder,5
20030122,200301,22,34000,1145301029,1,24000,5,5,InOrder,5
20030123,200301,23,114000,1155291029,1,24000,10,10,InOrder,5
20030124,200301,24,34000,1155291029,1,24000,12,12,InOrder,5
20030125,200301,25,22000,1045241029,3,12000,10,12,InOrder,5
20030126,200301,26,51000,1265291029,1,36000,10,10,InOrder,5
20030127,200301,27,46000,1255251029,1,36000,12,12,InOrder,5
20030128,200301,28,22000,1055291029,3,12000,10,12,InOrder,5
20030129,200301,29,39000,1145301029,1,24000,1,1,InOrder,5
20030130,200301,30,34000,1145301029,1,24000,3,3,InOrder,5
20030131,200301,31,22000,1045241029,3,12000,1,3,InOrder,5
20030132,200301,32,102000,1055291029,3,12000,1,3,InOrder,5
20030133,200301,33,34000,1145241029,1,24000,2,2,InOrder,5
20030134,200301,34,22000,1055291029,3,12000,3,1,InOrder,5
20030135,200301,35,34000,1145301029,1,24000,2,2,InOrder,5
20030136,200301,36,51000,1265291029,1,36000,5,5,InOrder,5
20030137,200301,37,34000,1145301029,1,24000,4,4,InOrder,5
20030138,200301,38,34000,1145301029,1,24000,6,6,InOrder,3
30010101,300101,1,0,-344805179,1,36000,4,4,InOrder,3
30010102,300101,2,46000,-344805179,1,36000,6,6,InOrder,3
30010103,300101,3,87000,-244805179,1,72000,5,5,InOrder,3
30010104,300101,4,46000,-344805179,1,36000,4,4,InOrder,3
30010105,300101,5,46000,-344805179,1,36000,6,6,InOrder,3
30010106,300101,6,51000,-344795179,1,36000,1,1,InOrder,3
30010107,300101,7,46000,-344795179,1,36000,3,3,InOrder,3
30010108,300101,8,166000,-344805179,3,36000,1,3,InOrder,3
30020101,300201,1,0,-364825379,1,36000,7,7,InOrder,3
30020102,300201,2,46000,-364825379,1,36000,9,9,InOrder,3
30020103,300201,3,87000,-264825379,1,72000,8,8,InOrder,3
30020104,300201,4,46000,-364825379,1,36000,7,7,InOrder,3
30020105,300201,5,46000,-364825379,1,36000,9,9,InOrder,3
30020106,300201,6,51000,-344795379,1,36000,1,1,InOrder,3
30020107,300201,7,46000,-344795379,1,36000,3,3,InOrder,3
30020108,300201,8,166000,-364825379,3,36000,1,3,InOrder,3
30030101,300301,1,0,-364825279,1,36000,1,1,InOrder,3
30030102,300301,2,46000,-364825279,1,36000,3,3,InOrder,3
30030103,300301,3,87000,-264825279,1,72000,2,2,InOrder,3
30030104,300301,4,46000,-364825279,1,36000,1,1,InOrder,3
30030105,300301,5,46000,-364825279,1,36000,3,3,InOrder,3
30030106,300301,6,51000,-354775279,1,36000,10,10,InOrder,3
30030107,300301,7,46000,-354775279,1,36000,12,12,InOrder,3
30030108,300301,8,166000,-364825279,3,36000,10,12,InOrder,3
30040101,300401,1,0,-354785079,1,36000,10,10,InOrder,3
30040102,300401,2,46000,-354785079,1,36000,12,12,InOrder,3
30040103,300401,3,87000,-254785079,1,72000,11,11,InOrder,3
30040104,300401,4,46000,-354785079,1,36000,10,10,InOrder,3
30040105,300401,5,46000,-354785079,1,36000,12,12,InOrder,3
30040106,300401,6,51000,-344795079,1,36000,4,4,InOrder,3
30040107,300401,7,46000,-344795079,1,36000,6,6,InOrder,3
30040108,300401,8,166000,-354785079,3,36000,4,6,InOrder,3
30050101,300501,1,0,-364824979,1,36000,4,4,InOrder,3
30050102,300501,2,46000,-364824979,1,36000,6,6,InOrder,3
30050103,300501,3,87000,-264824979,1,72000,5,5,InOrder,3
30050104,300501,4,46000,-364824979,1,36000,4,4,InOrder,3
30050105,300501,5,46000,-364824979,1,36000,6,6,InOrder,3
30050106,300501,6,51000,-344794979,1,36000,7,7,InOrder,3
30050107,300501,7,46000,-344794979,1,36000,9,9,InOrder,3
30050108,300501,8,166000,-364824979,3,36000,7,9,InOrder,3
30060101,300601,1,0,-354784179,1,36000,4,4,InOrder,3
30060102,300601,2,46000,-354784179,1,36000,6,6,InOrder,3
30060103,300601,3,87000,-254784179,1,72000,5,5,InOrder,3
30060104,300601,4,46000,-354784179,1,36000,4,4,InOrder,3
30060105,300601,5,46000,-354784179,1,36000,6,6,InOrder,3
30060106,300601,6,51000,-364814179,1,36000,10,10,InOrder,3
30060107,300601,7,46000,-364814179,1,36000,12,12,InOrder,3
30060108,300601,8,166000,-354784179,3,36000,10,12,InOrder,3
30070101,300701,1,0,-364814379,1,36000,1,1,InOrder,3
30070102,300701,2,46000,-364814379,1,36000,3,3,InOrder,3
30070103,300701,3,87000,-264814379,1,72000,2,2,InOrder,3
30070104,300701,4,46000,-364814379,1,36000,1,1,InOrder,3
30070105,300701,5,46000,-364814379,1,36000,3,3,InOrder,3
30070106,300701,6,51000,-344794379,1,36000,4,4,InOrder,3
30070107,300701,7,46000,-344794379,1,36000,6,6,InOrder,3
30070108,300701,8,166000,-364814379,3,36000,4,6,InOrder,3
30080101,300801,1,0,-354774279,1,36000,10,10,InOrder,3
30080102,300801,2,46000,-354774279,1,36000,12,12,InOrder,3
30080103,300801,3,87000,-254774279,1,72000,11,11,InOrder,3
30080104,300801,4,46000,-354774279,1,36000,10,10,InOrder,3
30080105,300801,5,46000,-354774279,1,36000,12,12,InOrder,3
30080106,300801,6,51000,-344804279,1,36000,7,7,InOrder,3
30080107,300801,7,46000,-344804279,1,36000,9,9,InOrder,3
30080108,300801,8,166000,-354774279,3,36000,7,9,InOrder,3
30090101,300901,1,0,-344794079,1,36000,7,7,InOrder,3
30090102,300901,2,46000,-344794079,1,36000,9,9,InOrder,3
30090103,300901,3,87000,-244794079,1,72000,8,8,InOrder,3
30090104,300901,4,46000,-344794079,1,36000,7,7,InOrder,3
30090105,300901,5,46000,-344794079,1,36000,9,9,InOrder,3
30090106,300901,6,51000,-354784079,1,36000,4,4,InOrder,3
30090107,300901,7,46000,-354784079,1,36000,6,6,InOrder,3
30090108,300901,8,166000,-344794079,3,36000,4,6,InOrder,3
30100101,301001,1,0,-344803979,1,36000,1,1,InOrder,3
30100102,301001,2,46000,-344803979,1,36000,3,3,InOrder,3
30100103,301001,3,87000,-244803979,1,72000,2,2,InOrder,3
30100104,301001,4,46000,-344803979,1,36000,1,1,InOrder,3
30100105,301001,5,46000,-344803979,1,36000,3,3,InOrder,3
30100106,301001,6,51000,-354773979,1,36000,7,7,InOrder,3
30100107,301001,7,46000,-354773979,1,36000,9,9,InOrder,3
30100108,301001,8,166000,-344803979,3,36000,7,9,InOrder,3
30110101,301101,1,0,-354783179,1,36000,4,4,InOrder,3
30110102,301101,2,46000,-354783179,1,36000,6,6,InOrder,3
30110103,301101,3,87000,-254783179,1,72000,5,5,InOrder,3
30110104,301101,4,46000,-354783179,1,36000,4,4,InOrder,3
30110105,301101,5,46000,-354783179,1,36000,6,6,InOrder,3
30110106,301101,6,51000,-344793179,1,36000,1,1,InOrder,3
30110107,301101,7,46000,-344793179,1,36000,3,3,InOrder,3
30110108,301101,8,166000,-354783179,3,36000,1,3,InOrder,3
30120101,301201,1,0,-364813379,1,36000,10,10,InOrder,3
30120102,301201,2,46000,-364813379,1,36000,12,12,InOrder,3
30120103,301201,3,87000,-264813379,1,72000,11,11,InOrder,3
30120104,301201,4,46000,-364813379,1,36000,10,10,InOrder,3
30120105,301201,5,46000,-364813379,1,36000,12,12,InOrder,3
30120106,301201,6,51000,-344803379,1,36000,4,4,InOrder,3
30120107,301201,7,46000,-344803379,1,36000,6,6,InOrder,3
30120108,301201,8,166000,-364813379,3,36000,4,6,InOrder,3
30130101,301301,1,0,-354783279,1,36000,7,7,InOrder,3
30130102,301301,2,46000,-354783279,1,36000,9,9,InOrder,3
30130103,301301,3,87000,-254783279,1,72000,8,8,InOrder,3
30130104,301301,4,46000,-354783279,1,36000,7,7,InOrder,3
30130105,301301,5,46000,-354783279,1,36000,9,9,InOrder,3
30130106,301301,6,51000,-364813279,1,36000,1,1,InOrder,3
30130107,301301,7,46000,-364813279,1,36000,3,3,InOrder,3
30130108,301301,8,166000,-354783279,3,36000,1,3,InOrder,3
30140101,301401,1,0,-344793079,1,36000,7,7,InOrder,3
30140102,301401,2,46000,-344793079,1,36000,9,9,InOrder,3
30140103,301401,3,87000,-244793079,1,72000,8,8,InOrder,3
30140104,301401,4,46000,-344793079,1,36000,7,7,InOrder,3
30140105,301401,5,46000,-344793079,1,36000,9,9,InOrder,3
30140106,301401,6,51000,-354773079,1,36000,10,10,InOrder,3
30140107,301401,7,46000,-354773079,1,36000,12,12,InOrder,3
30140108,301401,8,166000,-344793079,3,36000,10,12,InOrder,3
30150101,301501,1,0,-364822979,1,36000,1,1,InOrder,3
30150102,301501,2,46000,-364822979,1,36000,3,3,InOrder,3
30150103,301501,3,87000,-264822979,1,72000,2,2,InOrder,3
30150104,301501,4,46000,-364822979,1,36000,1,1,InOrder,3
30150105,301501,5,46000,-364822979,1,36000,3,3,InOrder,3
30150106,301501,6,51000,-354772979,1,36000,10,10,InOrder,3
30150107,301501,7,46000,-354772979,1,36000,12,12,InOrder,3
30150108,301501,8,166000,-364822979,3,36000,10,12,InOrder,3
30160101,301601,1,0,-344795179,3,36000,4,6,InOrder,3
30160102,301601,2,51000,-344805179,1,36000,4,4,InOrder,3
30160103,301601,3,46000,-344805179,1,36000,6,6,InOrder,3
30160104,301601,4,87000,-244795179,1,72000,5,5,InOrder,3
30160105,301601,5,46000,-344795179,1,36000,4,4,InOrder,3
30160106,301601,6,46000,-344795179,1,36000,3,3,InOrder,3
30160107,301601,7,166000,-344805179,1,36000,1,1,InOrder,3
30160108,301601,8,46000,-344805179,1,36000,3,3,InOrder,3
30170101,301701,1,0,-354785379,3,36000,7,9,InOrder,3
30170102,301701,2,51000,-344805379,1,36000,7,7,InOrder,3
30170103,301701,3,46000,-344805379,1,36000,9,9,InOrder,3
30170104,301701,4,87000,-254785379,1,72000,8,8,InOrder,3
30170105,301701,5,46000,-354785379,1,36000,7,7,InOrder,3
30170106,301701,6,46000,-354785379,1,36000,3,3,InOrder,3
30170107,301701,7,166000,-344805379,1,36000,1,1,InOrder,3
30170108,301701,8,46000,-344805379,1,36000,3,3,InOrder,3
30180101,301801,1,0,-364825279,3,36000,1,3,InOrder,3
30180102,301801,2,51000,-364815279,1,36000,1,1,InOrder,3
30180103,301801,3,46000,-364815279,1,36000,3,3,InOrder,3
30180104,301801,4,87000,-264825279,1,72000,2,2,InOrder,3
30180105,301801,5,46000,-364825279,1,36000,1,1,InOrder,3
30180106,301801,6,46000,-364825279,1,36000,12,12,InOrder,3
30180107,301801,7,166000,-364815279,1,36000,10,10,InOrder,3
30180108,301801,8,46000,-364815279,1,36000,12,12,InOrder,3
30190101,301901,1,0,-344805079,3,36000,10,12,InOrder,3
30190102,301901,2,51000,-354785079,1,36000,10,10,InOrder,3
30190103,301901,3,46000,-354785079,1,36000,12,12,InOrder,3
30190104,301901,4,87000,-244805079,1,72000,11,11,InOrder,3
30190105,301901,5,46000,-344805079,1,36000,10,10,InOrder,3
30190106,301901,6,46000,-344805079,1,36000,6,6,InOrder,3
30190107,301901,7,166000,-354785079,1,36000,4,4,InOrder,3
30190108,301901,8,46000,-354785079,1,36000,6,6,InOrder,3
30200101,302001,1,0,-354774979,3,36000,4,6,InOrder,3
30200102,302001,2,51000,-344804979,1,36000,4,4,InOrder,3
30200103,302001,3,46000,-344804979,1,36000,6,6,InOrder,3
30200104,302001,4,87000,-254774979,1,72000,5,5,InOrder,3
30200105,302001,5,46000,-354774979,1,36000,4,4,InOrder,3
30200106,302001,6,46000,-354774979,1,36000,9,9,InOrder,3
30200107,302001,7,166000,-344804979,1,36000,7,7,InOrder,3
30200108,302001,8,46000,-344804979,1,36000,9,9,InOrder,3
30210101,302101,1,0,-364814179,3,36000,4,6,InOrder,3
30210102,302101,2,51000,-344804179,1,36000,4,4,InOrder,3
30210103,302101,3,46000,-344804179,1,36000,6,6,InOrder,3
30210104,302101,4,87000,-264814179,1,72000,5,5,InOrder,3
30210105,302101,5,46000,-364814179,1,36000,4,4,InOrder,3
30210106,302101,6,46000,-364814179,1,36000,12,12,InOrder,3
30210107,302101,7,166000,-344804179,1,36000,10,10,InOrder,3
30210108,302101,8,46000,-344804179,1,36000,12,12,InOrder,3
30220101,302201,1,0,-344794379,3,36000,1,3,InOrder,3
30220102,302201,2,51000,-364824379,1,36000,1,1,InOrder,3
30220103,302201,3,46000,-364824379,1,36000,3,3,InOrder,3
30220104,302201,4,87000,-244794379,1,72000,2,2,InOrder,3
30220105,302201,5,46000,-344794379,1,36000,1,1,InOrder,3
30220106,302201,6,46000,-344794379,1,36000,6,6,InOrder,3
30220107,302201,7,166000,-364824379,1,36000,4,4,InOrder,3
30220108,302201,8,46000,-364824379,1,36000,6,6,InOrder,3
30230101,302301,1,0,-364814279,3,36000,10,12,InOrder,3
30230102,302301,2,51000,-354784279,1,36000,10,10,InOrder,3
30230103,302301,3,46000,-354784279,1,36000,12,12,InOrder,3
30230104,302301,4,87000,-264814279,1,72000,11,11,InOrder,3
30230105,302301,5,46000,-364814279,1,36000,10,10,InOrder,3
30230106,302301,6,46000,-364814279,1,36000,9,9,InOrder,3
30230107,302301,7,166000,-354784279,1,36000,7,7,InOrder,3
30230108,302301,8,46000,-354784279,1,36000,9,9,InOrder,3
30240101,302401,1,0,-354774079,3,36000,7,9,InOrder,3
30240102,302401,2,51000,-364824079,1,36000,7,7,InOrder,3
30240103,302401,3,46000,-364824079,1,36000,9,9,InOrder,3
30240104,302401,4,87000,-254774079,1,72000,8,8,InOrder,3
30240105,302401,5,46000,-354774079,1,36000,7,7,InOrder,3
30240106,302401,6,46000,-354774079,1,36000,6,6,InOrder,3
30240107,302401,7,166000,-364824079,1,36000,4,4,InOrder,3
30240108,302401,8,46000,-364824079,1,36000,6,6,InOrder,3
30250101,302501,1,0,-344793979,3,36000,1,3,InOrder,3
30250102,302501,2,51000,-364813979,1,36000,1,1,InOrder,3
30250103,302501,3,46000,-364813979,1,36000,3,3,InOrder,3
30250104,302501,4,87000,-244793979,1,72000,2,2,InOrder,3
30250105,302501,5,46000,-344793979,1,36000,1,1,InOrder,3
30250106,302501,6,46000,-344793979,1,36000,9,9,InOrder,3
30250107,302501,7,166000,-364813979,1,36000,7,7,InOrder,3
30250108,302501,8,46000,-364813979,1,36000,9,9,InOrder,3
30260101,302601,1,0,-344793179,3,36000,4,6,InOrder,3
30260102,302601,2,51000,-354773179,1,36000,4,4,InOrder,3
30260103,302601,3,46000,-354773179,1,36000,6,6,InOrder,3
30260104,302601,4,87000,-244793179,1,72000,5,5,InOrder,3
30260105,302601,5,46000,-344793179,1,36000,4,4,InOrder,3
30260106,302601,6,46000,-344793179,1,36000,3,3,InOrder,3
30260107,302601,7,166000,-354773179,1,36000,1,1,InOrder,3
30260108,302601,8,46000,-354773179,1,36000,3,3,InOrder,3
30270101,302701,1,0,-354783379,3,36000,10,10,InOrder,3
30270102,302701,2,51000,-364813379,1,36000,12,12,InOrder,3
30270103,302701,3,46000,-364813379,1,36000,11,11,InOrder,3
30270104,302701,4,87000,-254783379,1,72000,10,10,InOrder,3
30270105,302701,5,46000,-354783379,1,36000,12,12,InOrder,3
30270106,302701,6,46000,-354783379,1,36000,4,4,InOrder,3
30270107,302701,7,166000,-364813379,1,36000,6,6,InOrder,3
30270108,302701,8,46000,-364813379,1,36000,4,6,InOrder,3
30280101,302801,1,0,-354773279,3,36000,7,9,InOrder,3
30280102,302801,2,51000,-344803279,1,36000,7,7,InOrder,3
30280103,302801,3,46000,-344803279,1,36000,9,9,InOrder,3
30280104,302801,4,87000,-254773279,1,72000,8,8,InOrder,3
30280105,302801,5,46000,-354773279,1,36000,7,7,InOrder,3
30280106,302801,6,46000,-354773279,1,36000,3,3,InOrder,3
30280107,302801,7,166000,-344803279,1,36000,1,1,InOrder,3
30280108,302801,8,46000,-344803279,1,36000,3,3,InOrder,3
30290101,302901,1,0,-354783079,3,36000,7,9,InOrder,3
30290102,302901,2,51000,-364823079,1,36000,7,7,InOrder,3
30290103,302901,3,46000,-364823079,1,36000,9,9,InOrder,3
30290104,302901,4,87000,-254783079,1,72000,8,8,InOrder,3
30290105,302901,5,46000,-354783079,1,36000,7,7,InOrder,3
30290106,302901,6,46000,-354783079,1,36000,12,12,InOrder,3
30290107,302901,7,166000,-364823079,1,36000,10,10,InOrder,3
30290108,302901,8,46000,-364823079,1,36000,12,12,InOrder,3
30300101,303001,1,0,-344792979,3,36000,1,3,InOrder,3
30300102,303001,2,51000,-364822979,1,36000,1,1,InOrder,3
30300103,303001,3,46000,-364822979,1,36000,3,3,InOrder,3
30300104,303001,4,87000,-244792979,1,72000,2,2,InOrder,3
30300105,303001,5,46000,-344792979,1,36000,1,1,InOrder,3
30300106,303001,6,46000,-344792979,1,36000,12,12,InOrder,3
30300107,303001,7,166000,-364822979,1,36000,10,10,InOrder,3
30300108,303001,8,46000,-364822979,1,36000,12,12,InOrder,3
40010101,400101,1,0,-1839659659,3,12000,4,6,InOrder,6
40010102,400101,2,34000,-1729619659,1,24000,4,4,InOrder,6
40010103,400101,3,34000,-1729619659,1,24000,6,6,InOrder,6
40010104,400101,4,34000,-1739599659,1,24000,5,5,InOrder,6
40010105,400101,5,51000,-1619609659,1,36000,5,5,InOrder,6
40010106,400101,6,34000,-1729619659,1,24000,4,4,InOrder,6
40010107,400101,7,34000,-1729619659,1,24000,6,6,InOrder,6
40010108,400101,8,27000,-1839659659,3,12000,10,12,InOrder,6
40010109,400101,9,34000,-1739649659,1,24000,11,11,InOrder,6
40010110,400101,10,22000,-1839659659,3,12000,12,10,InOrder,6
40010111,400101,11,34000,-1739599659,1,24000,11,11,InOrder,6
40010112,400101,12,102000,-1839649659,3,12000,4,6,InOrder,6
40010113,400101,13,34000,-1739659659,1,24000,4,4,InOrder,6
40010114,400101,14,34000,-1739659659,1,24000,6,6,InOrder,6
40010115,400101,15,34000,-1739599659,1,24000,5,5,InOrder,6
40010116,400101,16,51000,-1629629659,1,36000,8,8,InOrder,6
40010117,400101,17,34000,-1729619659,1,24000,7,7,InOrder,6
40010118,400101,18,34000,-1729619659,1,24000,9,9,InOrder,6
40010119,400101,19,46000,-1629629659,1,36000,8,8,InOrder,6
40010120,400101,20,34000,-1739659659,1,24000,7,7,InOrder,6
40010121,400101,21,34000,-1739659659,1,24000,9,9,InOrder,6
40010122,400101,22,27000,-1839659659,3,12000,7,9,InOrder,6
40010123,400101,23,34000,-1739649659,1,24000,8,8,InOrder,6
40010124,400101,24,22000,-1839659659,3,12000,9,7,InOrder,6
40010125,400101,25,34000,-1739599659,1,24000,8,8,InOrder,6
40010126,400101,26,114000,-1739659659,1,24000,10,10,InOrder,6
40010127,400101,27,34000,-1739659659,1,24000,12,12,InOrder,6
40010128,400101,28,34000,-1739599659,1,24000,11,11,InOrder,6
40010129,400101,29,22000,-1829619659,3,12000,10,12,InOrder,6
40010130,400101,30,51000,-1619609659,1,36000,10,10,InOrder,6
40010131,400101,31,46000,-1619609659,1,36000,12,12,InOrder,6
40010132,400101,32,34000,-1739649659,2,24000,11,11,InOrder,6
40010133,400101,33,27000,-1839649659,2,12000,4,4,InOrder,6
40010134,400101,34,22000,-1839649659,2,12000,6,6,InOrder,6
40010135,400101,35,34000,-1739599659,1,24000,5,5,InOrder,6
40010136,400101,36,126000,-1619609659,1,36000,5,5,InOrder,6
40010137,400101,37,34000,-1729619659,2,24000,4,4,InOrder,6
40010138,400101,38,34000,-1729619659,2,24000,6,6,InOrder,4
40010201,400102,1,0,-1839659659,3,12000,4,6,InOrder,6
40010202,400102,2,34000,-1729619659,1,24000,4,4,InOrder,6
40010203,400102,3,34000,-1729619659,1,24000,6,6,InOrder,6
40010204,400102,4,34000,-1739599659,1,24000,5,5,InOrder,6
40010205,400102,5,51000,-1619609659,1,36000,5,5,InOrder,6
40010206,400102,6,34000,-1729619659,1,24000,4,4,InOrder,6
40010207,400102,7,34000,-1729619659,1,24000,6,6,InOrder,6
40010208,400102,8,27000,-1839659659,3,12000,10,12,InOrder,6
40010209,400102,9,34000,-1739599659,1,24000,11,11,InOrder,6
40010210,400102,10,22000,-1839659659,3,12000,12,10,InOrder,6
40010211,400102,11,34000,-1739599659,1,24000,11,11,InOrder,6
40010212,400102,12,102000,-1839649659,3,12000,4,6,InOrder,6
40010213,400102,13,34000,-1739659659,1,24000,4,4,InOrder,6
40010214,400102,14,34000,-1739659659,1,24000,6,6,InOrder,6
40010215,400102,15,34000,-1739599659,1,24000,5,5,InOrder,6
40010216,400102,16,51000,-1629629659,1,36000,8,8,InOrder,6
40010217,400102,17,34000,-1739599659,1,24000,7,7,InOrder,6
40010218,400102,18,34000,-1739599659,1,24000,9,9,InOrder,6
40010219,400102,19,46000,-1629629659,1,36000,8,8,InOrder,6
40010220,400102,20,34000,-1739659659,1,24000,7,7,InOrder,6
40010221,400102,21,34000,-1739659659,1,24000,9,9,InOrder,6
40010222,400102,22,27000,-1839659659,3,12000,7,9,InOrder,6
40010223,400102,23,34000,-1739599659,1,24000,8,8,InOrder,6
40010224,400102,24,22000,-1839659659,3,12000,9,7,InOrder,6
40010225,400102,25,34000,-1739599659,1,24000,8,8,InOrder,6
40010226,400102,26,114000,-1739659659,1,24000,10,10,InOrder,6
40010227,400102,27,34000,-1739659659,1,24000,12,12,InOrder,6
40010228,400102,28,34000,-1739599659,1,24000,11,11,InOrder,6
40010229,400102,29,22000,-1829619659,3,12000,10,12,InOrder,6
40010230,400102,30,51000,-1619609659,1,36000,10,10,InOrder,6
40010231,400102,31,46000,-1619609659,1,36000,12,12,InOrder,6
40010232,400102,32,34000,-1739599659,2,24000,11,11,InOrder,6
40010233,400102,33,27000,-1839649659,2,12000,4,4,InOrder,6
40010234,400102,34,22000,-1839649659,2,12000,6,6,InOrder,6
40010235,400102,35,34000,-1739599659,1,24000,5,5,InOrder,6
40010236,400102,36,126000,-1619609659,1,36000,5,5,InOrder,6
40010237,400102,37,34000,-1729619659,2,24000,4,4,InOrder,6
40010238,400102,38,34000,-1729619659,2,24000,6,6,InOrder,4
40010301,400103,1,0,-1839659659,2,12000,4,4,InOrder,6
40010302,400103,2,22000,-1839659659,2,12000,6,6,InOrder,6
40010303,400103,3,34000,-1739599659,1,24000,5,5,InOrder,6
40010304,400103,4,51000,-1619609659,1,36000,5,5,InOrder,6
40010305,400103,5,34000,-1729619659,1,24000,4,4,InOrder,6
40010306,400103,6,34000,-1729619659,1,24000,6,6,InOrder,6
40010307,400103,7,46000,-1619609659,1,36000,5,5,InOrder,6
40010308,400103,8,34000,-1729619659,1,24000,4,4,InOrder,6
40010309,400103,9,34000,-1729619659,1,24000,6,6,InOrder,6
40010310,400103,10,27000,-1839659659,3,12000,10,12,InOrder,6
40010311,400103,11,34000,-1739599659,1,24000,11,11,InOrder,6
40010312,400103,12,34000,-1739659659,1,24000,10,10,InOrder,6
40010313,400103,13,34000,-1739659659,1,24000,12,12,InOrder,6
40010314,400103,14,34000,-1739599659,1,24000,11,11,InOrder,6
40010315,400103,15,62000,-1839649659,3,12000,1,3,InOrder,6
40010316,400103,16,34000,-1739659659,1,24000,1,1,InOrder,6
40010317,400103,17,34000,-1739659659,1,24000,3,3,InOrder,6
40010318,400103,18,34000,-1739599659,1,24000,2,2,InOrder,6
40010319,400103,19,51000,-1629629659,1,36000,2,2,InOrder,6
40010320,400103,20,34000,-1739649659,1,24000,1,1,InOrder,6
40010321,400103,21,34000,-1739649659,1,24000,3,3,InOrder,6
40010322,400103,22,46000,-1629629659,1,36000,2,2,InOrder,6
40010323,400103,23,22000,-1839659659,3,12000,1,3,InOrder,6
40010324,400103,24,27000,-1839659659,3,12000,7,9,InOrder,6
40010325,400103,25,34000,-1739649659,1,24000,8,8,InOrder,6
40010326,400103,26,34000,-1739659659,1,24000,7,7,InOrder,6
40010327,400103,27,34000,-1739659659,1,24000,9,9,InOrder,6
40010328,400103,28,34000,-1739599659,1,24000,8,8,InOrder,6
40010329,400103,29,74000,-1739659659,1,24000,10,10,InOrder,6
40010330,400103,30,34000,-1739659659,1,24000,12,12,InOrder,6
40010331,400103,31,34000,-1739599659,1,24000,11,11,InOrder,6
40010332,400103,32,51000,-1619609659,1,36000,4,4,InOrder,6
40010333,400103,33,46000,-1619609659,1,36000,6,6,InOrder,6
40010334,400103,34,34000,-1739599659,2,24000,5,5,InOrder,6
40010335,400103,35,27000,-1839649659,1,12000,4,4,InOrder,6
40010336,400103,36,22000,-1839649659,1,12000,6,6,InOrder,6
40010337,400103,37,34000,-1739599659,1,24000,5,5,InOrder,6
40010338,400103,38,86000,-1619609659,1,36000,2,2,InOrder,6
40010339,400103,39,34000,-1739599659,1,24000,1,1,InOrder,6
40010340,400103,40,34000,-1739599659,1,24000,3,3,InOrder,6
40010341,400103,41,46000,-1619609659,1,36000,2,2,InOrder,6
40010342,400103,42,34000,-1739649659,2,24000,1,1,InOrder,6
40010343,400103,43,34000,-1739649659,2,24000,3,3,InOrder,4
40010401,400104,1,0,-1839659659,2,12000,4,4,InOrder,6
40010402,400104,2,22000,-1839659659,2,12000,6,6,InOrder,6
40010403,400104,3,34000,-1739599659,1,24000,5,5,InOrder,6
40010404,400104,4,51000,-1619609659,1,36000,5,5,InOrder,6
40010405,400104,5,34000,-1729619659,1,24000,4,4,InOrder,6
40010406,400104,6,34000,-1729619659,1,24000,6,6,InOrder,6
40010407,400104,7,46000,-1619609659,1,36000,5,5,InOrder,6
40010408,400104,8,34000,-1739599659,1,24000,4,4,InOrder,6
40010409,400104,9,34000,-1739599659,1,24000,6,6,InOrder,6
40010410,400104,10,27000,-1839659659,3,12000,10,12,InOrder,6
40010411,400104,11,34000,-1739599659,1,24000,11,11,InOrder,6
40010412,400104,12,34000,-1739659659,1,24000,10,10,InOrder,6
40010413,400104,13,34000,-1739659659,1,24000,12,12,InOrder,6
40010414,400104,14,34000,-1739599659,1,24000,11,11,InOrder,6
40010415,400104,15,62000,-1839649659,3,12000,1,3,InOrder,6
40010416,400104,16,34000,-1739659659,1,24000,1,1,InOrder,6
40010417,400104,17,34000,-1739659659,1,24000,3,3,InOrder,6
40010418,400104,18,34000,-1739599659,1,24000,2,2,InOrder,6
40010419,400104,19,51000,-1629629659,1,36000,2,2,InOrder,6
40010420,400104,20,34000,-1739599659,1,24000,1,1,InOrder,6
40010421,400104,21,34000,-1739599659,1,24000,3,3,InOrder,6
40010422,400104,22,46000,-1629629659,1,36000,2,2,InOrder,6
40010423,400104,23,22000,-1839659659,3,12000,1,3,InOrder,6
40010424,400104,24,27000,-1839659659,3,12000,7,9,InOrder,6
40010425,400104,25,34000,-1739599659,1,24000,8,8,InOrder,6
40010426,400104,26,34000,-1739659659,1,24000,7,7,InOrder,6
40010427,400104,27,34000,-1739659659,1,24000,9,9,InOrder,6
40010428,400104,28,34000,-1739599659,1,24000,8,8,InOrder,6
40010429,400104,29,74000,-1739659659,1,24000,10,10,InOrder,6
40010430,400104,30,34000,-1739659659,1,24000,12,12,InOrder,6
40010431,400104,31,34000,-1739599659,1,24000,11,11,InOrder,6
40010432,400104,32,51000,-1619609659,1,36000,4,4,InOrder,6
40010433,400104,33,46000,-1619609659,1,36000,6,6,InOrder,6
40010434,400104,34,34000,-1739599659,2,24000,5,5,InOrder,6
40010435,400104,35,27000,-1839649659,1,12000,4,4,InOrder,6
40010436,400104,36,22000,-1839649659,1,12000,6,6,InOrder,6
40010437,400104,37,34000,-1739599659,1,24000,5,5,InOrder,6
40010438,400104,38,86000,-1619609659,1,36000,2,2,InOrder,6
40010439,400104,39,34000,-1739599659,1,24000,1,1,InOrder,6
40010440,400104,40,34000,-1739599659,1,24000,3,3,InOrder,6
40010441,400104,41,46000,-1619609659,1,36000,2,2,InOrder,6
40010442,400104,42,34000,-1739649659,2,24000,1,1,InOrder,6
40010443,400104,43,34000,-1739649659,2,24000,3,3,InOrder,4
40020101,400201,1,0,-1819640559,3,12000,4,6,InOrder,6
40020102,400201,2,34000,-1719630559,1,24000,4,4,InOrder,6
40020103,400201,3,34000,-1719630559,1,24000,6,6,InOrder,6
40020104,400201,4,46000,-1639660559,1,36000,5,5,InOrder,6
40020105,400201,5,27000,-1819630559,3,12000,4,6,InOrder,6
40020106,400201,6,46000,-1639600559,1,36000,5,5,InOrder,6
40020107,400201,7,27000,-1839660559,3,12000,10,12,InOrder,6
40020108,400201,8,34000,-1729610559,1,24000,11,11,InOrder,6
40020109,400201,9,22000,-1839660559,3,12000,12,10,InOrder,6
40020110,400201,10,34000,-1729610559,1,24000,11,11,InOrder,6
40020111,400201,11,102000,-1819630559,3,12000,4,6,InOrder,6
40020112,400201,12,46000,-1629630559,1,36000,5,5,InOrder,6
40020113,400201,13,22000,-1819630559,3,12000,6,4,InOrder,6
40020114,400201,14,34000,-1719640559,1,24000,5,5,InOrder,6
40020115,400201,15,51000,-1639600559,1,36000,8,8,InOrder,6
40020116,400201,16,34000,-1739660559,1,24000,7,7,InOrder,6
40020117,400201,17,34000,-1739660559,1,24000,9,9,InOrder,6
40020118,400201,18,22000,-1819640559,3,12000,7,9,InOrder,6
40020119,400201,19,27000,-1839660559,3,12000,7,9,InOrder,6
40020120,400201,20,34000,-1719630559,1,24000,8,8,InOrder,6
40020121,400201,21,22000,-1839660559,3,12000,9,7,InOrder,6
40020122,400201,22,34000,-1719630559,1,24000,8,8,InOrder,6
40020123,400201,23,114000,-1719640559,1,24000,10,10,InOrder,6
40020124,400201,24,34000,-1719640559,1,24000,12,12,InOrder,6
40020125,400201,25,46000,-1639660559,1,36000,11,11,InOrder,6
40020126,400201,26,22000,-1819630559,3,12000,10,12,InOrder,6
40020127,400201,27,51000,-1639600559,1,36000,11,11,InOrder,6
40020128,400201,28,22000,-1819640559,2,12000,10,10,InOrder,6
40020129,400201,29,22000,-1819640559,2,12000,12,12,InOrder,6
40020130,400201,30,27000,-1819630559,2,12000,4,4,InOrder,6
40020131,400201,31,22000,-1819630559,2,12000,6,6,InOrder,6
40020132,400201,32,34000,-1719640559,1,24000,5,5,InOrder,6
40020133,400201,33,126000,-1639600559,1,36000,5,5,InOrder,6
40020134,400201,34,22000,-1819640559,2,12000,4,4,InOrder,6
40020135,400201,35,22000,-1819640559,2,12000,6,6,InOrder,6
40020136,400201,36,46000,-1639660559,1,36000,11,11,InOrder,6
40020137,400201,37,34000,-1719630559,1,24000,10,10,InOrder,6
40020138,400201,38,34000,-1719630559,1,24000,12,12,InOrder,4
40020201,400202,1,0,-1819640559,3,12000,4,6,InOrder,6
40020202,400202,2,34000,-1719630559,1,24000,4,4,InOrder,6
40020203,400202,3,34000,-1719630559,1,24000,6,6,InOrder,6
40020204,400202,4,46000,-1639660559,1,36000,5,5,InOrder,6
40020205,400202,5,27000,-1819630559,3,12000,4,6,InOrder,6
40020206,400202,6,46000,-1639600559,1,36000,5,5,InOrder,6
40020207,400202,7,39000,-1739660559,1,24000,10,10,InOrder,6
40020208,400202,8,34000,-1739660559,1,24000,12,12,InOrder,6
40020209,400202,9,34000,-1729610559,1,24000,10,10,InOrder,6
40020210,400202,10,34000,-1729610559,1,24000,12,12,InOrder,6
40020211,400202,11,102000,-1819630559,3,12000,4,6,InOrder,6
40020212,400202,12,46000,-1629630559,1,36000,5,5,InOrder,6
40020213,400202,13,22000,-1819630559,3,12000,6,4,InOrder,6
40020214,400202,14,34000,-1719640559,1,24000,5,5,InOrder,6
40020215,400202,15,51000,-1639600559,1,36000,8,8,InOrder,6
40020216,400202,16,34000,-1739660559,1,24000,7,7,InOrder,6
40020217,400202,17,34000,-1739660559,1,24000,9,9,InOrder,6
40020218,400202,18,22000,-1819640559,3,12000,7,9,InOrder,6
40020219,400202,19,39000,-1719640559,1,24000,7,7,InOrder,6
40020220,400202,20,34000,-1719640559,1,24000,9,9,InOrder,6
40020221,400202,21,34000,-1719630559,1,24000,7,7,InOrder,6
40020222,400202,22,34000,-1719630559,1,24000,9,9,InOrder,6
40020223,400202,23,114000,-1719640559,1,24000,10,10,InOrder,6
40020224,400202,24,34000,-1719640559,1,24000,12,12,InOrder,6
40020225,400202,25,46000,-1639660559,1,36000,11,11,InOrder,6
40020226,400202,26,22000,-1819630559,3,12000,10,12,InOrder,6
40020227,400202,27,51000,-1639600559,1,36000,11,11,InOrder,6
40020228,400202,28,34000,-1719640559,2,24000,10,10,InOrder,6
40020229,400202,29,34000,-1719640559,2,24000,12,12,InOrder,6
40020230,400202,30,27000,-1819630559,2,12000,4,4,InOrder,6
40020231,400202,31,22000,-1819630559,2,12000,6,6,InOrder,6
40020232,400202,32,34000,-1719640559,1,24000,5,5,InOrder,6
40020233,400202,33,126000,-1639600559,1,36000,5,5,InOrder,6
40020234,400202,34,22000,-1819640559,2,12000,4,4,InOrder,6
40020235,400202,35,22000,-1819640559,2,12000,6,6,InOrder,6
40020236,400202,36,46000,-1639660559,1,36000,11,11,InOrder,6
40020237,400202,37,34000,-1719630559,1,24000,10,10,InOrder,6
40020238,400202,38,34000,-1719630559,1,24000,12,12,InOrder,4
40020301,400203,1,0,-1819640559,3,12000,4,6,InOrder,6
40020302,400203,2,34000,-1719630559,1,24000,4,4,InOrder,6
40020303,400203,3,34000,-1719630559,1,24000,6,6,InOrder,6
40020304,400203,4,46000,-1639660559,1,36000,5,5,InOrder,6
40020305,400203,5,39000,-1719640559,1,24000,4,4,InOrder,6
40020306,400203,6,34000,-1719640559,1,24000,6,6,InOrder,6
40020307,400203,7,46000,-1639600559,1,36000,5,5,InOrder,6
40020308,400203,8,39000,-1739660559,1,24000,10,10,InOrder,6
40020309,400203,9,34000,-1739660559,1,24000,12,12,InOrder,6
40020310,400203,10,34000,-1729610559,1,24000,10,10,InOrder,6
40020311,400203,11,34000,-1729610559,1,24000,12,12,InOrder,6
40020312,400203,12,62000,-1819630559,3,12000,10,12,InOrder,6
40020313,400203,13,46000,-1629630559,1,36000,11,11,InOrder,6
40020314,400203,14,34000,-1719640559,2,24000,10,10,InOrder,6
40020315,400203,15,34000,-1719640559,2,24000,12,12,InOrder,6
40020316,400203,16,51000,-1639600559,1,36000,5,5,InOrder,6
40020317,400203,17,34000,-1739660559,1,24000,4,4,InOrder,6
40020318,400203,18,34000,-1739660559,1,24000,6,6,InOrder,6
40020319,400203,19,22000,-1819640559,3,12000,1,3,InOrder,6
40020320,400203,20,51000,-1639600559,1,36000,2,2,InOrder,6
40020321,400203,21,22000,-1819640559,3,12000,1,3,InOrder,6
40020322,400203,22,34000,-1719630559,1,24000,1,1,InOrder,6
40020323,400203,23,34000,-1719630559,1,24000,3,3,InOrder,6
40020324,400203,24,74000,-1719640559,1,24000,10,10,InOrder,6
40020325,400203,25,34000,-1719640559,1,24000,12,12,InOrder,6
40020326,400203,26,46000,-1639660559,1,36000,11,11,InOrder,6
40020327,400203,27,22000,-1819630559,3,12000,10,12,InOrder,6
40020328,400203,28,51000,-1639600559,1,36000,5,5,InOrder,6
40020329,400203,29,34000,-1719640559,2,24000,4,4,InOrder,6
40020330,400203,30,34000,-1719640559,2,24000,6,6,InOrder,6
40020331,400203,31,51000,-1639600559,1,36000,2,2,InOrder,6
40020332,400203,32,34000,-1739660559,1,24000,1,1,InOrder,6
40020333,400203,33,34000,-1739660559,1,24000,3,3,InOrder,6
40020334,400203,34,22000,-1839660559,3,12000,10,12,InOrder,6
40020335,400203,35,86000,-1639600559,1,36000,11,11,InOrder,6
40020336,400203,36,22000,-1819640559,3,12000,10,12,InOrder,6
40020337,400203,37,46000,-1639660559,1,36000,2,2,InOrder,6
40020338,400203,38,34000,-1719630559,1,24000,1,1,InOrder,6
40020339,400203,39,34000,-1719630559,1,24000,3,3,InOrder,4
40020401,400204,1,0,-1819640559,3,12000,4,6,InOrder,6
40020402,400204,2,34000,-1719630559,1,24000,4,4,InOrder,6
40020403,400204,3,34000,-1719630559,1,24000,6,6,InOrder,6
40020404,400204,4,46000,-1639660559,1,36000,5,5,InOrder,6
40020405,400204,5,39000,-1719640559,1,24000,4,4,InOrder,6
40020406,400204,6,34000,-1719640559,1,24000,6,6,InOrder,6
40020407,400204,7,46000,-1639600559,1,36000,5,5,InOrder,6
40020408,400204,8,39000,-1739660559,1,24000,10,10,InOrder,6
40020409,400204,9,34000,-1739660559,1,24000,12,12,InOrder,6
40020410,400204,10,34000,-1729610559,1,24000,10,10,InOrder,6
40020411,400204,11,34000,-1729610559,1,24000,12,12,InOrder,6
40020412,400204,12,62000,-1819630559,3,12000,10,12,InOrder,6
40020413,400204,13,46000,-1629630559,1,36000,11,11,InOrder,6
40020414,400204,14,34000,-1719640559,2,24000,10,10,InOrder,6
40020415,400204,15,34000,-1719640559,2,24000,12,12,InOrder,6
40020416,400204,16,51000,-1639600559,1,36000,5,5,InOrder,6
40020417,400204,17,34000,-1739660559,1,24000,4,4,InOrder,6
40020418,400204,18,34000,-1739660559,1,24000,6,6,InOrder,6
40020419,400204,19,51000,-1639600559,1,36000,2,2,InOrder,6
40020420,400204,20,34000,-1719640559,1,24000,1,1,InOrder,6
40020421,400204,21,34000,-1719640559,1,24000,3,3,InOrder,6
40020422,400204,22,34000,-1719630559,1,24000,10,10,InOrder,6
40020423,400204,23,34000,-1719630559,1,24000,12,12,InOrder,6
40020424,400204,24,74000,-1719640559,1,24000,10,10,InOrder,6
40020425,400204,25,34000,-1719640559,1,24000,12,12,InOrder,6
40020426,400204,26,46000,-1639660559,1,36000,11,11,InOrder,6
40020427,400204,27,22000,-1819630559,3,12000,10,12,InOrder,6
40020428,400204,28,51000,-1639600559,1,36000,5,5,InOrder,6
40020429,400204,29,34000,-1719640559,2,24000,4,4,InOrder,6
40020430,400204,30,34000,-1719640559,2,24000,6,6,InOrder,6
40020431,400204,31,51000,-1639600559,1,36000,2,2,InOrder,6
40020432,400204,32,34000,-1739660559,1,24000,1,1,InOrder,6
40020433,400204,33,34000,-1739660559,1,24000,3,3,InOrder,6
40020434,400204,34,34000,-1719630559,1,24000,10,10,InOrder,6
40020435,400204,35,34000,-1719630559,1,24000,12,12,InOrder,6
40020436,400204,36,86000,-1639600559,1,36000,11,11,InOrder,6
40020437,400204,37,34000,-1719640559,1,24000,10,10,InOrder,6
40020438,400204,38,34000,-1719640559,1,24000,12,12,InOrder,6
40020439,400204,39,46000,-1639660559,1,36000,2,2,InOrder,6
40020440,400204,40,34000,-1719630559,1,24000,1,1,InOrder,6
40020441,400204,41,34000,-1719630559,1,24000,3,3,InOrder,4
1420075509,100100101,1,0,1145240029,2,40000,1,1,InOrder,3
1420075510,100100101,2,30000,1145250029,2,40000,2,2,InOrder,3
1420075511,100100101,3,50000,1145240029,4,30000,1,2,InOrder,5
1420075512,100100101,4,120000,1145240029,4,30000,1,3,InOrder,7
1420075513,100100101,5,20000,1145250029,4,30000,7,9,InOrder,7
1420075514,100100101,6,50000,1145240029,3,30000,1,3,InOrder,7
1420075515,100100101,7,30000,1245240029,1,1,2,2,InOrder,7
1420075516,100100101,8,20000,1145250029,3,30000,7,9,InOrder,7
1420075517,100100101,9,30000,1255250029,1,1,8,8,InOrder,7
1420075518,100100101,10,120000,1145240029,6,25000,4,6,InOrder,7
1420075519,100100101,11,25000,1245240029,1,1,5,5,InOrder,9
1420075520,100100101,12,40000,1145250029,6,25000,10,12,InOrder,9
1420075521,100100101,13,25000,1255250029,1,1,11,11,InOrder,9
1420075522,100100101,14,40000,1145240029,6,25000,1,3,InOrder,9
1420075523,100100101,15,25000,1245240029,1,1,2,2,InOrder,9
1420075524,100100101,16,40000,1145250029,6,25000,7,9,InOrder,9
1420075525,100100101,17,25000,1255250029,1,1,8,8,InOrder,9
1420075526,100100101,18,40000,1145240029,6,25000,4,6,InOrder,9
1420075527,100100101,19,25000,1255250029,1,1,5,5,InOrder,9
1420075528,100100101,20,40000,1145250029,6,25000,10,12,InOrder,9
1420075529,100100101,21,25000,1255250029,1,1,11,11,InOrder,9
1420075530,100100101,22,40000,1145240029,6,25000,1,3,InOrder,9
1420075531,100100101,23,25000,1245240029,1,1,2,2,InOrder,9
1420075532,100100101,24,40000,1145250029,6,25000,7,9,InOrder,9
1420075533,100100101,25,25000,1255250029,1,1,8,8,InOrder,9
1420075534,100100101,26,40000,1145240029,6,25000,4,6,InOrder,9
1420075535,100100101,27,25000,1245240029,1,1,5,5,InOrder,9
1420075536,100100101,28,40000,1145250029,6,25000,10,12,InOrder,9
1420075537,100100101,29,25000,1255250029,1,1,11,11,InOrder,9
