id, event_id
100101, 80100
100102, 80100
100103, 80100
100104, 80100
100105, 80100
100106, 80100
100107, 80100
100201, 80200
100301, 80300
100302, 80300
100303, 80300
100304, 80300
100305, 80300
100306, 80300
100307, 80300
100308, 80300
100401, 80400
100501, 80600
100502, 80600
100503, 80600
100504, 80600
100505, 80600
100506, 80600
100507, 80600
100508, 80600
100509, 80600
100510, 80600
100511, 80600
100512, 80600
100513, 80600
100514, 80600
100515, 80600
100516, 80600
100517, 80600
100518, 80600
100519, 80600
100520, 80600
100521, 80600
100522, 80600
100523, 80600
100524, 80600
100525, 80600
100526, 80600
100527, 80600
100528, 80600
100529, 80700
100530, 80700
100531, 80700
100532, 80700
100701, 80800
100702, 80800
100703, 80800
100704, 80800
100705, 80800
100706, 80800
100707, 80800
100708, 80800
100709, 80800
100710, 80800
100711, 80800
100712, 80800
100713, 80800
100714, 80800
100715, 80800
100716, 80800
100717, 80800
100718, 80800
100719, 80800
100720, 80800
100721, 80800
100722, 80800
100723, 80800
100724, 80800
100725, 80800
100726, 80800
100727, 80800
100801, 80900
100802, 80900
100803, 80900
100901, 81100
101001, 81200
101002, 81200
101003, 81200
101004, 81200
101005, 81200
101006, 81200
101007, 81200
101008, 81200
101009, 81200
101010, 81200
101011, 81200
101012, 81200
101101, 81300
101102, 81300
101201, 81400
101202, 81400
101203, 81400
101204, 81400
101205, 81400
101206, 81400
101207, 81400
101208, 81400
101209, 81400
101210, 81400
101211, 81400
101212, 81400
101301, 81500
101302, 81500
101303, 81500
101304, 81500
101305, 81500
101306, 81500
101307, 81500
101308, 81500
101309, 81500
101601, 81600
101602, 81600
101603, 81600
101604, 81600
101605, 81600
101606, 81600
101607, 81600
101608, 81600
101609, 81600
101701, 81700
101702, 81700
101800, 81900
101801, 81900
101802, 81900
101803, 81900
101804, 81900
101805, 81900
101901, 82000
101902, 82000
101903, 82000
101904, 82000
101905, 82000
101906, 82000
101907, 82000
101908, 82000
101909, 82000
102001, 82100
102002, 82100
102003, 82100
102004, 82100
102101, 82300
102102, 82300
102103, 82300
102104, 82300
102401, 82400
102402, 82400
102403, 82400
102501, 82500
102502, 82500
102601, 82600
102602, 82600
102603, 82600
102604, 82600
102605, 82600
102701, 82700
102702, 82700
102703, 82700
102704, 82700
102705, 82700
102706, 82700
102707, 82700
102708, 82700
102709, 82700
102710, 82700
102711, 82700
102801, 82800
102802, 82800
102803, 82800
102804, 82800
102805, 82800
102806, 82800
102807, 82800
102808, 82800
102809, 82800
102810, 82800
102811, 82800
102812, 82800
102813, 82800
102814, 82800
102815, 82800
20010201, 80100
20010301, 80100
20010302, 80100
20010601, 80100
20010701, 80100
20010702, 80100
20010801, 80100
20010901, 80100
20010902, 80100
20010903, 80100
20011001, 80100
20011002, 80100
20011003, 80100
20011101, 80100
20011102, 80100
20011103, 80100
20011201, 80100
20011202, 80100
20011203, 80100
20011301, 80100
20011302, 80100
20011303, 80100
20011401, 80100
20011402, 80100
20011403, 80100
20011501, 80100
20011502, 80100
20011503, 80100
20011601, 80100
20011602, 80100
20011603, 80100
20020101, 80200
20020201, 80200
20020202, 80200
20020301, 80200
20020302, 80200
20020303, 80200
20020401, 80200
20020402, 80200
20020403, 80200
20020501, 80200
20020502, 80200
20020503, 80200
20020601, 80200
20020602, 80200
20020603, 80200
20020701, 80200
20020702, 80200
20020703, 80200
20020801, 80200
20020802, 80200
20020803, 80200
20020901, 80200
20020902, 80200
20020903, 80200
20021001, 80200
20021002, 80200
20021003, 80200
20021101, 80200
20021102, 80200
20021103, 80200
20021201, 80200
20021202, 80200
20021203, 80200
20030101, 80300
20030201, 80300
20030202, 80300
20030203, 80300
20030301, 80300
20030302, 80300
20030303, 80300
20030401, 80300
20030402, 80300
20030403, 80300
20030501, 80300
20030502, 80300
20030503, 80300
20030601, 80300
20030602, 80300
20030603, 80300
20030701, 80300
20030801, 80300
20030802, 80300
20030803, 80300
20030901, 80300
20030902, 80300
20030903, 80300
20031001, 80300
20031002, 80300
20031003, 80300
20031101, 80300
20031102, 80300
20031103, 80300
20031201, 80300
20031202, 80300
20031203, 80300
20031301, 80300
20031401, 80300
20031402, 80300
20031403, 80300
20031501, 80300
20031502, 80300
20031503, 80300
20031601, 80300
20031602, 80300
20031603, 80300
20031701, 80300
20031702, 80300
20031703, 80300
20031801, 80300
20031802, 80300
20031803, 80300
20031901, 80300
20031902, 80300
20031903, 80300
20032001, 80300
20032002, 80300
20032003, 80300
20032101, 80300
20032102, 80300
20032103, 80300
20032201, 80300
20032202, 80300
20032203, 80300
20032301, 80300
20032401, 80300
20032402, 80300
20032501, 80300
20032601, 80300
20032602, 80300
20032603, 80300
20032701, 80300
20032702, 80300
20032703, 80300
20032901, 80300
20032902, 80300
20032903, 80300
20033001, 80300
20033002, 80300
20033003, 80300
20033101, 80300
20033102, 80300
20033103, 80300
20033201, 80300
20033202, 80300
20033203, 80300
20033301, 80300
20033302, 80300
20033303, 80300
20033304, 80300
20033305, 80300
20033306, 80300
20033401, 80300
20033402, 80300
20033403, 80300
20033501, 80300
20033502, 80300
20033503, 80300
20033601, 80300
20033602, 80300
20033701, 80300
20033801, 80300
20033802, 80300
20040101, 80400
20040201, 80400
20040202, 80400
20040301, 80400
20040401, 80400
20040402, 80400
20040501, 80400
20040502, 80400
20040601, 80400
20040602, 80400
20040603, 80400
20040701, 80400
20040702, 80400
20040703, 80400
20040801, 80400
20040802, 80400
20040803, 80400
20040901, 80400
20040902, 80400
20040903, 80400
20041001, 80400
20041002, 80400
20041003, 80400
20041101, 80400
20041102, 80400
20041103, 80400
20041201, 80400
20041202, 80400
20041203, 80400
20041301, 80400
20041302, 80400
20041303, 80400
20041401, 80400
20041402, 80400
20041403, 80400
20041501, 80400
20041502, 80400
20041503, 80400
20041601, 80400
20041602, 80400
20041603, 80400
20041701, 80400
20041702, 80400
20041703, 80400
20041801, 80400
20041802, 80400
20041803, 80400
20041901, 80400
20041902, 80400
20041903, 80400
20042001, 80400
20042002, 80400
20042003, 80400
20042101, 80400
20042102, 80400
20042103, 80400
20042201, 80400
20042202, 80400
20042203, 80400
20042301, 80400
20042302, 80400
20042303, 80400
20042401, 80400
20042402, 80400
20042403, 80400
20042501, 80400
20042502, 80400
20042503, 80400
20042601, 80400
20042602, 80400
20042603, 80400
20042701, 80400
20042702, 80400
20042703, 80400
20042801, 80400
20042802, 80400
20042803, 80400
20042901, 80400
20042902, 80400
20042903, 80400
20043001, 80400
20043002, 80400
20043003, 80400
20043101, 80400
20043102, 80400
20043103, 80400
20043201, 80400
20043202, 80400
20043203, 80400
20043301, 80400
20043302, 80400
20043303, 80400
20043401, 80400
20043402, 80400
20043403, 80400
20043501, 80400
20043502, 80400
20043503, 80400
20050101, 80600
20050201, 80600
20050202, 80600
20050301, 80600
20050401, 80600
20050402, 80600
20050501, 80600
20050601, 80600
20050701, 80600
20050801, 80600
20050901, 80600
20051001, 80600
20051101, 80600
20051201, 80600
20051301, 80600
20051401, 80600
20051402, 80600
20051403, 80600
20051501, 80600
20051502, 80600
20051503, 80600
20051601, 80600
20051602, 80600
20051603, 80600
20051701, 80600
20051702, 80600
20051703, 80600
20051801, 80600
20051802, 80600
20051803, 80600
20051901, 80600
20051902, 80600
20051903, 80600
20052001, 80600
20052002, 80600
20052003, 80600
20052101, 80600
20052102, 80600
20052103, 80600
20052201, 80600
20052202, 80600
20052203, 80600
20052301, 80600
20052302, 80600
20052303, 80600
20052401, 80600
20052402, 80600
20052403, 80600
20052501, 80600
20052502, 80600
20052503, 80600
20052601, 80600
20052602, 80600
20052603, 80600
20052701, 80600
20052702, 80600
20052703, 80600
20052801, 80600
20052802, 80600
20052803, 80600
20052901, 80600
20052902, 80600
20052903, 80600
20053001, 80600
20053002, 80600
20053003, 80600
20053101, 80600
20053102, 80600
20053103, 80600
20053201, 80600
20053202, 80600
20053203, 80600
20053301, 80600
20053302, 80600
20053303, 80600
20053401, 80600
20053402, 80600
20053403, 80600
20053501, 80600
20053502, 80600
20053503, 80600
20053601, 80600
20053602, 80600
20053603, 80600
20053701, 80600
20053702, 80600
20053703, 80600
20053801, 80600
20053802, 80600
20053803, 80600
20053901, 80600
20053902, 80600
20053903, 80600
20054001, 80600
20054002, 80600
20054003, 80600
20054101, 80600
20054102, 80600
20054103, 80600
20054201, 80600
20054202, 80600
20054203, 80600
20054301, 80600
20054302, 80600
20054303, 80600
20054401, 80600
20054402, 80600
20054403, 80600
20054501, 80600
20054502, 80600
20054503, 80600
20054601, 80600
20054602, 80600
20054603, 80600
20054701, 80600
20054702, 80600
20054703, 80600
20054801, 80600
20054802, 80600
20054803, 80600
20054901, 80600
20054902, 80600
20054903, 80600
20055001, 80600
20055002, 80600
20055003, 80600
20055101, 80600
20055102, 80600
20055103, 80600
20055201, 80600
20055202, 80600
20055203, 80600
20055301, 80600
20055302, 80600
20055303, 80600
20055401, 80600
20055402, 80600
20055403, 80600
20055501, 80600
20055502, 80600
20055503, 80600
20055601, 80600
20055602, 80600
20055603, 80600
20055701, 80600
20055702, 80600
20055703, 80600
20055801, 80600
20055802, 80600
20055803, 80600
20055901, 80600
20055902, 80600
20055903, 80600
20056001, 80600
20056002, 80600
20056003, 80600
20056101, 80600
20056102, 80600
20056103, 80600
20056201, 80600
20056202, 80600
20056203, 80600
20056301, 80600
20056302, 80600
20056303, 80600
20056401, 80600
20056402, 80600
20056403, 80600
20056501, 80600
20056502, 80600
20056503, 80600
20056504, 80600
20056505, 80600
20056506, 80600
20056601, 80600
20056602, 80600
20056603, 80600
20056604, 80600
20056605, 80600
20056606, 80600
20056701, 80600
20056702, 80600
20056703, 80600
20056704, 80600
20056705, 80600
20056706, 80600
20056801, 80600
20056802, 80600
20056803, 80600
20056804, 80600
20056805, 80600
20056806, 80600
20056901, 80600
20056902, 80600
20056903, 80600
20056904, 80600
20056905, 80600
20056906, 80600
20057001, 80600
20057002, 80600
20057003, 80600
20057004, 80600
20057005, 80600
20057006, 80600
20057101, 80600
20057102, 80600
20057103, 80600
20057104, 80600
20057105, 80600
20057106, 80600
20057201, 80600
20057202, 80600
20057203, 80600
20057204, 80600
20057205, 80600
20057206, 80600
20057301, 80600
20057302, 80600
20057303, 80600
20057304, 80600
20057305, 80600
20057306, 80600
20057401, 80600
20057402, 80600
20057403, 80600
20057404, 80600
20057405, 80600
20057406, 80600
20057501, 80600
20057502, 80600
20057503, 80600
20057504, 80600
20057505, 80600
20057506, 80600
20057601, 80600
20057602, 80600
20057603, 80600
20057604, 80600
20057605, 80600
20057606, 80600
20057701, 80600
20057702, 80600
20057703, 80600
20057704, 80600
20057705, 80600
20057801, 80600
20057802, 80600
20057803, 80600
20057804, 80600
20057805, 80600
20057901, 80600
20057902, 80600
20057903, 80600
20057904, 80600
20057905, 80600
20058001, 80600
20058002, 80600
20058003, 80600
20058004, 80600
20058005, 80600
20058101, 80600
20058102, 80600
20058103, 80600
20058104, 80600
20058105, 80600
20058201, 80600
20058202, 80600
20058203, 80600
20058204, 80600
20058205, 80600
20058301, 80600
20058302, 80600
20058303, 80600
20058304, 80600
20058305, 80600
20058401, 80600
20058402, 80600
20058403, 80600
20058404, 80600
20058405, 80600
20058501, 80600
20058502, 80600
20058503, 80600
20058504, 80600
20058505, 80600
20058601, 80600
20058602, 80600
20058603, 80600
20058604, 80600
20058605, 80600
20058701, 80600
20058702, 80600
20058703, 80600
20058704, 80600
20058705, 80600
20058801, 80600
20058802, 80600
20058803, 80600
20058804, 80600
20058805, 80600
20058901, 80600
20058902, 80600
20058903, 80600
20058904, 80600
20058905, 80600
20059001, 80600
20059002, 80600
20059003, 80600
20059004, 80600
20059005, 80600
20059101, 80600
20059102, 80600
20059103, 80600
20059104, 80600
20059105, 80600
20059201, 80600
20059202, 80600
20059203, 80600
20059204, 80600
20059205, 80600
20059301, 80600
20059302, 80600
20059303, 80600
20059304, 80600
20059305, 80600
20059401, 80600
20059402, 80600
20059403, 80600
20059404, 80600
20059405, 80600
20059501, 80600
20059502, 80600
20059503, 80600
20059504, 80600
20059505, 80600
20059601, 80600
20059602, 80600
20059603, 80600
20059604, 80600
20059605, 80600
20059701, 80600
20059702, 80600
20059703, 80600
20059704, 80600
20059705, 80600
20059801, 80600
20059802, 80600
20059803, 80600
20059804, 80600
20059805, 80600
200500101, 80600
200500201, 80600
200500202, 80600
200500203, 80600
200500301, 80600
200500302, 80600
200500303, 80600
200500401, 80600
200500402, 80600
200500403, 80600
200500501, 80600
200500502, 80600
200500503, 80600
200500601, 80600
200500602, 80600
200500603, 80600
200500701, 80600
200500702, 80600
200500703, 80600
200500801, 80600
200500802, 80600
200500803, 80600
200500901, 80600
200500902, 80600
200500903, 80600
200501001, 80600
200501002, 80600
200501003, 80600
200501101, 80600
200501102, 80600
200501103, 80600
200501201, 80600
200501202, 80600
200501203, 80600
200501301, 80600
200501302, 80600
200501303, 80600
200501401, 80600
200501402, 80600
200501403, 80600
200501501, 80600
200501502, 80600
200501503, 80600
200501601, 80600
200501602, 80600
200501603, 80600
200501701, 80600
200501702, 80600
200501703, 80600
200501704, 80600
200501705, 80600
200501706, 80600
200501801, 80600
200501802, 80600
200501803, 80600
200501804, 80600
200501805, 80600
200501901, 80600
200501902, 80600
200501903, 80600
200501904, 80600
200501905, 80600
200502001, 80600
200502002, 80600
200502003, 80600
200600101, 80700
200600102, 80700
200600103, 80700
200600104, 80700
200600105, 80700
200600106, 80700
200600107, 80700
200600108, 80700
200600109, 80700
200600110, 80700
200600111, 80700
200600112, 80700
200600113, 80700
200600114, 80700
200600115, 80700
200600116, 80700
200600117, 80700
200600118, 80700
200600119, 80700
200600120, 80700
200600121, 80700
200600122, 80700
200600123, 80700
200600124, 80700
200600125, 80700
200600126, 80700
200600127, 80700
200600128, 80700
200600129, 80700
200600130, 80700
200600131, 80700
200600132, 80700
200600133, 80700
200600134, 80700
200600135, 80700
200600136, 80700
200600137, 80700
200600138, 80700
200600139, 80700
200600140, 80700
200600141, 80700
200600142, 80700
200600143, 80700
200600144, 80700
200600145, 80700
200600146, 80700
200600147, 80700
200600148, 80700
200600149, 80700
200600150, 80700
200600151, 80700
200600152, 80700
200600153, 80700
200600154, 80700
200600155, 80700
200600156, 80700
200600157, 80700
200600158, 80700
200600159, 80700
200600160, 80700
200600161, 80700
200600162, 80700
200600163, 80700
200600164, 80700
200600165, 80700
200600166, 80700
200600167, 80700
200600168, 80700
200600169, 80700
200600170, 80700
200600171, 80700
200600172, 80700
200600173, 80700
200600174, 80700
200600175, 80700
200600176, 80700
200600177, 80700
200600178, 80700
200600179, 80700
200600180, 80700
200600181, 80700
200600182, 80700
200600183, 80700
200600184, 80700
200600185, 80700
200600186, 80700
200600187, 80700
200600188, 80700
200600189, 80700
200600190, 80700
200600191, 80700
200600192, 80700
200600193, 80700
200600194, 80700
200600195, 80700
200600196, 80700
200600197, 80700
200600198, 80700
200600199, 80700
200600200, 80700
200600201, 80700
200600202, 80700
200600203, 80700
200600204, 80700
200600205, 80700
200600206, 80700
200600207, 80700
200600208, 80700
200600209, 80700
200600210, 80700
200600211, 80700
200600212, 80700
200600213, 80700
200600214, 80700
200600215, 80700
200600216, 80700
200600217, 80700
200600218, 80700
200600219, 80700
200600220, 80700
200600221, 80700
200600222, 80700
200600223, 80700
200600224, 80700
200600225, 80700
200600226, 80700
200600227, 80700
200600228, 80700
200600229, 80700
200600230, 80700
200600231, 80700
200600232, 80700
200600233, 80700
200600234, 80700
200600235, 80700
200600236, 80700
200600237, 80700
200600238, 80700
200600239, 80700
200600240, 80700
200600241, 80700
200600242, 80700
200600243, 80700
200600244, 80700
200600245, 80700
200600246, 80700
200600247, 80700
200600248, 80700
200600249, 80700
200600250, 80700
200600251, 80700
200600252, 80700
200600253, 80700
200600254, 80700
200600255, 80700
200600256, 80700
200600257, 80700
200600258, 80700
200600259, 80700
200600260, 80700
200600261, 80700
200600262, 80700
200600263, 80700
200600264, 80700
200600265, 80700
200600266, 80700
200600267, 80700
200600268, 80700
200600269, 80700
200600270, 80700
200600271, 80700
200600272, 80700
200600273, 80700
200600274, 80700
200600275, 80700
200600276, 80700
200600277, 80700
200600278, 80700
200600279, 80700
200600280, 80700
200600281, 80700
200600282, 80700
200600283, 80700
200600284, 80700
200600285, 80700
200600286, 80700
200600287, 80700
200600288, 80700
200600289, 80700
200600290, 80700
200600291, 80700
200600292, 80700
200600293, 80700
200600294, 80700
200600295, 80700
200600296, 80700
200600297, 80700
200600298, 80700
200600299, 80700
200600300, 80700
200600301, 80700
200600302, 80700
200600303, 80700
200600304, 80700
200700101, 80800
200700201, 80800
200700202, 80800
200700301, 80800
200700401, 80800
200700402, 80800
200700501, 80800
200700502, 80800
200700503, 80800
200700504, 80800
200700505, 80800
200700506, 80800
200700507, 80800
200700508, 80800
200700601, 80800
200700701, 80800
200700702, 80800
200700703, 80800
200700801, 80800
200700802, 80800
200700803, 80800
200700804, 80800
200700805, 80800
200700901, 80800
200700902, 80800
200700903, 80800
200700904, 80800
200700905, 80800
200700906, 80800
200700907, 80800
200701001, 80800
200701002, 80800
200701003, 80800
200701004, 80800
200701005, 80800
200701101, 80800
200701102, 80800
200701103, 80800
200701201, 80800
200701202, 80800
200701203, 80800
200701204, 80800
200701205, 80800
200701301, 80800
200701302, 80800
200701303, 80800
200701304, 80800
200701305, 80800
200701306, 80800
200701307, 80800
200701401, 80800
200701402, 80800
200701403, 80800
200701404, 80800
200701405, 80800
200709901, 80800
200709902, 80800
200709903, 80800
200709904, 80800
200709905, 80800
200709906, 80800
200709907, 80800
200709908, 80800
200709909, 80800
200701501, 80800
200701502, 80800
200701503, 80800
200701504, 80800
200701505, 80800
200701506, 80800
200701507, 80800
200701508, 80800
200701509, 80800
200701601, 80800
200701602, 80800
200701603, 80800
200701604, 80800
200701605, 80800
200701606, 80800
200701607, 80800
200701608, 80800
200701609, 80800
200701701, 80800
200701702, 80800
200701703, 80800
200701704, 80800
200701705, 80800
200701706, 80800
200701707, 80800
200701708, 80800
200701709, 80800
200701801, 80800
200701802, 80800
200701803, 80800
200701804, 80800
200701805, 80800
200701806, 80800
200701807, 80800
200701808, 80800
200701809, 80800
200701901, 80800
200701902, 80800
200701903, 80800
200701904, 80800
200701905, 80800
200701906, 80800
200701907, 80800
200702001, 80800
200702002, 80800
200702003, 80800
200702004, 80800
200702005, 80800
200702101, 80800
200702102, 80800
200702103, 80800
200702201, 80800
200702301, 80800
200702401, 80800
200702501, 80800
200702601, 80800
200702701, 80800
200702702, 80800
200702703, 80800
200702801, 80800
200702802, 80800
200702803, 80800
200702901, 80800
200702902, 80800
200702903, 80800
200703001, 80800
200703002, 80800
200703003, 80800
200703101, 80800
200703102, 80800
200703103, 80800
200703201, 80800
200703202, 80800
200703203, 80800
200703301, 80800
200703302, 80800
200703303, 80800
200703401, 80800
200703402, 80800
200703403, 80800
200703501, 80800
200703502, 80800
200703503, 80800
200703601, 80800
200703602, 80800
200703603, 80800
200703701, 80800
200703702, 80800
200703703, 80800
200703801, 80800
200703802, 80800
200703803, 80800
200703901, 80800
200703902, 80800
200703903, 80800
200704001, 80800
200704002, 80800
200704003, 80800
200704101, 80800
200704102, 80800
200704103, 80800
200704201, 80800
200704202, 80800
200704203, 80800
200704301, 80800
200704302, 80800
200704303, 80800
200709501, 80800
200709502, 80800
200709503, 80800
200709601, 80800
200709602, 80800
200709603, 80800
200709701, 80800
200709702, 80800
200709703, 80800
200709801, 80800
200709802, 80800
200709803, 80800
200704401, 80800
200704402, 80800
200704403, 80800
200704601, 80800
200704602, 80800
200704603, 80800
200704701, 80800
200704702, 80800
200704703, 80800
200704801, 80800
200704802, 80800
200704803, 80800
200704901, 80800
200704902, 80800
200704903, 80800
200705001, 80800
200705002, 80800
200705003, 80800
200705101, 80800
200705102, 80800
200705103, 80800
200705301, 80800
200705302, 80800
200705303, 80800
200705401, 80800
200705402, 80800
200705403, 80800
200705501, 80800
200705502, 80800
200705503, 80800
200705601, 80800
200705602, 80800
200705603, 80800
200705701, 80800
200705702, 80800
200705703, 80800
200705801, 80800
200705802, 80800
200705803, 80800
200705901, 80800
200705902, 80800
200705903, 80800
200706001, 80800
200706002, 80800
200706003, 80800
200706101, 80800
200706102, 80800
200706103, 80800
200706201, 80800
200706202, 80800
200706203, 80800
200706301, 80800
200706302, 80800
200706303, 80800
200706401, 80800
200706402, 80800
200706403, 80800
200706501, 80800
200706502, 80800
200706503, 80800
200706601, 80800
200706602, 80800
200706603, 80800
200706701, 80800
200706702, 80800
200706703, 80800
200706801, 80800
200706802, 80800
200706803, 80800
200706901, 80800
200706902, 80800
200706903, 80800
200707001, 80800
200707002, 80800
200707003, 80800
200707101, 80800
200707102, 80800
200707103, 80800
200707201, 80800
200707202, 80800
200707203, 80800
200707204, 80800
200707205, 80800
200707301, 80800
200707302, 80800
200707303, 80800
200707304, 80800
200707305, 80800
200707401, 80800
200707402, 80800
200707403, 80800
200707404, 80800
200707405, 80800
200707501, 80800
200707502, 80800
200707503, 80800
200707504, 80800
200707505, 80800
200707601, 80800
200707602, 80800
200707603, 80800
200707604, 80800
200707605, 80800
200707701, 80800
200707702, 80800
200707703, 80800
200707704, 80800
200707705, 80800
200708801, 80800
200708802, 80800
200708901, 80800
200708902, 80800
200709001, 80800
200709002, 80800
200709201, 80800
200709301, 80800
200709302, 80800
200709303, 80800
200709401, 80800
200709402, 80800
200710001, 80800
200710002, 80800
200710003, 80800
200710101, 80800
200710102, 80800
200710103, 80800
200710201, 80800
200710202, 80800
200710203, 80800
200710301, 80800
200710302, 80800
200710303, 80800
200710401, 80800
200710402, 80800
200710403, 80800
200710501, 80800
200710502, 80800
200710503, 80800
200710601, 80800
200710602, 80800
200710603, 80800
200710701, 80800
200710702, 80800
200710703, 80800
200710801, 80800
200710802, 80800
200710803, 80800
200710901, 80800
200710902, 80800
200710903, 80800
200711001, 80800
200711002, 80800
200711003, 80800
200711101, 80800
200711102, 80800
200711103, 80800
200711201, 80800
200711202, 80800
200800101, 80900
200800201, 80900
200800202, 80900
200800301, 80900
200800401, 80900
200800402, 80900
200800501, 80900
200800502, 80900
200800503, 80900
200800601, 80900
200800602, 80900
200800603, 80900
200800701, 80900
200800702, 80900
200800703, 80900
200800801, 80900
200800802, 80900
200800803, 80900
200800901, 80900
200800902, 80900
200800903, 80900
200801001, 80900
200801002, 80900
200801003, 80900
200801101, 80900
200801102, 80900
200801103, 80900
200801201, 80900
200801202, 80900
200801203, 80900
200801301, 80900
200801302, 80900
200801303, 80900
200801401, 80900
200801402, 80900
200801403, 80900
200801501, 80900
200801502, 80900
200801503, 80900
200801601, 80900
200801602, 80900
200801603, 80900
200801701, 80900
200801702, 80900
200801703, 80900
200801801, 80900
200801802, 80900
200801803, 80900
200801901, 80900
200801902, 80900
200801903, 80900
200802001, 80900
200802002, 80900
200802003, 80900
200802101, 80900
200802102, 80900
200802103, 80900
200802201, 80900
200802202, 80900
200802203, 80900
200802301, 80900
200802302, 80900
200802303, 80900
200802401, 80900
200802402, 80900
200802403, 80900
200802501, 80900
200802502, 80900
200802503, 80900
200802601, 80900
200802602, 80900
200802603, 80900
200802701, 80900
200802702, 80900
200802703, 80900
200802801, 80900
200802802, 80900
200802803, 80900
200802901, 80900
200802902, 80900
200802903, 80900
200803001, 80900
200803002, 80900
200803003, 80900
200803101, 80900
200803102, 80900
200803103, 80900
200803201, 80900
200803202, 80900
200803203, 80900
200803301, 80900
200803302, 80900
200803303, 80900
200803401, 80900
200803402, 80900
200803403, 80900
200803501, 80900
200803502, 80900
200803503, 80900
200803601, 80900
200803602, 80900
200803603, 80900
200803701, 80900
200803702, 80900
200803703, 80900
200803801, 80900
200803802, 80900
200803803, 80900
200803901, 80900
200803902, 80900
200803903, 80900
200804001, 80900
200804002, 80900
200804003, 80900
200804101, 80900
200804102, 80900
200804103, 80900
200804201, 80900
200804202, 80900
200804203, 80900
200804301, 80900
200804302, 80900
200804303, 80900
200804401, 80900
200804402, 80900
200804403, 80900
200804501, 80900
200804502, 80900
200804503, 80900
200804601, 80900
200804602, 80900
200804603, 80900
200804701, 80900
200804702, 80900
200804703, 80900
200804801, 80900
200804802, 80900
200804803, 80900
200804901, 80900
200804902, 80900
200804903, 80900
200805001, 80900
200805002, 80900
200805003, 80900
200805101, 80900
200805102, 80900
200805103, 80900
200805201, 80900
200805202, 80900
200805203, 80900
200805301, 80900
200805302, 80900
200805303, 80900
200805401, 80900
200805402, 80900
200805403, 80900
200805501, 80900
200805502, 80900
200805503, 80900
200805601, 80900
200805602, 80900
200805603, 80900
200805701, 80900
200805702, 80900
200805703, 80900
200805801, 80900
200805802, 80900
200805803, 80900
200805901, 80900
200805902, 80900
200805903, 80900
200806001, 80900
200806002, 80900
200806003, 80900
200806101, 80900
200806102, 80900
200806103, 80900
200806201, 80900
200806202, 80900
200806203, 80900
200806301, 80900
200806302, 80900
200806303, 80900
200806401, 80900
200806402, 80900
200806403, 80900
200806501, 80900
200806502, 80900
200806503, 80900
200806601, 80900
200806602, 80900
200806603, 80900
200806701, 80900
200806702, 80900
200806703, 80900
200806801, 80900
200806802, 80900
200806803, 80900
200806901, 80900
200806902, 80900
200806903, 80900
200807001, 80900
200807002, 80900
200807003, 80900
200807101, 80900
200807102, 80900
200807103, 80900
200807201, 80900
200807202, 80900
200807203, 80900
200807301, 80900
200807302, 80900
200807303, 80900
200807401, 80900
200807402, 80900
200807403, 80900
200807501, 80900
200807502, 80900
200807503, 80900
200807601, 80900
200807602, 80900
200807603, 80900
200807701, 80900
200807702, 80900
200807703, 80900
200807801, 80900
200807802, 80900
200807803, 80900
200807901, 80900
200807902, 80900
200807903, 80900
200808001, 80900
200808002, 80900
200808003, 80900
200808101, 80900
200808102, 80900
200808103, 80900
200808201, 80900
200808202, 80900
200808203, 80900
200812301, 80900
200812302, 80900
200812303, 80900
200808301, 80900
200808302, 80900
200808303, 80900
200808401, 80900
200808402, 80900
200808403, 80900
200808501, 80900
200808502, 80900
200808503, 80900
200808601, 80900
200808602, 80900
200808603, 80900
200808701, 80900
200808702, 80900
200808703, 80900
200808801, 80900
200808802, 80900
200808803, 80900
200808901, 80900
200808902, 80900
200808903, 80900
200809001, 80900
200809002, 80900
200809003, 80900
200809101, 80900
200809102, 80900
200809103, 80900
200809201, 80900
200809202, 80900
200809203, 80900
200809301, 80900
200809302, 80900
200809303, 80900
200809401, 80900
200809402, 80900
200809403, 80900
200809501, 80900
200809502, 80900
200809503, 80900
200809601, 80900
200809602, 80900
200809603, 80900
200809701, 80900
200809702, 80900
200809703, 80900
200809801, 80900
200809802, 80900
200809803, 80900
200809901, 80900
200809902, 80900
200809903, 80900
200810001, 80900
200810002, 80900
200810003, 80900
200810101, 80900
200810102, 80900
200810103, 80900
200810201, 80900
200810202, 80900
200810203, 80900
200810301, 80900
200810302, 80900
200810303, 80900
200810401, 80900
200810402, 80900
200810403, 80900
200810501, 80900
200810502, 80900
200810503, 80900
200810601, 80900
200810602, 80900
200810603, 80900
200810701, 80900
200810702, 80900
200810703, 80900
200810801, 80900
200810802, 80900
200810803, 80900
200810901, 80900
200810902, 80900
200810903, 80900
200811001, 80900
200811002, 80900
200811003, 80900
200811101, 80900
200811102, 80900
200811103, 80900
200811201, 80900
200811202, 80900
200811203, 80900
200811301, 80900
200811302, 80900
200811303, 80900
200811401, 80900
200811402, 80900
200811403, 80900
200811501, 80900
200811502, 80900
200811503, 80900
200811601, 80900
200811602, 80900
200811603, 80900
200811701, 80900
200811702, 80900
200811703, 80900
200811801, 80900
200811802, 80900
200811803, 80900
200812401, 80900
200812402, 80900
200812403, 80900
200811901, 80900
200811902, 80900
200811903, 80900
200812001, 80900
200812002, 80900
200812003, 80900
200812101, 80900
200812102, 80900
200812103, 80900
200812201, 80900
200812202, 80900
200812203, 80900
200901001, 81100
200901002, 81100
200902001, 81100
200902002, 81100
200902003, 81100
200903001, 81100
200903002, 81100
200903003, 81100
200904001, 81100
200904002, 81100
200904003, 81100
200905001, 81100
200905002, 81100
200906001, 81100
200906002, 81100
200907001, 81100
200907002, 81100
200907003, 81100
200916001, 81100
200916002, 81100
200916003, 81100
200917001, 81100
200917002, 81100
200917003, 81100
200972001, 81100
200972002, 81100
200972003, 81100
200972004, 81100
200972005, 81100
200972006, 81100
200972007, 81100
200972008, 81100
200972009, 81100
200972010, 81100
200972011, 81100
200972012, 81100
200972013, 81100
200972014, 81100
200972015, 81100
200972016, 81100
200972017, 81100
200972018, 81100
200972019, 81100
200972020, 81100
200972021, 81100
200972022, 81100
200972023, 81100
200972024, 81100
200972025, 81100
200972026, 81100
200972027, 81100
200972028, 81100
200972029, 81100
200972030, 81100
200972031, 81100
200972032, 81100
200973001, 81100
200973002, 81100
200973003, 81100
200973004, 81100
200973005, 81100
200973006, 81100
200973007, 81100
200973008, 81100
200973009, 81100
200973010, 81100
200973011, 81100
200973012, 81100
200973013, 81100
200973014, 81100
200973015, 81100
200973016, 81100
200973017, 81100
200973018, 81100
200973019, 81100
200973020, 81100
200973021, 81100
200973022, 81100
200973023, 81100
200973024, 81100
200973025, 81100
200973026, 81100
200973027, 81100
200973028, 81100
200973029, 81100
200973030, 81100
200973031, 81100
200973032, 81100
200974001, 81100
200974002, 81100
200974003, 81100
200974004, 81100
200974005, 81100
200974006, 81100
200974007, 81100
200974008, 81100
200974009, 81100
200974010, 81100
200974011, 81100
200974012, 81100
200974013, 81100
200974014, 81100
200974015, 81100
200974016, 81100
200974017, 81100
200974018, 81100
200974019, 81100
200974020, 81100
200974021, 81100
200974022, 81100
200974023, 81100
200974024, 81100
200974025, 81100
200974026, 81100
200974027, 81100
200974028, 81100
200974029, 81100
200974030, 81100
200974031, 81100
200974032, 81100
200975001, 81100
200975002, 81100
200975003, 81100
200975004, 81100
200975005, 81100
200975006, 81100
200975007, 81100
200975008, 81100
200975009, 81100
200975010, 81100
200975011, 81100
200975012, 81100
200975013, 81100
200975014, 81100
200975015, 81100
200975016, 81100
200975017, 81100
200975018, 81100
200975019, 81100
200975020, 81100
200975021, 81100
200975022, 81100
200975023, 81100
200975024, 81100
200975025, 81100
200975026, 81100
200975027, 81100
200975028, 81100
200975029, 81100
200975030, 81100
200975031, 81100
200975032, 81100
200976001, 81100
200976002, 81100
200976003, 81100
200976004, 81100
200976005, 81100
200976006, 81100
200976007, 81100
200976008, 81100
200976009, 81100
200976010, 81100
200976011, 81100
200976012, 81100
200976013, 81100
200976014, 81100
200976015, 81100
200976016, 81100
200976017, 81100
200976018, 81100
200976019, 81100
200976020, 81100
200976021, 81100
200976022, 81100
200976023, 81100
200976024, 81100
200976025, 81100
200976026, 81100
200976027, 81100
200976028, 81100
200976029, 81100
200976030, 81100
200976031, 81100
200976032, 81100
200977001, 81100
200977002, 81100
200977003, 81100
200977004, 81100
200977005, 81100
200977006, 81100
200977007, 81100
200977008, 81100
200977009, 81100
200977010, 81100
200977011, 81100
200977012, 81100
200977013, 81100
200977014, 81100
200977015, 81100
200977016, 81100
200977017, 81100
200977018, 81100
200977019, 81100
200977020, 81100
200977021, 81100
200977022, 81100
200977023, 81100
200977024, 81100
200977025, 81100
200977026, 81100
200977027, 81100
200977028, 81100
200977029, 81100
200977030, 81100
200977031, 81100
200977032, 81100
200978001, 81100
200978002, 81100
200978003, 81100
200978004, 81100
200978005, 81100
200978006, 81100
200978007, 81100
200978008, 81100
200978009, 81100
200978010, 81100
200978011, 81100
200978012, 81100
200978013, 81100
200978014, 81100
200978015, 81100
200978016, 81100
200978017, 81100
200978018, 81100
200978019, 81100
200978020, 81100
200978021, 81100
200978022, 81100
200978023, 81100
200978024, 81100
200978025, 81100
200978026, 81100
200978027, 81100
200978028, 81100
200978029, 81100
200978030, 81100
200978031, 81100
200978032, 81100
200979001, 81100
200979002, 81100
200979003, 81100
200979004, 81100
200979005, 81100
200979006, 81100
200979007, 81100
200979008, 81100
200979009, 81100
200979010, 81100
200979011, 81100
200979012, 81100
200979013, 81100
200979014, 81100
200979015, 81100
200979016, 81100
200979017, 81100
200979018, 81100
200979019, 81100
200979020, 81100
200979021, 81100
200979022, 81100
200979023, 81100
200979024, 81100
200979025, 81100
200979026, 81100
200979027, 81100
200979028, 81100
200979029, 81100
200979030, 81100
200979031, 81100
200979032, 81100
200979033, 81100
200979034, 81100
200979035, 81100
200981001, 81100
200981002, 81100
200981003, 81100
200981004, 81100
200981005, 81100
200981006, 81100
200981007, 81100
200981008, 81100
200981009, 81100
200981010, 81100
200981011, 81100
200981012, 81100
200981013, 81100
200981014, 81100
200981015, 81100
200981016, 81100
200981017, 81100
200981018, 81100
200981019, 81100
200981020, 81100
200981021, 81100
200981022, 81100
200981023, 81100
200981024, 81100
200981025, 81100
200981026, 81100
200981027, 81100
200981028, 81100
200981029, 81100
200981030, 81100
200981031, 81100
200981032, 81100
200981033, 81100
200981034, 81100
200981035, 81100
200983001, 81100
200983002, 81100
200983003, 81100
200983004, 81100
200983005, 81100
200983006, 81100
200983007, 81100
200983008, 81100
200983009, 81100
200983010, 81100
200983011, 81100
200983012, 81100
200983013, 81100
200983014, 81100
200983015, 81100
200983016, 81100
200983017, 81100
200983018, 81100
200983019, 81100
200983020, 81100
200983021, 81100
200983022, 81100
200983023, 81100
200983024, 81100
200983025, 81100
200983026, 81100
200983027, 81100
200983028, 81100
200983029, 81100
200983030, 81100
200983031, 81100
200983032, 81100
200983033, 81100
200983034, 81100
200983035, 81100
200985001, 81100
200985002, 81100
200985003, 81100
200985004, 81100
200985005, 81100
200985006, 81100
200985007, 81100
200985008, 81100
200985009, 81100
200985010, 81100
200985011, 81100
200985012, 81100
200985013, 81100
200985014, 81100
200985015, 81100
200985016, 81100
200985017, 81100
200985018, 81100
200985019, 81100
200985020, 81100
200986001, 81100
200986002, 81100
200986003, 81100
200986004, 81100
200986005, 81100
200986006, 81100
200986007, 81100
200986008, 81100
200986009, 81100
200986010, 81100
200986011, 81100
200986012, 81100
200986013, 81100
200986014, 81100
200986015, 81100
200986016, 81100
200986017, 81100
200986018, 81100
200986019, 81100
200986020, 81100
200987001, 81100
200987002, 81100
200987003, 81100
200987004, 81100
200987005, 81100
200987006, 81100
200987013, 81100
200987014, 81100
200987015, 81100
200987016, 81100
200987017, 81100
200987018, 81100
200987019, 81100
200987020, 81100
200988001, 81100
200988002, 81100
200988003, 81100
200988004, 81100
200988005, 81100
200988006, 81100
200988010, 81100
200988011, 81100
200989001, 81100
200989002, 81100
200989003, 81100
200989004, 81100
200989005, 81100
200989006, 81100
200989010, 81100
200989011, 81100
200990001, 81100
200990002, 81100
200990003, 81100
200990004, 81100
200990005, 81100
200990006, 81100
200990010, 81100
200990011, 81100
201000101, 81200
201000201, 81200
201000202, 81200
201000301, 81200
201000401, 81200
201000402, 81200
201000501, 81200
201000502, 81200
201000503, 81200
201000601, 81200
201000602, 81200
201000603, 81200
201000701, 81200
201000702, 81200
201000703, 81200
201000801, 81200
201000802, 81200
201000803, 81200
201000901, 81200
201000902, 81200
201000903, 81200
201001001, 81200
201001002, 81200
201001003, 81200
201001101, 81200
201001102, 81200
201001103, 81200
201001201, 81200
201001202, 81200
201001203, 81200
201001301, 81200
201001302, 81200
201001303, 81200
201001401, 81200
201001402, 81200
201001403, 81200
201001501, 81200
201001502, 81200
201001503, 81200
201001601, 81200
201001602, 81200
201001603, 81200
201001701, 81200
201001702, 81200
201001703, 81200
201001801, 81200
201001802, 81200
201001803, 81200
201001901, 81200
201001902, 81200
201001903, 81200
201002001, 81200
201002002, 81200
201002003, 81200
201002101, 81200
201002102, 81200
201002103, 81200
201002201, 81200
201002202, 81200
201002203, 81200
201002301, 81200
201002302, 81200
201002303, 81200
201002401, 81200
201002402, 81200
201002403, 81200
201002501, 81200
201002502, 81200
201002503, 81200
201002601, 81200
201002602, 81200
201002603, 81200
201002701, 81200
201002702, 81200
201002703, 81200
201002801, 81200
201002802, 81200
201002803, 81200
201002901, 81200
201002902, 81200
201002903, 81200
201003001, 81200
201003002, 81200
201003003, 81200
201003101, 81200
201003102, 81200
201003103, 81200
201003201, 81200
201003202, 81200
201003203, 81200
201003301, 81200
201003302, 81200
201003303, 81200
201003401, 81200
201003402, 81200
201003403, 81200
201003501, 81200
201003502, 81200
201003503, 81200
201003601, 81200
201003602, 81200
201003603, 81200
201003701, 81200
201003702, 81200
201003703, 81200
201100101, 81300
201100201, 81300
201100202, 81300
201100301, 81300
201100401, 81300
201100402, 81300
201100501, 81300
201100502, 81300
201100503, 81300
201100601, 81300
201100602, 81300
201100603, 81300
201100701, 81300
201100702, 81300
201100703, 81300
201100801, 81300
201100802, 81300
201100803, 81300
201100901, 81300
201100902, 81300
201100903, 81300
201101001, 81300
201101002, 81300
201101003, 81300
201101101, 81300
201101102, 81300
201101103, 81300
201101201, 81300
201101202, 81300
201101203, 81300
201101301, 81300
201101302, 81300
201101303, 81300
201101401, 81300
201101402, 81300
201101403, 81300
201101501, 81300
201101502, 81300
201101503, 81300
201101601, 81300
201101602, 81300
201101603, 81300
201101701, 81300
201101702, 81300
201101703, 81300
201101801, 81300
201101802, 81300
201101803, 81300
201101901, 81300
201101902, 81300
201101903, 81300
201102001, 81300
201102002, 81300
201102003, 81300
201102101, 81300
201102102, 81300
201102103, 81300
201102201, 81300
201102202, 81300
201102203, 81300
201102301, 81300
201102302, 81300
201102303, 81300
201102401, 81300
201102402, 81300
201102403, 81300
201102501, 81300
201102502, 81300
201102503, 81300
201102601, 81300
201102602, 81300
201102603, 81300
201102701, 81300
201102702, 81300
201102703, 81300
201102801, 81300
201102802, 81300
201102803, 81300
201102901, 81300
201102902, 81300
201102903, 81300
201103001, 81300
201103002, 81300
201103003, 81300
201103101, 81300
201103102, 81300
201103103, 81300
201103201, 81300
201103202, 81300
201103203, 81300
201103301, 81300
201103302, 81300
201103303, 81300
201103401, 81300
201103402, 81300
201103403, 81300
201103501, 81300
201103502, 81300
201103503, 81300
201103601, 81300
201103602, 81300
201103603, 81300
201103701, 81300
201103702, 81300
201103703, 81300
201103801, 81300
201103802, 81300
201103803, 81300
201103901, 81300
201103902, 81300
201103903, 81300
201104001, 81300
201104002, 81300
201104003, 81300
201104101, 81300
201104102, 81300
201104103, 81300
201104201, 81300
201104202, 81300
201104203, 81300
201104301, 81300
201104302, 81300
201104303, 81300
201104401, 81300
201104402, 81300
201104403, 81300
201104501, 81300
201104502, 81300
201104503, 81300
201104601, 81300
201104602, 81300
201104603, 81300
201104701, 81300
201104702, 81300
201104703, 81300
201104801, 81300
201104802, 81300
201104803, 81300
201104901, 81300
201104902, 81300
201104903, 81300
201105001, 81300
201105002, 81300
201105003, 81300
201105101, 81300
201105102, 81300
201105103, 81300
201105201, 81300
201105202, 81300
201105203, 81300
201105301, 81300
201105302, 81300
201105303, 81300
201105401, 81300
201105402, 81300
201105403, 81300
201105501, 81300
201105502, 81300
201105503, 81300
201105601, 81300
201105602, 81300
201105603, 81300
201105701, 81300
201105702, 81300
201105703, 81300
201105801, 81300
201105802, 81300
201105803, 81300
201105901, 81300
201105902, 81300
201105903, 81300
201200101, 81400
201200201, 81400
201200202, 81400
201200301, 81400
201200401, 81400
201200402, 81400
201200601, 81400
201200602, 81400
201200603, 81400
201200701, 81400
201200702, 81400
201200703, 81400
201200801, 81400
201200802, 81400
201200803, 81400
201200901, 81400
201200902, 81400
201200903, 81400
201201001, 81400
201201002, 81400
201201003, 81400
201201101, 81400
201201102, 81400
201201103, 81400
201201201, 81400
201201202, 81400
201201203, 81400
201201301, 81400
201201302, 81400
201201303, 81400
201201401, 81400
201201402, 81400
201201403, 81400
201201501, 81400
201201502, 81400
201201503, 81400
201201601, 81400
201201602, 81400
201201603, 81400
201201701, 81400
201201702, 81400
201201703, 81400
201201801, 81400
201201802, 81400
201201803, 81400
201201901, 81400
201201902, 81400
201201903, 81400
201202001, 81400
201202002, 81400
201202003, 81400
201202101, 81400
201202102, 81400
201202103, 81400
201202201, 81400
201202202, 81400
201202203, 81400
201202301, 81400
201202302, 81400
201202303, 81400
201202401, 81400
201202402, 81400
201202403, 81400
201202501, 81400
201202502, 81400
201202503, 81400
201202601, 81400
201202602, 81400
201202603, 81400
201202701, 81400
201202702, 81400
201202703, 81400
201202801, 81400
201202802, 81400
201202803, 81400
201202901, 81400
201202902, 81400
201202903, 81400
201203001, 81400
201203002, 81400
201203003, 81400
201203101, 81400
201203102, 81400
201203103, 81400
201203201, 81400
201203202, 81400
201203203, 81400
201203301, 81400
201203302, 81400
201203303, 81400
201203401, 81400
201203402, 81400
201203403, 81400
201203501, 81400
201203502, 81400
201203503, 81400
201203601, 81400
201203602, 81400
201203603, 81400
201203701, 81400
201203702, 81400
201203703, 81400
201203801, 81400
201203802, 81400
201203803, 81400
201203901, 81400
201203902, 81400
201203903, 81400
201204001, 81400
201204002, 81400
201204003, 81400
201204101, 81400
201204102, 81400
201204103, 81400
201204201, 81400
201204202, 81400
201204203, 81400
201204301, 81400
201204302, 81400
201204303, 81400
201204401, 81400
201204402, 81400
201204403, 81400
201204501, 81400
201204502, 81400
201204503, 81400
201204601, 81400
201204602, 81400
201204603, 81400
201204701, 81400
201204702, 81400
201204703, 81400
201204801, 81400
201204802, 81400
201204803, 81400
201204901, 81400
201204902, 81400
201204903, 81400
201205001, 81400
201205002, 81400
201205003, 81400
201205101, 81400
201205102, 81400
201205103, 81400
201205201, 81400
201205202, 81400
201205203, 81400
201300101, 81500
201300201, 81500
201300202, 81500
201300301, 81500
201300401, 81500
201300402, 81500
201300501, 81500
201300601, 81500
201300602, 81500
201300701, 81500
201300702, 81500
201300703, 81500
201300801, 81500
201300802, 81500
201300803, 81500
201300901, 81500
201300902, 81500
201300903, 81500
201301001, 81500
201301002, 81500
201301003, 81500
201301101, 81500
201301102, 81500
201301103, 81500
201301201, 81500
201301202, 81500
201301203, 81500
201301301, 81500
201301302, 81500
201301303, 81500
201301401, 81500
201301402, 81500
201301403, 81500
201301501, 81500
201301502, 81500
201301503, 81500
201301601, 81500
201301602, 81500
201301603, 81500
201301701, 81500
201301702, 81500
201301703, 81500
201301801, 81500
201301802, 81500
201301803, 81500
201301901, 81500
201301902, 81500
201301903, 81500
201302001, 81500
201302002, 81500
201302003, 81500
201302101, 81500
201302102, 81500
201302103, 81500
201302201, 81500
201302202, 81500
201302203, 81500
201302301, 81500
201302302, 81500
201302303, 81500
201302401, 81500
201302402, 81500
201302403, 81500
201302501, 81500
201302502, 81500
201302503, 81500
201302601, 81500
201302602, 81500
201302603, 81500
201302701, 81500
201302702, 81500
201302703, 81500
201302801, 81500
201302802, 81500
201302803, 81500
201302901, 81500
201302902, 81500
201302903, 81500
201303001, 81500
201303002, 81500
201303003, 81500
201303101, 81500
201303102, 81500
201303103, 81500
201303201, 81500
201303202, 81500
201303203, 81500
201303301, 81500
201303302, 81500
201303303, 81500
201303401, 81500
201303402, 81500
201303403, 81500
201303501, 81500
201303502, 81500
201303503, 81500
201303601, 81500
201303602, 81500
201303603, 81500
201303701, 81500
201303702, 81500
201303703, 81500
201303801, 81500
201303802, 81500
201303803, 81500
201303901, 81500
201303902, 81500
201303903, 81500
201304001, 81500
201304002, 81500
201304003, 81500
201304101, 81500
201304102, 81500
201304103, 81500
201304201, 81500
201304202, 81500
201304203, 81500
201304301, 81500
201304302, 81500
201304303, 81500
201304401, 81500
201304402, 81500
201304403, 81500
201304501, 81500
201304502, 81500
201304503, 81500
201304601, 81500
201304602, 81500
201304603, 81500
201304701, 81500
201304702, 81500
201304703, 81500
201304801, 81500
201304802, 81500
201304803, 81500
201304901, 81500
201304902, 81500
201304903, 81500
201305001, 81500
201305002, 81500
201305003, 81500
201305101, 81500
201305102, 81500
201305103, 81500
201305201, 81500
201305202, 81500
201305203, 81500
201305301, 81500
201305302, 81500
201305303, 81500
201305401, 81500
201305402, 81500
201305403, 81500
201305501, 81500
201305502, 81500
201305503, 81500
201305601, 81500
201305602, 81500
201305603, 81500
201305701, 81500
201305702, 81500
201305703, 81500
201305801, 81500
201305802, 81500
201305803, 81500
201305901, 81500
201305902, 81500
201305903, 81500
201306001, 81500
201306002, 81500
201306003, 81500
201306101, 81500
201306102, 81500
201306103, 81500
201306201, 81500
201306202, 81500
201306203, 81500
201306301, 81500
201306302, 81500
201306303, 81500
201306401, 81500
201306402, 81500
201306403, 81500
201306501, 81500
201306502, 81500
201306503, 81500
201306601, 81500
201306602, 81500
201306603, 81500
201306701, 81500
201306702, 81500
201306703, 81500
201306801, 81500
201306802, 81500
201306803, 81500
201306901, 81500
201306902, 81500
201306903, 81500
201307001, 81500
201307002, 81500
201307003, 81500
201307101, 81500
201307102, 81500
201307103, 81500
201307201, 81500
201307202, 81500
201307203, 81500
201307301, 81500
201307302, 81500
201307303, 81500
201307401, 81500
201307402, 81500
201307403, 81500
201307501, 81500
201307502, 81500
201307503, 81500
201307601, 81500
201307602, 81500
201307603, 81500
201307701, 81500
201307702, 81500
201307703, 81500
201307801, 81500
201307802, 81500
201307803, 81500
201307901, 81500
201307902, 81500
201307903, 81500
201308001, 81500
201308002, 81500
201308003, 81500
201308101, 81500
201308102, 81500
201308103, 81500
201308201, 81500
201308202, 81500
201308203, 81500
201308301, 81500
201308302, 81500
201308303, 81500
201308401, 81500
201308402, 81500
201308403, 81500
201308501, 81500
201308502, 81500
201308503, 81500
201308601, 81500
201308602, 81500
201308603, 81500
201308701, 81500
201308702, 81500
201308703, 81500
201308801, 81500
201308802, 81500
201308803, 81500
201308901, 81500
201308902, 81500
201308903, 81500
201309001, 81500
201309002, 81500
201309003, 81500
201309101, 81500
201309102, 81500
201309103, 81500
201309201, 81500
201309202, 81500
201309203, 81500
201309301, 81500
201309302, 81500
201309303, 81500
201309401, 81500
201309402, 81500
201309403, 81500
201309501, 81500
201309502, 81500
201309503, 81500
201309601, 81500
201309602, 81500
201309603, 81500
201309701, 81500
201309702, 81500
201309703, 81500
201309801, 81500
201309802, 81500
201309803, 81500
201309901, 81500
201309902, 81500
201309903, 81500
201310001, 81500
201310002, 81500
201310003, 81500
201310101, 81500
201310102, 81500
201310103, 81500
201310201, 81500
201310202, 81500
201310203, 81500
201310301, 81500
201310302, 81500
201310303, 81500
201310401, 81500
201310402, 81500
201310403, 81500
201310501, 81500
201310502, 81500
201310503, 81500
201310601, 81500
201310602, 81500
201310603, 81500
201310701, 81500
201310702, 81500
201310703, 81500
201310801, 81500
201310802, 81500
201310803, 81500
201310901, 81500
201310902, 81500
201310903, 81500
201311001, 81500
201311002, 81500
201311003, 81500
201311101, 81500
201311201, 81500
201311301, 81500
201311401, 81500
201600101, 81600
201600201, 81600
201600202, 81600
201600301, 81600
201600401, 81600
201600402, 81600
201600501, 81600
201600601, 81600
201600701, 81600
201600801, 81600
201600901, 81600
201601001, 81600
201601002, 81600
201601003, 81600
201601101, 81600
201601102, 81600
201601201, 81600
201601202, 81600
201601301, 81600
201601302, 81600
201601401, 81600
201601402, 81600
201601501, 81600
201601502, 81600
201601601, 81600
201601602, 81600
201601603, 81600
201601701, 81600
201601702, 81600
201601703, 81600
201601801, 81600
201601802, 81600
201601803, 81600
201601901, 81600
201601902, 81600
201601903, 81600
201602001, 81600
201602002, 81600
201602101, 81600
201602102, 81600
201602103, 81600
201602201, 81600
201602202, 81600
201602301, 81600
201602302, 81600
201602401, 81600
201602402, 81600
201602501, 81600
201602502, 81600
201602601, 81600
201602602, 81600
201602701, 81600
201602702, 81600
201602801, 81600
201602802, 81600
201602901, 81600
201602902, 81600
201603001, 81600
201603002, 81600
201603101, 81600
201603102, 81600
201700101, 81700
201700201, 81700
201700202, 81700
201700301, 81700
201700401, 81700
201700402, 81700
201700501, 81700
201700502, 81700
201700503, 81700
201700601, 81700
201700602, 81700
201700603, 81700
201700701, 81700
201700702, 81700
201700703, 81700
201700801, 81700
201700802, 81700
201700803, 81700
201700901, 81700
201700902, 81700
201700903, 81700
201701001, 81700
201701002, 81700
201701003, 81700
201701101, 81700
201701102, 81700
201701103, 81700
201701201, 81700
201701202, 81700
201701203, 81700
201701301, 81700
201701302, 81700
201701303, 81700
201701401, 81700
201701402, 81700
201701403, 81700
201701501, 81700
201701502, 81700
201701503, 81700
201701601, 81700
201701602, 81700
201701603, 81700
201701701, 81700
201701702, 81700
201701703, 81700
201701801, 81700
201701802, 81700
201701803, 81700
201701901, 81700
201701902, 81700
201701903, 81700
201702001, 81700
201702002, 81700
201702003, 81700
201702101, 81700
201702102, 81700
201702103, 81700
201702201, 81700
201702202, 81700
201702203, 81700
201702301, 81700
201702302, 81700
201702303, 81700
201702401, 81700
201702402, 81700
201702403, 81700
201702501, 81700
201702502, 81700
201702503, 81700
201702601, 81700
201702602, 81700
201702603, 81700
201702701, 81700
201702702, 81700
201702703, 81700
201702801, 81700
201702802, 81700
201702803, 81700
201702901, 81700
201702902, 81700
201702903, 81700
201703001, 81700
201703002, 81700
201703003, 81700
201703101, 81700
201703102, 81700
201703103, 81700
201703201, 81700
201703202, 81700
201703203, 81700
201703301, 81700
201703302, 81700
201703303, 81700
201703401, 81700
201703402, 81700
201703403, 81700
201703501, 81700
201703502, 81700
201703503, 81700
201703601, 81700
201703602, 81700
201703603, 81700
201703701, 81700
201703702, 81700
201703703, 81700
201703801, 81700
201703802, 81700
201703803, 81700
201703901, 81700
201703902, 81700
201703903, 81700
201704001, 81700
201704002, 81700
201704003, 81700
201704101, 81700
201704102, 81700
201704103, 81700
201704201, 81700
201704202, 81700
201704203, 81700
201704301, 81700
201704302, 81700
201704303, 81700
201708401, 81700
201708402, 81700
201708403, 81700
201704401, 81700
201704402, 81700
201704403, 81700
201704501, 81700
201704502, 81700
201704503, 81700
201704601, 81700
201704602, 81700
201704603, 81700
201704701, 81700
201704702, 81700
201704703, 81700
201704801, 81700
201704802, 81700
201704803, 81700
201704901, 81700
201704902, 81700
201704903, 81700
201705001, 81700
201705002, 81700
201705003, 81700
201705101, 81700
201705102, 81700
201705103, 81700
201705201, 81700
201705202, 81700
201705203, 81700
201705301, 81700
201705302, 81700
201705303, 81700
201705401, 81700
201705402, 81700
201705403, 81700
201705501, 81700
201705502, 81700
201705503, 81700
201705601, 81700
201705602, 81700
201705603, 81700
201705701, 81700
201705702, 81700
201705703, 81700
201705801, 81700
201705802, 81700
201705803, 81700
201705901, 81700
201705902, 81700
201705903, 81700
201706001, 81700
201706002, 81700
201706003, 81700
201706101, 81700
201706102, 81700
201706103, 81700
201706201, 81700
201706202, 81700
201706203, 81700
201706301, 81700
201706302, 81700
201706303, 81700
201706401, 81700
201706402, 81700
201706403, 81700
201706501, 81700
201706502, 81700
201706503, 81700
201706601, 81700
201706602, 81700
201706603, 81700
201706701, 81700
201706702, 81700
201706703, 81700
201706801, 81700
201706802, 81700
201706803, 81700
201706901, 81700
201706902, 81700
201706903, 81700
201707001, 81700
201707002, 81700
201707003, 81700
201707101, 81700
201707102, 81700
201707103, 81700
201707201, 81700
201707202, 81700
201707203, 81700
201707301, 81700
201707302, 81700
201707303, 81700
201707401, 81700
201707402, 81700
201707403, 81700
201707501, 81700
201707502, 81700
201707503, 81700
201707601, 81700
201707602, 81700
201707603, 81700
201707701, 81700
201707702, 81700
201707703, 81700
201707801, 81700
201707802, 81700
201707803, 81700
201707901, 81700
201707902, 81700
201707903, 81700
201708001, 81700
201708002, 81700
201708003, 81700
201708101, 81700
201708102, 81700
201708103, 81700
201708201, 81700
201708202, 81700
201708203, 81700
201708301, 81700
201708302, 81700
201708303, 81700
201708501, 81700
201708502, 81700
201708503, 81700
201708601, 81700
201800101, 81900
201800201, 81900
201800202, 81900
201800501, 81900
201800601, 81900
201800602, 81900
201800701, 81900
201800702, 81900
201800703, 81900
201800801, 81900
201800802, 81900
201800803, 81900
201800901, 81900
201800902, 81900
201800903, 81900
201801001, 81900
201801002, 81900
201801003, 81900
201801101, 81900
201801102, 81900
201801103, 81900
201801201, 81900
201801202, 81900
201801203, 81900
201801301, 81900
201801302, 81900
201801303, 81900
201801401, 81900
201801402, 81900
201801403, 81900
201801501, 81900
201801502, 81900
201801503, 81900
201801601, 81900
201801602, 81900
201801603, 81900
201801701, 81900
201801702, 81900
201801703, 81900
201801801, 81900
201801802, 81900
201801803, 81900
201801901, 81900
201801902, 81900
201801903, 81900
201802001, 81900
201802002, 81900
201802003, 81900
201802101, 81900
201802102, 81900
201802103, 81900
201802201, 81900
201802202, 81900
201802203, 81900
201802301, 81900
201802302, 81900
201802303, 81900
201802401, 81900
201802402, 81900
201802403, 81900
201802501, 81900
201802502, 81900
201802503, 81900
201802601, 81900
201802602, 81900
201802603, 81900
201802701, 81900
201802702, 81900
201802703, 81900
201802801, 81900
201802802, 81900
201802803, 81900
201802901, 81900
201802902, 81900
201802903, 81900
201803001, 81900
201803002, 81900
201803003, 81900
201803101, 81900
201803102, 81900
201803103, 81900
201803201, 81900
201803202, 81900
201803203, 81900
201803301, 81900
201803302, 81900
201803303, 81900
201803401, 81900
201803402, 81900
201803403, 81900
201803501, 81900
201803502, 81900
201803503, 81900
201803601, 81900
201803602, 81900
201803603, 81900
201803701, 81900
201803702, 81900
201803703, 81900
201803801, 81900
201803802, 81900
201803803, 81900
201803901, 81900
201803902, 81900
201803903, 81900
201804001, 81900
201804002, 81900
201804003, 81900
201804101, 81900
201804102, 81900
201804103, 81900
201804201, 81900
201804202, 81900
201804203, 81900
201804301, 81900
201804302, 81900
201804303, 81900
201804401, 81900
201804402, 81900
201804403, 81900
201804501, 81900
201804502, 81900
201804503, 81900
201804601, 81900
201804602, 81900
201804603, 81900
201804701, 81900
201804702, 81900
201804703, 81900
201804801, 81900
201804802, 81900
201804803, 81900
201804901, 81900
201804902, 81900
201804903, 81900
201805001, 81900
201805002, 81900
201805003, 81900
201805101, 81900
201805102, 81900
201805103, 81900
201805201, 81900
201805202, 81900
201805203, 81900
201805301, 81900
201805302, 81900
201805303, 81900
201805401, 81900
201805402, 81900
201805403, 81900
201805501, 81900
201805502, 81900
201805503, 81900
201805601, 81900
201805602, 81900
201805603, 81900
201805701, 81900
201805702, 81900
201805703, 81900
201805801, 81900
201805802, 81900
201805803, 81900
201805901, 81900
201805902, 81900
201805903, 81900
201806001, 81900
201806002, 81900
201806003, 81900
201806101, 81900
201806102, 81900
201806103, 81900
201806201, 81900
201806202, 81900
201806203, 81900
201806301, 81900
201806302, 81900
201806303, 81900
201806401, 81900
201806402, 81900
201806403, 81900
201806501, 81900
201806502, 81900
201806503, 81900
201806601, 81900
201806602, 81900
201806603, 81900
201806701, 81900
201806702, 81900
201806703, 81900
201806801, 81900
201806802, 81900
201806803, 81900
201806901, 81900
201806902, 81900
201806903, 81900
201807001, 81900
201807002, 81900
201807003, 81900
201807101, 81900
201807102, 81900
201807103, 81900
201807201, 81900
201807202, 81900
201807203, 81900
201807301, 81900
201807302, 81900
201807303, 81900
201807401, 81900
201807402, 81900
201807403, 81900
201807501, 81900
201807502, 81900
201807503, 81900
201807601, 81900
201807602, 81900
201807603, 81900
201807701, 81900
201807702, 81900
201807703, 81900
201807801, 81900
201807802, 81900
201807803, 81900
201807901, 81900
201807902, 81900
201807903, 81900
201808001, 81900
201808002, 81900
201808003, 81900
201808101, 81900
201808102, 81900
201808103, 81900
201808201, 81900
201808202, 81900
201808203, 81900
201808301, 81900
201808302, 81900
201808303, 81900
201808401, 81900
201808402, 81900
201808403, 81900
201808501, 81900
201808502, 81900
201808503, 81900
201808601, 81900
201808602, 81900
201808603, 81900
201808701, 81900
201808702, 81900
201808703, 81900
201808801, 81900
201808802, 81900
201808803, 81900
201808901, 81900
201808902, 81900
201808903, 81900
201809001, 81900
201809002, 81900
201809003, 81900
201809101, 81900
201809102, 81900
201809103, 81900
201809201, 81900
201809202, 81900
201809203, 81900
201809301, 81900
201809302, 81900
201809303, 81900
201809401, 81900
201809402, 81900
201809403, 81900
201809501, 81900
201809502, 81900
201809503, 81900
201809601, 81900
201809602, 81900
201809603, 81900
201809701, 81900
201809702, 81900
201809703, 81900
201809801, 81900
201809802, 81900
201809803, 81900
201809901, 81900
201809902, 81900
201809903, 81900
201810001, 81900
201810002, 81900
201810003, 81900
201810101, 81900
201810102, 81900
201810103, 81900
201810201, 81900
201810202, 81900
201810203, 81900
201810301, 81900
201810302, 81900
201810303, 81900
201810401, 81900
201810402, 81900
201810403, 81900
201810501, 81900
201810502, 81900
201810503, 81900
201810601, 81900
201810602, 81900
201810603, 81900
201910101, 82000
201910201, 82000
201910202, 82000
201910301, 82000
201910401, 82000
201910402, 82000
201910501, 82000
201910502, 82000
201910503, 82000
201910504, 82000
201910505, 82000
201910506, 82000
201910507, 82000
201910508, 82000
201910509, 82000
201910510, 82000
201910511, 82000
201910512, 82000
201910513, 82000
201910514, 82000
201910515, 82000
201910516, 82000
201910517, 82000
201910518, 82000
201910519, 82000
201910520, 82000
201910521, 82000
201910522, 82000
201910523, 82000
201910524, 82000
201910525, 82000
201910526, 82000
201910527, 82000
201910528, 82000
201910529, 82000
201910530, 82000
201910531, 82000
201910532, 82000
201910533, 82000
201910534, 82000
201910535, 82000
201910536, 82000
201910537, 82000
201910538, 82000
201910539, 82000
201910540, 82000
201910541, 82000
201910542, 82000
201910543, 82000
201910544, 82000
201910545, 82000
201910546, 82000
201910547, 82000
201910548, 82000
201910549, 82000
201910550, 82000
201910551, 82000
201910552, 82000
201910553, 82000
201910554, 82000
201910555, 82000
201910556, 82000
201910557, 82000
201910558, 82000
201910559, 82000
201910560, 82000
201910561, 82000
201910562, 82000
201910563, 82000
201910564, 82000
201910565, 82000
201910566, 82000
201910567, 82000
201910568, 82000
201910569, 82000
201910570, 82000
201910571, 82000
201910572, 82000
201910573, 82000
201910574, 82000
201910575, 82000
201910576, 82000
201910577, 82000
201910578, 82000
201910579, 82000
201910580, 82000
201910581, 82000
201910582, 82000
201910583, 82000
201910584, 82000
201910585, 82000
201910586, 82000
201910587, 82000
201910588, 82000
201910589, 82000
201910590, 82000
201910601, 82000
201910602, 82000
201910603, 82000
201910604, 82000
201910605, 82000
201910606, 82000
201910607, 82000
201910608, 82000
201910609, 82000
201910610, 82000
201910611, 82000
201910612, 82000
201910613, 82000
201910614, 82000
201910615, 82000
201910616, 82000
201910617, 82000
201910618, 82000
201910619, 82000
201910620, 82000
201910621, 82000
201910622, 82000
201910623, 82000
201910624, 82000
201910625, 82000
201910626, 82000
201910627, 82000
201910628, 82000
201910629, 82000
201910630, 82000
201910631, 82000
201910632, 82000
201910633, 82000
201910634, 82000
201910635, 82000
201910636, 82000
201910637, 82000
201910638, 82000
201910639, 82000
201910640, 82000
201910641, 82000
201910642, 82000
201910643, 82000
201910644, 82000
201910645, 82000
201910646, 82000
201910647, 82000
201910648, 82000
201910649, 82000
201910650, 82000
201910651, 82000
201910652, 82000
201910653, 82000
201910654, 82000
201910655, 82000
201910656, 82000
201910657, 82000
201910658, 82000
201910659, 82000
201910660, 82000
201910661, 82000
201910662, 82000
201910663, 82000
201910664, 82000
201910665, 82000
201910666, 82000
201910667, 82000
201910668, 82000
201910669, 82000
201910670, 82000
201910671, 82000
201910672, 82000
201910673, 82000
201910674, 82000
201910675, 82000
201910676, 82000
201910677, 82000
201910678, 82000
201910679, 82000
201910680, 82000
201910681, 82000
201910682, 82000
201910683, 82000
201910684, 82000
201910685, 82000
201910686, 82000
201910687, 82000
201910688, 82000
201910689, 82000
201910690, 82000
201910691, 82000
201910692, 82000
201910693, 82000
201910694, 82000
201910695, 82000
201910696, 82000
201910701, 82000
201910702, 82000
201910703, 82000
201910704, 82000
201910705, 82000
201910706, 82000
201910707, 82000
201910708, 82000
201910709, 82000
201910710, 82000
201910711, 82000
201910712, 82000
201910713, 82000
201910714, 82000
201910715, 82000
201910716, 82000
201910717, 82000
201910718, 82000
201910719, 82000
201910720, 82000
201910721, 82000
201910722, 82000
201910723, 82000
201910724, 82000
201910725, 82000
201910726, 82000
201910727, 82000
201910728, 82000
201910729, 82000
201910730, 82000
201910731, 82000
201910732, 82000
201910733, 82000
201910734, 82000
201910735, 82000
201910736, 82000
201910737, 82000
201910738, 82000
201910739, 82000
201910740, 82000
201910741, 82000
201910742, 82000
201910743, 82000
201910744, 82000
201910745, 82000
201910746, 82000
201910747, 82000
201910748, 82000
201910749, 82000
201910750, 82000
201910751, 82000
201910752, 82000
201910753, 82000
201910754, 82000
201910755, 82000
201910756, 82000
201910757, 82000
201910758, 82000
201910759, 82000
201910760, 82000
201910761, 82000
201910762, 82000
201910763, 82000
201910764, 82000
201910765, 82000
201910766, 82000
201910767, 82000
201910768, 82000
201910769, 82000
201910770, 82000
201910771, 82000
201910772, 82000
201910773, 82000
201910774, 82000
201910775, 82000
201910776, 82000
201910777, 82000
201910778, 82000
201910779, 82000
201910780, 82000
201910781, 82000
201910782, 82000
201910783, 82000
201910784, 82000
201910785, 82000
201910786, 82000
201910787, 82000
201910788, 82000
201910789, 82000
201910790, 82000
201910791, 82000
201910792, 82000
201910793, 82000
201910801, 82000
201910802, 82000
201910803, 82000
201910804, 82000
201910805, 82000
201910806, 82000
201910807, 82000
201910808, 82000
201910809, 82000
201910810, 82000
201910811, 82000
201910812, 82000
201910813, 82000
201910814, 82000
201910815, 82000
201910816, 82000
201910817, 82000
201910818, 82000
201910819, 82000
201910820, 82000
201910821, 82000
201910822, 82000
201910823, 82000
201910824, 82000
201910825, 82000
201910826, 82000
201910827, 82000
201910828, 82000
201910829, 82000
201910830, 82000
201910831, 82000
201910832, 82000
201910833, 82000
201910834, 82000
201910835, 82000
201910836, 82000
201910837, 82000
201910838, 82000
201910839, 82000
201910840, 82000
201910841, 82000
201910842, 82000
201910843, 82000
201910844, 82000
201910845, 82000
201910846, 82000
201910847, 82000
201910848, 82000
201910849, 82000
201910850, 82000
201910851, 82000
201910852, 82000
201910853, 82000
201910854, 82000
201910855, 82000
201910856, 82000
201910857, 82000
201910858, 82000
201910859, 82000
201910860, 82000
201910861, 82000
201910862, 82000
201910863, 82000
201910864, 82000
201910865, 82000
201910866, 82000
201910867, 82000
201910868, 82000
201910869, 82000
201910870, 82000
201910871, 82000
201910872, 82000
201910873, 82000
201910874, 82000
201910875, 82000
201910876, 82000
201910877, 82000
201910878, 82000
201910879, 82000
201910880, 82000
201910881, 82000
201910882, 82000
201910883, 82000
201910884, 82000
201910885, 82000
201910886, 82000
201910887, 82000
201910888, 82000
201910889, 82000
201910890, 82000
201910891, 82000
201910892, 82000
201910893, 82000
201910894, 82000
201910895, 82000
201910896, 82000
201910901, 82000
201910902, 82000
201910903, 82000
201910904, 82000
201910905, 82000
201910906, 82000
201910907, 82000
201910908, 82000
201910909, 82000
201910910, 82000
201910911, 82000
201910912, 82000
201910913, 82000
201910914, 82000
201910915, 82000
201910916, 82000
201910917, 82000
201910918, 82000
201910919, 82000
201910920, 82000
201910921, 82000
201910922, 82000
201910923, 82000
201910924, 82000
201910925, 82000
201910926, 82000
201910927, 82000
201910928, 82000
201910929, 82000
201910930, 82000
201910931, 82000
201910932, 82000
201910933, 82000
201910934, 82000
201910935, 82000
201910936, 82000
201910937, 82000
201910938, 82000
201910939, 82000
201910940, 82000
201910941, 82000
201910942, 82000
201910943, 82000
201910944, 82000
201910945, 82000
201910946, 82000
201910947, 82000
201910948, 82000
201910949, 82000
201910950, 82000
201910951, 82000
201910952, 82000
201910953, 82000
201910954, 82000
201910955, 82000
201910956, 82000
201910957, 82000
201910958, 82000
201910959, 82000
201910960, 82000
201910961, 82000
201910962, 82000
201910963, 82000
201910964, 82000
201910965, 82000
201910966, 82000
201910967, 82000
201910968, 82000
201910969, 82000
201910970, 82000
201910971, 82000
201910972, 82000
201910973, 82000
201910974, 82000
201910975, 82000
201910976, 82000
201910977, 82000
201910978, 82000
201910979, 82000
201910980, 82000
201910981, 82000
201910982, 82000
201910983, 82000
201910984, 82000
201910985, 82000
201910986, 82000
201910987, 82000
201911001, 82000
201911002, 82000
201911003, 82000
201911004, 82000
201911005, 82000
201911006, 82000
201911007, 82000
201911008, 82000
201911009, 82000
201911010, 82000
201911011, 82000
201911012, 82000
201911013, 82000
201911014, 82000
201911015, 82000
201911016, 82000
201911017, 82000
201911018, 82000
201911019, 82000
201911020, 82000
201911021, 82000
201911022, 82000
201911023, 82000
201911024, 82000
201911025, 82000
201911026, 82000
201911027, 82000
201911028, 82000
201911029, 82000
201911030, 82000
201911031, 82000
201911032, 82000
201911033, 82000
201911034, 82000
201911035, 82000
201911036, 82000
201911037, 82000
201911038, 82000
201911039, 82000
201911040, 82000
201911041, 82000
201911042, 82000
201911043, 82000
201911044, 82000
201911045, 82000
201911046, 82000
201911047, 82000
201911048, 82000
201911049, 82000
201911050, 82000
201911051, 82000
201911052, 82000
201911053, 82000
201911054, 82000
201911055, 82000
201911056, 82000
201911057, 82000
201911058, 82000
201911059, 82000
201911060, 82000
201911061, 82000
201911062, 82000
201911063, 82000
201911064, 82000
201911065, 82000
201911066, 82000
201911067, 82000
201911068, 82000
201911069, 82000
201911070, 82000
201911071, 82000
201911072, 82000
201911073, 82000
201911074, 82000
201911075, 82000
201911076, 82000
201911077, 82000
201911078, 82000
201911079, 82000
201911080, 82000
201911081, 82000
201911082, 82000
201911083, 82000
201911084, 82000
201911085, 82000
201911086, 82000
201911087, 82000
201911101, 82000
201911102, 82000
201911103, 82000
201911104, 82000
201911105, 82000
201911106, 82000
201911107, 82000
201911108, 82000
201911109, 82000
201911110, 82000
201911111, 82000
201911112, 82000
201911113, 82000
201911114, 82000
201911115, 82000
201911116, 82000
201911117, 82000
201911118, 82000
201911119, 82000
201911120, 82000
201911121, 82000
201911122, 82000
201911123, 82000
201911124, 82000
201911125, 82000
201911126, 82000
201911127, 82000
201911128, 82000
201911129, 82000
201911130, 82000
201911131, 82000
201911132, 82000
201911133, 82000
201911134, 82000
201911135, 82000
201911136, 82000
201911137, 82000
201911138, 82000
201911139, 82000
201911140, 82000
201911141, 82000
201911142, 82000
201911143, 82000
201911144, 82000
201911145, 82000
201911146, 82000
201911147, 82000
201911148, 82000
201911149, 82000
201911150, 82000
201911151, 82000
201911152, 82000
201911153, 82000
201911154, 82000
201911155, 82000
201911156, 82000
201911157, 82000
201911158, 82000
201911159, 82000
201911160, 82000
201911161, 82000
201911162, 82000
201911163, 82000
201911164, 82000
201911165, 82000
201911166, 82000
201911167, 82000
201911168, 82000
201911169, 82000
201911170, 82000
201911171, 82000
201911172, 82000
201911173, 82000
201911174, 82000
201911175, 82000
201911176, 82000
201911177, 82000
201911178, 82000
201911179, 82000
201911180, 82000
201911181, 82000
201911182, 82000
201911183, 82000
201911184, 82000
201911185, 82000
201911186, 82000
201911187, 82000
201911201, 82000
201911202, 82000
201911203, 82000
201911204, 82000
201911205, 82000
201911206, 82000
201911207, 82000
201911208, 82000
201911209, 82000
201911210, 82000
201911211, 82000
201911212, 82000
201911213, 82000
201911214, 82000
201911215, 82000
201911216, 82000
201911217, 82000
201911218, 82000
201911219, 82000
201911220, 82000
201911221, 82000
201911222, 82000
201911223, 82000
201911224, 82000
201911225, 82000
201911226, 82000
201911227, 82000
201911228, 82000
201911229, 82000
201911230, 82000
201911231, 82000
201911232, 82000
201911233, 82000
201911234, 82000
201911235, 82000
201911236, 82000
201911237, 82000
201911238, 82000
201911239, 82000
201911240, 82000
201911241, 82000
201911242, 82000
201911243, 82000
201911244, 82000
201911245, 82000
201911246, 82000
201911247, 82000
201911248, 82000
201911249, 82000
201911250, 82000
201911251, 82000
201911252, 82000
201911253, 82000
201911254, 82000
201911255, 82000
201911256, 82000
201911257, 82000
201911258, 82000
201911259, 82000
201911260, 82000
201911261, 82000
201911262, 82000
201911263, 82000
201911264, 82000
201911265, 82000
201911266, 82000
201911267, 82000
201911268, 82000
201911269, 82000
201911270, 82000
201911271, 82000
201911272, 82000
201911273, 82000
201911274, 82000
201911275, 82000
201911276, 82000
201911277, 82000
201911278, 82000
201911279, 82000
201911280, 82000
201911281, 82000
201911282, 82000
201911283, 82000
201911284, 82000
201911285, 82000
201911286, 82000
201911287, 82000
201911288, 82000
201911289, 82000
201911290, 82000
201911301, 82000
201911302, 82000
201911303, 82000
201911304, 82000
201911305, 82000
201911306, 82000
201911307, 82000
201911308, 82000
201911309, 82000
201911310, 82000
201911311, 82000
201911312, 82000
201911313, 82000
201911314, 82000
201911315, 82000
201911316, 82000
201911317, 82000
201911318, 82000
201911319, 82000
201911320, 82000
201911321, 82000
201911322, 82000
201911323, 82000
201911324, 82000
201911325, 82000
201911326, 82000
201911327, 82000
201911328, 82000
201911329, 82000
201911330, 82000
201911331, 82000
201911332, 82000
201911333, 82000
201911334, 82000
201911335, 82000
201911336, 82000
201911337, 82000
201911338, 82000
201911339, 82000
201911340, 82000
201911341, 82000
201911342, 82000
201911343, 82000
201911344, 82000
201911345, 82000
201911346, 82000
201911347, 82000
201911348, 82000
201911349, 82000
201911350, 82000
201911351, 82000
201911352, 82000
201911353, 82000
201911354, 82000
201911355, 82000
201911356, 82000
201911357, 82000
201911358, 82000
201911359, 82000
201911360, 82000
201911361, 82000
201911362, 82000
201911363, 82000
201911364, 82000
201911365, 82000
201911366, 82000
201911367, 82000
201911368, 82000
201911369, 82000
201911370, 82000
201911371, 82000
201911372, 82000
201911373, 82000
201911374, 82000
201911375, 82000
201911376, 82000
201911377, 82000
201911378, 82000
201911379, 82000
201911380, 82000
201911381, 82000
201911382, 82000
201911383, 82000
201911384, 82000
201911385, 82000
201911386, 82000
201911387, 82000
201911388, 82000
201911389, 82000
201911390, 82000
201911391, 82000
201911392, 82000
201911393, 82000
201911394, 82000
201911395, 82000
201911396, 82000
201911397, 82000
201911398, 82000
201911399, 82000
201911401, 82000
201911402, 82000
201911403, 82000
201911404, 82000
201911405, 82000
201911406, 82000
201911407, 82000
201911408, 82000
201911409, 82000
201911410, 82000
201911411, 82000
201911412, 82000
201911413, 82000
201911414, 82000
201911415, 82000
201911416, 82000
201911417, 82000
201911418, 82000
201911419, 82000
201911420, 82000
201911421, 82000
201911422, 82000
201911423, 82000
201911424, 82000
201911425, 82000
201911426, 82000
201911427, 82000
201911428, 82000
201911429, 82000
201911430, 82000
201911431, 82000
201911432, 82000
201911433, 82000
201911434, 82000
201911435, 82000
201911436, 82000
201911437, 82000
201911438, 82000
201911439, 82000
201911440, 82000
201911441, 82000
201911442, 82000
201911443, 82000
201911444, 82000
201911445, 82000
201911446, 82000
201911447, 82000
201911448, 82000
201911449, 82000
201911450, 82000
201911451, 82000
201911452, 82000
201911453, 82000
201911454, 82000
201911455, 82000
201911456, 82000
201911457, 82000
201911458, 82000
201911459, 82000
201911460, 82000
201911461, 82000
201911462, 82000
201911463, 82000
201911464, 82000
201911465, 82000
201911466, 82000
201911467, 82000
201911468, 82000
201911469, 82000
201911470, 82000
201911471, 82000
201911472, 82000
201911473, 82000
201911474, 82000
201911475, 82000
201911476, 82000
201911477, 82000
201911478, 82000
201911479, 82000
201911480, 82000
201911481, 82000
201911482, 82000
201911483, 82000
201911484, 82000
201911485, 82000
201911486, 82000
201911487, 82000
202000101, 82100
202000201, 82100
202000202, 82100
202000301, 82100
202000401, 82100
202000402, 82100
202000701, 82100
202000801, 82100
202000802, 82100
202000803, 82100
202000901, 82100
202000902, 82100
202000903, 82100
202001001, 82100
202001002, 82100
202001003, 82100
202001101, 82100
202001102, 82100
202001103, 82100
202001201, 82100
202001202, 82100
202001203, 82100
202001301, 82100
202001302, 82100
202001303, 82100
202001401, 82100
202001402, 82100
202001403, 82100
202001501, 82100
202001502, 82100
202001503, 82100
202001601, 82100
202001602, 82100
202001603, 82100
202001701, 82100
202001702, 82100
202001703, 82100
202001801, 82100
202001802, 82100
202001803, 82100
202001901, 82100
202001902, 82100
202001903, 82100
202002001, 82100
202002002, 82100
202002003, 82100
202002101, 82100
202002102, 82100
202002103, 82100
202002201, 82100
202002202, 82100
202002203, 82100
202002301, 82100
202002302, 82100
202002303, 82100
202002401, 82100
202002402, 82100
202002403, 82100
202002501, 82100
202002502, 82100
202002503, 82100
202002601, 82100
202002602, 82100
202002603, 82100
202002701, 82100
202002702, 82100
202002703, 82100
202002801, 82100
202002802, 82100
202002803, 82100
202002901, 82100
202002902, 82100
202002903, 82100
202003001, 82100
202003002, 82100
202003003, 82100
202003101, 82100
202003102, 82100
202003103, 82100
202003201, 82100
202003202, 82100
202003203, 82100
202003301, 82100
202003302, 82100
202003303, 82100
202003401, 82100
202003402, 82100
202003403, 82100
202003501, 82100
202003502, 82100
202003503, 82100
202003601, 82100
202003602, 82100
202003603, 82100
202003701, 82100
202003702, 82100
202003703, 82100
202003801, 82100
202003802, 82100
202003803, 82100
202003901, 82100
202003902, 82100
202003903, 82100
202004001, 82100
202004002, 82100
202004003, 82100
202004101, 82100
202004102, 82100
202004103, 82100
202004201, 82100
202004202, 82100
202004203, 82100
202004301, 82100
202004302, 82100
202004303, 82100
202004401, 82100
202004402, 82100
202004403, 82100
202004501, 82100
202004502, 82100
202004503, 82100
202004601, 82100
202004602, 82100
202004603, 82100
202004701, 82100
202004702, 82100
202004703, 82100
202004801, 82100
202004802, 82100
202004803, 82100
202004901, 82100
202004902, 82100
202004903, 82100
202005001, 82100
202005002, 82100
202005003, 82100
202005101, 82100
202005102, 82100
202005103, 82100
202005201, 82100
202005202, 82100
202005203, 82100
202005301, 82100
202005302, 82100
202005303, 82100
202005401, 82100
202005402, 82100
202005403, 82100
202005501, 82100
202005502, 82100
202005503, 82100
202005601, 82100
202005602, 82100
202005603, 82100
202005701, 82100
202005702, 82100
202005703, 82100
202005801, 82100
202005802, 82100
202005803, 82100
202005901, 82100
202005902, 82100
202005903, 82100
202006001, 82100
202006002, 82100
202006003, 82100
202006101, 82100
202006102, 82100
202006103, 82100
202006201, 82100
202006202, 82100
202006203, 82100
202006301, 82100
202006302, 82100
202006303, 82100
202006401, 82100
202006402, 82100
202006403, 82100
202006501, 82100
202006502, 82100
202006503, 82100
202006601, 82100
202006602, 82100
202006603, 82100
202006701, 82100
202006702, 82100
202006703, 82100
202006801, 82100
202006802, 82100
202006803, 82100
202006901, 82100
202006902, 82100
202006903, 82100
202007001, 82100
202007002, 82100
202007003, 82100
202007101, 82100
202007102, 82100
202007103, 82100
202007201, 82100
202007202, 82100
202007203, 82100
202007301, 82100
202007302, 82100
202007303, 82100
202007401, 82100
202007402, 82100
202007403, 82100
202007501, 82100
202007502, 82100
202007503, 82100
202007601, 82100
202007602, 82100
202007603, 82100
202007701, 82100
202007702, 82100
202007703, 82100
202007801, 82100
202007802, 82100
202007803, 82100
202007901, 82100
202007902, 82100
202007903, 82100
202008001, 82100
202008002, 82100
202008003, 82100
202008101, 82100
202008102, 82100
202008103, 82100
202008201, 82100
202008202, 82100
202008203, 82100
202008301, 82100
202008302, 82100
202008303, 82100
202008601, 82100
202008602, 82100
202008603, 82100
202008701, 82100
202008702, 82100
202008703, 82100
202008801, 82100
202008802, 82100
202008803, 82100
202008901, 82100
202008902, 82100
202008903, 82100
202009001, 82100
202009002, 82100
202009003, 82100
202009101, 82100
202009102, 82100
202009103, 82100
202009201, 82100
202009301, 82100
202009302, 82100
202009303, 82100
202009401, 82100
202009402, 82100
202009403, 82100
202009501, 82100
202009502, 82100
202009503, 82100
202009601, 82100
202009602, 82100
202009603, 82100
202009701, 82100
202009702, 82100
202009703, 82100
202009801, 82100
202009802, 82100
202009803, 82100
202009901, 82100
202009902, 82100
202009903, 82100
202010001, 82100
202010002, 82100
202010003, 82100
202010101, 82100
202010102, 82100
202010103, 82100
202010201, 82100
202010202, 82100
202010203, 82100
202010301, 82100
202010302, 82100
202010303, 82100
202010401, 82100
202010402, 82100
202010403, 82100
202010501, 82100
202010502, 82100
202010503, 82100
202010601, 82100
202010602, 82100
202010603, 82100
202010701, 82100
202010702, 82100
202010703, 82100
202010801, 82100
202010802, 82100
202010803, 82100
202100101, 82300
202100102, 82300
202100103, 82300
202100104, 82300
202100105, 82300
202100106, 82300
202100107, 82300
202100108, 82300
202100109, 82300
202100110, 82300
202100111, 82300
202100112, 82300
202100113, 82300
202100114, 82300
202100115, 82300
202100116, 82300
202100117, 82300
202100118, 82300
202100119, 82300
202100120, 82300
202100121, 82300
202100122, 82300
202100123, 82300
202100124, 82300
202100125, 82300
202100126, 82300
202100127, 82300
202100128, 82300
202100129, 82300
202100130, 82300
202100131, 82300
202100132, 82300
202100133, 82300
202100134, 82300
202100135, 82300
202100136, 82300
202100137, 82300
202100138, 82300
202100139, 82300
202100140, 82300
202100141, 82300
202100142, 82300
202100143, 82300
202100144, 82300
202100145, 82300
202100146, 82300
202100147, 82300
202100148, 82300
202100149, 82300
202100150, 82300
202100151, 82300
202100152, 82300
202100153, 82300
202100154, 82300
202100155, 82300
202100156, 82300
202100157, 82300
202100158, 82300
202100159, 82300
202100160, 82300
202100161, 82300
202100162, 82300
202100163, 82300
202100164, 82300
202100165, 82300
202100166, 82300
202100167, 82300
202100168, 82300
202100169, 82300
202100170, 82300
202100171, 82300
202100172, 82300
202100173, 82300
202100174, 82300
202100175, 82300
202100176, 82300
202100177, 82300
202100178, 82300
202100179, 82300
202100180, 82300
202100181, 82300
202100182, 82300
202100183, 82300
202100184, 82300
202100185, 82300
202100186, 82300
202100187, 82300
202100188, 82300
202100189, 82300
202100190, 82300
202100191, 82300
202100192, 82300
202100193, 82300
202100194, 82300
202100195, 82300
202100196, 82300
202100197, 82300
202100198, 82300
202100199, 82300
202100200, 82300
202100201, 82300
202100202, 82300
202100203, 82300
202100204, 82300
202100205, 82300
202100206, 82300
202100207, 82300
202100208, 82300
202100209, 82300
202100210, 82300
202100211, 82300
202100212, 82300
202100213, 82300
202100214, 82300
202100215, 82300
202100216, 82300
202100217, 82300
202100218, 82300
202100219, 82300
202100220, 82300
202100221, 82300
202100222, 82300
202100223, 82300
202100224, 82300
202100225, 82300
202100226, 82300
202100227, 82300
202100228, 82300
202100229, 82300
202100230, 82300
202100231, 82300
202100232, 82300
202100233, 82300
202100234, 82300
202100235, 82300
202100236, 82300
202100237, 82300
202100238, 82300
202100239, 82300
202100240, 82300
202100241, 82300
202100242, 82300
202100243, 82300
202100244, 82300
202100245, 82300
202100246, 82300
202100247, 82300
202100248, 82300
202100249, 82300
202100250, 82300
202100251, 82300
202100252, 82300
202100253, 82300
202100254, 82300
202100255, 82300
202100256, 82300
202100257, 82300
202100258, 82300
202100259, 82300
202100260, 82300
202100261, 82300
202100262, 82300
202100263, 82300
202100264, 82300
202100265, 82300
202100266, 82300
202100267, 82300
202100268, 82300
202100269, 82300
202100270, 82300
202100271, 82300
202100272, 82300
202100273, 82300
202100274, 82300
202100275, 82300
202100276, 82300
202100277, 82300
202100278, 82300
202100279, 82300
202100280, 82300
202100281, 82300
202100282, 82300
202100283, 82300
202100284, 82300
202100285, 82300
202100286, 82300
202100287, 82300
202100288, 82300
202100289, 82300
202400101, 82400
202400201, 82400
202400202, 82400
202400301, 82400
202400401, 82400
202400402, 82400
202400501, 82400
202400502, 82400
202400503, 82400
202400601, 82400
202400602, 82400
202400603, 82400
202400701, 82400
202400702, 82400
202400703, 82400
202400801, 82400
202400802, 82400
202400803, 82400
202400901, 82400
202400902, 82400
202400903, 82400
202401001, 82400
202401002, 82400
202401003, 82400
202401101, 82400
202401102, 82400
202401103, 82400
202401201, 82400
202401202, 82400
202401203, 82400
202401301, 82400
202401302, 82400
202401303, 82400
202401401, 82400
202401402, 82400
202401403, 82400
202401501, 82400
202401502, 82400
202401503, 82400
202401601, 82400
202401602, 82400
202401603, 82400
202401701, 82400
202401702, 82400
202401703, 82400
202401801, 82400
202401802, 82400
202401803, 82400
202401901, 82400
202401902, 82400
202401903, 82400
202402001, 82400
202402002, 82400
202402003, 82400
202402101, 82400
202402102, 82400
202402103, 82400
202402201, 82400
202402202, 82400
202402203, 82400
202402301, 82400
202402302, 82400
202402303, 82400
202402401, 82400
202402402, 82400
202402403, 82400
202402501, 82400
202402502, 82400
202402503, 82400
202402601, 82400
202402602, 82400
202402603, 82400
202402701, 82400
202402702, 82400
202402703, 82400
202402801, 82400
202402802, 82400
202402803, 82400
202402901, 82400
202402902, 82400
202402903, 82400
202403001, 82400
202403002, 82400
202403003, 82400
202403101, 82400
202403102, 82400
202403103, 82400
202403201, 82400
202403202, 82400
202403203, 82400
202403301, 82400
202403302, 82400
202403303, 82400
202403401, 82400
202403402, 82400
202403403, 82400
202403501, 82400
202403502, 82400
202403503, 82400
202403601, 82400
202403602, 82400
202403603, 82400
202403701, 82400
202403702, 82400
202403703, 82400
202403801, 82400
202403802, 82400
202403803, 82400
202403901, 82400
202403902, 82400
202403903, 82400
202404001, 82400
202404002, 82400
202404003, 82400
202404101, 82400
202404102, 82400
202404103, 82400
202404201, 82400
202404202, 82400
202404203, 82400
202404301, 82400
202404302, 82400
202404303, 82400
202404401, 82400
202404402, 82400
202404403, 82400
202404501, 82400
202404502, 82400
202404503, 82400
202404601, 82400
202404602, 82400
202404603, 82400
202404701, 82400
202404702, 82400
202404703, 82400
202404801, 82400
202404802, 82400
202404803, 82400
202404901, 82400
202404902, 82400
202404903, 82400
202405001, 82400
202405002, 82400
202405003, 82400
202405101, 82400
202405102, 82400
202405103, 82400
202405201, 82400
202405202, 82400
202405203, 82400
202405301, 82400
202405302, 82400
202405303, 82400
202405401, 82400
202405402, 82400
202405403, 82400
202405501, 82400
202405502, 82400
202405503, 82400
202405601, 82400
202405602, 82400
202405603, 82400
202405701, 82400
202405702, 82400
202405703, 82400
202405801, 82400
202405802, 82400
202405803, 82400
202405901, 82400
202405902, 82400
202405903, 82400
202406001, 82400
202406002, 82400
202406003, 82400
202406101, 82400
202406102, 82400
202406103, 82400
202406201, 82400
202406202, 82400
202406203, 82400
202406301, 82400
202406302, 82400
202406303, 82400
202406401, 82400
202406402, 82400
202406403, 82400
202406501, 82400
202406502, 82400
202406503, 82400
202406601, 82400
202406602, 82400
202406603, 82400
202406701, 82400
202406702, 82400
202406703, 82400
202406801, 82400
202406802, 82400
202406803, 82400
202406901, 82400
202406902, 82400
202406903, 82400
202407001, 82400
202407002, 82400
202407003, 82400
202407101, 82400
202407102, 82400
202407103, 82400
202407201, 82400
202407202, 82400
202407203, 82400
202407301, 82400
202407302, 82400
202407303, 82400
202407401, 82400
202407402, 82400
202407403, 82400
202407501, 82400
202407502, 82400
202407503, 82400
202407601, 82400
202407602, 82400
202407603, 82400
202407701, 82400
202407702, 82400
202407703, 82400
202407801, 82400
202407802, 82400
202407803, 82400
202407901, 82400
202407902, 82400
202407903, 82400
202408001, 82400
202408002, 82400
202408003, 82400
202408101, 82400
202408102, 82400
202408103, 82400
202408201, 82400
202408202, 82400
202408203, 82400
202408301, 82400
202408302, 82400
202408303, 82400
202408401, 82400
202408402, 82400
202408403, 82400
202408501, 82400
202408502, 82400
202408503, 82400
202408601, 82400
202408602, 82400
202408603, 82400
202408701, 82400
202408702, 82400
202408703, 82400
202408801, 82400
202408802, 82400
202408803, 82400
202408901, 82400
202408902, 82400
202408903, 82400
202409001, 82400
202409002, 82400
202409003, 82400
202409101, 82400
202409102, 82400
202409103, 82400
202409201, 82400
202409202, 82400
202409203, 82400
202409301, 82400
202409302, 82400
202409303, 82400
202409401, 82400
202409402, 82400
202409403, 82400
202409501, 82400
202409502, 82400
202409503, 82400
202409601, 82400
202409602, 82400
202409603, 82400
202409701, 82400
202409702, 82400
202409703, 82400
202409801, 82400
202409802, 82400
202409803, 82400
202409901, 82400
202409902, 82400
202409903, 82400
202500101, 82500
202500201, 82500
202500202, 82500
202500301, 82500
202500401, 82500
202500402, 82500
202500501, 82500
202500502, 82500
202500503, 82500
202500601, 82500
202500602, 82500
202500603, 82500
202500701, 82500
202500702, 82500
202500703, 82500
202500801, 82500
202500802, 82500
202500803, 82500
202500901, 82500
202500902, 82500
202500903, 82500
202501001, 82500
202501002, 82500
202501003, 82500
202501101, 82500
202501102, 82500
202501103, 82500
202501201, 82500
202501202, 82500
202501203, 82500
202501301, 82500
202501302, 82500
202501303, 82500
202501401, 82500
202501402, 82500
202501403, 82500
202501501, 82500
202501502, 82500
202501503, 82500
202501601, 82500
202501602, 82500
202501603, 82500
202501701, 82500
202501702, 82500
202501703, 82500
202501801, 82500
202501802, 82500
202501803, 82500
202501901, 82500
202501902, 82500
202501903, 82500
202502001, 82500
202502002, 82500
202502003, 82500
202502101, 82500
202502102, 82500
202502103, 82500
202502201, 82500
202502202, 82500
202502203, 82500
202502301, 82500
202502302, 82500
202502303, 82500
202502401, 82500
202502402, 82500
202502403, 82500
202502501, 82500
202502502, 82500
202502503, 82500
202502601, 82500
202502602, 82500
202502603, 82500
202502701, 82500
202502702, 82500
202502703, 82500
202502801, 82500
202502802, 82500
202502803, 82500
202502901, 82500
202502902, 82500
202502903, 82500
202503001, 82500
202503002, 82500
202503003, 82500
202503101, 82500
202503102, 82500
202503103, 82500
202503201, 82500
202503202, 82500
202503203, 82500
202503301, 82500
202503302, 82500
202503303, 82500
202503601, 82500
202503602, 82500
202503603, 82500
202503701, 82500
202503702, 82500
202503703, 82500
202503801, 82500
202503802, 82500
202503803, 82500
202503901, 82500
202503902, 82500
202503903, 82500
202503401, 82500
202503402, 82500
202503403, 82500
202503501, 82500
202503502, 82500
202503503, 82500
202504001, 82500
202504101, 82500
202504201, 82500
202504301, 82500
202504302, 82500
202504303, 82500
202504401, 82500
202504402, 82500
202504403, 82500
202504501, 82500
202504601, 82500
202504602, 82500
202504603, 82500
202504701, 82500
202504702, 82500
202504703, 82500
202504801, 82500
202504802, 82500
202504803, 82500
202504901, 82500
202504902, 82500
202504903, 82500
202505001, 82500
202505002, 82500
202505003, 82500
202505101, 82500
202505102, 82500
202505103, 82500
202505201, 82500
202505202, 82500
202505203, 82500
202600101, 82600
202600201, 82600
202600202, 82600
202600301, 82600
202600401, 82600
202600402, 82600
202600502, 82600
202600503, 82600
202600601, 82600
202600602, 82600
202600603, 82600
202600701, 82600
202600702, 82600
202600703, 82600
202600801, 82600
202600802, 82600
202600803, 82600
202600901, 82600
202600902, 82600
202600903, 82600
202601001, 82600
202601002, 82600
202601003, 82600
202601101, 82600
202601102, 82600
202601103, 82600
202601201, 82600
202601202, 82600
202601203, 82600
202601301, 82600
202601302, 82600
202601303, 82600
202601401, 82600
202601402, 82600
202601403, 82600
202601501, 82600
202601502, 82600
202601503, 82600
202601601, 82600
202601602, 82600
202601603, 82600
202601701, 82600
202601702, 82600
202601703, 82600
202601801, 82600
202601802, 82600
202601803, 82600
202601901, 82600
202601902, 82600
202601903, 82600
202602001, 82600
202602002, 82600
202602003, 82600
202602101, 82600
202602102, 82600
202602103, 82600
202602201, 82600
202602202, 82600
202602203, 82600
202602301, 82600
202602302, 82600
202602303, 82600
202602401, 82600
202602402, 82600
202602403, 82600
202602501, 82600
202602502, 82600
202602503, 82600
202602601, 82600
202602602, 82600
202602603, 82600
202602701, 82600
202602702, 82600
202602703, 82600
202602801, 82600
202602802, 82600
202602803, 82600
202602901, 82600
202602902, 82600
202602903, 82600
202603001, 82600
202603002, 82600
202603003, 82600
202603101, 82600
202603102, 82600
202603103, 82600
202603201, 82600
202603202, 82600
202603203, 82600
202603301, 82600
202603302, 82600
202603303, 82600
202603401, 82600
202603402, 82600
202603403, 82600
202603501, 82600
202603502, 82600
202603503, 82600
202603601, 82600
202603602, 82600
202603603, 82600
202603701, 82600
202603702, 82600
202603703, 82600
202603801, 82600
202603802, 82600
202603803, 82600
202603901, 82600
202603902, 82600
202603903, 82600
202604001, 82600
202604002, 82600
202604003, 82600
202604101, 82600
202604102, 82600
202604103, 82600
202604201, 82600
202604202, 82600
202604203, 82600
202604301, 82600
202604302, 82600
202604303, 82600
202604401, 82600
202604402, 82600
202604403, 82600
202604501, 82600
202604502, 82600
202604503, 82600
202604601, 82600
202604602, 82600
202604603, 82600
202604701, 82600
202604702, 82600
202604703, 82600
202604801, 82600
202604802, 82600
202604803, 82600
202604901, 82600
202604902, 82600
202604903, 82600
202605001, 82600
202605002, 82600
202605003, 82600
202605101, 82600
202605102, 82600
202605103, 82600
202605201, 82600
202605202, 82600
202605203, 82600
202605301, 82600
202605302, 82600
202605303, 82600
202605401, 82600
202605402, 82600
202605403, 82600
202605501, 82600
202605502, 82600
202605503, 82600
202605601, 82600
202605602, 82600
202605603, 82600
202605701, 82600
202605702, 82600
202605703, 82600
202605801, 82600
202605802, 82600
202605803, 82600
202605901, 82600
202605902, 82600
202605903, 82600
202606001, 82600
202606002, 82600
202606003, 82600
202606101, 82600
202606102, 82600
202606103, 82600
202606201, 82600
202606202, 82600
202606203, 82600
202606301, 82600
202606302, 82600
202606303, 82600
202606401, 82600
202606402, 82600
202606403, 82600
202606501, 82600
202606502, 82600
202606503, 82600
202606601, 82600
202606602, 82600
202606603, 82600
202606701, 82600
202606702, 82600
202606703, 82600
202606801, 82600
202606802, 82600
202606803, 82600
202606901, 82600
202606902, 82600
202606903, 82600
202607001, 82600
202607002, 82600
202607003, 82600
202607101, 82600
202607102, 82600
202607103, 82600
202607201, 82600
202607202, 82600
202607301, 82600
202607302, 82600
202700101, 82700
202700201, 82700
202700202, 82700
202700301, 82700
202700401, 82700
202700402, 82700
202700501, 82700
202700502, 82700
202700601, 82700
202700602, 82700
202700701, 82700
202700702, 82700
202700801, 82700
202700802, 82700
202700901, 82700
202700902, 82700
202701001, 82700
202701002, 82700
202701101, 82700
202701102, 82700
202701201, 82700
202701202, 82700
202701301, 82700
202701302, 82700
202701401, 82700
202701402, 82700
202701501, 82700
202701502, 82700
202701503, 82700
202701601, 82700
202701602, 82700
202701603, 82700
202701701, 82700
202701702, 82700
202701703, 82700
202701801, 82700
202701802, 82700
202701803, 82700
202701901, 82700
202701902, 82700
202701903, 82700
202702001, 82700
202702002, 82700
202702003, 82700
202702101, 82700
202702102, 82700
202702103, 82700
202702201, 82700
202702202, 82700
202702203, 82700
202702301, 82700
202702302, 82700
202702303, 82700
202702401, 82700
202702402, 82700
202702403, 82700
202702501, 82700
202702502, 82700
202702503, 82700
202702601, 82700
202702602, 82700
202702603, 82700
202702701, 82700
202702702, 82700
202702703, 82700
202702801, 82700
202702802, 82700
202702803, 82700
202702901, 82700
202702902, 82700
202702903, 82700
202703001, 82700
202703002, 82700
202703003, 82700
202703101, 82700
202703102, 82700
202703103, 82700
202703201, 82700
202703202, 82700
202703203, 82700
202703301, 82700
202703302, 82700
202703303, 82700
202703401, 82700
202703402, 82700
202703403, 82700
202703501, 82700
202703502, 82700
202703503, 82700
202703601, 82700
202703602, 82700
202703603, 82700
202703701, 82700
202703702, 82700
202703703, 82700
202703801, 82700
202703802, 82700
202703803, 82700
202703901, 82700
202703902, 82700
202703903, 82700
202704001, 82700
202704002, 82700
202704003, 82700
202704101, 82700
202704102, 82700
202704103, 82700
202704201, 82700
202704202, 82700
202704203, 82700
202704301, 82700
202704302, 82700
202704303, 82700
202704401, 82700
202704402, 82700
202704403, 82700
202704501, 82700
202704502, 82700
202704503, 82700
202704601, 82700
202704602, 82700
202704603, 82700
202704701, 82700
202704702, 82700
202704703, 82700
202704801, 82700
202704802, 82700
202704803, 82700
202704901, 82700
202704902, 82700
202704903, 82700
202705001, 82700
202705002, 82700
202705003, 82700
202705101, 82700
202705102, 82700
202705103, 82700
202705201, 82700
202705202, 82700
202705203, 82700
202705301, 82700
202705302, 82700
202705303, 82700
202705401, 82700
202705402, 82700
202705403, 82700
202705501, 82700
202705502, 82700
202705503, 82700
202800101, 82800
202800201, 82800
202800202, 82800
202800301, 82800
202800401, 82800
202800402, 82800
202800501, 82800
202800502, 82800
202800601, 82800
202800602, 82800
202800701, 82800
202800702, 82800
202800703, 82800
202800801, 82800
202800802, 82800
202800803, 82800
202800901, 82800
202800902, 82800
202800903, 82800
202801001, 82800
202801002, 82800
202801003, 82800
202801101, 82800
202801102, 82800
202801103, 82800
202801201, 82800
202801202, 82800
202801203, 82800
202801301, 82800
202801302, 82800
202801303, 82800
202801401, 82800
202801402, 82800
202801403, 82800
202801501, 82800
202801502, 82800
202801503, 82800
202801601, 82800
202801602, 82800
202801603, 82800
202801701, 82800
202801702, 82800
202801703, 82800
202801801, 82800
202801802, 82800
202801803, 82800
202801901, 82800
202801902, 82800
202801903, 82800
202802001, 82800
202802002, 82800
202802003, 82800
202802101, 82800
202802102, 82800
202802103, 82800
202802201, 82800
202802202, 82800
202802203, 82800
202802301, 82800
202802302, 82800
202802303, 82800
202802401, 82800
202802402, 82800
202802403, 82800
202802501, 82800
202802502, 82800
202802503, 82800
202802601, 82800
202802602, 82800
202802603, 82800
202802701, 82800
202802702, 82800
202802703, 82800
202802801, 82800
202802802, 82800
202802803, 82800
202802901, 82800
202802902, 82800
202802903, 82800
202803001, 82800
202803002, 82800
202803003, 82800
202803101, 82800
202803102, 82800
202803103, 82800
202803201, 82800
202803202, 82800
202803203, 82800
202803301, 82800
202803302, 82800
202803303, 82800
202803401, 82800
202803402, 82800
202803403, 82800
202803501, 82800
202803502, 82800
202803503, 82800
202803601, 82800
202803602, 82800
202803603, 82800
202803701, 82800
202803702, 82800
202803703, 82800
202803801, 82800
202803802, 82800
202803803, 82800
202803901, 82800
202803902, 82800
202803903, 82800
202804001, 82800
202804002, 82800
202804003, 82800
202804101, 82800
202804102, 82800
202804103, 82800
202804201, 82800
202804202, 82800
202804203, 82800
202804301, 82800
202804302, 82800
202804303, 82800
202804401, 82800
202804402, 82800
202804403, 82800
202804501, 82800
202804502, 82800
202804503, 82800
202804601, 82800
202804602, 82800
202804603, 82800
202804701, 82800
202804702, 82800
202804703, 82800
202804801, 82800
202804802, 82800
202804803, 82800
202804901, 82800
202804902, 82800
202804903, 82800
202805001, 82800
202805002, 82800
202805003, 82800
202805101, 82800
202805102, 82800
202805103, 82800
202805201, 82800
202805202, 82800
202805203, 82800
202805301, 82800
202805302, 82800
202805303, 82800
202805401, 82800
202805402, 82800
202805403, 82800
202805501, 82800
202805502, 82800
202805503, 82800
202805601, 82800
202805602, 82800
202805603, 82800
202805701, 82800
202805702, 82800
202805703, 82800
202805801, 82800
202805802, 82800
202805803, 82800
202805901, 82800
202805902, 82800
202805903, 82800
202806001, 82800
202806002, 82800
202806003, 82800
202806101, 82800
202806102, 82800
202806103, 82800
202806201, 82800
202806202, 82800
202806203, 82800
202806301, 82800
202806302, 82800
202806303, 82800
202806401, 82800
202806402, 82800
202806403, 82800
202806501, 82800
202806502, 82800
202806503, 82800
202806601, 82800
202806602, 82800
202806603, 82800
202806701, 82800
202806702, 82800
202806703, 82800
202806801, 82800
202806802, 82800
202806803, 82800
202806901, 82800
202806902, 82800
202806903, 82800
202807001, 82800
202807002, 82800
202807003, 82800
202807101, 82800
202807102, 82800
202807103, 82800
202807201, 82800
202807202, 82800
202807203, 82800
202807301, 82800
202807302, 82800
202807303, 82800
202807401, 82800
202807402, 82800
202807403, 82800